character_id,character_name,page_slug,player_id,player_main_handle,player_known_by,player_link_confidence,player_link_evidence_id,derived_race,derived_subrace,derived_faction,derived_faction_confidence,derived_base_class,derived_who_class_group,derived_class_title,derived_class_confidence,derived_class_skill_notes,derived_class_level_restriction_notes,derived_class_race_restriction_notes,derived_class_alignment_restriction_notes,derived_gender,derived_gender_confidence,derived_immortal_rank,derived_immortal_code,derived_immortal_role,immortal_list_status,immortal_list_category,is_maiar_muddler,honorary_immortal,immortal_list_source_id,immortal_list_source_name,immortal_list_source_date_context,immortal_list_evidence_id,immortal_list_review_status,immortal_list_notes,classification_status,has_whois_display,has_colour_whois,whois_display_html_path,whois_display_text_path,whois_capture_id,whois_capture_quality,mention_count,mention_high_confidence_count,mention_matched_known_count,mention_type_summary,mention_preview,has_ascii_art,ascii_art_count,best_ascii_art_score,group_candidate_count,group_candidate_confidence_summary,classification_review_needed,page_review_needed
char_aalio,Aalio,aalio,player_0003,Burb,Burb,medium,evidence_player_group_0003,Hobbit,Fallohide,Free Peoples,medium,General,General,Hero,medium,,,,,,,,,,,,,,,,,,,,classified,no,no,,,,,0,0,0,,,no,0,,0,,no,no
char_aalok,Aalok,aalok,player_0092,Basha,Basha,medium,evidence_player_group_0092,,,,,,,,,,,,,,,,,,,,,,,,,,,,no_whois_classification,no,no,,,,,0,0,0,,,no,0,,0,,yes,yes
char_aaz,Aaz,aaz,player_0200,Helga,Helga [Aleks],medium,evidence_player_group_0200,Orc,Tarkhnarb,Minions of Sauron,high,General,General,Champion,medium,,,,,,,,,,,,,,,,,,,,classified,no,no,,,,,0,0,0,,,no,0,,0,,no,no
char_abraxas,Abraxas,abraxas,player_0106,Rael,Rael [Dario],medium,evidence_player_group_0106,Dwarf,,Free Peoples,medium,,,,,,,,,,,,,,,,,,,,,,,,race_only,no,no,,,,,0,0,0,,,no,0,,0,,no,no
char_acheron,Acheron,acheron,player_0058,Steele,Steele [Dan],medium,evidence_player_group_0058,Elf,Sindarin,Free Peoples,medium,General,General,Champion,medium,,,,,,,,,,,,,,,,,,,,classified,no,no,,,,,0,0,0,,,no,0,,0,,no,no
char_achilles,Achilles,achilles,player_0002,Ajax,Ajax,medium,evidence_player_group_0002,Man,Dúnedain,Free Peoples,medium,General,General,Hero,medium,,,,,,,,,,,,,,,,,,,,classified,no,no,,,,,0,0,0,,,no,0,,0,,no,no
char_adama,Adama,adama,player_0185,Buggar,Buggar [Adam],medium,evidence_player_group_0185,,,,,,,,,,,,,,,,,,,,,,,,,,,,no_whois_classification,no,no,,,,,0,0,0,,,no,0,,0,,yes,yes
char_adanedhel,Adanedhel,adanedhel,player_0038,Sabadon,Sabadon,medium,evidence_player_group_0038,Man,,Free Peoples,medium,,,,,,,,,,,,,,,,,,,,,,,,race_only,no,no,,,,,0,0,0,,,no,0,,0,,no,no
char_adorable,Adorable,adorable,player_0063,Ling,Ling,medium,evidence_player_group_0063,,,,,,,,,,,,,,,,,,,,,,,,,,,,no_whois_classification,no,no,,,,,0,0,0,,,no,0,,0,,yes,yes
char_aegon,Aegon,aegon,player_0103,Edvard,Edvard [Aron],medium,evidence_player_group_0103,Man,,Free Peoples,medium,,,,,,,,,,,,,,,,,,,,,,,,race_only,no,no,,,,,0,0,0,,,no,0,,0,,no,no
char_aew,Aew,aew,player_0194,Morfizm,Morfizm [Dmitry],medium,evidence_player_group_0194,Elf,,Free Peoples,medium,,,,,,,,,,,,,,,,,,,,,,,,race_only,no,no,,,,,0,0,0,,,no,0,,0,,no,no
char_agan,Agan,agan,player_0079,Feon,Feon [Johan],medium,evidence_player_group_0079,Orc,Tarkhnarb,Minions of Sauron,high,Cleric,Cleric,Shaman,low,,,,,,,,,,,,,,,,,,,,classified,no,no,,,,,0,0,0,,,no,0,,0,,no,no
char_agannalo,Agannalo,agannalo,player_0131,Feagil,Feagil,medium,evidence_player_group_0131,,,,,,,,,,,,,,,,,,,,,,,,,,,,no_whois_classification,no,no,,,,,0,0,0,,,no,0,,0,,yes,yes
char_agannardu,Agannardu,agannardu,player_0030,Manatark,Manatark [Kaido],medium,evidence_player_group_0030,Man,Black Númenórean,Minions of Sauron,high,,,,,,,,,,,,,,,,,,,,,,,,race_only,no,no,,,,,0,0,0,,,no,0,,0,,no,no
char_agarakhor,Agarakhor,agarakhor,player_0047,Idun,Idun,medium,evidence_player_group_0047,Man,Black Númenórean,Minions of Sauron,high,Magic-user,Magic-user,Warlock,high,,,,,male,medium,,,,,,,,,,,,,,classified,no,no,,,,,0,0,0,,,no,0,,0,,no,no
char_agarde,Agarde,agarde,player_0065,Wryak,Wryak [Tapio],medium,evidence_player_group_0065,,,,,,,,,,,,,,,,,,,,,,,,,,,,no_whois_classification,no,no,,,,,0,0,0,,,no,0,,0,,yes,yes
char_agattax,Agattax,agattax,player_0172,Agattax,Agattax [Robin],medium,evidence_player_group_0172,,,,,,,,,,,,,,,,,,,,,,,,,,,,no_whois_classification,no,no,,,,,0,0,0,,,no,0,,0,,yes,yes
char_agent,Agent,agent,player_0016,Namo,Namo,medium,evidence_player_group_0016,,,,,,,,,,,,,,,,,,,,,,,,,,,,no_whois_classification,no,no,,,,,0,0,0,,,no,0,,0,,yes,yes
char_aglar,Aglar,aglar,player_0095,Haista,Haista,medium,evidence_player_group_0095,Dwarf,,Free Peoples,medium,Warrior,Warrior,Battlemaster,high,,,,,,,,,,,,,,,,,,,,classified,no,no,,,,,0,0,0,,,no,0,,0,,no,no
char_agonor,Agonor,agonor,player_0043,Lehto,Lehto,medium,evidence_player_group_0043,Dwarf,,Free Peoples,medium,Warrior,Warrior,Battlemaster,high,,,,,,,,,,,,,,,,,,,,classified,no,no,,,,,0,0,0,,,no,0,,1,low:1,no,yes
char_aiele,Aiele,aiele,player_0188,Aiele,Aiele [Joel],medium,evidence_player_group_0188,Maia,,Immortals,high,Cartographer,Cartographer,Cartographer,high,,,,,,,Maia,M,Cartographer,retired,Maia,no,no,2026_06_16_retired_immortals,MUME retired immortal list,List current as of 2026-06-16,immortal_2026_06_16_retired_immortals_aiele_204_listed_retired_immortal,candidate,Copied by Lewis. Includes Boardreaders and honorary True Legend entry for Norsu.,immortal,no,no,,,,,0,0,0,,,no,0,,0,,no,no
char_ainafea,Ainafea,ainafea,player_0158,Ainafea,Ainafea,medium,evidence_player_group_0158,,,,,,,,,,,,,,,,,,,,,,,,,,,,no_whois_classification,no,no,,,,,0,0,0,,,no,0,,0,,yes,yes
char_ainairos,Ainairos,ainairos,player_0037,Bobbie,Bobbie,medium,evidence_player_group_0037,,,,,,,,,,,,,,,,,,,,,,,,,,,,no_whois_classification,no,no,,,,,0,0,0,,,no,0,,0,,yes,yes
char_ajax,Ajax,ajax,player_0002,Ajax,Ajax,medium,evidence_player_group_0002,Maia,,Immortals,high,,,,,,,,,,,Maia,M,,retired,Boardreader,no,no,2026_06_16_retired_immortals,MUME retired immortal list,List current as of 2026-06-16,immortal_2026_06_16_retired_immortals_ajax_307_listed_retired_immortal,candidate,Copied by Lewis. Includes Boardreaders and honorary True Legend entry for Norsu.,immortal,no,no,,,,,0,0,0,,,no,0,,0,,no,no
char_akhorahil,Akhorahil,akhorahil,player_0036,Atlas,Atlas,medium,evidence_player_group_0036,Man,Black Númenórean,Minions of Sauron,high,Cleric,Cleric,Priest,high,,,,,,,,,,,,,,,,,,,,classified,no,no,,,,,0,0,0,,,no,0,,0,,no,no
char_albundy,AlBundy,albundy,player_0109,Nighthawk,Nighthawk,medium,evidence_player_group_0109,,,,,,,,,,,,,,,,,,,,,,,,,,,,no_whois_classification,no,no,,,,,0,0,0,,,no,0,,0,,yes,yes
char_alantir,Alantir,alantir,player_0051,Alantir,Alantir,medium,evidence_player_group_0051,Maia,,Immortals,high,Wright,Wright,Wright,high,,,,,,,Maia,M,Wright,retired,Maia,no,no,2026_06_16_retired_immortals,MUME retired immortal list,List current as of 2026-06-16,immortal_2026_06_16_retired_immortals_alantir_82_listed_retired_immortal,candidate,Copied by Lewis. Includes Boardreaders and honorary True Legend entry for Norsu.,immortal,yes,yes,data/evidence/whois_display/html/alantir.html,data/evidence/whois_display/text/alantir.txt,mha:alantir:1781576721:9c197c36,high,0,0,0,,,no,0,,0,,no,no
char_alazar,Alazar,alazar,player_0201,Omen,Omen [Alexander],medium,evidence_player_group_0201,Half-Elf,,Free Peoples,medium,Cleric,Cleric,Patriarch,high,,,,,male,high,,,,,,,,,,,,,,classified,no,no,,,,,0,0,0,,,no,0,,0,,no,no
char_alcion,Alcion,alcion,player_0035,Fankil,Fankil [Alexander],medium,evidence_player_group_0035,Elf,Sindarin,Free Peoples,medium,General,General,Adventurer,medium,,,,,,,,,,,,,,,,,,,,classified,no,no,,,,,0,0,0,,,no,0,,0,,no,no
char_alderik,Alderik,alderik,player_0136,Francis,Francis,medium,evidence_player_group_0136,Elf,,Free Peoples,medium,,,,,,,,,,,,,,,,,,,,,,,,race_only,no,no,,,,,0,0,0,,,no,0,,1,low:1,no,yes
char_alf,Alf,alf,player_0006,Chavez,Chavez,medium,evidence_player_group_0006,Half-Elf,,Free Peoples,medium,,,,,,,,,,,,,,,,,,,,,,,,race_only,no,no,,,,,0,0,0,,,no,0,,0,,no,no
char_alfank,Alfank,alfank,player_0081,Vassago,Vassago,medium,evidence_player_group_0081,Dwarf,,Free Peoples,medium,,,,,,,,,,,,,,,,,,,,,,,,race_only,no,no,,,,,0,0,0,,,no,0,,0,,no,no
char_alfo,Alfo,alfo,player_0163,Leave,Leave,medium,evidence_player_group_0163,Elf,,Free Peoples,medium,,,,,,,,,,,,,,,,,,,,,,,,race_only,no,no,,,,,0,0,0,,,no,0,,0,,no,no
char_alfrim,Alfrim,alfrim,player_0044,Perago,Perago,medium,evidence_player_group_0044,Elf,,Free Peoples,medium,,,,,,,,,,,,,,,,,,,,,,,,race_only,no,no,,,,,0,0,0,,,no,0,,0,,no,no
char_algaron,Algaron,algaron,player_0021,Cormac,Cormac,medium,evidence_player_group_0021,Elf,Silvan,Free Peoples,medium,General,General,Hero,medium,,,,,,,,,,,,,,,,,,,,classified,no,no,,,,,0,0,0,,,no,0,,0,,no,no
char_alhadar,Alhadar,alhadar,player_0038,Sabadon,Sabadon,medium,evidence_player_group_0038,Elf,,Free Peoples,medium,,,,,,,,,,,,,,,,,,,,,,,,race_only,no,no,,,,,0,0,0,,,no,0,,0,,no,no
char_ali,Ali,ali,player_0198,Fisben,Fisben [Gleb],medium,evidence_player_group_0198,Dwarf,Firebeard,Free Peoples,medium,Warrior,Warrior,Battlemaster,high,,,,,,,,,,,,,,,,,,,,classified,no,no,,,,,0,0,0,,,no,0,,1,medium:1,no,yes
char_alicia,Alicia,alicia,player_0063,Ling,Ling,medium,evidence_player_group_0063,Dwarf,,Free Peoples,medium,Warrior,Warrior,Weaponsmistress,high,Unknown percent in at least two weapon skills,,,,female,high,,,,,,,,,,,,,,classified,no,no,,,,,0,0,0,,,no,0,,0,,no,no
char_alizee,Alizee,alizee,player_0096,Voile,Voile,medium,evidence_player_group_0096,Elf,Sindarin,Free Peoples,medium,General,General,Adventurer,medium,,,,,,,,,,,,,,,,,,,,classified,no,no,,,,,0,0,0,,,no,0,,0,,no,no
char_alkar,Alkar,alkar,player_0017,Alkar,Alkar,medium,evidence_player_group_0017,Vala,,Immortals,high,Mudller,Mudller,Mudller,high,,,,,,,Vala,V,Mudller,retired,Vala,no,no,2026_06_16_retired_immortals,MUME retired immortal list,List current as of 2026-06-16,immortal_2026_06_16_retired_immortals_alkar_17_listed_retired_immortal,candidate,Copied by Lewis. Includes Boardreaders and honorary True Legend entry for Norsu.,immortal,yes,yes,data/evidence/whois_display/html/alkar.html,data/evidence/whois_display/text/alkar.txt,mha:alkar:1781576772:f1ab9b55,high,0,0,0,,,no,0,,0,,no,no
char_almarian,Almarian,almarian,,,,,,Maia,,Immortals,high,Shaper,Shaper,Shaper,high,,,,,,,Maia,M,Shaper,current,Maia,no,no,2026_06_16_current_immortals,MUME current immortal list,List current as of 2026-06-16,immortal_2026_06_16_current_immortals_almarian_17_listed_current_immortal,candidate,Copied by Lewis. (+m) means the immortal is also a Maiar Muddler / muddle code contributor.,immortal,no,no,,,,,0,0,0,,,no,0,,0,,no,no
char_alvedon,Alvedon,alvedon,player_0010,Zaber,Zaber,medium,evidence_player_group_0010,Elf,Sindarin,Free Peoples,medium,Magic-user,Magic-user,Witch,high,,,,,female,high,,,,,,,,,,,,,,classified,no,no,,,,,0,0,0,,,no,0,,0,,no,no
char_alweon,Alweon,alweon,player_0026,Alweon,Alweon,medium,evidence_player_group_0026,Elf,Noldorin,Free Peoples,medium,Magic-user,Magic-user,Sage,high,,,,,,,,,,,,,,,,,,,,classified,no,no,,,,,0,0,0,,,no,0,,0,,no,no
char_amandil,Amandil,amandil,player_0060,Amandil,Amandil,medium,evidence_player_group_0060,Vala,,Immortals,high,Architect,Architect,Architect,high,,,,,,,Vala,V,Architect,retired,Vala,no,no,2026_06_16_retired_immortals,MUME retired immortal list,List current as of 2026-06-16,immortal_2026_06_16_retired_immortals_amandil_41_listed_retired_immortal,candidate,Copied by Lewis. Includes Boardreaders and honorary True Legend entry for Norsu.,immortal,yes,yes,data/evidence/whois_display/html/amandil.html,data/evidence/whois_display/text/amandil.txt,mha:amandil:1781576804:4f4a0569,high,0,0,0,,,no,0,,0,,no,no
char_amantest,Amantest,amantest,player_0060,Amandil,Amandil,medium,evidence_player_group_0060,,,,,,,,,,,,,,,,,,,,,,,,,,,,no_whois_classification,no,no,,,,,0,0,0,,,no,0,,0,,yes,yes
char_amarant,Amarant,amarant,player_0126,Deris,Deris,medium,evidence_player_group_0126,Half-Elf,,Free Peoples,medium,General,General,Champion,medium,,,,,,,,,,,,,,,,,,,,classified,no,no,,,,,0,0,0,,,no,0,,0,,no,no
char_amarie,Amarie,amarie,player_0046,Filibert,Filibert,medium,evidence_player_group_0046,Elf,,Free Peoples,medium,,,,,,,,,,,,,,,,,,,,,,,,race_only,no,no,,,,,0,0,0,,,no,0,,0,,no,no
char_ambolt,Ambolt,ambolt,player_0054,Deor,Deor,medium,evidence_player_group_0054,Dwarf,,Free Peoples,medium,,,,,,,,,,,,,,,,,,,,,,,,race_only,no,no,,,,,0,0,0,,,no,0,,1,low:1,no,yes
char_amdir,Amdir,amdir,player_0058,Steele,Steele [Dan],medium,evidence_player_group_0058,Elf,Sindarin,Free Peoples,medium,Thief,Thief,Hunter,medium,,,,,,,,,,,,,,,,,,,,classified,no,no,,,,,0,0,0,,,no,0,,0,,no,no
char_amelia,Amelia,amelia,player_0139,Naga,Naga,medium,evidence_player_group_0139,Elf,Noldorin,Free Peoples,medium,Cleric,Cleric,Mistress of Healing,high,,,,,female,high,,,,,,,,,,,,,,classified,no,no,,,,,0,0,0,,,no,0,,0,,no,no
char_anaconda,Anaconda,anaconda,player_0103,Edvard,Edvard [Aron],medium,evidence_player_group_0103,Orc,,Minions of Sauron,high,,,,,,,,,,,,,,,,,,,,,,,,race_only,no,no,,,,,0,0,0,,,no,0,,0,,no,no
char_anardil,Anardil,anardil,player_0188,Aiele,Aiele [Joel],medium,evidence_player_group_0188,Man,Dúnedain,Free Peoples,medium,Warrior,Warrior,Warden,high,75% Bash,,,,,,,,,,,,,,,,,,,classified,no,no,,,,,0,0,0,,,no,0,,1,medium:1,no,yes
char_ancalimon,Ancalimon,ancalimon,player_0014,Gothmog,Gothmog [Petter],medium,evidence_player_group_0014,Man,,Free Peoples,medium,,,,,,,,,,,,,,,,,,,,,,,,race_only,no,no,,,,,0,0,0,,,no,0,,0,,no,no
char_ancra,Ancra,ancra,player_0181,Ancra,Ancra [Harry],medium,evidence_player_group_0181,,,,,,,,,,,,,,,,,,,,,,,,,,,,no_whois_classification,no,no,,,,,0,0,0,,,no,0,,0,,yes,yes
char_andarion,Andarion,andarion,player_0113,Nardhal,Nardhal,medium,evidence_player_group_0113,,,,,,,,,,,,,,,,,,,,,,,,,,,,no_whois_classification,no,no,,,,,0,0,0,,,no,0,,0,,yes,yes
char_andore,Andore,andore,player_0130,Hate,Hate,medium,evidence_player_group_0130,Troll,Cave Troll,Minions of Sauron,high,Warrior,Warrior,Warrior,medium,,,,,,,,,,,,,,,,,,,,classified,no,no,,,,,0,0,0,,,no,0,,0,,no,no
char_andris,Andris,andris,player_0012,Axel,Axel [Axel],medium,evidence_player_group_0012,Dwarf,,Free Peoples,medium,Warrior,Warrior,Battlemaster,high,,,,,,,,,,,,,,,,,,,,classified,no,no,,,,,0,0,0,,,no,0,,0,,no,no
char_anezka,Anezka,anezka,player_0180,Evandaar,Evandaar [Daniel],medium,evidence_player_group_0180,Man,Black Númenórean,Minions of Sauron,high,,,,,,,,,,,,,,,,,,,,,,,,race_only,no,no,,,,,0,0,0,,,no,0,,0,,no,no
char_angrenfea,Angrenfea,angrenfea,player_0174,Angrenfea,Angrenfea [Toivo],medium,evidence_player_group_0174,,,,,,,,,,,,,,,,,,,,,,,,,,,,no_whois_classification,no,no,,,,,0,0,0,,,no,0,,0,,yes,yes
char_anneilbalkassoon,AnneilBalkassoon,anneilbalkassoon,player_0109,Nighthawk,Nighthawk,medium,evidence_player_group_0109,Troll,,Minions of Sauron,high,,,,,,,,,,,,,,,,,,,,,,,,race_only,no,no,,,,,0,0,0,,,no,0,,1,medium:1,no,yes
char_anner,Anner,anner,player_0054,Deor,Deor,medium,evidence_player_group_0054,Orc,,Minions of Sauron,high,,,,,,,,,,,,,,,,,,,,,,,,race_only,no,no,,,,,0,0,0,,,no,0,,0,,no,no
char_annesh,Annesh,annesh,player_0034,Nazgum,Nazgum,medium,evidence_player_group_0034,,,,,,,,,,,,,,,,,,,,,,,,,,,,no_whois_classification,no,no,,,,,0,0,0,,,no,0,,0,,yes,yes
char_anolad,Anolad,anolad,player_0034,Nazgum,Nazgum,medium,evidence_player_group_0034,Maia,,Immortals,high,Cartographer,Cartographer,Cartographer,high,,,,,,,Maia,M,Cartographer,current,Maia,no,no,2026_06_16_current_immortals,MUME current immortal list,List current as of 2026-06-16,immortal_2026_06_16_current_immortals_anolad_56_listed_current_immortal,candidate,Copied by Lewis. (+m) means the immortal is also a Maiar Muddler / muddle code contributor.,immortal,no,no,,,,,0,0,0,,,no,0,,0,,no,no
char_anselmo,Anselmo,anselmo,player_0038,Sabadon,Sabadon,medium,evidence_player_group_0038,Troll,,Minions of Sauron,high,,,,,,,,,,,,,,,,,,,,,,,,race_only,no,no,,,,,0,0,0,,,no,0,,0,,no,no
char_antar,Antar,antar,player_0057,Kenzu,Kenzu,medium,evidence_player_group_0057,Man,Beorning,Free Peoples,medium,General,General,Hero,medium,,,,,,,,,,,,,,,,,,,,classified,no,no,,,,,1,0,0,quoted_speaker:1,Griand,no,0,,0,,no,yes
char_anton,Anton,anton,player_0208,Anton,Anton [Anton],medium,evidence_player_group_0208,Elf,Silvan,Free Peoples,medium,Magic-user,Magic-user,Wizard,high,,,,,,,,,,,,,,,,,,,,classified,no,no,,,,,0,0,0,,,no,0,,1,medium:1,no,yes
char_aragil,Aragil,aragil,player_0034,Nazgum,Nazgum,medium,evidence_player_group_0034,Half-Elf,,Free Peoples,medium,,,,,,,,,,,,,,,,,,,,,,,,race_only,no,no,,,,,0,0,0,,,no,0,,0,,no,no
char_araglas,Araglas,araglas,player_0008,Fingeror,Fingeror [Jocke],medium,evidence_player_group_0008,Man,,Free Peoples,medium,,,,,,,,,,,,,,,,,,,,,,,,race_only,no,no,,,,,0,0,0,,,no,0,,1,low:1,no,yes
char_arakon,Arakon,arakon,player_0133,Jerpa,Jerpa,medium,evidence_player_group_0133,Man,Beorning,Free Peoples,medium,General,General,Hero,medium,,,,,,,,,,,,,,,,,,,,classified,no,no,,,,,0,0,0,,,no,0,,0,,no,no
char_aram,Aram,aram,player_0111,Aram,Aram,medium,evidence_player_group_0111,Man,Eriadorian,Free Peoples,medium,General,General,Hero,medium,,,,,,,,,,,,,,,,,,,,classified,no,no,,,,,0,0,0,,,no,0,,0,,no,no
char_aranka,Aranka,aranka,player_0020,Bubla,Bubla,medium,evidence_player_group_0020,Dwarf,,Free Peoples,medium,,,,,,,,,,,,,,,,,,,,,,,,race_only,no,no,,,,,0,0,0,,,no,0,,0,,no,no
char_ardent,Ardent,ardent,player_0057,Kenzu,Kenzu,medium,evidence_player_group_0057,Dwarf,,Free Peoples,medium,Cleric,Cleric,Patriarch,high,,,,,male,high,,,,,,,,,,,,,,classified,no,no,,,,,0,0,0,,,no,0,,1,low:1,no,yes
char_arelia,Arelia,arelia,player_0186,Hanr,Hanr,medium,evidence_player_group_0186,Elf,Sindarin,Free Peoples,medium,Magic-user,Magic-user,Witch,high,,,,,female,high,,,,,,,,,,,,,,classified,no,no,,,,,0,0,0,,,no,0,,0,,no,no
char_ares,Ares,ares,player_0107,Ares,Ares,medium,evidence_player_group_0107,Maia,,Immortals,high,,,,,,,,,,,Maia,M,,retired,Boardreader,no,no,2026_06_16_retired_immortals,MUME retired immortal list,List current as of 2026-06-16,immortal_2026_06_16_retired_immortals_ares_324_listed_retired_immortal,candidate,Copied by Lewis. Includes Boardreaders and honorary True Legend entry for Norsu.,immortal,yes,yes,data/evidence/whois_display/html/ares.html,data/evidence/whois_display/text/ares.txt,mha:ares:1781577605:31011c1c,high,0,0,0,,,no,0,,0,,no,no
char_arglebargle,Arglebargle,arglebargle,player_0058,Steele,Steele [Dan],medium,evidence_player_group_0058,Orc,Tarkhnarb,Minions of Sauron,high,Cleric,Cleric,Shaman,low,,,,,,,,,,,,,,,,,,,,classified,no,no,,,,,0,0,0,,,no,0,,0,,no,no
char_arhar,Arhar,arhar,player_0193,Ariala,Ariala [Sandman],medium,evidence_player_group_0193,Elf,Noldorin,Free Peoples,medium,General,General,Hero,medium,,,,,,,,,,,,,,,,,,,,classified,no,no,,,,,0,0,0,,,no,0,,0,,no,no
char_ariakan,Ariakan,ariakan,player_0111,Aram,Aram,medium,evidence_player_group_0111,,,,,,,,,,,,,,,,,,,,,,,,,,,,no_whois_classification,no,no,,,,,0,0,0,,,no,0,,0,,yes,yes
char_ariala,Ariala,ariala,player_0193,Ariala,Ariala [Sandman],medium,evidence_player_group_0193,,,,,,,,,,,,,,,,,,,,,,,,,,,,no_whois_classification,no,no,,,,,0,0,0,,,no,0,,0,,yes,yes
char_aris,Aris,aris,player_0091,Aris,Aris,medium,evidence_player_group_0091,Maia,,Immortals,high,,,,,,,,,,,Maia,M,,retired,Boardreader,no,no,2026_06_16_retired_immortals,MUME retired immortal list,List current as of 2026-06-16,immortal_2026_06_16_retired_immortals_aris_328_listed_retired_immortal,candidate,Copied by Lewis. Includes Boardreaders and honorary True Legend entry for Norsu.,immortal,yes,yes,data/evidence/whois_display/html/aris.html,data/evidence/whois_display/text/aris.txt,mha:aris:1781577697:37c0d9f6,high,0,0,0,,,no,0,,0,,no,no
char_arkady,Arkady,arkady,player_0120,Nerf,Nerf,medium,evidence_player_group_0120,,,,,,,,,,,,,,,,,,,,,,,,,,,,no_whois_classification,no,no,,,,,0,0,0,,,no,0,,0,,yes,yes
char_arkine,Arkine,arkine,player_0138,Lochdale,Lochdale [Donal],medium,evidence_player_group_0138,Orc,Tarkhnarb,Minions of Sauron,high,Warrior,Warrior,Soldier,high,,,,,,,,,,,,,,,,,,,,classified,no,no,,,,,0,0,0,,,no,0,,0,,no,no
char_arla,Arla,arla,player_0171,Lurken,Lurken [Simon],medium,evidence_player_group_0171,Vala,,Immortals,high,Mudller,Mudller,Mudller,high,,,,,,,Vala,V,Mudller,retired,Vala,no,no,2026_06_16_retired_immortals,MUME retired immortal list,List current as of 2026-06-16,immortal_2026_06_16_retired_immortals_arla_20_listed_retired_immortal,candidate,Copied by Lewis. Includes Boardreaders and honorary True Legend entry for Norsu.,immortal,yes,yes,data/evidence/whois_display/html/arla.html,data/evidence/whois_display/text/arla.txt,mha:arla:1781577714:ac7ac87a,high,0,0,0,,,no,0,,0,,no,no
char_arn,Arn,arn,player_0109,Nighthawk,Nighthawk,medium,evidence_player_group_0109,Man,Eriadorian,Free Peoples,medium,Warrior,Warrior,Soldier,high,,,,,,,,,,,,,,,,,,,,classified,no,no,,,,,0,0,0,,,no,0,,0,,no,no
char_arnoc,Arnoc,arnoc,player_0175,Vaab,Vaab [Joey],medium,evidence_player_group_0175,,,,,,,,,,,,,,,,,,,,,,,,,,,,no_whois_classification,no,no,,,,,0,0,0,,,no,0,,0,,yes,yes
char_aros,Aros,aros,player_0066,Tram,Tram,medium,evidence_player_group_0066,,,,,,,,,,,,,,,,,,,,,,,,,,,,no_whois_classification,no,no,,,,,0,0,0,,,no,0,,0,,yes,yes
char_arte,Arte,arte,player_0013,Farin,Farin,medium,evidence_player_group_0013,Man,Eriadorian,Free Peoples,medium,Warrior,Warrior,Battlemaster,high,,,,,,,,,,,,,,,,,,,,classified,no,no,,,,,0,0,0,,,no,0,,0,,no,no
char_artigor,Artigor,artigor,player_0130,Hate,Hate,medium,evidence_player_group_0130,,,,,,,,,,,,,,,,,,,,,,,,,,,,no_whois_classification,no,no,,,,,0,0,0,,,no,0,,0,,yes,yes
char_asanda,Asanda,asanda,player_0172,Agattax,Agattax [Robin],medium,evidence_player_group_0172,,,,,,,,,,,,,,,,,,,,,,,,,,,,no_whois_classification,no,no,,,,,0,0,0,,,no,0,,0,,yes,yes
char_aschit,Aschit,aschit,player_0056,Aschit,Aschit,medium,evidence_player_group_0056,Man,Rohirrim,Free Peoples,medium,Thief,Thief,Hunter,medium,,,,,,,,,,,,,,,,,,,,classified,no,no,,,,,0,0,0,,,no,0,,0,,no,no
char_aseff,Aseff,aseff,player_0150,Aseff,Aseff,medium,evidence_player_group_0150,,,,,,,,,,,,,,,,,,,,,,,,,,,,no_whois_classification,no,no,,,,,0,0,0,,,no,0,,0,,yes,yes
char_ashmash,Ashmash,ashmash,player_0136,Francis,Francis,medium,evidence_player_group_0136,Orc,Tarkhnarb,Minions of Sauron,high,General,General,Champion,medium,,,,,,,,,,,,,,,,,,,,classified,no,no,,,,,0,0,0,,,no,0,,0,,no,no
char_asmandeus,Asmandeus,asmandeus,player_0099,Asmandeus,Asmandeus,medium,evidence_player_group_0099,Elf,,Free Peoples,medium,,,,,,,,,,,,,,,,,,,,,,,,race_only,no,no,,,,,0,0,0,,,no,0,,1,medium:1,no,yes
char_assa,Assa,assa,player_0095,Haista,Haista,medium,evidence_player_group_0095,,,,,,,,,,,,,,,,,,,,,,,,,,,,no_whois_classification,no,no,,,,,0,0,0,,,no,0,,0,,yes,yes
char_astar,Astar,astar,player_0192,Moonshade,Moonshade [Alex],medium,evidence_player_group_0192,,,,,,,,,,,,,,,,,,,,,,,,,,,,no_whois_classification,no,no,,,,,0,0,0,,,no,0,,0,,yes,yes
char_athela,Athela,athela,player_0165,Athela,Athela,medium,evidence_player_group_0165,Elf,Silvan,Free Peoples,medium,General,General,Ranger,medium,High Track; exact requirement uncertain and probably not 100%+,,,,,,,,,,,,,,,,,,,classified,no,no,,,,,0,0,0,,,no,0,,1,medium:1,no,yes
char_atlas,Atlas,atlas,player_0036,Atlas,Atlas,medium,evidence_player_group_0036,Maia,,Immortals,high,Cartographer,Cartographer,Cartographer,high,,,,,,,Maia,M,Cartographer,retired,Maia,no,no,2026_06_16_retired_immortals,MUME retired immortal list,List current as of 2026-06-16,immortal_2026_06_16_retired_immortals_atlas_210_listed_retired_immortal,candidate,Copied by Lewis. Includes Boardreaders and honorary True Legend entry for Norsu.,immortal,yes,yes,data/evidence/whois_display/html/atlas.html,data/evidence/whois_display/text/atlas.txt,mha:atlas:1781577744:f4804cd0,high,0,0,0,,,no,0,,0,,no,no
char_audi,Audi,audi,player_0219,Risca,Risca,medium,evidence_player_group_0219,,,,,,,,,,,,,,,,,,,,,,,,,,,,no_whois_classification,no,no,,,,,0,0,0,,,no,0,,0,,yes,yes
char_auriane,Auriane,auriane,player_0062,Auriane,Auriane [Bob],medium,evidence_player_group_0062,Maia,,Immortals,high,,,,,,,,,,,Maia,M,,retired,Boardreader,no,no,2026_06_16_retired_immortals,MUME retired immortal list,List current as of 2026-06-16,immortal_2026_06_16_retired_immortals_auriane_333_listed_retired_immortal,candidate,Copied by Lewis. Includes Boardreaders and honorary True Legend entry for Norsu.,immortal,yes,yes,data/evidence/whois_display/html/auriane.html,data/evidence/whois_display/text/auriane.txt,mha:auriane:1781577755:7746e5d4,high,8,2,2,comma_name_list:8,Sécrêt; Hârikírí; Spínâl; Meteor,no,0,,0,,no,yes
char_ausir,Ausir,ausir,player_0125,Ausir,Ausir,medium,evidence_player_group_0125,Vala,,Immortals,high,Architect,Architect,Architect,high,,,,,,,Vala,V,Architect,retired,Vala,no,no,2026_06_16_retired_immortals,MUME retired immortal list,List current as of 2026-06-16,immortal_2026_06_16_retired_immortals_ausir_43_listed_retired_immortal,candidate,Copied by Lewis. Includes Boardreaders and honorary True Legend entry for Norsu.,immortal,yes,yes,data/evidence/whois_display/html/ausir.html,data/evidence/whois_display/text/ausir.txt,mha:ausir:1781577760:b356b6f1,high,0,0,0,,,no,0,,0,,no,no
char_avenir,Avenir,avenir,player_0214,Avenir,Avenir,medium,evidence_player_group_0214,Man,,Free Peoples,medium,,,,,,,,,,,,,,,,,,,,,,,,race_only,no,no,,,,,0,0,0,,,no,0,,0,,no,no
char_awesome,Awesome,awesome,player_0108,Toe,Toe,medium,evidence_player_group_0108,Troll,Hill Troll,Minions of Sauron,high,Warrior,Warrior,Warrior,medium,,,,,,,,,,,,,,,,,,,,classified,no,no,,,,,0,0,0,,,yes,1,30.0,0,,no,no
char_axel,Axel,axel,player_0012,Axel,Axel [Axel],medium,evidence_player_group_0012,Vala,,Immortals,high,Mudller,Mudller,Mudller,high,,,,,,,Vala,V,Mudller,retired,Vala,no,no,2026_06_16_retired_immortals,MUME retired immortal list,List current as of 2026-06-16,immortal_2026_06_16_retired_immortals_axel_22_listed_retired_immortal,candidate,Copied by Lewis. Includes Boardreaders and honorary True Legend entry for Norsu.,immortal,yes,yes,data/evidence/whois_display/html/axel.html,data/evidence/whois_display/text/axel.txt,mha:axel:1781577788:fb0702ee,high,0,0,0,,,no,0,,0,,no,no
char_azalyn,Azalyn,azalyn,player_0139,Naga,Naga,medium,evidence_player_group_0139,Elf,Noldorin,Free Peoples,medium,Magic-user,Magic-user,Scholar,high,,,,,,,,,,,,,,,,,,,,classified,no,no,,,,,0,0,0,,,yes,1,29.0,0,,no,no
char_azazello,Azazello,azazello,player_0195,Porien,Porien [Dmitry],medium,evidence_player_group_0195,Orc,Tarkhnarb,Minions of Sauron,high,General,General,Champion,medium,,,,,,,,,,,,,,,,,,,,classified,no,no,,,,,0,0,0,,,no,0,,0,,no,no
char_azazhel,Azazhel,azazhel,player_0001,Rogon,Rogon,medium,evidence_player_group_0001,Orc,Tarkhnarb,Minions of Sauron,high,General,General,Rider,medium,90% Ride,,,,,,,,,,,,,,,,,,,classified,no,no,,,,,0,0,0,,,no,0,,0,,no,no
char_azg,Azg,azg,player_0098,Dragor,Dragor,medium,evidence_player_group_0098,Orc,,Minions of Sauron,high,,,,,,,,,,,,,,,,,,,,,,,,race_only,no,no,,,,,0,0,0,,,no,0,,0,,no,no
char_azhal,Azhal,azhal,player_0071,Marre,Marre [Martin],medium,evidence_player_group_0071,,,,,,,,,,,,,,,,,,,,,,,,,,,,no_whois_classification,no,no,,,,,0,0,0,,,no,0,,0,,yes,yes
char_azmodan,Azmodan,azmodan,player_0093,Valir,Valir [Raul],medium,evidence_player_group_0093,Orc,Tarkhnarb,Minions of Sauron,high,Warrior,Warrior,Battlemaster,high,,,,,,,,,,,,,,,,,,,,classified,no,no,,,,,0,0,0,,,no,0,,0,,no,no
char_azylic,Azylic,azylic,player_0124,Sloo,Sloo,medium,evidence_player_group_0124,,,,,,,,,,,,,,,,,,,,,,,,,,,,no_whois_classification,no,no,,,,,0,0,0,,,no,0,,0,,yes,yes
char_baalrukh,Baalrukh,baalrukh,player_0128,Bornack,Bornack [Fredrik],medium,evidence_player_group_0128,Orc,Tarkhnarb,Minions of Sauron,high,Warrior,Warrior,Warrior,medium,,,,,,,,,,,,,,,,,,,,classified,no,no,,,,,0,0,0,,,no,0,,0,,no,no
char_babai,Babai,babai,player_0197,Zmej,Zmej [Leha],medium,evidence_player_group_0197,Dwarf,,Free Peoples,medium,,,,,,,,,,,,,,,,,,,,,,,,race_only,no,no,,,,,0,0,0,,,no,0,,0,,no,no
char_backfire,Backfire,backfire,player_0108,Toe,Toe,medium,evidence_player_group_0108,,,,,,,,,,,,,,,,,,,,,,,,,,,,no_whois_classification,no,no,,,,,0,0,0,,,no,0,,0,,yes,yes
char_badur,Badur,badur,player_0201,Omen,Omen [Alexander],medium,evidence_player_group_0201,Dwarf,,Free Peoples,medium,,,,,,,,,,,,,,,,,,,,,,,,race_only,no,no,,,,,0,0,0,,,no,0,,0,,no,no
char_bagger,Bagger,bagger,player_0074,Tardeer,Tardeer [Silverberg],medium,evidence_player_group_0074,Dwarf,,Free Peoples,medium,,,,,,,,,,,,,,,,,,,,,,,,race_only,no,no,,,,,0,0,0,,,no,0,,0,,no,no
char_baghtru,Baghtru,baghtru,player_0119,Zeus,Zeus,medium,evidence_player_group_0119,Orc,,Minions of Sauron,high,Warrior,Warrior,Veteran,high,,,,,,,,,,,,,,,,,,,,classified,no,no,,,,,0,0,0,,,no,0,,0,,no,no
char_bah,Bah,bah,player_0023,Bah,Bah [Jan],medium,evidence_player_group_0023,Orc,,Minions of Sauron,high,,,,,,,,,,,,,,,,,,,,,,,,race_only,no,no,,,,,0,0,0,,,no,0,,0,,no,no
char_bairanax,Bairanax,bairanax,player_0023,Bah,Bah [Jan],medium,evidence_player_group_0023,Maia,,Immortals,high,,,,,,,,,,,Maia,M,,retired,Boardreader,no,no,2026_06_16_retired_immortals,MUME retired immortal list,List current as of 2026-06-16,immortal_2026_06_16_retired_immortals_bairanax_338_listed_retired_immortal,candidate,Copied by Lewis. Includes Boardreaders and honorary True Legend entry for Norsu.,immortal,no,no,,,,,0,0,0,,,no,0,,0,,no,no
char_bajun,Bajun,bajun,player_0220,Strine,Strine,medium,evidence_player_group_0220,Elf,Silvan,Free Peoples,medium,Warrior,Warrior,Mercenary,low,,,,,,,,,,,,,,,,,,,,classified,no,no,,,,,0,0,0,,,no,0,,0,,no,no
char_balder,Balder,balder,player_0121,Merlin,Merlin,medium,evidence_player_group_0121,Hobbit,,Free Peoples,medium,,,,,,,,,,,,,,,,,,,,,,,,race_only,no,no,,,,,0,0,0,,,no,0,,0,,no,no
char_baldwin,Baldwin,baldwin,player_0061,Siroth,Siroth,medium,evidence_player_group_0061,Dwarf,,Free Peoples,medium,,,,,,,,,,,,,,,,,,,,,,,,race_only,no,no,,,,,0,0,0,,,no,0,,0,,no,no
char_baldy,Baldy,baldy,player_0086,Squiffy,Squiffy,medium,evidence_player_group_0086,Man,Black Númenórean,Minions of Sauron,high,Cleric,Cleric,Priest,high,,,,,,,,,,,,,,,,,,,,classified,no,no,,,,,0,0,0,,,no,0,,0,,no,no
char_balin,Balin,balin,player_0008,Fingeror,Fingeror [Jocke],medium,evidence_player_group_0008,Dwarf,,Free Peoples,medium,Warrior,Warrior,Battlemaster,high,,,,,,,,,,,,,,,,,,,,classified,no,no,,,,,0,0,0,,,no,0,,0,,no,no
char_balthazar,Balthazar,balthazar,player_0083,Goretongue,Goretongue [Jeremiah],medium,evidence_player_group_0083,Man,Black Númenórean,Minions of Sauron,high,Magic-user,Magic-user,Wizard,high,,,,,,,,,,,,,,,,,,,,classified,no,no,,,,,0,0,0,,,no,0,,0,,no,no
char_baltimor,Baltimor,baltimor,player_0193,Ariala,Ariala [Sandman],medium,evidence_player_group_0193,,,,,,,,,,,,,,,,,,,,,,,,,,,,no_whois_classification,no,no,,,,,0,0,0,,,no,0,,0,,yes,yes
char_bambi,Bambi,bambi,player_0036,Atlas,Atlas,medium,evidence_player_group_0036,Troll,Hill Troll,Minions of Sauron,high,Warrior,Warrior,Fighter,low,,,,,,,,,,,,,,,,,,,,classified,no,no,,,,,0,0,0,,,no,0,,0,,no,no
char_bamsefar,Bamsefar,bamsefar,player_0103,Edvard,Edvard [Aron],medium,evidence_player_group_0103,,,,,,,,,,,,,,,,,,,,,,,,,,,,no_whois_classification,no,no,,,,,0,0,0,,,no,0,,0,,yes,yes
char_baphomet,Baphomet,baphomet,player_0083,Goretongue,Goretongue [Jeremiah],medium,evidence_player_group_0083,Man,Black Númenórean,Minions of Sauron,high,General,General,Envoy,medium,,,,,,,,,,,,,,,,,,,,classified,no,no,,,,,0,0,0,,,no,0,,0,,no,no
char_baraban,Baraban,baraban,player_0212,Rabarbar,Rabarbar [Mihail],medium,evidence_player_group_0212,,,,,,,,,,,,,,,,,,,,,,,,,,,,no_whois_classification,no,no,,,,,0,0,0,,,no,0,,0,,yes,yes
char_baradul,Baradul,baradul,player_0178,Nagoroth,Nagoroth [Steve],medium,evidence_player_group_0178,Dwarf,,Free Peoples,medium,Warrior,Warrior,Fighter,low,,,,,,,,,,,,,,,,,,,,classified,no,no,,,,,0,0,0,,,no,0,,0,,no,no
char_barak,Barak,barak,player_0003,Burb,Burb,medium,evidence_player_group_0003,Dwarf,,Free Peoples,medium,General,General,Hero,medium,,,,,,,,,,,,,,,,,,,,classified,no,no,,,,,0,0,0,,,no,0,,0,,no,no
char_baresark,Baresark,baresark,player_0004,Wow,Wow,medium,evidence_player_group_0004,Orc,Tarkhnarb,Minions of Sauron,high,Warrior,Warrior,Battlemaster,high,,,,,,,,,,,,,,,,,,,,classified,no,no,,,,,0,0,0,,,no,0,,0,,no,no
char_barlok,Barlok,barlok,player_0038,Sabadon,Sabadon,medium,evidence_player_group_0038,Dwarf,,Free Peoples,medium,,,,,,,,,,,,,,,,,,,,,,,,race_only,no,no,,,,,0,0,0,,,no,0,,0,,no,no
char_barnes,Barnes,barnes,player_0038,Sabadon,Sabadon,medium,evidence_player_group_0038,Man,Beorning,Free Peoples,medium,General,General,Adventurer,medium,,,,,,,,,,,,,,,,,,,,classified,no,no,,,,,0,0,0,,,no,0,,0,,no,no
char_basha,Basha,basha,player_0092,Basha,Basha,medium,evidence_player_group_0092,Troll,Hill Troll,Minions of Sauron,high,Warrior,Warrior,Wrecker,low,,,,,,,,,,,,,,,,,,,,classified,no,no,,,,,0,0,0,,,no,0,,0,,no,no
char_bashy,Bashy,bashy,player_0131,Feagil,Feagil,medium,evidence_player_group_0131,,,,,,,,,,,,,,,,,,,,,,,,,,,,no_whois_classification,no,no,,,,,0,0,0,,,no,0,,0,,yes,yes
char_basta,Basta,basta,player_0074,Tardeer,Tardeer [Silverberg],medium,evidence_player_group_0074,Orc,,Minions of Sauron,high,,,,,,,,,,,,,,,,,,,,,,,,race_only,no,no,,,,,0,0,0,,,no,0,,0,,no,no
char_bastantor,Bastantor,bastantor,player_0110,Fredde,Fredde [Fredde],medium,evidence_player_group_0110,Dwarf,,Free Peoples,medium,,,,,,,,,,,,,,,,,,,,,,,,race_only,no,no,,,,,0,0,0,,,no,0,,0,,no,no
char_bastion,Bastion,bastion,player_0001,Rogon,Rogon,medium,evidence_player_group_0001,Elf,,Free Peoples,medium,,,,,,,,,,,,,,,,,,,,,,,,race_only,no,no,,,,,0,0,0,,,no,0,,0,,no,no
char_batar,Batar,batar,player_0115,Marillion,Marillion,medium,evidence_player_group_0115,,,,,,,,,,,,,,,,,,,,,,,,,,,,no_whois_classification,no,no,,,,,0,0,0,,,no,0,,0,,yes,yes
char_bates,Bates,bates,player_0109,Nighthawk,Nighthawk,medium,evidence_player_group_0109,Orc,Tarkhnarb,Minions of Sauron,high,Cleric,Cleric,Shaman,low,,,,,,,,,,,,,,,,,,,,classified,no,no,,,,,0,0,0,,,no,0,,0,,no,no
char_batpoop,Batpoop,batpoop,player_0222,Mukami,Mukami,medium,evidence_player_group_0222,Troll,Cave Troll,Minions of Sauron,high,Warrior,Warrior,Wrecker,low,,,,,,,,,,,,,,,,,,,,classified,no,no,,,,,0,0,0,,,no,0,,0,,no,no
char_baurk,Baurk,baurk,player_0110,Fredde,Fredde [Fredde],medium,evidence_player_group_0110,Orc,Tarkhnarb,Minions of Sauron,high,General,General,Rider,medium,90% Ride,,,,,,,,,,,,,,,,,,,classified,no,no,,,,,0,0,0,,,no,0,,0,,no,no
char_bearclaw,Bearclaw,bearclaw,player_0177,Bearclaw,Bearclaw,medium,evidence_player_group_0177,,,,,,,,,,,,,,,,,,,,,,,,,,,,no_whois_classification,no,no,,,,,0,0,0,,,no,0,,0,,yes,yes
char_bearnas,Bearnas,bearnas,player_0199,Roman,Roman [Roman],medium,evidence_player_group_0199,Elf,,Free Peoples,medium,,,,,,,,,,,,,,,,,,,,,,,,race_only,no,no,,,,,0,0,0,,,no,0,,0,,no,no
char_beastly,Beastly,beastly,player_0028,Enforcer,Enforcer [Ert],medium,evidence_player_group_0028,Troll,Cave Troll,Minions of Sauron,high,Warrior,Warrior,Fighter,low,,,,,,,,,,,,,,,,,,,,classified,no,no,,,,,0,0,0,,,no,0,,0,,no,no
char_beat,Beat,beat,player_0217,Beat,Beat [Joosep],medium,evidence_player_group_0217,Troll,,Minions of Sauron,high,,,,,,,,,,,,,,,,,,,,,,,,race_only,no,no,,,,,0,0,0,,,no,0,,0,,no,no
char_beleghir,Beleghir,beleghir,player_0150,Aseff,Aseff,medium,evidence_player_group_0150,Dwarf,,Free Peoples,medium,Warrior,Warrior,Battlemaster,high,,,,,,,,,,,,,,,,,,,,classified,no,no,,,,,0,0,0,,,no,0,,0,,no,no
char_belemoth,Belemoth,belemoth,player_0049,Haazheel,Haazheel,medium,evidence_player_group_0049,,,,,,,,,,,,,,,,,,,,,,,,,,,,no_whois_classification,no,no,,,,,0,0,0,,,no,0,,0,,yes,yes
char_belind,Belind,belind,player_0061,Siroth,Siroth,medium,evidence_player_group_0061,,,,,,,,,,,,,,,,,,,,,,,,,,,,no_whois_classification,no,no,,,,,0,0,0,,,no,0,,0,,yes,yes
char_bellows,Bellows,bellows,player_0155,Bellows,Bellows [Matt],medium,evidence_player_group_0155,Dwarf,,Free Peoples,medium,Warrior,Warrior,Warrior,medium,,,,,,,,,,,,,,,,,,,,classified,no,no,,,,,0,0,0,,,no,0,,0,,no,no
char_belrun,Belrun,belrun,player_0199,Roman,Roman [Roman],medium,evidence_player_group_0199,Orc,,Minions of Sauron,high,,,,,,,,,,,,,,,,,,,,,,,,race_only,no,no,,,,,0,0,0,,,no,0,,0,,no,no
char_beltira,Beltira,beltira,player_0176,Beltira,Beltira [Erik],medium,evidence_player_group_0176,Elf,Sindarin,Free Peoples,medium,General,General,Hero,medium,,,,,,,,,,,,,,,,,,,,classified,no,no,,,,,0,0,0,,,no,0,,0,,no,no
char_belzagar,Belzagar,belzagar,player_0030,Manatark,Manatark [Kaido],medium,evidence_player_group_0030,Man,Black Númenórean,Minions of Sauron,high,General,General,Envoy,medium,,,,,,,,,,,,,,,,,,,,classified,no,no,,,,,0,0,0,,,no,0,,0,,no,no
char_belzedin,Belzedin,belzedin,player_0161,Halir,Halir,medium,evidence_player_group_0161,,,,,,,,,,,,,,,,,,,,,,,,,,,,no_whois_classification,no,no,,,,,0,0,0,,,no,0,,0,,yes,yes
char_beogul,Beogul,beogul,player_0134,Chauncey,Chauncey,medium,evidence_player_group_0134,Man,Beorning,Free Peoples,medium,Warrior,Warrior,Warrior,medium,,,,,,,,,,,,,,,,,,,,classified,no,no,,,,,0,0,0,,,no,0,,0,,no,no
char_beorel,Beorel,beorel,player_0159,Beorel,Beorel,medium,evidence_player_group_0159,Man,,Free Peoples,medium,,,,,,,,,,,,,,,,,,,,,,,,race_only,no,no,,,,,0,0,0,,,no,0,,0,,no,no
char_beowulf,Beowulf,beowulf,player_0023,Bah,Bah [Jan],medium,evidence_player_group_0023,Man,,Free Peoples,medium,,,,,,,,,,,,,,,,,,,,,,,,race_only,no,no,,,,,0,0,0,,,no,0,,0,,no,no
char_beremon,Beremon,beremon,player_0074,Tardeer,Tardeer [Silverberg],medium,evidence_player_group_0074,Half-Elf,,Free Peoples,medium,,,,,,,,,,,,,,,,,,,,,,,,race_only,no,no,,,,,0,0,0,,,no,0,,0,,no,no
char_berg,Berg,berg,player_0109,Nighthawk,Nighthawk,medium,evidence_player_group_0109,Man,Black Númenórean,Minions of Sauron,high,General,General,Ranger,medium,High Track; exact requirement uncertain and probably not 100%+,,,,,,,,,,,,,,,,,,,parser_suspect_or_custom_descriptor,no,no,,,,,0,0,0,,,no,0,,1,low:1,yes,yes
char_berin,Berin,berin,player_0021,Cormac,Cormac,medium,evidence_player_group_0021,Elf,Noldorin,Free Peoples,medium,Magic-user,Magic-user,Wizard,high,,,,,,,,,,,,,,,,,,,,classified,no,no,,,,,0,0,0,,,no,0,,0,,no,no
char_berlal,Berlal,berlal,player_0175,Vaab,Vaab [Joey],medium,evidence_player_group_0175,,,,,,,,,,,,,,,,,,,,,,,,,,,,no_whois_classification,no,no,,,,,0,0,0,,,no,0,,0,,yes,yes
char_beruska,Beruska,beruska,player_0021,Cormac,Cormac,medium,evidence_player_group_0021,Dwarf,,Free Peoples,medium,,,,,,,,,,,,,,,,,,,,,,,,race_only,no,no,,,,,0,0,0,,,no,0,,0,,no,no
char_betty,Betty,betty,player_0155,Bellows,Bellows [Matt],medium,evidence_player_group_0155,Man,Beorning,Free Peoples,medium,General,General,Champion,medium,,,,,,,,,,,,,,,,,,,,classified,no,no,,,,,0,0,0,,,yes,1,36.5,0,,no,no
char_bian,Bian,bian,player_0208,Anton,Anton [Anton],medium,evidence_player_group_0208,Hobbit,,Free Peoples,medium,,,,,,,,,,,,,,,,,,,,,,,,race_only,no,no,,,,,0,0,0,,,no,0,,0,,no,no
char_bianca,Bianca,bianca,player_0094,Almarian,Almarian,medium,evidence_player_group_0094,Man,Dúnedain,Free Peoples,medium,General,General,Adventurer,medium,,,,,,,,,,,,,,,,,,,,classified,no,no,,,,,0,0,0,,,no,0,,0,,no,no
char_bianthor,Bianthor,bianthor,player_0028,Enforcer,Enforcer [Ert],medium,evidence_player_group_0028,Man,Rohirrim,Free Peoples,medium,General,General,Hero,medium,,,,,,,,,,,,,,,,,,,,classified,no,no,,,,,0,0,0,,,no,0,,0,,no,no
char_bifur,Bifur,bifur,player_0061,Siroth,Siroth,medium,evidence_player_group_0061,Dwarf,,Free Peoples,medium,General,General,Hero,medium,,,,,,,,,,,,,,,,,,,,classified,no,no,,,,,0,0,0,,,no,0,,0,,no,no
char_bigge,Bigge,bigge,player_0004,Wow,Wow,medium,evidence_player_group_0004,,,,,,,,,,,,,,,,,,,,,,,,,,,,no_whois_classification,no,no,,,,,0,0,0,,,no,0,,0,,yes,yes
char_bigger,Bigger,bigger,player_0076,Bigger,Bigger [Jakob],medium,evidence_player_group_0076,Dwarf,,Free Peoples,medium,,,,,,,,,,,,,,,,,,,,,,,,race_only,no,no,,,,,0,0,0,,,no,0,,0,,no,no
char_bijec,Bijec,bijec,player_0022,Moonparent,Moonparent [David],medium,evidence_player_group_0022,Orc,,Minions of Sauron,high,,,,,,,,,,,,,,,,,,,,,,,,race_only,no,no,,,,,0,0,0,,,no,0,,0,,no,no
char_bimulo,Bimulo,bimulo,player_0162,Hudson,Hudson,medium,evidence_player_group_0162,,,,,,,,,,,,,,,,,,,,,,,,,,,,no_whois_classification,no,no,,,,,0,0,0,,,no,0,,0,,yes,yes
char_bishn_k,Bishn�k,bishn-k,player_0154,Bishn�k,Bishn�k [Eric],medium,evidence_player_group_0154,,,,,,,,,,,,,,,,,,,,,,,,,,,,no_whois_classification,no,no,,,,,0,0,0,,,no,0,,0,,yes,yes
char_bizarre,Bizarre,bizarre,player_0004,Wow,Wow,medium,evidence_player_group_0004,Half-Elf,,Free Peoples,medium,General,General,Heroine,medium,,,,,female,high,,,,,,,,,,,,,,classified,no,no,,,,,0,0,0,,,no,0,,0,,no,no
char_bjorn,Bjorn,bjorn,player_0075,Bjorn,Bjorn [Bjorn],medium,evidence_player_group_0075,Maia,,Immortals,high,Builder,Builder,Builder,high,,,,,,,Maia,M,Builder,current,Maia,no,no,2026_06_16_current_immortals,MUME current immortal list,List current as of 2026-06-16,immortal_2026_06_16_current_immortals_bjorn_50_listed_current_immortal,candidate,Copied by Lewis. (+m) means the immortal is also a Maiar Muddler / muddle code contributor.,immortal,no,no,,,,,0,0,0,,,no,0,,0,,no,no
char_blackfoot,Blackfoot,blackfoot,player_0083,Goretongue,Goretongue [Jeremiah],medium,evidence_player_group_0083,Orc,Tarkhnarb,Minions of Sauron,high,General,General,Rider,medium,90% Ride,,,,,,,,,,,,,,,,,,,classified,no,no,,,,,0,0,0,,,yes,1,26.5,0,,no,no
char_blackthorne,Blackthorne,blackthorne,player_0008,Fingeror,Fingeror [Jocke],medium,evidence_player_group_0008,,,,,,,,,,,,,,,,,,,,,,,,,,,,no_whois_classification,no,no,,,,,0,0,0,,,no,0,,0,,yes,yes
char_blizzard,Blizzard,blizzard,player_0068,Elrik,Elrik,medium,evidence_player_group_0068,Dwarf,,Free Peoples,medium,Magic-user,Magic-user,Scholar,high,,,,,,,,,,,,,,,,,,,,classified,no,no,,,,,0,0,0,,,no,0,,0,,no,no
char_blizzardo,Blizzardo,blizzardo,player_0096,Voile,Voile,medium,evidence_player_group_0096,,,,,,,,,,,,,,,,,,,,,,,,,,,,no_whois_classification,no,no,,,,,0,0,0,,,no,0,,0,,yes,yes
char_blob,Blob,blob,player_0155,Bellows,Bellows [Matt],medium,evidence_player_group_0155,Troll,,Minions of Sauron,high,,,,,,,,,,,,,,,,,,,,,,,,race_only,no,no,,,,,0,0,0,,,no,0,,0,,no,no
char_bloha,Bloha,bloha,player_0200,Helga,Helga [Aleks],medium,evidence_player_group_0200,,,,,,,,,,,,,,,,,,,,,,,,,,,,no_whois_classification,no,no,,,,,0,0,0,,,no,0,,0,,yes,yes
char_bluebell,Bluebell,bluebell,player_0047,Idun,Idun,medium,evidence_player_group_0047,Hobbit,Fallohide,Free Peoples,medium,Warrior,Warrior,Warrior,medium,,,,,,,,,,,,,,,,,,,,classified,no,no,,,,,0,0,0,,,no,0,,0,,no,no
char_blyn,Blyn,blyn,player_0199,Roman,Roman [Roman],medium,evidence_player_group_0199,Elf,,Free Peoples,medium,,,,,,,,,,,,,,,,,,,,,,,,race_only,no,no,,,,,0,0,0,,,no,0,,0,,no,no
char_blysk,Blysk,blysk,player_0089,Lothlori,Lothlori,medium,evidence_player_group_0089,,,,,,,,,,,,,,,,,,,,,,,,,,,,no_whois_classification,no,no,,,,,0,0,0,,,no,0,,0,,yes,yes
char_bobba,Bobba,bobba,player_0037,Bobbie,Bobbie,medium,evidence_player_group_0037,Man,Black Númenórean,Minions of Sauron,high,Magic-user,Magic-user,Magician,low,,,,,,,,,,,,,,,,,,,,classified,no,no,,,,,0,0,0,,,yes,1,17.5,0,,no,no
char_bobbie,Bobbie,bobbie,player_0037,Bobbie,Bobbie,medium,evidence_player_group_0037,Maia,,Immortals,high,,,,,,,,,,,Maia,M,,retired,Boardreader,no,no,2026_06_16_retired_immortals,MUME retired immortal list,List current as of 2026-06-16,immortal_2026_06_16_retired_immortals_bobbie_354_listed_retired_immortal,candidate,Copied by Lewis. Includes Boardreaders and honorary True Legend entry for Norsu.,immortal,yes,yes,data/evidence/whois_display/html/bobbie.html,data/evidence/whois_display/text/bobbie.txt,mha:bobbie:1781578429:ea3821a9,high,0,0,0,,,no,0,,0,,no,no
char_bodhran,Bodhran,bodhran,player_0166,Bodhran,Bodhran,medium,evidence_player_group_0166,Half-Elf,,Free Peoples,medium,,,,,,,,,,,,,,,,,,,,,,,,race_only,no,no,,,,,0,0,0,,,no,0,,0,,no,no
char_bodycast,Bodycast,bodycast,player_0218,Bodycast,Bodycast,medium,evidence_player_group_0218,Troll,Cave Troll,Minions of Sauron,high,Warrior,Warrior,Fighter,low,,,,,,,,,,,,,,,,,,,,classified,no,no,,,,,0,0,0,,,no,0,,0,,no,no
char_bogger,Bogger,bogger,player_0075,Bjorn,Bjorn [Bjorn],medium,evidence_player_group_0075,Dwarf,Broadbeam,Free Peoples,medium,Warrior,Warrior,Fighter,low,,,,,,,,,,,,,,,,,,,,classified,no,no,,,,,6,2,2,quoted_speaker:6,Morgase; Gushkatif; Rogon,no,0,,0,,no,yes
char_bogodur,Bogodur,bogodur,player_0212,Rabarbar,Rabarbar [Mihail],medium,evidence_player_group_0212,,,,,,,,,,,,,,,,,,,,,,,,,,,,no_whois_classification,no,no,,,,,0,0,0,,,no,0,,0,,yes,yes
char_bohemond,Bohemond,bohemond,player_0049,Haazheel,Haazheel,medium,evidence_player_group_0049,,,,,,,,,,,,,,,,,,,,,,,,,,,,no_whois_classification,no,no,,,,,0,0,0,,,no,0,,0,,yes,yes
char_bok,Bok,bok,player_0144,Jones,Jones,medium,evidence_player_group_0144,Dwarf,Firebeard,Free Peoples,medium,General,General,Hero,medium,,,,,,,,,,,,,,,,,,,,classified,no,no,,,,,0,0,0,,,no,0,,0,,no,no
char_bomir,Bomir,bomir,player_0026,Alweon,Alweon,medium,evidence_player_group_0026,Man,Rohirrim,Free Peoples,medium,General,General,Hero,medium,,,,,,,,,,,,,,,,,,,,classified,no,no,,,,,0,0,0,,,no,0,,0,,no,no
char_bonebiter,Bonebiter,bonebiter,player_0022,Moonparent,Moonparent [David],medium,evidence_player_group_0022,Half-Elf,,Free Peoples,medium,,,,,,,,,,,,,,,,,,,,,,,,race_only,no,no,,,,,0,0,0,,,no,0,,0,,no,no
char_boomer,Boomer,boomer,player_0094,Almarian,Almarian,medium,evidence_player_group_0094,Orc,,Minions of Sauron,high,,,,,,,,,,,,,,,,,,,,,,,,race_only,no,no,,,,,0,0,0,,,no,0,,0,,no,no
char_boot,Boot,boot,player_0166,Bodhran,Bodhran,medium,evidence_player_group_0166,Hobbit,Fallohide,Free Peoples,medium,Cleric,Cleric,Priest,high,,,,,,,,,,,,,,,,,,,,classified,no,no,,,,,0,0,0,,,no,0,,0,,no,no
char_bootyho,Bootyho,bootyho,player_0216,Grunge,Grunge,medium,evidence_player_group_0216,Man,Black Númenórean,Minions of Sauron,high,Magic-user,Magic-user,Witch,high,,,,,female,high,,,,,,,,,,,,,,classified,no,no,,,,,0,0,0,,,no,0,,0,,no,no
char_borek,Borek,borek,player_0012,Axel,Axel [Axel],medium,evidence_player_group_0012,,,,,,,,,,,,,,,,,,,,,,,,,,,,no_whois_classification,no,no,,,,,0,0,0,,,no,0,,0,,yes,yes
char_borgash,Borgash,borgash,player_0174,Angrenfea,Angrenfea [Toivo],medium,evidence_player_group_0174,,,,,,,,,,,,,,,,,,,,,,,,,,,,no_whois_classification,no,no,,,,,0,0,0,,,no,0,,0,,yes,yes
char_bornack,Bornack,bornack,player_0128,Bornack,Bornack [Fredrik],medium,evidence_player_group_0128,Man,Eriadorian,Free Peoples,medium,Cleric,Cleric,Patriarch,high,,,,,male,high,,,,,,,,,,,,,,classified,no,no,,,,,0,0,0,,,no,0,,0,,no,no
char_boroda,Boroda,boroda,player_0215,Boroda,Boroda,medium,evidence_player_group_0215,,,,,,,,,,,,,,,,,,,,,,,,,,,,no_whois_classification,no,no,,,,,0,0,0,,,no,0,,0,,yes,yes
char_borodjavka,Borodjavka,borodjavka,player_0196,Zomb,Zomb [Andrjuha],medium,evidence_player_group_0196,Orc,,Minions of Sauron,high,,,,,,,,,,,,,,,,,,,,,,,,race_only,no,no,,,,,0,0,0,,,no,0,,0,,no,no
char_botesia,Botesia,botesia,player_0216,Grunge,Grunge,medium,evidence_player_group_0216,Man,Dúnedain,Free Peoples,medium,Magic-user,Magic-user,Wizard,high,,,,,,,,,,,,,,,,,,,,classified,no,no,,,,,0,0,0,,,no,0,,0,,no,no
char_bounty,Bounty,bounty,player_0087,Bounty,Bounty,medium,evidence_player_group_0087,,,,,,,,,,,,,,,,,,,,,,,,,,,,no_whois_classification,no,no,,,,,0,0,0,,,no,0,,0,,yes,yes
char_braddock,Braddock,braddock,player_0057,Kenzu,Kenzu,medium,evidence_player_group_0057,Orc,Tarkhnarb,Minions of Sauron,high,General,General,Rider,medium,90% Ride,,,,,,,,,,,,,,,,,,,classified,no,no,,,,,0,0,0,,,no,0,,0,,no,no
char_bramba,Bramba,bramba,player_0172,Agattax,Agattax [Robin],medium,evidence_player_group_0172,,,,,,,,,,,,,,,,,,,,,,,,,,,,no_whois_classification,no,no,,,,,0,0,0,,,no,0,,0,,yes,yes
char_brash,Brash,brash,player_0098,Dragor,Dragor,medium,evidence_player_group_0098,Orc,Tarkhnarb,Minions of Sauron,high,Warrior,Warrior,Fighter,low,,,,,,,,,,,,,,,,,,,,classified,no,no,,,,,0,0,0,,,no,0,,0,,no,no
char_brask,Brask,brask,player_0096,Voile,Voile,medium,evidence_player_group_0096,Man,Beorning,Free Peoples,medium,General,General,Adventurer,medium,,,,,,,,,,,,,,,,,,,,classified,no,no,,,,,0,0,0,,,no,0,,0,,no,no
char_breaux,Breaux,breaux,player_0076,Bigger,Bigger [Jakob],medium,evidence_player_group_0076,Orc,,Minions of Sauron,high,,,,,,,,,,,,,,,,,,,,,,,,race_only,no,no,,,,,0,0,0,,,no,0,,0,,no,no
char_britney,Britney,britney,player_0105,Crysania,Crysania,medium,evidence_player_group_0105,Man,,Free Peoples,medium,,,,,,,,,,,,,,,,,,,,,,,,parser_suspect_or_custom_descriptor,no,no,,,,,0,0,0,,,no,0,,0,,yes,yes
char_brog,Brog,brog,player_0034,Nazgum,Nazgum,medium,evidence_player_group_0034,Dwarf,,Free Peoples,medium,Warrior,Warrior,Battlemaster,high,,,,,,,,,,,,,,,,,,,,classified,no,no,,,,,0,0,0,,,no,0,,0,,no,no
char_brogan,Brogan,brogan,player_0092,Basha,Basha,medium,evidence_player_group_0092,Man,Beorning,Free Peoples,medium,General,General,Hero,medium,,,,,,,,,,,,,,,,,,,,classified,no,no,,,,,0,0,0,,,no,0,,0,,no,no
char_bromir,Bromir,bromir,player_0107,Ares,Ares,medium,evidence_player_group_0107,Dwarf,,Free Peoples,medium,,,,,,,,,,,,,,,,,,,,,,,,race_only,no,no,,,,,0,0,0,,,no,0,,0,,no,no
char_broom,Broom,broom,player_0065,Wryak,Wryak [Tapio],medium,evidence_player_group_0065,Troll,Hill Troll,Minions of Sauron,high,Warrior,Warrior,Warrior,medium,,,,,,,,,,,,,,,,,,,,classified,no,no,,,,,0,0,0,,,no,0,,0,,no,no
char_brugan,Brugan,brugan,player_0012,Axel,Axel [Axel],medium,evidence_player_group_0012,,,,,,,,,,,,,,,,,,,,,,,,,,,,no_whois_classification,no,no,,,,,0,0,0,,,no,0,,0,,yes,yes
char_bruise,Bruise,bruise,player_0177,Bearclaw,Bearclaw,medium,evidence_player_group_0177,Orc,,Minions of Sauron,high,,,,,,,,,,,,,,,,,,,,,,,,race_only,no,no,,,,,0,0,0,,,no,0,,0,,no,no
char_brumbur,Brumbur,brumbur,player_0184,Elistan,Elistan,medium,evidence_player_group_0184,Dwarf,,Free Peoples,medium,,,,,,,,,,,,,,,,,,,,,,,,race_only,no,no,,,,,0,0,0,,,no,0,,0,,no,no
char_bruni,Bruni,bruni,player_0186,Hanr,Hanr,medium,evidence_player_group_0186,Dwarf,,Free Peoples,medium,Cleric,Cleric,Patriarch,high,,,,,male,high,,,,,,,,,,,,,,classified,no,no,,,,,0,0,0,,,no,0,,1,medium:1,no,yes
char_brutte,Brutte,brutte,player_0096,Voile,Voile,medium,evidence_player_group_0096,Troll,,Minions of Sauron,high,,,,,,,,,,,,,,,,,,,,,,,,race_only,no,no,,,,,0,0,0,,,no,0,,0,,no,no
char_brutux,Brutux,brutux,player_0217,Beat,Beat [Joosep],medium,evidence_player_group_0217,Troll,Cave Troll,Minions of Sauron,high,Warrior,Warrior,Brute,low,,,,,,,,,,,,,,,,,,,,classified,no,no,,,,,0,0,0,,,no,0,,0,,no,no
char_brynhilde,Brynhilde,brynhilde,player_0002,Ajax,Ajax,medium,evidence_player_group_0002,Dwarf,,Free Peoples,medium,,,,,,,,,,,,,,,,,,,,,,,,race_only,no,no,,,,,0,0,0,,,no,0,,2,low:2,no,yes
char_bubla,Bubla,bubla,player_0020,Bubla,Bubla,medium,evidence_player_group_0020,Maia,,Immortals,high,,,,,,,,,,,Maia,M,,retired,Boardreader,no,no,2026_06_16_retired_immortals,MUME retired immortal list,List current as of 2026-06-16,immortal_2026_06_16_retired_immortals_bubla_362_listed_retired_immortal,candidate,Copied by Lewis. Includes Boardreaders and honorary True Legend entry for Norsu.,immortal,yes,yes,data/evidence/whois_display/html/bubla.html,data/evidence/whois_display/text/bubla.txt,mha:bubla:1781578498:e23ed447,high,0,0,0,,,no,0,,0,,no,no
char_bubu,Bubu,bubu,player_0020,Bubla,Bubla,medium,evidence_player_group_0020,Man,,Free Peoples,medium,,,,,,,,,,,,,,,,,,,,,,,,race_only,no,no,,,,,0,0,0,,,no,0,,0,,no,no
char_buffer,Buffer,buffer,player_0109,Nighthawk,Nighthawk,medium,evidence_player_group_0109,Dwarf,,Free Peoples,medium,Warrior,Warrior,Axemaster,high,100% cleaving weapons,,,,,,,,,,,,,,,,,,,classified,no,no,,,,,0,0,0,,,no,0,,0,,no,no
char_buggar,Buggar,buggar,player_0185,Buggar,Buggar [Adam],medium,evidence_player_group_0185,Dwarf,,Free Peoples,medium,Warrior,Warrior,Fighter,low,,,,,,,,,,,,,,,,,,,,classified,no,no,,,,,0,0,0,,,no,0,,0,,no,no
char_buliwyf,Buliwyf,buliwyf,player_0002,Ajax,Ajax,medium,evidence_player_group_0002,,,,,,,,,,,,,,,,,,,,,,,,,,,,no_whois_classification,no,no,,,,,0,0,0,,,no,0,,0,,yes,yes
char_bulldozer,Bulldozer,bulldozer,player_0088,Bulldozer,Bulldozer,medium,evidence_player_group_0088,Troll,Mountain Troll,Minions of Sauron,high,Warrior,Warrior,Warrior,medium,,,,,,,,,,,,,,,,,,,,classified,no,no,,,,,0,0,0,,,no,0,,1,low:1,no,yes
char_bullebu,Bullebu,bullebu,player_0072,Valamir,Valamir [Ole],medium,evidence_player_group_0072,Elf,,Free Peoples,medium,,,,,,,,,,,,,,,,,,,,,,,,race_only,no,no,,,,,0,0,0,,,no,0,,0,,no,no
char_buller,Buller,buller,player_0079,Feon,Feon [Johan],medium,evidence_player_group_0079,Troll,Mountain Troll,Minions of Sauron,high,Warrior,Warrior,Warrior,medium,,,,,,,,,,,,,,,,,,,,classified,no,no,,,,,0,0,0,,,yes,1,42.0,0,,no,no
char_bum,Bum,bum,player_0020,Bubla,Bubla,medium,evidence_player_group_0020,Dwarf,,Free Peoples,medium,,,,,,,,,,,,,,,,,,,,,,,,race_only,no,no,,,,,0,0,0,,,yes,1,36.5,0,,no,no
char_bumbur,Bumbur,bumbur,player_0047,Idun,Idun,medium,evidence_player_group_0047,Dwarf,,Free Peoples,medium,,,,,,,,,,,,,,,,,,,,,,,,race_only,no,no,,,,,0,0,0,,,no,0,,0,,no,no
char_burb,Burb,burb,player_0003,Burb,Burb,medium,evidence_player_group_0003,Maia,,Immortals,high,,,,,,,,,,,Maia,M,,retired,Boardreader,no,no,2026_06_16_retired_immortals,MUME retired immortal list,List current as of 2026-06-16,immortal_2026_06_16_retired_immortals_burb_364_listed_retired_immortal,candidate,Copied by Lewis. Includes Boardreaders and honorary True Legend entry for Norsu.,immortal,yes,yes,data/evidence/whois_display/html/burb.html,data/evidence/whois_display/text/burb.txt,mha:burb:1781578509:7c122bd2,high,0,0,0,,,no,0,,0,,no,no
char_burghul,Burghul,burghul,player_0047,Idun,Idun,medium,evidence_player_group_0047,Orc,Tarkhnarb,Minions of Sauron,high,Cleric,Cleric,Shaman,low,,,,,,,,,,,,,,,,,,,,classified,no,no,,,,,0,0,0,,,no,0,,0,,no,no
char_burk,Burk,burk,player_0092,Basha,Basha,medium,evidence_player_group_0092,Dwarf,Longbeard,Free Peoples,medium,General,General,Chieftain,medium,90%-100% Leadership,,,,,,,,,,,,,,,,,,,classified,no,no,,,,,0,0,0,,,no,0,,0,,no,no
char_burok,Burok,burok,player_0058,Steele,Steele [Dan],medium,evidence_player_group_0058,,,,,,,,,,,,,,,,,,,,,,,,,,,,no_whois_classification,no,no,,,,,0,0,0,,,no,0,,0,,yes,yes
char_burst,Burst,burst,player_0171,Lurken,Lurken [Simon],medium,evidence_player_group_0171,Man,Eriadorian,Free Peoples,medium,Warrior,Warrior,Bodyguard,high,80% Rescue,,,,,,,,,,,,,,,,,,,classified,no,no,,,,,0,0,0,,,no,0,,1,low:1,no,yes
char_burzum,Burzum,burzum,player_0216,Grunge,Grunge,medium,evidence_player_group_0216,Orc,,Minions of Sauron,high,,,,,,,,,,,,,,,,,,,,,,,,race_only,no,no,,,,,0,0,0,,,no,0,,0,,no,no
char_butrus,Butrus,butrus,player_0069,Pilsner,Pilsner [Jurek],medium,evidence_player_group_0069,Elf,Noldorin,Free Peoples,medium,Magic-user,Magic-user,Wizard,high,,,,,,,,,,,,,,,,,,,,classified,no,no,,,,,0,0,0,,,no,0,,0,,no,no
char_butter,Butter,butter,player_0010,Zaber,Zaber,medium,evidence_player_group_0010,Dwarf,,Free Peoples,medium,Warrior,Warrior,Battlemaster,high,,,,,,,,,,,,,,,,,,,,classified,no,no,,,,,0,0,0,,,no,0,,0,,no,no
char_byleist,Byleist,byleist,player_0038,Sabadon,Sabadon,medium,evidence_player_group_0038,,,,,,,,,,,,,,,,,,,,,,,,,,,,no_whois_classification,no,no,,,,,0,0,0,,,no,0,,0,,yes,yes
char_cagim,Cagim,cagim,player_0070,Heldo,Heldo [Jens],medium,evidence_player_group_0070,,,,,,,,,,,,,,,,,,,,,,,,,,,,no_whois_classification,no,no,,,,,0,0,0,,,no,0,,0,,yes,yes
char_calan,Calan,calan,player_0065,Wryak,Wryak [Tapio],medium,evidence_player_group_0065,Dwarf,,Free Peoples,medium,Warrior,Warrior,Warden,high,75% Bash,,,,,,,,,,,,,,,,,,,classified,no,no,,,,,0,0,0,,,no,0,,0,,no,no
char_caldor,Caldor,caldor,player_0068,Elrik,Elrik,medium,evidence_player_group_0068,,,,,,,,,,,,,,,,,,,,,,,,,,,,no_whois_classification,no,no,,,,,0,0,0,,,no,0,,0,,yes,yes
char_calrandir,Calrandir,calrandir,player_0075,Bjorn,Bjorn [Bjorn],medium,evidence_player_group_0075,Man,Dúnedain,Free Peoples,medium,General,General,Ranger,medium,High Track; exact requirement uncertain and probably not 100%+,,,,,,,,,,,,,,,,,,,classified,no,no,,,,,0,0,0,,,no,0,,1,medium:1,no,yes
char_calvin,Calvin,calvin,player_0046,Filibert,Filibert,medium,evidence_player_group_0046,Man,Beorning,Free Peoples,medium,General,General,Hero,medium,,,,,,,,,,,,,,,,,,,,classified,no,no,,,,,0,0,0,,,no,0,,1,medium:1,no,yes
char_caman,Caman,caman,player_0051,Alantir,Alantir,medium,evidence_player_group_0051,Elf,,Free Peoples,medium,,,,,,,,,,,,,,,,,,,,,,,,race_only,no,no,,,,,0,0,0,,,no,0,,0,,no,no
char_candid,Candid,candid,player_0190,Gray,Gray [Gray],medium,evidence_player_group_0190,Elf,Noldorin,Free Peoples,medium,Thief,Thief,Scout,high,,,,,,,,,,,,,,,,,,,,classified,no,no,,,,,0,0,0,,,no,0,,0,,no,no
char_cano,Cano,cano,player_0187,Cano,Cano [Tanel],medium,evidence_player_group_0187,Elf,,Free Peoples,medium,,,,,,,,,,,,,,,,,,,,,,,,race_only,no,no,,,,,0,0,0,,,no,0,,0,,no,no
char_caolin,Caolin,caolin,player_0091,Aris,Aris,medium,evidence_player_group_0091,,,,,,,,,,,,,,,,,,,,,,,,,,,,no_whois_classification,no,no,,,,,0,0,0,,,no,0,,0,,yes,yes
char_capiche,Capiche,capiche,player_0112,Reef,Reef,medium,evidence_player_group_0112,Troll,Mountain Troll,Minions of Sauron,high,Warrior,Warrior,Warrior,medium,,,,,,,,,,,,,,,,,,,,classified,no,no,,,,,0,0,0,,,no,0,,0,,no,no
char_carak,Carak,carak,player_0007,Diamonium,Diamonium,medium,evidence_player_group_0007,Orc,,Minions of Sauron,high,,,,,,,,,,,,,,,,,,,,,,,,race_only,no,no,,,,,0,0,0,,,yes,1,36.0,0,,no,no
char_caress,Caress,caress,player_0003,Burb,Burb,medium,evidence_player_group_0003,Orc,Tarkhnarb,Minions of Sauron,high,General,General,Champion,medium,,,,,,,,,,,,,,,,,,,,classified,no,no,,,,,0,0,0,,,no,0,,0,,no,no
char_carib,Carib,carib,player_0123,Gattling,Gattling,medium,evidence_player_group_0123,Orc,,Minions of Sauron,high,,,,,,,,,,,,,,,,,,,,,,,,race_only,no,no,,,,,0,0,0,,,no,0,,0,,no,no
char_carl,Carl,carl,player_0121,Merlin,Merlin,medium,evidence_player_group_0121,Troll,,Minions of Sauron,high,,,,,,,,,,,,,,,,,,,,,,,,race_only,no,no,,,,,0,0,0,,,yes,1,39.5,0,,no,no
char_carniminimmiel,Carniminimmiel,carniminimmiel,player_0002,Ajax,Ajax,medium,evidence_player_group_0002,,,,,,,,,,,,,,,,,,,,,,,,,,,,no_whois_classification,no,no,,,,,0,0,0,,,no,0,,0,,yes,yes
char_casque,Casque,casque,player_0096,Voile,Voile,medium,evidence_player_group_0096,Man,Black Númenórean,Minions of Sauron,high,Magic-user,Magic-user,Wizard,high,,,,,,,,,,,,,,,,,,,,classified,no,no,,,,,0,0,0,,,no,0,,0,,no,no
char_cavalera,Cavalera,cavalera,player_0038,Sabadon,Sabadon,medium,evidence_player_group_0038,Orc,,Minions of Sauron,high,,,,,,,,,,,,,,,,,,,,,,,,race_only,no,no,,,,,0,0,0,,,no,0,,0,,no,no
char_cele,Cele,cele,player_0091,Aris,Aris,medium,evidence_player_group_0091,Troll,,Minions of Sauron,high,,,,,,,,,,,,,,,,,,,,,,,,race_only,no,no,,,,,0,0,0,,,no,0,,0,,no,no
char_celedon,Celedon,celedon,player_0100,Quillis,Quillis,medium,evidence_player_group_0100,Elf,,Free Peoples,medium,,,,,,,,,,,,,,,,,,,,,,,,race_only,no,no,,,,,0,0,0,,,no,0,,0,,no,no
char_celegrim,Celegrim,celegrim,player_0038,Sabadon,Sabadon,medium,evidence_player_group_0038,,,,,,,,,,,,,,,,,,,,,,,,,,,,no_whois_classification,no,no,,,,,0,0,0,,,no,0,,0,,yes,yes
char_celo,Celo,celo,player_0152,Celo,Celo,medium,evidence_player_group_0152,,,,,,,,,,,,,,,,,,,,,,,,,,,,no_whois_classification,no,no,,,,,0,0,0,,,no,0,,0,,yes,yes
char_celorfilas,Celorfilas,celorfilas,player_0098,Dragor,Dragor,medium,evidence_player_group_0098,Elf,Noldorin,Free Peoples,medium,General,General,Hero,medium,,,,,,,,,,,,,,,,,,,,classified,no,no,,,,,0,0,0,,,no,0,,0,,no,no
char_celt,Celt,celt,player_0175,Vaab,Vaab [Joey],medium,evidence_player_group_0175,,,,,,,,,,,,,,,,,,,,,,,,,,,,no_whois_classification,no,no,,,,,0,0,0,,,no,0,,0,,yes,yes
char_cen,Cen,cen,player_0007,Diamonium,Diamonium,medium,evidence_player_group_0007,Orc,,Minions of Sauron,high,,,,,,,,,,,,,,,,,,,,,,,,race_only,no,no,,,,,0,0,0,,,no,0,,0,,no,no
char_cenedra,Cenedra,cenedra,player_0176,Beltira,Beltira [Erik],medium,evidence_player_group_0176,Hobbit,,Free Peoples,medium,,,,,,,,,,,,,,,,,,,,,,,,race_only,no,no,,,,,0,0,0,,,no,0,,0,,no,no
char_centurion,Centurion,centurion,player_0193,Ariala,Ariala [Sandman],medium,evidence_player_group_0193,Dwarf,,Free Peoples,medium,General,General,Hero,medium,,,,,,,,,,,,,,,,,,,,classified,no,no,,,,,0,0,0,,,no,0,,0,,no,no
char_cerion,Cerion,cerion,player_0187,Cano,Cano [Tanel],medium,evidence_player_group_0187,Elf,,Free Peoples,medium,,,,,,,,,,,,,,,,,,,,,,,,race_only,no,no,,,,,0,0,0,,,no,0,,0,,no,no
char_cerleg,Cerleg,cerleg,player_0202,Cerleg,Cerleg [Alex],medium,evidence_player_group_0202,,,,,,,,,,,,,,,,,,,,,,,,,,,,no_whois_classification,no,no,,,,,0,0,0,,,no,0,,0,,yes,yes
char_cervotoc,Cervotoc,cervotoc,player_0020,Bubla,Bubla,medium,evidence_player_group_0020,,,,,,,,,,,,,,,,,,,,,,,,,,,,no_whois_classification,no,no,,,,,0,0,0,,,no,0,,0,,yes,yes
char_chak,Chak,chak,player_0013,Farin,Farin,medium,evidence_player_group_0013,Orc,Tarkhnarb,Minions of Sauron,high,Warrior,Warrior,Battlemaster,high,,,,,,,,,,,,,,,,,,,,classified,no,no,,,,,0,0,0,,,no,0,,0,,no,no
char_chang,Chang,chang,player_0064,Saeth,Saeth [Wojtek],medium,evidence_player_group_0064,,,,,,,,,,,,,,,,,,,,,,,,,,,,no_whois_classification,no,no,,,,,0,0,0,,,no,0,,0,,yes,yes
char_chauncey,Chauncey,chauncey,player_0134,Chauncey,Chauncey,medium,evidence_player_group_0134,Maia,,Immortals,high,Cartographer,Cartographer,Cartographer,high,,,,,,,Maia,M,Cartographer,retired,Maia,no,no,2026_06_16_retired_immortals,MUME retired immortal list,List current as of 2026-06-16,immortal_2026_06_16_retired_immortals_chauncey_218_listed_retired_immortal,candidate,Copied by Lewis. Includes Boardreaders and honorary True Legend entry for Norsu.,immortal,yes,yes,data/evidence/whois_display/html/chauncey.html,data/evidence/whois_display/text/chauncey.txt,mha:chauncey:1781578624:b4deb352,high,0,0,0,,,no,0,,0,,no,no
char_chavez,Chavez,chavez,player_0006,Chavez,Chavez,medium,evidence_player_group_0006,Maia,,Immortals,high,Cartographer,Cartographer,Cartographer,high,,,,,,,Maia,M,Cartographer,retired,Maia,no,no,2026_06_16_retired_immortals,MUME retired immortal list,List current as of 2026-06-16,immortal_2026_06_16_retired_immortals_chavez_219_listed_retired_immortal,candidate,Copied by Lewis. Includes Boardreaders and honorary True Legend entry for Norsu.,immortal,yes,yes,data/evidence/whois_display/html/chavez.html,data/evidence/whois_display/text/chavez.txt,mha:chavez:1781578630:0e66db6e,high,0,0,0,,,no,0,,0,,no,no
char_chazan,Chazan,chazan,player_0028,Enforcer,Enforcer [Ert],medium,evidence_player_group_0028,Dwarf,Firebeard,Free Peoples,medium,General,General,Hero,medium,,,,,,,,,,,,,,,,,,,,classified,no,no,,,,,0,0,0,,,no,0,,0,,no,no
char_chelios,Chelios,chelios,player_0038,Sabadon,Sabadon,medium,evidence_player_group_0038,Elf,,Free Peoples,medium,,,,,,,,,,,,,,,,,,,,,,,,race_only,no,no,,,,,0,0,0,,,no,0,,0,,no,no
char_chen,Chen,chen,player_0064,Saeth,Saeth [Wojtek],medium,evidence_player_group_0064,Elf,Sindarin,Free Peoples,medium,General,General,Hero,medium,,,,,,,,,,,,,,,,,,,,classified,no,no,,,,,0,0,0,,,no,0,,0,,no,no
char_cherish,Cherish,cherish,player_0094,Almarian,Almarian,medium,evidence_player_group_0094,Orc,,Minions of Sauron,high,,,Snaga,low,,,,,,,,,,,,,,,,,,,,generic_title_no_class,no,no,,,,,0,0,0,,,no,0,,0,,no,no
char_chewer,Chewer,chewer,player_0028,Enforcer,Enforcer [Ert],medium,evidence_player_group_0028,Troll,Cave Troll,Minions of Sauron,high,Warrior,Warrior,Wrecker,low,,,,,,,,,,,,,,,,,,,,classified,no,no,,,,,0,0,0,,,no,0,,0,,no,no
char_chikarhayshi,Chikarhayshi,chikarhayshi,player_0062,Auriane,Auriane [Bob],medium,evidence_player_group_0062,,,,,,,,,,,,,,,,,,,,,,,,,,,,no_whois_classification,no,no,,,,,0,0,0,,,no,0,,0,,yes,yes
char_chogall,Chogall,chogall,player_0036,Atlas,Atlas,medium,evidence_player_group_0036,Orc,Tarkhnarb,Minions of Sauron,high,Cleric,Cleric,Shaman,low,,,,,,,,,,,,,,,,,,,,classified,no,no,,,,,0,0,0,,,no,0,,0,,no,no
char_chudwicki,Chudwicki,chudwicki,player_0138,Lochdale,Lochdale [Donal],medium,evidence_player_group_0138,Orc,,Minions of Sauron,high,,,,,,,,,,,,,,,,,,,,,,,,race_only,no,no,,,,,0,0,0,,,no,0,,0,,no,no
char_cidar,Cidar,cidar,player_0076,Bigger,Bigger [Jakob],medium,evidence_player_group_0076,Elf,,Free Peoples,medium,,,,,,,,,,,,,,,,,,,,,,,,race_only,no,no,,,,,0,0,0,,,no,0,,0,,no,no
char_ciluras,Ciluras,ciluras,player_0083,Goretongue,Goretongue [Jeremiah],medium,evidence_player_group_0083,Orc,Tarkhnarb,Minions of Sauron,high,Warrior,Warrior,Veteran,high,,,,,,,,,,,,,,,,,,,,classified,no,no,,,,,0,0,0,,,no,0,,0,,no,no
char_cilya,Cilya,cilya,player_0065,Wryak,Wryak [Tapio],medium,evidence_player_group_0065,,,,,,,,,,,,,,,,,,,,,,,,,,,,no_whois_classification,no,no,,,,,0,0,0,,,no,0,,0,,yes,yes
char_cinsovinsh,Cinsovinsh,cinsovinsh,player_0087,Bounty,Bounty,medium,evidence_player_group_0087,,,,,,,,,,,,,,,,,,,,,,,,,,,,no_whois_classification,no,no,,,,,0,0,0,,,no,0,,0,,yes,yes
char_ciryatan,Ciryatan,ciryatan,player_0047,Idun,Idun,medium,evidence_player_group_0047,Man,Dúnedain,Free Peoples,medium,Warrior,Warrior,Warrior,medium,,,,,,,,,,,,,,,,,,,,classified,no,no,,,,,0,0,0,,,no,0,,0,,no,no
char_clangedin,Clangedin,clangedin,player_0119,Zeus,Zeus,medium,evidence_player_group_0119,Dwarf,,Free Peoples,medium,,,,,,,,,,,,,,,,,,,,,,,,race_only,no,no,,,,,0,0,0,,,no,0,,1,low:1,no,yes
char_clericii,Clericii,clericii,player_0022,Moonparent,Moonparent [David],medium,evidence_player_group_0022,Half-Elf,,Free Peoples,medium,,,,,,,,,,,,,,,,,,,,,,,,race_only,no,no,,,,,0,0,0,,,no,0,,0,,no,no
char_cootafides,Cootafides,cootafides,player_0135,Temegl,Temegl,medium,evidence_player_group_0135,,,,,,,,,,,,,,,,,,,,,,,,,,,,no_whois_classification,no,no,,,,,0,0,0,,,no,0,,0,,yes,yes
char_core,Core,core,,,,,,Orc,Tarkhnarb,Minions of Sauron,high,Warrior,Warrior,Veteran,high,,,,,,,,,,,,,,,,,,,,classified,no,no,,,,,0,0,0,,,no,0,,0,,no,no
char_cormac,Cormac,cormac,player_0021,Cormac,Cormac,medium,evidence_player_group_0021,Maia,,Immortals,high,,,,,,,,,,,Maia,M,,retired,Boardreader,no,no,2026_06_16_retired_immortals,MUME retired immortal list,List current as of 2026-06-16,immortal_2026_06_16_retired_immortals_cormac_383_listed_retired_immortal,candidate,Copied by Lewis. Includes Boardreaders and honorary True Legend entry for Norsu.,immortal,yes,yes,data/evidence/whois_display/html/cormac.html,data/evidence/whois_display/text/cormac.txt,mha:cormac:1781578707:9370a283,high,40,20,20,heading_name_list:22; comma_name_list:18,Fragir; Berin; Algaron; Pivrnec; Rodan; Zirand; Zlababa; Brazoragh; Zloun; Dacan; Dumdum,no,0,,0,,no,yes
char_corvin,Corvin,corvin,player_0190,Gray,Gray [Gray],medium,evidence_player_group_0190,Elf,Silvan,Free Peoples,medium,Thief,Thief,Hunter,medium,,,,,,,,,,,,,,,,,,,,classified,no,no,,,,,0,0,0,,,no,0,,0,,no,no
char_cotc,Cotc,cotc,player_0179,Delfi,Delfi [Per],medium,evidence_player_group_0179,,,,,,,,,,,,,,,,,,,,,,,,,,,,no_whois_classification,no,no,,,,,0,0,0,,,no,0,,0,,yes,yes
char_cruel,Cruel,cruel,player_0103,Edvard,Edvard [Aron],medium,evidence_player_group_0103,Orc,Tarkhnarb,Minions of Sauron,high,General,General,Champion,medium,,,,,,,,,,,,,,,,,,,,classified,no,no,,,,,0,0,0,,,no,0,,0,,no,no
char_cruggo,Cruggo,cruggo,player_0012,Axel,Axel [Axel],medium,evidence_player_group_0012,Troll,Mountain Troll,Minions of Sauron,high,Warrior,Warrior,Warrior,medium,,,,,,,,,,,,,,,,,,,,classified,no,no,,,,,0,0,0,,,no,0,,0,,no,no
char_cryl,Cryl,cryl,player_0166,Bodhran,Bodhran,medium,evidence_player_group_0166,Elf,Sindarin,Free Peoples,medium,Magic-user,Magic-user,Enchanter,low,,,,,male,medium,,,,,,,,,,,,,,classified,no,no,,,,,0,0,0,,,no,0,,0,,no,no
char_crysania,Crysania,crysania,player_0105,Crysania,Crysania,medium,evidence_player_group_0105,Maia,,Immortals,high,,,,,,,,,,,Maia,M,,retired,Boardreader,no,no,2026_06_16_retired_immortals,MUME retired immortal list,List current as of 2026-06-16,immortal_2026_06_16_retired_immortals_crysania_388_listed_retired_immortal,candidate,Copied by Lewis. Includes Boardreaders and honorary True Legend entry for Norsu.,immortal,yes,yes,data/evidence/whois_display/html/crysania.html,data/evidence/whois_display/text/crysania.txt,mha:crysania:1781578751:633c14f2,high,0,0,0,,,no,0,,0,,no,no
char_cufdrup,Cufdrup,cufdrup,player_0216,Grunge,Grunge,medium,evidence_player_group_0216,Orc,,Minions of Sauron,high,,,,,,,,,,,,,,,,,,,,,,,,race_only,no,no,,,,,0,0,0,,,no,0,,0,,no,no
char_cur,Cur,cur,player_0055,Cur,Cur [Vigfus],medium,evidence_player_group_0055,Man,,Free Peoples,medium,,,,,,,,,,,,,,,,,,,,,,,,race_only,no,no,,,,,0,0,0,,,no,0,,0,,no,no
char_curufin,Curufin,curufin,player_0046,Filibert,Filibert,medium,evidence_player_group_0046,Elf,Noldorin,Free Peoples,medium,Thief,Thief,Burglar,low,,,,,,,,,,,,,,,,,,,,classified,no,no,,,,,0,0,0,,,no,0,,0,,no,no
char_curufinwe,Curufinwe,curufinwe,player_0131,Feagil,Feagil,medium,evidence_player_group_0131,Elf,,Free Peoples,medium,,,,,,,,,,,,,,,,,,,,,,,,race_only,no,no,,,,,0,0,0,,,no,0,,0,,no,no
char_cyclaw,Cyclaw,cyclaw,player_0124,Sloo,Sloo,medium,evidence_player_group_0124,,,,,,,,,,,,,,,,,,,,,,,,,,,,no_whois_classification,no,no,,,,,0,0,0,,,no,0,,0,,yes,yes
char_cylas,Cylas,cylas,player_0166,Bodhran,Bodhran,medium,evidence_player_group_0166,Elf,Sindarin,Free Peoples,medium,General,General,Hero,medium,,,,,,,,,,,,,,,,,,,,classified,no,no,,,,,0,0,0,,,no,0,,0,,no,no
char_cymoril,Cymoril,cymoril,player_0165,Athela,Athela,medium,evidence_player_group_0165,Elf,Noldorin,Free Peoples,medium,General,General,Adventurer,medium,,,,,,,,,,,,,,,,,,,,classified,no,no,,,,,0,0,0,,,no,0,,0,,no,no
char_cyrano,Cyrano,cyrano,player_0053,Hoho,Hoho,medium,evidence_player_group_0053,Man,,Free Peoples,medium,,,,,,,,,,,,,,,,,,,,,,,,race_only,no,no,,,,,0,0,0,,,yes,1,32.5,0,,no,no
char_daalil,Daalil,daalil,player_0135,Temegl,Temegl,medium,evidence_player_group_0135,,,,,,,,,,,,,,,,,,,,,,,,,,,,no_whois_classification,no,no,,,,,0,0,0,,,no,0,,0,,yes,yes
char_daddy,Daddy,daddy,player_0053,Hoho,Hoho,medium,evidence_player_group_0053,Troll,,Minions of Sauron,high,,,,,,,,,,,,,,,,,,,,,,,,race_only,no,no,,,,,0,0,0,,,no,0,,0,,no,no
char_daevia,Daevia,daevia,player_0085,Daevia,Daevia,medium,evidence_player_group_0085,,,,,,,,,,,,,,,,,,,,,,,,,,,,no_whois_classification,no,no,,,,,0,0,0,,,no,0,,0,,yes,yes
char_dafur,Dafur,dafur,player_0158,Ainafea,Ainafea,medium,evidence_player_group_0158,Dwarf,,Free Peoples,medium,,,,,,,,,,,,,,,,,,,,,,,,race_only,no,no,,,,,0,0,0,,,no,0,,0,,no,no
char_dakkon,Dakkon,dakkon,player_0046,Filibert,Filibert,medium,evidence_player_group_0046,Dwarf,,Free Peoples,medium,General,General,Hero,medium,,,,,,,,,,,,,,,,,,,,classified,no,no,,,,,0,0,0,,,no,0,,0,,no,no
char_dalamar,Dalamar,dalamar,player_0003,Burb,Burb,medium,evidence_player_group_0003,Man,Black Númenórean,Minions of Sauron,high,,,,,,,,,,,,,,,,,,,,,,,,race_only,no,no,,,,,0,0,0,,,no,0,,0,,no,no
char_dalmorg,Dalmorg,dalmorg,player_0113,Nardhal,Nardhal,medium,evidence_player_group_0113,,,,,,,,,,,,,,,,,,,,,,,,,,,,no_whois_classification,no,no,,,,,0,0,0,,,no,0,,0,,yes,yes
char_danath,Danath,danath,player_0036,Atlas,Atlas,medium,evidence_player_group_0036,Man,Dúnedain,Free Peoples,medium,General,General,Chieftain,medium,90%-100% Leadership,,,,,,,,,,,,,,,,,,,classified,no,no,,,,,0,0,0,,,no,0,,0,,no,no
char_danzig,Danzig,danzig,player_0103,Edvard,Edvard [Aron],medium,evidence_player_group_0103,Dwarf,,Free Peoples,medium,,,,,,,,,,,,,,,,,,,,,,,,race_only,no,no,,,,,0,0,0,,,no,0,,0,,no,no
char_daren,Daren,daren,player_0209,Daren,Daren,medium,evidence_player_group_0209,,,,,,,,,,,,,,,,,,,,,,,,,,,,no_whois_classification,no,no,,,,,0,0,0,,,no,0,,0,,yes,yes
char_darkun,Darkun,darkun,player_0008,Fingeror,Fingeror [Jocke],medium,evidence_player_group_0008,Man,Black Númenórean,Minions of Sauron,high,,,,,,,,,,,,,,,,,,,,,,,,race_only,no,no,,,,,0,0,0,,,no,0,,0,,no,no
char_darkwind,Darkwind,darkwind,player_0070,Heldo,Heldo [Jens],medium,evidence_player_group_0070,,,,,,,,,,,,,,,,,,,,,,,,,,,,no_whois_classification,no,no,,,,,0,0,0,,,no,0,,0,,yes,yes
char_darq,Darq,darq,player_0062,Auriane,Auriane [Bob],medium,evidence_player_group_0062,,,,,,,,,,,,,,,,,,,,,,,,,,,,no_whois_classification,no,no,,,,,0,0,0,,,no,0,,0,,yes,yes
char_david,David,david,player_0067,David,David [David],medium,evidence_player_group_0067,Maia,,Immortals,high,,,,,,,,,,,Maia,M,,retired,Boardreader,no,no,2026_06_16_retired_immortals,MUME retired immortal list,List current as of 2026-06-16,immortal_2026_06_16_retired_immortals_david_400_listed_retired_immortal,candidate,Copied by Lewis. Includes Boardreaders and honorary True Legend entry for Norsu.,immortal,no,no,,,,,8,7,7,comma_name_list:8,Zimar; Zé; Drimdul; Deavon; Trassel; Regin; Rollo; Millen,no,0,,0,,no,yes
char_dax,Dax,dax,player_0079,Feon,Feon [Johan],medium,evidence_player_group_0079,Orc,Tarkhnarb,Minions of Sauron,high,Warrior,Warrior,Veteran,high,,,,,,,,,,,,,,,,,,,,classified,no,no,,,,,0,0,0,,,no,0,,0,,no,no
char_daz,Daz,daz,player_0045,Rza,Rza,medium,evidence_player_group_0045,Dwarf,,Free Peoples,medium,Warrior,Warrior,Battlemaster,high,,,,,,,,,,,,,,,,,,,,classified,no,no,,,,,0,0,0,,,no,0,,0,,no,no
char_dazzle,Dazzle,dazzle,player_0094,Almarian,Almarian,medium,evidence_player_group_0094,Orc,,Minions of Sauron,high,,,,,,,,,,,,,,,,,,,,,,,,race_only,no,no,,,,,0,0,0,,,no,0,,0,,no,no
char_deacon,Deacon,deacon,player_0149,Miser,Miser,medium,evidence_player_group_0149,Orc,Tarkhnarb,Minions of Sauron,high,Cleric,Cleric,Necromancer,high,,,,,,,,,,,,,,,,,,,,classified,no,no,,,,,0,0,0,,,no,0,,0,,no,no
char_death,Death,death,player_0003,Burb,Burb,medium,evidence_player_group_0003,Orc,Tarkhnarb,Minions of Sauron,high,Warrior,Warrior,Weaponsmistress,high,Unknown percent in at least two weapon skills,,,,female,high,,,,,,,,,,,,,,classified,no,no,,,,,0,0,0,,,no,0,,0,,no,no
char_deathwind,Deathwind,deathwind,player_0003,Burb,Burb,medium,evidence_player_group_0003,Man,Black Númenórean,Minions of Sauron,high,,,,,,,,,,,,,,,,,,,,,,,,race_only,no,no,,,,,0,0,0,,,no,0,,0,,no,no
char_deavon,Deavon,deavon,player_0067,David,David [David],medium,evidence_player_group_0067,Elf,,Free Peoples,medium,,,,,,,,,,,,,,,,,,,,,,,,race_only,no,no,,,,,0,0,0,,,no,0,,0,,no,no
char_decoy,Decoy,decoy,player_0024,Decoy,Decoy [Peter],medium,evidence_player_group_0024,Orc,,Minions of Sauron,high,,,,,,,,,,,,,,,,,,,,,,,,race_only,no,no,,,,,0,0,0,,,no,0,,0,,no,no
char_deedoo,Deedoo,deedoo,player_0182,Pumuckl,Pumuckl,medium,evidence_player_group_0182,Elf,,Free Peoples,medium,,,,,,,,,,,,,,,,,,,,,,,,race_only,no,no,,,,,0,0,0,,,no,0,,0,,no,no
char_deemon,Deemon,deemon,player_0048,Draggor,Draggor,medium,evidence_player_group_0048,Troll,Hill Troll,Minions of Sauron,high,,,Softskin,low,,,,,,,,,,,,,,,,,,,,generic_title_no_class,no,no,,,,,0,0,0,,,no,0,,0,,no,no
char_delandir,Delandir,delandir,player_0198,Fisben,Fisben [Gleb],medium,evidence_player_group_0198,,,,,,,,,,,,,,,,,,,,,,,,,,,,no_whois_classification,no,no,,,,,0,0,0,,,no,0,,0,,yes,yes
char_delegat,Delegat,delegat,player_0221,Delegat,Delegat,medium,evidence_player_group_0221,,,,,,,,,,,,,,,,,,,,,,,,,,,,no_whois_classification,no,no,,,,,0,0,0,,,no,0,,0,,yes,yes
char_delfi,Delfi,delfi,player_0179,Delfi,Delfi [Per],medium,evidence_player_group_0179,,,,,,,,,,,,,,,,,,,,,,,,,,,,no_whois_classification,no,no,,,,,0,0,0,,,no,0,,0,,yes,yes
char_delicate,Delicate,delicate,player_0059,Tia,Tia,medium,evidence_player_group_0059,,,,,,,,,,,,,,,,,,,,,,,,,,,,no_whois_classification,no,no,,,,,0,0,0,,,no,0,,0,,yes,yes
char_dell,Dell,dell,player_0201,Omen,Omen [Alexander],medium,evidence_player_group_0201,Orc,Tarkhnarb,Minions of Sauron,high,Warrior,Warrior,Battlemaster,high,,,,,,,,,,,,,,,,,,,,classified,no,no,,,,,0,0,0,,,no,0,,0,,no,no
char_dement,Dement,dement,player_0020,Bubla,Bubla,medium,evidence_player_group_0020,Orc,,Minions of Sauron,high,,,,,,,,,,,,,,,,,,,,,,,,race_only,no,no,,,,,0,0,0,,,no,0,,1,low:1,no,yes
char_demsie,Demsie,demsie,player_0116,Kazeena,Kazeena,medium,evidence_player_group_0116,,,,,,,,,,,,,,,,,,,,,,,,,,,,no_whois_classification,no,no,,,,,0,0,0,,,no,0,,0,,yes,yes
char_deor,Deor,deor,player_0054,Deor,Deor,medium,evidence_player_group_0054,Vala,,Immortals,high,Architect,Architect,Architect,high,,,,,,,Vala,V,Architect,retired,Vala,no,no,2026_06_16_retired_immortals,MUME retired immortal list,List current as of 2026-06-16,immortal_2026_06_16_retired_immortals_deor_47_listed_retired_immortal,candidate,Copied by Lewis. Includes Boardreaders and honorary True Legend entry for Norsu.,immortal,no,no,,,,,0,0,0,,,no,0,,0,,no,no
char_deris,Deris,deris,player_0126,Deris,Deris,medium,evidence_player_group_0126,,,,,,,,,,,,,,,,,,,,,,,,,,,,no_whois_classification,no,no,,,,,0,0,0,,,no,0,,0,,yes,yes
char_desastre,Desastre,desastre,player_0096,Voile,Voile,medium,evidence_player_group_0096,Orc,Tarkhnarb,Minions of Sauron,high,Cleric,Cleric,Necromancer,high,,,,,,,,,,,,,,,,,,,,parser_suspect_or_custom_descriptor,no,no,,,,,0,0,0,,,no,0,,0,,yes,yes
char_devastator,Devastator,devastator,player_0062,Auriane,Auriane [Bob],medium,evidence_player_group_0062,Troll,Mountain Troll,Minions of Sauron,high,,,Softskin,low,,,,,,,,,,,,,,,,,,,,generic_title_no_class,no,no,,,,,0,0,0,,,no,0,,0,,no,no
char_devran,Devran,devran,player_0060,Amandil,Amandil,medium,evidence_player_group_0060,Orc,Tarkhnarb,Minions of Sauron,high,Cleric,Cleric,Necromancer,high,,,,,,,,,,,,,,,,,,,,classified,no,no,,,,,0,0,0,,,no,0,,0,,no,no
char_dharazor,Dharazor,dharazor,player_0096,Voile,Voile,medium,evidence_player_group_0096,Dwarf,,Free Peoples,medium,,,,,,,,,,,,,,,,,,,,,,,,race_only,no,no,,,,,0,0,0,,,no,0,,0,,no,no
char_diamonium,Diamonium,diamonium,player_0007,Diamonium,Diamonium,medium,evidence_player_group_0007,Orc,,Minions of Sauron,high,,,,,,,,,,,,,,,,,,,,,,,,race_only,no,no,,,,,0,0,0,,,no,0,,0,,no,no
char_dif,Dif,dif,player_0053,Hoho,Hoho,medium,evidence_player_group_0053,,,,,,,,,,,,,,,,,,,,,,,,,,,,no_whois_classification,no,no,,,,,0,0,0,,,no,0,,0,,yes,yes
char_digital,Digital,digital,player_0092,Basha,Basha,medium,evidence_player_group_0092,Orc,Tarkhnarb,Minions of Sauron,high,General,General,Champion,medium,,,,,,,,,,,,,,,,,,,,classified,yes,yes,data/evidence/whois_display/html/digital.html,data/evidence/whois_display/text/digital.txt,mha:akihiko:1781576710:1d1c0100,high,0,0,0,,,no,0,,0,,no,no
char_dimmu,Dimmu,dimmu,player_0048,Draggor,Draggor,medium,evidence_player_group_0048,Troll,,Minions of Sauron,high,,,,,,,,,,,,,,,,,,,,,,,,race_only,no,no,,,,,0,0,0,,,yes,1,35.0,0,,no,no
char_dino,Dino,dino,player_0068,Elrik,Elrik,medium,evidence_player_group_0068,Elf,Silvan,Free Peoples,medium,General,General,Hero,medium,,,,,,,,,,,,,,,,,,,,classified,no,no,,,,,0,0,0,,,no,0,,0,,no,no
char_disembowel,Disembowel,disembowel,player_0038,Sabadon,Sabadon,medium,evidence_player_group_0038,Orc,,Minions of Sauron,high,,,,,,,,,,,,,,,,,,,,,,,,race_only,no,no,,,,,0,0,0,,,no,0,,0,,no,no
char_dispater,Dispater,dispater,player_0083,Goretongue,Goretongue [Jeremiah],medium,evidence_player_group_0083,Orc,,Minions of Sauron,high,,,,,,,,,,,,,,,,,,,,,,,,race_only,no,no,,,,,0,0,0,,,no,0,,0,,no,no
char_dizz,Dizz,dizz,player_0183,Dizz,Dizz [Tomas],medium,evidence_player_group_0183,Orc,Tarkhnarb,Minions of Sauron,high,General,General,Champion,medium,,,,,,,,,,,,,,,,,,,,classified,no,no,,,,,0,0,0,,,no,0,,0,,no,no
char_djinn,Djinn,djinn,player_0143,Djinn,Djinn,medium,evidence_player_group_0143,Maia,,Immortals,high,Cartographer,Cartographer,Cartographer,high,,,,,,,Maia,M,Cartographer,retired,Maia,no,no,2026_06_16_retired_immortals,MUME retired immortal list,List current as of 2026-06-16,immortal_2026_06_16_retired_immortals_djinn_224_listed_retired_immortal,candidate,Copied by Lewis. Includes Boardreaders and honorary True Legend entry for Norsu.,immortal,yes,yes,data/evidence/whois_display/html/djinn.html,data/evidence/whois_display/text/djinn.txt,mha:djinn:1781578917:f18d683f,high,0,0,0,,,no,0,,0,,no,no
char_dliador,Dliador,dliador,player_0138,Lochdale,Lochdale [Donal],medium,evidence_player_group_0138,Elf,Sindarin,Free Peoples,medium,Magic-user,Magic-user,Warlock,high,,,,,male,medium,,,,,,,,,,,,,,classified,no,no,,,,,0,0,0,,,no,0,,0,,no,no
char_dodge,Dodge,dodge,player_0023,Bah,Bah [Jan],medium,evidence_player_group_0023,Troll,,Minions of Sauron,high,,,,,,,,,,,,,,,,,,,,,,,,race_only,no,no,,,,,0,0,0,,,no,0,,0,,no,no
char_doh,Doh,doh,player_0113,Nardhal,Nardhal,medium,evidence_player_group_0113,Troll,,Minions of Sauron,high,,,,,,,,,,,,,,,,,,,,,,,,race_only,no,no,,,,,0,0,0,,,no,0,,0,,no,no
char_dolengur,Dolengur,dolengur,player_0007,Diamonium,Diamonium,medium,evidence_player_group_0007,Orc,Tarkhnarb,Minions of Sauron,high,General,General,Champion,medium,,,,,,,,,,,,,,,,,,,,classified,no,no,,,,,0,0,0,,,no,0,,0,,no,no
char_dolik,Dolik,dolik,player_0069,Pilsner,Pilsner [Jurek],medium,evidence_player_group_0069,Orc,Tarkhnarb,Minions of Sauron,high,General,General,Champion,medium,,,,,,,,,,,,,,,,,,,,classified,no,no,,,,,0,0,0,,,no,0,,0,,no,no
char_dombur,Dombur,dombur,player_0139,Naga,Naga,medium,evidence_player_group_0139,Dwarf,,Free Peoples,medium,Warrior,Warrior,Battlemaster,high,,,,,,,,,,,,,,,,,,,,classified,no,no,,,,,0,0,0,,,no,0,,0,,no,no
char_domine,Domine,domine,player_0092,Basha,Basha,medium,evidence_player_group_0092,,,,,,,,,,,,,,,,,,,,,,,,,,,,no_whois_classification,no,no,,,,,0,0,0,,,no,0,,0,,yes,yes
char_dominic,Dominic,dominic,player_0152,Celo,Celo,medium,evidence_player_group_0152,Half-Elf,,Free Peoples,medium,General,General,Hero,medium,,,,,,,,,,,,,,,,,,,,classified,no,no,,,,,0,0,0,,,no,0,,0,,no,no
char_done,Done,done,player_0113,Nardhal,Nardhal,medium,evidence_player_group_0113,Dwarf,,Free Peoples,medium,,,,,,,,,,,,,,,,,,,,,,,,race_only,no,no,,,,,0,0,0,,,no,0,,0,,no,no
char_donk,Donk,donk,player_0014,Gothmog,Gothmog [Petter],medium,evidence_player_group_0014,Orc,,Minions of Sauron,high,,,,,,,,,,,,,,,,,,,,,,,,race_only,no,no,,,,,0,0,0,,,no,0,,0,,no,no
char_donovan,Donovan,donovan,player_0024,Decoy,Decoy [Peter],medium,evidence_player_group_0024,Man,Black Númenórean,Minions of Sauron,high,,,,,,,,,,,,,,,,,,,,,,,,race_only,no,no,,,,,0,0,0,,,no,0,,0,,no,no
char_donutello,Donutello,donutello,player_0104,Donutello,Donutello,medium,evidence_player_group_0104,Maia,,Immortals,high,Cartographer,Cartographer,Cartographer,high,,,,,,,Maia,M,Cartographer,retired,Maia,no,no,2026_06_16_retired_immortals,MUME retired immortal list,List current as of 2026-06-16,immortal_2026_06_16_retired_immortals_donutello_225_listed_retired_immortal,candidate,Copied by Lewis. Includes Boardreaders and honorary True Legend entry for Norsu.,immortal,yes,yes,data/evidence/whois_display/html/donutello.html,data/evidence/whois_display/text/donutello.txt,mha:donutello:1781578922:317dc2e6,high,0,0,0,,,no,0,,0,,no,no
char_doomer,Doomer,doomer,player_0184,Elistan,Elistan,medium,evidence_player_group_0184,Orc,,Minions of Sauron,high,,,,,,,,,,,,,,,,,,,,,,,,race_only,no,no,,,,,0,0,0,,,no,0,,0,,no,no
char_dorak,Dorak,dorak,player_0065,Wryak,Wryak [Tapio],medium,evidence_player_group_0065,,,,,,,,,,,,,,,,,,,,,,,,,,,,no_whois_classification,no,no,,,,,0,0,0,,,no,0,,0,,yes,yes
char_doreth,Doreth,doreth,player_0107,Ares,Ares,medium,evidence_player_group_0107,Dwarf,,Free Peoples,medium,,,,,,,,,,,,,,,,,,,,,,,,race_only,no,no,,,,,0,0,0,,,no,0,,1,medium:1,no,yes
char_dorfl,Dorfl,dorfl,player_0146,Dorfl,Dorfl,medium,evidence_player_group_0146,Dwarf,,Free Peoples,medium,Warrior,Warrior,Veteran,high,,,,,,,,,,,,,,,,,,,,classified,no,no,,,,,0,0,0,,,no,0,,0,,no,no
char_dork,Dork,dork,player_0001,Rogon,Rogon,medium,evidence_player_group_0001,Troll,Cave Troll,Minions of Sauron,high,,,Softskin,low,,,,,,,,,,,,,,,,,,,,generic_title_no_class,no,no,,,,,0,0,0,,,no,0,,0,,no,no
char_dorolff,Dorolff,dorolff,player_0157,Dorolff,Dorolff,medium,evidence_player_group_0157,Dwarf,,Free Peoples,medium,Warrior,Warrior,Battlemaster,high,,,,,,,,,,,,,,,,,,,,classified,no,no,,,,,0,0,0,,,yes,1,6.0,0,,no,no
char_draaz,Draaz,draaz,player_0067,David,David [David],medium,evidence_player_group_0067,Orc,Tarkhnarb,Minions of Sauron,high,Warrior,Warrior,Warg-rider,low,,,,,,,,,,,,,,,,,,,,classified,no,no,,,,,0,0,0,,,no,0,,0,,no,no
char_draca,Draca,draca,player_0048,Draggor,Draggor,medium,evidence_player_group_0048,Troll,Cave Troll,Minions of Sauron,high,Warrior,Warrior,Warrior,medium,,,,,,,,,,,,,,,,,,,,classified,no,no,,,,,0,0,0,,,no,0,,0,,no,no
char_draccon,Draccon,draccon,player_0048,Draggor,Draggor,medium,evidence_player_group_0048,Orc,Tarkhnarb,Minions of Sauron,high,Warrior,Warrior,Warrior,medium,,,,,,,,,,,,,,,,,,,,classified,no,no,,,,,0,0,0,,,no,0,,0,,no,no
char_dracolich,Dracolich,dracolich,player_0004,Wow,Wow,medium,evidence_player_group_0004,Orc,,Minions of Sauron,high,,,,,,,,,,,,,,,,,,,,,,,,race_only,no,no,,,,,0,0,0,,,no,0,,0,,no,no
char_draconis,Draconis,draconis,player_0048,Draggor,Draggor,medium,evidence_player_group_0048,Elf,Silvan,Free Peoples,medium,Magic-user,Magic-user,Warlock,high,,,,,male,medium,,,,,,,,,,,,,,classified,no,no,,,,,0,0,0,,,yes,1,22.0,1,medium:1,no,yes
char_dracul,Dracul,dracul,player_0103,Edvard,Edvard [Aron],medium,evidence_player_group_0103,,,,,,,,,,,,,,,,,,,,,,,,,,,,no_whois_classification,no,no,,,,,0,0,0,,,no,0,,0,,yes,yes
char_dragan,Dragan,dragan,player_0005,Praiodan,Praiodan [Tomas],medium,evidence_player_group_0005,Man,,Free Peoples,medium,,,,,,,,,,,,,,,,,,,,,,,,race_only,no,no,,,,,0,0,0,,,no,0,,0,,no,no
char_dragg,Dragg,dragg,player_0103,Edvard,Edvard [Aron],medium,evidence_player_group_0103,Dwarf,,Free Peoples,medium,Warrior,Warrior,Weaponsmaster,high,Unknown percent in at least two weapon skills,,,,,,,,,,,,,,,,,,,classified,no,no,,,,,0,0,0,,,no,0,,0,,no,no
char_draggor,Draggor,draggor,player_0048,Draggor,Draggor,medium,evidence_player_group_0048,,,,,,,,,,,,,,,,,,,,,,,,,,,,no_whois_classification,no,no,,,,,0,0,0,,,no,0,,0,,yes,yes
char_draggy,Draggy,draggy,player_0048,Draggor,Draggor,medium,evidence_player_group_0048,Troll,Mountain Troll,Minions of Sauron,high,Warrior,Warrior,Warrior,medium,,,,,,,,,,,,,,,,,,,,classified,no,no,,,,,0,0,0,,,yes,1,35.0,0,,no,no
char_draghkar,Draghkar,draghkar,player_0137,Tear,Tear,medium,evidence_player_group_0137,,,,,,,,,,,,,,,,,,,,,,,,,,,,no_whois_classification,no,no,,,,,0,0,0,,,no,0,,0,,yes,yes
char_draglador,Draglador,draglador,player_0048,Draggor,Draggor,medium,evidence_player_group_0048,Half-Elf,,Free Peoples,medium,Cleric,Cleric,Healer,high,,,,,,,,,,,,,,,,,,,,classified,no,no,,,,,0,0,0,,,no,0,,0,,no,no
char_dragor,Dragor,dragor,player_0098,Dragor,Dragor,medium,evidence_player_group_0098,Half-Elf,,Free Peoples,medium,Cleric,Cleric,Priest,high,,,,,,,,,,,,,,,,,,,,classified,no,no,,,,,0,0,0,,,no,0,,0,,no,no
char_dragoth,Dragoth,dragoth,player_0024,Decoy,Decoy [Peter],medium,evidence_player_group_0024,Orc,Tarkhnarb,Minions of Sauron,high,Warrior,Warrior,Veteran,high,,,,,,,,,,,,,,,,,,,,classified,no,no,,,,,0,0,0,,,no,0,,0,,no,no
char_dramon,Dramon,dramon,player_0067,David,David [David],medium,evidence_player_group_0067,Orc,,Minions of Sauron,high,,,,,,,,,,,,,,,,,,,,,,,,race_only,no,no,,,,,0,0,0,,,no,0,,0,,no,no
char_dranj,Dranj,dranj,player_0215,Boroda,Boroda,medium,evidence_player_group_0215,,,,,,,,,,,,,,,,,,,,,,,,,,,,no_whois_classification,no,no,,,,,0,0,0,,,no,0,,0,,yes,yes
char_draupner,Draupner,draupner,player_0103,Edvard,Edvard [Aron],medium,evidence_player_group_0103,Dwarf,,Free Peoples,medium,,,,,,,,,,,,,,,,,,,,,,,,race_only,no,no,,,,,0,0,0,,,no,0,,0,,no,no
char_drax,Drax,drax,player_0048,Draggor,Draggor,medium,evidence_player_group_0048,Man,Black Númenórean,Minions of Sauron,high,Magic-user,Magic-user,Warlock,high,,,,,male,medium,,,,,,,,,,,,,,classified,no,no,,,,,0,0,0,,,no,0,,0,,no,no
char_drayl,Drayl,drayl,player_0065,Wryak,Wryak [Tapio],medium,evidence_player_group_0065,,,,,,,,,,,,,,,,,,,,,,,,,,,,no_whois_classification,no,no,,,,,0,0,0,,,no,0,,0,,yes,yes
char_drazgan,Drazgan,drazgan,player_0185,Buggar,Buggar [Adam],medium,evidence_player_group_0185,,,,,,,,,,,,,,,,,,,,,,,,,,,,no_whois_classification,no,no,,,,,0,0,0,,,no,0,,0,,yes,yes
char_dreamweaver,Dreamweaver,dreamweaver,player_0029,Faint,Faint,medium,evidence_player_group_0029,Elf,Sindarin,Free Peoples,medium,Magic-user,Magic-user,Warlock,high,,,,,male,medium,,,,,,,,,,,,,,classified,no,no,,,,,0,0,0,,,no,0,,0,,no,no
char_drengist,Drengist,drengist,player_0039,Drengist,Drengist,medium,evidence_player_group_0039,Orc,,Minions of Sauron,high,,,,,,,,,,,,,,,,,,,,,,,,race_only,no,no,,,,,0,0,0,,,no,0,,0,,no,no
char_drenical,Drenical,drenical,player_0051,Alantir,Alantir,medium,evidence_player_group_0051,Dwarf,,Free Peoples,medium,General,General,Hero,medium,,,,,,,,,,,,,,,,,,,,classified,no,no,,,,,0,0,0,,,no,0,,0,,no,no
char_dreth,Dreth,dreth,player_0029,Faint,Faint,medium,evidence_player_group_0029,,,,,,,,,,,,,,,,,,,,,,,,,,,,no_whois_classification,no,no,,,,,0,0,0,,,no,0,,0,,yes,yes
char_drijian,Drijian,drijian,player_0098,Dragor,Dragor,medium,evidence_player_group_0098,Elf,Sindarin,Free Peoples,medium,General,General,Hero,medium,,,,,,,,,,,,,,,,,,,,classified,no,no,,,,,0,0,0,,,no,0,,0,,no,no
char_drimdul,Drimdul,drimdul,player_0067,David,David [David],medium,evidence_player_group_0067,Orc,,Minions of Sauron,high,,,,,,,,,,,,,,,,,,,,,,,,race_only,no,no,,,,,0,0,0,,,no,0,,0,,no,no
char_drohm,Drohm,drohm,player_0103,Edvard,Edvard [Aron],medium,evidence_player_group_0103,Orc,,Minions of Sauron,high,,,,,,,,,,,,,,,,,,,,,,,,race_only,no,no,,,,,0,0,0,,,no,0,,0,,no,no
char_drokk,Drokk,drokk,player_0033,Ginlon,Ginlon,medium,evidence_player_group_0033,Orc,,Minions of Sauron,high,,,,,,,,,,,,,,,,,,,,,,,,race_only,no,no,,,,,0,0,0,,,no,0,,0,,no,no
char_drow,Drow,drow,player_0107,Ares,Ares,medium,evidence_player_group_0107,Elf,,Free Peoples,medium,,,,,,,,,,,,,,,,,,,,,,,,race_only,no,no,,,,,0,0,0,,,no,0,,0,,no,no
char_drugar,Drugar,drugar,player_0027,Drugar,Drugar,medium,evidence_player_group_0027,Maia,,Immortals,high,Cartographer,Cartographer,Cartographer,high,,,,,,,Maia,M,Cartographer,retired,Maia,no,no,2026_06_16_retired_immortals,MUME retired immortal list,List current as of 2026-06-16,immortal_2026_06_16_retired_immortals_drugar_226_listed_retired_immortal,candidate,Copied by Lewis. Includes Boardreaders and honorary True Legend entry for Norsu.,immortal,yes,yes,data/evidence/whois_display/html/drugar.html,data/evidence/whois_display/text/drugar.txt,mha:drugar:1781578972:e0759e68,high,0,0,0,,,no,0,,0,,no,no
char_druin,Druin,druin,player_0195,Porien,Porien [Dmitry],medium,evidence_player_group_0195,Dwarf,,Free Peoples,medium,,,,,,,,,,,,,,,,,,,,,,,,race_only,no,no,,,,,0,0,0,,,no,0,,0,,no,no
char_dryg,Dryg,dryg,player_0121,Merlin,Merlin,medium,evidence_player_group_0121,Orc,,Minions of Sauron,high,,,,,,,,,,,,,,,,,,,,,,,,race_only,no,no,,,,,0,0,0,,,no,0,,0,,no,no
char_dugmok,Dugmok,dugmok,player_0012,Axel,Axel [Axel],medium,evidence_player_group_0012,Orc,Tarkhnarb,Minions of Sauron,high,Cleric,Cleric,Necromancer,high,,,,,,,,,,,,,,,,,,,,classified,no,no,,,,,0,0,0,,,no,0,,0,,no,no
char_dunlop,Dunlop,dunlop,player_0076,Bigger,Bigger [Jakob],medium,evidence_player_group_0076,Elf,,Free Peoples,medium,,,,,,,,,,,,,,,,,,,,,,,,race_only,no,no,,,,,0,0,0,,,no,0,,0,,no,no
char_dural,Dural,dural,player_0065,Wryak,Wryak [Tapio],medium,evidence_player_group_0065,Dwarf,,Free Peoples,medium,General,General,Champion,medium,,,,,,,,,,,,,,,,,,,,classified,no,no,,,,,0,0,0,,,no,0,,0,,no,no
char_durandir,Durandir,durandir,player_0185,Buggar,Buggar [Adam],medium,evidence_player_group_0185,,,,,,,,,,,,,,,,,,,,,,,,,,,,no_whois_classification,no,no,,,,,0,0,0,,,no,0,,0,,yes,yes
char_durcano,Durcano,durcano,player_0173,Durcano,Durcano [Remo],medium,evidence_player_group_0173,Orc,Tarkhnarb,Minions of Sauron,high,Warrior,Warrior,Fighter,low,,,,,,,,,,,,,,,,,,,,classified,no,no,,,,,0,0,0,,,no,0,,0,,no,no
char_duriel,Duriel,duriel,player_0088,Bulldozer,Bulldozer,medium,evidence_player_group_0088,Man,Black Númenórean,Minions of Sauron,high,Magic-user,Magic-user,Wizard,high,,,,,,,,,,,,,,,,,,,,classified,no,no,,,,,0,0,0,,,no,0,,0,,no,no
char_durlak,Durlak,durlak,player_0060,Amandil,Amandil,medium,evidence_player_group_0060,Orc,,Minions of Sauron,high,,,,,,,,,,,,,,,,,,,,,,,,race_only,no,no,,,,,0,0,0,,,no,0,,0,,no,no
char_dushegub,Dushegub,dushegub,player_0199,Roman,Roman [Roman],medium,evidence_player_group_0199,Dwarf,,Free Peoples,medium,,,,,,,,,,,,,,,,,,,,,,,,race_only,no,no,,,,,0,0,0,,,no,0,,0,,no,no
char_duvel,Duvel,duvel,player_0062,Auriane,Auriane [Bob],medium,evidence_player_group_0062,,,,,,,,,,,,,,,,,,,,,,,,,,,,no_whois_classification,no,no,,,,,0,0,0,,,no,0,,0,,yes,yes
char_dwar,Dwar,dwar,player_0046,Filibert,Filibert,medium,evidence_player_group_0046,Man,Black Númenórean,Minions of Sauron,high,Magic-user,Magic-user,Wizard,high,,,,,,,,,,,,,,,,,,,,classified,no,no,,,,,0,0,0,,,no,0,,0,,no,no
char_dwimmer,Dwimmer,dwimmer,player_0035,Fankil,Fankil [Alexander],medium,evidence_player_group_0035,Orc,Tarkhnarb,Minions of Sauron,high,General,General,Champion,medium,,,,,,,,,,,,,,,,,,,,classified,no,no,,,,,0,0,0,,,no,0,,0,,no,no
char_dwogin,Dwogin,dwogin,player_0012,Axel,Axel [Axel],medium,evidence_player_group_0012,Dwarf,,Free Peoples,medium,Warrior,Warrior,Warrior,medium,,,,,,,,,,,,,,,,,,,,classified,no,no,,,,,0,0,0,,,no,0,,0,,no,no
char_dynamit,Dynamit,dynamit,player_0037,Bobbie,Bobbie,medium,evidence_player_group_0037,Dwarf,,Free Peoples,medium,,,,,,,,,,,,,,,,,,,,,,,,race_only,no,no,,,,,0,0,0,,,no,0,,0,,no,no
char_eale,Eale,eale,player_0113,Nardhal,Nardhal,medium,evidence_player_group_0113,,,,,,,,,,,,,,,,,,,,,,,,,,,,no_whois_classification,no,no,,,,,0,0,0,,,no,0,,0,,yes,yes
char_earand,Earand,earand,player_0057,Kenzu,Kenzu,medium,evidence_player_group_0057,Half-Elf,,Free Peoples,medium,,,,,,,,,,,,,,,,,,,,,,,,race_only,no,no,,,,,0,0,0,,,no,0,,0,,no,no
char_earnur,Earnur,earnur,player_0018,Feanor,Feanor,medium,evidence_player_group_0018,Man,Black Númenórean,Minions of Sauron,high,,,,,,,,,,,,,,,,,,,,,,,,race_only,no,no,,,,,0,0,0,,,no,0,,0,,no,no
char_eawian,Eawian,eawian,player_0113,Nardhal,Nardhal,medium,evidence_player_group_0113,,,,,,,,,,,,,,,,,,,,,,,,,,,,no_whois_classification,no,no,,,,,0,0,0,,,no,0,,0,,yes,yes
char_echo,Echo,echo,player_0114,Echo,Echo,medium,evidence_player_group_0114,Troll,Cave Troll,Minions of Sauron,high,Warrior,Warrior,Brute,low,,,,,,,,,,,,,,,,,,,,classified,no,no,,,,,0,0,0,,,yes,1,59.0,0,,no,no
char_eckhart,Eckhart,eckhart,player_0188,Aiele,Aiele [Joel],medium,evidence_player_group_0188,Man,Dúnedain,Free Peoples,medium,Warrior,Warrior,Veteran,high,,,,,,,,,,,,,,,,,,,,classified,no,no,,,,,0,0,0,,,no,0,,0,,no,no
char_eder,Eder,eder,player_0182,Pumuckl,Pumuckl,medium,evidence_player_group_0182,Dwarf,,Free Peoples,medium,,,,,,,,,,,,,,,,,,,,,,,,race_only,no,no,,,,,0,0,0,,,yes,1,8.0,0,,no,no
char_edrahil,Edrahil,edrahil,player_0057,Kenzu,Kenzu,medium,evidence_player_group_0057,Elf,,Free Peoples,medium,,,,,,,,,,,,,,,,,,,,,,,,race_only,no,no,,,,,0,0,0,,,no,0,,0,,no,no
char_edvard,Edvard,edvard,player_0103,Edvard,Edvard [Aron],medium,evidence_player_group_0103,Maia,,Immortals,high,,,,,,,,,,,Maia,M,,retired,Boardreader,no,no,2026_06_16_retired_immortals,MUME retired immortal list,List current as of 2026-06-16,immortal_2026_06_16_retired_immortals_edvard_419_listed_retired_immortal,candidate,Copied by Lewis. Includes Boardreaders and honorary True Legend entry for Norsu.,immortal,yes,yes,data/evidence/whois_display/html/edvard.html,data/evidence/whois_display/text/edvard.txt,mha:edvard:1781579060:56302f60,high,0,0,0,,,no,0,,0,,no,no
char_eggrat,Eggrat,eggrat,player_0051,Alantir,Alantir,medium,evidence_player_group_0051,Orc,,Minions of Sauron,high,,,,,,,,,,,,,,,,,,,,,,,,race_only,no,no,,,,,0,0,0,,,no,0,,0,,no,no
char_eggraz,Eggraz,eggraz,player_0050,Simba,Simba,medium,evidence_player_group_0050,,,,,,,,,,,,,,,,,,,,,,,,,,,,no_whois_classification,no,no,,,,,0,0,0,,,no,0,,0,,yes,yes
char_eher,Eher,eher,player_0091,Aris,Aris,medium,evidence_player_group_0091,,,,,,,,,,,,,,,,,,,,,,,,,,,,no_whois_classification,no,no,,,,,0,0,0,,,no,0,,0,,yes,yes
char_ehhe,Ehhe,ehhe,player_0054,Deor,Deor,medium,evidence_player_group_0054,,,,,,,,,,,,,,,,,,,,,,,,,,,,no_whois_classification,no,no,,,,,0,0,0,,,no,0,,0,,yes,yes
char_eidolon,Eidolon,eidolon,player_0181,Ancra,Ancra [Harry],medium,evidence_player_group_0181,Orc,,Minions of Sauron,high,,,,,,,,,,,,,,,,,,,,,,,,race_only,no,no,,,,,0,0,0,,,no,0,,0,,no,no
char_eileen,Eileen,eileen,player_0001,Rogon,Rogon,medium,evidence_player_group_0001,Elf,,Free Peoples,medium,,,,,,,,,,,,,,,,,,,,,,,,race_only,no,no,,,,,0,0,0,,,no,0,,0,,no,no
char_eirin,Eirin,eirin,player_0181,Ancra,Ancra [Harry],medium,evidence_player_group_0181,,,,,,,,,,,,,,,,,,,,,,,,,,,,no_whois_classification,no,no,,,,,0,0,0,,,no,0,,0,,yes,yes
char_eladamri,Eladamri,eladamri,player_0143,Djinn,Djinn,medium,evidence_player_group_0143,Elf,,Free Peoples,medium,,,,,,,,,,,,,,,,,,,,,,,,race_only,no,no,,,,,0,0,0,,,no,0,,0,,no,no
char_elajt,Elajt,elajt,player_0070,Heldo,Heldo [Jens],medium,evidence_player_group_0070,,,,,,,,,,,,,,,,,,,,,,,,,,,,no_whois_classification,no,no,,,,,0,0,0,,,no,0,,0,,yes,yes
char_elavar,Elavar,elavar,player_0028,Enforcer,Enforcer [Ert],medium,evidence_player_group_0028,Elf,Noldorin,Free Peoples,medium,Magic-user,Magic-user,Wizard,high,,,,,,,,,,,,,,,,,,,,classified,no,no,,,,,0,0,0,,,no,0,,0,,no,no
char_elaviel,Elaviel,elaviel,player_0020,Bubla,Bubla,medium,evidence_player_group_0020,Elf,Silvan,Free Peoples,medium,Warrior,Warrior,Warrior,medium,,,,,,,,,,,,,,,,,,,,classified,no,no,,,,,0,0,0,,,no,0,,0,,no,no
char_elayne,Elayne,elayne,player_0142,Ethar,Ethar,medium,evidence_player_group_0142,,,,,,,,,,,,,,,,,,,,,,,,,,,,no_whois_classification,no,no,,,,,0,0,0,,,no,0,,0,,yes,yes
char_eldale,Eldale,eldale,player_0115,Marillion,Marillion,medium,evidence_player_group_0115,Hobbit,,Free Peoples,medium,,,,,,,,,,,,,,,,,,,,,,,,race_only,no,no,,,,,0,0,0,,,no,0,,0,,no,no
char_eldan,Eldan,eldan,player_0013,Farin,Farin,medium,evidence_player_group_0013,Half-Elf,,Free Peoples,medium,Cleric,Cleric,Patriarch,high,,,,,male,high,,,,,,,,,,,,,,classified,no,no,,,,,0,0,0,,,no,0,,0,,no,no
char_eldarion,Eldarion,eldarion,player_0036,Atlas,Atlas,medium,evidence_player_group_0036,Half-Elf,,Free Peoples,medium,General,General,Ranger,medium,High Track; exact requirement uncertain and probably not 100%+,,,,,,,,,,,,,,,,,,,classified,no,no,,,,,0,0,0,,,no,0,,0,,no,no
char_elden,Elden,elden,player_0031,Swork,Swork,medium,evidence_player_group_0031,Half-Elf,,Free Peoples,medium,Cleric,Cleric,Patriarch,high,,,,,male,high,,,,,,,,,,,,,,classified,no,no,,,,,0,0,0,,,no,0,,0,,no,no
char_eldrasil,Eldrasil,eldrasil,player_0096,Voile,Voile,medium,evidence_player_group_0096,Elf,,Free Peoples,medium,,,,,,,,,,,,,,,,,,,,,,,,race_only,no,no,,,,,0,0,0,,,yes,1,32.0,0,,no,no
char_eldrenil,Eldrenil,eldrenil,player_0017,Alkar,Alkar,medium,evidence_player_group_0017,Elf,Sindarin,Free Peoples,medium,Magic-user,Magic-user,Wizard,high,,,,,,,,,,,,,,,,,,,,classified,no,no,,,,,0,0,0,,,no,0,,0,,no,no
char_elebor,Elebor,elebor,player_0042,Zhagrat,Zhagrat,medium,evidence_player_group_0042,Man,Dúnedain,Free Peoples,medium,General,General,Hero,medium,,,,,,,,,,,,,,,,,,,,classified,no,no,,,,,0,0,0,,,no,0,,0,,no,no
char_elemur,Elemur,elemur,player_0161,Halir,Halir,medium,evidence_player_group_0161,,,,,,,,,,,,,,,,,,,,,,,,,,,,no_whois_classification,no,no,,,,,0,0,0,,,no,0,,0,,yes,yes
char_elendur,Elendur,elendur,player_0052,Salmar,Salmar,medium,evidence_player_group_0052,Half-Elf,,Free Peoples,medium,,,,,,,,,,,,,,,,,,,,,,,,race_only,no,no,,,,,0,0,0,,,no,0,,0,,no,no
char_elenril,Elenril,elenril,player_0172,Agattax,Agattax [Robin],medium,evidence_player_group_0172,Elf,,Free Peoples,medium,,,,,,,,,,,,,,,,,,,,,,,,race_only,no,no,,,,,0,0,0,,,no,0,,0,,no,no
char_elenwe,Elenwe,elenwe,player_0159,Beorel,Beorel,medium,evidence_player_group_0159,Elf,,Free Peoples,medium,,,,,,,,,,,,,,,,,,,,,,,,race_only,no,no,,,,,0,0,0,,,no,0,,0,,no,no
char_elestir,Elestir,elestir,player_0005,Praiodan,Praiodan [Tomas],medium,evidence_player_group_0005,Elf,,Free Peoples,medium,,,,,,,,,,,,,,,,,,,,,,,,race_only,no,no,,,,,0,0,0,,,yes,1,25.0,0,,no,no
char_eletherion,Eletherion,eletherion,player_0019,Luke,Luke,medium,evidence_player_group_0019,Man,Beorning,Free Peoples,medium,Warrior,Warrior,Battlemaster,high,,,,,,,,,,,,,,,,,,,,classified,no,no,,,,,0,0,0,,,no,0,,0,,no,no
char_elfwyn,Elfwyn,elfwyn,player_0047,Idun,Idun,medium,evidence_player_group_0047,Man,Rohirrim,Free Peoples,medium,General,General,Rider,medium,90% Ride,,,,,,,,,,,,,,,,,,,classified,no,no,,,,,0,0,0,,,no,0,,0,,no,no
char_elian,Elian,elian,player_0201,Omen,Omen [Alexander],medium,evidence_player_group_0201,Elf,,Free Peoples,medium,,,,,,,,,,,,,,,,,,,,,,,,race_only,no,no,,,,,0,0,0,,,no,0,,0,,no,no
char_elirion,Elirion,elirion,player_0125,Ausir,Ausir,medium,evidence_player_group_0125,Man,Dúnedain,Free Peoples,medium,Warrior,Warrior,Battlemaster,high,,,,,,,,,,,,,,,,,,,,classified,no,no,,,,,0,0,0,,,no,0,,0,,no,no
char_elistan,Elistan,elistan,player_0184,Elistan,Elistan,medium,evidence_player_group_0184,Maia,,Immortals,high,,,,,,,,,,,Maia,M,,retired,Boardreader,no,no,2026_06_16_retired_immortals,MUME retired immortal list,List current as of 2026-06-16,immortal_2026_06_16_retired_immortals_elistan_427_listed_retired_immortal,candidate,Copied by Lewis. Includes Boardreaders and honorary True Legend entry for Norsu.,immortal,yes,yes,data/evidence/whois_display/html/elistan.html,data/evidence/whois_display/text/elistan.txt,mha:elistan:1781579173:64655b00,high,0,0,0,,,no,0,,0,,no,no
char_eliwe,Eliwe,eliwe,player_0158,Ainafea,Ainafea,medium,evidence_player_group_0158,,,,,,,,,,,,,,,,,,,,,,,,,,,,no_whois_classification,no,no,,,,,0,0,0,,,no,0,,0,,yes,yes
char_ellara,Ellara,ellara,player_0119,Zeus,Zeus,medium,evidence_player_group_0119,Half-Elf,,Free Peoples,medium,,,,,,,,,,,,,,,,,,,,,,,,race_only,no,no,,,,,0,0,0,,,no,0,,0,,no,no
char_elle,Elle,elle,player_0025,Lowyn,Lowyn,medium,evidence_player_group_0025,Elf,Sindarin,Free Peoples,medium,Cleric,Cleric,Matriarch,high,,,,,female,high,,,,,,,,,,,,,,classified,no,no,,,,,0,0,0,,,no,0,,0,,no,no
char_elleth,Elleth,elleth,player_0095,Haista,Haista,medium,evidence_player_group_0095,Elf,,Free Peoples,medium,,,,,,,,,,,,,,,,,,,,,,,,race_only,no,no,,,,,0,0,0,,,no,0,,0,,no,no
char_elmir,Elmir,elmir,player_0037,Bobbie,Bobbie,medium,evidence_player_group_0037,Man,,Free Peoples,medium,,,,,,,,,,,,,,,,,,,,,,,,race_only,no,no,,,,,0,0,0,,,no,0,,0,,no,no
char_elmo,Elmo,elmo,player_0101,Healy,Healy,medium,evidence_player_group_0101,Dwarf,,Free Peoples,medium,Warrior,Warrior,Battlemaster,high,,,,,,,,,,,,,,,,,,,,classified,no,no,,,,,0,0,0,,,no,0,,1,low:1,no,yes
char_eloin,Eloin,eloin,player_0167,Eloin,Eloin,medium,evidence_player_group_0167,Elf,Sindarin,Free Peoples,medium,Warrior,Warrior,Bodyguard,high,80% Rescue,,,,,,,,,,,,,,,,,,,classified,no,no,,,,,0,0,0,,,no,0,,1,low:1,no,yes
char_elrik,Elrik,elrik,player_0068,Elrik,Elrik,medium,evidence_player_group_0068,Man,Black Númenórean,Minions of Sauron,high,,,,,,,,,,,,,,,,,,,,,,,,race_only,no,no,,,,,0,0,0,,,no,0,,1,medium:1,no,yes
char_elroh,Elroh,elroh,player_0031,Swork,Swork,medium,evidence_player_group_0031,Elf,Silvan,Free Peoples,medium,General,General,Hero,medium,,,,,,,,,,,,,,,,,,,,classified,no,no,,,,,0,0,0,,,no,0,,0,,no,no
char_elrun,Elrun,elrun,player_0199,Roman,Roman [Roman],medium,evidence_player_group_0199,Elf,,Free Peoples,medium,,,,,,,,,,,,,,,,,,,,,,,,race_only,no,no,,,,,0,0,0,,,no,0,,0,,no,no
char_elsurion,Elsurion,elsurion,player_0005,Praiodan,Praiodan [Tomas],medium,evidence_player_group_0005,Half-Elf,,Free Peoples,medium,Cleric,Cleric,Patriarch,high,,,,,male,high,,,,,,,,,,,,,,classified,no,no,,,,,0,0,0,,,no,0,,0,,no,no
char_eluchil,Eluchil,eluchil,player_0018,Feanor,Feanor,medium,evidence_player_group_0018,Half-Elf,,Free Peoples,medium,,,,,,,,,,,,,,,,,,,,,,,,race_only,no,no,,,,,0,0,0,,,no,0,,0,,no,no
char_elumir,Elumir,elumir,player_0061,Siroth,Siroth,medium,evidence_player_group_0061,Half-Elf,,Free Peoples,medium,Cleric,Cleric,Priest,high,,,,,,,,,,,,,,,,,,,,classified,no,no,,,,,0,0,0,,,no,0,,0,,no,no
char_emroth,Emroth,emroth,player_0061,Siroth,Siroth,medium,evidence_player_group_0061,Man,,Free Peoples,medium,,,,,,,,,,,,,,,,,,,,,,,,race_only,no,no,,,,,0,0,0,,,no,0,,0,,no,no
char_endor,Endor,endor,player_0179,Delfi,Delfi [Per],medium,evidence_player_group_0179,Maia,,Immortals,high,,,,,,,,,,,Maia,M,,retired,Boardreader,no,no,2026_06_16_retired_immortals,MUME retired immortal list,List current as of 2026-06-16,immortal_2026_06_16_retired_immortals_endor_431_listed_retired_immortal,candidate,Copied by Lewis. Includes Boardreaders and honorary True Legend entry for Norsu.,immortal,yes,yes,data/evidence/whois_display/html/endor.html,data/evidence/whois_display/text/endor.txt,mha:endor:1781579233:c6b6881b,high,0,0,0,,,no,0,,0,,no,no
char_endur,Endur,endur,player_0098,Dragor,Dragor,medium,evidence_player_group_0098,Man,Dúnedain,Free Peoples,medium,General,General,Hero,medium,,,,,,,,,,,,,,,,,,,,classified,no,no,,,,,0,0,0,,,no,0,,0,,no,no
char_enforcer,Enforcer,enforcer,player_0028,Enforcer,Enforcer [Ert],medium,evidence_player_group_0028,Maia,,Immortals,high,,,,,,,,,,,Maia,M,,retired,Boardreader,no,no,2026_06_16_retired_immortals,MUME retired immortal list,List current as of 2026-06-16,immortal_2026_06_16_retired_immortals_enforcer_433_listed_retired_immortal,candidate,Copied by Lewis. Includes Boardreaders and honorary True Legend entry for Norsu.,immortal,yes,yes,data/evidence/whois_display/html/enforcer.html,data/evidence/whois_display/text/enforcer.txt,mha:enforcer:1781579254:a5ec5ed2,high,12,6,6,comma_name_list:12,Sardaukar; Glaran; Wind; Grizzle; Pogo; Dungeonbrawler,no,0,,2,medium:2,no,yes
char_engelbert,Engelbert,engelbert,player_0031,Swork,Swork,medium,evidence_player_group_0031,Elf,Silvan,Free Peoples,medium,Magic-user,Magic-user,Warlock,high,,,,,male,medium,,,,,,,,,,,,,,classified,no,no,,,,,0,0,0,,,no,0,,0,,no,no
char_ennor,Ennor,ennor,player_0195,Porien,Porien [Dmitry],medium,evidence_player_group_0195,Dwarf,,Free Peoples,medium,,,,,,,,,,,,,,,,,,,,,,,,race_only,no,no,,,,,0,0,0,,,no,0,,0,,no,no
char_enso,Enso,enso,player_0188,Aiele,Aiele [Joel],medium,evidence_player_group_0188,,,,,,,,,,,,,,,,,,,,,,,,,,,,no_whois_classification,no,no,,,,,0,0,0,,,no,0,,0,,yes,yes
char_equinoxe,Equinoxe,equinoxe,player_0062,Auriane,Auriane [Bob],medium,evidence_player_group_0062,Orc,,Minions of Sauron,high,Warrior,Warrior,Battlemistress,high,,,,,female,high,,,,,,,,,,,,,,classified,no,no,,,,,0,0,0,,,no,0,,0,,no,no
char_eral,Eral,eral,player_0065,Wryak,Wryak [Tapio],medium,evidence_player_group_0065,Elf,Noldorin,Free Peoples,medium,Magic-user,Magic-user,Wizard,high,,,,,,,,,,,,,,,,,,,,classified,no,no,,,,,0,0,0,,,no,0,,0,,no,no
char_erebos,Erebos,erebos,player_0023,Bah,Bah [Jan],medium,evidence_player_group_0023,Dwarf,,Free Peoples,medium,General,General,Hero,medium,,,,,,,,,,,,,,,,,,,,classified,no,no,,,,,0,0,0,,,no,0,,0,,no,no
char_erewiel,Erewiel,erewiel,player_0117,Irogla,Irogla,medium,evidence_player_group_0117,,,,,,,,,,,,,,,,,,,,,,,,,,,,no_whois_classification,no,no,,,,,0,0,0,,,no,0,,0,,yes,yes
char_eric,Eric,eric,player_0216,Grunge,Grunge,medium,evidence_player_group_0216,Man,Black Númenórean,Minions of Sauron,high,,,,,,,,,,,,,,,,,,,,,,,,race_only,no,no,,,,,0,0,0,,,no,0,,0,,no,no
char_erkzup,Erkzup,erkzup,player_0135,Temegl,Temegl,medium,evidence_player_group_0135,,,,,,,,,,,,,,,,,,,,,,,,,,,,no_whois_classification,no,no,,,,,0,0,0,,,no,0,,0,,yes,yes
char_ermon,Ermon,ermon,player_0035,Fankil,Fankil [Alexander],medium,evidence_player_group_0035,Man,Dúnedain,Free Peoples,medium,General,General,Chieftain,medium,90%-100% Leadership,,,,,,,,,,,,,,,,,,,classified,no,no,,,,,0,0,0,,,yes,1,31.0,0,,no,no
char_ernst,Ernst,ernst,player_0174,Angrenfea,Angrenfea [Toivo],medium,evidence_player_group_0174,Man,,Free Peoples,medium,,,,,,,,,,,,,,,,,,,,,,,,race_only,no,no,,,,,0,0,0,,,no,0,,0,,no,no
char_erowyn,Erowyn,erowyn,player_0159,Beorel,Beorel,medium,evidence_player_group_0159,Man,,Free Peoples,medium,,,,,,,,,,,,,,,,,,,,,,,,race_only,no,no,,,,,2,2,2,quoted_speaker:2,Khazdul,no,0,,0,,no,yes
char_erudhil,Erudhil,erudhil,player_0018,Feanor,Feanor,medium,evidence_player_group_0018,Man,Black Númenórean,Minions of Sauron,high,Magic-user,Magic-user,Wizard,high,,,,,,,,,,,,,,,,,,,,classified,no,no,,,,,0,0,0,,,no,0,,2,low:2,no,yes
char_escape,Escape,escape,player_0108,Toe,Toe,medium,evidence_player_group_0108,Dwarf,,Free Peoples,medium,Warrior,Warrior,Axemaster,high,100% cleaving weapons,,,,,,,,,,,,,,,,,,,classified,no,no,,,,,0,0,0,,,yes,1,55.0,0,,no,no
char_estel,Estel,estel,player_0192,Moonshade,Moonshade [Alex],medium,evidence_player_group_0192,Elf,,Free Peoples,medium,,,,,,,,,,,,,,,,,,,,,,,,race_only,no,no,,,,,0,0,0,,,no,0,,0,,no,no
char_eternal,Eternal,eternal,player_0105,Crysania,Crysania,medium,evidence_player_group_0105,Half-Elf,,Free Peoples,medium,,,,,,,,,,,,,,,,,,,,,,,,race_only,no,no,,,,,0,0,0,,,yes,1,24.0,0,,no,no
char_ethar,Ethar,ethar,player_0142,Ethar,Ethar,medium,evidence_player_group_0142,Man,Dúnedain,Free Peoples,medium,Magic-user,Magic-user,Wizard,high,,,,,,,,,,,,,,,,,,,,classified,no,no,,,,,0,0,0,,,no,0,,0,,no,no
char_ethne,Ethne,ethne,player_0103,Edvard,Edvard [Aron],medium,evidence_player_group_0103,Elf,,Free Peoples,medium,,,,,,,,,,,,,,,,,,,,,,,,race_only,no,no,,,,,0,0,0,,,no,0,,0,,no,no
char_eto,Eto,eto,player_0194,Morfizm,Morfizm [Dmitry],medium,evidence_player_group_0194,Hobbit,Fallohide,Free Peoples,medium,Thief,Thief,Scout,high,,,,,,,,,,,,,,,,,,,,classified,no,no,,,,,0,0,0,,,no,0,,0,,no,no
char_etopal,Etopal,etopal,player_0109,Nighthawk,Nighthawk,medium,evidence_player_group_0109,Hobbit,,Free Peoples,medium,,,,,,,,,,,,,,,,,,,,,,,,race_only,no,no,,,,,0,0,0,,,no,0,,0,,no,no
char_evandaar,Evandaar,evandaar,player_0180,Evandaar,Evandaar [Daniel],medium,evidence_player_group_0180,Maia,,Immortals,high,Cartographer,Cartographer,Cartographer,high,,,,,,,Maia,M,Cartographer,current,Maia,no,no,2026_06_16_current_immortals,MUME current immortal list,List current as of 2026-06-16,immortal_2026_06_16_current_immortals_evandaar_70_listed_current_immortal,candidate,Copied by Lewis. (+m) means the immortal is also a Maiar Muddler / muddle code contributor.,immortal,yes,yes,data/evidence/whois_display/html/evandaar.html,data/evidence/whois_display/text/evandaar.txt,mha:evandaar:1781579615:cc852dac,high,0,0,0,,,no,0,,0,,no,no
char_everhate,Everhate,everhate,player_0002,Ajax,Ajax,medium,evidence_player_group_0002,Orc,Tarkhnarb,Minions of Sauron,high,Warrior,Warrior,Battlemistress,high,,,,,female,high,,,,,,,,,,,,,,classified,no,no,,,,,0,0,0,,,no,0,,0,,no,no
char_exiled,Exiled,exiled,player_0044,Perago,Perago,medium,evidence_player_group_0044,Elf,,Free Peoples,medium,,,,,,,,,,,,,,,,,,,,,,,,race_only,no,no,,,,,0,0,0,,,no,0,,0,,no,no
char_fable,Fable,fable,player_0094,Almarian,Almarian,medium,evidence_player_group_0094,Orc,,Minions of Sauron,high,,,Snaga,low,,,,,,,,,,,,,,,,,,,,generic_title_no_class,no,no,,,,,0,0,0,,,no,0,,0,,no,no
char_faelandir,Faelandir,faelandir,player_0074,Tardeer,Tardeer [Silverberg],medium,evidence_player_group_0074,,,,,,,,,,,,,,,,,,,,,,,,,,,,no_whois_classification,no,no,,,,,0,0,0,,,no,0,,0,,yes,yes
char_fahil,Fahil,fahil,player_0175,Vaab,Vaab [Joey],medium,evidence_player_group_0175,,,,,,,,,,,,,,,,,,,,,,,,,,,,no_whois_classification,no,no,,,,,0,0,0,,,no,0,,0,,yes,yes
char_faint,Faint,faint,player_0029,Faint,Faint,medium,evidence_player_group_0029,Maia,,Immortals,high,,,,,,,,,,,Maia,M,,retired,Boardreader,no,no,2026_06_16_retired_immortals,MUME retired immortal list,List current as of 2026-06-16,immortal_2026_06_16_retired_immortals_faint_443_listed_retired_immortal,candidate,Copied by Lewis. Includes Boardreaders and honorary True Legend entry for Norsu.,immortal,yes,yes,data/evidence/whois_display/html/faint.html,data/evidence/whois_display/text/faint.txt,mha:faint:1781579648:5b9a4a2e,high,20,14,14,heading_name_list:20,Wenom; Warzûr; Wozno; Wierd; Thorzor; Nushenak; Sophia; Malus; Nazhtrah; Vizh,no,0,,0,,no,yes
char_fairy,Fairy,fairy,player_0003,Burb,Burb,medium,evidence_player_group_0003,Elf,Sindarin,Free Peoples,medium,Magic-user,Magic-user,Witch,high,,,,,female,high,,,,,,,,,,,,,,classified,no,no,,,,,0,0,0,,,no,0,,0,,no,no
char_falanor,Falanor,falanor,player_0201,Omen,Omen [Alexander],medium,evidence_player_group_0201,Elf,Silvan,Free Peoples,medium,Cleric,Cleric,Healer,high,,,,,,,,,,,,,,,,,,,,classified,no,no,,,,,0,0,0,,,yes,1,29.0,0,,no,no
char_falathrim,Falathrim,falathrim,player_0035,Fankil,Fankil [Alexander],medium,evidence_player_group_0035,,,,,,,,,,,,,,,,,,,,,,,,,,,,no_whois_classification,no,no,,,,,0,0,0,,,no,0,,0,,yes,yes
char_faldir,Faldir,faldir,player_0020,Bubla,Bubla,medium,evidence_player_group_0020,Man,Eriadorian,Free Peoples,medium,General,General,Ranger,medium,High Track; exact requirement uncertain and probably not 100%+,,,,,,,,,,,,,,,,,,,classified,no,no,,,,,0,0,0,,,no,0,,0,,no,no
char_falemir,Falemir,falemir,player_0050,Simba,Simba,medium,evidence_player_group_0050,,,,,,,,,,,,,,,,,,,,,,,,,,,,no_whois_classification,no,no,,,,,0,0,0,,,no,0,,0,,yes,yes
char_falenor,Falenor,falenor,player_0048,Draggor,Draggor,medium,evidence_player_group_0048,Elf,Silvan,Free Peoples,medium,General,General,Rider,medium,90% Ride,,,,,,,,,,,,,,,,,,,classified,no,no,,,,,0,0,0,,,yes,1,29.0,0,,no,no
char_famas,Famas,famas,player_0038,Sabadon,Sabadon,medium,evidence_player_group_0038,,,,,,,,,,,,,,,,,,,,,,,,,,,,no_whois_classification,no,no,,,,,0,0,0,,,no,0,,0,,yes,yes
char_famine,Famine,famine,player_0131,Feagil,Feagil,medium,evidence_player_group_0131,Man,Black Númenórean,Minions of Sauron,high,Warrior,Warrior,Mercenary,low,,,,,,,,,,,,,,,,,,,,classified,no,no,,,,,0,0,0,,,no,0,,0,,no,no
char_fankil,Fankil,fankil,player_0035,Fankil,Fankil [Alexander],medium,evidence_player_group_0035,Maia,,Immortals,high,Shaper,Shaper,Shaper,high,,,,,,,Maia,M,Shaper,current,Maia,no,no,2026_06_16_current_immortals,MUME current immortal list,List current as of 2026-06-16,immortal_2026_06_16_current_immortals_fankil_20_listed_current_immortal,candidate,Copied by Lewis. (+m) means the immortal is also a Maiar Muddler / muddle code contributor.,immortal,yes,yes,data/evidence/whois_display/html/fankil.html,data/evidence/whois_display/text/fankil.txt,mha:fankil:1781579670:dbc2785b,high,0,0,0,,,no,0,,0,,no,no
char_faradoc,Faradoc,faradoc,player_0017,Alkar,Alkar,medium,evidence_player_group_0017,Hobbit,,Free Peoples,medium,,,,,,,,,,,,,,,,,,,,,,,,race_only,no,no,,,,,0,0,0,,,no,0,,0,,no,no
char_faramin,Faramin,faramin,player_0018,Feanor,Feanor,medium,evidence_player_group_0018,Man,Dúnedain,Free Peoples,medium,Cleric,Cleric,Healer,high,,,,,,,,,,,,,,,,,,,,classified,no,no,,,,,0,0,0,,,no,0,,0,,no,no
char_fardin,Fardin,fardin,player_0061,Siroth,Siroth,medium,evidence_player_group_0061,,,,,,,,,,,,,,,,,,,,,,,,,,,,no_whois_classification,no,no,,,,,0,0,0,,,no,0,,0,,yes,yes
char_farin,Farin,farin,player_0013,Farin,Farin,medium,evidence_player_group_0013,Maia,,Immortals,high,,,,,,,,,,,Maia,M,,retired,Boardreader,no,no,2026_06_16_retired_immortals,MUME retired immortal list,List current as of 2026-06-16,immortal_2026_06_16_retired_immortals_farin_444_listed_retired_immortal,candidate,Copied by Lewis. Includes Boardreaders and honorary True Legend entry for Norsu.,immortal,yes,yes,data/evidence/whois_display/html/farin.html,data/evidence/whois_display/text/farin.txt,mha:farin:1781579676:6031b96a,high,38,28,28,comma_name_list:28; heading_name_list:10,Chak; Ruul; Ickabod; Serate; Patty; Khad; Eldan; Valen; Jimbo; Uland; Oile; Lothl,no,0,,0,,no,yes
char_farion,Farion,farion,player_0004,Wow,Wow,medium,evidence_player_group_0004,Elf,,Free Peoples,medium,,,,,,,,,,,,,,,,,,,,,,,,race_only,no,no,,,,,0,0,0,,,no,0,,0,,no,no
char_feagil,Feagil,feagil,player_0131,Feagil,Feagil,medium,evidence_player_group_0131,Maia,,Immortals,high,Cartographer,Cartographer,Cartographer,high,,,,,,,Maia,M,Cartographer,retired,Maia,no,no,2026_06_16_retired_immortals,MUME retired immortal list,List current as of 2026-06-16,immortal_2026_06_16_retired_immortals_feagil_235_listed_retired_immortal,candidate,Copied by Lewis. Includes Boardreaders and honorary True Legend entry for Norsu.,immortal,no,no,,,,,0,0,0,,,no,0,,0,,no,no
char_feagor,Feagor,feagor,player_0007,Diamonium,Diamonium,medium,evidence_player_group_0007,Half-Elf,,Free Peoples,medium,,,,,,,,,,,,,,,,,,,,,,,,race_only,no,no,,,,,0,0,0,,,no,0,,0,,no,no
char_feagwath,Feagwath,feagwath,player_0036,Atlas,Atlas,medium,evidence_player_group_0036,Man,Black Númenórean,Minions of Sauron,high,,,,,,,,,,,,,,,,,,,,,,,,race_only,no,no,,,,,0,0,0,,,no,0,,0,,no,no
char_feanor,Feanor,feanor,player_0018,Feanor,Feanor,medium,evidence_player_group_0018,Vala,,Immortals,high,Architect,Architect,Architect,high,,,,,,,Vala,V,Architect,retired,Vala,no,no,2026_06_16_retired_immortals,MUME retired immortal list,List current as of 2026-06-16,immortal_2026_06_16_retired_immortals_feanor_50_listed_retired_immortal,candidate,Copied by Lewis. Includes Boardreaders and honorary True Legend entry for Norsu.,immortal,no,no,,,,,0,0,0,,,no,0,,0,,no,no
char_fear,Fear,fear,player_0028,Enforcer,Enforcer [Ert],medium,evidence_player_group_0028,Troll,,Minions of Sauron,high,,,,,,,,,,,,,,,,,,,,,,,,race_only,no,no,,,,,0,0,0,,,no,0,,0,,no,no
char_fearan,Fearan,fearan,player_0017,Alkar,Alkar,medium,evidence_player_group_0017,Elf,,Free Peoples,medium,,,,,,,,,,,,,,,,,,,,,,,,race_only,no,no,,,,,0,0,0,,,no,0,,0,,no,no
char_fearendil,Fearendil,fearendil,player_0205,Fearendil,Fearendil [Dmitry],medium,evidence_player_group_0205,Elf,Noldorin,Free Peoples,medium,Thief,Thief,Scout,high,,,,,,,,,,,,,,,,,,,,classified,no,no,,,,,0,0,0,,,no,0,,0,,no,no
char_fearless,Fearless,fearless,player_0081,Vassago,Vassago,medium,evidence_player_group_0081,Orc,Tarkhnarb,Minions of Sauron,high,Warrior,Warrior,Fighter,low,,,,,,,,,,,,,,,,,,,,classified,no,no,,,,,0,0,0,,,no,0,,0,,no,no
char_fearsome,Fearsome,fearsome,player_0114,Echo,Echo,medium,evidence_player_group_0114,,,,,,,,,,,,,,,,,,,,,,,,,,,,no_whois_classification,no,no,,,,,0,0,0,,,no,0,,0,,yes,yes
char_fenir,Fenir,fenir,player_0158,Ainafea,Ainafea,medium,evidence_player_group_0158,Man,,Free Peoples,medium,,,,,,,,,,,,,,,,,,,,,,,,race_only,no,no,,,,,0,0,0,,,no,0,,0,,no,no
char_feon,Feon,feon,player_0079,Feon,Feon [Johan],medium,evidence_player_group_0079,Maia,,Immortals,high,,,,,,,,,,,Maia,M,,retired,Boardreader,no,no,2026_06_16_retired_immortals,MUME retired immortal list,List current as of 2026-06-16,immortal_2026_06_16_retired_immortals_feon_450_listed_retired_immortal,candidate,Copied by Lewis. Includes Boardreaders and honorary True Legend entry for Norsu.,immortal,yes,yes,data/evidence/whois_display/html/feon.html,data/evidence/whois_display/text/feon.txt,mha:feon:1781579706:cb29f34a,high,16,10,10,comma_name_list:16,Olorion; Dax; Ilmacill; Scantha; Prosit; Telumehtar; Niedorel; Vandal,no,0,,0,,no,yes
char_feorwyn,Feorwyn,feorwyn,player_0139,Naga,Naga,medium,evidence_player_group_0139,Man,Rohirrim,Free Peoples,medium,General,General,Rider,medium,90% Ride,,,,,,,,,,,,,,,,,,,classified,no,no,,,,,0,0,0,,,yes,1,25.0,0,,no,no
char_feriand,Feriand,feriand,player_0006,Chavez,Chavez,medium,evidence_player_group_0006,Hobbit,Harfoot,Free Peoples,medium,General,General,Hero,medium,,,,,,,,,,,,,,,,,,,,classified,no,no,,,,,0,0,0,,,no,0,,0,,no,no
char_fero,Fero,fero,player_0020,Bubla,Bubla,medium,evidence_player_group_0020,Dwarf,,Free Peoples,medium,,,,,,,,,,,,,,,,,,,,,,,,race_only,no,no,,,,,0,0,0,,,no,0,,0,,no,no
char_ferska,Ferska,ferska,player_0031,Swork,Swork,medium,evidence_player_group_0031,Man,Rohirrim,Free Peoples,medium,Magic-user,Magic-user,Sage,high,,,,,,,,,,,,,,,,,,,,classified,no,no,,,,,0,0,0,,,no,0,,0,,no,no
char_fiend,Fiend,fiend,player_0028,Enforcer,Enforcer [Ert],medium,evidence_player_group_0028,Orc,Tarkhnarb,Minions of Sauron,high,Warrior,Warrior,Battlemaster,high,,,,,,,,,,,,,,,,,,,,classified,no,no,,,,,0,0,0,,,no,0,,0,,no,no
char_fierce,Fierce,fierce,player_0001,Rogon,Rogon,medium,evidence_player_group_0001,Troll,Cave Troll,Minions of Sauron,high,Warrior,Warrior,Warrior,medium,,,,,,,,,,,,,,,,,,,,parser_suspect_or_custom_descriptor,no,no,,,,,0,0,0,,,no,0,,0,,yes,yes
char_filia,Filia,filia,player_0139,Naga,Naga,medium,evidence_player_group_0139,Man,Beorning,Free Peoples,medium,,,,,,,,,,,,,,,,,,,,,,,,race_only,no,no,,,,,0,0,0,,,no,0,,0,,no,no
char_filibert,Filibert,filibert,player_0046,Filibert,Filibert,medium,evidence_player_group_0046,Maia,,Immortals,high,,,,,,,,,,,Maia,M,,retired,Boardreader,no,no,2026_06_16_retired_immortals,MUME retired immortal list,List current as of 2026-06-16,immortal_2026_06_16_retired_immortals_filibert_455_listed_retired_immortal,candidate,Copied by Lewis. Includes Boardreaders and honorary True Legend entry for Norsu.,immortal,yes,yes,data/evidence/whois_display/html/filibert.html,data/evidence/whois_display/text/filibert.txt,mha:filibert:1781579745:aa4df4ad,high,0,0,0,,,no,0,,2,medium:2,no,yes
char_filth,Filth,filth,player_0003,Burb,Burb,medium,evidence_player_group_0003,,,,,,,,,,,,,,,,,,,,,,,,,,,,no_whois_classification,no,no,,,,,0,0,0,,,no,0,,0,,yes,yes
char_finadriel,Finadriel,finadriel,player_0195,Porien,Porien [Dmitry],medium,evidence_player_group_0195,Elf,,Free Peoples,medium,,,,,,,,,,,,,,,,,,,,,,,,race_only,no,no,,,,,0,0,0,,,no,0,,0,,no,no
char_findo,Findo,findo,player_0201,Omen,Omen [Alexander],medium,evidence_player_group_0201,Elf,,Free Peoples,medium,,,,,,,,,,,,,,,,,,,,,,,,race_only,no,no,,,,,0,0,0,,,no,0,,0,,no,no
char_finduilas,Finduilas,finduilas,player_0052,Salmar,Salmar,medium,evidence_player_group_0052,Elf,,Free Peoples,medium,,,,,,,,,,,,,,,,,,,,,,,,race_only,no,no,,,,,0,0,0,,,no,0,,0,,no,no
char_fingeror,Fingeror,fingeror,player_0008,Fingeror,Fingeror [Jocke],medium,evidence_player_group_0008,Elf,Sindarin,Free Peoples,medium,General,General,Hero,medium,,,,,,,,,,,,,,,,,,,,classified,no,no,,,,,0,0,0,,,no,0,,0,,no,no
char_fiolas,Fiolas,fiolas,player_0072,Valamir,Valamir [Ole],medium,evidence_player_group_0072,,,,,,,,,,,,,,,,,,,,,,,,,,,,no_whois_classification,no,no,,,,,0,0,0,,,no,0,,0,,yes,yes
char_firewalker,Firewalker,firewalker,player_0224,Firewalker,Firewalker,medium,evidence_player_group_0224,Elf,,Free Peoples,medium,,,,,,,,,,,,,,,,,,,,,,,,race_only,no,no,,,,,0,0,0,,,no,0,,0,,no,no
char_fisben,Fisben,fisben,player_0198,Fisben,Fisben [Gleb],medium,evidence_player_group_0198,Elf,,Free Peoples,medium,,,,,,,,,,,,,,,,,,,,,,,,race_only,no,no,,,,,0,0,0,,,no,0,,0,,no,no
char_flanker,Flanker,flanker,player_0087,Bounty,Bounty,medium,evidence_player_group_0087,,,,,,,,,,,,,,,,,,,,,,,,,,,,no_whois_classification,no,no,,,,,0,0,0,,,no,0,,0,,yes,yes
char_floi,Floi,floi,player_0107,Ares,Ares,medium,evidence_player_group_0107,Dwarf,Longbeard,Free Peoples,medium,General,General,Hero,medium,,,,,,,,,,,,,,,,,,,,classified,no,no,,,,,0,0,0,,,no,0,,0,,no,no
char_foad,Foad,foad,player_0179,Delfi,Delfi [Per],medium,evidence_player_group_0179,,,,,,,,,,,,,,,,,,,,,,,,,,,,no_whois_classification,no,no,,,,,0,0,0,,,no,0,,0,,yes,yes
char_folko,Folko,folko,player_0199,Roman,Roman [Roman],medium,evidence_player_group_0199,Hobbit,Stoor,Free Peoples,medium,General,General,Hero,medium,,,,,,,,,,,,,,,,,,,,classified,no,no,,,,,0,0,0,,,no,0,,0,,no,no
char_fong,Fong,fong,player_0064,Saeth,Saeth [Wojtek],medium,evidence_player_group_0064,Elf,Silvan,Free Peoples,medium,General,General,Adventurer,medium,,,,,,,,,,,,,,,,,,,,classified,no,no,,,,,0,0,0,,,no,0,,0,,no,no
char_forin,Forin,forin,player_0047,Idun,Idun,medium,evidence_player_group_0047,Dwarf,,Free Peoples,medium,Warrior,Warrior,Warrior,medium,,,,,,,,,,,,,,,,,,,,classified,no,no,,,,,0,0,0,,,no,0,,0,,no,no
char_forrest,Forrest,forrest,player_0134,Chauncey,Chauncey,medium,evidence_player_group_0134,Hobbit,Stoor,Free Peoples,medium,Thief,Thief,Burglar,low,,,,,,,,,,,,,,,,,,,,classified,no,no,,,,,0,0,0,,,no,0,,0,,no,no
char_fortran,Fortran,fortran,player_0208,Anton,Anton [Anton],medium,evidence_player_group_0208,Half-Elf,,Free Peoples,medium,Cleric,Cleric,Priest,high,,,,,,,,,,,,,,,,,,,,classified,no,no,,,,,0,0,0,,,no,0,,0,,no,no
char_forve,Forve,forve,player_0200,Helga,Helga [Aleks],medium,evidence_player_group_0200,Half-Elf,,Free Peoples,medium,General,General,Hero,medium,,,,,,,,,,,,,,,,,,,,classified,no,no,,,,,0,0,0,,,no,0,,0,,no,no
char_fragir,Fragir,fragir,player_0021,Cormac,Cormac,medium,evidence_player_group_0021,Dwarf,,Free Peoples,medium,Cleric,Cleric,Priest,high,,,,,,,,,,,,,,,,,,,,classified,no,no,,,,,1,0,0,quoted_speaker:1,Goia,no,0,,2,medium:2,no,yes
char_francis,Francis,francis,player_0136,Francis,Francis,medium,evidence_player_group_0136,Dwarf,,Free Peoples,medium,,,,,,,,,,,,,,,,,,,,,,,,race_only,no,no,,,,,0,0,0,,,no,0,,0,,no,no
char_fredde,Fredde,fredde,player_0110,Fredde,Fredde [Fredde],medium,evidence_player_group_0110,Maia,,Immortals,high,Cartographer,Cartographer,Cartographer,high,,,,,,,Maia,M,Cartographer,retired,Maia,no,no,2026_06_16_retired_immortals,MUME retired immortal list,List current as of 2026-06-16,immortal_2026_06_16_retired_immortals_fredde_240_listed_retired_immortal,candidate,Copied by Lewis. Includes Boardreaders and honorary True Legend entry for Norsu.,immortal,yes,yes,data/evidence/whois_display/html/fredde.html,data/evidence/whois_display/text/fredde.txt,mha:fredde:1781579844:86da2bc3,high,14,14,14,comma_name_list:14,Nazghol; Kasach; Baurk; Kotta; Seek; Glenn; Sistina,no,0,,0,,no,yes
char_freight,Freight,freight,player_0148,Ytinas,Ytinas,medium,evidence_player_group_0148,Troll,Cave Troll,Minions of Sauron,high,Warrior,Warrior,Wrecker,low,,,,,,,,,,,,,,,,,,,,classified,no,no,,,,,0,0,0,,,no,0,,0,,no,no
char_friar,Friar,friar,player_0155,Bellows,Bellows [Matt],medium,evidence_player_group_0155,Hobbit,,Free Peoples,medium,,,,,,,,,,,,,,,,,,,,,,,,race_only,no,no,,,,,0,0,0,,,no,0,,0,,no,no
char_frink,Frink,frink,player_0220,Strine,Strine,medium,evidence_player_group_0220,Troll,,Minions of Sauron,high,,,,,,,,,,,,,,,,,,,,,,,,race_only,no,no,,,,,0,0,0,,,no,0,,0,,no,no
char_friso,Friso,friso,player_0136,Francis,Francis,medium,evidence_player_group_0136,,,,,,,,,,,,,,,,,,,,,,,,,,,,no_whois_classification,no,no,,,,,0,0,0,,,no,0,,0,,yes,yes
char_frukghash,Frukghash,frukghash,player_0098,Dragor,Dragor,medium,evidence_player_group_0098,,,,,,,,,,,,,,,,,,,,,,,,,,,,no_whois_classification,no,no,,,,,0,0,0,,,no,0,,0,,yes,yes
char_fubar,Fubar,fubar,player_0100,Quillis,Quillis,medium,evidence_player_group_0100,Troll,,Minions of Sauron,high,,,,,,,,,,,,,,,,,,,,,,,,race_only,no,no,,,,,0,0,0,,,no,0,,0,,no,no
char_fui,Fui,fui,player_0125,Ausir,Ausir,medium,evidence_player_group_0125,Orc,,Minions of Sauron,high,,,,,,,,,,,,,,,,,,,,,,,,race_only,no,no,,,,,0,0,0,,,no,0,,0,,no,no
char_fuor,Fuor,fuor,player_0017,Alkar,Alkar,medium,evidence_player_group_0017,Man,Dúnedain,Free Peoples,medium,Cleric,Cleric,Priest,high,,,,,,,,,,,,,,,,,,,,classified,no,no,,,,,0,0,0,,,no,0,,0,,no,no
char_furfoot,Furfoot,furfoot,player_0037,Bobbie,Bobbie,medium,evidence_player_group_0037,Hobbit,,Free Peoples,medium,,,,,,,,,,,,,,,,,,,,,,,,race_only,no,no,,,,,0,0,0,,,yes,1,9.0,0,,no,no
char_gabil,Gabil,gabil,player_0131,Feagil,Feagil,medium,evidence_player_group_0131,,,,,,,,,,,,,,,,,,,,,,,,,,,,no_whois_classification,no,no,,,,,0,0,0,,,no,0,,0,,yes,yes
char_gad,Gad,gad,player_0202,Cerleg,Cerleg [Alex],medium,evidence_player_group_0202,,,,,,,,,,,,,,,,,,,,,,,,,,,,no_whois_classification,no,no,,,,,0,0,0,,,no,0,,0,,yes,yes
char_gadmac,Gadmac,gadmac,player_0012,Axel,Axel [Axel],medium,evidence_player_group_0012,,,,,,,,,,,,,,,,,,,,,,,,,,,,no_whois_classification,no,no,,,,,0,0,0,,,no,0,,0,,yes,yes
char_gage,Gage,gage,player_0100,Quillis,Quillis,medium,evidence_player_group_0100,Dwarf,,Free Peoples,medium,,,,,,,,,,,,,,,,,,,,,,,,race_only,no,no,,,,,0,0,0,,,no,0,,2,medium:2,no,yes
char_galadon,Galadon,galadon,player_0060,Amandil,Amandil,medium,evidence_player_group_0060,Elf,,Free Peoples,medium,,,,,,,,,,,,,,,,,,,,,,,,race_only,no,no,,,,,0,0,0,,,no,0,,0,,no,no
char_galerech,Galerech,galerech,player_0142,Ethar,Ethar,medium,evidence_player_group_0142,Elf,Noldorin,Free Peoples,medium,Cleric,Cleric,Master Healer,high,,,,,,,,,,,,,,,,,,,,classified,no,no,,,,,0,0,0,,,no,0,,0,,no,no
char_galowyn,Galowyn,galowyn,player_0101,Healy,Healy,medium,evidence_player_group_0101,Elf,Noldorin,Free Peoples,medium,Warrior,Warrior,Battlemaster,high,,,,,,,,,,,,,,,,,,,,classified,no,no,,,,,0,0,0,,,no,0,,0,,no,no
char_galurin,Galurin,galurin,player_0154,Bishn�k,Bishn�k [Eric],medium,evidence_player_group_0154,Elf,,Free Peoples,medium,,,,,,,,,,,,,,,,,,,,,,,,race_only,no,no,,,,,0,0,0,,,no,0,,0,,no,no
char_gamak,Gamak,gamak,player_0004,Wow,Wow,medium,evidence_player_group_0004,Orc,,Minions of Sauron,high,,,,,,,,,,,,,,,,,,,,,,,,race_only,no,no,,,,,0,0,0,,,no,0,,0,,no,no
char_gamli,Gamli,gamli,player_0153,Gloha,Gloha,medium,evidence_player_group_0153,Dwarf,Broadbeam,Free Peoples,medium,Warrior,Warrior,Soldier,high,,,,,,,,,,,,,,,,,,,,classified,no,no,,,,,0,0,0,,,no,0,,0,,no,no
char_gamram,Gamram,gamram,player_0168,Linar,Linar,medium,evidence_player_group_0168,Dwarf,,Free Peoples,medium,General,General,Ranger,medium,High Track; exact requirement uncertain and probably not 100%+,,,,,,,,,,,,,,,,,,,classified,no,no,,,,,0,0,0,,,no,0,,0,,no,no
char_garkan,Garkan,garkan,player_0115,Marillion,Marillion,medium,evidence_player_group_0115,,,,,,,,,,,,,,,,,,,,,,,,,,,,no_whois_classification,no,no,,,,,0,0,0,,,no,0,,0,,yes,yes
char_gattling,Gattling,gattling,player_0123,Gattling,Gattling,medium,evidence_player_group_0123,Maia,,Immortals,high,Wright,Wright,Wright,high,,,,,,,Maia,M,Wright,retired,Maia,no,no,2026_06_16_retired_immortals,MUME retired immortal list,List current as of 2026-06-16,immortal_2026_06_16_retired_immortals_gattling_105_listed_retired_immortal,candidate,Copied by Lewis. Includes Boardreaders and honorary True Legend entry for Norsu.,immortal,yes,yes,data/evidence/whois_display/html/gattling.html,data/evidence/whois_display/text/gattling.txt,mha:gattling:1781579938:6dcbaa6d,high,0,0,0,,,yes,2,7.0,0,,no,no
char_gauldoth,Gauldoth,gauldoth,player_0198,Fisben,Fisben [Gleb],medium,evidence_player_group_0198,Orc,Tarkhnarb,Minions of Sauron,high,General,General,Champion,medium,,,,,,,,,,,,,,,,,,,,classified,no,no,,,,,0,0,0,,,no,0,,0,,no,no
char_gaurhir,Gaurhir,gaurhir,player_0083,Goretongue,Goretongue [Jeremiah],medium,evidence_player_group_0083,Orc,Tarkhnarb,Minions of Sauron,high,Warrior,Warrior,Warg-rider,low,,,,,,,,,,,,,,,,,,,,classified,no,no,,,,,0,0,0,,,no,0,,0,,no,no
char_gaurog,Gaurog,gaurog,player_0083,Goretongue,Goretongue [Jeremiah],medium,evidence_player_group_0083,Orc,,Minions of Sauron,high,Thief,Thief,Murderer,medium,,,,,,,,,,,,,,,,,,,,classified,no,no,,,,,0,0,0,,,no,0,,0,,no,no
char_gauruk,Gauruk,gauruk,player_0159,Beorel,Beorel,medium,evidence_player_group_0159,Orc,Tarkhnarb,Minions of Sauron,high,Cleric,Cleric,Shaman,low,,,,,,,,,,,,,,,,,,,,classified,no,no,,,,,0,0,0,,,no,0,,0,,no,no
char_gaylord,Gaylord,gaylord,player_0086,Squiffy,Squiffy,medium,evidence_player_group_0086,,,,,,,,,,,,,,,,,,,,,,,,,,,,no_whois_classification,no,no,,,,,0,0,0,,,no,0,,0,,yes,yes
char_gazel,Gazel,gazel,player_0199,Roman,Roman [Roman],medium,evidence_player_group_0199,Orc,,Minions of Sauron,high,,,,,,,,,,,,,,,,,,,,,,,,race_only,no,no,,,,,0,0,0,,,no,0,,0,,no,no
char_geirrodr,Geirrodr,geirrodr,player_0047,Idun,Idun,medium,evidence_player_group_0047,Troll,Cave Troll,Minions of Sauron,high,Warrior,Warrior,Warrior,medium,,,,,,,,,,,,,,,,,,,,classified,no,no,,,,,0,0,0,,,no,0,,0,,no,no
char_gelion,Gelion,gelion,player_0114,Echo,Echo,medium,evidence_player_group_0114,,,,,,,,,,,,,,,,,,,,,,,,,,,,no_whois_classification,no,no,,,,,0,0,0,,,no,0,,0,,yes,yes
char_gena,Gena,gena,player_0164,Gobakapp,Gobakapp,medium,evidence_player_group_0164,,,,,,,,,,,,,,,,,,,,,,,,,,,,no_whois_classification,no,no,,,,,0,0,0,,,no,0,,0,,yes,yes
char_gereb,Gereb,gereb,player_0038,Sabadon,Sabadon,medium,evidence_player_group_0038,Man,,Free Peoples,medium,,,,,,,,,,,,,,,,,,,,,,,,race_only,no,no,,,,,0,0,0,,,no,0,,1,low:1,no,yes
char_geri,Geri,geri,player_0001,Rogon,Rogon,medium,evidence_player_group_0001,Orc,,Minions of Sauron,high,,,,,,,,,,,,,,,,,,,,,,,,race_only,no,no,,,,,0,0,0,,,no,0,,0,,no,no
char_ghostly,Ghostly,ghostly,player_0015,Ghostly,Ghostly,medium,evidence_player_group_0015,Vala,,Immortals,high,Architect,Architect,Architect,high,,,,,,,Vala,V,Architect,retired,Vala,no,no,2026_06_16_retired_immortals,MUME retired immortal list,List current as of 2026-06-16,immortal_2026_06_16_retired_immortals_ghostly_52_listed_retired_immortal,candidate,Copied by Lewis. Includes Boardreaders and honorary True Legend entry for Norsu.,immortal,yes,yes,data/evidence/whois_display/html/ghostly.html,data/evidence/whois_display/text/ghostly.txt,mha:ghostly:1781579987:d945de93,high,0,0,0,,,no,0,,0,,no,no
char_ghourne,Ghourne,ghourne,player_0126,Deris,Deris,medium,evidence_player_group_0126,,,,,,,,,,,,,,,,,,,,,,,,,,,,no_whois_classification,no,no,,,,,0,0,0,,,no,0,,0,,yes,yes
char_gilcon,Gilcon,gilcon,player_0104,Donutello,Donutello,medium,evidence_player_group_0104,Elf,Noldorin,Free Peoples,medium,Magic-user,Magic-user,Wizard,high,,,,,,,,,,,,,,,,,,,,classified,no,no,,,,,0,0,0,,,no,0,,0,,no,no
char_gildur,Gildur,gildur,player_0052,Salmar,Salmar,medium,evidence_player_group_0052,Half-Elf,,Free Peoples,medium,,,,,,,,,,,,,,,,,,,,,,,,race_only,no,no,,,,,0,0,0,,,no,0,,1,medium:1,no,yes
char_gilmandir,Gilmandir,gilmandir,player_0137,Tear,Tear,medium,evidence_player_group_0137,Elf,,Free Peoples,medium,,,,,,,,,,,,,,,,,,,,,,,,race_only,no,no,,,,,0,0,0,,,no,0,,0,,no,no
char_gilmas,Gilmas,gilmas,player_0067,David,David [David],medium,evidence_player_group_0067,,,,,,,,,,,,,,,,,,,,,,,,,,,,no_whois_classification,no,no,,,,,0,0,0,,,no,0,,0,,yes,yes
char_gilror,Gilror,gilror,player_0058,Steele,Steele [Dan],medium,evidence_player_group_0058,,,,,,,,,,,,,,,,,,,,,,,,,,,,no_whois_classification,no,no,,,,,0,0,0,,,no,0,,0,,yes,yes
char_gimilzor,Gimilzor,gimilzor,player_0159,Beorel,Beorel,medium,evidence_player_group_0159,Man,Black Númenórean,Minions of Sauron,high,,,,,,,,,,,,,,,,,,,,,,,,race_only,no,no,,,,,0,0,0,,,no,0,,0,,no,no
char_gimlung,Gimlung,gimlung,player_0161,Halir,Halir,medium,evidence_player_group_0161,Dwarf,,Free Peoples,medium,,,,,,,,,,,,,,,,,,,,,,,,race_only,no,no,,,,,0,0,0,,,no,0,,0,,no,no
char_ginlon,Ginlon,ginlon,player_0033,Ginlon,Ginlon,medium,evidence_player_group_0033,Elf,,Free Peoples,medium,,,,,,,,,,,,,,,,,,,,,,,,race_only,no,no,,,,,0,0,0,,,yes,1,11.5,0,,no,no
char_giralion,Giralion,giralion,player_0047,Idun,Idun,medium,evidence_player_group_0047,,,,,,,,,,,,,,,,,,,,,,,,,,,,no_whois_classification,no,no,,,,,0,0,0,,,no,0,,0,,yes,yes
char_girando,Girando,girando,player_0012,Axel,Axel [Axel],medium,evidence_player_group_0012,Man,Black Númenórean,Minions of Sauron,high,Magic-user,Magic-user,Wizard,high,,,,,,,,,,,,,,,,,,,,classified,no,no,,,,,0,0,0,,,no,0,,0,,no,no
char_girithol,Girithol,girithol,player_0147,Girithol,Girithol,medium,evidence_player_group_0147,Half-Elf,,Free Peoples,medium,General,General,Rider,medium,90% Ride,,,,,,,,,,,,,,,,,,,classified,no,no,,,,,0,0,0,,,no,0,,0,,no,no
char_glabthrak,Glabthrak,glabthrak,player_0038,Sabadon,Sabadon,medium,evidence_player_group_0038,,,,,,,,,,,,,,,,,,,,,,,,,,,,no_whois_classification,no,no,,,,,0,0,0,,,no,0,,0,,yes,yes
char_glabur,Glabur,glabur,player_0078,Khozdul,Khozdul [Calle],medium,evidence_player_group_0078,,,,,,,,,,,,,,,,,,,,,,,,,,,,no_whois_classification,no,no,,,,,0,0,0,,,no,0,,0,,yes,yes
char_glader,Glader,glader,player_0159,Beorel,Beorel,medium,evidence_player_group_0159,,,,,,,,,,,,,,,,,,,,,,,,,,,,no_whois_classification,no,no,,,,,0,0,0,,,no,0,,0,,yes,yes
char_gladush,Gladush,gladush,player_0052,Salmar,Salmar,medium,evidence_player_group_0052,Orc,Tarkhnarb,Minions of Sauron,high,Warrior,Warrior,Warrior,medium,,,,,,,,,,,,,,,,,,,,classified,no,no,,,,,0,0,0,,,no,0,,0,,no,no
char_glamduril,Glamduril,glamduril,player_0161,Halir,Halir,medium,evidence_player_group_0161,Elf,Noldorin,Free Peoples,medium,,,,,,,,,,,,,,,,,,,,,,,,race_only,no,no,,,,,26,6,6,comma_name_list:26,Uber; Hemp; Ganja; Rumble; Belsambar; Belkira; Mojo; Hudo; Gorlim; Roliowyn; Galumir; Yarblek,no,0,,0,,no,yes
char_glaran,Glaran,glaran,player_0028,Enforcer,Enforcer [Ert],medium,evidence_player_group_0028,Dwarf,,Free Peoples,medium,,,,,,,,,,,,,,,,,,,,,,,,race_only,no,no,,,,,0,0,0,,,no,0,,0,,no,no
char_glaref,Glaref,glaref,player_0081,Vassago,Vassago,medium,evidence_player_group_0081,Half-Elf,,Free Peoples,medium,Magic-user,Magic-user,Warlock,high,,,,,male,medium,,,,,,,,,,,,,,classified,no,no,,,,,0,0,0,,,no,0,,0,,no,no
char_glebus,Glebus,glebus,player_0198,Fisben,Fisben [Gleb],medium,evidence_player_group_0198,,,,,,,,,,,,,,,,,,,,,,,,,,,,no_whois_classification,no,no,,,,,0,0,0,,,no,0,,0,,yes,yes
char_glendale,Glendale,glendale,player_0138,Lochdale,Lochdale [Donal],medium,evidence_player_group_0138,Man,Eriadorian,Free Peoples,medium,General,General,Hero,medium,,,,,,,,,,,,,,,,,,,,classified,no,no,,,,,0,0,0,,,no,0,,0,,no,no
char_glenn,Glenn,glenn,player_0110,Fredde,Fredde [Fredde],medium,evidence_player_group_0110,Man,Black Númenórean,Minions of Sauron,high,,,,,,,,,,,,,,,,,,,,,,,,race_only,no,no,,,,,0,0,0,,,no,0,,0,,no,no
char_glithraril,Glithraril,glithraril,player_0183,Dizz,Dizz [Tomas],medium,evidence_player_group_0183,Elf,,Free Peoples,medium,,,,,,,,,,,,,,,,,,,,,,,,race_only,no,no,,,,,0,0,0,,,no,0,,0,,no,no
char_globur,Globur,globur,player_0072,Valamir,Valamir [Ole],medium,evidence_player_group_0072,Dwarf,,Free Peoples,medium,,,,,,,,,,,,,,,,,,,,,,,,race_only,no,no,,,,,0,0,0,,,no,0,,0,,no,no
char_gloha,Gloha,gloha,player_0153,Gloha,Gloha,medium,evidence_player_group_0153,,,,,,,,,,,,,,,,,,,,,,,,,,,,no_whois_classification,no,no,,,,,0,0,0,,,no,0,,0,,yes,yes
char_glubur,Glubur,glubur,player_0077,Winzy,Winzy [Oscar],medium,evidence_player_group_0077,Dwarf,,Free Peoples,medium,,,,,,,,,,,,,,,,,,,,,,,,race_only,no,no,,,,,0,0,0,,,no,0,,0,,no,no
char_gobakapp,Gobakapp,gobakapp,player_0164,Gobakapp,Gobakapp,medium,evidence_player_group_0164,,,,,,,,,,,,,,,,,,,,,,,,,,,,no_whois_classification,no,no,,,,,0,0,0,,,no,0,,0,,yes,yes
char_gobbler,Gobbler,gobbler,player_0129,Liliah,Liliah,medium,evidence_player_group_0129,Troll,,Minions of Sauron,high,,,,,,,,,,,,,,,,,,,,,,,,race_only,no,no,,,,,0,0,0,,,no,0,,0,,no,no
char_goldor,Goldor,goldor,player_0068,Elrik,Elrik,medium,evidence_player_group_0068,Dwarf,,Free Peoples,medium,General,General,Hero,medium,,,,,,,,,,,,,,,,,,,,classified,no,no,,,,,0,0,0,,,no,0,,0,,no,no
char_goliat,Goliat,goliat,player_0108,Toe,Toe,medium,evidence_player_group_0108,Hobbit,Fallohide,Free Peoples,medium,Cleric,Cleric,Priest,high,,,,,,,,,,,,,,,,,,,,classified,no,no,,,,,0,0,0,,,yes,1,62.0,0,,no,no
char_gomen,Gomen,gomen,player_0102,Naredhel,Naredhel,medium,evidence_player_group_0102,,,,,,,,,,,,,,,,,,,,,,,,,,,,no_whois_classification,no,no,,,,,0,0,0,,,no,0,,0,,yes,yes
char_gondgurth,Gondgurth,gondgurth,player_0007,Diamonium,Diamonium,medium,evidence_player_group_0007,,,,,,,,,,,,,,,,,,,,,,,,,,,,no_whois_classification,no,no,,,,,0,0,0,,,no,0,,0,,yes,yes
char_goretongue,Goretongue,goretongue,player_0083,Goretongue,Goretongue [Jeremiah],medium,evidence_player_group_0083,Troll,Mountain Troll,Minions of Sauron,high,Warrior,Warrior,Wrecker,low,,,,,,,,,,,,,,,,,,,,classified,no,no,,,,,0,0,0,,,no,0,,0,,no,no
char_gorlach,Gorlach,gorlach,player_0047,Idun,Idun,medium,evidence_player_group_0047,Orc,Tarkhnarb,Minions of Sauron,high,General,General,Rider,medium,90% Ride,,,,,,,,,,,,,,,,,,,classified,no,no,,,,,0,0,0,,,no,0,,0,,no,no
char_gorshak,Gorshak,gorshak,player_0088,Bulldozer,Bulldozer,medium,evidence_player_group_0088,Orc,Tarkhnarb,Minions of Sauron,high,General,General,Rider,medium,90% Ride,,,,,,,,,,,,,,,,,,,classified,no,no,,,,,0,0,0,,,no,0,,0,,no,no
char_gothia,Gothia,gothia,player_0096,Voile,Voile,medium,evidence_player_group_0096,Orc,,Minions of Sauron,high,,,,,,,,,,,,,,,,,,,,,,,,race_only,no,no,,,,,0,0,0,,,no,0,,0,,no,no
char_gothmog,Gothmog,gothmog,player_0014,Gothmog,Gothmog [Petter],medium,evidence_player_group_0014,Vala,,Immortals,high,Mudller,Mudller,Mudller,high,,,,,,,Vala,V,Mudller,retired,Vala,no,no,2026_06_16_retired_immortals,MUME retired immortal list,List current as of 2026-06-16,immortal_2026_06_16_retired_immortals_gothmog_23_listed_retired_immortal,candidate,Copied by Lewis. Includes Boardreaders and honorary True Legend entry for Norsu.,immortal,yes,yes,data/evidence/whois_display/html/gothmog.html,data/evidence/whois_display/text/gothmog.txt,mha:gothmog:1781580054:94365a2d,high,0,0,0,,,no,0,,0,,no,no
char_grab,Grab,grab,player_0051,Alantir,Alantir,medium,evidence_player_group_0051,,,,,,,,,,,,,,,,,,,,,,,,,,,,no_whois_classification,no,no,,,,,0,0,0,,,no,0,,0,,yes,yes
char_gradash,Gradash,gradash,player_0052,Salmar,Salmar,medium,evidence_player_group_0052,Orc,Tarkhnarb,Minions of Sauron,high,Thief,Thief,Archer,medium,Unknown percent Missile,,,,,,,,,,,,,,,,,,,classified,no,no,,,,,0,0,0,,,no,0,,0,,no,no
char_grak,Grak,grak,player_0126,Deris,Deris,medium,evidence_player_group_0126,Orc,Tarkhnarb,Minions of Sauron,high,Warrior,Warrior,Battlemaster,high,,,,,,,,,,,,,,,,,,,,classified,no,no,,,,,0,0,0,,,no,0,,0,,no,no
char_grakk,Grakk,grakk,player_0098,Dragor,Dragor,medium,evidence_player_group_0098,,,,,,,,,,,,,,,,,,,,,,,,,,,,no_whois_classification,no,no,,,,,0,0,0,,,no,0,,0,,yes,yes
char_grand,Grand,grand,player_0217,Beat,Beat [Joosep],medium,evidence_player_group_0217,Orc,Tarkhnarb,Minions of Sauron,high,General,General,Champion,medium,,,,,,,,,,,,,,,,,,,,classified,no,no,,,,,0,0,0,,,no,0,,0,,no,no
char_grang,Grang,grang,player_0220,Strine,Strine,medium,evidence_player_group_0220,,,,,,,,,,,,,,,,,,,,,,,,,,,,no_whois_classification,no,no,,,,,0,0,0,,,no,0,,0,,yes,yes
char_granite,Granite,granite,player_0018,Feanor,Feanor,medium,evidence_player_group_0018,Troll,Hill Troll,Minions of Sauron,high,Warrior,Warrior,Warrior,medium,,,,,,,,,,,,,,,,,,,,classified,no,no,,,,,0,0,0,,,no,0,,0,,no,no
char_granvil,Granvil,granvil,player_0086,Squiffy,Squiffy,medium,evidence_player_group_0086,Man,Black Númenórean,Minions of Sauron,high,General,General,Envoy,medium,,,,,,,,,,,,,,,,,,,,classified,no,no,,,,,0,0,0,,,no,0,,2,medium:2,no,yes
char_grashnak,Grashnak,grashnak,player_0052,Salmar,Salmar,medium,evidence_player_group_0052,Orc,,Minions of Sauron,high,,,,,,,,,,,,,,,,,,,,,,,,race_only,no,no,,,,,0,0,0,,,no,0,,0,,no,no
char_graugh,Graugh,graugh,player_0018,Feanor,Feanor,medium,evidence_player_group_0018,Orc,Tarkhnarb,Minions of Sauron,high,General,General,Rider,medium,90% Ride,,,,,,,,,,,,,,,,,,,classified,no,no,,,,,0,0,0,,,no,0,,0,,no,no
char_gray,Gray,gray,player_0190,Gray,Gray [Gray],medium,evidence_player_group_0190,Elf,Noldorin,Free Peoples,medium,Magic-user,Magic-user,Wizard,high,,,,,,,,,,,,,,,,,,,,classified,no,no,,,,,18,16,16,comma_name_list:18,Santana; Corvin; Varvar; Ulairy; Vugluskr; Orkanoid; Emmanuelle; Akela; Aeruscator,no,0,,0,,no,yes
char_greed,Greed,greed,player_0057,Kenzu,Kenzu,medium,evidence_player_group_0057,Dwarf,,Free Peoples,medium,General,General,Hero,medium,,,,,,,,,,,,,,,,,,,,classified,no,no,,,,,0,0,0,,,no,0,,0,,no,no
char_greoldreth,Greoldreth,greoldreth,player_0049,Haazheel,Haazheel,medium,evidence_player_group_0049,,,,,,,,,,,,,,,,,,,,,,,,,,,,no_whois_classification,no,no,,,,,0,0,0,,,no,0,,0,,yes,yes
char_grez,Grez,grez,player_0001,Rogon,Rogon,medium,evidence_player_group_0001,Half-Elf,,Free Peoples,medium,,,,,,,,,,,,,,,,,,,,,,,,race_only,no,no,,,,,2,2,2,quoted_speaker:2,Drow,no,0,,0,,no,yes
char_gringo,Gringo,gringo,player_0038,Sabadon,Sabadon,medium,evidence_player_group_0038,Hobbit,,Free Peoples,medium,,,,,,,,,,,,,,,,,,,,,,,,race_only,no,no,,,,,0,0,0,,,no,0,,0,,no,no
char_grino,Grino,grino,player_0199,Roman,Roman [Roman],medium,evidence_player_group_0199,Man,Black Númenórean,Minions of Sauron,high,,,,,,,,,,,,,,,,,,,,,,,,race_only,no,no,,,,,0,0,0,,,no,0,,0,,no,no
char_gris,Gris,gris,player_0072,Valamir,Valamir [Ole],medium,evidence_player_group_0072,Half-Elf,,Free Peoples,medium,,,,,,,,,,,,,,,,,,,,,,,,race_only,no,no,,,,,0,0,0,,,no,0,,0,,no,no
char_grishelda,Grishelda,grishelda,player_0058,Steele,Steele [Dan],medium,evidence_player_group_0058,Orc,Morruhk,Minions of Sauron,high,General,General,Adventurer,medium,,,,,,,,,,,,,,,,,,,,classified,no,no,,,,,0,0,0,,,no,0,,0,,no,no
char_grishnak_shag,Grishnak(Shag),grishnak-shag,player_0015,Ghostly,Ghostly,medium,evidence_player_group_0015,,,,,,,,,,,,,,,,,,,,,,,,,,,,no_whois_classification,no,no,,,,,0,0,0,,,no,0,,0,,yes,yes
char_grishtar,Grishtar,grishtar,player_0070,Heldo,Heldo [Jens],medium,evidence_player_group_0070,,,,,,,,,,,,,,,,,,,,,,,,,,,,no_whois_classification,no,no,,,,,0,0,0,,,no,0,,0,,yes,yes
char_grok,Grok,grok,player_0058,Steele,Steele [Dan],medium,evidence_player_group_0058,Dwarf,,Free Peoples,medium,Warrior,Warrior,Bodyguard,high,80% Rescue,,,,,,,,,,,,,,,,,,,classified,no,no,,,,,0,0,0,,,no,0,,0,,no,no
char_grom,Grom,grom,player_0036,Atlas,Atlas,medium,evidence_player_group_0036,Orc,Tarkhnarb,Minions of Sauron,high,Warrior,Warrior,Battlemaster,high,,,,,,,,,,,,,,,,,,,,classified,no,no,,,,,0,0,0,,,no,0,,1,low:1,no,yes
char_gromk,Gromk,gromk,player_0076,Bigger,Bigger [Jakob],medium,evidence_player_group_0076,,,,,,,,,,,,,,,,,,,,,,,,,,,,no_whois_classification,no,no,,,,,0,0,0,,,no,0,,0,,yes,yes
char_grukh,Grukh,grukh,player_0037,Bobbie,Bobbie,medium,evidence_player_group_0037,Troll,,Minions of Sauron,high,,,,,,,,,,,,,,,,,,,,,,,,race_only,no,no,,,,,0,0,0,,,no,0,,0,,no,no
char_grul,Grul,grul,player_0014,Gothmog,Gothmog [Petter],medium,evidence_player_group_0014,Troll,,Minions of Sauron,high,,,,,,,,,,,,,,,,,,,,,,,,race_only,no,no,,,,,0,0,0,,,no,0,,0,,no,no
char_grume,Grume,grume,player_0014,Gothmog,Gothmog [Petter],medium,evidence_player_group_0014,,,,,,,,,,,,,,,,,,,,,,,,,,,,no_whois_classification,no,no,,,,,0,0,0,,,no,0,,0,,yes,yes
char_grumph,Grumph,grumph,player_0058,Steele,Steele [Dan],medium,evidence_player_group_0058,Dwarf,,Free Peoples,medium,,,,,,,,,,,,,,,,,,,,,,,,race_only,no,no,,,,,0,0,0,,,no,0,,1,low:1,no,yes
char_grunganator,Grunganator,grunganator,player_0216,Grunge,Grunge,medium,evidence_player_group_0216,Dwarf,,Free Peoples,medium,Warrior,Warrior,Battlemaster,high,,,,,,,,,,,,,,,,,,,,classified,no,no,,,,,0,0,0,,,no,0,,1,medium:1,no,yes
char_grunge,Grunge,grunge,player_0216,Grunge,Grunge,medium,evidence_player_group_0216,Maia,,Immortals,high,,,,,,,,,,,Maia,M,,retired,Boardreader,no,no,2026_06_16_retired_immortals,MUME retired immortal list,List current as of 2026-06-16,immortal_2026_06_16_retired_immortals_grunge_487_listed_retired_immortal,candidate,Copied by Lewis. Includes Boardreaders and honorary True Legend entry for Norsu.,immortal,yes,yes,data/evidence/whois_display/html/grunge.html,data/evidence/whois_display/text/grunge.txt,mha:grunge:1781580120:15e52941,high,0,0,0,,,no,0,,0,,no,no
char_gruuk,Gruuk,gruuk,player_0017,Alkar,Alkar,medium,evidence_player_group_0017,,,,,,,,,,,,,,,,,,,,,,,,,,,,no_whois_classification,no,no,,,,,0,0,0,,,no,0,,0,,yes,yes
char_gruumsh,Gruumsh,gruumsh,player_0119,Zeus,Zeus,medium,evidence_player_group_0119,Orc,,Minions of Sauron,high,,,,,,,,,,,,,,,,,,,,,,,,race_only,no,no,,,,,0,0,0,,,no,0,,0,,no,no
char_grymsh,Grymsh,grymsh,player_0030,Manatark,Manatark [Kaido],medium,evidence_player_group_0030,Orc,,Minions of Sauron,high,,,,,,,,,,,,,,,,,,,,,,,,race_only,no,no,,,,,0,0,0,,,no,0,,0,,no,no
char_grytash,Grytash,grytash,player_0075,Bjorn,Bjorn [Bjorn],medium,evidence_player_group_0075,Orc,,Minions of Sauron,high,,,,,,,,,,,,,,,,,,,,,,,,race_only,no,no,,,,,0,0,0,,,no,0,,0,,no,no
char_grythar,Grythar,grythar,player_0065,Wryak,Wryak [Tapio],medium,evidence_player_group_0065,Orc,Tarkhnarb,Minions of Sauron,high,Warrior,Warrior,Veteran,high,,,,,,,,,,,,,,,,,,,,classified,no,no,,,,,0,0,0,,,no,0,,0,,no,no
char_guglunk,Guglunk,guglunk,player_0031,Swork,Swork,medium,evidence_player_group_0031,Orc,Tarkhnarb,Minions of Sauron,high,Cleric,Cleric,Necromancer,high,,,,,,,,,,,,,,,,,,,,classified,no,no,,,,,0,0,0,,,no,0,,0,,no,no
char_guido,Guido,guido,player_0170,Guido,Guido,medium,evidence_player_group_0170,Man,,Free Peoples,medium,,,,,,,,,,,,,,,,,,,,,,,,race_only,no,no,,,,,0,0,0,,,no,0,,0,,no,no
char_gulag,Gulag,gulag,player_0047,Idun,Idun,medium,evidence_player_group_0047,Orc,Tarkhnarb,Minions of Sauron,high,Warrior,Warrior,Soldier,high,,,,,,,,,,,,,,,,,,,,parser_suspect_or_custom_descriptor,no,no,,,,,0,0,0,,,yes,1,21.5,0,,yes,yes
char_gundor,Gundor,gundor,player_0060,Amandil,Amandil,medium,evidence_player_group_0060,Man,Dúnedain,Free Peoples,medium,Warrior,Warrior,Battlemaster,high,,,,,,,,,,,,,,,,,,,,classified,no,no,,,,,0,0,0,,,no,0,,0,,no,no
char_gurgel,Gurgel,gurgel,player_0071,Marre,Marre [Martin],medium,evidence_player_group_0071,,,,,,,,,,,,,,,,,,,,,,,,,,,,no_whois_classification,no,no,,,,,0,0,0,,,no,0,,0,,yes,yes
char_guthol,Guthol,guthol,player_0050,Simba,Simba,medium,evidence_player_group_0050,,,,,,,,,,,,,,,,,,,,,,,,,,,,no_whois_classification,no,no,,,,,0,0,0,,,no,0,,0,,yes,yes
char_gwira,Gwira,gwira,player_0004,Wow,Wow,medium,evidence_player_group_0004,Man,Rohirrim,Free Peoples,medium,Warrior,Warrior,Battlemaster,high,,,,,,,,,,,,,,,,,,,,classified,no,no,,,,,0,0,0,,,no,0,,0,,no,no
char_haazheel,Haazheel,haazheel,player_0049,Haazheel,Haazheel,medium,evidence_player_group_0049,,,,,,,,,,,,,,,,,,,,,,,,,,,,no_whois_classification,no,no,,,,,0,0,0,,,no,0,,0,,yes,yes
char_hairfoot,Hairfoot,hairfoot,player_0031,Swork,Swork,medium,evidence_player_group_0031,Hobbit,Fallohide,Free Peoples,medium,Thief,Thief,Scout,high,,,,,,,,,,,,,,,,,,,,classified,no,no,,,,,0,0,0,,,no,0,,0,,no,no
char_haisam,Haisam,haisam,player_0198,Fisben,Fisben [Gleb],medium,evidence_player_group_0198,,,,,,,,,,,,,,,,,,,,,,,,,,,,no_whois_classification,no,no,,,,,0,0,0,,,no,0,,0,,yes,yes
char_haista,Haista,haista,player_0095,Haista,Haista,medium,evidence_player_group_0095,,,,,,,,,,,,,,,,,,,,,,,,,,,,no_whois_classification,no,no,,,,,0,0,0,,,no,0,,0,,yes,yes
char_haity,Haity,haity,player_0191,Haity,Haity [Haity],medium,evidence_player_group_0191,Elf,Noldorin,Free Peoples,medium,Cleric,Cleric,Matriarch,high,,,,,female,high,,,,,,,,,,,,,,classified,no,no,,,,,0,0,0,,,no,0,,0,,no,no
char_haladdin,Haladdin,haladdin,player_0199,Roman,Roman [Roman],medium,evidence_player_group_0199,Man,Black Númenórean,Minions of Sauron,high,,,,,,,,,,,,,,,,,,,,,,,,race_only,no,no,,,,,0,0,0,,,no,0,,0,,no,no
char_halas,Halas,halas,player_0158,Ainafea,Ainafea,medium,evidence_player_group_0158,Elf,,Free Peoples,medium,,,,,,,,,,,,,,,,,,,,,,,,race_only,no,no,,,,,0,0,0,,,no,0,,0,,no,no
char_haldor,Haldor,haldor,player_0029,Faint,Faint,medium,evidence_player_group_0029,Elf,Noldorin,Free Peoples,medium,Warrior,Warrior,Warden,high,75% Bash,,,,,,,,,,,,,,,,,,,classified,no,no,,,,,0,0,0,,,no,0,,0,,no,no
char_halir,Halir,halir,player_0161,Halir,Halir,medium,evidence_player_group_0161,,,,,,,,,,,,,,,,,,,,,,,,,,,,no_whois_classification,no,no,,,,,0,0,0,,,no,0,,0,,yes,yes
char_hamfist,Hamfist,hamfist,player_0087,Bounty,Bounty,medium,evidence_player_group_0087,Hobbit,,Free Peoples,medium,,,,,,,,,,,,,,,,,,,,,,,,race_only,no,no,,,,,0,0,0,,,no,0,,0,,no,no
char_hamlas,Hamlas,hamlas,player_0098,Dragor,Dragor,medium,evidence_player_group_0098,,,,,,,,,,,,,,,,,,,,,,,,,,,,no_whois_classification,no,no,,,,,0,0,0,,,no,0,,0,,yes,yes
char_hannibal,Hannibal,hannibal,player_0103,Edvard,Edvard [Aron],medium,evidence_player_group_0103,Orc,Tarkhnarb,Minions of Sauron,high,Warrior,Warrior,Warg-rider,low,,,,,,,,,,,,,,,,,,,,parser_suspect_or_custom_descriptor,no,no,,,,,0,0,0,,,no,0,,0,,yes,yes
char_hanr,Hanr,hanr,player_0186,Hanr,Hanr,medium,evidence_player_group_0186,Dwarf,,Free Peoples,medium,Warrior,Warrior,Warden,high,75% Bash,,,,,,,,,,,,,,,,,,,classified,no,no,,,,,0,0,0,,,no,0,,1,medium:1,no,yes
char_harakiri,Harakiri,harakiri,player_0062,Auriane,Auriane [Bob],medium,evidence_player_group_0062,Elf,,Free Peoples,medium,,,,,,,,,,,,,,,,,,,,,,,,race_only,no,no,,,,,0,0,0,,,no,0,,0,,no,no
char_hark,Hark,hark,player_0101,Healy,Healy,medium,evidence_player_group_0101,Orc,,Minions of Sauron,high,,,,,,,,,,,,,,,,,,,,,,,,race_only,no,no,,,,,0,0,0,,,no,0,,0,,no,no
char_harowen,Harowen,harowen,player_0036,Atlas,Atlas,medium,evidence_player_group_0036,Man,Black Númenórean,Minions of Sauron,high,,,,,,,,,,,,,,,,,,,,,,,,race_only,no,no,,,,,0,0,0,,,no,0,,0,,no,no
char_hashtak,Hashtak,hashtak,player_0072,Valamir,Valamir [Ole],medium,evidence_player_group_0072,Orc,,Minions of Sauron,high,,,,,,,,,,,,,,,,,,,,,,,,race_only,no,no,,,,,0,0,0,,,no,0,,0,,no,no
char_hasta,Hasta,hasta,player_0076,Bigger,Bigger [Jakob],medium,evidence_player_group_0076,,,,,,,,,,,,,,,,,,,,,,,,,,,,no_whois_classification,no,no,,,,,0,0,0,,,no,0,,0,,yes,yes
char_hatch,Hatch,hatch,player_0192,Moonshade,Moonshade [Alex],medium,evidence_player_group_0192,Troll,Hill Troll,Minions of Sauron,high,Warrior,Warrior,Warrior,medium,,,,,,,,,,,,,,,,,,,,classified,no,no,,,,,0,0,0,,,no,0,,0,,no,no
char_hate,Hate,hate,player_0130,Hate,Hate,medium,evidence_player_group_0130,Man,Black Númenórean,Minions of Sauron,high,Magic-user,Magic-user,Warlock,high,,,,,male,medium,,,,,,,,,,,,,,classified,no,no,,,,,0,0,0,,,no,0,,1,medium:1,no,yes
char_hated,Hated,hated,player_0223,Hated,Hated,medium,evidence_player_group_0223,Man,Dúnedain,Free Peoples,medium,General,General,Adventurer,medium,,,,,,,,,,,,,,,,,,,,classified,no,no,,,,,0,0,0,,,no,0,,0,,no,no
char_hatred,Hatred,hatred,player_0129,Liliah,Liliah,medium,evidence_player_group_0129,Orc,,Minions of Sauron,high,,,,,,,,,,,,,,,,,,,,,,,,race_only,no,no,,,,,0,0,0,,,no,0,,0,,no,no
char_hazel,Hazel,hazel,player_0094,Almarian,Almarian,medium,evidence_player_group_0094,Half-Elf,,Free Peoples,medium,,,,,,,,,,,,,,,,,,,,,,,,race_only,no,no,,,,,0,0,0,,,no,0,,0,,no,no
char_healer,Healer,healer,player_0031,Swork,Swork,medium,evidence_player_group_0031,Man,Beorning,Free Peoples,medium,General,General,Rider,medium,90% Ride,,,,,,,,,,,,,,,,,,,classified,no,no,,,,,0,0,0,,,no,0,,0,,no,no
char_healy,Healy,healy,player_0101,Healy,Healy,medium,evidence_player_group_0101,,,,,,,,,,,,,,,,,,,,,,,,,,,,no_whois_classification,no,no,,,,,0,0,0,,,no,0,,0,,yes,yes
char_heather,Heather,heather,player_0038,Sabadon,Sabadon,medium,evidence_player_group_0038,,,,,,,,,,,,,,,,,,,,,,,,,,,,no_whois_classification,no,no,,,,,0,0,0,,,no,0,,0,,yes,yes
char_heldo,Heldo,heldo,player_0070,Heldo,Heldo [Jens],medium,evidence_player_group_0070,,,,,,,,,,,,,,,,,,,,,,,,,,,,no_whois_classification,no,no,,,,,0,0,0,,,no,0,,0,,yes,yes
char_hele,Hele,hele,player_0168,Linar,Linar,medium,evidence_player_group_0168,Hobbit,Fallohide,Free Peoples,medium,Thief,Thief,Footpad,high,,,,,,,,,,,,,,,,,,,,classified,no,no,,,,,0,0,0,,,no,0,,0,,no,no
char_helga,Helga,helga,player_0200,Helga,Helga [Aleks],medium,evidence_player_group_0200,Half-Elf,,Free Peoples,medium,,,,,,,,,,,,,,,,,,,,,,,,race_only,no,no,,,,,0,0,0,,,no,0,,0,,no,no
char_helios,Helios,helios,player_0090,Rayden,Rayden,medium,evidence_player_group_0090,Elf,,Free Peoples,medium,,,,,,,,,,,,,,,,,,,,,,,,race_only,no,no,,,,,0,0,0,,,no,0,,0,,no,no
char_henduil,Henduil,henduil,player_0213,Sibur,Sibur [Maxim],medium,evidence_player_group_0213,,,,,,,,,,,,,,,,,,,,,,,,,,,,no_whois_classification,no,no,,,,,0,0,0,,,no,0,,0,,yes,yes
char_hercule,Hercule,hercule,player_0064,Saeth,Saeth [Wojtek],medium,evidence_player_group_0064,Dwarf,Broadbeam,Free Peoples,medium,General,General,Adventurer,medium,,,,,,,,,,,,,,,,,,,,classified,no,no,,,,,0,0,0,,,no,0,,0,,no,no
char_herman,Herman,herman,player_0061,Siroth,Siroth,medium,evidence_player_group_0061,Troll,Hill Troll,Minions of Sauron,high,Warrior,Warrior,Brute,low,,,,,,,,,,,,,,,,,,,,classified,no,no,,,,,0,0,0,,,no,0,,0,,no,no
char_herold,Herold,herold,player_0006,Chavez,Chavez,medium,evidence_player_group_0006,Man,Rohirrim,Free Peoples,medium,Cleric,Cleric,Patriarch,high,,,,,male,high,,,,,,,,,,,,,,classified,no,no,,,,,0,0,0,,,no,0,,0,,no,no
char_hex,Hex,hex,player_0092,Basha,Basha,medium,evidence_player_group_0092,Man,Dúnedain,Free Peoples,medium,Thief,Thief,Quickblade,high,,,,,,,,,,,,,,,,,,,,classified,no,no,,,,,0,0,0,,,no,0,,0,,no,no
char_hobit,Hobit,hobit,player_0092,Basha,Basha,medium,evidence_player_group_0092,Maia,,Immortals,high,Cartographer,Cartographer,Cartographer,high,,,,,,,Maia,M,Cartographer,current,Maia,no,no,2026_06_16_current_immortals,MUME current immortal list,List current as of 2026-06-16,immortal_2026_06_16_current_immortals_hobit_74_listed_current_immortal,candidate,Copied by Lewis. (+m) means the immortal is also a Maiar Muddler / muddle code contributor.,immortal,yes,yes,data/evidence/whois_display/html/hobit.html,data/evidence/whois_display/text/hobit.txt,mha:hobit:1781586241:5cf997ce,high,0,0,0,,,no,0,,0,,no,no
char_hoeth,Hoeth,hoeth,player_0125,Ausir,Ausir,medium,evidence_player_group_0125,Half-Elf,,Free Peoples,medium,,,,,,,,,,,,,,,,,,,,,,,,race_only,no,no,,,,,0,0,0,,,no,0,,0,,no,no
char_hoho,Hoho,hoho,player_0053,Hoho,Hoho,medium,evidence_player_group_0053,Maia,,Immortals,high,Cartographer,Cartographer,Cartographer,high,,,,,,,Maia,M,Cartographer,retired,Maia,no,no,2026_06_16_retired_immortals,MUME retired immortal list,List current as of 2026-06-16,immortal_2026_06_16_retired_immortals_hoho_247_listed_retired_immortal,candidate,Copied by Lewis. Includes Boardreaders and honorary True Legend entry for Norsu.,immortal,yes,yes,data/evidence/whois_display/html/hoho.html,data/evidence/whois_display/text/hoho.txt,mha:hoho:1781586247:4619c8ce,high,0,0,0,,,yes,2,11.0,0,,no,no
char_holg,Holg,holg,player_0192,Moonshade,Moonshade [Alex],medium,evidence_player_group_0192,,,,,,,,,,,,,,,,,,,,,,,,,,,,no_whois_classification,no,no,,,,,0,0,0,,,no,0,,0,,yes,yes
char_holy,Holy,holy,player_0192,Moonshade,Moonshade [Alex],medium,evidence_player_group_0192,Orc,,Minions of Sauron,high,,,,,,,,,,,,,,,,,,,,,,,,race_only,no,no,,,,,0,0,0,,,no,0,,0,,no,no
char_horgy,Horgy,horgy,player_0098,Dragor,Dragor,medium,evidence_player_group_0098,,,,,,,,,,,,,,,,,,,,,,,,,,,,no_whois_classification,no,no,,,,,0,0,0,,,no,0,,0,,yes,yes
char_horstats,Horstats,horstats,player_0038,Sabadon,Sabadon,medium,evidence_player_group_0038,Orc,,Minions of Sauron,high,,,,,,,,,,,,,,,,,,,,,,,,race_only,no,no,,,,,0,0,0,,,no,0,,0,,no,no
char_horus,Horus,horus,player_0128,Bornack,Bornack [Fredrik],medium,evidence_player_group_0128,Orc,Tarkhnarb,Minions of Sauron,high,Warrior,Warrior,Veteran,high,,,,,,,,,,,,,,,,,,,,classified,no,no,,,,,0,0,0,,,no,0,,0,,no,no
char_hovado,Hovado,hovado,player_0069,Pilsner,Pilsner [Jurek],medium,evidence_player_group_0069,Orc,Tarkhnarb,Minions of Sauron,high,Warrior,Warrior,Battlemaster,high,,,,,,,,,,,,,,,,,,,,classified,no,no,,,,,0,0,0,,,no,0,,0,,no,no
char_hrive,Hrive,hrive,player_0047,Idun,Idun,medium,evidence_player_group_0047,,,,,,,,,,,,,,,,,,,,,,,,,,,,no_whois_classification,no,no,,,,,0,0,0,,,no,0,,0,,yes,yes
char_hrolth,Hrolth,hrolth,player_0058,Steele,Steele [Dan],medium,evidence_player_group_0058,,,,,,,,,,,,,,,,,,,,,,,,,,,,no_whois_classification,no,no,,,,,0,0,0,,,no,0,,0,,yes,yes
char_hrothgar,Hrothgar,hrothgar,player_0002,Ajax,Ajax,medium,evidence_player_group_0002,,,,,,,,,,,,,,,,,,,,,,,,,,,,no_whois_classification,no,no,,,,,0,0,0,,,no,0,,0,,yes,yes
char_hrym,Hrym,hrym,player_0187,Cano,Cano [Tanel],medium,evidence_player_group_0187,Maia,,Immortals,high,,,,,,,,,,,Maia,M,,retired,Boardreader,no,no,2026_06_16_retired_immortals,MUME retired immortal list,List current as of 2026-06-16,immortal_2026_06_16_retired_immortals_hrym_504_listed_retired_immortal,candidate,Copied by Lewis. Includes Boardreaders and honorary True Legend entry for Norsu.,immortal,yes,yes,data/evidence/whois_display/html/hrym.html,data/evidence/whois_display/text/hrym.txt,mha:hrym:1781587040:cd5517b9,high,0,0,0,,,no,0,,0,,no,no
char_hudson,Hudson,hudson,player_0162,Hudson,Hudson,medium,evidence_player_group_0162,Hobbit,,Free Peoples,medium,,,,,,,,,,,,,,,,,,,,,,,,race_only,no,no,,,,,0,0,0,,,yes,1,11.5,0,,no,no
char_hugo,Hugo,hugo,player_0008,Fingeror,Fingeror [Jocke],medium,evidence_player_group_0008,Dwarf,,Free Peoples,medium,,,,,,,,,,,,,,,,,,,,,,,,race_only,no,no,,,,,0,0,0,,,no,0,,0,,no,no
char_huher,Huher,huher,player_0020,Bubla,Bubla,medium,evidence_player_group_0020,Dwarf,,Free Peoples,medium,Warrior,Warrior,Battlemaster,high,,,,,,,,,,,,,,,,,,,,classified,no,no,,,,,0,0,0,,,no,0,,0,,no,no
char_hukor,Hukor,hukor,player_0046,Filibert,Filibert,medium,evidence_player_group_0046,,,,,,,,,,,,,,,,,,,,,,,,,,,,no_whois_classification,no,no,,,,,0,0,0,,,no,0,,0,,yes,yes
char_hunchback,Hunchback,hunchback,player_0047,Idun,Idun,medium,evidence_player_group_0047,Troll,Hill Troll,Minions of Sauron,high,Warrior,Warrior,Fighter,low,,,,,,,,,,,,,,,,,,,,classified,no,no,,,,,0,0,0,,,no,0,,0,,no,no
char_hurar,Hurar,hurar,player_0065,Wryak,Wryak [Tapio],medium,evidence_player_group_0065,,,,,,,,,,,,,,,,,,,,,,,,,,,,no_whois_classification,no,no,,,,,0,0,0,,,no,0,,0,,yes,yes
char_hwarang,Hwarang,hwarang,player_0064,Saeth,Saeth [Wojtek],medium,evidence_player_group_0064,Orc,Tarkhnarb,Minions of Sauron,high,General,General,Champion,medium,,,,,,,,,,,,,,,,,,,,classified,no,no,,,,,0,0,0,,,no,0,,0,,no,no
char_hwoarang,Hwoarang,hwoarang,player_0023,Bah,Bah [Jan],medium,evidence_player_group_0023,Man,,Free Peoples,medium,,,,,,,,,,,,,,,,,,,,,,,,race_only,no,no,,,,,0,0,0,,,no,0,,0,,no,no
char_hybrid,Hybrid,hybrid,player_0052,Salmar,Salmar,medium,evidence_player_group_0052,Troll,Mountain Troll,Minions of Sauron,high,Warrior,Warrior,Warrior,medium,,,,,,,,,,,,,,,,,,,,classified,no,no,,,,,0,0,0,,,no,0,,0,,no,no
char_hyung,Hyung,hyung,player_0064,Saeth,Saeth [Wojtek],medium,evidence_player_group_0064,,,,,,,,,,,,,,,,,,,,,,,,,,,,no_whois_classification,no,no,,,,,0,0,0,,,no,0,,0,,yes,yes
char_hyurk,Hyurk,hyurk,player_0065,Wryak,Wryak [Tapio],medium,evidence_player_group_0065,,,,,,,,,,,,,,,,,,,,,,,,,,,,no_whois_classification,no,no,,,,,0,0,0,,,no,0,,0,,yes,yes
char_ibis,Ibis,ibis,player_0207,Ibis,Ibis,medium,evidence_player_group_0207,Dwarf,,Free Peoples,medium,,,,,,,,,,,,,,,,,,,,,,,,race_only,no,no,,,,,0,0,0,,,no,0,,1,medium:1,no,yes
char_iblis,Iblis,iblis,player_0100,Quillis,Quillis,medium,evidence_player_group_0100,,,,,,,,,,,,,,,,,,,,,,,,,,,,no_whois_classification,no,no,,,,,0,0,0,,,no,0,,0,,yes,yes
char_ibrahim,Ibrahim,ibrahim,player_0040,Shadrach,Shadrach,medium,evidence_player_group_0040,Dwarf,,Free Peoples,medium,Warrior,Warrior,Axemaster,high,100% cleaving weapons,,,,,,,,,,,,,,,,,,,classified,no,no,,,,,0,0,0,,,no,0,,0,,no,no
char_ickabod,Ickabod,ickabod,player_0013,Farin,Farin,medium,evidence_player_group_0013,Man,Black Númenórean,Minions of Sauron,high,Warrior,Warrior,Mercenary,low,,,,,,,,,,,,,,,,,,,,classified,no,no,,,,,0,0,0,,,no,0,,0,,no,no
char_idun,Idun,idun,player_0047,Idun,Idun,medium,evidence_player_group_0047,,,,,,,,,,,,,,,,,,,,,,,,,,,,no_whois_classification,no,no,,,,,0,0,0,,,no,0,,0,,yes,yes
char_ieras,Ieras,ieras,player_0035,Fankil,Fankil [Alexander],medium,evidence_player_group_0035,,,,,,,,,,,,,,,,,,,,,,,,,,,,no_whois_classification,no,no,,,,,0,0,0,,,no,0,,0,,yes,yes
char_ike,Ike,ike,player_0058,Steele,Steele [Dan],medium,evidence_player_group_0058,Hobbit,,Free Peoples,medium,,,,,,,,,,,,,,,,,,,,,,,,race_only,no,no,,,,,0,0,0,,,no,0,,0,,no,no
char_ilgamar,Ilgamar,ilgamar,player_0058,Steele,Steele [Dan],medium,evidence_player_group_0058,,,,,,,,,,,,,,,,,,,,,,,,,,,,no_whois_classification,no,no,,,,,0,0,0,,,no,0,,0,,yes,yes
char_iljrure,Iljrure,iljrure,player_0034,Nazgum,Nazgum,medium,evidence_player_group_0034,,,,,,,,,,,,,,,,,,,,,,,,,,,,no_whois_classification,no,no,,,,,0,0,0,,,no,0,,0,,yes,yes
char_illusia,Illusia,illusia,player_0155,Bellows,Bellows [Matt],medium,evidence_player_group_0155,,,,,,,,,,,,,,,,,,,,,,,,,,,,no_whois_classification,no,no,,,,,0,0,0,,,no,0,,0,,yes,yes
char_illyas,Illyas,illyas,player_0153,Gloha,Gloha,medium,evidence_player_group_0153,Man,Eriadorian,Free Peoples,medium,Cleric,Cleric,Priest,high,,,,,,,,,,,,,,,,,,,,classified,no,no,,,,,0,0,0,,,no,0,,0,,no,no
char_ilmacil,Ilmacil,ilmacil,player_0079,Feon,Feon [Johan],medium,evidence_player_group_0079,,,,,,,,,,,,,,,,,,,,,,,,,,,,no_whois_classification,no,no,,,,,0,0,0,,,no,0,,0,,yes,yes
char_ilmarin,Ilmarin,ilmarin,player_0125,Ausir,Ausir,medium,evidence_player_group_0125,Elf,,Free Peoples,medium,,,,,,,,,,,,,,,,,,,,,,,,race_only,no,no,,,,,0,0,0,,,no,0,,0,,no,no
char_imlach,Imlach,imlach,player_0029,Faint,Faint,medium,evidence_player_group_0029,Half-Elf,,Free Peoples,medium,General,General,Champion,medium,,,,,,,,,,,,,,,,,,,,classified,no,no,,,,,0,0,0,,,no,0,,0,,no,no
char_imlis,Imlis,imlis,player_0159,Beorel,Beorel,medium,evidence_player_group_0159,,,,,,,,,,,,,,,,,,,,,,,,,,,,no_whois_classification,no,no,,,,,0,0,0,,,no,0,,0,,yes,yes
char_implithura,Implithura,implithura,player_0066,Tram,Tram,medium,evidence_player_group_0066,,,,,,,,,,,,,,,,,,,,,,,,,,,,no_whois_classification,no,no,,,,,0,0,0,,,no,0,,0,,yes,yes
char_imrazor,Imrazor,imrazor,player_0038,Sabadon,Sabadon,medium,evidence_player_group_0038,Man,Black Númenórean,Minions of Sauron,high,,,,,,,,,,,,,,,,,,,,,,,,race_only,no,no,,,,,0,0,0,,,no,0,,0,,no,no
char_indra,Indra,indra,player_0063,Ling,Ling,medium,evidence_player_group_0063,Man,Rohirrim,Free Peoples,medium,Warrior,Warrior,Bodyguard,high,80% Rescue,,,,,,,,,,,,,,,,,,,classified,no,no,,,,,0,0,0,,,no,0,,1,low:1,no,yes
char_ingold,Ingold,ingold,player_0052,Salmar,Salmar,medium,evidence_player_group_0052,Man,,Free Peoples,medium,,,,,,,,,,,,,,,,,,,,,,,,race_only,no,no,,,,,0,0,0,,,no,0,,0,,no,no
char_ingwe,Ingwe,ingwe,player_0046,Filibert,Filibert,medium,evidence_player_group_0046,Elf,Noldorin,Free Peoples,medium,Warrior,Warrior,Battlemaster,high,,,,,,,,,,,,,,,,,,,,classified,no,no,,,,,0,0,0,,,no,0,,0,,no,no
char_innuendo,Innuendo,innuendo,player_0028,Enforcer,Enforcer [Ert],medium,evidence_player_group_0028,Half-Elf,,Free Peoples,medium,General,General,Hero,medium,,,,,,,,,,,,,,,,,,,,classified,no,no,,,,,0,0,0,,,no,0,,1,medium:1,no,yes
char_insane,Insane,insane,player_0028,Enforcer,Enforcer [Ert],medium,evidence_player_group_0028,Troll,Hill Troll,Minions of Sauron,high,Warrior,Warrior,Wrecker,low,,,,,,,,,,,,,,,,,,,,classified,no,no,,,,,0,0,0,,,no,0,,0,,no,no
char_inziladun,Inziladun,inziladun,player_0060,Amandil,Amandil,medium,evidence_player_group_0060,Man,Black Númenórean,Minions of Sauron,high,,,,,,,,,,,,,,,,,,,,,,,,race_only,no,no,,,,,0,0,0,,,no,0,,0,,no,no
char_iolo,Iolo,iolo,player_0130,Hate,Hate,medium,evidence_player_group_0130,Elf,Silvan,Free Peoples,medium,General,General,Ranger,medium,High Track; exact requirement uncertain and probably not 100%+,,,,,,,,,,,,,,,,,,,classified,no,no,,,,,0,0,0,,,no,0,,1,low:1,no,yes
char_ior,Ior,ior,player_0103,Edvard,Edvard [Aron],medium,evidence_player_group_0103,Troll,Hill Troll,Minions of Sauron,high,Warrior,Warrior,Brute,low,,,,,,,,,,,,,,,,,,,,classified,no,no,,,,,3,0,0,quoted_speaker:3,Brutez,no,0,,0,,no,yes
char_iorlas,Iorlas,iorlas,player_0035,Fankil,Fankil [Alexander],medium,evidence_player_group_0035,Man,Rohirrim,Free Peoples,medium,General,General,Adventurer,medium,,,,,,,,,,,,,,,,,,,,classified,no,no,,,,,0,0,0,,,no,0,,0,,no,no
char_iranon,Iranon,iranon,player_0054,Deor,Deor,medium,evidence_player_group_0054,Man,Black Númenórean,Minions of Sauron,high,,,,,,,,,,,,,,,,,,,,,,,,race_only,no,no,,,,,0,0,0,,,yes,1,27.5,0,,no,no
char_irogla,Irogla,irogla,player_0117,Irogla,Irogla,medium,evidence_player_group_0117,,,,,,,,,,,,,,,,,,,,,,,,,,,,no_whois_classification,no,no,,,,,0,0,0,,,no,0,,0,,yes,yes
char_irv,Irv,irv,player_0048,Draggor,Draggor,medium,evidence_player_group_0048,Orc,Tarkhnarb,Minions of Sauron,high,Thief,Thief,Assassin,high,,,,,,,,,,,,,,,,,,,,classified,no,no,,,,,0,0,0,,,no,0,,0,,no,no
char_ishant,Ishant,ishant,player_0132,Shagrath,Shagrath,medium,evidence_player_group_0132,Elf,,Free Peoples,medium,,,,,,,,,,,,,,,,,,,,,,,,race_only,no,no,,,,,0,0,0,,,no,0,,0,,no,no
char_isolde,Isolde,isolde,player_0011,Lancelot,Lancelot [Andreas],medium,evidence_player_group_0011,Man,Eriadorian,Free Peoples,medium,General,General,Heroine,medium,,,,,female,high,,,,,,,,,,,,,,classified,no,no,,,,,0,0,0,,,no,0,,0,,no,no
char_itallicus,Itallicus,itallicus,player_0111,Aram,Aram,medium,evidence_player_group_0111,,,,,,,,,,,,,,,,,,,,,,,,,,,,no_whois_classification,no,no,,,,,0,0,0,,,no,0,,0,,yes,yes
char_ithilagos,Ithilagos,ithilagos,player_0036,Atlas,Atlas,medium,evidence_player_group_0036,Elf,Sindarin,Free Peoples,medium,Warrior,Warrior,Battlemaster,high,,,,,,,,,,,,,,,,,,,,classified,no,no,,,,,0,0,0,,,no,0,,0,,no,no
char_ithy,Ithy,ithy,player_0029,Faint,Faint,medium,evidence_player_group_0029,,,,,,,,,,,,,,,,,,,,,,,,,,,,no_whois_classification,no,no,,,,,0,0,0,,,no,0,,0,,yes,yes
char_itil,Itil,itil,player_0192,Moonshade,Moonshade [Alex],medium,evidence_player_group_0192,Half-Elf,,Free Peoples,medium,,,,,,,,,,,,,,,,,,,,,,,,race_only,no,no,,,,,0,0,0,,,no,0,,0,,no,no
char_ivanushka,Ivanushka,ivanushka,player_0198,Fisben,Fisben [Gleb],medium,evidence_player_group_0198,Man,Black Númenórean,Minions of Sauron,high,,,,,,,,,,,,,,,,,,,,,,,,race_only,no,no,,,,,0,0,0,,,no,0,,1,medium:1,no,yes
char_iwain,Iwain,iwain,player_0005,Praiodan,Praiodan [Tomas],medium,evidence_player_group_0005,Man,,Free Peoples,medium,,,,,,,,,,,,,,,,,,,,,,,,race_only,no,no,,,,,0,0,0,,,no,0,,0,,no,no
char_iyachtu,Iyachtu,iyachtu,player_0119,Zeus,Zeus,medium,evidence_player_group_0119,Orc,Tarkhnarb,Minions of Sauron,high,Warrior,Warrior,Veteran,high,,,,,,,,,,,,,,,,,,,,classified,no,no,,,,,0,0,0,,,no,0,,0,,no,no
char_jaagern,Jaagern,jaagern,player_0076,Bigger,Bigger [Jakob],medium,evidence_player_group_0076,Elf,,Free Peoples,medium,,,,,,,,,,,,,,,,,,,,,,,,race_only,no,no,,,,,0,0,0,,,no,0,,0,,no,no
char_jabba,Jabba,jabba,player_0108,Toe,Toe,medium,evidence_player_group_0108,Maia,,Immortals,high,Wright,Wright,Wright,high,,,,,,,Maia,M,Wright,retired,Maia,no,no,2026_06_16_retired_immortals,MUME retired immortal list,List current as of 2026-06-16,immortal_2026_06_16_retired_immortals_jabba_117_listed_retired_immortal,candidate,Copied by Lewis. Includes Boardreaders and honorary True Legend entry for Norsu.,immortal,yes,yes,data/evidence/whois_display/html/jabba.html,data/evidence/whois_display/text/jabba.txt,mha:jabba:1781603841:7dd2b21e,high,0,0,0,,,no,0,,0,,no,no
char_jadon,Jadon,jadon,player_0169,Jadon,Jadon,medium,evidence_player_group_0169,Maia,,Immortals,high,,,,,,,,,,,Maia,M,,retired,Boardreader,no,no,2026_06_16_retired_immortals,MUME retired immortal list,List current as of 2026-06-16,immortal_2026_06_16_retired_immortals_jadon_523_listed_retired_immortal,candidate,Copied by Lewis. Includes Boardreaders and honorary True Legend entry for Norsu.,immortal,yes,yes,data/evidence/whois_display/html/jadon.html,data/evidence/whois_display/text/jadon.txt,mha:jadon:1781603846:7a14ef94,high,0,0,0,,,no,0,,10,low:8; medium:2,no,yes
char_jamie,Jamie,jamie,player_0024,Decoy,Decoy [Peter],medium,evidence_player_group_0024,Troll,Cave Troll,Minions of Sauron,high,,,Softskin,low,,,,,,,,,,,,,,,,,,,,generic_title_no_class,no,no,,,,,0,0,0,,,no,0,,0,,no,no
char_jandor,Jandor,jandor,player_0219,Risca,Risca,medium,evidence_player_group_0219,Dwarf,,Free Peoples,medium,General,General,Hero,medium,,,,,,,,,,,,,,,,,,,,classified,no,no,,,,,0,0,0,,,no,0,,0,,no,no
char_janosh,Janosh,janosh,player_0035,Fankil,Fankil [Alexander],medium,evidence_player_group_0035,Troll,Mountain Troll,Minions of Sauron,high,Warrior,Warrior,Brute,low,,,,,,,,,,,,,,,,,,,,classified,no,no,,,,,0,0,0,,,no,0,,0,,no,no
char_jarhala,Jarhala,jarhala,player_0116,Kazeena,Kazeena,medium,evidence_player_group_0116,,,,,,,,,,,,,,,,,,,,,,,,,,,,no_whois_classification,no,no,,,,,0,0,0,,,no,0,,0,,yes,yes
char_jarlaxle,Jarlaxle,jarlaxle,player_0146,Dorfl,Dorfl,medium,evidence_player_group_0146,Orc,Tarkhnarb,Minions of Sauron,high,Warrior,Warrior,Soldier,high,,,,,,,,,,,,,,,,,,,,classified,no,no,,,,,0,0,0,,,no,0,,0,,no,no
char_jaron,Jaron,jaron,player_0115,Marillion,Marillion,medium,evidence_player_group_0115,,,,,,,,,,,,,,,,,,,,,,,,,,,,no_whois_classification,no,no,,,,,0,0,0,,,no,0,,0,,yes,yes
char_jatte,Jatte,jatte,player_0071,Marre,Marre [Martin],medium,evidence_player_group_0071,Troll,Cave Troll,Minions of Sauron,high,General,General,Adventurer,medium,,,,,,,,,,,,,,,,,,,,classified,no,no,,,,,0,0,0,,,no,0,,0,,no,no
char_jauer,Jauer,jauer,player_0075,Bjorn,Bjorn [Bjorn],medium,evidence_player_group_0075,Orc,,Minions of Sauron,high,,,,,,,,,,,,,,,,,,,,,,,,race_only,no,no,,,,,6,2,2,quoted_speaker:6,Jauer; Sterman,no,0,,0,,no,yes
char_jaws,Jaws,jaws,player_0011,Lancelot,Lancelot [Andreas],medium,evidence_player_group_0011,Man,,Free Peoples,medium,,,,,,,,,,,,,,,,,,,,,,,,race_only,no,no,,,,,0,0,0,,,no,0,,0,,no,no
char_jeakoth,Jeakoth,jeakoth,player_0147,Girithol,Girithol,medium,evidence_player_group_0147,Dwarf,,Free Peoples,medium,,,,,,,,,,,,,,,,,,,,,,,,race_only,no,no,,,,,0,0,0,,,no,0,,0,,no,no
char_jeffbob,Jeffbob,jeffbob,player_0072,Valamir,Valamir [Ole],medium,evidence_player_group_0072,,,,,,,,,,,,,,,,,,,,,,,,,,,,no_whois_classification,no,no,,,,,0,0,0,,,no,0,,0,,yes,yes
char_jelly,Jelly,jelly,player_0192,Moonshade,Moonshade [Alex],medium,evidence_player_group_0192,Orc,,Minions of Sauron,high,,,,,,,,,,,,,,,,,,,,,,,,race_only,no,no,,,,,0,0,0,,,no,0,,0,,no,no
char_jensu,Jensu,jensu,player_0116,Kazeena,Kazeena,medium,evidence_player_group_0116,,,,,,,,,,,,,,,,,,,,,,,,,,,,no_whois_classification,no,no,,,,,0,0,0,,,no,0,,0,,yes,yes
char_jeran,Jeran,jeran,player_0115,Marillion,Marillion,medium,evidence_player_group_0115,Dwarf,,Free Peoples,medium,,,,,,,,,,,,,,,,,,,,,,,,race_only,no,no,,,,,0,0,0,,,no,0,,0,,no,no
char_jerle,Jerle,jerle,player_0219,Risca,Risca,medium,evidence_player_group_0219,Elf,,Free Peoples,medium,,,,,,,,,,,,,,,,,,,,,,,,race_only,no,no,,,,,0,0,0,,,no,0,,0,,no,no
char_jerpa,Jerpa,jerpa,player_0133,Jerpa,Jerpa,medium,evidence_player_group_0133,,,,,,,,,,,,,,,,,,,,,,,,,,,,no_whois_classification,no,no,,,,,0,0,0,,,no,0,,0,,yes,yes
char_jheran,Jheran,jheran,player_0012,Axel,Axel [Axel],medium,evidence_player_group_0012,Man,Black Númenórean,Minions of Sauron,high,General,General,Ranger,medium,High Track; exact requirement uncertain and probably not 100%+,,,,,,,,,,,,,,,,,,,classified,no,no,,,,,0,0,0,,,no,0,,0,,no,no
char_jimbo,Jimbo,jimbo,player_0013,Farin,Farin,medium,evidence_player_group_0013,Hobbit,Fallohide,Free Peoples,medium,Warrior,Warrior,Warden,high,75% Bash,,,,,,,,,,,,,,,,,,,classified,no,no,,,,,0,0,0,,,no,0,,0,,no,no
char_joan,Joan,joan,player_0180,Evandaar,Evandaar [Daniel],medium,evidence_player_group_0180,Man,,Free Peoples,medium,,,,,,,,,,,,,,,,,,,,,,,,race_only,no,no,,,,,0,0,0,,,no,0,,0,,no,no
char_johannes,Johannes,johannes,player_0036,Atlas,Atlas,medium,evidence_player_group_0036,Man,Dúnedain,Free Peoples,medium,Magic-user,Magic-user,Apprentice,low,,,,,,,,,,,,,,,,,,,,classified,no,no,,,,,0,0,0,,,no,0,,1,low:1,no,yes
char_johhaidii,Johhaidii,johhaidii,player_0166,Bodhran,Bodhran,medium,evidence_player_group_0166,Troll,Hill Troll,Minions of Sauron,high,Warrior,Warrior,Wrecker,low,,,,,,,,,,,,,,,,,,,,classified,no,no,,,,,0,0,0,,,no,0,,0,,no,no
char_johnie,Johnie,johnie,player_0194,Morfizm,Morfizm [Dmitry],medium,evidence_player_group_0194,Man,Rohirrim,Free Peoples,medium,Warrior,Warrior,Fighter,low,,,,,,,,,,,,,,,,,,,,classified,no,no,,,,,0,0,0,,,no,0,,0,,no,no
char_joker,Joker,joker,player_0108,Toe,Toe,medium,evidence_player_group_0108,Orc,,Minions of Sauron,high,,,,,,,,,,,,,,,,,,,,,,,,race_only,no,no,,,,,0,0,0,,,yes,1,64.5,0,,no,no
char_jon,Jon,jon,player_0006,Chavez,Chavez,medium,evidence_player_group_0006,Hobbit,,Free Peoples,medium,,,,,,,,,,,,,,,,,,,,,,,,race_only,no,no,,,,,0,0,0,,,no,0,,0,,no,no
char_jones,Jones,jones,player_0144,Jones,Jones,medium,evidence_player_group_0144,Troll,Mountain Troll,Minions of Sauron,high,Warrior,Warrior,Fighter,low,,,,,,,,,,,,,,,,,,,,classified,no,no,,,,,0,0,0,,,no,0,,0,,no,no
char_joponen,Joponen,joponen,player_0071,Marre,Marre [Martin],medium,evidence_player_group_0071,Man,Black Númenórean,Minions of Sauron,high,,,,,,,,,,,,,,,,,,,,,,,,race_only,no,no,,,,,0,0,0,,,no,0,,0,,no,no
char_jube,Jube,jube,player_0004,Wow,Wow,medium,evidence_player_group_0004,Orc,,Minions of Sauron,high,,,,,,,,,,,,,,,,,,,,,,,,race_only,no,no,,,,,0,0,0,,,no,0,,0,,no,no
char_juggles,Juggles,juggles,player_0155,Bellows,Bellows [Matt],medium,evidence_player_group_0155,,,,,,,,,,,,,,,,,,,,,,,,,,,,no_whois_classification,no,no,,,,,0,0,0,,,no,0,,0,,yes,yes
char_junbao,Junbao,junbao,player_0064,Saeth,Saeth [Wojtek],medium,evidence_player_group_0064,Elf,,Free Peoples,medium,,,,,,,,,,,,,,,,,,,,,,,,race_only,no,no,,,,,0,0,0,,,no,0,,0,,no,no
char_juss,Juss,juss,player_0170,Guido,Guido,medium,evidence_player_group_0170,,,,,,,,,,,,,,,,,,,,,,,,,,,,no_whois_classification,no,no,,,,,0,0,0,,,no,0,,0,,yes,yes
char_kade,Kade,kade,player_0169,Jadon,Jadon,medium,evidence_player_group_0169,Elf,Silvan,Free Peoples,medium,Thief,Thief,Quickblade,high,,,,,,,,,,,,,,,,,,,,classified,no,no,,,,,0,0,0,,,yes,1,14.5,0,,no,no
char_kakarot,Kakarot,kakarot,player_0084,Kakarot,Kakarot,medium,evidence_player_group_0084,,,,,,,,,,,,,,,,,,,,,,,,,,,,no_whois_classification,no,no,,,,,0,0,0,,,no,0,,0,,yes,yes
char_kalevala,Kalevala,kalevala,player_0179,Delfi,Delfi [Per],medium,evidence_player_group_0179,,,,,,,,,,,,,,,,,,,,,,,,,,,,no_whois_classification,no,no,,,,,0,0,0,,,no,0,,0,,yes,yes
char_kalkano,Kalkano,kalkano,player_0150,Aseff,Aseff,medium,evidence_player_group_0150,Half-Elf,,Free Peoples,medium,Cleric,Cleric,Patriarch,high,,,,,male,high,,,,,,,,,,,,,,classified,no,no,,,,,0,0,0,,,no,0,,0,,no,no
char_kalus,Kalus,kalus,player_0100,Quillis,Quillis,medium,evidence_player_group_0100,Hobbit,Harfoot,Free Peoples,medium,General,General,Ranger,medium,High Track; exact requirement uncertain and probably not 100%+,,,,,,,,,,,,,,,,,,,classified,no,no,,,,,0,0,0,,,no,0,,0,,no,no
char_kami,Kami,kami,player_0102,Naredhel,Naredhel,medium,evidence_player_group_0102,Elf,Silvan,Free Peoples,medium,Magic-user,Magic-user,Scholar,high,,,,,,,,,,,,,,,,,,,,classified,no,no,,,,,0,0,0,,,yes,1,21.5,0,,no,no
char_kamikaze,Kamikaze,kamikaze,player_0108,Toe,Toe,medium,evidence_player_group_0108,Elf,Noldorin,Free Peoples,medium,General,General,Adventurer,medium,,,,,,,,,,,,,,,,,,,,classified,no,no,,,,,0,0,0,,,no,0,,0,,no,no
char_kamlakh,Kamlakh,kamlakh,player_0206,Kamlakh,Kamlakh [Victoria],medium,evidence_player_group_0206,Maia,,Immortals,high,,,,,,,,,,,Maia,M,,retired,Boardreader,no,no,2026_06_16_retired_immortals,MUME retired immortal list,List current as of 2026-06-16,immortal_2026_06_16_retired_immortals_kamlakh_529_listed_retired_immortal,candidate,Copied by Lewis. Includes Boardreaders and honorary True Legend entry for Norsu.,immortal,yes,yes,data/evidence/whois_display/html/kamlakh.html,data/evidence/whois_display/text/kamlakh.txt,mha:kamlakh:1781603921:75d53130,high,2,2,2,quoted_speaker:2,Orlanth,no,0,,0,,no,yes
char_kaool,Kaool,kaool,player_0169,Jadon,Jadon,medium,evidence_player_group_0169,Troll,Cave Troll,Minions of Sauron,high,Warrior,Warrior,Warrior,medium,,,,,,,,,,,,,,,,,,,,classified,no,no,,,,,0,0,0,,,no,0,,1,low:1,no,yes
char_kardagash,Kardagash,kardagash,player_0125,Ausir,Ausir,medium,evidence_player_group_0125,Orc,,Minions of Sauron,high,,,,,,,,,,,,,,,,,,,,,,,,race_only,no,no,,,,,0,0,0,,,no,0,,0,,no,no
char_karelin,Karelin,karelin,player_0038,Sabadon,Sabadon,medium,evidence_player_group_0038,Troll,,Minions of Sauron,high,,,,,,,,,,,,,,,,,,,,,,,,race_only,no,no,,,,,0,0,0,,,no,0,,0,,no,no
char_kasach,Kasach,kasach,player_0110,Fredde,Fredde [Fredde],medium,evidence_player_group_0110,Orc,Tarkhnarb,Minions of Sauron,high,General,General,Champion,medium,,,,,,,,,,,,,,,,,,,,classified,no,no,,,,,2,1,1,quoted_speaker:2,Kasach; Takhr,no,0,,0,,no,yes
char_kassler,Kassler,kassler,player_0075,Bjorn,Bjorn [Bjorn],medium,evidence_player_group_0075,Dwarf,,Free Peoples,medium,Warrior,Warrior,Battlemaster,high,,,,,,,,,,,,,,,,,,,,classified,no,no,,,,,0,0,0,,,no,0,,0,,no,no
char_kazadoe,Kazadoe,kazadoe,player_0196,Zomb,Zomb [Andrjuha],medium,evidence_player_group_0196,Half-Elf,,Free Peoples,medium,,,,,,,,,,,,,,,,,,,,,,,,race_only,no,no,,,,,0,0,0,,,no,0,,0,,no,no
char_kazan,Kazan,kazan,player_0115,Marillion,Marillion,medium,evidence_player_group_0115,,,,,,,,,,,,,,,,,,,,,,,,,,,,no_whois_classification,no,no,,,,,0,0,0,,,no,0,,0,,yes,yes
char_kazeena,Kazeena,kazeena,player_0116,Kazeena,Kazeena,medium,evidence_player_group_0116,,,,,,,,,,,,,,,,,,,,,,,,,,,,no_whois_classification,no,no,,,,,0,0,0,,,no,0,,0,,yes,yes
char_kazzey,Kazzey,kazzey,player_0116,Kazeena,Kazeena,medium,evidence_player_group_0116,,,,,,,,,,,,,,,,,,,,,,,,,,,,no_whois_classification,no,no,,,,,0,0,0,,,no,0,,0,,yes,yes
char_keldorn,Keldorn,keldorn,player_0081,Vassago,Vassago,medium,evidence_player_group_0081,Man,,Free Peoples,medium,,,,,,,,,,,,,,,,,,,,,,,,race_only,no,no,,,,,0,0,0,,,no,0,,0,,no,no
char_keno,Keno,keno,player_0166,Bodhran,Bodhran,medium,evidence_player_group_0166,Hobbit,Fallohide,Free Peoples,medium,General,General,Hero,medium,,,,,,,,,,,,,,,,,,,,classified,no,no,,,,,0,0,0,,,no,0,,0,,no,no
char_kenzu,Kenzu,kenzu,player_0057,Kenzu,Kenzu,medium,evidence_player_group_0057,Maia,,Immortals,high,Cartographer,Cartographer,Cartographer,high,,,,,,,Maia,M,Cartographer,current,Maia,no,no,2026_06_16_current_immortals,MUME current immortal list,List current as of 2026-06-16,immortal_2026_06_16_current_immortals_kenzu_79_listed_current_immortal,candidate,Copied by Lewis. (+m) means the immortal is also a Maiar Muddler / muddle code contributor.,immortal,yes,yes,data/evidence/whois_display/html/kenzu.html,data/evidence/whois_display/text/kenzu.txt,mha:kenzu:1781604011:71863d64,high,24,14,14,comma_name_list:24,Ambassador; Antar; Ardent; Arrogance; Earand; Furor; Gennessie; Greed; Kessfare; Lief; Schmidt; Vulpine,no,0,,0,,no,yes
char_kess,Kess,kess,player_0122,Toin,Toin,medium,evidence_player_group_0122,Dwarf,,Free Peoples,medium,,,,,,,,,,,,,,,,,,,,,,,,race_only,no,no,,,,,0,0,0,,,no,0,,1,medium:1,no,yes
char_kessfare,Kessfare,kessfare,player_0057,Kenzu,Kenzu,medium,evidence_player_group_0057,Dwarf,,Free Peoples,medium,,,,,,,,,,,,,,,,,,,,,,,,race_only,no,no,,,,,0,0,0,,,no,0,,1,medium:1,no,yes
char_kesslar,Kesslar,kesslar,player_0035,Fankil,Fankil [Alexander],medium,evidence_player_group_0035,Dwarf,,Free Peoples,medium,Warrior,Warrior,Mercenary,low,,,,,,,,,,,,,,,,,,,,classified,no,no,,,,,0,0,0,,,no,0,,0,,no,no
char_kesslik,Kesslik,kesslik,player_0002,Ajax,Ajax,medium,evidence_player_group_0002,Dwarf,,Free Peoples,medium,,,,,,,,,,,,,,,,,,,,,,,,race_only,no,no,,,,,0,0,0,,,no,0,,0,,no,no
char_kesslin,Kesslin,kesslin,player_0017,Alkar,Alkar,medium,evidence_player_group_0017,Dwarf,,Free Peoples,medium,,,,,,,,,,,,,,,,,,,,,,,,race_only,no,no,,,,,0,0,0,,,no,0,,1,medium:1,no,yes
char_kessloth,Kessloth,kessloth,player_0134,Chauncey,Chauncey,medium,evidence_player_group_0134,Dwarf,,Free Peoples,medium,Warrior,Warrior,Axemaster,high,100% cleaving weapons,,,,,,,,,,,,,,,,,,,classified,no,no,,,,,0,0,0,,,no,0,,1,medium:1,no,yes
char_kesstor,Kesstor,kesstor,player_0122,Toin,Toin,medium,evidence_player_group_0122,Dwarf,,Free Peoples,medium,General,General,Chieftain,medium,90%-100% Leadership,,,,,,,,,,,,,,,,,,,classified,no,no,,,,,0,0,0,,,no,0,,1,medium:1,no,yes
char_kestrel,Kestrel,kestrel,player_0155,Bellows,Bellows [Matt],medium,evidence_player_group_0155,Maia,,Immortals,high,,,,,,,,,,,Maia,M,,retired,Boardreader,no,no,2026_06_16_retired_immortals,MUME retired immortal list,List current as of 2026-06-16,immortal_2026_06_16_retired_immortals_kestrel_540_listed_retired_immortal,candidate,Copied by Lewis. Includes Boardreaders and honorary True Legend entry for Norsu.,immortal,yes,yes,data/evidence/whois_display/html/kestrel.html,data/evidence/whois_display/text/kestrel.txt,mha:kestrel:1781604033:f519ef31,high,0,0,0,,,no,0,,0,,no,no
char_khad,Khad,khad,player_0013,Farin,Farin,medium,evidence_player_group_0013,Dwarf,,Free Peoples,medium,Warrior,Warrior,Battlemaster,high,,,,,,,,,,,,,,,,,,,,classified,no,no,,,,,0,0,0,,,no,0,,0,,no,no
char_khadum,Khadum,khadum,player_0174,Angrenfea,Angrenfea [Toivo],medium,evidence_player_group_0174,,,,,,,,,,,,,,,,,,,,,,,,,,,,no_whois_classification,no,no,,,,,0,0,0,,,no,0,,0,,yes,yes
char_khakis,Khakis,khakis,player_0169,Jadon,Jadon,medium,evidence_player_group_0169,Dwarf,,Free Peoples,medium,Warrior,Warrior,Battlemaster,high,,,,,,,,,,,,,,,,,,,,classified,no,no,,,,,0,0,0,,,yes,1,29.5,0,,no,no
char_khamasin,Khamasin,khamasin,player_0118,Khamasin,Khamasin,medium,evidence_player_group_0118,Orc,,Minions of Sauron,high,Thief,Thief,Cut-Throat,medium,,,Possibly orc-only; uncertain,,,,,,,,,,,,,,,,,classified,no,no,,,,,0,0,0,,,no,0,,0,,no,no
char_khamil,Khamil,khamil,player_0069,Pilsner,Pilsner [Jurek],medium,evidence_player_group_0069,Man,Black Númenórean,Minions of Sauron,high,Cleric,Cleric,Patriarch,high,,,,,male,high,,,,,,,,,,,,,,classified,no,no,,,,,0,0,0,,,no,0,,0,,no,no
char_khandar,Khandar,khandar,player_0113,Nardhal,Nardhal,medium,evidence_player_group_0113,,,,,,,,,,,,,,,,,,,,,,,,,,,,no_whois_classification,no,no,,,,,0,0,0,,,no,0,,0,,yes,yes
char_kharas,Kharas,kharas,player_0119,Zeus,Zeus,medium,evidence_player_group_0119,Dwarf,,Free Peoples,medium,,,,,,,,,,,,,,,,,,,,,,,,race_only,no,no,,,,,0,0,0,,,no,0,,0,,no,no
char_khawin,Khawin,khawin,player_0128,Bornack,Bornack [Fredrik],medium,evidence_player_group_0128,Man,,Free Peoples,medium,,,,,,,,,,,,,,,,,,,,,,,,race_only,no,no,,,,,0,0,0,,,no,0,,0,,no,no
char_khazdul,Khazdul,khazdul,player_0072,Valamir,Valamir [Ole],medium,evidence_player_group_0072,Dwarf,,Free Peoples,medium,,,,,,,,,,,,,,,,,,,,,,,,race_only,no,no,,,,,0,0,0,,,no,0,,0,,no,no
char_khelben,Khelben,khelben,player_0119,Zeus,Zeus,medium,evidence_player_group_0119,Man,Dúnedain,Free Peoples,medium,Magic-user,Magic-user,Wizard,high,,,,,,,,,,,,,,,,,,,,classified,no,no,,,,,0,0,0,,,no,0,,0,,no,no
char_khelek,Khelek,khelek,player_0017,Alkar,Alkar,medium,evidence_player_group_0017,Dwarf,,Free Peoples,medium,,,,,,,,,,,,,,,,,,,,,,,,race_only,no,no,,,,,0,0,0,,,no,0,,0,,no,no
char_khim,Khim,khim,player_0035,Fankil,Fankil [Alexander],medium,evidence_player_group_0035,Dwarf,,Free Peoples,medium,General,General,Hero,medium,,,,,,,,,,,,,,,,,,,,classified,no,no,,,,,0,0,0,,,no,0,,0,,no,no
char_khird,Khird,khird,player_0050,Simba,Simba,medium,evidence_player_group_0050,,,,,,,,,,,,,,,,,,,,,,,,,,,,no_whois_classification,no,no,,,,,0,0,0,,,no,0,,0,,yes,yes
char_khodum,Khodum,khodum,player_0207,Ibis,Ibis,medium,evidence_player_group_0207,,,,,,,,,,,,,,,,,,,,,,,,,,,,no_whois_classification,no,no,,,,,0,0,0,,,no,0,,0,,yes,yes
char_khozdul,Khozdul,khozdul,player_0078,Khozdul,Khozdul [Calle],medium,evidence_player_group_0078,Dwarf,,Free Peoples,medium,,,,,,,,,,,,,,,,,,,,,,,,race_only,no,no,,,,,0,0,0,,,no,0,,0,,no,no
char_khreth,Khreth,khreth,player_0129,Liliah,Liliah,medium,evidence_player_group_0129,Orc,,Minions of Sauron,high,,,,,,,,,,,,,,,,,,,,,,,,race_only,no,no,,,,,0,0,0,,,no,0,,0,,no,no
char_khuka,Khuka,khuka,player_0170,Guido,Guido,medium,evidence_player_group_0170,,,,,,,,,,,,,,,,,,,,,,,,,,,,no_whois_classification,no,no,,,,,0,0,0,,,no,0,,0,,yes,yes
char_khzandros,Khzandros,khzandros,player_0096,Voile,Voile,medium,evidence_player_group_0096,Dwarf,,Free Peoples,medium,Warrior,Warrior,Battlemaster,high,,,,,,,,,,,,,,,,,,,,classified,no,no,,,,,0,0,0,,,no,0,,0,,no,no
char_kiki,Kiki,kiki,player_0091,Aris,Aris,medium,evidence_player_group_0091,Hobbit,,Free Peoples,medium,,,,,,,,,,,,,,,,,,,,,,,,race_only,no,no,,,,,0,0,0,,,no,0,,0,,no,no
char_kilimanjaro,Kilimanjaro,kilimanjaro,player_0038,Sabadon,Sabadon,medium,evidence_player_group_0038,,,,,,,,,,,,,,,,,,,,,,,,,,,,no_whois_classification,no,no,,,,,0,0,0,,,no,0,,0,,yes,yes
char_kilin,Kilin,kilin,player_0004,Wow,Wow,medium,evidence_player_group_0004,Dwarf,,Free Peoples,medium,General,General,Hero,medium,,,,,,,,,,,,,,,,,,,,classified,no,no,,,,,0,0,0,,,no,0,,1,low:1,no,yes
char_killdare,Killdare,killdare,player_0165,Athela,Athela,medium,evidence_player_group_0165,Man,Black Númenórean,Minions of Sauron,high,Magic-user,Magic-user,Witch,high,,,,,female,high,,,,,,,,,,,,,,classified,no,no,,,,,0,0,0,,,no,0,,0,,no,no
char_kingpool,Kingpool,kingpool,player_0066,Tram,Tram,medium,evidence_player_group_0066,Dwarf,,Free Peoples,medium,,,,,,,,,,,,,,,,,,,,,,,,race_only,no,no,,,,,0,0,0,,,no,0,,0,,no,no
char_kinson,Kinson,kinson,player_0219,Risca,Risca,medium,evidence_player_group_0219,Orc,,Minions of Sauron,high,,,,,,,,,,,,,,,,,,,,,,,,race_only,no,no,,,,,0,0,0,,,no,0,,0,,no,no
char_kiska,Kiska,kiska,player_0194,Morfizm,Morfizm [Dmitry],medium,evidence_player_group_0194,Elf,,Free Peoples,medium,,,,,,,,,,,,,,,,,,,,,,,,race_only,no,no,,,,,0,0,0,,,no,0,,0,,no,no
char_kitto,Kitto,kitto,player_0094,Almarian,Almarian,medium,evidence_player_group_0094,Man,Beorning,Free Peoples,medium,Warrior,Warrior,Battlemaster,high,,,,,,,,,,,,,,,,,,,,classified,no,no,,,,,0,0,0,,,yes,1,33.5,0,,no,no
char_kloker,Kloker,kloker,player_0060,Amandil,Amandil,medium,evidence_player_group_0060,Dwarf,,Free Peoples,medium,,,,,,,,,,,,,,,,,,,,,,,,race_only,no,no,,,,,0,0,0,,,no,0,,0,,no,no
char_knold,Knold,knold,player_0158,Ainafea,Ainafea,medium,evidence_player_group_0158,,,,,,,,,,,,,,,,,,,,,,,,,,,,no_whois_classification,no,no,,,,,0,0,0,,,no,0,,0,,yes,yes
char_kobold,Kobold,kobold,player_0173,Durcano,Durcano [Remo],medium,evidence_player_group_0173,Orc,,Minions of Sauron,high,,,,,,,,,,,,,,,,,,,,,,,,race_only,no,no,,,,,0,0,0,,,no,0,,0,,no,no
char_kocano,Kocano,kocano,player_0173,Durcano,Durcano [Remo],medium,evidence_player_group_0173,Orc,Zaugurz,Renegade Zaugurz,high,,,,,,,,,,,,,,,,,,,,,,,,race_only,no,no,,,,,0,0,0,,,no,0,,0,,no,no
char_kochurma,Kochurma,kochurma,player_0195,Porien,Porien [Dmitry],medium,evidence_player_group_0195,Orc,,Minions of Sauron,high,,,,,,,,,,,,,,,,,,,,,,,,race_only,no,no,,,,,0,0,0,,,no,0,,0,,no,no
char_koer,Koer,koer,player_0200,Helga,Helga [Aleks],medium,evidence_player_group_0200,,,,,,,,,,,,,,,,,,,,,,,,,,,,no_whois_classification,no,no,,,,,0,0,0,,,no,0,,0,,yes,yes
char_koff,Koff,koff,player_0105,Crysania,Crysania,medium,evidence_player_group_0105,Elf,Noldorin,Free Peoples,medium,Warrior,Warrior,Bodyguard,high,80% Rescue,,,,,,,,,,,,,,,,,,,classified,no,no,,,,,0,0,0,,,no,0,,1,low:1,no,yes
char_kogan,Kogan,kogan,player_0156,Kogan,Kogan,medium,evidence_player_group_0156,Dwarf,,Free Peoples,medium,General,General,Hero,medium,,,,,,,,,,,,,,,,,,,,classified,no,no,,,,,0,0,0,,,no,0,,0,,no,no
char_korax,Korax,korax,player_0005,Praiodan,Praiodan [Tomas],medium,evidence_player_group_0005,Dwarf,,Free Peoples,medium,,,,,,,,,,,,,,,,,,,,,,,,race_only,no,no,,,,,0,0,0,,,no,0,,0,,no,no
char_korek,Korek,korek,player_0188,Aiele,Aiele [Joel],medium,evidence_player_group_0188,Orc,Tarkhnarb,Minions of Sauron,high,General,General,Rider,medium,90% Ride,,,,,,,,,,,,,,,,,,,classified,no,no,,,,,0,0,0,,,yes,1,4.5,0,,no,no
char_korf,Korf,korf,player_0220,Strine,Strine,medium,evidence_player_group_0220,Dwarf,,Free Peoples,medium,General,General,Hero,medium,,,,,,,,,,,,,,,,,,,,classified,no,no,,,,,0,0,0,,,no,0,,0,,no,no
char_korin,Korin,korin,player_0047,Idun,Idun,medium,evidence_player_group_0047,Dwarf,,Free Peoples,medium,Warrior,Warrior,Warden,high,75% Bash,,,,,,,,,,,,,,,,,,,classified,no,no,,,,,0,0,0,,,no,0,,1,medium:1,no,yes
char_kostej,Kostej,kostej,player_0019,Luke,Luke,medium,evidence_player_group_0019,Orc,Tarkhnarb,Minions of Sauron,high,Thief,Thief,Assassin,high,,,,,,,,,,,,,,,,,,,,classified,no,no,,,,,0,0,0,,,no,0,,0,,no,no
char_kotta,Kotta,kotta,player_0110,Fredde,Fredde [Fredde],medium,evidence_player_group_0110,Troll,,Minions of Sauron,high,,,,,,,,,,,,,,,,,,,,,,,,race_only,no,no,,,,,0,0,0,,,no,0,,0,,no,no
char_kovie,Kovie,kovie,player_0003,Burb,Burb,medium,evidence_player_group_0003,Orc,Tarkhnarb,Minions of Sauron,high,General,General,Champion,medium,,,,,,,,,,,,,,,,,,,,classified,no,no,,,,,0,0,0,,,no,0,,0,,no,no
char_koza,Koza,koza,player_0069,Pilsner,Pilsner [Jurek],medium,evidence_player_group_0069,Dwarf,,Free Peoples,medium,Warrior,Warrior,Axemistress,high,100% cleaving weapons,,,,female,high,,,,,,,,,,,,,,classified,no,no,,,,,0,0,0,,,no,0,,0,,no,no
char_kozel,Kozel,kozel,player_0023,Bah,Bah [Jan],medium,evidence_player_group_0023,Dwarf,,Free Peoples,medium,,,,,,,,,,,,,,,,,,,,,,,,race_only,no,no,,,,,0,0,0,,,no,0,,0,,no,no
char_kraal,Kraal,kraal,player_0065,Wryak,Wryak [Tapio],medium,evidence_player_group_0065,Orc,Tarkhnarb,Minions of Sauron,high,Thief,Thief,Assassin,high,,,,,,,,,,,,,,,,,,,,classified,no,no,,,,,0,0,0,,,no,0,,0,,no,no
char_krax,Krax,krax,player_0160,Krax,Krax,medium,evidence_player_group_0160,Dwarf,,Free Peoples,medium,General,General,Hero,medium,,,,,,,,,,,,,,,,,,,,classified,no,no,,,,,0,0,0,,,no,0,,0,,no,no
char_kreil,Kreil,kreil,player_0080,Venal,Venal,medium,evidence_player_group_0080,,,,,,,,,,,,,,,,,,,,,,,,,,,,no_whois_classification,no,no,,,,,0,0,0,,,no,0,,0,,yes,yes
char_krkavec,Krkavec,krkavec,player_0140,Spud,Spud,medium,evidence_player_group_0140,Orc,,Minions of Sauron,high,,,,,,,,,,,,,,,,,,,,,,,,race_only,no,no,,,,,0,0,0,,,no,0,,0,,no,no
char_kroom,Kroom,kroom,player_0166,Bodhran,Bodhran,medium,evidence_player_group_0166,Orc,Tarkhnarb,Minions of Sauron,high,General,General,Adventurer,medium,,,,,,,,,,,,,,,,,,,,classified,no,no,,,,,0,0,0,,,no,0,,0,,no,no
char_krossen,Krossen,krossen,player_0035,Fankil,Fankil [Alexander],medium,evidence_player_group_0035,Troll,Mountain Troll,Minions of Sauron,high,Warrior,Warrior,Warrior,medium,,,,,,,,,,,,,,,,,,,,classified,no,no,,,,,0,0,0,,,no,0,,0,,no,no
char_krubb,Krubb,krubb,player_0073,Thoirin,Thoirin [Mans],medium,evidence_player_group_0073,Orc,Tarkhnarb,Minions of Sauron,high,Thief,Thief,Assassin,high,,,,,,,,,,,,,,,,,,,,classified,no,no,,,,,0,0,0,,,yes,1,28.0,0,,no,no
char_kuku,Kuku,kuku,player_0020,Bubla,Bubla,medium,evidence_player_group_0020,Man,Eriadorian,Free Peoples,medium,Warrior,Warrior,Warden,high,75% Bash,,,,,,,,,,,,,,,,,,,classified,no,no,,,,,0,0,0,,,no,0,,0,,no,no
char_kulgan,Kulgan,kulgan,player_0008,Fingeror,Fingeror [Jocke],medium,evidence_player_group_0008,Elf,,Free Peoples,medium,,,,,,,,,,,,,,,,,,,,,,,,race_only,no,no,,,,,0,0,0,,,no,0,,0,,no,no
char_kunduk,Kunduk,kunduk,player_0200,Helga,Helga [Aleks],medium,evidence_player_group_0200,Orc,,Minions of Sauron,high,,,,,,,,,,,,,,,,,,,,,,,,race_only,no,no,,,,,0,0,0,,,no,0,,0,,no,no
char_kurast,Kurast,kurast,player_0081,Vassago,Vassago,medium,evidence_player_group_0081,,,,,,,,,,,,,,,,,,,,,,,,,,,,no_whois_classification,no,no,,,,,0,0,0,,,no,0,,0,,yes,yes
char_kurdran,Kurdran,kurdran,player_0036,Atlas,Atlas,medium,evidence_player_group_0036,Dwarf,,Free Peoples,medium,Magic-user,Magic-user,Scholar,high,,,,,,,,,,,,,,,,,,,,classified,no,no,,,,,0,0,0,,,no,0,,0,,no,no
char_kurva,Kurva,kurva,player_0069,Pilsner,Pilsner [Jurek],medium,evidence_player_group_0069,Orc,Tarkhnarb,Minions of Sauron,high,General,General,Champion,medium,,,,,,,,,,,,,,,,,,,,classified,no,no,,,,,0,0,0,,,no,0,,0,,no,no
char_kviea,Kviea,kviea,player_0156,Kogan,Kogan,medium,evidence_player_group_0156,,,,,,,,,,,,,,,,,,,,,,,,,,,,no_whois_classification,no,no,,,,,0,0,0,,,no,0,,0,,yes,yes
char_kylm,Kylm,kylm,player_0004,Wow,Wow,medium,evidence_player_group_0004,Man,Black Númenórean,Minions of Sauron,high,,,,,,,,,,,,,,,,,,,,,,,,race_only,no,no,,,,,0,0,0,,,no,0,,0,,no,no
char_labero,Labero,labero,player_0014,Gothmog,Gothmog [Petter],medium,evidence_player_group_0014,Man,Black Númenórean,Minions of Sauron,high,Magic-user,Magic-user,Sage,high,,,,,,,,,,,,,,,,,,,,classified,no,no,,,,,0,0,0,,,no,0,,0,,no,no
char_lada,Lada,lada,player_0203,Lada,Lada [Ilona],medium,evidence_player_group_0203,,,,,,,,,,,,,,,,,,,,,,,,,,,,no_whois_classification,no,no,,,,,0,0,0,,,no,0,,0,,yes,yes
char_lairathim,Lairathim,lairathim,player_0108,Toe,Toe,medium,evidence_player_group_0108,Man,Black Númenórean,Minions of Sauron,high,,,,,,,,,,,,,,,,,,,,,,,,race_only,no,no,,,,,0,0,0,,,no,0,,0,,no,no
char_lakh,Lakh,lakh,player_0079,Feon,Feon [Johan],medium,evidence_player_group_0079,,,,,,,,,,,,,,,,,,,,,,,,,,,,no_whois_classification,no,no,,,,,0,0,0,,,no,0,,0,,yes,yes
char_lakon,Lakon,lakon,player_0079,Feon,Feon [Johan],medium,evidence_player_group_0079,Orc,,Minions of Sauron,high,,,,,,,,,,,,,,,,,,,,,,,,race_only,no,no,,,,,0,0,0,,,no,0,,0,,no,no
char_lalloree,Lalloree,lalloree,player_0069,Pilsner,Pilsner [Jurek],medium,evidence_player_group_0069,Man,Black Númenórean,Minions of Sauron,high,Magic-user,Magic-user,Witch,high,,,,,female,high,,,,,,,,,,,,,,classified,no,no,,,,,0,0,0,,,no,0,,0,,no,no
char_lalok,Lalok,lalok,player_0022,Moonparent,Moonparent [David],medium,evidence_player_group_0022,Orc,,Minions of Sauron,high,,,,,,,,,,,,,,,,,,,,,,,,race_only,no,no,,,,,0,0,0,,,no,0,,0,,no,no
char_lammas,Lammas,lammas,player_0105,Crysania,Crysania,medium,evidence_player_group_0105,,,,,,,,,,,,,,,,,,,,,,,,,,,,no_whois_classification,no,no,,,,,0,0,0,,,no,0,,0,,yes,yes
char_lammoth,Lammoth,lammoth,player_0095,Haista,Haista,medium,evidence_player_group_0095,Orc,,Minions of Sauron,high,,,,,,,,,,,,,,,,,,,,,,,,race_only,no,no,,,,,0,0,0,,,no,0,,0,,no,no
char_lana,Lana,lana,player_0028,Enforcer,Enforcer [Ert],medium,evidence_player_group_0028,Orc,,Minions of Sauron,high,,,,,,,,,,,,,,,,,,,,,,,,race_only,no,no,,,,,0,0,0,,,no,0,,0,,no,no
char_lancelot,Lancelot,lancelot,player_0011,Lancelot,Lancelot [Andreas],medium,evidence_player_group_0011,Maia,,Immortals,high,,,,,,,,,,,Maia,M,,retired,Boardreader,no,no,2026_06_16_retired_immortals,MUME retired immortal list,List current as of 2026-06-16,immortal_2026_06_16_retired_immortals_lancelot_558_listed_retired_immortal,candidate,Copied by Lewis. Includes Boardreaders and honorary True Legend entry for Norsu.,immortal,yes,yes,data/evidence/whois_display/html/lancelot.html,data/evidence/whois_display/text/lancelot.txt,mha:lancelot:1781604243:37f24384,high,0,0,0,,,yes,2,34.0,0,,no,no
char_langolier,Langolier,langolier,player_0178,Nagoroth,Nagoroth [Steve],medium,evidence_player_group_0178,Dwarf,,Free Peoples,medium,Warrior,Warrior,Axemaster,high,100% cleaving weapons,,,,,,,,,,,,,,,,,,,classified,no,no,,,,,0,0,0,,,no,0,,0,,no,no
char_lasombra,Lasombra,lasombra,player_0132,Shagrath,Shagrath,medium,evidence_player_group_0132,,,,,,,,,,,,,,,,,,,,,,,,,,,,no_whois_classification,no,no,,,,,0,0,0,,,no,0,,0,,yes,yes
char_lathos,Lathos,lathos,player_0035,Fankil,Fankil [Alexander],medium,evidence_player_group_0035,Elf,,Free Peoples,medium,,,,,,,,,,,,,,,,,,,,,,,,race_only,no,no,,,,,0,0,0,,,no,0,,0,,no,no
char_laurelin,Laurelin,laurelin,player_0125,Ausir,Ausir,medium,evidence_player_group_0125,Elf,,Free Peoples,medium,,,,,,,,,,,,,,,,,,,,,,,,race_only,no,no,,,,,0,0,0,,,no,0,,0,,no,no
char_lavendel,Lavendel,lavendel,player_0096,Voile,Voile,medium,evidence_player_group_0096,Elf,Noldorin,Free Peoples,medium,Cleric,Cleric,Priestess,high,,,,,female,high,,,,,,,,,,,,,,classified,no,no,,,,,0,0,0,,,no,0,,0,,no,no
char_lazy,Lazy,lazy,player_0109,Nighthawk,Nighthawk,medium,evidence_player_group_0109,Orc,Tarkhnarb,Minions of Sauron,high,Warrior,Warrior,Warg-rider,low,,,,,,,,,,,,,,,,,,,,classified,no,no,,,,,0,0,0,,,no,0,,0,,no,no
char_leagel,Leagel,leagel,player_0010,Zaber,Zaber,medium,evidence_player_group_0010,Half-Elf,,Free Peoples,medium,,,,,,,,,,,,,,,,,,,,,,,,race_only,no,no,,,,,0,0,0,,,no,0,,0,,no,no
char_leave,Leave,leave,player_0163,Leave,Leave,medium,evidence_player_group_0163,,,,,,,,,,,,,,,,,,,,,,,,,,,,no_whois_classification,no,no,,,,,0,0,0,,,no,0,,0,,yes,yes
char_lefali,Lefali,lefali,player_0145,Rebeka,Rebeka,medium,evidence_player_group_0145,Elf,,Free Peoples,medium,,,,,,,,,,,,,,,,,,,,,,,,race_only,no,no,,,,,0,0,0,,,no,0,,0,,no,no
char_leffe,Leffe,leffe,player_0024,Decoy,Decoy [Peter],medium,evidence_player_group_0024,Troll,Mountain Troll,Minions of Sauron,high,,,Softskin,low,,,,,,,,,,,,,,,,,,,,generic_title_no_class,no,no,,,,,0,0,0,,,no,0,,0,,no,no
char_legion,Legion,legion,player_0036,Atlas,Atlas,medium,evidence_player_group_0036,Elf,Noldorin,Free Peoples,medium,General,General,Hero,medium,,,,,,,,,,,,,,,,,,,,classified,no,no,,,,,0,0,0,,,no,0,,0,,no,no
char_lehto,Lehto,lehto,player_0043,Lehto,Lehto,medium,evidence_player_group_0043,Maia,,Immortals,high,Cartographer,Cartographer,Cartographer,high,,,,,,,Maia,M,Cartographer,current,Maia,no,no,2026_06_16_current_immortals,MUME current immortal list,List current as of 2026-06-16,immortal_2026_06_16_current_immortals_lehto_82_listed_current_immortal,candidate,Copied by Lewis. (+m) means the immortal is also a Maiar Muddler / muddle code contributor.,immortal,yes,yes,data/evidence/whois_display/html/lehto.html,data/evidence/whois_display/text/lehto.txt,mha:lehto:1781604325:d03c81ad,high,0,0,0,,,no,0,,0,,no,no
char_lei,Lei,lei,player_0167,Eloin,Eloin,medium,evidence_player_group_0167,Orc,Tarkhnarb,Minions of Sauron,high,Warrior,Warrior,Veteran,high,,,,,,,,,,,,,,,,,,,,classified,no,no,,,,,0,0,0,,,no,0,,0,,no,no
char_lenwe,Lenwe,lenwe,player_0045,Rza,Rza,medium,evidence_player_group_0045,Elf,Noldorin,Free Peoples,medium,Magic-user,Magic-user,Wizard,high,,,,,,,,,,,,,,,,,,,,classified,no,no,,,,,0,0,0,,,no,0,,0,,no,no
char_lepra,Lepra,lepra,player_0020,Bubla,Bubla,medium,evidence_player_group_0020,,,,,,,,,,,,,,,,,,,,,,,,,,,,no_whois_classification,no,no,,,,,0,0,0,,,no,0,,0,,yes,yes
char_lerian,Lerian,lerian,player_0051,Alantir,Alantir,medium,evidence_player_group_0051,Man,,Free Peoples,medium,,,,,,,,,,,,,,,,,,,,,,,,race_only,no,no,,,,,0,0,0,,,no,0,,0,,no,no
char_liart,Liart,liart,player_0011,Lancelot,Lancelot [Andreas],medium,evidence_player_group_0011,Orc,,Minions of Sauron,high,,,,,,,,,,,,,,,,,,,,,,,,race_only,no,no,,,,,0,0,0,,,no,0,,0,,no,no
char_libresse,Libresse,libresse,player_0006,Chavez,Chavez,medium,evidence_player_group_0006,,,,,,,,,,,,,,,,,,,,,,,,,,,,no_whois_classification,no,no,,,,,0,0,0,,,no,0,,0,,yes,yes
char_lief,Lief,lief,player_0057,Kenzu,Kenzu,medium,evidence_player_group_0057,Dwarf,,Free Peoples,medium,,,,,,,,,,,,,,,,,,,,,,,,race_only,no,no,,,,,0,0,0,,,no,0,,0,,no,no
char_liliah,Liliah,liliah,player_0129,Liliah,Liliah,medium,evidence_player_group_0129,Maia,,Immortals,high,Shaper,Shaper,Shaper,high,,,,,,,Maia,M,Shaper,retired,Maia,no,no,2026_06_16_retired_immortals,MUME retired immortal list,List current as of 2026-06-16,immortal_2026_06_16_retired_immortals_liliah_73_listed_retired_immortal,candidate,Copied by Lewis. Includes Boardreaders and honorary True Legend entry for Norsu.,immortal,yes,yes,data/evidence/whois_display/html/liliah.html,data/evidence/whois_display/text/liliah.txt,mha:liliah:1781604359:84b84e55,high,0,0,0,,,no,0,,0,,no,no
char_lilladde,Lilladde,lilladde,player_0011,Lancelot,Lancelot [Andreas],medium,evidence_player_group_0011,Hobbit,,Free Peoples,medium,,,,,,,,,,,,,,,,,,,,,,,,race_only,no,no,,,,,0,0,0,,,no,0,,0,,no,no
char_lillian,Lillian,lillian,player_0004,Wow,Wow,medium,evidence_player_group_0004,Elf,,Free Peoples,medium,,,,,,,,,,,,,,,,,,,,,,,,race_only,no,no,,,,,0,0,0,,,no,0,,0,,no,no
char_lilljempa,Lilljempa,lilljempa,player_0070,Heldo,Heldo [Jens],medium,evidence_player_group_0070,Hobbit,,Free Peoples,medium,,,,,,,,,,,,,,,,,,,,,,,,race_only,no,no,,,,,0,0,0,,,no,0,,0,,no,no
char_lillmarre,Lillmarre,lillmarre,player_0071,Marre,Marre [Martin],medium,evidence_player_group_0071,Hobbit,,Free Peoples,medium,,,,,,,,,,,,,,,,,,,,,,,,race_only,no,no,,,,,0,0,0,,,no,0,,0,,no,no
char_lina,Lina,lina,player_0139,Naga,Naga,medium,evidence_player_group_0139,Elf,Noldorin,Free Peoples,medium,Magic-user,Magic-user,Witch,high,,,,,female,high,,,,,,,,,,,,,,classified,no,no,,,,,0,0,0,,,no,0,,0,,no,no
char_linar,Linar,linar,player_0168,Linar,Linar,medium,evidence_player_group_0168,,,,,,,,,,,,,,,,,,,,,,,,,,,,no_whois_classification,no,no,,,,,0,0,0,,,no,0,,0,,yes,yes
char_linara,Linara,linara,player_0139,Naga,Naga,medium,evidence_player_group_0139,Man,Black Númenórean,Minions of Sauron,high,Magic-user,Magic-user,Scholar,high,,,,,,,,,,,,,,,,,,,,classified,no,no,,,,,0,0,0,,,no,0,,0,,no,no
char_ling,Ling,ling,player_0063,Ling,Ling,medium,evidence_player_group_0063,Maia,,Immortals,high,,,,,,,,,,,Maia,M,,retired,Boardreader,no,no,2026_06_16_retired_immortals,MUME retired immortal list,List current as of 2026-06-16,immortal_2026_06_16_retired_immortals_ling_573_listed_retired_immortal,candidate,Copied by Lewis. Includes Boardreaders and honorary True Legend entry for Norsu.,immortal,no,no,,,,,0,0,0,,,no,0,,0,,no,no
char_lirathe,Lirathe,lirathe,player_0135,Temegl,Temegl,medium,evidence_player_group_0135,,,,,,,,,,,,,,,,,,,,,,,,,,,,no_whois_classification,no,no,,,,,0,0,0,,,no,0,,0,,yes,yes
char_lisp,Lisp,lisp,player_0208,Anton,Anton [Anton],medium,evidence_player_group_0208,Dwarf,,Free Peoples,medium,,,,,,,,,,,,,,,,,,,,,,,,race_only,no,no,,,,,0,0,0,,,no,0,,0,,no,no
char_liten,Liten,liten,player_0008,Fingeror,Fingeror [Jocke],medium,evidence_player_group_0008,Orc,Tarkhnarb,Minions of Sauron,high,General,General,Champion,medium,,,,,,,,,,,,,,,,,,,,classified,no,no,,,,,0,0,0,,,yes,1,37.5,0,,no,no
char_litovel,Litovel,litovel,player_0019,Luke,Luke,medium,evidence_player_group_0019,Dwarf,,Free Peoples,medium,Warrior,Warrior,Battlemistress,high,,,,,female,high,,,,,,,,,,,,,,classified,no,no,,,,,0,0,0,,,no,0,,0,,no,no
char_llort,Llort,llort,player_0109,Nighthawk,Nighthawk,medium,evidence_player_group_0109,Troll,Cave Troll,Minions of Sauron,high,Warrior,Warrior,Warrior,medium,,,,,,,,,,,,,,,,,,,,classified,no,no,,,,,0,0,0,,,no,0,,0,,no,no
char_lochdale,Lochdale,lochdale,player_0138,Lochdale,Lochdale [Donal],medium,evidence_player_group_0138,Hobbit,,Free Peoples,medium,,,,,,,,,,,,,,,,,,,,,,,,race_only,no,no,,,,,0,0,0,,,no,0,,0,,no,no
char_lokomotiva,Lokomotiva,lokomotiva,player_0019,Luke,Luke,medium,evidence_player_group_0019,Troll,Cave Troll,Minions of Sauron,high,Warrior,Warrior,Warrior,medium,,,,,,,,,,,,,,,,,,,,classified,no,no,,,,,0,0,0,,,no,0,,0,,no,no
char_lol,Lol,lol,player_0023,Bah,Bah [Jan],medium,evidence_player_group_0023,Elf,,Free Peoples,medium,,,,,,,,,,,,,,,,,,,,,,,,race_only,no,no,,,,,0,0,0,,,no,0,,0,,no,no
char_lombur,Lombur,lombur,player_0128,Bornack,Bornack [Fredrik],medium,evidence_player_group_0128,Dwarf,Firebeard,Free Peoples,medium,Warrior,Warrior,Axemaster,high,100% cleaving weapons,,,,,,,,,,,,,,,,,,,classified,no,no,,,,,0,0,0,,,no,0,,0,,no,no
char_lomek,Lomek,lomek,player_0113,Nardhal,Nardhal,medium,evidence_player_group_0113,Hobbit,,Free Peoples,medium,,,,,,,,,,,,,,,,,,,,,,,,race_only,no,no,,,,,0,0,0,,,no,0,,0,,no,no
char_lorduk,Lorduk,lorduk,player_0217,Beat,Beat [Joosep],medium,evidence_player_group_0217,Troll,,Minions of Sauron,high,,,,,,,,,,,,,,,,,,,,,,,,race_only,no,no,,,,,4,4,4,quoted_speaker:4,Fearsome,no,0,,0,,no,yes
char_lore,Lore,lore,player_0097,Moonglum,Moonglum,medium,evidence_player_group_0097,Elf,,Free Peoples,medium,,,,,,,,,,,,,,,,,,,,,,,,race_only,no,no,,,,,0,0,0,,,no,0,,0,,no,no
char_lote,Lote,lote,player_0186,Hanr,Hanr,medium,evidence_player_group_0186,Elf,Silvan,Free Peoples,medium,Cleric,Cleric,Matriarch,high,,,,,female,high,,,,,,,,,,,,,,classified,no,no,,,,,0,0,0,,,no,0,,0,,no,no
char_lothar,Lothar,lothar,player_0217,Beat,Beat [Joosep],medium,evidence_player_group_0217,Troll,Mountain Troll,Minions of Sauron,high,Warrior,Warrior,Brute,low,,,,,,,,,,,,,,,,,,,,classified,no,no,,,,,0,0,0,,,no,0,,0,,no,no
char_lotheila,Lotheila,lotheila,player_0089,Lothlori,Lothlori,medium,evidence_player_group_0089,Man,Black Númenórean,Minions of Sauron,high,,,,,,,,,,,,,,,,,,,,,,,,race_only,no,no,,,,,0,0,0,,,no,0,,1,medium:1,no,yes
char_lothlahn,Lothlahn,lothlahn,player_0037,Bobbie,Bobbie,medium,evidence_player_group_0037,Elf,,Free Peoples,medium,,,,,,,,,,,,,,,,,,,,,,,,race_only,no,no,,,,,0,0,0,,,yes,1,14.0,0,,no,no
char_lothlori,Lothlori,lothlori,player_0089,Lothlori,Lothlori,medium,evidence_player_group_0089,Elf,,Free Peoples,medium,,,,,,,,,,,,,,,,,,,,,,,,race_only,no,no,,,,,0,0,0,,,no,0,,0,,no,no
char_lowanda,Lowanda,lowanda,player_0139,Naga,Naga,medium,evidence_player_group_0139,Elf,Silvan,Free Peoples,medium,Warrior,Warrior,Bodyguard,high,80% Rescue,,,,,,,,,,,,,,,,,,,classified,no,no,,,,,0,0,0,,,no,0,,1,low:1,no,yes
char_lowyn,Lowyn,lowyn,player_0025,Lowyn,Lowyn,medium,evidence_player_group_0025,Man,Rohirrim,Free Peoples,medium,General,General,Rider,medium,90% Ride,,,,,,,,,,,,,,,,,,,classified,no,no,,,,,0,0,0,,,no,0,,0,,no,no
char_luber,Luber,luber,player_0047,Idun,Idun,medium,evidence_player_group_0047,Dwarf,,Free Peoples,medium,Warrior,Warrior,Veteran,high,,,,,,,,,,,,,,,,,,,,classified,no,no,,,,,0,0,0,,,no,0,,0,,no,no
char_luckless,Luckless,luckless,player_0109,Nighthawk,Nighthawk,medium,evidence_player_group_0109,Orc,,Minions of Sauron,high,,,,,,,,,,,,,,,,,,,,,,,,race_only,no,no,,,,,0,0,0,,,no,0,,0,,no,no
char_luingil,Luingil,luingil,player_0185,Buggar,Buggar [Adam],medium,evidence_player_group_0185,,,,,,,,,,,,,,,,,,,,,,,,,,,,no_whois_classification,no,no,,,,,0,0,0,,,no,0,,0,,yes,yes
char_luke,Luke,luke,player_0019,Luke,Luke,medium,evidence_player_group_0019,Maia,,Immortals,high,,,,,,,,,,,Maia,M,,retired,Boardreader,no,no,2026_06_16_retired_immortals,MUME retired immortal list,List current as of 2026-06-16,immortal_2026_06_16_retired_immortals_luke_581_listed_retired_immortal,candidate,Copied by Lewis. Includes Boardreaders and honorary True Legend entry for Norsu.,immortal,yes,yes,data/evidence/whois_display/html/luke.html,data/evidence/whois_display/text/luke.txt,mha:luke:1781604508:a4d18a38,high,20,14,14,heading_name_list:20,Smrtihlav; Mochomurka; Smrtak; Tiggie; Lokomotiva; Manandoun; Litovel; Eletherion; Plch; Mrtvola,no,0,,0,,no,yes
char_lurken,Lurken,lurken,player_0171,Lurken,Lurken [Simon],medium,evidence_player_group_0171,Man,Black Númenórean,Minions of Sauron,high,Warrior,Warrior,Mercenary,low,,,,,,,,,,,,,,,,,,,,classified,no,no,,,,,0,0,0,,,no,0,,0,,no,no
char_lutien,Lutien,lutien,player_0194,Morfizm,Morfizm [Dmitry],medium,evidence_player_group_0194,Elf,Noldorin,Free Peoples,medium,Cleric,Cleric,Priestess,high,,,,,female,high,,,,,,,,,,,,,,classified,no,no,,,,,0,0,0,,,no,0,,0,,no,no
char_luvette,Luvette,luvette,player_0012,Axel,Axel [Axel],medium,evidence_player_group_0012,Man,Beorning,Free Peoples,medium,Warrior,Warrior,Battlemistress,high,,,,,female,high,,,,,,,,,,,,,,classified,no,no,,,,,2,0,0,quoted_speaker:2,Pernicious,no,0,,0,,no,yes
char_maal,Maal,maal,player_0061,Siroth,Siroth,medium,evidence_player_group_0061,Orc,Tarkhnarb,Minions of Sauron,high,General,General,Champion,medium,,,,,,,,,,,,,,,,,,,,classified,no,no,,,,,0,0,0,,,no,0,,0,,no,no
char_mabel,Mabel,mabel,player_0034,Nazgum,Nazgum,medium,evidence_player_group_0034,Orc,,Minions of Sauron,high,Thief,Thief,Pilferer,low,,,,,,,,,,,,,,,,,,,,classified,no,no,,,,,0,0,0,,,no,0,,0,,no,no
char_macke,Macke,macke,player_0035,Fankil,Fankil [Alexander],medium,evidence_player_group_0035,Troll,Mountain Troll,Minions of Sauron,high,,,Softskin,low,,,,,,,,,,,,,,,,,,,,generic_title_no_class,no,no,,,,,0,0,0,,,no,0,,0,,no,no
char_macros,Macros,macros,player_0008,Fingeror,Fingeror [Jocke],medium,evidence_player_group_0008,Man,Black Númenórean,Minions of Sauron,high,Warrior,Warrior,Mercenary,low,,,,,,,,,,,,,,,,,,,,classified,no,no,,,,,0,0,0,,,no,0,,0,,no,no
char_madcat,Madcat,madcat,player_0031,Swork,Swork,medium,evidence_player_group_0031,Orc,Tarkhnarb,Minions of Sauron,high,Thief,Thief,Assassin,high,,,,,,,,,,,,,,,,,,,,classified,no,no,,,,,0,0,0,,,no,0,,0,,no,no
char_maeglor,Maeglor,maeglor,player_0017,Alkar,Alkar,medium,evidence_player_group_0017,Elf,,Free Peoples,medium,,,,,,,,,,,,,,,,,,,,,,,,race_only,no,no,,,,,0,0,0,,,no,0,,0,,no,no
char_maegnas,Maegnas,maegnas,player_0049,Haazheel,Haazheel,medium,evidence_player_group_0049,Elf,Noldorin,Free Peoples,medium,General,General,Rider,medium,90% Ride,,,,,,,,,,,,,,,,,,,parser_suspect_or_custom_descriptor,no,no,,,,,0,0,0,,,no,0,,0,,yes,yes
char_magi,Magi,magi,player_0108,Toe,Toe,medium,evidence_player_group_0108,Elf,Sindarin,Free Peoples,medium,General,General,Heroine,medium,,,,,female,high,,,,,,,,,,,,,,classified,no,no,,,,,0,0,0,,,yes,1,39.0,0,,no,no
char_magica,Magica,magica,player_0063,Ling,Ling,medium,evidence_player_group_0063,Elf,,Free Peoples,medium,,,,,,,,,,,,,,,,,,,,,,,,race_only,no,no,,,,,0,0,0,,,no,0,,0,,no,no
char_maglor,Maglor,maglor,player_0018,Feanor,Feanor,medium,evidence_player_group_0018,Elf,,Free Peoples,medium,,,,,,,,,,,,,,,,,,,,,,,,race_only,no,no,,,,,0,0,0,,,no,0,,0,,no,no
char_magnolia,Magnolia,magnolia,player_0009,Snick,Snick [Johan],medium,evidence_player_group_0009,Man,,Free Peoples,medium,,,,,,,,,,,,,,,,,,,,,,,,race_only,no,no,,,,,0,0,0,,,no,0,,0,,no,no
char_mahyr,Mahyr,mahyr,player_0012,Axel,Axel [Axel],medium,evidence_player_group_0012,Elf,Silvan,Free Peoples,medium,Thief,Thief,Scout,high,,,,,,,,,,,,,,,,,,,,classified,no,no,,,,,0,0,0,,,no,0,,0,,no,no
char_malach,Malach,malach,player_0095,Haista,Haista,medium,evidence_player_group_0095,Man,,Free Peoples,medium,,,,,,,,,,,,,,,,,,,,,,,,race_only,no,no,,,,,0,0,0,,,no,0,,0,,no,no
char_malak,Malak,malak,player_0026,Alweon,Alweon,medium,evidence_player_group_0026,Orc,,Minions of Sauron,high,,,,,,,,,,,,,,,,,,,,,,,,race_only,no,no,,,,,0,0,0,,,no,0,,0,,no,no
char_malus,Malus,malus,player_0029,Faint,Faint,medium,evidence_player_group_0029,Orc,Zaugurz,Renegade Zaugurz,high,,,,,,,,,,,,,,,,,,,,,,,,race_only,no,no,,,,,2,2,2,quoted_speaker:2,Naga,no,0,,0,,no,yes
char_malysh,Malysh,malysh,player_0207,Ibis,Ibis,medium,evidence_player_group_0207,Dwarf,,Free Peoples,medium,,,,,,,,,,,,,,,,,,,,,,,,race_only,no,no,,,,,0,0,0,,,no,0,,0,,no,no
char_mammoth,Mammoth,mammoth,player_0006,Chavez,Chavez,medium,evidence_player_group_0006,Orc,Tarkhnarb,Minions of Sauron,high,General,General,Adventurer,medium,,,,,,,,,,,,,,,,,,,,classified,no,no,,,,,0,0,0,,,no,0,,0,,no,no
char_mamut,Mamut,mamut,player_0069,Pilsner,Pilsner [Jurek],medium,evidence_player_group_0069,Troll,Mountain Troll,Minions of Sauron,high,Warrior,Warrior,Wrecker,low,,,,,,,,,,,,,,,,,,,,classified,no,no,,,,,0,0,0,,,no,0,,0,,no,no
char_mamutice,Mamutice,mamutice,player_0069,Pilsner,Pilsner [Jurek],medium,evidence_player_group_0069,Troll,Cave Troll,Minions of Sauron,high,Warrior,Warrior,Warrior,medium,,,,,,,,,,,,,,,,,,,,classified,no,no,,,,,0,0,0,,,no,0,,0,,no,no
char_manaja,Manaja,manaja,player_0006,Chavez,Chavez,medium,evidence_player_group_0006,Elf,Sindarin,Free Peoples,medium,Magic-user,Magic-user,Wizard,high,,,,,,,,,,,,,,,,,,,,classified,no,no,,,,,0,0,0,,,no,0,,0,,no,no
char_manatark,Manatark,manatark,player_0030,Manatark,Manatark [Kaido],medium,evidence_player_group_0030,Maia,,Immortals,high,Wright,Wright,Wright,high,,,,,,,Maia,M,Wright,retired,Maia,no,no,2026_06_16_retired_immortals,MUME retired immortal list,List current as of 2026-06-16,immortal_2026_06_16_retired_immortals_manatark_135_listed_retired_immortal,candidate,Copied by Lewis. Includes Boardreaders and honorary True Legend entry for Norsu.,immortal,yes,yes,data/evidence/whois_display/html/manatark.html,data/evidence/whois_display/text/manatark.txt,mha:manatark:1781604608:cd70e2d8,high,0,0,0,,,no,0,,0,,no,no
char_manic,Manic,manic,player_0046,Filibert,Filibert,medium,evidence_player_group_0046,Orc,Tarkhnarb,Minions of Sauron,high,Warrior,Warrior,Battlemaster,high,,,,,,,,,,,,,,,,,,,,classified,no,no,,,,,0,0,0,,,no,0,,0,,no,no
char_manne,Manne,manne,player_0103,Edvard,Edvard [Aron],medium,evidence_player_group_0103,,,,,,,,,,,,,,,,,,,,,,,,,,,,no_whois_classification,no,no,,,,,0,0,0,,,no,0,,0,,yes,yes
char_marhault,Marhault,marhault,player_0111,Aram,Aram,medium,evidence_player_group_0111,,,,,,,,,,,,,,,,,,,,,,,,,,,,no_whois_classification,no,no,,,,,0,0,0,,,no,0,,0,,yes,yes
char_marillion,Marillion,marillion,player_0115,Marillion,Marillion,medium,evidence_player_group_0115,Man,Black Númenórean,Minions of Sauron,high,General,General,Adventurer,medium,,,,,,,,,,,,,,,,,,,,classified,no,no,,,,,0,0,0,,,no,0,,0,,no,no
char_marko,Marko,marko,player_0031,Swork,Swork,medium,evidence_player_group_0031,Dwarf,,Free Peoples,medium,,,,,,,,,,,,,,,,,,,,,,,,race_only,no,no,,,,,0,0,0,,,no,0,,0,,no,no
char_marras,Marras,marras,player_0187,Cano,Cano [Tanel],medium,evidence_player_group_0187,Hobbit,,Free Peoples,medium,,,,,,,,,,,,,,,,,,,,,,,,race_only,no,no,,,,,0,0,0,,,no,0,,0,,no,no
char_marre,Marre,marre,player_0071,Marre,Marre [Martin],medium,evidence_player_group_0071,,,,,,,,,,,,,,,,,,,,,,,,,,,,no_whois_classification,no,no,,,,,0,0,0,,,no,0,,0,,yes,yes
char_marroc,Marroc,marroc,player_0188,Aiele,Aiele [Joel],medium,evidence_player_group_0188,Hobbit,,Free Peoples,medium,,,,,,,,,,,,,,,,,,,,,,,,race_only,no,no,,,,,0,0,0,,,no,0,,0,,no,no
char_martijn,Martijn,martijn,player_0157,Dorolff,Dorolff,medium,evidence_player_group_0157,Maia,,Immortals,high,,,,,,,,,,,Maia,M,,retired,Boardreader,no,no,2026_06_16_retired_immortals,MUME retired immortal list,List current as of 2026-06-16,immortal_2026_06_16_retired_immortals_martijn_588_listed_retired_immortal,candidate,Copied by Lewis. Includes Boardreaders and honorary True Legend entry for Norsu.,immortal,yes,yes,data/evidence/whois_display/html/martijn.html,data/evidence/whois_display/text/martijn.txt,mha:martijn:1781604693:50c66585,high,0,0,0,,,no,0,,0,,no,no
char_mastah,Mastah,mastah,player_0141,Mastah,Mastah [Christian],medium,evidence_player_group_0141,Troll,,Minions of Sauron,high,,,,,,,,,,,,,,,,,,,,,,,,race_only,no,no,,,,,0,0,0,,,no,0,,0,,no,no
char_mato,Mato,mato,player_0001,Rogon,Rogon,medium,evidence_player_group_0001,Dwarf,,Free Peoples,medium,General,General,Hero,medium,,,,,,,,,,,,,,,,,,,,classified,no,no,,,,,0,0,0,,,no,0,,0,,no,no
char_mauna,Mauna,mauna,player_0179,Delfi,Delfi [Per],medium,evidence_player_group_0179,,,,,,,,,,,,,,,,,,,,,,,,,,,,no_whois_classification,no,no,,,,,0,0,0,,,no,0,,0,,yes,yes
char_maverick,Maverick,maverick,player_0152,Celo,Celo,medium,evidence_player_group_0152,Maia,,Immortals,high,,,,,,,,,,,Maia,M,,retired,Boardreader,no,no,2026_06_16_retired_immortals,MUME retired immortal list,List current as of 2026-06-16,immortal_2026_06_16_retired_immortals_maverick_591_listed_retired_immortal,candidate,Copied by Lewis. Includes Boardreaders and honorary True Legend entry for Norsu.,immortal,yes,yes,data/evidence/whois_display/html/maverick.html,data/evidence/whois_display/text/maverick.txt,mha:maverick:1781604758:adbd354b,high,0,0,0,,,no,0,,0,,no,no
char_mazai,Mazai,mazai,player_0199,Roman,Roman [Roman],medium,evidence_player_group_0199,Half-Elf,,Free Peoples,medium,,,,,,,,,,,,,,,,,,,,,,,,race_only,no,no,,,,,0,0,0,,,no,0,,0,,no,no
char_mazrim,Mazrim,mazrim,,,,,,Orc,,Minions of Sauron,high,,,,,,,,,,,,,,,,,,,,,,,,race_only,no,no,,,,,0,0,0,,,no,0,,0,,no,no
char_mazza,Mazza,mazza,player_0082,Relim,Relim,medium,evidence_player_group_0082,Man,Black Númenórean,Minions of Sauron,high,,,,,,,,,,,,,,,,,,,,,,,,race_only,no,no,,,,,0,0,0,,,no,0,,0,,no,no
char_mecra,Mecra,mecra,player_0153,Gloha,Gloha,medium,evidence_player_group_0153,,,,,,,,,,,,,,,,,,,,,,,,,,,,no_whois_classification,no,no,,,,,0,0,0,,,no,0,,0,,yes,yes
char_meeka,Meeka,meeka,player_0094,Almarian,Almarian,medium,evidence_player_group_0094,,,,,,,,,,,,,,,,,,,,,,,,,,,,no_whois_classification,no,no,,,,,0,0,0,,,no,0,,0,,yes,yes
char_mehter,Mehter,mehter,player_0003,Burb,Burb,medium,evidence_player_group_0003,Man,Rohirrim,Free Peoples,medium,Cleric,Cleric,Healer,high,,,,,,,,,,,,,,,,,,,,classified,no,no,,,,,0,0,0,,,no,0,,0,,no,no
char_mekul,Mekul,mekul,player_0213,Sibur,Sibur [Maxim],medium,evidence_player_group_0213,,,,,,,,,,,,,,,,,,,,,,,,,,,,no_whois_classification,no,no,,,,,0,0,0,,,no,0,,0,,yes,yes
char_melanchre,Melanchre,melanchre,player_0155,Bellows,Bellows [Matt],medium,evidence_player_group_0155,,,,,,,,,,,,,,,,,,,,,,,,,,,,no_whois_classification,no,no,,,,,0,0,0,,,no,0,,0,,yes,yes
char_melinda,Melinda,melinda,player_0063,Ling,Ling,medium,evidence_player_group_0063,Man,Black Númenórean,Minions of Sauron,high,,,,,,,,,,,,,,,,,,,,,,,,race_only,no,no,,,,,6,6,6,quoted_speaker:6,Smrtihlav,no,0,,0,,no,yes
char_meliza,Meliza,meliza,player_0141,Mastah,Mastah [Christian],medium,evidence_player_group_0141,Orc,Tarkhnarb,Minions of Sauron,high,Cleric,Cleric,Shaman,low,,,,,,,,,,,,,,,,,,,,classified,no,no,,,,,0,0,0,,,no,0,,0,,no,no
char_meneldur,Meneldur,meneldur,player_0127,Almarian,Almarian,medium,evidence_player_group_0127,Maia,,Immortals,high,Shaper,Shaper,Shaper,high,,,,,,,Maia,M,Shaper,retired,Boardreader,no,no,2026_06_16_retired_immortals,MUME retired immortal list,List current as of 2026-06-16,immortal_2026_06_16_retired_immortals_meneldur_593_listed_retired_immortal,candidate,Copied by Lewis. Includes Boardreaders and honorary True Legend entry for Norsu.,immortal,yes,yes,data/evidence/whois_display/html/meneldur.html,data/evidence/whois_display/text/meneldur.txt,mha:almarian:1781576783:237c9c30,high,0,0,0,,,no,0,,0,,no,no
char_mengaz,Mengaz,mengaz,player_0161,Halir,Halir,medium,evidence_player_group_0161,,,,,,,,,,,,,,,,,,,,,,,,,,,,no_whois_classification,no,no,,,,,0,0,0,,,no,0,,0,,yes,yes
char_mephistofel,Mephistofel,mephistofel,player_0197,Zmej,Zmej [Leha],medium,evidence_player_group_0197,Orc,,Minions of Sauron,high,,,,,,,,,,,,,,,,,,,,,,,,race_only,no,no,,,,,0,0,0,,,no,0,,0,,no,no
char_mercurius,Mercurius,mercurius,player_0062,Auriane,Auriane [Bob],medium,evidence_player_group_0062,Elf,Silvan,Free Peoples,medium,General,General,Hero,medium,,,,,,,,,,,,,,,,,,,,classified,no,no,,,,,0,0,0,,,no,0,,0,,no,no
char_meriadoc,Meriadoc,meriadoc,player_0046,Filibert,Filibert,medium,evidence_player_group_0046,Hobbit,Harfoot,Free Peoples,medium,General,General,Hero,medium,,,,,,,,,,,,,,,,,,,,classified,no,no,,,,,0,0,0,,,no,0,,1,medium:1,no,yes
char_meril,Meril,meril,player_0096,Voile,Voile,medium,evidence_player_group_0096,Man,,Free Peoples,medium,,,,,,,,,,,,,,,,,,,,,,,,race_only,no,no,,,,,0,0,0,,,no,0,,0,,no,no
char_merimac,Merimac,merimac,player_0036,Atlas,Atlas,medium,evidence_player_group_0036,Hobbit,Stoor,Free Peoples,medium,General,General,Hero,medium,,,,,,,,,,,,,,,,,,,,classified,no,no,,,,,0,0,0,,,no,0,,0,,no,no
char_merlin,Merlin,merlin,player_0121,Merlin,Merlin,medium,evidence_player_group_0121,,,,,,,,,,,,,,,,,,,,,,,,,,,,no_whois_classification,no,no,,,,,0,0,0,,,no,0,,0,,yes,yes
char_merlyn,Merlyn,merlyn,player_0189,Merlyn,Merlyn [Maxim],medium,evidence_player_group_0189,Maia,,Immortals,high,Wright,Wright,Wright,high,,,,,,,Maia,M,Wright,retired,Maia,no,no,2026_06_16_retired_immortals,MUME retired immortal list,List current as of 2026-06-16,immortal_2026_06_16_retired_immortals_merlyn_137_listed_retired_immortal,candidate,Copied by Lewis. Includes Boardreaders and honorary True Legend entry for Norsu.,immortal,yes,yes,data/evidence/whois_display/html/merlyn.html,data/evidence/whois_display/text/merlyn.txt,mha:merlyn:1781604814:bc995ff2,high,0,0,0,,,no,0,,0,,no,no
char_mess,Mess,mess,player_0029,Faint,Faint,medium,evidence_player_group_0029,Troll,Mountain Troll,Minions of Sauron,high,,,Softskin,low,,,,,,,,,,,,,,,,,,,,generic_title_no_class,no,no,,,,,0,0,0,,,no,0,,0,,no,no
char_mestan,Mestan,mestan,player_0070,Heldo,Heldo [Jens],medium,evidence_player_group_0070,,,,,,,,,,,,,,,,,,,,,,,,,,,,no_whois_classification,no,no,,,,,0,0,0,,,no,0,,0,,yes,yes
char_meteor,Meteor,meteor,player_0062,Auriane,Auriane [Bob],medium,evidence_player_group_0062,,,,,,,,,,,,,,,,,,,,,,,,,,,,no_whois_classification,no,no,,,,,0,0,0,,,no,0,,0,,yes,yes
char_mhur,Mhur,mhur,player_0181,Ancra,Ancra [Harry],medium,evidence_player_group_0181,,,,,,,,,,,,,,,,,,,,,,,,,,,,no_whois_classification,no,no,,,,,0,0,0,,,no,0,,0,,yes,yes
char_mikala,Mikala,mikala,player_0054,Deor,Deor,medium,evidence_player_group_0054,Half-Elf,,Free Peoples,medium,,,,,,,,,,,,,,,,,,,,,,,,race_only,no,no,,,,,0,0,0,,,no,0,,0,,no,no
char_mikke,Mikke,mikke,player_0096,Voile,Voile,medium,evidence_player_group_0096,Hobbit,,Free Peoples,medium,,,,,,,,,,,,,,,,,,,,,,,,race_only,no,no,,,,,0,0,0,,,no,0,,0,,no,no
char_miko,Miko,miko,player_0064,Saeth,Saeth [Wojtek],medium,evidence_player_group_0064,Orc,Tarkhnarb,Minions of Sauron,high,General,General,Adventurer,medium,,,,,,,,,,,,,,,,,,,,classified,no,no,,,,,0,0,0,,,no,0,,0,,no,no
char_milena,Milena,milena,player_0024,Decoy,Decoy [Peter],medium,evidence_player_group_0024,Orc,,Minions of Sauron,high,,,,,,,,,,,,,,,,,,,,,,,,race_only,no,no,,,,,0,0,0,,,no,0,,0,,no,no
char_miler,Miler,miler,player_0082,Relim,Relim,medium,evidence_player_group_0082,Orc,,Minions of Sauron,high,,,,,,,,,,,,,,,,,,,,,,,,race_only,no,no,,,,,0,0,0,,,no,0,,1,medium:1,no,yes
char_millen,Millen,millen,player_0067,David,David [David],medium,evidence_player_group_0067,,,,,,,,,,,,,,,,,,,,,,,,,,,,no_whois_classification,no,no,,,,,0,0,0,,,no,0,,0,,yes,yes
char_milzok,Milzok,milzok,player_0176,Beltira,Beltira [Erik],medium,evidence_player_group_0176,Dwarf,,Free Peoples,medium,,,,,,,,,,,,,,,,,,,,,,,,race_only,no,no,,,,,0,0,0,,,no,0,,0,,no,no
char_minastir,Minastir,minastir,player_0047,Idun,Idun,medium,evidence_player_group_0047,,,,,,,,,,,,,,,,,,,,,,,,,,,,no_whois_classification,no,no,,,,,0,0,0,,,no,0,,0,,yes,yes
char_minos,Minos,minos,player_0166,Bodhran,Bodhran,medium,evidence_player_group_0166,,,,,,,,,,,,,,,,,,,,,,,,,,,,no_whois_classification,no,no,,,,,0,0,0,,,no,0,,0,,yes,yes
char_minuial,Minuial,minuial,player_0047,Idun,Idun,medium,evidence_player_group_0047,,,,,,,,,,,,,,,,,,,,,,,,,,,,no_whois_classification,no,no,,,,,0,0,0,,,no,0,,0,,yes,yes
char_miriamele,Miriamele,miriamele,player_0047,Idun,Idun,medium,evidence_player_group_0047,Elf,Silvan,Free Peoples,medium,Magic-user,Magic-user,Wizard,high,,,,,,,,,,,,,,,,,,,,classified,no,no,,,,,0,0,0,,,no,0,,0,,no,no
char_miser,Miser,miser,player_0149,Miser,Miser,medium,evidence_player_group_0149,Maia,,Immortals,high,Wright,Wright,Wright,high,,,,,,,Maia,M,Wright,retired,Maia,no,no,2026_06_16_retired_immortals,MUME retired immortal list,List current as of 2026-06-16,immortal_2026_06_16_retired_immortals_miser_141_listed_retired_immortal,candidate,Copied by Lewis. Includes Boardreaders and honorary True Legend entry for Norsu.,immortal,yes,yes,data/evidence/whois_display/html/miser.html,data/evidence/whois_display/text/miser.txt,mha:miser:1781604892:99acbe8a,high,34,14,14,comma_name_list:22; heading_name_list:12,Nuzo; Deacon; Heztna; Salvatore; Gowaine; Limey; Nighthawk; Nazgum; Malak; Stimpy; Penelion; Valbeesk,no,0,,2,low:2,no,yes
char_misery,Misery,misery,player_0069,Pilsner,Pilsner [Jurek],medium,evidence_player_group_0069,Man,Black Númenórean,Minions of Sauron,high,Magic-user,Magic-user,Sage,high,,,,,,,,,,,,,,,,,,,,classified,no,no,,,,,0,0,0,,,no,0,,0,,no,no
char_mishrak,Mishrak,mishrak,player_0141,Mastah,Mastah [Christian],medium,evidence_player_group_0141,Orc,,Minions of Sauron,high,,,,,,,,,,,,,,,,,,,,,,,,race_only,no,no,,,,,0,0,0,,,no,0,,0,,no,no
char_mitch,Mitch,mitch,player_0067,David,David [David],medium,evidence_player_group_0067,Man,Rohirrim,Free Peoples,medium,Warrior,Warrior,Soldier,high,,,,,,,,,,,,,,,,,,,,classified,no,no,,,,,0,0,0,,,no,0,,0,,no,no
char_mithrellas,Mithrellas,mithrellas,player_0058,Steele,Steele [Dan],medium,evidence_player_group_0058,Elf,Silvan,Free Peoples,medium,General,General,Heroine,medium,,,,,female,high,,,,,,,,,,,,,,classified,no,no,,,,,0,0,0,,,no,0,,0,,no,no
char_miyahk,Miyahk,miyahk,player_0176,Beltira,Beltira [Erik],medium,evidence_player_group_0176,Dwarf,,Free Peoples,medium,Warrior,Warrior,Warden,high,75% Bash,,,,,,,,,,,,,,,,,,,classified,no,no,,,,,0,0,0,,,no,0,,0,,no,no
char_moandor,Moandor,moandor,player_0049,Haazheel,Haazheel,medium,evidence_player_group_0049,,,,,,,,,,,,,,,,,,,,,,,,,,,,no_whois_classification,no,no,,,,,0,0,0,,,no,0,,0,,yes,yes
char_moby,Moby,moby,player_0140,Spud,Spud,medium,evidence_player_group_0140,Orc,,Minions of Sauron,high,,,,,,,,,,,,,,,,,,,,,,,,race_only,no,no,,,,,0,0,0,,,no,0,,0,,no,no
char_mochomurka,Mochomurka,mochomurka,player_0019,Luke,Luke,medium,evidence_player_group_0019,Man,Black Númenórean,Minions of Sauron,high,Magic-user,Magic-user,Warlock,high,,,,,male,medium,,,,,,,,,,,,,,classified,no,no,,,,,0,0,0,,,no,0,,0,,no,no
char_moci,Moci,moci,player_0194,Morfizm,Morfizm [Dmitry],medium,evidence_player_group_0194,Dwarf,,Free Peoples,medium,Warrior,Warrior,Axemaster,high,100% cleaving weapons,,,,,,,,,,,,,,,,,,,classified,no,no,,,,,0,0,0,,,no,0,,0,,no,no
char_mogshak,Mogshak,mogshak,player_0147,Girithol,Girithol,medium,evidence_player_group_0147,,,,,,,,,,,,,,,,,,,,,,,,,,,,no_whois_classification,no,no,,,,,0,0,0,,,no,0,,0,,yes,yes
char_mojo,Mojo,mojo,player_0161,Halir,Halir,medium,evidence_player_group_0161,Orc,Tarkhnarb,Minions of Sauron,high,,,Snaga,low,,,,,,,,,,,,,,,,,,,,generic_title_no_class,no,no,,,,,0,0,0,,,no,0,,0,,no,no
char_molak,Molak,molak,player_0142,Ethar,Ethar,medium,evidence_player_group_0142,Orc,Tarkhnarb,Minions of Sauron,high,Warrior,Warrior,Battlemaster,high,,,,,,,,,,,,,,,,,,,,classified,no,no,,,,,0,0,0,,,no,0,,0,,no,no
char_moloko,Moloko,moloko,player_0095,Haista,Haista,medium,evidence_player_group_0095,Orc,Tarkhnarb,Minions of Sauron,high,Warrior,Warrior,Battlemaster,high,,,,,,,,,,,,,,,,,,,,classified,no,no,,,,,0,0,0,,,no,0,,0,,no,no
char_molor,Molor,molor,player_0200,Helga,Helga [Aleks],medium,evidence_player_group_0200,Elf,Silvan,Free Peoples,medium,General,General,Adventurer,medium,,,,,,,,,,,,,,,,,,,,classified,no,no,,,,,0,0,0,,,no,0,,0,,no,no
char_monet,Monet,monet,player_0166,Bodhran,Bodhran,medium,evidence_player_group_0166,,,,,,,,,,,,,,,,,,,,,,,,,,,,no_whois_classification,no,no,,,,,0,0,0,,,no,0,,0,,yes,yes
char_monster,Monster,monster,player_0069,Pilsner,Pilsner [Jurek],medium,evidence_player_group_0069,Troll,Cave Troll,Minions of Sauron,high,Warrior,Warrior,Warrior,medium,,,,,,,,,,,,,,,,,,,,classified,no,no,,,,,0,0,0,,,no,0,,0,,no,no
char_moonglum,Moonglum,moonglum,player_0097,Moonglum,Moonglum,medium,evidence_player_group_0097,Man,Black Númenórean,Minions of Sauron,high,,,,,,,,,,,,,,,,,,,,,,,,race_only,no,no,,,,,0,0,0,,,no,0,,0,,no,no
char_moonparent,Moonparent,moonparent,player_0022,Moonparent,Moonparent [David],medium,evidence_player_group_0022,Orc,Tarkhnarb,Minions of Sauron,high,Cleric,Cleric,Necromancer,high,,,,,,,,,,,,,,,,,,,,classified,no,no,,,,,0,0,0,,,no,0,,0,,no,no
char_moonshade,Moonshade,moonshade,player_0192,Moonshade,Moonshade [Alex],medium,evidence_player_group_0192,Elf,,Free Peoples,medium,,,,,,,,,,,,,,,,,,,,,,,,race_only,no,no,,,,,0,0,0,,,no,0,,0,,no,no
char_moortek,Moortek,moortek,player_0176,Beltira,Beltira [Erik],medium,evidence_player_group_0176,Orc,,Minions of Sauron,high,,,,,,,,,,,,,,,,,,,,,,,,race_only,no,no,,,,,0,0,0,,,no,0,,0,,no,no
char_morannon,Morannon,morannon,player_0038,Sabadon,Sabadon,medium,evidence_player_group_0038,Hobbit,Harfoot,Free Peoples,medium,Cleric,Cleric,Necromancer,high,,,,,,,,,,,,,,,,,,,,classified,no,no,,,,,0,0,0,,,no,0,,0,,no,no
char_morbet,Morbet,morbet,player_0165,Athela,Athela,medium,evidence_player_group_0165,Orc,Tarkhnarb,Minions of Sauron,high,Warrior,Warrior,Battlemaster,high,,,,,,,,,,,,,,,,,,,,classified,no,no,,,,,0,0,0,,,no,0,,0,,no,no
char_morbid,Morbid,morbid,player_0028,Enforcer,Enforcer [Ert],medium,evidence_player_group_0028,Orc,Tarkhnarb,Minions of Sauron,high,General,General,Champion,medium,,,,,,,,,,,,,,,,,,,,classified,no,no,,,,,0,0,0,,,no,0,,0,,no,no
char_mordak,Mordak,mordak,player_0141,Mastah,Mastah [Christian],medium,evidence_player_group_0141,Orc,Tarkhnarb,Minions of Sauron,high,General,General,Champion,medium,,,,,,,,,,,,,,,,,,,,classified,no,no,,,,,0,0,0,,,yes,1,7.5,0,,no,no
char_morfizm,Morfizm,morfizm,player_0194,Morfizm,Morfizm [Dmitry],medium,evidence_player_group_0194,Maia,,Immortals,high,,,,,,,,,,,Maia,M,,retired,Boardreader,no,no,2026_06_16_retired_immortals,MUME retired immortal list,List current as of 2026-06-16,immortal_2026_06_16_retired_immortals_morfizm_609_listed_retired_immortal,candidate,Copied by Lewis. Includes Boardreaders and honorary True Legend entry for Norsu.,immortal,yes,yes,data/evidence/whois_display/html/morfizm.html,data/evidence/whois_display/text/morfizm.txt,mha:morfizm:1781604941:5859c745,high,0,0,0,,,no,0,,2,low:2,no,yes
char_morgil,Morgil,morgil,player_0185,Buggar,Buggar [Adam],medium,evidence_player_group_0185,,,,,,,,,,,,,,,,,,,,,,,,,,,,no_whois_classification,no,no,,,,,0,0,0,,,no,0,,0,,yes,yes
char_morgulduin,Morgulduin,morgulduin,player_0007,Diamonium,Diamonium,medium,evidence_player_group_0007,Orc,,Minions of Sauron,high,,,,,,,,,,,,,,,,,,,,,,,,race_only,no,no,,,,,0,0,0,,,no,0,,0,,no,no
char_morholt,Morholt,morholt,player_0089,Lothlori,Lothlori,medium,evidence_player_group_0089,Man,Black Númenórean,Minions of Sauron,high,,,,,,,,,,,,,,,,,,,,,,,,race_only,no,no,,,,,0,0,0,,,no,0,,1,medium:1,no,yes
char_morholth,Morholth,morholth,player_0089,Lothlori,Lothlori,medium,evidence_player_group_0089,Man,Black Númenórean,Minions of Sauron,high,,,,,,,,,,,,,,,,,,,,,,,,race_only,no,no,,,,,0,0,0,,,no,0,,0,,no,no
char_morog,Morog,morog,player_0097,Moonglum,Moonglum,medium,evidence_player_group_0097,Orc,,Minions of Sauron,high,,,,,,,,,,,,,,,,,,,,,,,,race_only,no,no,,,,,0,0,0,,,no,0,,0,,no,no
char_moroz,Moroz,moroz,player_0199,Roman,Roman [Roman],medium,evidence_player_group_0199,Orc,,Minions of Sauron,high,,,,,,,,,,,,,,,,,,,,,,,,race_only,no,no,,,,,0,0,0,,,no,0,,0,,no,no
char_morphine,Morphine,morphine,player_0216,Grunge,Grunge,medium,evidence_player_group_0216,Orc,,Minions of Sauron,high,,,,,,,,,,,,,,,,,,,,,,,,race_only,no,no,,,,,0,0,0,,,no,0,,1,low:1,no,yes
char_mors,Mors,mors,player_0134,Chauncey,Chauncey,medium,evidence_player_group_0134,Orc,,Minions of Sauron,high,,,,,,,,,,,,,,,,,,,,,,,,race_only,no,no,,,,,0,0,0,,,no,0,,0,,no,no
char_morthe,Morthe,morthe,player_0089,Lothlori,Lothlori,medium,evidence_player_group_0089,Dwarf,,Free Peoples,medium,,,,,,,,,,,,,,,,,,,,,,,,race_only,no,no,,,,,0,0,0,,,no,0,,0,,no,no
char_morticus,Morticus,morticus,player_0048,Draggor,Draggor,medium,evidence_player_group_0048,Elf,Silvan,Free Peoples,medium,General,General,Rider,medium,90% Ride,,,,,,,,,,,,,,,,,,,classified,no,no,,,,,0,0,0,,,no,0,,0,,no,no
char_mortie,Mortie,mortie,player_0067,David,David [David],medium,evidence_player_group_0067,Orc,,Minions of Sauron,high,,,,,,,,,,,,,,,,,,,,,,,,race_only,no,no,,,,,0,0,0,,,no,0,,0,,no,no
char_mortis,Mortis,mortis,player_0132,Shagrath,Shagrath,medium,evidence_player_group_0132,Man,Black Númenórean,Minions of Sauron,high,,,,,,,,,,,,,,,,,,,,,,,,race_only,no,no,,,,,0,0,0,,,no,0,,1,medium:1,no,yes
char_mortti,Mortti,mortti,player_0105,Crysania,Crysania,medium,evidence_player_group_0105,Hobbit,,Free Peoples,medium,,,,,,,,,,,,,,,,,,,,,,,,race_only,no,no,,,,,0,0,0,,,no,0,,0,,no,no
char_mosaren,Mosaren,mosaren,player_0060,Amandil,Amandil,medium,evidence_player_group_0060,Troll,Mountain Troll,Minions of Sauron,high,Warrior,Warrior,Warrior,medium,,,,,,,,,,,,,,,,,,,,classified,no,no,,,,,0,0,0,,,no,0,,0,,no,no
char_mosco,Mosco,mosco,player_0079,Feon,Feon [Johan],medium,evidence_player_group_0079,Hobbit,,Free Peoples,medium,,,,,,,,,,,,,,,,,,,,,,,,race_only,no,no,,,,,0,0,0,,,no,0,,0,,no,no
char_mouthofsauron,MouthOfSauron,mouthofsauron,player_0015,Ghostly,Ghostly,medium,evidence_player_group_0015,Man,Black Númenórean,Minions of Sauron,high,,,,,,,,,,,,,,,,,,,,,,,,race_only,no,no,,,,,0,0,0,,,no,0,,0,,no,no
char_movin,Movin,movin,player_0075,Bjorn,Bjorn [Bjorn],medium,evidence_player_group_0075,Hobbit,,Free Peoples,medium,,,,,,,,,,,,,,,,,,,,,,,,race_only,no,no,,,,,0,0,0,,,no,0,,0,,no,no
char_mrazik,Mrazik,mrazik,player_0145,Rebeka,Rebeka,medium,evidence_player_group_0145,,,,,,,,,,,,,,,,,,,,,,,,,,,,no_whois_classification,no,no,,,,,0,0,0,,,no,0,,0,,yes,yes
char_mrsh,Mrsh,mrsh,player_0018,Feanor,Feanor,medium,evidence_player_group_0018,Orc,Tarkhnarb,Minions of Sauron,high,Warrior,Warrior,Warrior,medium,,,,,,,,,,,,,,,,,,,,classified,no,no,,,,,0,0,0,,,no,0,,0,,no,no
char_mrsina,Mrsina,mrsina,player_0069,Pilsner,Pilsner [Jurek],medium,evidence_player_group_0069,Orc,Tarkhnarb,Minions of Sauron,high,General,General,Champion,medium,,,,,,,,,,,,,,,,,,,,classified,no,no,,,,,0,0,0,,,no,0,,0,,no,no
char_mruah,Mruah,mruah,player_0165,Athela,Athela,medium,evidence_player_group_0165,,,,,,,,,,,,,,,,,,,,,,,,,,,,no_whois_classification,no,no,,,,,0,0,0,,,no,0,,0,,yes,yes
char_mrwhite,Mrwhite,mrwhite,player_0108,Toe,Toe,medium,evidence_player_group_0108,,,,,,,,,,,,,,,,,,,,,,,,,,,,no_whois_classification,no,no,,,,,0,0,0,,,no,0,,0,,yes,yes
char_much,Much,much,player_0176,Beltira,Beltira [Erik],medium,evidence_player_group_0176,Man,,Free Peoples,medium,,,,,,,,,,,,,,,,,,,,,,,,race_only,no,no,,,,,0,0,0,,,no,0,,0,,no,no
char_muck,Muck,muck,player_0043,Lehto,Lehto,medium,evidence_player_group_0043,Elf,Noldorin,Free Peoples,medium,Magic-user,Magic-user,Sage,high,,,,,,,,,,,,,,,,,,,,classified,no,no,,,,,0,0,0,,,no,0,,0,,no,no
char_mugorad,Mugorad,mugorad,player_0012,Axel,Axel [Axel],medium,evidence_player_group_0012,Man,Black Númenórean,Minions of Sauron,high,Magic-user,Magic-user,Sage,high,,,,,,,,,,,,,,,,,,,,classified,no,no,,,,,0,0,0,,,no,0,,0,,no,no
char_muhugar,Muhugar,muhugar,player_0065,Wryak,Wryak [Tapio],medium,evidence_player_group_0065,,,,,,,,,,,,,,,,,,,,,,,,,,,,no_whois_classification,no,no,,,,,0,0,0,,,no,0,,0,,yes,yes
char_muhv,Muhv,muhv,player_0006,Chavez,Chavez,medium,evidence_player_group_0006,,,,,,,,,,,,,,,,,,,,,,,,,,,,no_whois_classification,no,no,,,,,0,0,0,,,no,0,,0,,yes,yes
char_mukami,Mukami,mukami,player_0222,Mukami,Mukami,medium,evidence_player_group_0222,Man,Rohirrim,Free Peoples,medium,Warrior,Warrior,Battlemaster,high,,,,,,,,,,,,,,,,,,,,classified,no,no,,,,,0,0,0,,,no,0,,0,,no,no
char_mulgrim,Mulgrim,mulgrim,player_0097,Moonglum,Moonglum,medium,evidence_player_group_0097,Man,,Free Peoples,medium,,,,,,,,,,,,,,,,,,,,,,,,race_only,no,no,,,,,0,0,0,,,no,0,,0,,no,no
char_mumma,Mumma,mumma,player_0071,Marre,Marre [Martin],medium,evidence_player_group_0071,Elf,,Free Peoples,medium,,,,,,,,,,,,,,,,,,,,,,,,race_only,no,no,,,,,0,0,0,,,no,0,,0,,no,no
char_mummo,Mummo,mummo,player_0043,Lehto,Lehto,medium,evidence_player_group_0043,Orc,Tarkhnarb,Minions of Sauron,high,Warrior,Warrior,Veteran,high,,,,,,,,,,,,,,,,,,,,classified,no,no,,,,,0,0,0,,,no,0,,0,,no,no
char_murdress,Murdress,murdress,player_0063,Ling,Ling,medium,evidence_player_group_0063,,,,,,,,,,,,,,,,,,,,,,,,,,,,no_whois_classification,no,no,,,,,0,0,0,,,no,0,,0,,yes,yes
char_murghaz,Murghaz,murghaz,player_0040,Shadrach,Shadrach,medium,evidence_player_group_0040,,,,,,,,,,,,,,,,,,,,,,,,,,,,no_whois_classification,no,no,,,,,0,0,0,,,no,0,,0,,yes,yes
char_murumutt,Murumutt,murumutt,player_0081,Vassago,Vassago,medium,evidence_player_group_0081,,,,,,,,,,,,,,,,,,,,,,,,,,,,no_whois_classification,no,no,,,,,0,0,0,,,no,0,,0,,yes,yes
char_murzilka,Murzilka,murzilka,player_0199,Roman,Roman [Roman],medium,evidence_player_group_0199,Orc,,Minions of Sauron,high,,,,,,,,,,,,,,,,,,,,,,,,race_only,no,no,,,,,0,0,0,,,no,0,,0,,no,no
char_mylene,Mylene,mylene,player_0001,Rogon,Rogon,medium,evidence_player_group_0001,Elf,,Free Peoples,medium,,,,,,,,,,,,,,,,,,,,,,,,race_only,no,no,,,,,0,0,0,,,no,0,,0,,no,no
char_myth,Myth,myth,player_0029,Faint,Faint,medium,evidence_player_group_0029,Half-Elf,,Free Peoples,medium,Magic-user,Magic-user,Scholar,high,,,,,,,,,,,,,,,,,,,,classified,no,no,,,,,0,0,0,,,no,0,,0,,no,no
char_nacs,Nacs,nacs,player_0081,Vassago,Vassago,medium,evidence_player_group_0081,Orc,,Minions of Sauron,high,,,,,,,,,,,,,,,,,,,,,,,,race_only,no,no,,,,,0,0,0,,,no,0,,0,,no,no
char_naed,Naed,naed,player_0113,Nardhal,Nardhal,medium,evidence_player_group_0113,,,,,,,,,,,,,,,,,,,,,,,,,,,,no_whois_classification,no,no,,,,,0,0,0,,,no,0,,0,,yes,yes
char_naga,Naga,naga,player_0139,Naga,Naga,medium,evidence_player_group_0139,Maia,,Immortals,high,Shaper,Shaper,Shaper,high,,,,,,,Maia,M,Shaper,current,Maia,no,no,2026_06_16_current_immortals,MUME current immortal list,List current as of 2026-06-16,immortal_2026_06_16_current_immortals_naga_22_listed_current_immortal,candidate,Copied by Lewis. (+m) means the immortal is also a Maiar Muddler / muddle code contributor.,immortal,yes,yes,data/evidence/whois_display/html/naga.html,data/evidence/whois_display/text/naga.txt,mha:naga:1781604992:6ac3420f,high,0,0,0,,,no,0,,3,low:3,no,yes
char_naghar,Naghar,naghar,player_0113,Nardhal,Nardhal,medium,evidence_player_group_0113,,,,,,,,,,,,,,,,,,,,,,,,,,,,no_whois_classification,no,no,,,,,0,0,0,,,no,0,,0,,yes,yes
char_nagoroth,Nagoroth,nagoroth,player_0178,Nagoroth,Nagoroth [Steve],medium,evidence_player_group_0178,Dwarf,,Free Peoples,medium,Warrior,Warrior,Battlemaster,high,,,,,,,,,,,,,,,,,,,,classified,no,no,,,,,0,0,0,,,no,0,,0,,no,no
char_nain,Nain,nain,player_0014,Gothmog,Gothmog [Petter],medium,evidence_player_group_0014,Dwarf,,Free Peoples,medium,,,,,,,,,,,,,,,,,,,,,,,,race_only,no,no,,,,,0,0,0,,,no,0,,0,,no,no
char_naksitrall,Naksitrall,naksitrall,player_0007,Diamonium,Diamonium,medium,evidence_player_group_0007,Man,Black Númenórean,Minions of Sauron,high,,,,,,,,,,,,,,,,,,,,,,,,race_only,no,no,,,,,0,0,0,,,no,0,,0,,no,no
char_naksur,Naksur,naksur,player_0181,Ancra,Ancra [Harry],medium,evidence_player_group_0181,Orc,,Minions of Sauron,high,,,,,,,,,,,,,,,,,,,,,,,,race_only,no,no,,,,,0,0,0,,,no,0,,0,,no,no
char_naldor,Naldor,naldor,player_0004,Wow,Wow,medium,evidence_player_group_0004,Elf,Silvan,Free Peoples,medium,Warrior,Warrior,Battlemaster,high,,,,,,,,,,,,,,,,,,,,classified,no,no,,,,,0,0,0,,,no,0,,0,,no,no
char_nali,Nali,nali,player_0004,Wow,Wow,medium,evidence_player_group_0004,Hobbit,Stoor,Free Peoples,medium,General,General,Adventurer,medium,,,,,,,,,,,,,,,,,,,,classified,no,no,,,,,0,0,0,,,no,0,,0,,no,no
char_namo,Namo,namo,player_0016,Namo,Namo,medium,evidence_player_group_0016,Vala,,Immortals,high,,,,,,,,,,,Arata,A,,retired,Aratar,no,no,2026_06_16_retired_immortals,MUME retired immortal list,List current as of 2026-06-16,immortal_2026_06_16_retired_immortals_namo_7_listed_retired_immortal,candidate,Copied by Lewis. Includes Boardreaders and honorary True Legend entry for Norsu.,immortal,no,no,,,,,0,0,0,,,no,0,,0,,no,no
char_naomi,Naomi,naomi,player_0141,Mastah,Mastah [Christian],medium,evidence_player_group_0141,Man,Black Númenórean,Minions of Sauron,high,Magic-user,Magic-user,Witch,high,,,,,female,high,,,,,,,,,,,,,,classified,no,no,,,,,0,0,0,,,no,0,,0,,no,no
char_nardhal,Nardhal,nardhal,player_0113,Nardhal,Nardhal,medium,evidence_player_group_0113,,,,,,,,,,,,,,,,,,,,,,,,,,,,no_whois_classification,no,no,,,,,0,0,0,,,no,0,,0,,yes,yes
char_naredhel,Naredhel,naredhel,player_0102,Naredhel,Naredhel,medium,evidence_player_group_0102,,,,,,,,,,,,,,,,,,,,,,,,,,,,no_whois_classification,no,no,,,,,0,0,0,,,no,0,,0,,yes,yes
char_narf,Narf,narf,player_0154,Bishn�k,Bishn�k [Eric],medium,evidence_player_group_0154,,,,,,,,,,,,,,,,,,,,,,,,,,,,no_whois_classification,no,no,,,,,0,0,0,,,no,0,,0,,yes,yes
char_nari,Nari,nari,player_0017,Alkar,Alkar,medium,evidence_player_group_0017,Dwarf,,Free Peoples,medium,Warrior,Warrior,Warden,high,75% Bash,,,,,,,,,,,,,,,,,,,classified,no,no,,,,,0,0,0,,,no,0,,2,low:2,no,yes
char_naroc,Naroc,naroc,player_0209,Daren,Daren,medium,evidence_player_group_0209,,,,,,,,,,,,,,,,,,,,,,,,,,,,no_whois_classification,no,no,,,,,0,0,0,,,no,0,,0,,yes,yes
char_narttu,Narttu,narttu,player_0105,Crysania,Crysania,medium,evidence_player_group_0105,,,,,,,,,,,,,,,,,,,,,,,,,,,,no_whois_classification,no,no,,,,,0,0,0,,,no,0,,0,,yes,yes
char_nat,Nat,nat,player_0045,Rza,Rza,medium,evidence_player_group_0045,,,,,,,,,,,,,,,,,,,,,,,,,,,,no_whois_classification,no,no,,,,,0,0,0,,,no,0,,0,,yes,yes
char_natash,Natash,natash,player_0148,Ytinas,Ytinas,medium,evidence_player_group_0148,Elf,Silvan,Free Peoples,medium,Thief,Thief,Scout,high,,,,,,,,,,,,,,,,,,,,classified,no,no,,,,,0,0,0,,,no,0,,0,,no,no
char_nazalbeth,Nazalbeth,nazalbeth,player_0031,Swork,Swork,medium,evidence_player_group_0031,Man,Black Númenórean,Minions of Sauron,high,Magic-user,Magic-user,Wizard,high,,,,,,,,,,,,,,,,,,,,classified,no,no,,,,,0,0,0,,,no,0,,0,,no,no
char_nazghol,Nazghol,nazghol,player_0110,Fredde,Fredde [Fredde],medium,evidence_player_group_0110,Orc,,Minions of Sauron,high,,,,,,,,,,,,,,,,,,,,,,,,race_only,no,no,,,,,0,0,0,,,no,0,,0,,no,no
char_nazghul,Nazghul,nazghul,player_0022,Moonparent,Moonparent [David],medium,evidence_player_group_0022,Orc,,Minions of Sauron,high,,,,,,,,,,,,,,,,,,,,,,,,race_only,no,no,,,,,0,0,0,,,no,0,,0,,no,no
char_nazgoroth,Nazgoroth,nazgoroth,player_0185,Buggar,Buggar [Adam],medium,evidence_player_group_0185,,,,,,,,,,,,,,,,,,,,,,,,,,,,no_whois_classification,no,no,,,,,0,0,0,,,no,0,,0,,yes,yes
char_nazgum,Nazgum,nazgum,player_0034,Nazgum,Nazgum,medium,evidence_player_group_0034,Orc,Tarkhnarb,Minions of Sauron,high,General,General,Champion,medium,,,,,,,,,,,,,,,,,,,,classified,no,no,,,,,0,0,0,,,no,0,,0,,no,no
char_nazkuk,Nazkuk,nazkuk,player_0169,Jadon,Jadon,medium,evidence_player_group_0169,Orc,Tarkhnarb,Minions of Sauron,high,Thief,Thief,Murderer,medium,,,,,,,,,,,,,,,,,,,,classified,no,no,,,,,0,0,0,,,no,0,,0,,no,no
char_nele,Nele,nele,player_0004,Wow,Wow,medium,evidence_player_group_0004,Man,Dúnedain,Free Peoples,medium,Warrior,Warrior,Warden,high,75% Bash,,,,,,,,,,,,,,,,,,,classified,no,no,,,,,0,0,0,,,no,0,,0,,no,no
char_nemil,Nemil,nemil,player_0018,Feanor,Feanor,medium,evidence_player_group_0018,Hobbit,Fallohide,Free Peoples,medium,General,General,Ranger,medium,High Track; exact requirement uncertain and probably not 100%+,,,,,,,,,,,,,,,,,,,classified,no,no,,,,,0,0,0,,,no,0,,0,,no,no
char_neo,Neo,neo,player_0134,Chauncey,Chauncey,medium,evidence_player_group_0134,Dwarf,,Free Peoples,medium,Warrior,Warrior,Weaponsmaster,high,Unknown percent in at least two weapon skills,,,,,,,,,,,,,,,,,,,parser_suspect_or_custom_descriptor,no,no,,,,,0,0,0,,,no,0,,0,,yes,yes
char_nerf,Nerf,nerf,player_0120,Nerf,Nerf,medium,evidence_player_group_0120,Troll,Cave Troll,Minions of Sauron,high,Warrior,Warrior,Brute,low,,,,,,,,,,,,,,,,,,,,classified,no,no,,,,,0,0,0,,,no,0,,0,,no,no
char_nestha,Nestha,nestha,player_0130,Hate,Hate,medium,evidence_player_group_0130,,,,,,,,,,,,,,,,,,,,,,,,,,,,no_whois_classification,no,no,,,,,0,0,0,,,no,0,,0,,yes,yes
char_neverborn,Neverborn,neverborn,player_0011,Lancelot,Lancelot [Andreas],medium,evidence_player_group_0011,,,,,,,,,,,,,,,,,,,,,,,,,,,,no_whois_classification,no,no,,,,,0,0,0,,,no,0,,0,,yes,yes
char_newmie,Newmie,newmie,player_0103,Edvard,Edvard [Aron],medium,evidence_player_group_0103,Man,Beorning,Free Peoples,medium,Warrior,Warrior,Bodyguard,high,80% Rescue,,,,,,,,,,,,,,,,,,,classified,no,no,,,,,0,0,0,,,no,0,,1,low:1,no,yes
char_neziel,Neziel,neziel,player_0043,Lehto,Lehto,medium,evidence_player_group_0043,Orc,Tarkhnarb,Minions of Sauron,high,Thief,Thief,Murderess,medium,,,,,female,high,,,,,,,,,,,,,,classified,no,no,,,,,0,0,0,,,no,0,,0,,no,no
char_nibble,Nibble,nibble,player_0081,Vassago,Vassago,medium,evidence_player_group_0081,Elf,,Free Peoples,medium,,,,,,,,,,,,,,,,,,,,,,,,race_only,no,no,,,,,0,0,0,,,no,0,,0,,no,no
char_niflam,Niflam,niflam,player_0106,Rael,Rael [Dario],medium,evidence_player_group_0106,,,,,,,,,,,,,,,,,,,,,,,,,,,,no_whois_classification,no,no,,,,,0,0,0,,,no,0,,0,,yes,yes
char_nigal,Nigal,nigal,player_0004,Wow,Wow,medium,evidence_player_group_0004,,,,,,,,,,,,,,,,,,,,,,,,,,,,no_whois_classification,no,no,,,,,0,0,0,,,no,0,,0,,yes,yes
char_nighthawk,Nighthawk,nighthawk,player_0109,Nighthawk,Nighthawk,medium,evidence_player_group_0109,Maia,,Immortals,high,Cartographer,Cartographer,Cartographer,high,,,,,,,Maia,M,Cartographer,retired,Maia,no,no,2026_06_16_retired_immortals,MUME retired immortal list,List current as of 2026-06-16,immortal_2026_06_16_retired_immortals_nighthawk_267_listed_retired_immortal,candidate,Copied by Lewis. Includes Boardreaders and honorary True Legend entry for Norsu.,immortal,yes,yes,data/evidence/whois_display/html/nighthawk.html,data/evidence/whois_display/text/nighthawk.txt,mha:nighthawk:1781605081:9b0c437b,high,0,0,0,,,no,0,,0,,no,no
char_nightwolf,Nightwolf,nightwolf,player_0182,Pumuckl,Pumuckl,medium,evidence_player_group_0182,Dwarf,,Free Peoples,medium,,,,,,,,,,,,,,,,,,,,,,,,race_only,no,no,,,,,0,0,0,,,no,0,,0,,no,no
char_niilit,Niilit,niilit,player_0212,Rabarbar,Rabarbar [Mihail],medium,evidence_player_group_0212,,,,,,,,,,,,,,,,,,,,,,,,,,,,no_whois_classification,no,no,,,,,0,0,0,,,no,0,,0,,yes,yes
char_nimir,Nimir,nimir,player_0079,Feon,Feon [Johan],medium,evidence_player_group_0079,Elf,Silvan,Free Peoples,medium,Cleric,Cleric,Priest,high,,,,,,,,,,,,,,,,,,,,classified,no,no,,,,,0,0,0,,,no,0,,0,,no,no
char_nimraphel,Nimraphel,nimraphel,player_0052,Salmar,Salmar,medium,evidence_player_group_0052,,,,,,,,,,,,,,,,,,,,,,,,,,,,no_whois_classification,no,no,,,,,0,0,0,,,no,0,,0,,yes,yes
char_nimroth,Nimroth,nimroth,player_0061,Siroth,Siroth,medium,evidence_player_group_0061,Elf,Sindarin,Free Peoples,medium,General,General,Hero,medium,,,,,,,,,,,,,,,,,,,,classified,no,no,,,,,0,0,0,,,no,0,,0,,no,no
char_nithr,Nithr,nithr,player_0052,Salmar,Salmar,medium,evidence_player_group_0052,Elf,,Free Peoples,medium,,,,,,,,,,,,,,,,,,,,,,,,race_only,no,no,,,,,0,0,0,,,no,0,,0,,no,no
char_nogir,Nogir,nogir,player_0069,Pilsner,Pilsner [Jurek],medium,evidence_player_group_0069,Orc,,Minions of Sauron,high,General,General,Champion,medium,,,,,,,,,,,,,,,,,,,,parser_suspect_or_custom_descriptor,no,no,,,,,0,0,0,,,no,0,,0,,yes,yes
char_nogon,Nogon,nogon,player_0175,Vaab,Vaab [Joey],medium,evidence_player_group_0175,Man,Dúnedain,Free Peoples,medium,General,General,Adventurer,medium,,,,,,,,,,,,,,,,,,,,classified,no,no,,,,,0,0,0,,,no,0,,0,,no,no
char_nomad,Nomad,nomad,player_0173,Durcano,Durcano [Remo],medium,evidence_player_group_0173,Orc,Tarkhnarb,Minions of Sauron,high,Cleric,Cleric,Necromancer,high,,,,,,,,,,,,,,,,,,,,classified,no,no,,,,,0,0,0,,,no,0,,0,,no,no
char_nooka,Nooka,nooka,player_0139,Naga,Naga,medium,evidence_player_group_0139,Troll,Cave Troll,Minions of Sauron,high,Warrior,Warrior,Warrior,medium,,,,,,,,,,,,,,,,,,,,classified,no,no,,,,,0,0,0,,,no,0,,0,,no,no
char_norrland,Norrland,norrland,player_0103,Edvard,Edvard [Aron],medium,evidence_player_group_0103,Orc,Tarkhnarb,Minions of Sauron,high,,,Snaga,low,,,,,,,,,,,,,,,,,,,,generic_title_no_class,no,no,,,,,0,0,0,,,no,0,,1,medium:1,no,yes
char_norsu,Norsu,norsu,player_0001,Rogon,Rogon,medium,evidence_player_group_0001,Orc,Tarkhnarb,Minions of Sauron,high,General,General,Champion,medium,,,,,,,,,,retired,True Legend,no,yes,2026_06_16_retired_immortals,MUME retired immortal list,List current as of 2026-06-16,immortal_2026_06_16_retired_immortals_norsu_799_honorary_immortal,candidate,First character to reach level 100; honorary immortal.,classified,yes,yes,data/evidence/whois_display/html/norsu.html,data/evidence/whois_display/text/norsu.txt,mha:norsu:1781605137:a15b363c,high,0,0,0,,,yes,2,11.5,0,,no,no
char_nothing,Nothing,nothing,player_0200,Helga,Helga [Aleks],medium,evidence_player_group_0200,,,,,,,,,,,,,,,,,,,,,,,,,,,,no_whois_classification,no,no,,,,,0,0,0,,,no,0,,0,,yes,yes
char_notorga,Notorga,notorga,player_0141,Mastah,Mastah [Christian],medium,evidence_player_group_0141,Orc,,Minions of Sauron,high,,,,,,,,,,,,,,,,,,,,,,,,race_only,no,no,,,,,0,0,0,,,no,0,,0,,no,no
char_nowyr,Nowyr,nowyr,player_0061,Siroth,Siroth,medium,evidence_player_group_0061,Man,Rohirrim,Free Peoples,medium,Warrior,Warrior,Mercenary,low,,,,,,,,,,,,,,,,,,,,classified,no,no,,,,,0,0,0,,,no,0,,0,,no,no
char_nuri,Nuri,nuri,player_0192,Moonshade,Moonshade [Alex],medium,evidence_player_group_0192,Dwarf,,Free Peoples,medium,,,,,,,,,,,,,,,,,,,,,,,,race_only,no,no,,,,,0,0,0,,,no,0,,0,,no,no
char_nushenak,Nushenak,nushenak,player_0029,Faint,Faint,medium,evidence_player_group_0029,Man,Black Númenórean,Minions of Sauron,high,,,,,,,,,,,,,,,,,,,,,,,,race_only,no,no,,,,,0,0,0,,,no,0,,0,,no,no
char_nuzo,Nuzo,nuzo,player_0149,Miser,Miser,medium,evidence_player_group_0149,Man,Black Númenórean,Minions of Sauron,high,General,General,Ranger,medium,High Track; exact requirement uncertain and probably not 100%+,,,,,,,,,,,,,,,,,,,classified,no,no,,,,,0,0,0,,,no,0,,0,,no,no
char_occult,Occult,occult,player_0104,Donutello,Donutello,medium,evidence_player_group_0104,Half-Elf,,Free Peoples,medium,,,,,,,,,,,,,,,,,,,,,,,,race_only,no,no,,,,,0,0,0,,,no,0,,0,,no,no
char_oceanborn,Oceanborn,oceanborn,player_0048,Draggor,Draggor,medium,evidence_player_group_0048,Man,Dúnedain,Free Peoples,medium,Warrior,Warrior,Battlemistress,high,,,,,female,high,,,,,,,,,,,,,,classified,no,no,,,,,0,0,0,,,no,0,,0,,no,no
char_ochra,Ochra,ochra,player_0129,Liliah,Liliah,medium,evidence_player_group_0129,Orc,,Minions of Sauron,high,,,,,,,,,,,,,,,,,,,,,,,,race_only,no,no,,,,,0,0,0,,,no,0,,0,,no,no
char_octavian,Octavian,octavian,player_0071,Marre,Marre [Martin],medium,evidence_player_group_0071,,,,,,,,,,,,,,,,,,,,,,,,,,,,no_whois_classification,no,no,,,,,0,0,0,,,no,0,,0,,yes,yes
char_odamees,Odamees,odamees,player_0081,Vassago,Vassago,medium,evidence_player_group_0081,,,,,,,,,,,,,,,,,,,,,,,,,,,,no_whois_classification,no,no,,,,,0,0,0,,,no,0,,0,,yes,yes
char_odium,Odium,odium,player_0169,Jadon,Jadon,medium,evidence_player_group_0169,Man,Black Númenórean,Minions of Sauron,high,,,Wanderer,low,,,,,,,,,,,,,,,,,,,,generic_title_no_class,no,no,,,,,0,0,0,,,no,0,,0,,no,no
char_oggy,Oggy,oggy,player_0071,Marre,Marre [Martin],medium,evidence_player_group_0071,Elf,,Free Peoples,medium,,,,,,,,,,,,,,,,,,,,,,,,race_only,no,no,,,,,0,0,0,,,no,0,,0,,no,no
char_oguga,Oguga,oguga,player_0107,Ares,Ares,medium,evidence_player_group_0107,Dwarf,,Free Peoples,medium,,,,,,,,,,,,,,,,,,,,,,,,race_only,no,no,,,,,0,0,0,,,no,0,,0,,no,no
char_ogyf,Ogyf,ogyf,player_0036,Atlas,Atlas,medium,evidence_player_group_0036,Man,Rohirrim,Free Peoples,medium,General,General,Rider,medium,90% Ride,,,,,,,,,,,,,,,,,,,classified,no,no,,,,,0,0,0,,,no,0,,0,,no,no
char_ohthepain,OhThePain,ohthepain,player_0038,Sabadon,Sabadon,medium,evidence_player_group_0038,Man,Black Númenórean,Minions of Sauron,high,,,,,,,,,,,,,,,,,,,,,,,,race_only,no,no,,,,,0,0,0,,,no,0,,0,,no,no
char_oiri,Oiri,oiri,player_0194,Morfizm,Morfizm [Dmitry],medium,evidence_player_group_0194,Elf,Noldorin,Free Peoples,medium,General,General,Hero,medium,,,,,,,,,,,,,,,,,,,,classified,no,no,,,,,0,0,0,,,no,0,,0,,no,no
char_olevipoeg,Olevipoeg,olevipoeg,player_0170,Guido,Guido,medium,evidence_player_group_0170,,,,,,,,,,,,,,,,,,,,,,,,,,,,no_whois_classification,no,no,,,,,0,0,0,,,no,0,,0,,yes,yes
char_olmer,Olmer,olmer,player_0200,Helga,Helga [Aleks],medium,evidence_player_group_0200,Man,Black Númenórean,Minions of Sauron,high,,,,,,,,,,,,,,,,,,,,,,,,race_only,no,no,,,,,0,0,0,,,no,0,,0,,no,no
char_olorion,Olorion,olorion,player_0079,Feon,Feon [Johan],medium,evidence_player_group_0079,Elf,Sindarin,Free Peoples,medium,Cleric,Cleric,Master Healer,high,,,,,,,,,,,,,,,,,,,,classified,no,no,,,,,0,0,0,,,no,0,,0,,no,no
char_olos,Olos,olos,player_0114,Echo,Echo,medium,evidence_player_group_0114,,,,,,,,,,,,,,,,,,,,,,,,,,,,no_whois_classification,no,no,,,,,0,0,0,,,no,0,,0,,yes,yes
char_omega,Omega,omega,player_0062,Auriane,Auriane [Bob],medium,evidence_player_group_0062,Maia,,Immortals,high,Cartographer,Cartographer,Cartographer,high,,,,,,,Maia,M,Cartographer,current,Maia,no,no,2026_06_16_current_immortals,MUME current immortal list,List current as of 2026-06-16,immortal_2026_06_16_current_immortals_omega_86_listed_current_immortal,candidate,Copied by Lewis. (+m) means the immortal is also a Maiar Muddler / muddle code contributor.,immortal,yes,yes,data/evidence/whois_display/html/omega.html,data/evidence/whois_display/text/omega.txt,mha:omega:1781605214:c5d2006c,high,10,0,0,comma_name_list:10,Batista; Razr; Rocka; Delger; Ludacris,no,0,,0,,no,yes
char_omen,Omen,omen,player_0201,Omen,Omen [Alexander],medium,evidence_player_group_0201,Maia,,Immortals,high,,,,,,,,,,,Maia,M,,retired,Boardreader,no,no,2026_06_16_retired_immortals,MUME retired immortal list,List current as of 2026-06-16,immortal_2026_06_16_retired_immortals_omen_638_listed_retired_immortal,candidate,Copied by Lewis. Includes Boardreaders and honorary True Legend entry for Norsu.,immortal,yes,yes,data/evidence/whois_display/html/omen.html,data/evidence/whois_display/text/omen.txt,mha:omen:1781605219:38801dcf,high,0,0,0,,,no,0,,0,,no,no
char_onatah,Onatah,onatah,player_0046,Filibert,Filibert,medium,evidence_player_group_0046,Troll,Hill Troll,Minions of Sauron,high,Warrior,Warrior,Fighter,low,,,,,,,,,,,,,,,,,,,,classified,no,no,,,,,0,0,0,,,no,0,,0,,no,no
char_onyx,Onyx,onyx,player_0003,Burb,Burb,medium,evidence_player_group_0003,Man,Rohirrim,Free Peoples,medium,General,General,Heroine,medium,,,,,female,high,,,,,,,,,,,,,,classified,no,no,,,,,0,0,0,,,no,0,,0,,no,no
char_orcbash,Orcbash,orcbash,player_0109,Nighthawk,Nighthawk,medium,evidence_player_group_0109,Orc,Tarkhnarb,Minions of Sauron,high,Warrior,Warrior,Warg-rider,low,,,,,,,,,,,,,,,,,,,,classified,no,no,,,,,0,0,0,,,no,0,,0,,no,no
char_orcobal,Orcobal,orcobal,player_0035,Fankil,Fankil [Alexander],medium,evidence_player_group_0035,Orc,Tarkhnarb,Minions of Sauron,high,Warrior,Warrior,Veteran,high,,,,,,,,,,,,,,,,,,,,classified,no,no,,,,,0,0,0,,,no,0,,0,,no,no
char_oregon,Oregon,oregon,player_0082,Relim,Relim,medium,evidence_player_group_0082,,,,,,,,,,,,,,,,,,,,,,,,,,,,no_whois_classification,no,no,,,,,0,0,0,,,no,0,,0,,yes,yes
char_orf,Orf,orf,player_0058,Steele,Steele [Dan],medium,evidence_player_group_0058,,,,,,,,,,,,,,,,,,,,,,,,,,,,no_whois_classification,no,no,,,,,0,0,0,,,no,0,,0,,yes,yes
char_orikas,Orikas,orikas,player_0031,Swork,Swork,medium,evidence_player_group_0031,Half-Elf,,Free Peoples,medium,,,,,,,,,,,,,,,,,,,,,,,,race_only,no,no,,,,,0,0,0,,,no,0,,0,,no,no
char_orkanoid,Orkanoid,orkanoid,player_0190,Gray,Gray [Gray],medium,evidence_player_group_0190,Orc,,Minions of Sauron,high,Thief,Thief,Archer,medium,Unknown percent Missile,,,,,,,,,,,,,,,,,,,classified,no,no,,,,,0,0,0,,,no,0,,0,,no,no
char_orodreth,Orodreth,orodreth,player_0014,Gothmog,Gothmog [Petter],medium,evidence_player_group_0014,Elf,,Free Peoples,medium,,,,,,,,,,,,,,,,,,,,,,,,race_only,no,no,,,,,0,0,0,,,no,0,,0,,no,no
char_oscarmeyer,Oscarmeyer,oscarmeyer,player_0056,Aschit,Aschit,medium,evidence_player_group_0056,Man,Black Númenórean,Minions of Sauron,high,Thief,Thief,Murderer,medium,,,,,,,,,,,,,,,,,,,,classified,no,no,,,,,0,0,0,,,no,0,,1,medium:1,no,yes
char_osilin,Osilin,osilin,player_0166,Bodhran,Bodhran,medium,evidence_player_group_0166,Man,Black Númenórean,Minions of Sauron,high,General,General,Envoy,medium,,,,,,,,,,,,,,,,,,,,classified,no,no,,,,,0,0,0,,,no,0,,0,,no,no
char_ostravar,Ostravar,ostravar,player_0020,Bubla,Bubla,medium,evidence_player_group_0020,,,,,,,,,,,,,,,,,,,,,,,,,,,,no_whois_classification,no,no,,,,,0,0,0,,,no,0,,0,,yes,yes
char_ostu,Ostu,ostu,player_0192,Moonshade,Moonshade [Alex],medium,evidence_player_group_0192,Elf,,Free Peoples,medium,,,,,,,,,,,,,,,,,,,,,,,,race_only,no,no,,,,,0,0,0,,,no,0,,0,,no,no
char_oualid,Oualid,oualid,player_0121,Merlin,Merlin,medium,evidence_player_group_0121,,,,,,,,,,,,,,,,,,,,,,,,,,,,no_whois_classification,no,no,,,,,0,0,0,,,no,0,,0,,yes,yes
char_ozgun,Ozgun,ozgun,player_0076,Bigger,Bigger [Jakob],medium,evidence_player_group_0076,,,,,,,,,,,,,,,,,,,,,,,,,,,,no_whois_classification,no,no,,,,,0,0,0,,,no,0,,0,,yes,yes
char_ozon,Ozon,ozon,player_0069,Pilsner,Pilsner [Jurek],medium,evidence_player_group_0069,Man,Black Númenórean,Minions of Sauron,high,General,General,Envoy,medium,,,,,,,,,,,,,,,,,,,,classified,no,no,,,,,0,0,0,,,no,0,,0,,no,no
char_padla,Padla,padla,player_0200,Helga,Helga [Aleks],medium,evidence_player_group_0200,,,,,,,,,,,,,,,,,,,,,,,,,,,,no_whois_classification,no,no,,,,,0,0,0,,,no,0,,0,,yes,yes
char_pagan,Pagan,pagan,player_0048,Draggor,Draggor,medium,evidence_player_group_0048,Man,,Free Peoples,medium,,,,,,,,,,,,,,,,,,,,,,,,race_only,no,no,,,,,0,0,0,,,no,0,,0,,no,no
char_pahan,Pahan,pahan,player_0197,Zmej,Zmej [Leha],medium,evidence_player_group_0197,,,,,,,,,,,,,,,,,,,,,,,,,,,,no_whois_classification,no,no,,,,,0,0,0,,,no,0,,0,,yes,yes
char_paka,Paka,paka,player_0031,Swork,Swork,medium,evidence_player_group_0031,Dwarf,,Free Peoples,medium,Warrior,Warrior,Battlemaster,high,,,,,,,,,,,,,,,,,,,,classified,no,no,,,,,0,0,0,,,no,0,,0,,no,no
char_pandion,Pandion,pandion,player_0001,Rogon,Rogon,medium,evidence_player_group_0001,Man,,Free Peoples,medium,,,,,,,,,,,,,,,,,,,,,,,,race_only,no,no,,,,,3,0,0,comma_name_list:3,Yummy,no,0,,0,,no,yes
char_paque,Paque,paque,player_0082,Relim,Relim,medium,evidence_player_group_0082,,,,,,,,,,,,,,,,,,,,,,,,,,,,no_whois_classification,no,no,,,,,0,0,0,,,no,0,,0,,yes,yes
char_pasta,Pasta,pasta,player_0075,Bjorn,Bjorn [Bjorn],medium,evidence_player_group_0075,Orc,,Minions of Sauron,high,,,,,,,,,,,,,,,,,,,,,,,,race_only,no,no,,,,,0,0,0,,,no,0,,0,,no,no
char_patty,Patty,patty,player_0013,Farin,Farin,medium,evidence_player_group_0013,Troll,Hill Troll,Minions of Sauron,high,Warrior,Warrior,Wrecker,low,,,,,,,,,,,,,,,,,,,,classified,no,no,,,,,0,0,0,,,no,0,,0,,no,no
char_pepa,Pepa,pepa,player_0069,Pilsner,Pilsner [Jurek],medium,evidence_player_group_0069,Orc,,Minions of Sauron,high,General,General,Champion,medium,,,,,,,,,,,,,,,,,,,,classified,no,no,,,,,0,0,0,,,no,0,,0,,no,no
char_perago,Perago,perago,player_0044,Perago,Perago,medium,evidence_player_group_0044,Hobbit,,Free Peoples,medium,,,,,,,,,,,,,,,,,,,,,,,,race_only,no,no,,,,,0,0,0,,,no,0,,0,,no,no
char_perl,Perl,perl,player_0208,Anton,Anton [Anton],medium,evidence_player_group_0208,Dwarf,,Free Peoples,medium,,,,,,,,,,,,,,,,,,,,,,,,race_only,no,no,,,,,0,0,0,,,no,0,,0,,no,no
char_perun,Perun,perun,player_0202,Cerleg,Cerleg [Alex],medium,evidence_player_group_0202,,,,,,,,,,,,,,,,,,,,,,,,,,,,no_whois_classification,no,no,,,,,0,0,0,,,no,0,,0,,yes,yes
char_pestilence,Pestilence,pestilence,player_0055,Cur,Cur [Vigfus],medium,evidence_player_group_0055,Orc,Tarkhnarb,Minions of Sauron,high,,,Snaga,low,,,,,,,,,,,,,,,,,,,,generic_title_no_class,no,no,,,,,0,0,0,,,no,0,,0,,no,no
char_petrus,Petrus,petrus,player_0096,Voile,Voile,medium,evidence_player_group_0096,,,,,,,,,,,,,,,,,,,,,,,,,,,,no_whois_classification,no,no,,,,,0,0,0,,,no,0,,0,,yes,yes
char_pheare,Pheare,pheare,player_0022,Moonparent,Moonparent [David],medium,evidence_player_group_0022,Man,Black Númenórean,Minions of Sauron,high,,,,,,,,,,,,,,,,,,,,,,,,race_only,no,no,,,,,0,0,0,,,no,0,,0,,no,no
char_photon,Photon,photon,player_0112,Reef,Reef,medium,evidence_player_group_0112,Orc,,Minions of Sauron,high,,,,,,,,,,,,,,,,,,,,,,,,race_only,no,no,,,,,0,0,0,,,no,0,,0,,no,no
char_piastr,Piastr,piastr,player_0198,Fisben,Fisben [Gleb],medium,evidence_player_group_0198,Orc,,Minions of Sauron,high,,,,,,,,,,,,,,,,,,,,,,,,race_only,no,no,,,,,0,0,0,,,no,0,,0,,no,no
char_pickle,Pickle,pickle,player_0086,Squiffy,Squiffy,medium,evidence_player_group_0086,Orc,,Minions of Sauron,high,,,,,,,,,,,,,,,,,,,,,,,,race_only,no,no,,,,,0,0,0,,,no,0,,0,,no,no
char_pilsner,Pilsner,pilsner,player_0069,Pilsner,Pilsner [Jurek],medium,evidence_player_group_0069,Maia,,Immortals,high,,,,,,,,,,,Maia,M,,retired,Boardreader,no,no,2026_06_16_retired_immortals,MUME retired immortal list,List current as of 2026-06-16,immortal_2026_06_16_retired_immortals_pilsner_656_listed_retired_immortal,candidate,Copied by Lewis. Includes Boardreaders and honorary True Legend entry for Norsu.,immortal,yes,yes,data/evidence/whois_display/html/pilsner.html,data/evidence/whois_display/text/pilsner.txt,mha:pilsner:1781605386:eb024c49,high,22,18,18,heading_name_list:22,Chuj; Dolik; Guma; Hovado; Khamil; Kurva; Mamut; Mamutice; Mrsina; Ozon; Tupoun,no,0,,2,medium:2,no,yes
char_pinhead,Pinhead,pinhead,player_0004,Wow,Wow,medium,evidence_player_group_0004,,,,,,,,,,,,,,,,,,,,,,,,,,,,no_whois_classification,no,no,,,,,0,0,0,,,no,0,,0,,yes,yes
char_pinion,Pinion,pinion,player_0126,Deris,Deris,medium,evidence_player_group_0126,Man,Black Númenórean,Minions of Sauron,high,,,,,,,,,,,,,,,,,,,,,,,,race_only,no,no,,,,,0,0,0,,,no,0,,0,,no,no
char_piow,Piow,piow,player_0118,Khamasin,Khamasin,medium,evidence_player_group_0118,Orc,,Minions of Sauron,high,General,General,Champion,medium,,,,,,,,,,,,,,,,,,,,classified,no,no,,,,,0,0,0,,,no,0,,0,,no,no
char_plancy,Plancy,plancy,player_0174,Angrenfea,Angrenfea [Toivo],medium,evidence_player_group_0174,,,,,,,,,,,,,,,,,,,,,,,,,,,,no_whois_classification,no,no,,,,,0,0,0,,,no,0,,0,,yes,yes
char_plato,Plato,plato,player_0134,Chauncey,Chauncey,medium,evidence_player_group_0134,,,,,,,,,,,,,,,,,,,,,,,,,,,,no_whois_classification,no,no,,,,,0,0,0,,,no,0,,0,,yes,yes
char_plch,Plch,plch,player_0019,Luke,Luke,medium,evidence_player_group_0019,Elf,Sindarin,Free Peoples,medium,Magic-user,Magic-user,Scholar,high,,,,,,,,,,,,,,,,,,,,classified,no,no,,,,,0,0,0,,,no,0,,0,,no,no
char_plohish,Plohish,plohish,player_0199,Roman,Roman [Roman],medium,evidence_player_group_0199,Hobbit,,Free Peoples,medium,,,,,,,,,,,,,,,,,,,,,,,,race_only,no,no,,,,,0,0,0,,,no,0,,0,,no,no
char_polydeukes,Polydeukes,polydeukes,player_0081,Vassago,Vassago,medium,evidence_player_group_0081,Man,Black Númenórean,Minions of Sauron,high,,,,,,,,,,,,,,,,,,,,,,,,race_only,no,no,,,,,0,0,0,,,yes,1,9.0,0,,no,no
char_pomfrit,Pomfrit,pomfrit,player_0036,Atlas,Atlas,medium,evidence_player_group_0036,Hobbit,Fallohide,Free Peoples,medium,Cleric,Cleric,Patriarch,high,,,,,male,high,,,,,,,,,,,,,,classified,no,no,,,,,0,0,0,,,no,0,,0,,no,no
char_pontiac,Pontiac,pontiac,player_0165,Athela,Athela,medium,evidence_player_group_0165,,,,,,,,,,,,,,,,,,,,,,,,,,,,no_whois_classification,no,no,,,,,0,0,0,,,no,0,,0,,yes,yes
char_pontu,Pontu,pontu,player_0144,Jones,Jones,medium,evidence_player_group_0144,,,,,,,,,,,,,,,,,,,,,,,,,,,,no_whois_classification,no,no,,,,,0,0,0,,,no,0,,0,,yes,yes
char_popeye,Popeye,popeye,player_0165,Athela,Athela,medium,evidence_player_group_0165,Hobbit,Fallohide,Free Peoples,medium,Thief,Thief,Hunter,medium,,,,,,,,,,,,,,,,,,,,classified,no,no,,,,,0,0,0,,,no,0,,0,,no,no
char_poppis,Poppis,poppis,player_0151,Poppis,Poppis,medium,evidence_player_group_0151,Half-Elf,,Free Peoples,medium,,,,,,,,,,,,,,,,,,,,,,,,race_only,no,no,,,,,0,0,0,,,no,0,,0,,no,no
char_porien,Porien,porien,player_0195,Porien,Porien [Dmitry],medium,evidence_player_group_0195,Maia,,Immortals,high,Cartographer,Cartographer,Cartographer,high,,,,,,,Maia,M,Cartographer,current,Maia,no,no,2026_06_16_current_immortals,MUME current immortal list,List current as of 2026-06-16,immortal_2026_06_16_current_immortals_porien_87_listed_current_immortal,candidate,Copied by Lewis. (+m) means the immortal is also a Maiar Muddler / muddle code contributor.,immortal,yes,yes,data/evidence/whois_display/html/porien.html,data/evidence/whois_display/text/porien.txt,mha:porien:1781605403:5fcb7c5a,high,0,0,0,,,no,0,,0,,no,no
char_posh,Posh,posh,player_0001,Rogon,Rogon,medium,evidence_player_group_0001,Orc,,Minions of Sauron,high,,,,,,,,,,,,,,,,,,,,,,,,race_only,no,no,,,,,0,0,0,,,no,0,,0,,no,no
char_potgins,Potgins,potgins,player_0174,Angrenfea,Angrenfea [Toivo],medium,evidence_player_group_0174,,,,,,,,,,,,,,,,,,,,,,,,,,,,no_whois_classification,no,no,,,,,0,0,0,,,no,0,,0,,yes,yes
char_praiodan,Praiodan,praiodan,player_0005,Praiodan,Praiodan [Tomas],medium,evidence_player_group_0005,Half-Elf,,Free Peoples,medium,,,,,,,,,,,,,,,,,,,,,,,,race_only,no,no,,,,,0,0,0,,,no,0,,0,,no,no
char_prcek,Prcek,prcek,player_0069,Pilsner,Pilsner [Jurek],medium,evidence_player_group_0069,Dwarf,,Free Peoples,medium,General,General,Hero,medium,,,,,,,,,,,,,,,,,,,,classified,no,no,,,,,0,0,0,,,no,0,,0,,no,no
char_pretty,Pretty,pretty,player_0023,Bah,Bah [Jan],medium,evidence_player_group_0023,Troll,,Minions of Sauron,high,,,,,,,,,,,,,,,,,,,,,,,,race_only,no,no,,,,,0,0,0,,,no,0,,0,,no,no
char_prey,Prey,prey,player_0008,Fingeror,Fingeror [Jocke],medium,evidence_player_group_0008,Orc,Tarkhnarb,Minions of Sauron,high,General,General,Champion,medium,,,,,,,,,,,,,,,,,,,,classified,no,no,,,,,0,0,0,,,no,0,,0,,no,no
char_prima,Prima,prima,player_0108,Toe,Toe,medium,evidence_player_group_0108,Troll,,Minions of Sauron,high,,,,,,,,,,,,,,,,,,,,,,,,race_only,no,no,,,,,0,0,0,,,no,0,,0,,no,no
char_prist,Prist,prist,player_0093,Valir,Valir [Raul],medium,evidence_player_group_0093,Man,Black Númenórean,Minions of Sauron,high,Magic-user,Magic-user,Warlock,high,,,,,male,medium,,,,,,,,,,,,,,classified,no,no,,,,,0,0,0,,,no,0,,0,,no,no
char_prosit,Prosit,prosit,player_0079,Feon,Feon [Johan],medium,evidence_player_group_0079,Dwarf,,Free Peoples,medium,Warrior,Warrior,Warden,high,75% Bash,,,,,,,,,,,,,,,,,,,classified,no,no,,,,,0,0,0,,,no,0,,1,medium:1,no,yes
char_psycho,Psycho,psycho,player_0103,Edvard,Edvard [Aron],medium,evidence_player_group_0103,Man,Black Númenórean,Minions of Sauron,high,Thief,Thief,Burglar,low,,,,,,,,,,,,,,,,,,,,classified,no,no,,,,,0,0,0,,,no,0,,0,,no,no
char_puar,Puar,puar,player_0102,Naredhel,Naredhel,medium,evidence_player_group_0102,,,,,,,,,,,,,,,,,,,,,,,,,,,,no_whois_classification,no,no,,,,,0,0,0,,,no,0,,0,,yes,yes
char_pumuckl,Pumuckl,pumuckl,player_0182,Pumuckl,Pumuckl,medium,evidence_player_group_0182,Elf,Silvan,Free Peoples,medium,Warrior,Warrior,Battlemaster,high,,,,,,,,,,,,,,,,,,,,classified,no,no,,,,,0,0,0,,,no,0,,0,,no,no
char_purkmistr,Purkmistr,purkmistr,player_0011,Lancelot,Lancelot [Andreas],medium,evidence_player_group_0011,,,,,,,,,,,,,,,,,,,,,,,,,,,,no_whois_classification,no,no,,,,,0,0,0,,,no,0,,0,,yes,yes
char_qiuram,Qiuram,qiuram,player_0159,Beorel,Beorel,medium,evidence_player_group_0159,,,,,,,,,,,,,,,,,,,,,,,,,,,,no_whois_classification,no,no,,,,,0,0,0,,,no,0,,0,,yes,yes
char_quible,Quible,quible,player_0086,Squiffy,Squiffy,medium,evidence_player_group_0086,,,,,,,,,,,,,,,,,,,,,,,,,,,,no_whois_classification,no,no,,,,,0,0,0,,,no,0,,0,,yes,yes
char_quillis,Quillis,quillis,player_0100,Quillis,Quillis,medium,evidence_player_group_0100,Maia,,Immortals,high,Shaper,Shaper,Shaper,high,,,,,,,Maia,M,Shaper,retired,Maia,no,no,2026_06_16_retired_immortals,MUME retired immortal list,List current as of 2026-06-16,immortal_2026_06_16_retired_immortals_quillis_74_listed_retired_immortal,candidate,Copied by Lewis. Includes Boardreaders and honorary True Legend entry for Norsu.,immortal,yes,yes,data/evidence/whois_display/html/quillis.html,data/evidence/whois_display/text/quillis.txt,mha:quillis:1781605437:0da32934,high,26,22,22,comma_name_list:18; heading_name_list:8,Rend; Rage; Iblis; Fubar; Gage; Harn; Eberk; Riordan; Celedon; Kalus,no,0,,0,,no,yes
char_quin,Quin,quin,player_0036,Atlas,Atlas,medium,evidence_player_group_0036,Hobbit,Harfoot,Free Peoples,medium,Warrior,Warrior,Veteran,high,,,,,,,,,,,,,,,,,,,,classified,no,no,,,,,0,0,0,,,no,0,,0,,no,no
char_qul,Qul,qul,player_0035,Fankil,Fankil [Alexander],medium,evidence_player_group_0035,Hobbit,,Free Peoples,medium,,,,,,,,,,,,,,,,,,,,,,,,race_only,no,no,,,,,0,0,0,,,no,0,,0,,no,no
char_qwestus,Qwestus,qwestus,player_0136,Francis,Francis,medium,evidence_player_group_0136,Orc,,Minions of Sauron,high,,,,,,,,,,,,,,,,,,,,,,,,race_only,no,no,,,,,0,0,0,,,yes,1,35.0,0,,no,no
char_qwestux,Qwestux,qwestux,player_0136,Francis,Francis,medium,evidence_player_group_0136,,,,,,,,,,,,,,,,,,,,,,,,,,,,no_whois_classification,no,no,,,,,0,0,0,,,no,0,,0,,yes,yes
char_rabarbar,Rabarbar,rabarbar,player_0212,Rabarbar,Rabarbar [Mihail],medium,evidence_player_group_0212,,,,,,,,,,,,,,,,,,,,,,,,,,,,no_whois_classification,no,no,,,,,0,0,0,,,no,0,,0,,yes,yes
char_rackhir,Rackhir,rackhir,player_0128,Bornack,Bornack [Fredrik],medium,evidence_player_group_0128,Man,Dúnedain,Free Peoples,medium,Cleric,Cleric,Patriarch,high,,,,,male,high,,,,,,,,,,,,,,classified,no,no,,,,,0,0,0,,,no,0,,0,,no,no
char_radbug,Radbug,radbug,player_0008,Fingeror,Fingeror [Jocke],medium,evidence_player_group_0008,Orc,Tarkhnarb,Minions of Sauron,high,Cleric,Cleric,Shaman,low,,,,,,,,,,,,,,,,,,,,classified,no,no,,,,,0,0,0,,,no,0,,0,,no,no
char_radegast,Radegast,radegast,player_0217,Beat,Beat [Joosep],medium,evidence_player_group_0217,Dwarf,,Free Peoples,medium,,,,,,,,,,,,,,,,,,,,,,,,race_only,no,no,,,,,0,0,0,,,no,0,,0,,no,no
char_rael,Rael,rael,player_0106,Rael,Rael [Dario],medium,evidence_player_group_0106,Hobbit,,Free Peoples,medium,,,,,,,,,,,,,,,,,,,,,,,,race_only,no,no,,,,,0,0,0,,,no,0,,0,,no,no
char_rafa,Rafa,rafa,player_0153,Gloha,Gloha,medium,evidence_player_group_0153,Hobbit,,Free Peoples,medium,,,,,,,,,,,,,,,,,,,,,,,,race_only,no,no,,,,,0,0,0,,,no,0,,0,,no,no
char_rage,Rage,rage,player_0100,Quillis,Quillis,medium,evidence_player_group_0100,Orc,Tarkhnarb,Minions of Sauron,high,Cleric,Cleric,Necromancer,high,,,,,,,,,,,,,,,,,,,,classified,no,no,,,,,0,0,0,,,no,0,,0,,no,no
char_ragface,Ragface,ragface,player_0028,Enforcer,Enforcer [Ert],medium,evidence_player_group_0028,Man,Black Númenórean,Minions of Sauron,high,,,,,,,,,,,,,,,,,,,,,,,,race_only,no,no,,,,,0,0,0,,,no,0,,0,,no,no
char_ragnwald,Ragnwald,ragnwald,player_0103,Edvard,Edvard [Aron],medium,evidence_player_group_0103,,,,,,,,,,,,,,,,,,,,,,,,,,,,no_whois_classification,no,no,,,,,0,0,0,,,no,0,,0,,yes,yes
char_rahz,Rahz,rahz,player_0095,Haista,Haista,medium,evidence_player_group_0095,Troll,Mountain Troll,Minions of Sauron,high,Warrior,Warrior,Warrior,medium,,,,,,,,,,,,,,,,,,,,classified,no,no,,,,,0,0,0,,,no,0,,0,,no,no
char_raichu,Raichu,raichu,player_0062,Auriane,Auriane [Bob],medium,evidence_player_group_0062,Troll,Mountain Troll,Minions of Sauron,high,Warrior,Warrior,Brute,low,,,,,,,,,,,,,,,,,,,,classified,no,no,,,,,0,0,0,,,no,0,,0,,no,no
char_rain,Rain,rain,player_0085,Daevia,Daevia,medium,evidence_player_group_0085,Half-Elf,,Free Peoples,medium,General,General,Hero,medium,,,,,,,,,,,,,,,,,,,,classified,no,no,,,,,0,0,0,,,no,0,,0,,no,no
char_rakot,Rakot,rakot,player_0189,Merlyn,Merlyn [Maxim],medium,evidence_player_group_0189,,,,,,,,,,,,,,,,,,,,,,,,,,,,no_whois_classification,no,no,,,,,0,0,0,,,no,0,,0,,yes,yes
char_ramangth,Ramangth,ramangth,player_0098,Dragor,Dragor,medium,evidence_player_group_0098,Man,Black Númenórean,Minions of Sauron,high,,,Wanderer,low,,,,,,,,,,,,,,,,,,,,generic_title_no_class,no,no,,,,,0,0,0,,,no,0,,0,,no,no
char_ramiris,Ramiris,ramiris,player_0012,Axel,Axel [Axel],medium,evidence_player_group_0012,Elf,,Free Peoples,medium,,,,,,,,,,,,,,,,,,,,,,,,race_only,no,no,,,,,0,0,0,,,no,0,,0,,no,no
char_ramtir,Ramtir,ramtir,player_0035,Fankil,Fankil [Alexander],medium,evidence_player_group_0035,Orc,Tarkhnarb,Minions of Sauron,high,Warrior,Warrior,Warg-rider,low,,,,,,,,,,,,,,,,,,,,classified,no,no,,,,,0,0,0,,,no,0,,0,,no,no
char_ranax,Ranax,ranax,player_0023,Bah,Bah [Jan],medium,evidence_player_group_0023,Orc,,Minions of Sauron,high,,,,,,,,,,,,,,,,,,,,,,,,race_only,no,no,,,,,0,0,0,,,no,0,,0,,no,no
char_rancid,Rancid,rancid,player_0111,Aram,Aram,medium,evidence_player_group_0111,Orc,,Minions of Sauron,high,,,,,,,,,,,,,,,,,,,,,,,,race_only,no,no,,,,,0,0,0,,,no,0,,0,,no,no
char_rancor,Rancor,rancor,player_0026,Alweon,Alweon,medium,evidence_player_group_0026,Troll,Mountain Troll,Minions of Sauron,high,Warrior,Warrior,Fighter,low,,,,,,,,,,,,,,,,,,,,classified,no,no,,,,,0,0,0,,,no,0,,0,,no,no
char_ranhith,Ranhith,ranhith,player_0158,Ainafea,Ainafea,medium,evidence_player_group_0158,Elf,Silvan,Free Peoples,medium,Thief,Thief,Hunter,medium,,,,,,,,,,,,,,,,,,,,classified,no,no,,,,,0,0,0,,,no,0,,0,,no,no
char_rankin,Rankin,rankin,player_0086,Squiffy,Squiffy,medium,evidence_player_group_0086,,,,,,,,,,,,,,,,,,,,,,,,,,,,no_whois_classification,no,no,,,,,0,0,0,,,no,0,,0,,yes,yes
char_ranna,Ranna,ranna,player_0139,Naga,Naga,medium,evidence_player_group_0139,Orc,,Minions of Sauron,high,,,,,,,,,,,,,,,,,,,,,,,,race_only,no,no,,,,,0,0,0,,,no,0,,0,,no,no
char_rashnak,Rashnak,rashnak,player_0032,Rashnak,Rashnak,medium,evidence_player_group_0032,Maia,,Immortals,high,Shaper,Shaper,Shaper,high,,,,,,,Maia,M,Shaper,retired,Maia,no,no,2026_06_16_retired_immortals,MUME retired immortal list,List current as of 2026-06-16,immortal_2026_06_16_retired_immortals_rashnak_75_listed_retired_immortal,candidate,Copied by Lewis. Includes Boardreaders and honorary True Legend entry for Norsu.,immortal,yes,yes,data/evidence/whois_display/html/rashnak.html,data/evidence/whois_display/text/rashnak.txt,mha:rashnak:1781605485:4c2729d0,high,0,0,0,,,yes,2,18.0,0,,no,no
char_rasputin,Rasputin,rasputin,player_0022,Moonparent,Moonparent [David],medium,evidence_player_group_0022,Elf,,Free Peoples,medium,,,,,,,,,,,,,,,,,,,,,,,,race_only,no,no,,,,,0,0,0,,,no,0,,0,,no,no
char_rasta,Rasta,rasta,player_0072,Valamir,Valamir [Ole],medium,evidence_player_group_0072,Orc,,Minions of Sauron,high,,,,,,,,,,,,,,,,,,,,,,,,race_only,no,no,,,,,0,0,0,,,no,0,,0,,no,no
char_rastik,Rastik,rastik,player_0048,Draggor,Draggor,medium,evidence_player_group_0048,Elf,Silvan,Free Peoples,medium,Thief,Thief,Scout,high,,,,,,,,,,,,,,,,,,,,classified,no,no,,,,,0,0,0,,,no,0,,0,,no,no
char_ratark,Ratark,ratark,player_0070,Heldo,Heldo [Jens],medium,evidence_player_group_0070,,,,,,,,,,,,,,,,,,,,,,,,,,,,no_whois_classification,no,no,,,,,0,0,0,,,no,0,,0,,yes,yes
char_raudo,Raudo,raudo,player_0106,Rael,Rael [Dario],medium,evidence_player_group_0106,Elf,,Free Peoples,medium,,,,,,,,,,,,,,,,,,,,,,,,race_only,no,no,,,,,0,0,0,,,no,0,,0,,no,no
char_rauko,Rauko,rauko,player_0220,Strine,Strine,medium,evidence_player_group_0220,Orc,Tarkhnarb,Minions of Sauron,high,Warrior,Warrior,Battlemaster,high,,,,,,,,,,,,,,,,,,,,classified,no,no,,,,,0,0,0,,,no,0,,0,,no,no
char_raun,Raun,raun,player_0112,Reef,Reef,medium,evidence_player_group_0112,Orc,,Minions of Sauron,high,,,,,,,,,,,,,,,,,,,,,,,,race_only,no,no,,,,,0,0,0,,,no,0,,0,,no,no
char_ravendark,Ravendark,ravendark,player_0030,Manatark,Manatark [Kaido],medium,evidence_player_group_0030,Man,Black Númenórean,Minions of Sauron,high,Warrior,Warrior,Mercenary,low,,,,,,,,,,,,,,,,,,,,classified,no,no,,,,,0,0,0,,,no,0,,0,,no,no
char_ray,Ray,ray,player_0198,Fisben,Fisben [Gleb],medium,evidence_player_group_0198,Troll,,Minions of Sauron,high,,,,,,,,,,,,,,,,,,,,,,,,race_only,no,no,,,,,0,0,0,,,no,0,,0,,no,no
char_rayden,Rayden,rayden,player_0090,Rayden,Rayden,medium,evidence_player_group_0090,Maia,,Immortals,high,,,,,,,,,,,Maia,M,,retired,Boardreader,no,no,2026_06_16_retired_immortals,MUME retired immortal list,List current as of 2026-06-16,immortal_2026_06_16_retired_immortals_rayden_669_listed_retired_immortal,candidate,Copied by Lewis. Includes Boardreaders and honorary True Legend entry for Norsu.,immortal,yes,yes,data/evidence/whois_display/html/rayden.html,data/evidence/whois_display/text/rayden.txt,mha:rayden:1781605512:9f4c366f,high,0,0,0,,,no,0,,0,,no,no
char_razamazar,Razamazar,razamazar,player_0082,Relim,Relim,medium,evidence_player_group_0082,Troll,Mountain Troll,Minions of Sauron,high,Warrior,Warrior,Fighter,low,,,,,,,,,,,,,,,,,,,,classified,no,no,,,,,0,0,0,,,no,0,,0,,no,no
char_raze,Raze,raze,,,,,,Orc,,Minions of Sauron,high,,,,,,,,,,,,,,,,,,,,,,,,race_only,no,no,,,,,0,0,0,,,no,0,,0,,no,no
char_razoor,Razoor,razoor,player_0180,Evandaar,Evandaar [Daniel],medium,evidence_player_group_0180,Troll,,Minions of Sauron,high,,,,,,,,,,,,,,,,,,,,,,,,race_only,no,no,,,,,1,1,1,quoted_speaker:1,Naomi,no,0,,1,low:1,no,yes
char_reaper,Reaper,reaper,player_0003,Burb,Burb,medium,evidence_player_group_0003,Elf,Silvan,Free Peoples,medium,General,General,Heroine,medium,,,,,female,high,,,,,,,,,,,,,,classified,no,no,,,,,0,0,0,,,no,0,,0,,no,no
char_rebeka,Rebeka,rebeka,player_0145,Rebeka,Rebeka,medium,evidence_player_group_0145,,,,,,,,,,,,,,,,,,,,,,,,,,,,no_whois_classification,no,no,,,,,0,0,0,,,no,0,,0,,yes,yes
char_reef,Reef,reef,player_0112,Reef,Reef,medium,evidence_player_group_0112,Troll,Mountain Troll,Minions of Sauron,high,Warrior,Warrior,Warrior,medium,,,,,,,,,,,,,,,,,,,,classified,no,no,,,,,0,0,0,,,no,0,,0,,no,no
char_regin,Regin,regin,player_0067,David,David [David],medium,evidence_player_group_0067,Dwarf,,Free Peoples,medium,,,,,,,,,,,,,,,,,,,,,,,,race_only,no,no,,,,,0,0,0,,,no,0,,0,,no,no
char_reijki,Reijki,reijki,player_0157,Dorolff,Dorolff,medium,evidence_player_group_0157,Elf,Noldorin,Free Peoples,medium,Warrior,Warrior,Warden,high,75% Bash,,,,,,,,,,,,,,,,,,,classified,no,no,,,,,0,0,0,,,no,0,,0,,no,no
char_reikor,Reikor,reikor,player_0072,Valamir,Valamir [Ole],medium,evidence_player_group_0072,,,,,,,,,,,,,,,,,,,,,,,,,,,,no_whois_classification,no,no,,,,,0,0,0,,,no,0,,0,,yes,yes
char_relim,Relim,relim,player_0082,Relim,Relim,medium,evidence_player_group_0082,Man,,Free Peoples,medium,,,,,,,,,,,,,,,,,,,,,,,,race_only,no,no,,,,,0,0,0,,,no,0,,0,,no,no
char_remorse,Remorse,remorse,player_0063,Ling,Ling,medium,evidence_player_group_0063,,,,,,,,,,,,,,,,,,,,,,,,,,,,no_whois_classification,no,no,,,,,0,0,0,,,no,0,,0,,yes,yes
char_rend,Rend,rend,player_0100,Quillis,Quillis,medium,evidence_player_group_0100,Orc,Tarkhnarb,Minions of Sauron,high,General,General,Champion,medium,,,,,,,,,,,,,,,,,,,,classified,no,no,,,,,0,0,0,,,no,0,,0,,no,no
char_rendra,Rendra,rendra,player_0179,Delfi,Delfi [Per],medium,evidence_player_group_0179,Elf,Silvan,Free Peoples,medium,Cleric,Cleric,Matriarch,high,,,,,female,high,,,,,,,,,,,,,,classified,no,no,,,,,0,0,0,,,no,0,,0,,no,no
char_reno,Reno,reno,player_0042,Zhagrat,Zhagrat,medium,evidence_player_group_0042,Hobbit,,Free Peoples,medium,,,,,,,,,,,,,,,,,,,,,,,,race_only,no,no,,,,,0,0,0,,,no,0,,0,,no,no
char_rentera,Rentera,rentera,player_0160,Krax,Krax,medium,evidence_player_group_0160,Elf,,Free Peoples,medium,,,,,,,,,,,,,,,,,,,,,,,,race_only,no,no,,,,,0,0,0,,,no,0,,0,,no,no
char_revenan,Revenan,revenan,player_0051,Alantir,Alantir,medium,evidence_player_group_0051,Elf,,Free Peoples,medium,,,,,,,,,,,,,,,,,,,,,,,,race_only,no,no,,,,,0,0,0,,,no,0,,0,,no,no
char_rhand,Rhand,rhand,player_0119,Zeus,Zeus,medium,evidence_player_group_0119,Man,Dúnedain,Free Peoples,medium,General,General,Ranger,medium,High Track; exact requirement uncertain and probably not 100%+,,,,,,,,,,,,,,,,,,,classified,no,no,,,,,0,0,0,,,no,0,,0,,no,no
char_rhobe,Rhobe,rhobe,player_0119,Zeus,Zeus,medium,evidence_player_group_0119,Orc,,Minions of Sauron,high,,,,,,,,,,,,,,,,,,,,,,,,race_only,no,no,,,,,0,0,0,,,no,0,,0,,no,no
char_rhodry,Rhodry,rhodry,player_0011,Lancelot,Lancelot [Andreas],medium,evidence_player_group_0011,Half-Elf,,Free Peoples,medium,Cleric,Cleric,Master Healer,high,,,,,,,,,,,,,,,,,,,,classified,no,no,,,,,0,0,0,,,no,0,,0,,no,no
char_rhombuc,Rhombuc,rhombuc,player_0012,Axel,Axel [Axel],medium,evidence_player_group_0012,Orc,,Minions of Sauron,high,,,,,,,,,,,,,,,,,,,,,,,,race_only,no,no,,,,,0,0,0,,,no,0,,0,,no,no
char_rhuarc,Rhuarc,rhuarc,player_0098,Dragor,Dragor,medium,evidence_player_group_0098,Dwarf,,Free Peoples,medium,Warrior,Warrior,Warrior,medium,,,,,,,,,,,,,,,,,,,,classified,no,no,,,,,0,0,0,,,no,0,,0,,no,no
char_rhuka,Rhuka,rhuka,player_0037,Bobbie,Bobbie,medium,evidence_player_group_0037,Orc,,Minions of Sauron,high,,,,,,,,,,,,,,,,,,,,,,,,race_only,no,no,,,,,0,0,0,,,yes,1,24.5,0,,no,no
char_ric,Ric,ric,player_0109,Nighthawk,Nighthawk,medium,evidence_player_group_0109,Elf,Silvan,Free Peoples,medium,General,General,Ranger,medium,High Track; exact requirement uncertain and probably not 100%+,,,,,,,,,,,,,,,,,,,classified,no,no,,,,,0,0,0,,,no,0,,0,,no,no
char_riekor,Riekor,riekor,player_0072,Valamir,Valamir [Ole],medium,evidence_player_group_0072,Man,Black Númenórean,Minions of Sauron,high,,,,,,,,,,,,,,,,,,,,,,,,race_only,no,no,,,,,0,0,0,,,no,0,,0,,no,no
char_rik,Rik,rik,player_0136,Francis,Francis,medium,evidence_player_group_0136,Maia,,Immortals,high,Wright,Wright,Wright,high,,,,,,,Maia,M,Wright,retired,Maia,no,no,2026_06_16_retired_immortals,MUME retired immortal list,List current as of 2026-06-16,immortal_2026_06_16_retired_immortals_rik_152_listed_retired_immortal,candidate,Copied by Lewis. Includes Boardreaders and honorary True Legend entry for Norsu.,immortal,yes,yes,data/evidence/whois_display/html/rik.html,data/evidence/whois_display/text/rik.txt,mha:rik:1781605584:8d2c19d8,high,128,12,12,comma_name_list:128,Akio; Alderik; Francis; Ghij; Harold; Kim; Knutt; Kyrania; Marieke; Obthic; Oksar; Rhamd,yes,4,40.5,0,,no,yes
char_rimnark,Rimnark,rimnark,player_0038,Sabadon,Sabadon,medium,evidence_player_group_0038,,,,,,,,,,,,,,,,,,,,,,,,,,,,no_whois_classification,no,no,,,,,0,0,0,,,no,0,,0,,yes,yes
char_rio,Rio,rio,player_0199,Roman,Roman [Roman],medium,evidence_player_group_0199,Elf,,Free Peoples,medium,,,,,,,,,,,,,,,,,,,,,,,,race_only,no,no,,,,,0,0,0,,,no,0,,0,,no,no
char_riordan,Riordan,riordan,player_0100,Quillis,Quillis,medium,evidence_player_group_0100,Elf,,Free Peoples,medium,,,,,,,,,,,,,,,,,,,,,,,,race_only,no,no,,,,,0,0,0,,,no,0,,0,,no,no
char_rippin,Rippin,rippin,player_0148,Ytinas,Ytinas,medium,evidence_player_group_0148,Hobbit,Fallohide,Free Peoples,medium,Warrior,Warrior,Bodyguard,high,80% Rescue,,,,,,,,,,,,,,,,,,,classified,no,no,,,,,0,0,0,,,no,0,,1,low:1,no,yes
char_risca,Risca,risca,player_0219,Risca,Risca,medium,evidence_player_group_0219,Man,Dúnedain,Free Peoples,medium,General,General,Hero,medium,,,,,,,,,,,,,,,,,,,,classified,no,no,,,,,0,0,0,,,no,0,,0,,no,no
char_risp,Risp,risp,player_0151,Poppis,Poppis,medium,evidence_player_group_0151,Half-Elf,,Free Peoples,medium,Magic-user,Magic-user,Wizard,high,,,,,,,,,,,,,,,,,,,,classified,no,no,,,,,0,0,0,,,no,0,,0,,no,no
char_rivet,Rivet,rivet,player_0091,Aris,Aris,medium,evidence_player_group_0091,Orc,Tarkhnarb,Minions of Sauron,high,Thief,Thief,Murderer,medium,,,,,,,,,,,,,,,,,,,,classified,no,no,,,,,0,0,0,,,no,0,,0,,no,no
char_roadkill,Roadkill,roadkill,player_0055,Cur,Cur [Vigfus],medium,evidence_player_group_0055,,,,,,,,,,,,,,,,,,,,,,,,,,,,no_whois_classification,no,no,,,,,0,0,0,,,no,0,,0,,yes,yes
char_rockfish,Rockfish,rockfish,player_0080,Venal,Venal,medium,evidence_player_group_0080,,,,,,,,,,,,,,,,,,,,,,,,,,,,no_whois_classification,no,no,,,,,0,0,0,,,no,0,,0,,yes,yes
char_rodan,Rodan,rodan,player_0021,Cormac,Cormac,medium,evidence_player_group_0021,,,,,,,,,,,,,,,,,,,,,,,,,,,,no_whois_classification,no,no,,,,,0,0,0,,,no,0,,0,,yes,yes
char_rodothlim,Rodothlim,rodothlim,player_0125,Ausir,Ausir,medium,evidence_player_group_0125,Half-Elf,,Free Peoples,medium,,,,,,,,,,,,,,,,,,,,,,,,race_only,no,no,,,,,0,0,0,,,no,0,,0,,no,no
char_rogon,Rogon,rogon,player_0001,Rogon,Rogon,medium,evidence_player_group_0001,Vala,,Immortals,high,,,,,,,,,,,Arata,A,,current,Aratar,no,no,2026_06_16_current_immortals,MUME current immortal list,List current as of 2026-06-16,immortal_2026_06_16_current_immortals_rogon_8_listed_current_immortal,candidate,Copied by Lewis. (+m) means the immortal is also a Maiar Muddler / muddle code contributor.,immortal,yes,yes,data/evidence/whois_display/html/rogon.html,data/evidence/whois_display/text/rogon.txt,mha:rogon:1781605630:135ebd96,high,0,0,0,,,no,0,,0,,no,no
char_rohic,Rohic,rohic,player_0211,Rohic,Rohic [Rohik],medium,evidence_player_group_0211,Maia,,Immortals,high,,,,,,,,,,,Maia,M,,retired,Boardreader,no,no,2026_06_16_retired_immortals,MUME retired immortal list,List current as of 2026-06-16,immortal_2026_06_16_retired_immortals_rohic_680_listed_retired_immortal,candidate,Copied by Lewis. Includes Boardreaders and honorary True Legend entry for Norsu.,immortal,no,no,,,,,0,0,0,,,no,0,,0,,no,no
char_rohick,Rohick,rohick,player_0211,Rohic,Rohic [Rohik],medium,evidence_player_group_0211,Hobbit,,Free Peoples,medium,,,,,,,,,,,,,,,,,,,,,,,,race_only,no,no,,,,,0,0,0,,,no,0,,0,,no,no
char_rohik,Rohik,rohik,player_0211,Rohic,Rohic [Rohik],medium,evidence_player_group_0211,Hobbit,,Free Peoples,medium,,,,,,,,,,,,,,,,,,,,,,,,race_only,no,no,,,,,0,0,0,,,no,0,,0,,no,no
char_roman,Roman,roman,player_0199,Roman,Roman [Roman],medium,evidence_player_group_0199,Maia,,Immortals,high,,,,,,,,,,,Maia,M,,retired,Boardreader,no,no,2026_06_16_retired_immortals,MUME retired immortal list,List current as of 2026-06-16,immortal_2026_06_16_retired_immortals_roman_681_listed_retired_immortal,candidate,Copied by Lewis. Includes Boardreaders and honorary True Legend entry for Norsu.,immortal,yes,yes,data/evidence/whois_display/html/roman.html,data/evidence/whois_display/text/roman.txt,mha:roman:1781605641:737ab372,high,0,0,0,,,no,0,,0,,no,no
char_romin,Romin,romin,player_0075,Bjorn,Bjorn [Bjorn],medium,evidence_player_group_0075,Dwarf,,Free Peoples,medium,Cleric,Cleric,Priest,high,,,,,,,,,,,,,,,,,,,,classified,no,no,,,,,1,1,1,quoted_speaker:1,Zubr,no,0,,0,,no,yes
char_ronin,Ronin,ronin,player_0064,Saeth,Saeth [Wojtek],medium,evidence_player_group_0064,Dwarf,,Free Peoples,medium,,,,,,,,,,,,,,,,,,,,,,,,race_only,no,no,,,,,0,0,0,,,no,0,,0,,no,no
char_rorka,Rorka,rorka,player_0139,Naga,Naga,medium,evidence_player_group_0139,Orc,Tarkhnarb,Minions of Sauron,high,Thief,Thief,Murderess,medium,,,,,female,high,,,,,,,,,,,,,,parser_suspect_or_custom_descriptor,no,no,,,,,0,0,0,,,no,0,,0,,yes,yes
char_rot,Rot,rot,player_0058,Steele,Steele [Dan],medium,evidence_player_group_0058,,,,,,,,,,,,,,,,,,,,,,,,,,,,no_whois_classification,no,no,,,,,0,0,0,,,no,0,,0,,yes,yes
char_rotho,Rotho,rotho,player_0154,Bishn�k,Bishn�k [Eric],medium,evidence_player_group_0154,Hobbit,Stoor,Free Peoples,medium,Warrior,Warrior,Bodyguard,high,80% Rescue,,,,,,,,,,,,,,,,,,,classified,no,no,,,,,0,0,0,,,no,0,,2,low:2,no,yes
char_rotmos,Rotmos,rotmos,player_0072,Valamir,Valamir [Ole],medium,evidence_player_group_0072,,,,,,,,,,,,,,,,,,,,,,,,,,,,no_whois_classification,no,no,,,,,0,0,0,,,no,0,,0,,yes,yes
char_roxik,Roxik,roxik,player_0211,Rohic,Rohic [Rohik],medium,evidence_player_group_0211,,,,,,,,,,,,,,,,,,,,,,,,,,,,no_whois_classification,no,no,,,,,0,0,0,,,no,0,,0,,yes,yes
char_royal,Royal,royal,player_0189,Merlyn,Merlyn [Maxim],medium,evidence_player_group_0189,Troll,Mountain Troll,Minions of Sauron,high,Warrior,Warrior,Brute,low,,,,,,,,,,,,,,,,,,,,classified,no,no,,,,,1,0,0,quoted_speaker:1,Soart,no,0,,0,,no,yes
char_rugorn,Rugorn,rugorn,player_0036,Atlas,Atlas,medium,evidence_player_group_0036,Man,Beorning,Free Peoples,medium,Thief,Thief,Scout,high,,,,,,,,,,,,,,,,,,,,classified,no,no,,,,,6,3,3,quoted_speaker:6,Arwen; Rugorn,no,0,,0,,no,yes
char_rukan,Rukan,rukan,player_0065,Wryak,Wryak [Tapio],medium,evidence_player_group_0065,,,,,,,,,,,,,,,,,,,,,,,,,,,,no_whois_classification,no,no,,,,,0,0,0,,,no,0,,0,,yes,yes
char_rulla,Rulla,rulla,player_0176,Beltira,Beltira [Erik],medium,evidence_player_group_0176,Hobbit,Fallohide,Free Peoples,medium,Thief,Thief,Scout,high,,,,,,,,,,,,,,,,,,,,classified,no,no,,,,,0,0,0,,,no,0,,0,,no,no
char_rumble,Rumble,rumble,player_0161,Halir,Halir,medium,evidence_player_group_0161,Troll,Cave Troll,Minions of Sauron,high,Warrior,Warrior,Wrecker,low,,,,,,,,,,,,,,,,,,,,classified,no,no,,,,,0,0,0,,,no,0,,0,,no,no
char_rumptsais,Rumptsais,rumptsais,player_0165,Athela,Athela,medium,evidence_player_group_0165,Orc,Tarkhnarb,Minions of Sauron,high,Thief,Thief,Cut-Throat,medium,,,Possibly orc-only; uncertain,,,,,,,,,,,,,,,,,classified,no,no,,,,,0,0,0,,,no,0,,0,,no,no
char_runk,Runk,runk,player_0098,Dragor,Dragor,medium,evidence_player_group_0098,,,,,,,,,,,,,,,,,,,,,,,,,,,,no_whois_classification,no,no,,,,,0,0,0,,,no,0,,0,,yes,yes
char_ruul,Ruul,ruul,player_0013,Farin,Farin,medium,evidence_player_group_0013,Orc,Tarkhnarb,Minions of Sauron,high,Cleric,Cleric,Necromancer,high,,,,,,,,,,,,,,,,,,,,classified,no,no,,,,,0,0,0,,,no,0,,0,,no,no
char_ryu,Ryu,ryu,player_0058,Steele,Steele [Dan],medium,evidence_player_group_0058,Hobbit,,Free Peoples,medium,,,,,,,,,,,,,,,,,,,,,,,,race_only,no,no,,,,,0,0,0,,,no,0,,0,,no,no
char_rza,Rza,rza,player_0045,Rza,Rza,medium,evidence_player_group_0045,Dwarf,,Free Peoples,medium,,,,,,,,,,,,,,,,,,,,,,,,race_only,no,no,,,,,0,0,0,,,no,0,,0,,no,no
char_s_in,S in,s-in,player_0152,Celo,Celo,medium,evidence_player_group_0152,,,,,,,,,,,,,,,,,,,,,,,,,,,,no_whois_classification,no,no,,,,,0,0,0,,,no,0,,0,,yes,yes
char_sabadon,Sabadon,sabadon,player_0038,Sabadon,Sabadon,medium,evidence_player_group_0038,Maia,,Immortals,high,Wright,Wright,Wright,high,,,,,,,Maia,M,Wright,current,Maia,no,no,2026_06_16_current_immortals,MUME current immortal list,List current as of 2026-06-16,immortal_2026_06_16_current_immortals_sabadon_44_listed_current_immortal,candidate,Copied by Lewis. (+m) means the immortal is also a Maiar Muddler / muddle code contributor.,immortal,yes,yes,data/evidence/whois_display/html/sabadon.html,data/evidence/whois_display/text/sabadon.txt,mha:sabadon:1781605705:a2da2b88,high,0,0,0,,,yes,2,10.5,0,,no,no
char_saber,Saber,saber,player_0100,Quillis,Quillis,medium,evidence_player_group_0100,Dwarf,,Free Peoples,medium,,,,,,,,,,,,,,,,,,,,,,,,race_only,no,no,,,,,0,0,0,,,no,0,,0,,no,no
char_sabish,Sabish,sabish,player_0166,Bodhran,Bodhran,medium,evidence_player_group_0166,Orc,,Minions of Sauron,high,Warrior,Warrior,Battlemaster,high,,,,,,,,,,,,,,,,,,,,classified,no,no,,,,,0,0,0,,,no,0,,0,,no,no
char_sabu,Sabu,sabu,player_0092,Basha,Basha,medium,evidence_player_group_0092,,,,,,,,,,,,,,,,,,,,,,,,,,,,no_whois_classification,no,no,,,,,0,0,0,,,no,0,,0,,yes,yes
char_saemo,Saemo,saemo,player_0192,Moonshade,Moonshade [Alex],medium,evidence_player_group_0192,Hobbit,,Free Peoples,medium,,,,,,,,,,,,,,,,,,,,,,,,race_only,no,no,,,,,0,0,0,,,no,0,,0,,no,no
char_saeth,Saeth,saeth,player_0064,Saeth,Saeth [Wojtek],medium,evidence_player_group_0064,Maia,,Immortals,high,Cartographer,Cartographer,Cartographer,high,,,,,,,Maia,M,Cartographer,current,Maia,no,no,2026_06_16_current_immortals,MUME current immortal list,List current as of 2026-06-16,immortal_2026_06_16_current_immortals_saeth_91_listed_current_immortal,candidate,Copied by Lewis. (+m) means the immortal is also a Maiar Muddler / muddle code contributor.,immortal,yes,yes,data/evidence/whois_display/html/saeth.html,data/evidence/whois_display/text/saeth.txt,mha:saeth:1781605729:4c0f2af7,high,0,0,0,,,no,0,,0,,no,no
char_sai,Sai,sai,player_0094,Almarian,Almarian,medium,evidence_player_group_0094,,,,,,,,,,,,,,,,,,,,,,,,,,,,no_whois_classification,no,no,,,,,0,0,0,,,no,0,,0,,yes,yes
char_saint,Saint,saint,player_0007,Diamonium,Diamonium,medium,evidence_player_group_0007,Man,Dúnedain,Free Peoples,medium,Magic-user,Magic-user,Scholar,high,,,,,,,,,,,,,,,,,,,,classified,no,no,,,,,0,0,0,,,no,0,,0,,no,no
char_sakuolts,Sakuolts,sakuolts,player_0091,Aris,Aris,medium,evidence_player_group_0091,Half-Elf,,Free Peoples,medium,,,,,,,,,,,,,,,,,,,,,,,,race_only,no,no,,,,,0,0,0,,,no,0,,0,,no,no
char_sakura,Sakura,sakura,player_0139,Naga,Naga,medium,evidence_player_group_0139,Elf,Sindarin,Free Peoples,medium,Magic-user,Magic-user,Scholar,high,,,,,,,,,,,,,,,,,,,,classified,no,no,,,,,0,0,0,,,no,0,,0,,no,no
char_salas,Salas,salas,player_0033,Ginlon,Ginlon,medium,evidence_player_group_0033,,,,,,,,,,,,,,,,,,,,,,,,,,,,no_whois_classification,no,no,,,,,0,0,0,,,no,0,,0,,yes,yes
char_salmar,Salmar,salmar,player_0052,Salmar,Salmar,medium,evidence_player_group_0052,Maia,,Immortals,high,,,,,,,,,,,Maia,M,,retired,Boardreader,no,no,2026_06_16_retired_immortals,MUME retired immortal list,List current as of 2026-06-16,immortal_2026_06_16_retired_immortals_salmar_690_listed_retired_immortal,candidate,Copied by Lewis. Includes Boardreaders and honorary True Legend entry for Norsu.,immortal,yes,yes,data/evidence/whois_display/html/salmar.html,data/evidence/whois_display/text/salmar.txt,mha:salmar:1781605740:ab3bb89d,high,0,0,0,,,no,0,,0,,no,no
char_salta,Salta,salta,player_0060,Amandil,Amandil,medium,evidence_player_group_0060,Orc,,Minions of Sauron,high,,,,,,,,,,,,,,,,,,,,,,,,race_only,no,no,,,,,0,0,0,,,no,0,,0,,no,no
char_san,San,san,player_0192,Moonshade,Moonshade [Alex],medium,evidence_player_group_0192,Man,Dúnedain,Free Peoples,medium,Warrior,Warrior,Battlemaster,high,,,,,,,,,,,,,,,,,,,,classified,no,no,,,,,0,0,0,,,no,0,,0,,no,no
char_santana,Santana,santana,player_0190,Gray,Gray [Gray],medium,evidence_player_group_0190,Orc,Tarkhnarb,Minions of Sauron,high,Thief,Thief,Assassin,high,,,,,,,,,,,,,,,,,,,,classified,no,no,,,,,0,0,0,,,no,0,,0,,no,no
char_sarah,Sarah,sarah,player_0001,Rogon,Rogon,medium,evidence_player_group_0001,Elf,,Free Peoples,medium,,,,,,,,,,,,,,,,,,,,,,,,race_only,no,no,,,,,0,0,0,,,no,0,,0,,no,no
char_sardaukar,Sardaukar,sardaukar,player_0028,Enforcer,Enforcer [Ert],medium,evidence_player_group_0028,Orc,,Minions of Sauron,high,,,,,,,,,,,,,,,,,,,,,,,,race_only,no,no,,,,,0,0,0,,,no,0,,0,,no,no
char_scaramanga,Scaramanga,scaramanga,player_0070,Heldo,Heldo [Jens],medium,evidence_player_group_0070,,,,,,,,,,,,,,,,,,,,,,,,,,,,no_whois_classification,no,no,,,,,0,0,0,,,no,0,,0,,yes,yes
char_schmidt,Schmidt,schmidt,player_0057,Kenzu,Kenzu,medium,evidence_player_group_0057,Half-Elf,,Free Peoples,medium,General,General,Chieftain,medium,90%-100% Leadership,,,,,,,,,,,,,,,,,,,classified,no,no,,,,,0,0,0,,,no,0,,0,,no,no
char_scorn,Scorn,scorn,player_0017,Alkar,Alkar,medium,evidence_player_group_0017,Orc,Tarkhnarb,Minions of Sauron,high,Warrior,Warrior,Battlemaster,high,,,,,,,,,,,,,,,,,,,,classified,no,no,,,,,0,0,0,,,no,0,,0,,no,no
char_scorpio,Scorpio,scorpio,player_0201,Omen,Omen [Alexander],medium,evidence_player_group_0201,Elf,,Free Peoples,medium,,,,,,,,,,,,,,,,,,,,,,,,race_only,no,no,,,,,0,0,0,,,no,0,,0,,no,no
char_scotty,Scotty,scotty,player_0109,Nighthawk,Nighthawk,medium,evidence_player_group_0109,Elf,,Free Peoples,medium,,,,,,,,,,,,,,,,,,,,,,,,race_only,no,no,,,,,0,0,0,,,no,0,,0,,no,no
char_scrape,Scrape,scrape,player_0027,Drugar,Drugar,medium,evidence_player_group_0027,Dwarf,,Free Peoples,medium,General,General,Chieftain,medium,90%-100% Leadership,,,,,,,,,,,,,,,,,,,classified,no,no,,,,,0,0,0,,,no,0,,0,,no,no
char_scythe,Scythe,scythe,player_0088,Bulldozer,Bulldozer,medium,evidence_player_group_0088,,,,,,,,,,,,,,,,,,,,,,,,,,,,no_whois_classification,no,no,,,,,0,0,0,,,no,0,,0,,yes,yes
char_seek,Seek,seek,player_0110,Fredde,Fredde [Fredde],medium,evidence_player_group_0110,Orc,Tarkhnarb,Minions of Sauron,high,Thief,Thief,Footpad,high,,,,,,,,,,,,,,,,,,,,classified,no,no,,,,,0,0,0,,,no,0,,0,,no,no
char_seethe,Seethe,seethe,player_0153,Gloha,Gloha,medium,evidence_player_group_0153,Orc,,Minions of Sauron,high,,,,,,,,,,,,,,,,,,,,,,,,race_only,no,no,,,,,0,0,0,,,no,0,,0,,no,no
char_sehanine,Sehanine,sehanine,player_0119,Zeus,Zeus,medium,evidence_player_group_0119,Elf,,Free Peoples,medium,,,,,,,,,,,,,,,,,,,,,,,,race_only,no,no,,,,,0,0,0,,,no,0,,0,,no,no
char_selde,Selde,selde,player_0217,Beat,Beat [Joosep],medium,evidence_player_group_0217,,,,,,,,,,,,,,,,,,,,,,,,,,,,no_whois_classification,no,no,,,,,0,0,0,,,no,0,,0,,yes,yes
char_semirhage,Semirhage,semirhage,player_0119,Zeus,Zeus,medium,evidence_player_group_0119,Man,Black Númenórean,Minions of Sauron,high,,,,,,,,,,,,,,,,,,,,,,,,race_only,no,no,,,,,0,0,0,,,no,0,,0,,no,no
char_serate,Serate,serate,player_0013,Farin,Farin,medium,evidence_player_group_0013,Orc,Tarkhnarb,Minions of Sauron,high,Thief,Thief,Scout,high,,,,,,,,,,,,,,,,,,,,classified,no,no,,,,,0,0,0,,,no,0,,0,,no,no
char_serion,Serion,serion,player_0037,Bobbie,Bobbie,medium,evidence_player_group_0037,Elf,,Free Peoples,medium,,,,,,,,,,,,,,,,,,,,,,,,race_only,no,no,,,,,0,0,0,,,no,0,,0,,no,no
char_sethron,Sethron,sethron,player_0216,Grunge,Grunge,medium,evidence_player_group_0216,Half-Elf,,Free Peoples,medium,,,,,,,,,,,,,,,,,,,,,,,,race_only,no,no,,,,,0,0,0,,,no,0,,0,,no,no
char_shades,Shades,shades,,,,,,Orc,,Minions of Sauron,high,,,,,,,,,,,,,,,,,,,,,,,,race_only,no,no,,,,,0,0,0,,,no,0,,0,,no,no
char_shadoh,Shadoh,shadoh,player_0177,Bearclaw,Bearclaw,medium,evidence_player_group_0177,Half-Elf,,Free Peoples,medium,,,,,,,,,,,,,,,,,,,,,,,,race_only,no,no,,,,,0,0,0,,,no,0,,0,,no,no
char_shadrach,Shadrach,shadrach,player_0040,Shadrach,Shadrach,medium,evidence_player_group_0040,Orc,,Minions of Sauron,high,,,,,,,,,,,,,,,,,,,,,,,,race_only,no,no,,,,,0,0,0,,,no,0,,0,,no,no
char_shaff,Shaff,shaff,player_0087,Bounty,Bounty,medium,evidence_player_group_0087,,,,,,,,,,,,,,,,,,,,,,,,,,,,no_whois_classification,no,no,,,,,0,0,0,,,no,0,,0,,yes,yes
char_shagra,Shagra,shagra,player_0096,Voile,Voile,medium,evidence_player_group_0096,Orc,,Minions of Sauron,high,,,,,,,,,,,,,,,,,,,,,,,,race_only,no,no,,,,,0,0,0,,,no,0,,0,,no,no
char_shagrath,Shagrath,shagrath,player_0132,Shagrath,Shagrath,medium,evidence_player_group_0132,Elf,,Free Peoples,medium,,,,,,,,,,,,,,,,,,,,,,,,race_only,no,no,,,,,0,0,0,,,no,0,,1,low:1,no,yes
char_shaigan,Shaigan,shaigan,player_0024,Decoy,Decoy [Peter],medium,evidence_player_group_0024,Dwarf,,Free Peoples,medium,,,,,,,,,,,,,,,,,,,,,,,,race_only,no,no,,,,,0,0,0,,,no,0,,0,,no,no
char_shaitan,Shaitan,shaitan,player_0201,Omen,Omen [Alexander],medium,evidence_player_group_0201,Man,Black Númenórean,Minions of Sauron,high,,,,,,,,,,,,,,,,,,,,,,,,race_only,no,no,,,,,0,0,0,,,no,0,,0,,no,no
char_shala,Shala,shala,player_0131,Feagil,Feagil,medium,evidence_player_group_0131,Elf,Silvan,Free Peoples,medium,General,General,Hero,medium,,,,,,,,,,,,,,,,,,,,classified,no,no,,,,,0,0,0,,,no,0,,1,low:1,no,yes
char_shaolin,Shaolin,shaolin,player_0180,Evandaar,Evandaar [Daniel],medium,evidence_player_group_0180,,,,,,,,,,,,,,,,,,,,,,,,,,,,no_whois_classification,no,no,,,,,0,0,0,,,no,0,,0,,yes,yes
char_sharaaz,Sharaaz,sharaaz,player_0119,Zeus,Zeus,medium,evidence_player_group_0119,Orc,,Minions of Sauron,high,,,,,,,,,,,,,,,,,,,,,,,,race_only,no,no,,,,,0,0,0,,,no,0,,0,,no,no
char_sharan,Sharan,sharan,player_0011,Lancelot,Lancelot [Andreas],medium,evidence_player_group_0011,,,,,,,,,,,,,,,,,,,,,,,,,,,,no_whois_classification,no,no,,,,,0,0,0,,,no,0,,0,,yes,yes
char_sharg,Sharg,sharg,player_0162,Hudson,Hudson,medium,evidence_player_group_0162,Orc,,Minions of Sauron,high,,,,,,,,,,,,,,,,,,,,,,,,race_only,no,no,,,,,0,0,0,,,no,0,,0,,no,no
char_sharghl,Sharghl,sharghl,player_0066,Tram,Tram,medium,evidence_player_group_0066,,,,,,,,,,,,,,,,,,,,,,,,,,,,no_whois_classification,no,no,,,,,0,0,0,,,no,0,,0,,yes,yes
char_sharmak,Sharmak,sharmak,player_0081,Vassago,Vassago,medium,evidence_player_group_0081,Orc,,Minions of Sauron,high,,,,,,,,,,,,,,,,,,,,,,,,race_only,no,no,,,,,0,0,0,,,no,0,,0,,no,no
char_shartomb,Shartomb,shartomb,player_0038,Sabadon,Sabadon,medium,evidence_player_group_0038,Orc,,Minions of Sauron,high,,,,,,,,,,,,,,,,,,,,,,,,race_only,no,no,,,,,0,0,0,,,no,0,,0,,no,no
char_shashakar,Shashakar,shashakar,player_0222,Mukami,Mukami,medium,evidence_player_group_0222,,,,,,,,,,,,,,,,,,,,,,,,,,,,no_whois_classification,no,no,,,,,0,0,0,,,no,0,,0,,yes,yes
char_shathur,Shathur,shathur,player_0036,Atlas,Atlas,medium,evidence_player_group_0036,Dwarf,,Free Peoples,medium,Warrior,Warrior,Weaponsmaster,high,Unknown percent in at least two weapon skills,,,,,,,,,,,,,,,,,,,classified,no,no,,,,,0,0,0,,,no,0,,0,,no,no
char_sheol,Sheol,sheol,player_0008,Fingeror,Fingeror [Jocke],medium,evidence_player_group_0008,Troll,Hill Troll,Minions of Sauron,high,Warrior,Warrior,Brute,low,,,,,,,,,,,,,,,,,,,,classified,no,no,,,,,0,0,0,,,no,0,,0,,no,no
char_shimmer,Shimmer,shimmer,player_0094,Almarian,Almarian,medium,evidence_player_group_0094,Man,Dúnedain,Free Peoples,medium,General,General,Adventurer,medium,,,,,,,,,,,,,,,,,,,,classified,no,no,,,,,0,0,0,,,no,0,,0,,no,no
char_shorty,Shorty,shorty,player_0054,Deor,Deor,medium,evidence_player_group_0054,Hobbit,,Free Peoples,medium,,,,,,,,,,,,,,,,,,,,,,,,race_only,no,no,,,,,0,0,0,,,no,0,,0,,no,no
char_shravl,Shravl,shravl,player_0137,Tear,Tear,medium,evidence_player_group_0137,,,,,,,,,,,,,,,,,,,,,,,,,,,,no_whois_classification,no,no,,,,,0,0,0,,,no,0,,0,,yes,yes
char_shrew,Shrew,shrew,player_0058,Steele,Steele [Dan],medium,evidence_player_group_0058,Man,Black Númenórean,Minions of Sauron,high,,,,,,,,,,,,,,,,,,,,,,,,race_only,no,no,,,,,0,0,0,,,no,0,,0,,no,no
char_shriek,Shriek,shriek,player_0057,Kenzu,Kenzu,medium,evidence_player_group_0057,Man,Black Númenórean,Minions of Sauron,high,,,,,,,,,,,,,,,,,,,,,,,,race_only,no,no,,,,,0,0,0,,,no,0,,0,,no,no
char_shrimp,Shrimp,shrimp,player_0076,Bigger,Bigger [Jakob],medium,evidence_player_group_0076,Orc,,Minions of Sauron,high,,,,,,,,,,,,,,,,,,,,,,,,race_only,no,no,,,,,0,0,0,,,no,0,,0,,no,no
char_sibur,Sibur,sibur,player_0213,Sibur,Sibur [Maxim],medium,evidence_player_group_0213,,,,,,,,,,,,,,,,,,,,,,,,,,,,no_whois_classification,no,no,,,,,0,0,0,,,no,0,,0,,yes,yes
char_sikander,Sikander,sikander,player_0038,Sabadon,Sabadon,medium,evidence_player_group_0038,Man,,Free Peoples,medium,,,,,,,,,,,,,,,,,,,,,,,,race_only,no,no,,,,,0,0,0,,,no,0,,0,,no,no
char_sil,Sil,sil,player_0022,Moonparent,Moonparent [David],medium,evidence_player_group_0022,Elf,Silvan,Free Peoples,medium,Cleric,Cleric,Master Healer,high,,,,,,,,,,,,,,,,,,,,classified,no,no,,,,,3,0,0,comma_name_list:3,Strength; Bless; Enchant,no,0,,0,,no,yes
char_silencio,Silencio,silencio,player_0188,Aiele,Aiele [Joel],medium,evidence_player_group_0188,Elf,Sindarin,Free Peoples,medium,Magic-user,Magic-user,Warlock,high,,,,,male,medium,,,,,,,,,,,,,,classified,no,no,,,,,2,0,0,quoted_speaker:2,Norwen,no,0,,0,,no,yes
char_silenoz,Silenoz,silenoz,player_0132,Shagrath,Shagrath,medium,evidence_player_group_0132,Maia,,Immortals,high,,,,,,,,,,,Maia,M,,retired,Boardreader,no,no,2026_06_16_retired_immortals,MUME retired immortal list,List current as of 2026-06-16,immortal_2026_06_16_retired_immortals_silenoz_707_listed_retired_immortal,candidate,Copied by Lewis. Includes Boardreaders and honorary True Legend entry for Norsu.,immortal,yes,yes,data/evidence/whois_display/html/silenoz.html,data/evidence/whois_display/text/silenoz.txt,mha:silenoz:1781605894:3f2060dc,high,0,0,0,,,no,0,,0,,no,no
char_sillian,Sillian,sillian,player_0074,Tardeer,Tardeer [Silverberg],medium,evidence_player_group_0074,,,,,,,,,,,,,,,,,,,,,,,,,,,,no_whois_classification,no,no,,,,,0,0,0,,,no,0,,0,,yes,yes
char_silmarin,Silmarin,silmarin,player_0192,Moonshade,Moonshade [Alex],medium,evidence_player_group_0192,Elf,,Free Peoples,medium,,,,,,,,,,,,,,,,,,,,,,,,race_only,no,no,,,,,0,0,0,,,no,0,,0,,no,no
char_simba,Simba,simba,player_0050,Simba,Simba,medium,evidence_player_group_0050,Man,Beorning,Free Peoples,medium,General,General,Adventurer,medium,,,,,,,,,,,,,,,,,,,,classified,no,no,,,,,0,0,0,,,no,0,,0,,no,no
char_sindorie,Sindorie,sindorie,player_0094,Almarian,Almarian,medium,evidence_player_group_0094,,,,,,,,,,,,,,,,,,,,,,,,,,,,no_whois_classification,no,no,,,,,0,0,0,,,no,0,,0,,yes,yes
char_singha,Singha,singha,player_0150,Aseff,Aseff,medium,evidence_player_group_0150,,,,,,,,,,,,,,,,,,,,,,,,,,,,no_whois_classification,no,no,,,,,0,0,0,,,no,0,,0,,yes,yes
char_sinner,Sinner,sinner,player_0094,Almarian,Almarian,medium,evidence_player_group_0094,Troll,,Minions of Sauron,high,,,,,,,,,,,,,,,,,,,,,,,,race_only,no,no,,,,,0,0,0,,,yes,1,35.0,0,,no,no
char_sirael,Sirael,sirael,player_0005,Praiodan,Praiodan [Tomas],medium,evidence_player_group_0005,Elf,,Free Peoples,medium,,,,,,,,,,,,,,,,,,,,,,,,race_only,no,no,,,,,0,0,0,,,no,0,,0,,no,no
char_siriala,Siriala,siriala,player_0047,Idun,Idun,medium,evidence_player_group_0047,Half-Elf,,Free Peoples,medium,Magic-user,Magic-user,Scholar,high,,,,,,,,,,,,,,,,,,,,classified,no,no,,,,,0,0,0,,,no,0,,0,,no,no
char_siroth,Siroth,siroth,player_0061,Siroth,Siroth,medium,evidence_player_group_0061,Elf,Sindarin,Free Peoples,medium,General,General,Hero,medium,,,,,,,,,,,,,,,,,,,,classified,no,no,,,,,0,0,0,,,no,0,,0,,no,no
char_sisalik,Sisalik,sisalik,player_0090,Rayden,Rayden,medium,evidence_player_group_0090,Elf,Silvan,Free Peoples,medium,General,General,Rider,medium,90% Ride,,,,,,,,,,,,,,,,,,,classified,no,no,,,,,0,0,0,,,no,0,,0,,no,no
char_sistina,Sistina,sistina,player_0110,Fredde,Fredde [Fredde],medium,evidence_player_group_0110,Elf,,Free Peoples,medium,,,,,,,,,,,,,,,,,,,,,,,,race_only,no,no,,,,,0,0,0,,,no,0,,0,,no,no
char_sivanor,Sivanor,sivanor,player_0012,Axel,Axel [Axel],medium,evidence_player_group_0012,Elf,Silvan,Free Peoples,medium,Thief,Thief,Hunter,medium,,,,,,,,,,,,,,,,,,,,classified,no,no,,,,,0,0,0,,,no,0,,0,,no,no
char_skip,Skip,skip,player_0018,Feanor,Feanor,medium,evidence_player_group_0018,Orc,,Minions of Sauron,high,,,,,,,,,,,,,,,,,,,,,,,,race_only,no,no,,,,,0,0,0,,,no,0,,0,,no,no
char_skitz,Skitz,skitz,player_0054,Deor,Deor,medium,evidence_player_group_0054,Man,,Free Peoples,medium,,,,,,,,,,,,,,,,,,,,,,,,race_only,no,no,,,,,0,0,0,,,no,0,,0,,no,no
char_skud,Skud,skud,player_0220,Strine,Strine,medium,evidence_player_group_0220,Troll,Hill Troll,Minions of Sauron,high,Warrior,Warrior,Warrior,medium,,,,,,,,,,,,,,,,,,,,parser_suspect_or_custom_descriptor,no,no,,,,,0,0,0,,,no,0,,0,,yes,yes
char_skyfire,Skyfire,skyfire,player_0003,Burb,Burb,medium,evidence_player_group_0003,Half-Elf,,Free Peoples,medium,Warrior,Warrior,Battlemaster,high,,,,,,,,,,,,,,,,,,,,classified,no,no,,,,,0,0,0,,,no,0,,0,,no,no
char_slobber,Slobber,slobber,player_0161,Halir,Halir,medium,evidence_player_group_0161,Troll,Cave Troll,Minions of Sauron,high,Warrior,Warrior,Warrior,medium,,,,,,,,,,,,,,,,,,,,classified,no,no,,,,,0,0,0,,,yes,1,17.5,0,,no,no
char_sloo,Sloo,sloo,player_0124,Sloo,Sloo,medium,evidence_player_group_0124,,,,,,,,,,,,,,,,,,,,,,,,,,,,no_whois_classification,no,no,,,,,0,0,0,,,no,0,,0,,yes,yes
char_sloshed,Sloshed,sloshed,player_0101,Healy,Healy,medium,evidence_player_group_0101,Orc,Tarkhnarb,Minions of Sauron,high,Warrior,Warrior,Battlemaster,high,,,,,,,,,,,,,,,,,,,,classified,no,no,,,,,0,0,0,,,no,0,,1,low:1,no,yes
char_sloth,Sloth,sloth,player_0134,Chauncey,Chauncey,medium,evidence_player_group_0134,Man,Eriadorian,Free Peoples,medium,Thief,Thief,Scout,high,,,,,,,,,,,,,,,,,,,,classified,no,no,,,,,0,0,0,,,no,0,,0,,no,no
char_smallfist,Smallfist,smallfist,player_0006,Chavez,Chavez,medium,evidence_player_group_0006,Troll,,Minions of Sauron,high,,,,,,,,,,,,,,,,,,,,,,,,race_only,no,no,,,,,0,0,0,,,no,0,,0,,no,no
char_smasher,Smasher,smasher,player_0102,Naredhel,Naredhel,medium,evidence_player_group_0102,Troll,Cave Troll,Minions of Sauron,high,Warrior,Warrior,Smasher,low,,,,,,,,,,,,,,,,,,,,classified,no,no,,,,,0,0,0,,,no,0,,0,,no,no
char_smitsy,Smitsy,smitsy,player_0217,Beat,Beat [Joosep],medium,evidence_player_group_0217,Hobbit,Stoor,Free Peoples,medium,Warrior,Warrior,Battlemaster,high,,,,,,,,,,,,,,,,,,,,classified,no,no,,,,,0,0,0,,,no,0,,0,,no,no
char_smoke,Smoke,smoke,player_0017,Alkar,Alkar,medium,evidence_player_group_0017,Troll,Mountain Troll,Minions of Sauron,high,Warrior,Warrior,Warrior,medium,,,,,,,,,,,,,,,,,,,,classified,no,no,,,,,0,0,0,,,no,0,,0,,no,no
char_smrtak,Smrtak,smrtak,player_0019,Luke,Luke,medium,evidence_player_group_0019,Orc,Tarkhnarb,Minions of Sauron,high,Warrior,Warrior,Battlemaster,high,,,,,,,,,,,,,,,,,,,,classified,no,no,,,,,0,0,0,,,no,0,,0,,no,no
char_smrtihlav,Smrtihlav,smrtihlav,player_0019,Luke,Luke,medium,evidence_player_group_0019,Orc,Tarkhnarb,Minions of Sauron,high,Warrior,Warrior,Veteran,high,,,,,,,,,,,,,,,,,,,,classified,no,no,,,,,0,0,0,,,no,0,,0,,no,no
char_snark,Snark,snark,player_0086,Squiffy,Squiffy,medium,evidence_player_group_0086,Troll,Cave Troll,Minions of Sauron,high,Warrior,Warrior,Brute,low,,,,,,,,,,,,,,,,,,,,classified,no,no,,,,,0,0,0,,,no,0,,0,,no,no
char_snick,Snick,snick,player_0009,Snick,Snick [Johan],medium,evidence_player_group_0009,Dwarf,,Free Peoples,medium,Warrior,Warrior,Battlemaster,high,,,,,,,,,,,,,,,,,,,,classified,no,no,,,,,0,0,0,,,no,0,,0,,no,no
char_snicker,Snicker,snicker,player_0126,Deris,Deris,medium,evidence_player_group_0126,Man,Black Númenórean,Minions of Sauron,high,Magic-user,Magic-user,Wizard,high,,,,,,,,,,,,,,,,,,,,classified,no,no,,,,,0,0,0,,,no,0,,0,,no,no
char_snigel,Snigel,snigel,player_0071,Marre,Marre [Martin],medium,evidence_player_group_0071,,,,,,,,,,,,,,,,,,,,,,,,,,,,no_whois_classification,no,no,,,,,0,0,0,,,no,0,,0,,yes,yes
char_snooker,Snooker,snooker,player_0037,Bobbie,Bobbie,medium,evidence_player_group_0037,Orc,,Minions of Sauron,high,,,,,,,,,,,,,,,,,,,,,,,,race_only,no,no,,,,,0,0,0,,,yes,1,12.5,0,,no,no
char_snork,Snork,snork,player_0086,Squiffy,Squiffy,medium,evidence_player_group_0086,Orc,Tarkhnarb,Minions of Sauron,high,General,General,Champion,medium,,,,,,,,,,,,,,,,,,,,classified,no,no,,,,,0,0,0,,,no,0,,0,,no,no
char_snotty,Snotty,snotty,player_0011,Lancelot,Lancelot [Andreas],medium,evidence_player_group_0011,Orc,,Minions of Sauron,high,,,,,,,,,,,,,,,,,,,,,,,,race_only,no,no,,,,,0,0,0,,,no,0,,0,,no,no
char_snowball,Snowball,snowball,player_0067,David,David [David],medium,evidence_player_group_0067,Man,Black Númenórean,Minions of Sauron,high,,,,,,,,,,,,,,,,,,,,,,,,race_only,no,no,,,,,0,0,0,,,no,0,,1,medium:1,no,yes
char_snowy,Snowy,snowy,player_0041,Zeroth,Zeroth,medium,evidence_player_group_0041,Elf,Noldorin,Free Peoples,medium,Magic-user,Magic-user,Wizard,high,,,,,,,,,,,,,,,,,,,,classified,no,no,,,,,0,0,0,,,no,0,,0,,no,no
char_snuggles,Snuggles,snuggles,player_0098,Dragor,Dragor,medium,evidence_player_group_0098,Orc,Tarkhnarb,Minions of Sauron,high,General,General,Champion,medium,,,,,,,,,,,,,,,,,,,,classified,no,no,,,,,0,0,0,,,no,0,,0,,no,no
char_soerd,Soerd,soerd,player_0030,Manatark,Manatark [Kaido],medium,evidence_player_group_0030,Orc,Tarkhnarb,Minions of Sauron,high,Warrior,Warrior,Soldier,high,,,,,,,,,,,,,,,,,,,,classified,no,no,,,,,0,0,0,,,no,0,,0,,no,no
char_sofinia,Sofinia,sofinia,player_0145,Rebeka,Rebeka,medium,evidence_player_group_0145,Elf,,Free Peoples,medium,,,,,,,,,,,,,,,,,,,,,,,,race_only,no,no,,,,,0,0,0,,,no,0,,0,,no,no
char_sookoll,Sookoll,sookoll,player_0187,Cano,Cano [Tanel],medium,evidence_player_group_0187,Troll,,Minions of Sauron,high,,,,,,,,,,,,,,,,,,,,,,,,race_only,no,no,,,,,0,0,0,,,no,0,,0,,no,no
char_soother,Soother,soother,player_0112,Reef,Reef,medium,evidence_player_group_0112,Orc,,Minions of Sauron,high,,,,,,,,,,,,,,,,,,,,,,,,race_only,no,no,,,,,0,0,0,,,no,0,,0,,no,no
char_sophia,Sophia,sophia,player_0029,Faint,Faint,medium,evidence_player_group_0029,Man,Black Númenórean,Minions of Sauron,high,,,,,,,,,,,,,,,,,,,,,,,,race_only,no,no,,,,,0,0,0,,,no,0,,0,,no,no
char_sophiajansson,Sophiajansson,sophiajansson,player_0029,Faint,Faint,medium,evidence_player_group_0029,Man,Black Númenórean,Minions of Sauron,high,,,,,,,,,,,,,,,,,,,,,,,,race_only,no,no,,,,,0,0,0,,,no,0,,0,,no,no
char_space,Space,space,player_0019,Luke,Luke,medium,evidence_player_group_0019,Orc,Tarkhnarb,Minions of Sauron,high,Cleric,Cleric,Necromancer,high,,,,,,,,,,,,,,,,,,,,classified,no,no,,,,,0,0,0,,,no,0,,0,,no,no
char_spark,Spark,spark,player_0004,Wow,Wow,medium,evidence_player_group_0004,Dwarf,,Free Peoples,medium,General,General,Ranger,medium,High Track; exact requirement uncertain and probably not 100%+,,,,,,,,,,,,,,,,,,,classified,no,no,,,,,0,0,0,,,no,0,,0,,no,no
char_spears,Spears,spears,player_0105,Crysania,Crysania,medium,evidence_player_group_0105,Troll,,Minions of Sauron,high,,,,,,,,,,,,,,,,,,,,,,,,race_only,no,no,,,,,0,0,0,,,yes,1,5.0,0,,no,no
char_spiffdark,Spiffdark,spiffdark,player_0185,Buggar,Buggar [Adam],medium,evidence_player_group_0185,,,,,,,,,,,,,,,,,,,,,,,,,,,,no_whois_classification,no,no,,,,,0,0,0,,,no,0,,0,,yes,yes
char_spinner,Spinner,spinner,player_0151,Poppis,Poppis,medium,evidence_player_group_0151,Orc,,Minions of Sauron,high,,,,,,,,,,,,,,,,,,,,,,,,race_only,no,no,,,,,0,0,0,,,no,0,,1,low:1,no,yes
char_spiritus,Spiritus,spiritus,player_0155,Bellows,Bellows [Matt],medium,evidence_player_group_0155,,,,,,,,,,,,,,,,,,,,,,,,,,,,no_whois_classification,no,no,,,,,0,0,0,,,no,0,,0,,yes,yes
char_splat,Splat,splat,player_0017,Alkar,Alkar,medium,evidence_player_group_0017,Troll,Hill Troll,Minions of Sauron,high,Warrior,Warrior,Warrior,medium,,,,,,,,,,,,,,,,,,,,classified,no,no,,,,,0,0,0,,,no,0,,0,,no,no
char_splatter,Splatter,splatter,player_0047,Idun,Idun,medium,evidence_player_group_0047,Orc,Tarkhnarb,Minions of Sauron,high,Warrior,Warrior,Veteran,high,,,,,,,,,,,,,,,,,,,,classified,no,no,,,,,0,0,0,,,no,0,,0,,no,no
char_spooky,Spooky,spooky,player_0053,Hoho,Hoho,medium,evidence_player_group_0053,Orc,,Minions of Sauron,high,,,,,,,,,,,,,,,,,,,,,,,,race_only,no,no,,,,,0,0,0,,,no,0,,0,,no,no
char_spud,Spud,spud,player_0140,Spud,Spud,medium,evidence_player_group_0140,Maia,,Immortals,high,,,,,,,,,,,Maia,M,,retired,Boardreader,no,no,2026_06_16_retired_immortals,MUME retired immortal list,List current as of 2026-06-16,immortal_2026_06_16_retired_immortals_spud_723_listed_retired_immortal,candidate,Copied by Lewis. Includes Boardreaders and honorary True Legend entry for Norsu.,immortal,yes,yes,data/evidence/whois_display/html/spud.html,data/evidence/whois_display/text/spud.txt,mha:spud:1781606048:e3d29195,high,0,0,0,,,no,0,,0,,no,no
char_squasher,Squasher,squasher,player_0071,Marre,Marre [Martin],medium,evidence_player_group_0071,,,,,,,,,,,,,,,,,,,,,,,,,,,,no_whois_classification,no,no,,,,,0,0,0,,,no,0,,0,,yes,yes
char_squidgy,Squidgy,squidgy,player_0086,Squiffy,Squiffy,medium,evidence_player_group_0086,Dwarf,,Free Peoples,medium,Warrior,Warrior,Battlemaster,high,,,,,,,,,,,,,,,,,,,,classified,no,no,,,,,0,0,0,,,no,0,,0,,no,no
char_squiffy,Squiffy,squiffy,player_0086,Squiffy,Squiffy,medium,evidence_player_group_0086,Maia,,Immortals,high,Cartographer,Cartographer,Cartographer,high,,,,,,,Maia,M,Cartographer,current,Maia,no,no,2026_06_16_current_immortals,MUME current immortal list,List current as of 2026-06-16,immortal_2026_06_16_current_immortals_squiffy_95_listed_current_immortal,candidate,Copied by Lewis. (+m) means the immortal is also a Maiar Muddler / muddle code contributor.,immortal,yes,yes,data/evidence/whois_display/html/squiffy.html,data/evidence/whois_display/text/squiffy.txt,mha:squiffy:1781606054:3b67f3ca,high,0,0,0,,,no,0,,0,,no,no
char_stampe,Stampe,stampe,player_0072,Valamir,Valamir [Ole],medium,evidence_player_group_0072,,,,,,,,,,,,,,,,,,,,,,,,,,,,no_whois_classification,no,no,,,,,0,0,0,,,no,0,,0,,yes,yes
char_starobahno,Starobahno,starobahno,player_0069,Pilsner,Pilsner [Jurek],medium,evidence_player_group_0069,Dwarf,,Free Peoples,medium,General,General,Hero,medium,,,,,,,,,,,,,,,,,,,,classified,no,no,,,,,0,0,0,,,no,0,,0,,no,no
char_starsa,Starsa,starsa,player_0139,Naga,Naga,medium,evidence_player_group_0139,Man,Black Númenórean,Minions of Sauron,high,,,,,,,,,,,,,,,,,,,,,,,,race_only,no,no,,,,,0,0,0,,,no,0,,0,,no,no
char_stealthy,Stealthy,stealthy,player_0028,Enforcer,Enforcer [Ert],medium,evidence_player_group_0028,Orc,,Minions of Sauron,high,,,,,,,,,,,,,,,,,,,,,,,,race_only,no,no,,,,,0,0,0,,,no,0,,0,,no,no
char_steele,Steele,steele,player_0058,Steele,Steele [Dan],medium,evidence_player_group_0058,Maia,,Immortals,high,,,,,,,,,,,Maia,M,,retired,Boardreader,no,no,2026_06_16_retired_immortals,MUME retired immortal list,List current as of 2026-06-16,immortal_2026_06_16_retired_immortals_steele_725_listed_retired_immortal,candidate,Copied by Lewis. Includes Boardreaders and honorary True Legend entry for Norsu.,immortal,yes,yes,data/evidence/whois_display/html/steele.html,data/evidence/whois_display/text/steele.txt,mha:steele:1781606079:085ac0c7,high,0,0,0,,,no,0,,2,low:2,no,yes
char_stile,Stile,stile,player_0098,Dragor,Dragor,medium,evidence_player_group_0098,,,,,,,,,,,,,,,,,,,,,,,,,,,,no_whois_classification,no,no,,,,,0,0,0,,,no,0,,0,,yes,yes
char_stolb,Stolb,stolb,player_0196,Zomb,Zomb [Andrjuha],medium,evidence_player_group_0196,Orc,Tarkhnarb,Minions of Sauron,high,General,General,Champion,medium,,,,,,,,,,,,,,,,,,,,classified,no,no,,,,,0,0,0,,,no,0,,0,,no,no
char_stormblast,Stormblast,stormblast,player_0030,Manatark,Manatark [Kaido],medium,evidence_player_group_0030,Man,Black Númenórean,Minions of Sauron,high,,,,,,,,,,,,,,,,,,,,,,,,race_only,no,no,,,,,0,0,0,,,no,0,,0,,no,no
char_strine,Strine,strine,player_0220,Strine,Strine,medium,evidence_player_group_0220,,,,,,,,,,,,,,,,,,,,,,,,,,,,no_whois_classification,no,no,,,,,0,0,0,,,no,0,,0,,yes,yes
char_stussy,Stussy,stussy,player_0084,Kakarot,Kakarot,medium,evidence_player_group_0084,Troll,Mountain Troll,Minions of Sauron,high,,,Softskin,low,,,,,,,,,,,,,,,,,,,,generic_title_no_class,no,no,,,,,0,0,0,,,no,0,,0,,no,no
char_stylie,Stylie,stylie,player_0086,Squiffy,Squiffy,medium,evidence_player_group_0086,,,,,,,,,,,,,,,,,,,,,,,,,,,,no_whois_classification,no,no,,,,,0,0,0,,,no,0,,0,,yes,yes
char_sufur,Sufur,sufur,player_0187,Cano,Cano [Tanel],medium,evidence_player_group_0187,,,,,,,,,,,,,,,,,,,,,,,,,,,,no_whois_classification,no,no,,,,,0,0,0,,,no,0,,0,,yes,yes
char_suiram,Suiram,suiram,player_0096,Voile,Voile,medium,evidence_player_group_0096,Orc,,Minions of Sauron,high,,,,,,,,,,,,,,,,,,,,,,,,race_only,no,no,,,,,0,0,0,,,no,0,,0,,no,no
char_sunaire,Sunaire,sunaire,player_0034,Nazgum,Nazgum,medium,evidence_player_group_0034,,,,,,,,,,,,,,,,,,,,,,,,,,,,no_whois_classification,no,no,,,,,0,0,0,,,no,0,,0,,yes,yes
char_sunflower,Sunflower,sunflower,player_0063,Ling,Ling,medium,evidence_player_group_0063,Hobbit,,Free Peoples,medium,,,,,,,,,,,,,,,,,,,,,,,,race_only,no,no,,,,,0,0,0,,,no,0,,0,,no,no
char_sunshine,Sunshine,sunshine,player_0092,Basha,Basha,medium,evidence_player_group_0092,Troll,Cave Troll,Minions of Sauron,high,General,General,Adventurer,medium,,,,,,,,,,,,,,,,,,,,classified,no,no,,,,,0,0,0,,,no,0,,0,,no,no
char_svarog,Svarog,svarog,player_0200,Helga,Helga [Aleks],medium,evidence_player_group_0200,Elf,Noldorin,Free Peoples,medium,General,General,Hero,medium,,,,,,,,,,,,,,,,,,,,classified,no,no,,,,,0,0,0,,,no,0,,0,,no,no
char_svin,Svin,svin,player_0072,Valamir,Valamir [Ole],medium,evidence_player_group_0072,Orc,,Minions of Sauron,high,,,,,,,,,,,,,,,,,,,,,,,,race_only,no,no,,,,,0,0,0,,,no,0,,0,,no,no
char_swork,Swork,swork,player_0031,Swork,Swork,medium,evidence_player_group_0031,Maia,,Immortals,high,Cartographer,Cartographer,Cartographer,high,,,,,,,Maia,M,Cartographer,retired,Maia,no,no,2026_06_16_retired_immortals,MUME retired immortal list,List current as of 2026-06-16,immortal_2026_06_16_retired_immortals_swork_281_listed_retired_immortal,candidate,Copied by Lewis. Includes Boardreaders and honorary True Legend entry for Norsu.,immortal,yes,yes,data/evidence/whois_display/html/swork.html,data/evidence/whois_display/text/swork.txt,mha:swork:1781606139:1202c851,high,0,0,0,,,no,0,,0,,no,no
char_sylan,Sylan,sylan,player_0058,Steele,Steele [Dan],medium,evidence_player_group_0058,Man,Eriadorian,Free Peoples,medium,General,General,Hero,medium,,,,,,,,,,,,,,,,,,,,classified,no,no,,,,,0,0,0,,,no,0,,0,,no,no
char_taelo,Taelo,taelo,player_0213,Sibur,Sibur [Maxim],medium,evidence_player_group_0213,Hobbit,,Free Peoples,medium,,,,,,,,,,,,,,,,,,,,,,,,race_only,no,no,,,,,0,0,0,,,no,0,,0,,no,no
char_taggert,Taggert,taggert,player_0112,Reef,Reef,medium,evidence_player_group_0112,Dwarf,,Free Peoples,medium,,,,,,,,,,,,,,,,,,,,,,,,race_only,no,no,,,,,0,0,0,,,no,0,,0,,no,no
char_tagrid,Tagrid,tagrid,player_0098,Dragor,Dragor,medium,evidence_player_group_0098,,,,,,,,,,,,,,,,,,,,,,,,,,,,no_whois_classification,no,no,,,,,0,0,0,,,no,0,,0,,yes,yes
char_tagrin,Tagrin,tagrin,player_0012,Axel,Axel [Axel],medium,evidence_player_group_0012,Hobbit,Stoor,Free Peoples,medium,General,General,Hero,medium,,,,,,,,,,,,,,,,,,,,classified,no,no,,,,,0,0,0,,,no,0,,0,,no,no
char_tahkr,Tahkr,tahkr,player_0019,Luke,Luke,medium,evidence_player_group_0019,Orc,,Minions of Sauron,high,Warrior,Warrior,Battlemaster,high,,,,,,,,,,,,,,,,,,,,classified,no,no,,,,,0,0,0,,,no,0,,0,,no,no
char_tairach,Tairach,tairach,player_0005,Praiodan,Praiodan [Tomas],medium,evidence_player_group_0005,Orc,,Minions of Sauron,high,,,,,,,,,,,,,,,,,,,,,,,,race_only,no,no,,,,,0,0,0,,,no,0,,0,,no,no
char_talson,Talson,talson,player_0216,Grunge,Grunge,medium,evidence_player_group_0216,Elf,,Free Peoples,medium,,,,,,,,,,,,,,,,,,,,,,,,race_only,no,no,,,,,0,0,0,,,no,0,,0,,no,no
char_tanc,Tanc,tanc,player_0196,Zomb,Zomb [Andrjuha],medium,evidence_player_group_0196,Dwarf,,Free Peoples,medium,,,,,,,,,,,,,,,,,,,,,,,,race_only,no,no,,,,,0,0,0,,,no,0,,0,,no,no
char_tandada,Tandada,tandada,player_0200,Helga,Helga [Aleks],medium,evidence_player_group_0200,Orc,Tarkhnarb,Minions of Sauron,high,General,General,Champion,medium,,,,,,,,,,,,,,,,,,,,classified,no,no,,,,,0,0,0,,,no,0,,0,,no,no
char_tanelorn,Tanelorn,tanelorn,player_0210,Tanelorn,Tanelorn,medium,evidence_player_group_0210,Man,Dúnedain,Free Peoples,medium,General,General,Hero,medium,,,,,,,,,,,,,,,,,,,,classified,no,no,,,,,0,0,0,,,no,0,,0,,no,no
char_tarannon,Tarannon,tarannon,player_0052,Salmar,Salmar,medium,evidence_player_group_0052,Man,Black Númenórean,Minions of Sauron,high,General,General,Adventurer,medium,,,,,,,,,,,,,,,,,,,,classified,no,no,,,,,0,0,0,,,no,0,,0,,no,no
char_tardeer,Tardeer,tardeer,player_0074,Tardeer,Tardeer [Silverberg],medium,evidence_player_group_0074,Man,,Free Peoples,medium,,,,,,,,,,,,,,,,,,,,,,,,race_only,no,no,,,,,0,0,0,,,no,0,,0,,no,no
char_tars,Tars,tars,player_0071,Marre,Marre [Martin],medium,evidence_player_group_0071,Orc,,Minions of Sauron,high,,,,,,,,,,,,,,,,,,,,,,,,race_only,no,no,,,,,0,0,0,,,no,0,,1,medium:1,no,yes
char_tasa,Tasa,tasa,player_0004,Wow,Wow,medium,evidence_player_group_0004,Hobbit,Stoor,Free Peoples,medium,Warrior,Warrior,Warden,high,75% Bash,,,,,,,,,,,,,,,,,,,classified,no,no,,,,,0,0,0,,,no,0,,1,low:1,no,yes
char_tasslehoff,Tasslehoff,tasslehoff,player_0146,Dorfl,Dorfl,medium,evidence_player_group_0146,Hobbit,,Free Peoples,medium,,,,,,,,,,,,,,,,,,,,,,,,race_only,no,no,,,,,0,0,0,,,no,0,,0,,no,no
char_tauin,Tauin,tauin,player_0073,Thoirin,Thoirin [Mans],medium,evidence_player_group_0073,Dwarf,Firebeard,Free Peoples,medium,Warrior,Warrior,Battlemaster,high,,,,,,,,,,,,,,,,,,,,classified,no,no,,,,,0,0,0,,,no,0,,0,,no,no
char_taurek,Taurek,taurek,player_0050,Simba,Simba,medium,evidence_player_group_0050,Orc,,Minions of Sauron,high,,,,,,,,,,,,,,,,,,,,,,,,race_only,no,no,,,,,0,0,0,,,no,0,,0,,no,no
char_tear,Tear,tear,player_0137,Tear,Tear,medium,evidence_player_group_0137,Dwarf,,Free Peoples,medium,,,,,,,,,,,,,,,,,,,,,,,,race_only,no,no,,,,,0,0,0,,,no,0,,0,,no,no
char_teejay,Teejay,teejay,player_0177,Bearclaw,Bearclaw,medium,evidence_player_group_0177,Elf,,Free Peoples,medium,,,,,,,,,,,,,,,,,,,,,,,,race_only,no,no,,,,,0,0,0,,,no,0,,0,,no,no
char_teeny,Teeny,teeny,player_0216,Grunge,Grunge,medium,evidence_player_group_0216,,,,,,,,,,,,,,,,,,,,,,,,,,,,no_whois_classification,no,no,,,,,0,0,0,,,no,0,,0,,yes,yes
char_telith,Telith,telith,player_0187,Cano,Cano [Tanel],medium,evidence_player_group_0187,Half-Elf,,Free Peoples,medium,Cleric,Cleric,Master Healer,high,,,,,,,,,,,,,,,,,,,,classified,no,no,,,,,0,0,0,,,no,0,,0,,no,no
char_telumehtar,Telumehtar,telumehtar,player_0079,Feon,Feon [Johan],medium,evidence_player_group_0079,Man,Dúnedain,Free Peoples,medium,Warrior,Warrior,Soldier,high,,,,,,,,,,,,,,,,,,,,classified,no,no,,,,,0,0,0,,,no,0,,0,,no,no
char_temegl,Temegl,temegl,player_0135,Temegl,Temegl,medium,evidence_player_group_0135,,,,,,,,,,,,,,,,,,,,,,,,,,,,no_whois_classification,no,no,,,,,0,0,0,,,no,0,,0,,yes,yes
char_tempest,Tempest,tempest,player_0002,Ajax,Ajax,medium,evidence_player_group_0002,Man,,Free Peoples,medium,,,,,,,,,,,,,,,,,,,,,,,,race_only,no,no,,,,,0,0,0,,,no,0,,0,,no,no
char_teomyr,Teomyr,teomyr,player_0201,Omen,Omen [Alexander],medium,evidence_player_group_0201,Man,Beorning,Free Peoples,medium,Warrior,Warrior,Battlemaster,high,,,,,,,,,,,,,,,,,,,,classified,no,no,,,,,0,0,0,,,no,0,,0,,no,no
char_terendul,Terendul,terendul,player_0036,Atlas,Atlas,medium,evidence_player_group_0036,Elf,,Free Peoples,medium,,,,,,,,,,,,,,,,,,,,,,,,race_only,no,no,,,,,0,0,0,,,no,0,,0,,no,no
char_tervin,Tervin,tervin,player_0199,Roman,Roman [Roman],medium,evidence_player_group_0199,Dwarf,,Free Peoples,medium,,,,,,,,,,,,,,,,,,,,,,,,race_only,no,no,,,,,0,0,0,,,no,0,,0,,no,no
char_tessa,Tessa,tessa,player_0093,Valir,Valir [Raul],medium,evidence_player_group_0093,Orc,Tarkhnarb,Minions of Sauron,high,Warrior,Warrior,Warg-rider,low,,,,,,,,,,,,,,,,,,,,classified,no,no,,,,,0,0,0,,,no,0,,0,,no,no
char_teufel,Teufel,teufel,player_0197,Zmej,Zmej [Leha],medium,evidence_player_group_0197,Orc,,Minions of Sauron,high,,,,,,,,,,,,,,,,,,,,,,,,race_only,no,no,,,,,0,0,0,,,no,0,,0,,no,no
char_tezcatlipoca,Tezcatlipoca,tezcatlipoca,player_0049,Haazheel,Haazheel,medium,evidence_player_group_0049,Dwarf,,Free Peoples,medium,General,General,Hero,medium,,,,,,,,,,,,,,,,,,,,classified,no,no,,,,,0,0,0,,,no,0,,1,medium:1,no,yes
char_tha,Tha,tha,player_0048,Draggor,Draggor,medium,evidence_player_group_0048,Dwarf,,Free Peoples,medium,General,General,Chieftain,medium,90%-100% Leadership,,,,,,,,,,,,,,,,,,,classified,no,no,,,,,0,0,0,,,no,0,,2,medium:1; low:1,no,yes
char_thalantyr,Thalantyr,thalantyr,player_0049,Haazheel,Haazheel,medium,evidence_player_group_0049,,,,,,,,,,,,,,,,,,,,,,,,,,,,no_whois_classification,no,no,,,,,0,0,0,,,no,0,,0,,yes,yes
char_thanis,Thanis,thanis,player_0116,Kazeena,Kazeena,medium,evidence_player_group_0116,,,,,,,,,,,,,,,,,,,,,,,,,,,,no_whois_classification,no,no,,,,,0,0,0,,,no,0,,0,,yes,yes
char_thanquol,Thanquol,thanquol,player_0003,Burb,Burb,medium,evidence_player_group_0003,Orc,Tarkhnarb,Minions of Sauron,high,General,General,Champion,medium,,,,,,,,,,,,,,,,,,,,classified,no,no,,,,,0,0,0,,,no,0,,0,,no,no
char_tharain,Tharain,tharain,player_0174,Angrenfea,Angrenfea [Toivo],medium,evidence_player_group_0174,,,,,,,,,,,,,,,,,,,,,,,,,,,,no_whois_classification,no,no,,,,,0,0,0,,,no,0,,0,,yes,yes
char_tharam,Tharam,tharam,player_0067,David,David [David],medium,evidence_player_group_0067,Dwarf,,Free Peoples,medium,Warrior,Warrior,Battlemaster,high,,,,,,,,,,,,,,,,,,,,classified,no,no,,,,,0,0,0,,,yes,1,7.0,0,,no,no
char_tharl,Tharl,tharl,player_0038,Sabadon,Sabadon,medium,evidence_player_group_0038,,,,,,,,,,,,,,,,,,,,,,,,,,,,no_whois_classification,no,no,,,,,0,0,0,,,no,0,,0,,yes,yes
char_tharon,Tharon,tharon,player_0005,Praiodan,Praiodan [Tomas],medium,evidence_player_group_0005,Elf,,Free Peoples,medium,,,,,,,,,,,,,,,,,,,,,,,,race_only,no,no,,,,,0,0,0,,,no,0,,0,,no,no
char_thedeen,Thedeen,thedeen,player_0070,Heldo,Heldo [Jens],medium,evidence_player_group_0070,Man,,Free Peoples,medium,,,,,,,,,,,,,,,,,,,,,,,,race_only,no,no,,,,,0,0,0,,,no,0,,0,,no,no
char_theofur,Theofur,theofur,player_0161,Halir,Halir,medium,evidence_player_group_0161,,,,,,,,,,,,,,,,,,,,,,,,,,,,no_whois_classification,no,no,,,,,0,0,0,,,no,0,,0,,yes,yes
char_thezi,Thezi,thezi,player_0180,Evandaar,Evandaar [Daniel],medium,evidence_player_group_0180,Orc,,Minions of Sauron,high,,,,,,,,,,,,,,,,,,,,,,,,race_only,no,no,,,,,0,0,0,,,no,0,,0,,no,no
char_thilax,Thilax,thilax,player_0183,Dizz,Dizz [Tomas],medium,evidence_player_group_0183,Man,,Free Peoples,medium,,,,,,,,,,,,,,,,,,,,,,,,race_only,no,no,,,,,0,0,0,,,no,0,,0,,no,no
char_thiondash,Thiondash,thiondash,player_0005,Praiodan,Praiodan [Tomas],medium,evidence_player_group_0005,Dwarf,,Free Peoples,medium,,,,,,,,,,,,,,,,,,,,,,,,race_only,no,no,,,,,0,0,0,,,no,0,,0,,no,no
char_thoirin,Thoirin,thoirin,player_0073,Thoirin,Thoirin [Mans],medium,evidence_player_group_0073,Maia,,Immortals,high,Cartographer,Cartographer,Cartographer,high,,,,,,,Maia,M,Cartographer,current,Maia,no,no,2026_06_16_current_immortals,MUME current immortal list,List current as of 2026-06-16,immortal_2026_06_16_current_immortals_thoirin_101_listed_current_immortal,candidate,Copied by Lewis. (+m) means the immortal is also a Maiar Muddler / muddle code contributor.,immortal,yes,yes,data/evidence/whois_display/html/thoirin.html,data/evidence/whois_display/text/thoirin.txt,mha:thoirin:1781606277:f9b191fe,high,0,0,0,,,no,0,,0,,no,no
char_thonr,Thonr,thonr,player_0089,Lothlori,Lothlori,medium,evidence_player_group_0089,Elf,,Free Peoples,medium,,,,,,,,,,,,,,,,,,,,,,,,race_only,no,no,,,,,0,0,0,,,no,0,,0,,no,no
char_thorak,Thorak,thorak,player_0089,Lothlori,Lothlori,medium,evidence_player_group_0089,,,,,,,,,,,,,,,,,,,,,,,,,,,,no_whois_classification,no,no,,,,,0,0,0,,,no,0,,0,,yes,yes
char_thorny,Thorny,thorny,player_0089,Lothlori,Lothlori,medium,evidence_player_group_0089,,,,,,,,,,,,,,,,,,,,,,,,,,,,no_whois_classification,no,no,,,,,0,0,0,,,no,0,,0,,yes,yes
char_thoronwe,Thoronwe,thoronwe,player_0158,Ainafea,Ainafea,medium,evidence_player_group_0158,Elf,,Free Peoples,medium,,,,,,,,,,,,,,,,,,,,,,,,race_only,no,no,,,,,0,0,0,,,no,0,,0,,no,no
char_thorzor,Thorzor,thorzor,player_0029,Faint,Faint,medium,evidence_player_group_0029,Orc,Tarkhnarb,Minions of Sauron,high,Warrior,Warrior,Battlemaster,high,,,,,,,,,,,,,,,,,,,,classified,no,no,,,,,0,0,0,,,no,0,,0,,no,no
char_thrak,Thrak,thrak,player_0126,Deris,Deris,medium,evidence_player_group_0126,Orc,,Minions of Sauron,high,,,,,,,,,,,,,,,,,,,,,,,,race_only,no,no,,,,,0,0,0,,,no,0,,0,,no,no
char_throg,Throg,throg,player_0001,Rogon,Rogon,medium,evidence_player_group_0001,Dwarf,,Free Peoples,medium,General,General,Hero,medium,,,,,,,,,,,,,,,,,,,,classified,no,no,,,,,0,0,0,,,no,0,,0,,no,no
char_throin,Throin,throin,player_0058,Steele,Steele [Dan],medium,evidence_player_group_0058,Dwarf,,Free Peoples,medium,Warrior,Warrior,Battlemaster,high,,,,,,,,,,,,,,,,,,,,classified,no,no,,,,,0,0,0,,,no,0,,0,,no,no
char_throk,Throk,throk,player_0142,Ethar,Ethar,medium,evidence_player_group_0142,Troll,Cave Troll,Minions of Sauron,high,Warrior,Warrior,Brute,low,,,,,,,,,,,,,,,,,,,,classified,no,no,,,,,0,0,0,,,no,0,,0,,no,no
char_thror,Thror,thror,player_0107,Ares,Ares,medium,evidence_player_group_0107,Dwarf,Longbeard,Free Peoples,medium,General,General,Hero,medium,,,,,,,,,,,,,,,,,,,,classified,no,no,,,,,0,0,0,,,no,0,,0,,no,no
char_thwag,Thwag,thwag,player_0065,Wryak,Wryak [Tapio],medium,evidence_player_group_0065,Orc,Tarkhnarb,Minions of Sauron,high,Cleric,Cleric,Necromancer,high,,,,,,,,,,,,,,,,,,,,classified,no,no,,,,,0,0,0,,,no,0,,0,,no,no
char_tia,Tia,tia,player_0059,Tia,Tia,medium,evidence_player_group_0059,Dwarf,,Free Peoples,medium,Warrior,Warrior,Battlemistress,high,,,,,female,high,,,,,,,,,,,,,,classified,no,no,,,,,0,0,0,,,no,0,,0,,no,no
char_tiamat,Tiamat,tiamat,player_0143,Djinn,Djinn,medium,evidence_player_group_0143,Elf,Noldorin,Free Peoples,medium,Magic-user,Magic-user,Warlock,high,,,,,male,medium,,,,,,,,,,,,,,classified,no,no,,,,,0,0,0,,,no,0,,0,,no,no
char_tianbao,Tianbao,tianbao,player_0064,Saeth,Saeth [Wojtek],medium,evidence_player_group_0064,Half-Elf,,Free Peoples,medium,Cleric,Cleric,Patriarch,high,,,,,male,high,,,,,,,,,,,,,,classified,no,no,,,,,0,0,0,,,no,0,,0,,no,no
char_tim,Tim,tim,player_0134,Chauncey,Chauncey,medium,evidence_player_group_0134,Half-Elf,,Free Peoples,medium,,,,,,,,,,,,,,,,,,,,,,,,race_only,no,no,,,,,0,0,0,,,no,0,,0,,no,no
char_tindomerel,Tindomerel,tindomerel,player_0011,Lancelot,Lancelot [Andreas],medium,evidence_player_group_0011,Elf,Noldorin,Free Peoples,medium,General,General,Heroine,medium,,,,,female,high,,,,,,,,,,,,,,parser_suspect_or_custom_descriptor,no,no,,,,,0,0,0,,,yes,1,38.5,0,,yes,yes
char_toe,Toe,toe,player_0108,Toe,Toe,medium,evidence_player_group_0108,Troll,Cave Troll,Minions of Sauron,high,Warrior,Warrior,Wrecker,low,,,,,,,,,,,,,,,,,,,,parser_suspect_or_custom_descriptor,no,no,,,,,0,0,0,,,no,0,,0,,yes,yes
char_toin,Toin,toin,player_0122,Toin,Toin,medium,evidence_player_group_0122,Dwarf,,Free Peoples,medium,General,General,Hero,medium,,,,,,,,,,,,,,,,,,,,classified,no,no,,,,,0,0,0,,,no,0,,0,,no,no
char_toker,Toker,toker,player_0035,Fankil,Fankil [Alexander],medium,evidence_player_group_0035,Dwarf,,Free Peoples,medium,General,General,Ranger,medium,High Track; exact requirement uncertain and probably not 100%+,,,,,,,,,,,,,,,,,,,classified,no,no,,,,,0,0,0,,,no,0,,0,,no,no
char_toku,Toku,toku,player_0222,Mukami,Mukami,medium,evidence_player_group_0222,Hobbit,,Free Peoples,medium,,,,,,,,,,,,,,,,,,,,,,,,race_only,no,no,,,,,0,0,0,,,no,0,,0,,no,no
char_tolman,Tolman,tolman,player_0216,Grunge,Grunge,medium,evidence_player_group_0216,Hobbit,,Free Peoples,medium,,,,,,,,,,,,,,,,,,,,,,,,race_only,no,no,,,,,0,0,0,,,no,0,,0,,no,no
char_tommy,Tommy,tommy,player_0068,Elrik,Elrik,medium,evidence_player_group_0068,Hobbit,,Free Peoples,medium,,,,,,,,,,,,,,,,,,,,,,,,race_only,no,no,,,,,0,0,0,,,no,0,,0,,no,no
char_topas,Topas,topas,player_0068,Elrik,Elrik,medium,evidence_player_group_0068,,,,,,,,,,,,,,,,,,,,,,,,,,,,no_whois_classification,no,no,,,,,0,0,0,,,no,0,,0,,yes,yes
char_tora,Tora,tora,player_0154,Bishn�k,Bishn�k [Eric],medium,evidence_player_group_0154,Man,,Free Peoples,medium,,,,,,,,,,,,,,,,,,,,,,,,race_only,no,no,,,,,0,0,0,,,no,0,,0,,no,no
char_toran,Toran,toran,player_0012,Axel,Axel [Axel],medium,evidence_player_group_0012,Half-Elf,,Free Peoples,medium,Thief,Thief,Scout,high,,,,,,,,,,,,,,,,,,,,classified,no,no,,,,,0,0,0,,,no,0,,0,,no,no
char_torham,Torham,torham,player_0069,Pilsner,Pilsner [Jurek],medium,evidence_player_group_0069,Man,Beorning,Free Peoples,medium,Warrior,Warrior,Battlemaster,high,,,,,,,,,,,,,,,,,,,,classified,no,no,,,,,0,0,0,,,no,0,,0,,no,no
char_torkild,Torkild,torkild,player_0115,Marillion,Marillion,medium,evidence_player_group_0115,Man,,Free Peoples,medium,,,,,,,,,,,,,,,,,,,,,,,,race_only,no,no,,,,,0,0,0,,,no,0,,0,,no,no
char_torment,Torment,torment,player_0002,Ajax,Ajax,medium,evidence_player_group_0002,Orc,Tarkhnarb,Minions of Sauron,high,General,General,Rider,medium,90% Ride,,,,,,,,,,,,,,,,,,,classified,no,no,,,,,0,0,0,,,no,0,,0,,no,no
char_torq,Torq,torq,player_0153,Gloha,Gloha,medium,evidence_player_group_0153,Orc,Tarkhnarb,Minions of Sauron,high,Warrior,Warrior,Warrior,medium,,,,,,,,,,,,,,,,,,,,classified,no,no,,,,,0,0,0,,,no,0,,0,,no,no
char_torvald,Torvald,torvald,player_0115,Marillion,Marillion,medium,evidence_player_group_0115,Dwarf,,Free Peoples,medium,Warrior,Warrior,Mercenary,low,,,,,,,,,,,,,,,,,,,,classified,no,no,,,,,0,0,0,,,no,0,,0,,no,no
char_toulen,Toulen,toulen,player_0020,Bubla,Bubla,medium,evidence_player_group_0020,Elf,,Free Peoples,medium,,,,,,,,,,,,,,,,,,,,,,,,race_only,no,no,,,,,0,0,0,,,no,0,,0,,no,no
char_tragg,Tragg,tragg,player_0065,Wryak,Wryak [Tapio],medium,evidence_player_group_0065,,,,,,,,,,,,,,,,,,,,,,,,,,,,no_whois_classification,no,no,,,,,0,0,0,,,no,0,,0,,yes,yes
char_tragikomix,Tragikomix,tragikomix,player_0140,Spud,Spud,medium,evidence_player_group_0140,Man,Black Númenórean,Minions of Sauron,high,,,,,,,,,,,,,,,,,,,,,,,,race_only,no,no,,,,,0,0,0,,,no,0,,0,,no,no
char_tram,Tram,tram,player_0066,Tram,Tram,medium,evidence_player_group_0066,Maia,,Immortals,high,Cartographer,Cartographer,Cartographer,high,,,,,,,Maia,M,Cartographer,retired,Maia,no,no,2026_06_16_retired_immortals,MUME retired immortal list,List current as of 2026-06-16,immortal_2026_06_16_retired_immortals_tram_285_listed_retired_immortal,candidate,Copied by Lewis. Includes Boardreaders and honorary True Legend entry for Norsu.,immortal,yes,yes,data/evidence/whois_display/html/tram.html,data/evidence/whois_display/text/tram.txt,mha:tram:1781606391:32956c29,high,12,8,8,comma_name_list:12,Turviniel; Aros; Kingpool; Implithura; Zurolg; Tampax,no,0,,0,,no,yes
char_trandar,Trandar,trandar,player_0065,Wryak,Wryak [Tapio],medium,evidence_player_group_0065,,,,,,,,,,,,,,,,,,,,,,,,,,,,no_whois_classification,no,no,,,,,0,0,0,,,no,0,,0,,yes,yes
char_trasdockan,Trasdockan,trasdockan,player_0070,Heldo,Heldo [Jens],medium,evidence_player_group_0070,,,,,,,,,,,,,,,,,,,,,,,,,,,,no_whois_classification,no,no,,,,,0,0,0,,,no,0,,0,,yes,yes
char_trassel,Trassel,trassel,player_0067,David,David [David],medium,evidence_player_group_0067,Half-Elf,,Free Peoples,medium,,,,,,,,,,,,,,,,,,,,,,,,race_only,no,no,,,,,0,0,0,,,no,0,,0,,no,no
char_traverza,Traverza,traverza,player_0019,Luke,Luke,medium,evidence_player_group_0019,Troll,,Minions of Sauron,high,,,,,,,,,,,,,,,,,,,,,,,,race_only,no,no,,,,,0,0,0,,,no,0,,0,,no,no
char_trazsh,Trazsh,trazsh,player_0031,Swork,Swork,medium,evidence_player_group_0031,Orc,Tarkhnarb,Minions of Sauron,high,Warrior,Warrior,Battlemaster,high,,,,,,,,,,,,,,,,,,,,classified,no,no,,,,,0,0,0,,,no,0,,0,,no,no
char_tri,Tri,tri,player_0177,Bearclaw,Bearclaw,medium,evidence_player_group_0177,,,,,,,,,,,,,,,,,,,,,,,,,,,,no_whois_classification,no,no,,,,,0,0,0,,,no,0,,0,,yes,yes
char_trinity,Trinity,trinity,player_0093,Valir,Valir [Raul],medium,evidence_player_group_0093,Man,Rohirrim,Free Peoples,medium,General,General,Rider,medium,90% Ride,,,,,,,,,,,,,,,,,,,classified,no,no,,,,,0,0,0,,,no,0,,0,,no,no
char_trobo,Trobo,trobo,player_0154,Bishn�k,Bishn�k [Eric],medium,evidence_player_group_0154,Hobbit,,Free Peoples,medium,,,,,,,,,,,,,,,,,,,,,,,,race_only,no,no,,,,,0,0,0,,,no,0,,0,,no,no
char_troin,Troin,troin,player_0052,Salmar,Salmar,medium,evidence_player_group_0052,,,,,,,,,,,,,,,,,,,,,,,,,,,,no_whois_classification,no,no,,,,,0,0,0,,,no,0,,0,,yes,yes
char_troom,Troom,troom,player_0115,Marillion,Marillion,medium,evidence_player_group_0115,,,,,,,,,,,,,,,,,,,,,,,,,,,,no_whois_classification,no,no,,,,,0,0,0,,,no,0,,0,,yes,yes
char_trori,Trori,trori,player_0199,Roman,Roman [Roman],medium,evidence_player_group_0199,Dwarf,,Free Peoples,medium,,,,,,,,,,,,,,,,,,,,,,,,race_only,no,no,,,,,0,0,0,,,no,0,,0,,no,no
char_tukanek,Tukanek,tukanek,player_0022,Moonparent,Moonparent [David],medium,evidence_player_group_0022,Dwarf,,Free Peoples,medium,,,,,,,,,,,,,,,,,,,,,,,,race_only,no,no,,,,,0,0,0,,,no,0,,0,,no,no
char_tulkass,Tulkass,tulkass,player_0109,Nighthawk,Nighthawk,medium,evidence_player_group_0109,,,,,,,,,,,,,,,,,,,,,,,,,,,,no_whois_classification,no,no,,,,,0,0,0,,,no,0,,0,,yes,yes
char_tupoun,Tupoun,tupoun,player_0069,Pilsner,Pilsner [Jurek],medium,evidence_player_group_0069,Orc,Tarkhnarb,Minions of Sauron,high,General,General,Champion,medium,,,,,,,,,,,,,,,,,,,,classified,no,no,,,,,0,0,0,,,no,0,,0,,no,no
char_turgon,Turgon,turgon,player_0018,Feanor,Feanor,medium,evidence_player_group_0018,Elf,Noldorin,Free Peoples,medium,General,General,Rider,medium,90% Ride,,,,,,,,,,,,,,,,,,,classified,no,no,,,,,0,0,0,,,no,0,,0,,no,no
char_turim,Turim,turim,player_0164,Gobakapp,Gobakapp,medium,evidence_player_group_0164,Dwarf,,Free Peoples,medium,,,,,,,,,,,,,,,,,,,,,,,,race_only,no,no,,,,,0,0,0,,,no,0,,0,,no,no
char_turviniel,Turviniel,turviniel,player_0066,Tram,Tram,medium,evidence_player_group_0066,,,,,,,,,,,,,,,,,,,,,,,,,,,,no_whois_classification,no,no,,,,,0,0,0,,,no,0,,0,,yes,yes
char_tutti,Tutti,tutti,player_0032,Rashnak,Rashnak,medium,evidence_player_group_0032,Half-Elf,,Free Peoples,medium,General,General,Hero,medium,,,,,,,,,,,,,,,,,,,,classified,no,no,,,,,0,0,0,,,no,0,,0,,no,no
char_tvimina,Tvimina,tvimina,player_0073,Thoirin,Thoirin [Mans],medium,evidence_player_group_0073,Hobbit,,Free Peoples,medium,,,,,,,,,,,,,,,,,,,,,,,,race_only,no,no,,,,,0,0,0,,,no,0,,0,,no,no
char_twog,Twog,twog,player_0023,Bah,Bah [Jan],medium,evidence_player_group_0023,Orc,,Minions of Sauron,high,,,,,,,,,,,,,,,,,,,,,,,,race_only,no,no,,,,,0,0,0,,,no,0,,0,,no,no
char_twoq,Twoq,twoq,player_0023,Bah,Bah [Jan],medium,evidence_player_group_0023,Dwarf,,Free Peoples,medium,,,,,,,,,,,,,,,,,,,,,,,,race_only,no,no,,,,,0,0,0,,,no,0,,0,,no,no
char_tygr,Tygr,tygr,player_0020,Bubla,Bubla,medium,evidence_player_group_0020,Half-Elf,,Free Peoples,medium,,,,,,,,,,,,,,,,,,,,,,,,race_only,no,no,,,,,0,0,0,,,no,0,,0,,no,no
char_tyrion,Tyrion,tyrion,player_0058,Steele,Steele [Dan],medium,evidence_player_group_0058,Man,Black Númenórean,Minions of Sauron,high,,,,,,,,,,,,,,,,,,,,,,,,race_only,no,no,,,,,0,0,0,,,no,0,,0,,no,no
char_tzanck,Tzanck,tzanck,player_0216,Grunge,Grunge,medium,evidence_player_group_0216,Orc,Tarkhnarb,Minions of Sauron,high,Cleric,Cleric,Necromancer,high,,,,,,,,,,,,,,,,,,,,classified,no,no,,,,,0,0,0,,,no,0,,0,,no,no
char_uber,Uber,uber,player_0161,Halir,Halir,medium,evidence_player_group_0161,Dwarf,,Free Peoples,medium,,,,,,,,,,,,,,,,,,,,,,,,race_only,no,no,,,,,0,0,0,,,no,0,,0,,no,no
char_udo,Udo,udo,player_0105,Crysania,Crysania,medium,evidence_player_group_0105,Dwarf,,Free Peoples,medium,,,,,,,,,,,,,,,,,,,,,,,,race_only,no,no,,,,,0,0,0,,,yes,1,19.5,0,,no,no
char_uffe,Uffe,uffe,player_0179,Delfi,Delfi [Per],medium,evidence_player_group_0179,Orc,,Minions of Sauron,high,Warrior,Warrior,Fighter,low,,,,,,,,,,,,,,,,,,,,classified,no,no,,,,,0,0,0,,,yes,1,34.0,0,,no,no
char_ugash,Ugash,ugash,player_0071,Marre,Marre [Martin],medium,evidence_player_group_0071,,,,,,,,,,,,,,,,,,,,,,,,,,,,no_whois_classification,no,no,,,,,0,0,0,,,no,0,,0,,yes,yes
char_ughar,Ughar,ughar,player_0065,Wryak,Wryak [Tapio],medium,evidence_player_group_0065,Orc,Tarkhnarb,Minions of Sauron,high,Cleric,Cleric,Necromancer,high,,,,,,,,,,,,,,,,,,,,classified,no,no,,,,,0,0,0,,,no,0,,0,,no,no
char_ugnez,Ugnez,ugnez,player_0031,Swork,Swork,medium,evidence_player_group_0031,Orc,Tarkhnarb,Minions of Sauron,high,Warrior,Warrior,Battlemaster,high,,,,,,,,,,,,,,,,,,,,classified,no,no,,,,,0,0,0,,,no,0,,0,,no,no
char_ugurz,Ugurz,ugurz,player_0097,Moonglum,Moonglum,medium,evidence_player_group_0097,Orc,,Minions of Sauron,high,Thief,Thief,Assassin,high,,,,,,,,,,,,,,,,,,,,classified,no,no,,,,,0,0,0,,,no,0,,0,,no,no
char_uhan,Uhan,uhan,player_0065,Wryak,Wryak [Tapio],medium,evidence_player_group_0065,,,,,,,,,,,,,,,,,,,,,,,,,,,,no_whois_classification,no,no,,,,,0,0,0,,,no,0,,0,,yes,yes
char_ukuvul,Ukuvul,ukuvul,player_0169,Jadon,Jadon,medium,evidence_player_group_0169,Orc,,Minions of Sauron,high,,,,,,,,,,,,,,,,,,,,,,,,race_only,no,no,,,,,0,0,0,,,yes,1,36.5,0,,no,no
char_ula,Ula,ula,player_0086,Squiffy,Squiffy,medium,evidence_player_group_0086,Orc,Tarkhnarb,Minions of Sauron,high,Thief,Thief,Cut-Throat,medium,,,Possibly orc-only; uncertain,,,,,,,,,,,,,,,,,classified,no,no,,,,,0,0,0,,,no,0,,0,,no,no
char_ulairy,Ulairy,ulairy,player_0190,Gray,Gray [Gray],medium,evidence_player_group_0190,Man,Black Númenórean,Minions of Sauron,high,Warrior,Warrior,Mercenary,low,,,,,,,,,,,,,,,,,,,,classified,no,no,,,,,0,0,0,,,no,0,,0,,no,no
char_uland,Uland,uland,player_0013,Farin,Farin,medium,evidence_player_group_0013,Elf,Noldorin,Free Peoples,medium,General,General,Hero,medium,,,,,,,,,,,,,,,,,,,,classified,no,no,,,,,0,0,0,,,no,0,,0,,no,no
char_uldrak,Uldrak,uldrak,player_0061,Siroth,Siroth,medium,evidence_player_group_0061,Orc,Tarkhnarb,Minions of Sauron,high,Warrior,Warrior,Battlemaster,high,,,,,,,,,,,,,,,,,,,,classified,no,no,,,,,0,0,0,,,no,0,,0,,no,no
char_ulfhild,Ulfhild,ulfhild,player_0011,Lancelot,Lancelot [Andreas],medium,evidence_player_group_0011,Troll,Hill Troll,Minions of Sauron,high,Warrior,Warrior,Warrior,medium,,,,,,,,,,,,,,,,,,,,classified,no,no,,,,,0,0,0,,,yes,1,23.0,0,,no,no
char_ulkaar,Ulkaar,ulkaar,player_0159,Beorel,Beorel,medium,evidence_player_group_0159,Orc,,Minions of Sauron,high,,,,,,,,,,,,,,,,,,,,,,,,race_only,no,no,,,,,0,0,0,,,yes,1,16.5,0,,no,no
char_umanidd,Umanidd,umanidd,player_0004,Wow,Wow,medium,evidence_player_group_0004,Man,Black Númenórean,Minions of Sauron,high,,,,,,,,,,,,,,,,,,,,,,,,race_only,no,no,,,,,0,0,0,,,no,0,,0,,no,no
char_umnik,Umnik,umnik,player_0215,Boroda,Boroda,medium,evidence_player_group_0215,Half-Elf,,Free Peoples,medium,Magic-user,Magic-user,Warlock,high,,,,,male,medium,,,,,,,,,,,,,,classified,no,no,,,,,0,0,0,,,yes,1,57.5,0,,no,no
char_undolomion,Undolomion,undolomion,player_0217,Beat,Beat [Joosep],medium,evidence_player_group_0217,,,,,,,,,,,,,,,,,,,,,,,,,,,,no_whois_classification,no,no,,,,,0,0,0,,,no,0,,0,,yes,yes
char_ungrim,Ungrim,ungrim,player_0029,Faint,Faint,medium,evidence_player_group_0029,Dwarf,,Free Peoples,medium,Warrior,Warrior,Battlemaster,high,,,,,,,,,,,,,,,,,,,,classified,no,no,,,,,0,0,0,,,no,0,,0,,no,no
char_unholy,Unholy,unholy,player_0093,Valir,Valir [Raul],medium,evidence_player_group_0093,Orc,Tarkhnarb,Minions of Sauron,high,General,General,Champion,medium,,,,,,,,,,,,,,,,,,,,classified,no,no,,,,,0,0,0,,,no,0,,0,,no,no
char_unoc,Unoc,unoc,player_0175,Vaab,Vaab [Joey],medium,evidence_player_group_0175,,,,,,,,,,,,,,,,,,,,,,,,,,,,no_whois_classification,no,no,,,,,0,0,0,,,no,0,,0,,yes,yes
char_uralyon,Uralyon,uralyon,player_0036,Atlas,Atlas,medium,evidence_player_group_0036,Man,Black Númenórean,Minions of Sauron,high,Warrior,Warrior,Mercenary,low,,,,,,,,,,,,,,,,,,,,classified,no,no,,,,,0,0,0,,,no,0,,0,,no,no
char_uriond,Uriond,uriond,player_0154,Bishn�k,Bishn�k [Eric],medium,evidence_player_group_0154,Elf,,Free Peoples,medium,,,,,,,,,,,,,,,,,,,,,,,,race_only,no,no,,,,,0,0,0,,,no,0,,0,,no,no
char_userbius,Userbius,userbius,player_0204,Userbius,Userbius [Yaroslav],medium,evidence_player_group_0204,,,,,,,,,,,,,,,,,,,,,,,,,,,,no_whois_classification,no,no,,,,,0,0,0,,,no,0,,0,,yes,yes
char_uthalg,Uthalg,uthalg,player_0061,Siroth,Siroth,medium,evidence_player_group_0061,,,,,,,,,,,,,,,,,,,,,,,,,,,,no_whois_classification,no,no,,,,,0,0,0,,,no,0,,0,,yes,yes
char_uzbad,Uzbad,uzbad,player_0131,Feagil,Feagil,medium,evidence_player_group_0131,Dwarf,,Free Peoples,medium,,,,,,,,,,,,,,,,,,,,,,,,race_only,no,no,,,,,0,0,0,,,no,0,,0,,no,no
char_vaab,Vaab,vaab,player_0175,Vaab,Vaab [Joey],medium,evidence_player_group_0175,,,,,,,,,,,,,,,,,,,,,,,,,,,,no_whois_classification,no,no,,,,,0,0,0,,,no,0,,0,,yes,yes
char_vagdish,Vagdish,vagdish,player_0034,Nazgum,Nazgum,medium,evidence_player_group_0034,,,,,,,,,,,,,,,,,,,,,,,,,,,,no_whois_classification,no,no,,,,,0,0,0,,,no,0,,0,,yes,yes
char_vaim,Vaim,vaim,player_0167,Eloin,Eloin,medium,evidence_player_group_0167,Elf,,Free Peoples,medium,,,,,,,,,,,,,,,,,,,,,,,,race_only,no,no,,,,,0,0,0,,,no,0,,0,,no,no
char_vainamoinen,Vainamoinen,vainamoinen,player_0032,Rashnak,Rashnak,medium,evidence_player_group_0032,Elf,Silvan,Free Peoples,medium,General,General,Hero,medium,,,,,,,,,,,,,,,,,,,,classified,no,no,,,,,0,0,0,,,no,0,,0,,no,no
char_valacar,Valacar,valacar,player_0017,Alkar,Alkar,medium,evidence_player_group_0017,Man,,Free Peoples,medium,,,,,,,,,,,,,,,,,,,,,,,,race_only,no,no,,,,,0,0,0,,,no,0,,0,,no,no
char_valamir,Valamir,valamir,player_0072,Valamir,Valamir [Ole],medium,evidence_player_group_0072,Elf,,Free Peoples,medium,,,,,,,,,,,,,,,,,,,,,,,,race_only,no,no,,,,,0,0,0,,,no,0,,0,,no,no
char_valandar,Valandar,valandar,player_0180,Evandaar,Evandaar [Daniel],medium,evidence_player_group_0180,Elf,,Free Peoples,medium,,,,,,,,,,,,,,,,,,,,,,,,race_only,no,no,,,,,0,0,0,,,no,0,,0,,no,no
char_valastule,Valastule,valastule,player_0058,Steele,Steele [Dan],medium,evidence_player_group_0058,,,,,,,,,,,,,,,,,,,,,,,,,,,,no_whois_classification,no,no,,,,,0,0,0,,,no,0,,0,,yes,yes
char_valdja,Valdja,valdja,player_0030,Manatark,Manatark [Kaido],medium,evidence_player_group_0030,Orc,,Minions of Sauron,high,,,,,,,,,,,,,,,,,,,,,,,,race_only,no,no,,,,,0,0,0,,,no,0,,0,,no,no
char_valen,Valen,valen,player_0013,Farin,Farin,medium,evidence_player_group_0013,Man,Eriadorian,Free Peoples,medium,General,General,Hero,medium,,,,,,,,,,,,,,,,,,,,classified,no,no,,,,,0,0,0,,,no,0,,0,,no,no
char_valeria,Valeria,valeria,player_0181,Ancra,Ancra [Harry],medium,evidence_player_group_0181,Elf,,Free Peoples,medium,,,,,,,,,,,,,,,,,,,,,,,,race_only,no,no,,,,,0,0,0,,,no,0,,0,,no,no
char_valgarv,Valgarv,valgarv,player_0139,Naga,Naga,medium,evidence_player_group_0139,Orc,,Minions of Sauron,high,,,,,,,,,,,,,,,,,,,,,,,,race_only,no,no,,,,,1,0,0,quoted_speaker:1,Narv,no,0,,0,,no,yes
char_valir,Valir,valir,player_0093,Valir,Valir [Raul],medium,evidence_player_group_0093,Dwarf,,Free Peoples,medium,,,,,,,,,,,,,,,,,,,,,,,,race_only,no,no,,,,,0,0,0,,,no,0,,0,,no,no
char_valkyria,Valkyria,valkyria,player_0183,Dizz,Dizz [Tomas],medium,evidence_player_group_0183,Elf,Silvan,Free Peoples,medium,Warrior,Warrior,Warden,high,75% Bash,,,,,,,,,,,,,,,,,,,classified,no,no,,,,,0,0,0,,,no,0,,0,,no,no
char_valkyrie,Valkyrie,valkyrie,player_0139,Naga,Naga,medium,evidence_player_group_0139,Man,,Free Peoples,medium,,,,,,,,,,,,,,,,,,,,,,,,race_only,no,no,,,,,0,0,0,,,no,0,,0,,no,no
char_vandal,Vandal,vandal,player_0079,Feon,Feon [Johan],medium,evidence_player_group_0079,Troll,Mountain Troll,Minions of Sauron,high,,,Softskin,low,,,,,,,,,,,,,,,,,,,,generic_title_no_class,no,no,,,,,0,0,0,,,no,0,,0,,no,no
char_vanimelde,Vanimelde,vanimelde,player_0035,Fankil,Fankil [Alexander],medium,evidence_player_group_0035,Man,Black Númenórean,Minions of Sauron,high,,,,,,,,,,,,,,,,,,,,,,,,race_only,no,no,,,,,0,0,0,,,no,0,,0,,no,no
char_vanir,Vanir,vanir,player_0093,Valir,Valir [Raul],medium,evidence_player_group_0093,,,,,,,,,,,,,,,,,,,,,,,,,,,,no_whois_classification,no,no,,,,,0,0,0,,,no,0,,0,,yes,yes
char_vargas,Vargas,vargas,player_0071,Marre,Marre [Martin],medium,evidence_player_group_0071,Orc,,Minions of Sauron,high,,,,,,,,,,,,,,,,,,,,,,,,race_only,no,no,,,,,0,0,0,,,no,0,,0,,no,no
char_varvar,Varvar,varvar,player_0190,Gray,Gray [Gray],medium,evidence_player_group_0190,Orc,Tarkhnarb,Minions of Sauron,high,,,,,,,,,,,,,,,,,,,,,,,,race_only,no,no,,,,,0,0,0,,,no,0,,0,,no,no
char_vasa,Vasa,vasa,player_0179,Delfi,Delfi [Per],medium,evidence_player_group_0179,Hobbit,Harfoot,Free Peoples,medium,General,General,Hero,medium,,,,,,,,,,,,,,,,,,,,classified,no,no,,,,,0,0,0,,,no,0,,0,,no,no
char_vasilisa,Vasilisa,vasilisa,player_0195,Porien,Porien [Dmitry],medium,evidence_player_group_0195,Elf,,Free Peoples,medium,,,,,,,,,,,,,,,,,,,,,,,,race_only,no,no,,,,,0,0,0,,,no,0,,0,,no,no
char_vassago,Vassago,vassago,player_0081,Vassago,Vassago,medium,evidence_player_group_0081,Orc,,Minions of Sauron,high,,,,,,,,,,,,,,,,,,,,,,,,race_only,no,no,,,,,0,0,0,,,no,0,,0,,no,no
char_vatsayana,Vatsayana,vatsayana,player_0118,Khamasin,Khamasin,medium,evidence_player_group_0118,,,,,,,,,,,,,,,,,,,,,,,,,,,,no_whois_classification,no,no,,,,,0,0,0,,,no,0,,0,,yes,yes
char_vayu,Vayu,vayu,player_0015,Ghostly,Ghostly,medium,evidence_player_group_0015,,,,,,,,,,,,,,,,,,,,,,,,,,,,no_whois_classification,no,no,,,,,0,0,0,,,no,0,,0,,yes,yes
char_vecna,Vecna,vecna,player_0099,Asmandeus,Asmandeus,medium,evidence_player_group_0099,Man,Black Númenórean,Minions of Sauron,high,,,,,,,,,,,,,,,,,,,,,,,,race_only,no,no,,,,,0,0,0,,,no,0,,0,,no,no
char_venal,Venal,venal,player_0080,Venal,Venal,medium,evidence_player_group_0080,,,,,,,,,,,,,,,,,,,,,,,,,,,,no_whois_classification,no,no,,,,,0,0,0,,,no,0,,0,,yes,yes
char_verminaard,Verminaard,verminaard,player_0035,Fankil,Fankil [Alexander],medium,evidence_player_group_0035,Orc,,Minions of Sauron,high,,,,,,,,,,,,,,,,,,,,,,,,race_only,no,no,,,,,0,0,0,,,no,0,,0,,no,no
char_viclona,Viclona,viclona,player_0181,Ancra,Ancra [Harry],medium,evidence_player_group_0181,Elf,,Free Peoples,medium,,,,,,,,,,,,,,,,,,,,,,,,race_only,no,no,,,,,0,0,0,,,no,0,,0,,no,no
char_vidomina,Vidomina,vidomina,player_0049,Haazheel,Haazheel,medium,evidence_player_group_0049,Man,Eriadorian,Free Peoples,medium,General,General,Heroine,medium,,,,,female,high,,,,,,,,,,,,,,classified,no,no,,,,,0,0,0,,,no,0,,0,,no,no
char_vij,Vij,vij,player_0197,Zmej,Zmej [Leha],medium,evidence_player_group_0197,Troll,,Minions of Sauron,high,,,,,,,,,,,,,,,,,,,,,,,,race_only,no,no,,,,,0,0,0,,,no,0,,0,,no,no
char_vili,Vili,vili,player_0083,Goretongue,Goretongue [Jeremiah],medium,evidence_player_group_0083,Dwarf,,Free Peoples,medium,Warrior,Warrior,Veteran,high,,,,,,,,,,,,,,,,,,,,classified,no,no,,,,,0,0,0,,,yes,1,46.0,0,,no,no
char_viljar,Viljar,viljar,player_0115,Marillion,Marillion,medium,evidence_player_group_0115,,,,,,,,,,,,,,,,,,,,,,,,,,,,no_whois_classification,no,no,,,,,0,0,0,,,no,0,,0,,yes,yes
char_vincenzo,Vincenzo,vincenzo,player_0036,Atlas,Atlas,medium,evidence_player_group_0036,Hobbit,Harfoot,Free Peoples,medium,Magic-user,Magic-user,Sage,high,,,,,,,,,,,,,,,,,,,,classified,no,no,,,,,0,0,0,,,no,0,,0,,no,no
char_vip,Vip,vip,player_0197,Zmej,Zmej [Leha],medium,evidence_player_group_0197,Man,Black Númenórean,Minions of Sauron,high,General,General,Envoy,medium,,,,,,,,,,,,,,,,,,,,classified,no,no,,,,,0,0,0,,,no,0,,1,low:1,no,yes
char_vishnak,Vishnak,vishnak,player_0188,Aiele,Aiele [Joel],medium,evidence_player_group_0188,Orc,Tarkhnarb,Minions of Sauron,high,Warrior,Warrior,Veteran,high,,,,,,,,,,,,,,,,,,,,classified,no,no,,,,,0,0,0,,,no,0,,1,low:1,no,yes
char_vlas,Vlas,vlas,player_0033,Ginlon,Ginlon,medium,evidence_player_group_0033,Troll,,Minions of Sauron,high,,,,,,,,,,,,,,,,,,,,,,,,race_only,no,no,,,,,0,0,0,,,no,0,,0,,no,no
char_voile,Voile,voile,player_0096,Voile,Voile,medium,evidence_player_group_0096,Maia,,Immortals,high,Cartographer,Cartographer,Cartographer,high,,,,,,,Maia,M,Cartographer,retired,Maia,no,no,2026_06_16_retired_immortals,MUME retired immortal list,List current as of 2026-06-16,immortal_2026_06_16_retired_immortals_voile_289_listed_retired_immortal,candidate,Copied by Lewis. Includes Boardreaders and honorary True Legend entry for Norsu.,immortal,yes,yes,data/evidence/whois_display/html/voile.html,data/evidence/whois_display/text/voile.txt,mha:voile:1781606653:65577786,high,0,0,0,,,no,0,,0,,no,no
char_vold,Vold,vold,player_0188,Aiele,Aiele [Joel],medium,evidence_player_group_0188,Orc,,Minions of Sauron,high,Warrior,Warrior,Veteran,high,,,,,,,,,,,,,,,,,,,,classified,no,no,,,,,0,0,0,,,no,0,,0,,no,no
char_voltron,Voltron,voltron,player_0088,Bulldozer,Bulldozer,medium,evidence_player_group_0088,Troll,Mountain Troll,Minions of Sauron,high,Warrior,Warrior,Warrior,medium,,,,,,,,,,,,,,,,,,,,classified,no,no,,,,,0,0,0,,,no,0,,0,,no,no
char_vorne,Vorne,vorne,player_0116,Kazeena,Kazeena,medium,evidence_player_group_0116,,,,,,,,,,,,,,,,,,,,,,,,,,,,no_whois_classification,no,no,,,,,0,0,0,,,no,0,,0,,yes,yes
char_vortex,Vortex,vortex,player_0126,Deris,Deris,medium,evidence_player_group_0126,Troll,Mountain Troll,Minions of Sauron,high,Warrior,Warrior,Warrior,medium,,,,,,,,,,,,,,,,,,,,classified,no,no,,,,,0,0,0,,,no,0,,0,,no,no
char_vradul,Vradul,vradul,player_0075,Bjorn,Bjorn [Bjorn],medium,evidence_player_group_0075,Dwarf,,Free Peoples,medium,General,General,Ranger,medium,High Track; exact requirement uncertain and probably not 100%+,,,,,,,,,,,,,,,,,,,classified,no,no,,,,,0,0,0,,,no,0,,0,,no,no
char_vral,Vral,vral,player_0074,Tardeer,Tardeer [Silverberg],medium,evidence_player_group_0074,,,,,,,,,,,,,,,,,,,,,,,,,,,,no_whois_classification,no,no,,,,,0,0,0,,,no,0,,0,,yes,yes
char_vrede,Vrede,vrede,player_0060,Amandil,Amandil,medium,evidence_player_group_0060,Hobbit,,Free Peoples,medium,,,,,,,,,,,,,,,,,,,,,,,,race_only,no,no,,,,,0,0,0,,,no,0,,0,,no,no
char_vridush,Vridush,vridush,player_0010,Zaber,Zaber,medium,evidence_player_group_0010,Orc,,Minions of Sauron,high,,,,,,,,,,,,,,,,,,,,,,,,race_only,no,no,,,,,0,0,0,,,no,0,,0,,no,no
char_vr_sh,Vr�sh,vr-sh,player_0154,Bishn�k,Bishn�k [Eric],medium,evidence_player_group_0154,,,,,,,,,,,,,,,,,,,,,,,,,,,,no_whois_classification,no,no,,,,,0,0,0,,,no,0,,0,,yes,yes
char_vsevolod,Vsevolod,vsevolod,player_0195,Porien,Porien [Dmitry],medium,evidence_player_group_0195,Orc,,Minions of Sauron,high,,,,,,,,,,,,,,,,,,,,,,,,race_only,no,no,,,,,0,0,0,,,no,0,,0,,no,no
char_vugluskr,Vugluskr,vugluskr,player_0190,Gray,Gray [Gray],medium,evidence_player_group_0190,Dwarf,,Free Peoples,medium,Warrior,Warrior,Battlemaster,high,,,,,,,,,,,,,,,,,,,,classified,no,no,,,,,0,0,0,,,no,0,,0,,no,no
char_vulgar,Vulgar,vulgar,player_0111,Aram,Aram,medium,evidence_player_group_0111,,,,,,,,,,,,,,,,,,,,,,,,,,,,no_whois_classification,no,no,,,,,0,0,0,,,no,0,,0,,yes,yes
char_waba,Waba,waba,player_0168,Linar,Linar,medium,evidence_player_group_0168,Vala,,Immortals,high,,,,,,,,,,,Arata,A,,current,Aratar,no,no,2026_06_16_current_immortals,MUME current immortal list,List current as of 2026-06-16,immortal_2026_06_16_current_immortals_waba_10_listed_current_immortal,candidate,Copied by Lewis. (+m) means the immortal is also a Maiar Muddler / muddle code contributor.,immortal,yes,yes,data/evidence/whois_display/html/waba.html,data/evidence/whois_display/text/waba.txt,mha:waba:1781606681:cedc7e87,high,0,0,0,,,no,0,,0,,no,no
char_wacka,Wacka,wacka,player_0075,Bjorn,Bjorn [Bjorn],medium,evidence_player_group_0075,Troll,,Minions of Sauron,high,,,,,,,,,,,,,,,,,,,,,,,,race_only,no,no,,,,,0,0,0,,,no,0,,0,,no,no
char_wacker,Wacker,wacker,player_0222,Mukami,Mukami,medium,evidence_player_group_0222,,,,,,,,,,,,,,,,,,,,,,,,,,,,no_whois_classification,no,no,,,,,0,0,0,,,no,0,,0,,yes,yes
char_warren,Warren,warren,player_0054,Deor,Deor,medium,evidence_player_group_0054,Dwarf,,Free Peoples,medium,,,,,,,,,,,,,,,,,,,,,,,,race_only,no,no,,,,,0,0,0,,,no,0,,0,,no,no
char_warzur,Warzur,warzur,player_0029,Faint,Faint,medium,evidence_player_group_0029,Orc,Tarkhnarb,Minions of Sauron,high,Warrior,Warrior,Battlemaster,high,,,,,,,,,,,,,,,,,,,,classified,no,no,,,,,0,0,0,,,no,0,,0,,no,no
char_watar,Watar,watar,player_0065,Wryak,Wryak [Tapio],medium,evidence_player_group_0065,Orc,Tarkhnarb,Minions of Sauron,high,Thief,Thief,Assassin,high,,,,,,,,,,,,,,,,,,,,classified,no,no,,,,,0,0,0,,,no,0,,0,,no,no
char_wenom,Wenom,wenom,player_0029,Faint,Faint,medium,evidence_player_group_0029,Orc,Tarkhnarb,Minions of Sauron,high,Thief,Thief,Assassin,high,,,,,,,,,,,,,,,,,,,,classified,no,no,,,,,0,0,0,,,no,0,,0,,no,no
char_wert,Wert,wert,player_0033,Ginlon,Ginlon,medium,evidence_player_group_0033,,,,,,,,,,,,,,,,,,,,,,,,,,,,no_whois_classification,no,no,,,,,0,0,0,,,no,0,,0,,yes,yes
char_wes,Wes,wes,player_0084,Kakarot,Kakarot,medium,evidence_player_group_0084,,,,,,,,,,,,,,,,,,,,,,,,,,,,no_whois_classification,no,no,,,,,0,0,0,,,no,0,,0,,yes,yes
char_wierd,Wierd,wierd,player_0029,Faint,Faint,medium,evidence_player_group_0029,Orc,,Minions of Sauron,high,,,,,,,,,,,,,,,,,,,,,,,,race_only,no,no,,,,,2,0,0,quoted_speaker:2,Sauron,no,0,,0,,no,yes
char_wilma,Wilma,wilma,player_0074,Tardeer,Tardeer [Silverberg],medium,evidence_player_group_0074,Troll,Hill Troll,Minions of Sauron,high,,,Softskin,low,,,,,,,,,,,,,,,,,,,,generic_title_no_class,no,no,,,,,0,0,0,,,no,0,,0,,no,no
char_wind,Wind,wind,player_0028,Enforcer,Enforcer [Ert],medium,evidence_player_group_0028,Orc,Tarkhnarb,Minions of Sauron,high,Warrior,Warrior,Veteran,high,,,,,,,,,,,,,,,,,,,,classified,no,no,,,,,0,0,0,,,no,0,,0,,no,no
char_winnie,Winnie,winnie,player_0139,Naga,Naga,medium,evidence_player_group_0139,Man,Beorning,Free Peoples,medium,Warrior,Warrior,Battlemistress,high,,,,,female,high,,,,,,,,,,,,,,classified,no,no,,,,,0,0,0,,,no,0,,0,,no,no
char_winzy,Winzy,winzy,player_0077,Winzy,Winzy [Oscar],medium,evidence_player_group_0077,Man,,Free Peoples,medium,,,,,,,,,,,,,,,,,,,,,,,,race_only,no,no,,,,,0,0,0,,,no,0,,0,,no,no
char_wobbit,Wobbit,wobbit,player_0157,Dorolff,Dorolff,medium,evidence_player_group_0157,Hobbit,Harfoot,Free Peoples,medium,Cleric,Cleric,Priestess,high,,,,,female,high,,,,,,,,,,,,,,classified,no,no,,,,,0,0,0,,,no,0,,0,,no,no
char_woe,Woe,woe,player_0001,Rogon,Rogon,medium,evidence_player_group_0001,Orc,Tarkhnarb,Minions of Sauron,high,General,General,Rider,medium,90% Ride,,,,,,,,,,,,,,,,,,,classified,no,no,,,,,0,0,0,,,no,0,,0,,no,no
char_woitkah,Woitkah,woitkah,player_0095,Haista,Haista,medium,evidence_player_group_0095,,,,,,,,,,,,,,,,,,,,,,,,,,,,no_whois_classification,no,no,,,,,0,0,0,,,no,0,,0,,yes,yes
char_woland,Woland,woland,player_0195,Porien,Porien [Dmitry],medium,evidence_player_group_0195,Man,Black Númenórean,Minions of Sauron,high,,,,,,,,,,,,,,,,,,,,,,,,race_only,no,no,,,,,0,0,0,,,no,0,,0,,no,no
char_wong,Wong,wong,player_0064,Saeth,Saeth [Wojtek],medium,evidence_player_group_0064,Elf,Silvan,Free Peoples,medium,General,General,Hero,medium,,,,,,,,,,,,,,,,,,,,classified,no,no,,,,,0,0,0,,,no,0,,0,,no,no
char_wow,Wow,wow,player_0004,Wow,Wow,medium,evidence_player_group_0004,Maia,,Immortals,high,Cartographer,Cartographer,Cartographer,high,,,,,,,Maia,M,Cartographer,retired,Maia,no,no,2026_06_16_retired_immortals,MUME retired immortal list,List current as of 2026-06-16,immortal_2026_06_16_retired_immortals_wow_291_listed_retired_immortal,candidate,Copied by Lewis. Includes Boardreaders and honorary True Legend entry for Norsu.,immortal,yes,yes,data/evidence/whois_display/html/wow.html,data/evidence/whois_display/text/wow.txt,mha:wow:1781606726:a31b989e,high,0,0,0,,,no,0,,0,,no,no
char_wreth,Wreth,wreth,player_0049,Haazheel,Haazheel,medium,evidence_player_group_0049,,,,,,,,,,,,,,,,,,,,,,,,,,,,no_whois_classification,no,no,,,,,0,0,0,,,no,0,,0,,yes,yes
char_wroom,Wroom,wroom,player_0115,Marillion,Marillion,medium,evidence_player_group_0115,,,,,,,,,,,,,,,,,,,,,,,,,,,,no_whois_classification,no,no,,,,,0,0,0,,,no,0,,0,,yes,yes
char_wryak,Wryak,wryak,player_0065,Wryak,Wryak [Tapio],medium,evidence_player_group_0065,Maia,,Immortals,high,,,,,,,,,,,Maia,M,,retired,Boardreader,no,no,2026_06_16_retired_immortals,MUME retired immortal list,List current as of 2026-06-16,immortal_2026_06_16_retired_immortals_wryak_774_listed_retired_immortal,candidate,Copied by Lewis. Includes Boardreaders and honorary True Legend entry for Norsu.,immortal,yes,yes,data/evidence/whois_display/html/wryak.html,data/evidence/whois_display/text/wryak.txt,mha:wryak:1781606737:8bd9acce,high,0,0,0,,,no,0,,0,,no,no
char_wryth,Wryth,wryth,player_0065,Wryak,Wryak [Tapio],medium,evidence_player_group_0065,,,,,,,,,,,,,,,,,,,,,,,,,,,,no_whois_classification,no,no,,,,,0,0,0,,,no,0,,0,,yes,yes
char_wucheria,Wucheria,wucheria,player_0216,Grunge,Grunge,medium,evidence_player_group_0216,Troll,,Minions of Sauron,high,,,,,,,,,,,,,,,,,,,,,,,,race_only,no,no,,,,,0,0,0,,,no,0,,0,,no,no
char_wurzl,Wurzl,wurzl,player_0156,Kogan,Kogan,medium,evidence_player_group_0156,Hobbit,,Free Peoples,medium,,,,,,,,,,,,,,,,,,,,,,,,race_only,no,no,,,,,0,0,0,,,no,0,,0,,no,no
char_wyzz,Wyzz,wyzz,player_0001,Rogon,Rogon,medium,evidence_player_group_0001,Elf,Silvan,Free Peoples,medium,Cleric,Cleric,Patriarch,high,,,,,male,high,,,,,,,,,,,,,,classified,no,no,,,,,0,0,0,,,no,0,,0,,no,no
char_xagok,Xagok,xagok,player_0149,Miser,Miser,medium,evidence_player_group_0149,Orc,,Minions of Sauron,high,Thief,Thief,Burglar,low,,,,,,,,,,,,,,,,,,,,classified,no,no,,,,,0,0,0,,,no,0,,0,,no,no
char_xaltotun,Xaltotun,xaltotun,player_0049,Haazheel,Haazheel,medium,evidence_player_group_0049,Orc,Tarkhnarb,Minions of Sauron,high,General,General,Champion,medium,,,,,,,,,,,,,,,,,,,,classified,no,no,,,,,0,0,0,,,no,0,,1,medium:1,no,yes
char_xandahar,Xandahar,xandahar,player_0096,Voile,Voile,medium,evidence_player_group_0096,Man,Black Númenórean,Minions of Sauron,high,General,General,Rider,medium,90% Ride,,,,,,,,,,,,,,,,,,,classified,no,no,,,,,0,0,0,,,no,0,,0,,no,no
char_xander,Xander,xander,player_0096,Voile,Voile,medium,evidence_player_group_0096,Half-Elf,,Free Peoples,medium,,,,,,,,,,,,,,,,,,,,,,,,race_only,no,no,,,,,0,0,0,,,no,0,,0,,no,no
char_xatax,Xatax,xatax,player_0062,Auriane,Auriane [Bob],medium,evidence_player_group_0062,,,,,,,,,,,,,,,,,,,,,,,,,,,,no_whois_classification,no,no,,,,,0,0,0,,,no,0,,0,,yes,yes
char_xel,Xel,xel,player_0152,Celo,Celo,medium,evidence_player_group_0152,,,,,,,,,,,,,,,,,,,,,,,,,,,,no_whois_classification,no,no,,,,,0,0,0,,,no,0,,0,,yes,yes
char_xelloss,Xelloss,xelloss,player_0139,Naga,Naga,medium,evidence_player_group_0139,Orc,Tarkhnarb,Minions of Sauron,high,Cleric,Cleric,Necromancer,high,,,,,,,,,,,,,,,,,,,,classified,no,no,,,,,0,0,0,,,no,0,,0,,no,no
char_xile,Xile,xile,player_0092,Basha,Basha,medium,evidence_player_group_0092,Elf,Silvan,Free Peoples,medium,General,General,Mountaineer,medium,100% Climb + 50% Leadership,,,,,,,,,,,,,,,,,,,classified,no,no,,,,,0,0,0,,,yes,1,62.0,0,,no,no
char_xylo,Xylo,xylo,player_0062,Auriane,Auriane [Bob],medium,evidence_player_group_0062,,,,,,,,,,,,,,,,,,,,,,,,,,,,no_whois_classification,no,no,,,,,0,0,0,,,no,0,,0,,yes,yes
char_yagara,Yagara,yagara,player_0135,Temegl,Temegl,medium,evidence_player_group_0135,,,,,,,,,,,,,,,,,,,,,,,,,,,,no_whois_classification,no,no,,,,,0,0,0,,,no,0,,0,,yes,yes
char_yanwe,Yanwe,yanwe,player_0220,Strine,Strine,medium,evidence_player_group_0220,Man,,Free Peoples,medium,,,,,,,,,,,,,,,,,,,,,,,,race_only,no,no,,,,,0,0,0,,,no,0,,0,,no,no
char_ypsilon,Ypsilon,ypsilon,player_0048,Draggor,Draggor,medium,evidence_player_group_0048,Elf,Noldorin,Free Peoples,medium,Thief,Thief,Quickblade,high,,,,,,,,,,,,,,,,,,,,classified,no,no,,,,,0,0,0,,,no,0,,0,,no,no
char_ytinas,Ytinas,ytinas,player_0148,Ytinas,Ytinas,medium,evidence_player_group_0148,Maia,,Immortals,high,,,,,,,,,,,Maia,M,,retired,Boardreader,no,no,2026_06_16_retired_immortals,MUME retired immortal list,List current as of 2026-06-16,immortal_2026_06_16_retired_immortals_ytinas_788_listed_retired_immortal,candidate,Copied by Lewis. Includes Boardreaders and honorary True Legend entry for Norsu.,immortal,yes,yes,data/evidence/whois_display/html/ytinas.html,data/evidence/whois_display/text/ytinas.txt,mha:ytinas:1781606855:cba211f9,high,0,0,0,,,no,0,,0,,no,no
char_zaber,Zaber,zaber,player_0010,Zaber,Zaber,medium,evidence_player_group_0010,Half-Elf,,Free Peoples,medium,Warrior,Warrior,Soldier,high,,,,,,,,,,,,,,,,,,,,classified,no,no,,,,,0,0,0,,,no,0,,0,,no,no
char_zanetha,Zanetha,zanetha,player_0129,Liliah,Liliah,medium,evidence_player_group_0129,Troll,Mountain Troll,Minions of Sauron,high,Warrior,Warrior,Warrior,medium,,,,,,,,,,,,,,,,,,,,classified,no,no,,,,,0,0,0,,,no,0,,0,,no,no
char_zar,Zar,zar,player_0178,Nagoroth,Nagoroth [Steve],medium,evidence_player_group_0178,Hobbit,Harfoot,Free Peoples,medium,Thief,Thief,Hunter,medium,,,,,,,,,,,,,,,,,,,,classified,no,no,,,,,0,0,0,,,no,0,,0,,no,no
char_ze,Ze,ze,player_0067,David,David [David],medium,evidence_player_group_0067,Orc,,Minions of Sauron,high,,,,,,,,,,,,,,,,,,,,,,,,race_only,no,no,,,,,0,0,0,,,no,0,,0,,no,no
char_zed,Zed,zed,player_0001,Rogon,Rogon,medium,evidence_player_group_0001,Troll,Cave Troll,Minions of Sauron,high,Warrior,Warrior,Warrior,medium,,,,,,,,,,,,,,,,,,,,classified,no,no,,,,,0,0,0,,,no,0,,0,,no,no
char_zeddicus,Zeddicus,zeddicus,player_0201,Omen,Omen [Alexander],medium,evidence_player_group_0201,Dwarf,,Free Peoples,medium,General,General,Hero,medium,,,,,,,,,,,,,,,,,,,,classified,no,no,,,,,0,0,0,,,no,0,,1,medium:1,no,yes
char_zerabethulh,Zerabethulh,zerabethulh,player_0067,David,David [David],medium,evidence_player_group_0067,Orc,,Minions of Sauron,high,Warrior,Warrior,Veteran,high,,,,,,,,,,,,,,,,,,,,classified,no,no,,,,,0,0,0,,,no,0,,0,,no,no
char_zeroth,Zeroth,zeroth,player_0041,Zeroth,Zeroth,medium,evidence_player_group_0041,Orc,Tarkhnarb,Minions of Sauron,high,Warrior,Warrior,Battlemaster,high,,,,,,,,,,,,,,,,,,,,classified,no,no,,,,,0,0,0,,,no,0,,0,,no,no
char_zeus,Zeus,zeus,player_0119,Zeus,Zeus,medium,evidence_player_group_0119,Maia,,Immortals,high,,,,,,,,,,,Maia,M,,retired,Boardreader,no,no,2026_06_16_retired_immortals,MUME retired immortal list,List current as of 2026-06-16,immortal_2026_06_16_retired_immortals_zeus_794_listed_retired_immortal,candidate,Copied by Lewis. Includes Boardreaders and honorary True Legend entry for Norsu.,immortal,yes,yes,data/evidence/whois_display/html/zeus.html,data/evidence/whois_display/text/zeus.txt,mha:zeus:1781606931:a8ab2373,high,0,0,0,,,no,0,,0,,no,no
char_zevier,Zevier,zevier,player_0003,Burb,Burb,medium,evidence_player_group_0003,Elf,Silvan,Free Peoples,medium,Cleric,Cleric,Priestess,high,,,,,female,high,,,,,,,,,,,,,,classified,no,no,,,,,0,0,0,,,no,0,,0,,no,no
char_zhagrat,Zhagrat,zhagrat,player_0042,Zhagrat,Zhagrat,medium,evidence_player_group_0042,Orc,Tarkhnarb,Minions of Sauron,high,Cleric,Cleric,Shaman,low,,,,,,,,,,,,,,,,,,,,classified,no,no,,,,,0,0,0,,,no,0,,0,,no,no
char_zhorgas,Zhorgas,zhorgas,player_0146,Dorfl,Dorfl,medium,evidence_player_group_0146,Orc,,Minions of Sauron,high,Thief,Thief,Scout,high,,,,,,,,,,,,,,,,,,,,classified,no,no,,,,,0,0,0,,,no,0,,0,,no,no
char_zhuk,Zhuk,zhuk,player_0198,Fisben,Fisben [Gleb],medium,evidence_player_group_0198,Orc,,Minions of Sauron,high,,,,,,,,,,,,,,,,,,,,,,,,race_only,no,no,,,,,0,0,0,,,no,0,,0,,no,no
char_zigrakh,Zigrakh,zigrakh,player_0035,Fankil,Fankil [Alexander],medium,evidence_player_group_0035,Orc,,Minions of Sauron,high,Warrior,Warrior,Veteran,high,,,,,,,,,,,,,,,,,,,,classified,no,no,,,,,0,0,0,,,no,0,,0,,no,no
char_zigurakhor,Zigurakhor,zigurakhor,player_0039,Drengist,Drengist,medium,evidence_player_group_0039,Man,Black Númenórean,Minions of Sauron,high,,,,,,,,,,,,,,,,,,,,,,,,race_only,no,no,,,,,0,0,0,,,no,0,,0,,no,no
char_zilkis,Zilkis,zilkis,player_0181,Ancra,Ancra [Harry],medium,evidence_player_group_0181,,,,,,,,,,,,,,,,,,,,,,,,,,,,no_whois_classification,no,no,,,,,0,0,0,,,no,0,,0,,yes,yes
char_zimar,Zimar,zimar,player_0067,David,David [David],medium,evidence_player_group_0067,Orc,Tarkhnarb,Minions of Sauron,high,Warrior,Warrior,Fighter,low,,,,,,,,,,,,,,,,,,,,classified,no,no,,,,,0,0,0,,,no,0,,0,,no,no
char_zimrathon,Zimrathon,zimrathon,player_0075,Bjorn,Bjorn [Bjorn],medium,evidence_player_group_0075,Man,Black Númenórean,Minions of Sauron,high,,,,,,,,,,,,,,,,,,,,,,,,race_only,no,no,,,,,0,0,0,,,no,0,,0,,no,no
char_zina,Zina,zina,player_0156,Kogan,Kogan,medium,evidence_player_group_0156,Man,Dúnedain,Free Peoples,medium,Cleric,Cleric,Priestess,high,,,,,female,high,,,,,,,,,,,,,,classified,no,no,,,,,1,1,1,quoted_speaker:1,Zina,no,0,,0,,no,yes
char_zirand,Zirand,zirand,player_0021,Cormac,Cormac,medium,evidence_player_group_0021,Man,,Free Peoples,medium,,,,,,,,,,,,,,,,,,,,,,,,race_only,no,no,,,,,0,0,0,,,no,0,,0,,no,no
char_zlababa,Zlababa,zlababa,player_0021,Cormac,Cormac,medium,evidence_player_group_0021,Orc,Tarkhnarb,Minions of Sauron,high,Warrior,Warrior,Battlemaster,high,,,,,,,,,,,,,,,,,,,,classified,no,no,,,,,0,0,0,,,no,0,,0,,no,no
char_zlo,Zlo,zlo,player_0196,Zomb,Zomb [Andrjuha],medium,evidence_player_group_0196,Troll,,Minions of Sauron,high,,,,,,,,,,,,,,,,,,,,,,,,race_only,no,no,,,,,0,0,0,,,no,0,,0,,no,no
char_zmej,Zmej,zmej,player_0197,Zmej,Zmej [Leha],medium,evidence_player_group_0197,Orc,Tarkhnarb,Minions of Sauron,high,General,General,Champion,medium,,,,,,,,,,,,,,,,,,,,classified,no,no,,,,,0,0,0,,,no,0,,0,,no,no
char_zocker,Zocker,zocker,player_0076,Bigger,Bigger [Jakob],medium,evidence_player_group_0076,Man,Black Númenórean,Minions of Sauron,high,,,,,,,,,,,,,,,,,,,,,,,,race_only,no,no,,,,,0,0,0,,,no,0,,0,,no,no
char_zomb,Zomb,zomb,player_0196,Zomb,Zomb [Andrjuha],medium,evidence_player_group_0196,Orc,,Minions of Sauron,high,Warrior,Warrior,Bodyguard,high,80% Rescue,,,,,,,,,,,,,,,,,,,classified,no,no,,,,,0,0,0,,,no,0,,1,low:1,no,yes
char_zoone,Zoone,zoone,player_0220,Strine,Strine,medium,evidence_player_group_0220,Orc,Tarkhnarb,Minions of Sauron,high,Warrior,Warrior,Battlemaster,high,,,,,,,,,,,,,,,,,,,,parser_suspect_or_custom_descriptor,no,no,,,,,0,0,0,,,no,0,,0,,yes,yes
char_zopa,Zopa,zopa,player_0197,Zmej,Zmej [Leha],medium,evidence_player_group_0197,,,,,,,,,,,,,,,,,,,,,,,,,,,,no_whois_classification,no,no,,,,,0,0,0,,,no,0,,0,,yes,yes
char_zorek,Zorek,zorek,player_0033,Ginlon,Ginlon,medium,evidence_player_group_0033,Orc,,Minions of Sauron,high,,,,,,,,,,,,,,,,,,,,,,,,race_only,no,no,,,,,0,0,0,,,no,0,,0,,no,no
char_zorgmol,Zorgmol,zorgmol,player_0096,Voile,Voile,medium,evidence_player_group_0096,Orc,,Minions of Sauron,high,,,,,,,,,,,,,,,,,,,,,,,,race_only,no,no,,,,,0,0,0,,,no,0,,0,,no,no
char_zorgoth,Zorgoth,zorgoth,player_0107,Ares,Ares,medium,evidence_player_group_0107,Orc,,Minions of Sauron,high,,,,,,,,,,,,,,,,,,,,,,,,race_only,no,no,,,,,0,0,0,,,no,0,,1,medium:1,no,yes
char_zorrak,Zorrak,zorrak,player_0201,Omen,Omen [Alexander],medium,evidence_player_group_0201,Orc,Tarkhnarb,Minions of Sauron,high,Cleric,Cleric,Necromancer,high,,,,,,,,,,,,,,,,,,,,classified,no,no,,,,,0,0,0,,,no,0,,0,,no,no
char_zoser,Zoser,zoser,player_0219,Risca,Risca,medium,evidence_player_group_0219,,,,,,,,,,,,,,,,,,,,,,,,,,,,no_whois_classification,no,no,,,,,0,0,0,,,no,0,,0,,yes,yes
char_zroi,Zroi,zroi,player_0142,Ethar,Ethar,medium,evidence_player_group_0142,Dwarf,,Free Peoples,medium,,,,,,,,,,,,,,,,,,,,,,,,race_only,no,no,,,,,0,0,0,,,no,0,,0,,no,no
char_zubr,Zubr,zubr,player_0081,Vassago,Vassago,medium,evidence_player_group_0081,Dwarf,,Free Peoples,medium,,,,,,,,,,,,,,,,,,,,,,,,race_only,no,no,,,,,0,0,0,,,no,0,,0,,no,no
char_zug,Zug,zug,player_0088,Bulldozer,Bulldozer,medium,evidence_player_group_0088,Orc,,Minions of Sauron,high,,,,,,,,,,,,,,,,,,,,,,,,race_only,no,no,,,,,0,0,0,,,no,0,,0,,no,no
char_zuljin,Zuljin,zuljin,player_0036,Atlas,Atlas,medium,evidence_player_group_0036,Orc,,Minions of Sauron,high,,,,,,,,,,,,,,,,,,,,,,,,race_only,no,no,,,,,0,0,0,,,no,0,,0,,no,no
char_zygmud,Zygmud,zygmud,player_0143,Djinn,Djinn,medium,evidence_player_group_0143,Man,Black Númenórean,Minions of Sauron,high,,,,,,,,,,,,,,,,,,,,,,,,race_only,no,no,,,,,0,0,0,,,no,0,,0,,no,no
char_tauno,Tauno,tauno,,,,,,Dwarf,,Free Peoples,medium,General,General,Ranger,medium,High Track; exact requirement uncertain and probably not 100%+,,,,,,,,,,,,,,,,,,,classified,no,no,,,,,0,0,0,,,no,0,,0,,no,no
char_gangee,Gangee,gangee,,,,,,Hobbit,Stoor,Free Peoples,medium,Cleric,Cleric,Necromancer,high,,,,,,,,,,,,,,,,,,,,classified,no,no,,,,,0,0,0,,,no,0,,0,,no,no
char_haphet,Haphet,haphet,,,,,,Troll,Mountain Troll,Minions of Sauron,high,Warrior,Warrior,Warrior,medium,,,,,,,,,,,,,,,,,,,,classified,no,no,,,,,0,0,0,,,no,0,,0,,no,no
char_huor,Huor,huor,,,,,,Man,Dúnedain,Free Peoples,medium,Warrior,Warrior,Battlemaster,high,,,,,,,,,,,,,,,,,,,,classified,no,no,,,,,0,0,0,,,no,0,,0,,no,no
char_romaïn,Romaïn,romain,,,,,,Dwarf,,Free Peoples,medium,Warrior,Warrior,Axemaster,high,100% cleaving weapons,,,,,,,,,,,,,,,,,,,classified,no,no,,,,,0,0,0,,,no,0,,0,,no,no
char_akela,Akela,akela,,,,,,Dwarf,,Free Peoples,medium,Warrior,Warrior,Battlemaster,high,,,,,,,,,,,,,,,,,,,,classified,no,no,,,,,0,0,0,,,no,0,,0,,no,no
char_ainko,Ainko,ainko,,,,,,Dwarf,Broadbeam,Free Peoples,medium,General,General,Adventurer,medium,,,,,,,,,,,,,,,,,,,,classified,no,no,,,,,0,0,0,,,no,0,,0,,no,no
char_aeruscator,Aeruscator,aeruscator,,,,,,Half-Elf,,Free Peoples,medium,Cleric,Cleric,Healer,high,,,,,,,,,,,,,,,,,,,,classified,no,no,,,,,0,0,0,,,no,0,,2,medium:2,no,yes
char_korn,Korn,korn,,,,,,Troll,,Minions of Sauron,high,,,,,,,,,,,,,,,,,,,,,,,,race_only,no,no,,,,,0,0,0,,,no,0,,0,,no,no
char_tuor,Tuor,tuor,,,,,,Maia,,Immortals,high,Cartographer,Cartographer,Cartographer,high,,,,,,,Maia,M,Cartographer,retired,Maia,no,no,2026_06_16_retired_immortals,MUME retired immortal list,List current as of 2026-06-16,immortal_2026_06_16_retired_immortals_tuor_286_listed_retired_immortal,candidate,Copied by Lewis. Includes Boardreaders and honorary True Legend entry for Norsu.,immortal,yes,yes,data/evidence/whois_display/html/tuor.html,data/evidence/whois_display/text/tuor.txt,mha:tuor:1781606426:616ef592,high,0,0,0,,,no,0,,0,,no,no
char_shydaë,Shydaë,shydae,,,,,,Elf,Silvan,Free Peoples,medium,Thief,Thief,Quickblade,high,,,,,,,,,,,,,,,,,,,,classified,no,no,,,,,0,0,0,,,no,0,,0,,no,no
char_maartje,Maartje,maartje,,,,,,Man,Black Númenórean,Minions of Sauron,high,General,General,Rider,medium,90% Ride,,,,,,,,,,,,,,,,,,,classified,no,no,,,,,0,0,0,,,no,0,,0,,no,no
char_gefe,Gefe,gefe,,,,,,Maia,,Immortals,high,Builder,Builder,Builder,high,,,,,,,Maia,M,Builder,retired,Maia,no,no,2026_06_16_retired_immortals,MUME retired immortal list,List current as of 2026-06-16,immortal_2026_06_16_retired_immortals_gefe_187_listed_retired_immortal,candidate,Copied by Lewis. Includes Boardreaders and honorary True Legend entry for Norsu.,immortal,yes,yes,data/evidence/whois_display/html/gefe.html,data/evidence/whois_display/text/gefe.txt,mha:gefe:1781579960:94b95b52,high,0,0,0,,,no,0,,0,,no,no
char_agân,Agân,agan,player_0079,Feon,Feon [Johan],medium,evidence_player_group_0079,Orc,Tarkhnarb,Minions of Sauron,high,Cleric,Cleric,Shaman,low,,,,,,,,,,,,,,,,,,,,classified,no,no,,,,,0,0,0,,,no,0,,0,,no,no
char_alázar,Alázar,alazar,player_0201,Omen,Omen [Alexander],medium,evidence_player_group_0201,Half-Elf,,Free Peoples,medium,Cleric,Cleric,Patriarch,high,,,,,male,high,,,,,,,,,,,,,,classified,no,no,,,,,0,0,0,,,no,0,,0,,no,no
char_anólad,Anólad,anolad,player_0034,Nazgum,Nazgum,medium,evidence_player_group_0034,Maia,,Immortals,high,Cartographer,Cartographer,Cartographer,high,,,,,,,Maia,M,Cartographer,current,Maia,no,no,2026_06_16_current_immortals,MUME current immortal list,List current as of 2026-06-16,immortal_2026_06_16_current_immortals_anolad_56_listed_current_immortal,candidate,Copied by Lewis. (+m) means the immortal is also a Maiar Muddler / muddle code contributor.,immortal,yes,yes,data/evidence/whois_display/html/anolad.html,data/evidence/whois_display/text/anolad.txt,mha:anólad:1781577555:3fe2ca5b,high,3,0,0,comma_name_list:3,Nireth; Nemisa; Itzit,no,0,,0,,no,yes
char_amàrië,Amàrië,amarie,player_0046,Filibert,Filibert,medium,evidence_player_group_0046,Elf,,Free Peoples,medium,,,,,,,,,,,,,,,,,,,,,,,,race_only,no,no,,,,,0,0,0,,,no,0,,0,,no,no
char_amdír,Amdír,amdir,player_0058,Steele,Steele [Dan],medium,evidence_player_group_0058,Elf,Sindarin,Free Peoples,medium,Thief,Thief,Hunter,medium,,,,,,,,,,,,,,,,,,,,classified,no,no,,,,,0,0,0,,,no,0,,0,,no,no
char_anézka,Anézka,anezka,player_0180,Evandaar,Evandaar [Daniel],medium,evidence_player_group_0180,Man,Black Númenórean,Minions of Sauron,high,,,,,,,,,,,,,,,,,,,,,,,,race_only,no,no,,,,,0,0,0,,,no,0,,0,,no,no
char_alwëon,Alwëon,alweon,player_0026,Alweon,Alweon,medium,evidence_player_group_0026,Elf,Noldorin,Free Peoples,medium,Magic-user,Magic-user,Sage,high,,,,,,,,,,,,,,,,,,,,classified,no,no,,,,,0,0,0,,,no,0,,0,,no,no
char_alhádar,Alhádar,alhadar,player_0038,Sabadon,Sabadon,medium,evidence_player_group_0038,Elf,,Free Peoples,medium,,,,,,,,,,,,,,,,,,,,,,,,race_only,no,no,,,,,0,0,0,,,no,0,,0,,no,no
char_aielë,Aielë,aiele,player_0188,Aiele,Aiele [Joel],medium,evidence_player_group_0188,Maia,,Immortals,high,Cartographer,Cartographer,Cartographer,high,,,,,,,Maia,M,Cartographer,retired,Maia,no,no,2026_06_16_retired_immortals,MUME retired immortal list,List current as of 2026-06-16,immortal_2026_06_16_retired_immortals_aiele_204_listed_retired_immortal,candidate,Copied by Lewis. Includes Boardreaders and honorary True Legend entry for Norsu.,immortal,yes,yes,data/evidence/whois_display/html/aiele.html,data/evidence/whois_display/text/aiele.txt,mha:aielë:1781576683:be50687c,high,0,0,0,,,no,0,,0,,no,no
char_feärendil,Feärendil,fearendil,player_0205,Fearendil,Fearendil [Dmitry],medium,evidence_player_group_0205,Elf,Noldorin,Free Peoples,medium,Thief,Thief,Scout,high,,,,,,,,,,,,,,,,,,,,classified,no,no,,,,,0,0,0,,,no,0,,1,medium:1,no,yes
char_tiá,Tiá,tia,player_0059,Tia,Tia,medium,evidence_player_group_0059,Dwarf,,Free Peoples,medium,Warrior,Warrior,Battlemistress,high,,,,,female,high,,,,,,,,,,,,,,classified,no,no,,,,,0,0,0,,,no,0,,0,,no,no
char_thezí,Thezí,thezi,player_0180,Evandaar,Evandaar [Daniel],medium,evidence_player_group_0180,Orc,,Minions of Sauron,high,,,,,,,,,,,,,,,,,,,,,,,,race_only,no,no,,,,,0,0,0,,,no,0,,0,,no,no
char_väinämöinen,Väinämöinen,vainamoinen,player_0032,Rashnak,Rashnak,medium,evidence_player_group_0032,Elf,Silvan,Free Peoples,medium,General,General,Hero,medium,,,,,,,,,,,,,,,,,,,,classified,no,no,,,,,0,0,0,,,yes,1,44.5,0,,no,no
char_baûrk,Baûrk,baurk,player_0110,Fredde,Fredde [Fredde],medium,evidence_player_group_0110,Orc,Tarkhnarb,Minions of Sauron,high,General,General,Rider,medium,90% Ride,,,,,,,,,,,,,,,,,,,classified,no,no,,,,,0,0,0,,,no,0,,0,,no,no
char_lótë,Lótë,lote,player_0186,Hanr,Hanr,medium,evidence_player_group_0186,Elf,Silvan,Free Peoples,medium,Cleric,Cleric,Matriarch,high,,,,,female,high,,,,,,,,,,,,,,classified,no,no,,,,,0,0,0,,,no,0,,0,,no,no
char_watár,Watár,watar,player_0065,Wryak,Wryak [Tapio],medium,evidence_player_group_0065,Orc,Tarkhnarb,Minions of Sauron,high,Thief,Thief,Assassin,high,,,,,,,,,,,,,,,,,,,,classified,no,no,,,,,0,0,0,,,no,0,,0,,no,no
char_válandar,Válandar,valandar,player_0180,Evandaar,Evandaar [Daniel],medium,evidence_player_group_0180,Elf,,Free Peoples,medium,,,,,,,,,,,,,,,,,,,,,,,,race_only,no,no,,,,,0,0,0,,,no,0,,0,,no,no
char_ingwë,Ingwë,ingwe,player_0046,Filibert,Filibert,medium,evidence_player_group_0046,Elf,Noldorin,Free Peoples,medium,Warrior,Warrior,Battlemaster,high,,,,,,,,,,,,,,,,,,,,classified,no,no,,,,,0,0,0,,,no,0,,0,,no,no
char_síroth,Síroth,siroth,player_0061,Siroth,Siroth,medium,evidence_player_group_0061,Elf,Sindarin,Free Peoples,medium,General,General,Hero,medium,,,,,,,,,,,,,,,,,,,,classified,no,no,,,,,0,0,0,,,no,0,,0,,no,no
char_líng,Líng,ling,player_0063,Ling,Ling,medium,evidence_player_group_0063,Maia,,Immortals,high,,,,,,,,,,,Maia,M,,retired,Boardreader,no,no,2026_06_16_retired_immortals,MUME retired immortal list,List current as of 2026-06-16,immortal_2026_06_16_retired_immortals_ling_573_listed_retired_immortal,candidate,Copied by Lewis. Includes Boardreaders and honorary True Legend entry for Norsu.,immortal,yes,yes,data/evidence/whois_display/html/ling.html,data/evidence/whois_display/text/ling.txt,mha:líng:1781604524:d922d124,high,1,1,1,quoted_speaker:1,Azan,no,0,,0,,no,yes
char_olórion,Olórion,olorion,player_0079,Feon,Feon [Johan],medium,evidence_player_group_0079,Elf,Sindarin,Free Peoples,medium,Cleric,Cleric,Master Healer,high,,,,,,,,,,,,,,,,,,,,classified,no,no,,,,,0,0,0,,,no,0,,0,,no,no
char_elenwë,Elenwë,elenwe,player_0159,Beorel,Beorel,medium,evidence_player_group_0159,Elf,,Free Peoples,medium,,,,,,,,,,,,,,,,,,,,,,,,race_only,no,no,,,,,3,3,3,quoted_speaker:3,Mestan,no,0,,0,,no,yes
char_dûrlak,Dûrlak,durlak,player_0060,Amandil,Amandil,medium,evidence_player_group_0060,Orc,,Minions of Sauron,high,,,,,,,,,,,,,,,,,,,,,,,,race_only,no,no,,,,,0,0,0,,,no,0,,0,,no,no
char_fëaran,Fëaran,fearan,player_0017,Alkar,Alkar,medium,evidence_player_group_0017,Elf,,Free Peoples,medium,,,,,,,,,,,,,,,,,,,,,,,,race_only,no,no,,,,,0,0,0,,,no,0,,0,,no,no
char_magíca,Magíca,magica,player_0063,Ling,Ling,medium,evidence_player_group_0063,Elf,,Free Peoples,medium,,,,,,,,,,,,,,,,,,,,,,,,race_only,no,no,,,,,0,0,0,,,no,0,,0,,no,no
char_vôld,Vôld,vold,player_0188,Aiele,Aiele [Joel],medium,evidence_player_group_0188,Orc,,Minions of Sauron,high,Warrior,Warrior,Veteran,high,,,,,,,,,,,,,,,,,,,,classified,no,no,,,,,0,0,0,,,no,0,,0,,no,no
char_cilúrâs,Cilúrâs,ciluras,player_0083,Goretongue,Goretongue [Jeremiah],medium,evidence_player_group_0083,Orc,Tarkhnarb,Minions of Sauron,high,Warrior,Warrior,Veteran,high,,,,,,,,,,,,,,,,,,,,classified,no,no,,,,,0,0,0,,,no,0,,0,,no,no
char_nimîr,Nimîr,nimir,player_0079,Feon,Feon [Johan],medium,evidence_player_group_0079,Elf,Silvan,Free Peoples,medium,Cleric,Cleric,Priest,high,,,,,,,,,,,,,,,,,,,,classified,no,no,,,,,0,0,0,,,no,0,,0,,no,no
char_equínôxë,Equínôxë,equinoxe,player_0062,Auriane,Auriane [Bob],medium,evidence_player_group_0062,Orc,,Minions of Sauron,high,Warrior,Warrior,Battlemistress,high,,,,,female,high,,,,,,,,,,,,,,classified,no,no,,,,,0,0,0,,,no,0,,0,,no,no
char_warzûr,Warzûr,warzur,player_0029,Faint,Faint,medium,evidence_player_group_0029,Orc,Tarkhnarb,Minions of Sauron,high,Warrior,Warrior,Battlemaster,high,,,,,,,,,,,,,,,,,,,,classified,no,no,,,,,0,0,0,,,no,0,,0,,no,no
char_fingéror,Fingéror,fingeror,player_0008,Fingeror,Fingeror [Jocke],medium,evidence_player_group_0008,Elf,Sindarin,Free Peoples,medium,General,General,Hero,medium,,,,,,,,,,,,,,,,,,,,classified,no,no,,,,,0,0,0,,,no,0,,0,,no,no
char_brâddóck,Brâddóck,braddock,player_0057,Kenzu,Kenzu,medium,evidence_player_group_0057,Orc,Tarkhnarb,Minions of Sauron,high,General,General,Rider,medium,90% Ride,,,,,,,,,,,,,,,,,,,classified,no,no,,,,,2,2,2,quoted_speaker:2,Smrtihlav,no,0,,0,,no,yes
char_jätte,Jätte,jatte,player_0071,Marre,Marre [Martin],medium,evidence_player_group_0071,Troll,Cave Troll,Minions of Sauron,high,General,General,Adventurer,medium,,,,,,,,,,,,,,,,,,,,classified,no,no,,,,,0,0,0,,,no,0,,0,,no,no
char_shaïgan,Shaïgan,shaigan,player_0024,Decoy,Decoy [Peter],medium,evidence_player_group_0024,Dwarf,,Free Peoples,medium,,,,,,,,,,,,,,,,,,,,,,,,race_only,no,no,,,,,0,0,0,,,no,0,,0,,no,no
char_eärnur,Eärnur,earnur,player_0018,Feanor,Feanor,medium,evidence_player_group_0018,Man,Black Númenórean,Minions of Sauron,high,,,,,,,,,,,,,,,,,,,,,,,,race_only,no,no,,,,,0,0,0,,,no,0,,0,,no,no
char_líëf,Líëf,lief,player_0057,Kenzu,Kenzu,medium,evidence_player_group_0057,Dwarf,,Free Peoples,medium,,,,,,,,,,,,,,,,,,,,,,,,race_only,no,no,,,,,0,0,0,,,no,0,,1,low:1,no,yes
char_röhik,Röhik,rohik,player_0211,Rohic,Rohic [Rohik],medium,evidence_player_group_0211,Hobbit,,Free Peoples,medium,,,,,,,,,,,,,,,,,,,,,,,,race_only,no,no,,,,,0,0,0,,,no,0,,0,,no,no
char_dugmôk,Dugmôk,dugmok,player_0012,Axel,Axel [Axel],medium,evidence_player_group_0012,Orc,Tarkhnarb,Minions of Sauron,high,Cleric,Cleric,Necromancer,high,,,,,,,,,,,,,,,,,,,,classified,no,no,,,,,0,0,0,,,no,0,,0,,no,no
char_lâirâthim,Lâirâthim,lairathim,player_0108,Toe,Toe,medium,evidence_player_group_0108,Man,Black Númenórean,Minions of Sauron,high,,,,,,,,,,,,,,,,,,,,,,,,race_only,no,no,,,,,0,0,0,,,yes,1,40.0,1,medium:1,no,yes
char_rìsca,Rìsca,risca,player_0219,Risca,Risca,medium,evidence_player_group_0219,Man,Dúnedain,Free Peoples,medium,General,General,Hero,medium,,,,,,,,,,,,,,,,,,,,classified,no,no,,,,,0,0,0,,,no,0,,0,,no,no
char_nûri,Nûri,nuri,player_0192,Moonshade,Moonshade [Alex],medium,evidence_player_group_0192,Dwarf,,Free Peoples,medium,,,,,,,,,,,,,,,,,,,,,,,,race_only,no,no,,,,,0,0,0,,,no,0,,0,,no,no
char_uzbâd,Uzbâd,uzbad,player_0131,Feagil,Feagil,medium,evidence_player_group_0131,Dwarf,,Free Peoples,medium,,,,,,,,,,,,,,,,,,,,,,,,race_only,no,no,,,,,0,0,0,,,no,0,,0,,no,no
char_ëárand,Ëárand,earand,player_0057,Kenzu,Kenzu,medium,evidence_player_group_0057,Half-Elf,,Free Peoples,medium,,,,,,,,,,,,,,,,,,,,,,,,race_only,no,no,,,,,0,0,0,,,no,0,,0,,no,no
char_xágök,Xágök,xagok,player_0149,Miser,Miser,medium,evidence_player_group_0149,Orc,,Minions of Sauron,high,Thief,Thief,Burglar,low,,,,,,,,,,,,,,,,,,,,classified,no,no,,,,,0,0,0,,,no,0,,0,,no,no
char_fëagil,Fëagil,feagil,player_0131,Feagil,Feagil,medium,evidence_player_group_0131,Maia,,Immortals,high,Cartographer,Cartographer,Cartographer,high,,,,,,,Maia,M,Cartographer,retired,Maia,no,no,2026_06_16_retired_immortals,MUME retired immortal list,List current as of 2026-06-16,immortal_2026_06_16_retired_immortals_feagil_235_listed_retired_immortal,candidate,Copied by Lewis. Includes Boardreaders and honorary True Legend entry for Norsu.,immortal,yes,yes,data/evidence/whois_display/html/feagil.html,data/evidence/whois_display/text/feagil.txt,mha:fëagil:1781579893:7d984fa8,high,0,0,0,,,no,0,,0,,no,no
char_zigûrakhôr,Zigûrakhôr,zigurakhor,player_0039,Drengist,Drengist,medium,evidence_player_group_0039,Man,Black Númenórean,Minions of Sauron,high,,,,,,,,,,,,,,,,,,,,,,,,race_only,no,no,,,,,0,0,0,,,no,0,,0,,no,no
char_bómir,Bómir,bomir,player_0026,Alweon,Alweon,medium,evidence_player_group_0026,Man,Rohirrim,Free Peoples,medium,General,General,Hero,medium,,,,,,,,,,,,,,,,,,,,classified,no,no,,,,,0,0,0,,,no,0,,0,,no,no
char_mâlak,Mâlak,malak,player_0026,Alweon,Alweon,medium,evidence_player_group_0026,Orc,,Minions of Sauron,high,,,,,,,,,,,,,,,,,,,,,,,,race_only,no,no,,,,,0,0,0,,,no,0,,0,,no,no
char_chelíos,Chelíos,chelios,player_0038,Sabadon,Sabadon,medium,evidence_player_group_0038,Elf,,Free Peoples,medium,,,,,,,,,,,,,,,,,,,,,,,,race_only,no,no,,,,,0,0,0,,,no,0,,0,,no,no
char_chógâll,Chógâll,chogall,player_0036,Atlas,Atlas,medium,evidence_player_group_0036,Orc,Tarkhnarb,Minions of Sauron,high,Cleric,Cleric,Shaman,low,,,,,,,,,,,,,,,,,,,,classified,no,no,,,,,0,0,0,,,no,0,,0,,no,no
char_thróin,Thróin,throin,player_0058,Steele,Steele [Dan],medium,evidence_player_group_0058,Dwarf,,Free Peoples,medium,Warrior,Warrior,Battlemaster,high,,,,,,,,,,,,,,,,,,,,classified,no,no,,,,,0,0,0,,,no,0,,0,,no,no
char_râin,Râin,rain,player_0085,Daevia,Daevia,medium,evidence_player_group_0085,Half-Elf,,Free Peoples,medium,General,General,Hero,medium,,,,,,,,,,,,,,,,,,,,classified,no,no,,,,,0,0,0,,,no,0,,0,,no,no
char_shathûr,Shathûr,shathur,player_0036,Atlas,Atlas,medium,evidence_player_group_0036,Dwarf,,Free Peoples,medium,Warrior,Warrior,Weaponsmaster,high,Unknown percent in at least two weapon skills,,,,,,,,,,,,,,,,,,,classified,no,no,,,,,0,0,0,,,no,0,,0,,no,no
char_héróld,Héróld,herold,player_0006,Chavez,Chavez,medium,evidence_player_group_0006,Man,Rohirrim,Free Peoples,medium,Cleric,Cleric,Patriarch,high,,,,,male,high,,,,,,,,,,,,,,classified,no,no,,,,,0,0,0,,,no,0,,0,,no,no
char_imrazôr,Imrazôr,imrazor,player_0038,Sabadon,Sabadon,medium,evidence_player_group_0038,Man,Black Númenórean,Minions of Sauron,high,,,,,,,,,,,,,,,,,,,,,,,,race_only,no,no,,,,,0,0,0,,,no,0,,0,,no,no
char_féagwath,Féagwath,feagwath,player_0036,Atlas,Atlas,medium,evidence_player_group_0036,Man,Black Númenórean,Minions of Sauron,high,,,,,,,,,,,,,,,,,,,,,,,,race_only,no,no,,,,,0,0,0,,,no,0,,1,low:1,no,yes
char_lenwë,Lenwë,lenwe,player_0045,Rza,Rza,medium,evidence_player_group_0045,Elf,Noldorin,Free Peoples,medium,Magic-user,Magic-user,Wizard,high,,,,,,,,,,,,,,,,,,,,classified,no,no,,,,,0,0,0,,,no,0,,0,,no,no
char_néziel,Néziel,neziel,player_0043,Lehto,Lehto,medium,evidence_player_group_0043,Orc,Tarkhnarb,Minions of Sauron,high,Thief,Thief,Murderess,medium,,,,,female,high,,,,,,,,,,,,,,classified,no,no,,,,,0,0,0,,,no,0,,0,,no,no
char_flói,Flói,floi,player_0107,Ares,Ares,medium,evidence_player_group_0107,Dwarf,Longbeard,Free Peoples,medium,General,General,Hero,medium,,,,,,,,,,,,,,,,,,,,classified,no,no,,,,,0,0,0,,,no,0,,1,medium:1,no,yes
char_fëagor,Fëagor,feagor,player_0007,Diamonium,Diamonium,medium,evidence_player_group_0007,Half-Elf,,Free Peoples,medium,,,,,,,,,,,,,,,,,,,,,,,,race_only,no,no,,,,,0,0,0,,,no,0,,0,,no,no
char_thrór,Thrór,thror,player_0107,Ares,Ares,medium,evidence_player_group_0107,Dwarf,Longbeard,Free Peoples,medium,General,General,Hero,medium,,,,,,,,,,,,,,,,,,,,classified,no,no,,,,,0,0,0,,,no,0,,2,medium:2,no,yes
char_rhômbuc,Rhômbuc,rhombuc,player_0012,Axel,Axel [Axel],medium,evidence_player_group_0012,Orc,,Minions of Sauron,high,,,,,,,,,,,,,,,,,,,,,,,,race_only,no,no,,,,,0,0,0,,,no,0,,1,low:1,no,yes
char_seríon,Seríon,serion,player_0037,Bobbie,Bobbie,medium,evidence_player_group_0037,Elf,,Free Peoples,medium,,,,,,,,,,,,,,,,,,,,,,,,race_only,no,no,,,,,0,0,0,,,yes,1,10.5,0,,no,no
char_zé,Zé,ze,player_0067,David,David [David],medium,evidence_player_group_0067,Orc,,Minions of Sauron,high,,,,,,,,,,,,,,,,,,,,,,,,race_only,no,no,,,,,0,0,0,,,no,0,,0,,no,no
char_dône,Dône,done,player_0113,Nardhal,Nardhal,medium,evidence_player_group_0113,Dwarf,,Free Peoples,medium,,,,,,,,,,,,,,,,,,,,,,,,race_only,no,no,,,,,0,0,0,,,no,0,,0,,no,no
char_bêlzagar,Bêlzagar,belzagar,player_0030,Manatark,Manatark [Kaido],medium,evidence_player_group_0030,Man,Black Númenórean,Minions of Sauron,high,General,General,Envoy,medium,,,,,,,,,,,,,,,,,,,,classified,no,no,,,,,0,0,0,,,no,0,,0,,no,no
char_drägg,Drägg,dragg,player_0103,Edvard,Edvard [Aron],medium,evidence_player_group_0103,Dwarf,,Free Peoples,medium,Warrior,Warrior,Weaponsmaster,high,Unknown percent in at least two weapon skills,,,,,,,,,,,,,,,,,,,classified,no,no,,,,,0,0,0,,,no,0,,0,,no,no
char_röhic,Röhic,rohic,player_0211,Rohic,Rohic [Rohik],medium,evidence_player_group_0211,Maia,,Immortals,high,,,,,,,,,,,Maia,M,,retired,Boardreader,no,no,2026_06_16_retired_immortals,MUME retired immortal list,List current as of 2026-06-16,immortal_2026_06_16_retired_immortals_rohic_680_listed_retired_immortal,candidate,Copied by Lewis. Includes Boardreaders and honorary True Legend entry for Norsu.,immortal,yes,yes,data/evidence/whois_display/html/rohic.html,data/evidence/whois_display/text/rohic.txt,mha:röhic:1781605700:ae5a59dc,high,0,0,0,,,no,0,,0,,no,no
char_gilmándir,Gilmándir,gilmandir,player_0137,Tear,Tear,medium,evidence_player_group_0137,Elf,,Free Peoples,medium,,,,,,,,,,,,,,,,,,,,,,,,race_only,no,no,,,,,0,0,0,,,no,0,,0,,no,no
char_ôstu,Ôstu,ostu,player_0192,Moonshade,Moonshade [Alex],medium,evidence_player_group_0192,Elf,,Free Peoples,medium,,,,,,,,,,,,,,,,,,,,,,,,race_only,no,no,,,,,0,0,0,,,no,0,,0,,no,no
char_kostêj,Kostêj,kostej,player_0019,Luke,Luke,medium,evidence_player_group_0019,Orc,Tarkhnarb,Minions of Sauron,high,Thief,Thief,Assassin,high,,,,,,,,,,,,,,,,,,,,classified,no,no,,,,,0,0,0,,,no,0,,0,,no,no
char_légion,Légion,legion,player_0036,Atlas,Atlas,medium,evidence_player_group_0036,Elf,Noldorin,Free Peoples,medium,General,General,Hero,medium,,,,,,,,,,,,,,,,,,,,classified,no,no,,,,,0,0,0,,,no,0,,1,low:1,no,yes
char_curufinwë,Curufinwë,curufinwe,player_0131,Feagil,Feagil,medium,evidence_player_group_0131,Elf,,Free Peoples,medium,,,,,,,,,,,,,,,,,,,,,,,,race_only,no,no,,,,,0,0,0,,,no,0,,0,,no,no
char_téar,Téar,tear,player_0137,Tear,Tear,medium,evidence_player_group_0137,Dwarf,,Free Peoples,medium,,,,,,,,,,,,,,,,,,,,,,,,race_only,no,no,,,,,0,0,0,,,no,0,,0,,no,no
char_námo,Námo,namo,player_0016,Namo,Namo,medium,evidence_player_group_0016,Vala,,Immortals,high,,,,,,,,,,,Arata,A,,retired,Aratar,no,no,2026_06_16_retired_immortals,MUME retired immortal list,List current as of 2026-06-16,immortal_2026_06_16_retired_immortals_namo_7_listed_retired_immortal,candidate,Copied by Lewis. Includes Boardreaders and honorary True Legend entry for Norsu.,immortal,yes,yes,data/evidence/whois_display/html/namo.html,data/evidence/whois_display/text/namo.txt,mha:námo:1781605165:33ff8f9b,high,0,0,0,,,no,0,,0,,no,no
char_tower,Tower,tower,,,,,,Man,Beorning,Free Peoples,medium,General,General,Hero,medium,,,,,,,,,,,,,,,,,,,,classified,no,no,,,,,1,0,0,quoted_speaker:1,Griand,no,0,,0,,no,yes
char_rästik,Rästik,rastik,player_0048,Draggor,Draggor,medium,evidence_player_group_0048,Elf,Silvan,Free Peoples,medium,Thief,Thief,Scout,high,,,,,,,,,,,,,,,,,,,,classified,no,no,,,,,0,0,0,,,yes,1,11.5,0,,no,no
char_björn,Björn,bjorn,player_0075,Bjorn,Bjorn [Bjorn],medium,evidence_player_group_0075,Maia,,Immortals,high,Builder,Builder,Builder,high,,,,,,,Maia,M,Builder,current,Maia,no,no,2026_06_16_current_immortals,MUME current immortal list,List current as of 2026-06-16,immortal_2026_06_16_current_immortals_bjorn_50_listed_current_immortal,candidate,Copied by Lewis. (+m) means the immortal is also a Maiar Muddler / muddle code contributor.,immortal,no,no,,,,,7,6,6,comma_name_list:7,Bogger; Romin; Vradul; Lenwë; Zimrathôn; Gryl; Jauer,no,0,,0,,no,yes
char_uldrâk,Uldrâk,uldrak,player_0061,Siroth,Siroth,medium,evidence_player_group_0061,Orc,Tarkhnarb,Minions of Sauron,high,Warrior,Warrior,Battlemaster,high,,,,,,,,,,,,,,,,,,,,classified,no,no,,,,,0,0,0,,,no,0,,0,,no,no
char_dragóth,Dragóth,dragoth,player_0024,Decoy,Decoy [Peter],medium,evidence_player_group_0024,Orc,Tarkhnarb,Minions of Sauron,high,Warrior,Warrior,Veteran,high,,,,,,,,,,,,,,,,,,,,classified,no,no,,,,,0,0,0,,,no,0,,1,low:1,no,yes
char_bladorfat,Bladorfat,bladorfat,,,,,,Maia,,Immortals,high,Cartographer,Cartographer,Cartographer,high,,,,,,,Maia,M,Cartographer,current,Maia,no,no,2026_06_16_current_immortals,MUME current immortal list,List current as of 2026-06-16,immortal_2026_06_16_current_immortals_bladorfat_61_listed_current_immortal,candidate,Copied by Lewis. (+m) means the immortal is also a Maiar Muddler / muddle code contributor.,immortal,yes,yes,data/evidence/whois_display/html/bladorfat.html,data/evidence/whois_display/text/bladorfat.txt,mha:bladorfat:1781577975:d163fa2e,high,0,0,0,,,no,0,,0,,no,no
char_kötta,Kötta,kotta,player_0110,Fredde,Fredde [Fredde],medium,evidence_player_group_0110,Troll,,Minions of Sauron,high,,,,,,,,,,,,,,,,,,,,,,,,race_only,no,no,,,,,0,0,0,,,no,0,,0,,no,no
char_bëogul,Bëogul,beogul,player_0134,Chauncey,Chauncey,medium,evidence_player_group_0134,Man,Beorning,Free Peoples,medium,Warrior,Warrior,Warrior,medium,,,,,,,,,,,,,,,,,,,,classified,no,no,,,,,0,0,0,,,no,0,,0,,no,no
char_zimrathôn,Zimrathôn,zimrathon,player_0075,Bjorn,Bjorn [Bjorn],medium,evidence_player_group_0075,Man,Black Númenórean,Minions of Sauron,high,,,,,,,,,,,,,,,,,,,,,,,,race_only,no,no,,,,,0,0,0,,,no,0,,0,,no,no
char_ochrâ,Ochrâ,ochra,player_0129,Liliah,Liliah,medium,evidence_player_group_0129,Orc,,Minions of Sauron,high,,,,,,,,,,,,,,,,,,,,,,,,race_only,no,no,,,,,0,0,0,,,yes,1,23.5,0,,no,no
char_hälas,Hälas,halas,player_0158,Ainafea,Ainafea,medium,evidence_player_group_0158,Elf,,Free Peoples,medium,,,,,,,,,,,,,,,,,,,,,,,,race_only,no,no,,,,,0,0,0,,,no,0,,0,,no,no
char_celórfilas,Celórfilas,celorfilas,player_0098,Dragor,Dragor,medium,evidence_player_group_0098,Elf,Noldorin,Free Peoples,medium,General,General,Hero,medium,,,,,,,,,,,,,,,,,,,,classified,no,no,,,,,0,0,0,,,no,0,,0,,no,no
char_bök,Bök,bok,player_0144,Jones,Jones,medium,evidence_player_group_0144,Dwarf,Firebeard,Free Peoples,medium,General,General,Hero,medium,,,,,,,,,,,,,,,,,,,,classified,no,no,,,,,0,0,0,,,no,0,,0,,no,no
char_camân,Camân,caman,player_0051,Alantir,Alantir,medium,evidence_player_group_0051,Elf,,Free Peoples,medium,,,,,,,,,,,,,,,,,,,,,,,,race_only,no,no,,,,,0,0,0,,,no,0,,0,,no,no
char_vanimeldë,Vanimeldë,vanimelde,player_0035,Fankil,Fankil [Alexander],medium,evidence_player_group_0035,Man,Black Númenórean,Minions of Sauron,high,,,,,,,,,,,,,,,,,,,,,,,,race_only,no,no,,,,,0,0,0,,,no,0,,0,,no,no
char_khím,Khím,khim,player_0035,Fankil,Fankil [Alexander],medium,evidence_player_group_0035,Dwarf,,Free Peoples,medium,General,General,Hero,medium,,,,,,,,,,,,,,,,,,,,classified,no,no,,,,,0,0,0,,,no,0,,0,,no,no
char_gròk,Gròk,grok,player_0058,Steele,Steele [Dan],medium,evidence_player_group_0058,Dwarf,,Free Peoples,medium,Warrior,Warrior,Bodyguard,high,80% Rescue,,,,,,,,,,,,,,,,,,,classified,no,no,,,,,0,0,0,,,no,0,,2,low:2,no,yes
char_déor,Déor,deor,player_0054,Deor,Deor,medium,evidence_player_group_0054,Vala,,Immortals,high,Architect,Architect,Architect,high,,,,,,,Vala,V,Architect,retired,Vala,no,no,2026_06_16_retired_immortals,MUME retired immortal list,List current as of 2026-06-16,immortal_2026_06_16_retired_immortals_deor_47_listed_retired_immortal,candidate,Copied by Lewis. Includes Boardreaders and honorary True Legend entry for Norsu.,immortal,no,no,,,,,0,0,0,,,no,0,,0,,no,no
char_nazgúm,Nazgúm,nazgum,player_0034,Nazgum,Nazgum,medium,evidence_player_group_0034,Orc,Tarkhnarb,Minions of Sauron,high,General,General,Champion,medium,,,,,,,,,,,,,,,,,,,,classified,no,no,,,,,0,0,0,,,no,0,,0,,no,no
char_mìyáhk,Mìyáhk,miyahk,player_0176,Beltira,Beltira [Erik],medium,evidence_player_group_0176,Dwarf,,Free Peoples,medium,Warrior,Warrior,Warden,high,75% Bash,,,,,,,,,,,,,,,,,,,classified,no,no,,,,,0,0,0,,,no,0,,0,,no,no
char_jopónen,Jopónen,joponen,player_0071,Marre,Marre [Martin],medium,evidence_player_group_0071,Man,Black Númenórean,Minions of Sauron,high,,,,,,,,,,,,,,,,,,,,,,,,race_only,no,no,,,,,0,0,0,,,no,0,,0,,no,no
char_náin,Náin,nain,player_0014,Gothmog,Gothmog [Petter],medium,evidence_player_group_0014,Dwarf,,Free Peoples,medium,,,,,,,,,,,,,,,,,,,,,,,,race_only,no,no,,,,,0,0,0,,,no,0,,0,,no,no
char_nazghûl,Nazghûl,nazghul,player_0022,Moonparent,Moonparent [David],medium,evidence_player_group_0022,Orc,,Minions of Sauron,high,,,,,,,,,,,,,,,,,,,,,,,,race_only,no,no,,,,,0,0,0,,,no,0,,1,low:1,no,yes
char_elenrìl,Elenrìl,elenril,player_0172,Agattax,Agattax [Robin],medium,evidence_player_group_0172,Elf,,Free Peoples,medium,,,,,,,,,,,,,,,,,,,,,,,,race_only,no,no,,,,,0,0,0,,,no,0,,0,,no,no
char_elumïr,Elumïr,elumir,player_0061,Siroth,Siroth,medium,evidence_player_group_0061,Half-Elf,,Free Peoples,medium,Cleric,Cleric,Priest,high,,,,,,,,,,,,,,,,,,,,classified,no,no,,,,,0,0,0,,,no,0,,0,,no,no
char_dhàrazor,Dhàrazor,dharazor,player_0096,Voile,Voile,medium,evidence_player_group_0096,Dwarf,,Free Peoples,medium,,,,,,,,,,,,,,,,,,,,,,,,race_only,no,no,,,,,0,0,0,,,no,0,,0,,no,no
char_fëanor,Fëanor,feanor,player_0018,Feanor,Feanor,medium,evidence_player_group_0018,Vala,,Immortals,high,Architect,Architect,Architect,high,,,,,,,Vala,V,Architect,retired,Vala,no,no,2026_06_16_retired_immortals,MUME retired immortal list,List current as of 2026-06-16,immortal_2026_06_16_retired_immortals_feanor_50_listed_retired_immortal,candidate,Copied by Lewis. Includes Boardreaders and honorary True Legend entry for Norsu.,immortal,yes,yes,data/evidence/whois_display/html/feanor.html,data/evidence/whois_display/text/feanor.txt,mha:fëanor:1781579899:85d3f12a,high,0,0,0,,,no,0,,0,,no,no
char_geirrödr,Geirrödr,geirrodr,player_0047,Idun,Idun,medium,evidence_player_group_0047,Troll,Cave Troll,Minions of Sauron,high,Warrior,Warrior,Warrior,medium,,,,,,,,,,,,,,,,,,,,classified,no,no,,,,,0,0,0,,,no,0,,0,,no,no
char_inziladûn,Inziladûn,inziladun,player_0060,Amandil,Amandil,medium,evidence_player_group_0060,Man,Black Númenórean,Minions of Sauron,high,,,,,,,,,,,,,,,,,,,,,,,,race_only,no,no,,,,,0,0,0,,,yes,1,20.0,0,,no,no
char_ughár,Ughár,ughar,player_0065,Wryak,Wryak [Tapio],medium,evidence_player_group_0065,Orc,Tarkhnarb,Minions of Sauron,high,Cleric,Cleric,Necromancer,high,,,,,,,,,,,,,,,,,,,,classified,no,no,,,,,0,0,0,,,no,0,,0,,no,no
char_zrói,Zrói,zroi,player_0142,Ethar,Ethar,medium,evidence_player_group_0142,Dwarf,,Free Peoples,medium,,,,,,,,,,,,,,,,,,,,,,,,race_only,no,no,,,,,0,0,0,,,no,0,,0,,no,no
char_dûnlop,Dûnlop,dunlop,player_0076,Bigger,Bigger [Jakob],medium,evidence_player_group_0076,Elf,,Free Peoples,medium,,,,,,,,,,,,,,,,,,,,,,,,race_only,no,no,,,,,0,0,0,,,no,0,,0,,no,no
char_eggrât,Eggrât,eggrat,player_0051,Alantir,Alantir,medium,evidence_player_group_0051,Orc,,Minions of Sauron,high,,,,,,,,,,,,,,,,,,,,,,,,race_only,no,no,,,,,0,0,0,,,no,0,,0,,no,no
char_gimilzór,Gimilzór,gimilzor,player_0159,Beorel,Beorel,medium,evidence_player_group_0159,Man,Black Númenórean,Minions of Sauron,high,,,,,,,,,,,,,,,,,,,,,,,,race_only,no,no,,,,,0,0,0,,,no,0,,0,,no,no
char_nushènak,Nushènak,nushenak,player_0029,Faint,Faint,medium,evidence_player_group_0029,Man,Black Númenórean,Minions of Sauron,high,,,,,,,,,,,,,,,,,,,,,,,,race_only,no,no,,,,,0,0,0,,,no,0,,0,,no,no
char_tôin,Tôin,toin,player_0122,Toin,Toin,medium,evidence_player_group_0122,Dwarf,,Free Peoples,medium,General,General,Hero,medium,,,,,,,,,,,,,,,,,,,,classified,no,no,,,,,0,0,0,,,no,0,,0,,no,no
char_thedèen,Thedèen,thedeen,player_0070,Heldo,Heldo [Jens],medium,evidence_player_group_0070,Man,,Free Peoples,medium,,,,,,,,,,,,,,,,,,,,,,,,race_only,no,no,,,,,0,0,0,,,no,0,,0,,no,no
char_tardéer,Tardéer,tardeer,player_0074,Tardeer,Tardeer [Silverberg],medium,evidence_player_group_0074,Man,,Free Peoples,medium,,,,,,,,,,,,,,,,,,,,,,,,race_only,no,no,,,,,0,0,0,,,no,0,,0,,no,no
char_eluchíl,Eluchíl,eluchil,player_0018,Feanor,Feanor,medium,evidence_player_group_0018,Half-Elf,,Free Peoples,medium,,,,,,,,,,,,,,,,,,,,,,,,race_only,no,no,,,,,0,0,0,,,no,0,,0,,no,no
char_thoronwë,Thoronwë,thoronwe,player_0158,Ainafea,Ainafea,medium,evidence_player_group_0158,Elf,,Free Peoples,medium,,,,,,,,,,,,,,,,,,,,,,,,race_only,no,no,,,,,0,0,0,,,no,0,,0,,no,no
char_rancör,Rancör,rancor,player_0026,Alweon,Alweon,medium,evidence_player_group_0026,Troll,Mountain Troll,Minions of Sauron,high,Warrior,Warrior,Fighter,low,,,,,,,,,,,,,,,,,,,,classified,no,no,,,,,0,0,0,,,no,0,,0,,no,no
char_cénedra,Cénedra,cenedra,player_0176,Beltira,Beltira [Erik],medium,evidence_player_group_0176,Hobbit,,Free Peoples,medium,,,,,,,,,,,,,,,,,,,,,,,,race_only,no,no,,,,,0,0,0,,,no,0,,0,,no,no
char_cérion,Cérion,cerion,player_0187,Cano,Cano [Tanel],medium,evidence_player_group_0187,Elf,,Free Peoples,medium,,,,,,,,,,,,,,,,,,,,,,,,race_only,no,no,,,,,0,0,0,,,no,0,,0,,no,no
char_galádon,Galádon,galadon,player_0060,Amandil,Amandil,medium,evidence_player_group_0060,Elf,,Free Peoples,medium,,,,,,,,,,,,,,,,,,,,,,,,race_only,no,no,,,,,0,0,0,,,no,0,,0,,no,no
char_röhick,Röhick,rohick,player_0211,Rohic,Rohic [Rohik],medium,evidence_player_group_0211,Hobbit,,Free Peoples,medium,,,,,,,,,,,,,,,,,,,,,,,,race_only,no,no,,,,,0,0,0,,,no,0,,0,,no,no
char_réndra,Réndra,rendra,player_0179,Delfi,Delfi [Per],medium,evidence_player_group_0179,Elf,Silvan,Free Peoples,medium,Cleric,Cleric,Matriarch,high,,,,,female,high,,,,,,,,,,,,,,classified,no,no,,,,,0,0,0,,,no,0,,0,,no,no
char_dwalid,Dwalid,dwalid,,,,,,Dwarf,,Free Peoples,medium,,,,,,,,,,,,,,,,,,,,,,,,race_only,no,no,,,,,0,0,0,,,no,0,,0,,no,no
char_höelün,Höelün,hoelun,,,,,,Elf,Noldorin,Free Peoples,medium,Cleric,Cleric,Priestess,high,,,,,female,high,,,,,,,,,,,,,,classified,no,no,,,,,0,0,0,,,no,0,,0,,no,no
char_coco,Coco,coco,,,,,,Man,Black Númenórean,Minions of Sauron,high,,,,,,,,,,,,,,,,,,,,,,,,race_only,no,no,,,,,0,0,0,,,no,0,,0,,no,no
char_burli,Burli,burli,,,,,,Dwarf,,Free Peoples,medium,Warrior,Warrior,Battlemaster,high,,,,,,,,,,,,,,,,,,,,classified,no,no,,,,,0,0,0,,,no,0,,0,,no,no
char_nator,Nator,nator,,,,,,Dwarf,Broadbeam,Free Peoples,medium,General,General,Hero,medium,,,,,,,,,,,,,,,,,,,,classified,no,no,,,,,0,0,0,,,no,0,,1,medium:1,no,yes
char_awreth,Awreth,awreth,,,,,,Maia,,Immortals,high,,,,,,,,,,,Maia,M,,retired,Boardreader,no,no,2026_06_16_retired_immortals,MUME retired immortal list,List current as of 2026-06-16,immortal_2026_06_16_retired_immortals_awreth_336_listed_retired_immortal,candidate,Copied by Lewis. Includes Boardreaders and honorary True Legend entry for Norsu.,immortal,yes,yes,data/evidence/whois_display/html/awreth.html,data/evidence/whois_display/text/awreth.txt,mha:awreth:1781577782:b730fde5,high,0,0,0,,,no,0,,0,,no,no
char_oddvar,Oddvar,oddvar,,,,,,Dwarf,Firebeard,Free Peoples,medium,General,General,Hero,medium,,,,,,,,,,,,,,,,,,,,classified,no,no,,,,,0,0,0,,,no,0,,0,,no,no
char_zigin,Zigin,zigin,,,,,,Dwarf,,Free Peoples,medium,,,,,,,,,,,,,,,,,,,,,,,,race_only,no,no,,,,,0,0,0,,,no,0,,1,medium:1,no,yes
char_xury,Xury,xury,,,,,,Dwarf,,Free Peoples,medium,General,General,Hero,medium,,,,,,,,,,,,,,,,,,,,classified,no,no,,,,,0,0,0,,,yes,1,46.5,0,,no,no
char_whity,Whity,whity,,,,,,Hobbit,Stoor,Free Peoples,medium,General,General,Adventurer,medium,,,,,,,,,,,,,,,,,,,,classified,no,no,,,,,0,0,0,,,no,0,,0,,no,no
char_vräsh,Vräsh,vrash,,,,,,Dwarf,,Free Peoples,medium,General,General,Chieftain,medium,90%-100% Leadership,,,,,,,,,,,,,,,,,,,classified,no,no,,,,,1,0,0,quoted_speaker:1,Norìk,no,0,,0,,no,yes
char_tendor,Tendor,tendor,,,,,,Man,,Free Peoples,medium,,,,,,,,,,,,,,,,,,,,,,,,race_only,no,no,,,,,0,0,0,,,no,0,,0,,no,no
char_strah,Strah,strah,,,,,,Dwarf,,Free Peoples,medium,Warrior,Warrior,Axemaster,high,100% cleaving weapons,,,,,,,,,,,,,,,,,,,classified,no,no,,,,,0,0,0,,,no,0,,1,low:1,no,yes
char_shwash,Shwash,shwash,,,,,,Dwarf,Firebeard,Free Peoples,medium,General,General,Hero,medium,,,,,,,,,,,,,,,,,,,,classified,no,no,,,,,0,0,0,,,no,0,,1,medium:1,no,yes
char_roy,Roy,roy,,,,,,Dwarf,,Free Peoples,medium,,,,,,,,,,,,,,,,,,,,,,,,race_only,no,no,,,,,0,0,0,,,no,0,,1,low:1,no,yes
char_rohwan,Rohwan,rohwan,,,,,,Man,Rohirrim,Free Peoples,medium,General,General,Chieftain,medium,90%-100% Leadership,,,,,,,,,,,,,,,,,,,classified,no,no,,,,,0,0,0,,,no,0,,0,,no,no
char_ritz,Ritz,ritz,,,,,,Dwarf,Broadbeam,Free Peoples,medium,General,General,Hero,medium,,,,,,,,,,,,,,,,,,,,classified,no,no,,,,,0,0,0,,,no,0,,0,,no,no
char_razer,Razer,razer,,,,,,Maia,,Immortals,high,,,,,,,,,,,Maia,M,,retired,Boardreader,no,no,2026_06_16_retired_immortals,MUME retired immortal list,List current as of 2026-06-16,immortal_2026_06_16_retired_immortals_razer_670_listed_retired_immortal,candidate,Copied by Lewis. Includes Boardreaders and honorary True Legend entry for Norsu.,immortal,yes,yes,data/evidence/whois_display/html/razer.html,data/evidence/whois_display/text/razer.txt,mha:razer:1781605519:c7197619,high,0,0,0,,,no,0,,0,,no,no
char_rackarth,Rackarth,rackarth,,,,,,Elf,Noldorin,Free Peoples,medium,General,General,Hero,medium,,,,,,,,,,,,,,,,,,,,classified,no,no,,,,,0,0,0,,,no,0,,1,low:1,no,yes
char_njaa,Njaa,njaa,,,,,,Maia,,Immortals,high,,,,,,,,,,,Maia,M,,retired,Boardreader,no,no,2026_06_16_retired_immortals,MUME retired immortal list,List current as of 2026-06-16,immortal_2026_06_16_retired_immortals_njaa_629_listed_retired_immortal,candidate,Copied by Lewis. Includes Boardreaders and honorary True Legend entry for Norsu.,immortal,yes,yes,data/evidence/whois_display/html/njaa.html,data/evidence/whois_display/text/njaa.txt,mha:njaa:1781605103:71198cc2,high,0,0,0,,,no,0,,0,,no,no
char_lian,Lian,lian,,,,,,Dwarf,,Free Peoples,medium,Cleric,Cleric,Patriarch,high,,,,,male,high,,,,,,,,,,,,,,classified,no,no,,,,,0,0,0,,,no,0,,1,low:1,no,yes
char_letholes,Letholes,letholes,,,,,,Elf,,Free Peoples,medium,,,,,,,,,,,,,,,,,,,,,,,,race_only,no,no,,,,,22,2,2,heading_name_list:12; comma_name_list:10,Artus; Commodore; Dharg; Faihran; Guir; Letholes; Lorte; Romil; Erui; Lethal; Morzak; Sniper,no,0,,0,,no,yes
char_lolli,Lolli,lolli,,,,,,Troll,Cave Troll,Minions of Sauron,high,Warrior,Warrior,Fighter,low,,,,,,,,,,,,,,,,,,,,classified,no,no,,,,,0,0,0,,,no,0,,0,,no,no
char_kibgil,Kibgil,kibgil,,,,,,Dwarf,,Free Peoples,medium,,,,,,,,,,,,,,,,,,,,,,,,race_only,no,no,,,,,0,0,0,,,no,0,,1,low:1,no,yes
char_harduin,Harduin,harduin,,,,,,Dwarf,,Free Peoples,medium,Warrior,Warrior,Battlemaster,high,,,,,,,,,,,,,,,,,,,,classified,no,no,,,,,0,0,0,,,no,0,,1,low:1,no,yes
char_grunga,Grunga,grunga,,,,,,Dwarf,,Free Peoples,medium,Warrior,Warrior,Battlemistress,high,,,,,female,high,,,,,,,,,,,,,,classified,no,no,,,,,0,0,0,,,no,0,,1,medium:1,no,yes
char_groan,Groan,groan,,,,,,Troll,,Minions of Sauron,high,,,,,,,,,,,,,,,,,,,,,,,,race_only,no,no,,,,,0,0,0,,,no,0,,0,,no,no
char_gilean,Gilean,gilean,,,,,,Man,Eriadorian,Free Peoples,medium,Magic-user,Magic-user,Enchanter,low,,,,,male,medium,,,,,,,,,,,,,,classified,no,no,,,,,0,0,0,,,no,0,,0,,no,no
char_fëndor,Fëndor,fendor,,,,,,Half-Elf,,Free Peoples,medium,General,General,Adventurer,medium,,,,,,,,,,,,,,,,,,,,classified,no,no,,,,,0,0,0,,,no,0,,0,,no,no
char_filk,Filk,filk,,,,,,Dwarf,,Free Peoples,medium,Warrior,Warrior,Bodyguard,high,80% Rescue,,,,,,,,,,,,,,,,,,,classified,no,no,,,,,0,0,0,,,no,0,,1,low:1,no,yes
char_fathrà,Fathrà,fathra,,,,,,Elf,,Free Peoples,medium,,,,,,,,,,,,,,,,,,,,,,,,race_only,no,no,,,,,0,0,0,,,no,0,,0,,no,no
char_fari,Fari,fari,,,,,,Dwarf,,Free Peoples,medium,,,,,,,,,,,,,,,,,,,,,,,,race_only,no,no,,,,,0,0,0,,,no,0,,1,low:1,no,yes
char_brawn,Brawn,brawn,,,,,,Dwarf,,Free Peoples,medium,Warrior,Warrior,Mercenary,low,,,,,,,,,,,,,,,,,,,,classified,no,no,,,,,0,0,0,,,no,0,,0,,no,no
char_aerie,Aerie,aerie,,,,,,Half-Elf,,Free Peoples,medium,Cleric,Cleric,Priestess,high,,,,,female,high,,,,,,,,,,,,,,classified,no,no,,,,,0,0,0,,,no,0,,0,,no,no
char_aelor,Aelor,aelor,,,,,,Dwarf,Firebeard,Free Peoples,medium,Warrior,Warrior,Warden,high,75% Bash,,,,,,,,,,,,,,,,,,,classified,no,no,,,,,0,0,0,,,no,0,,0,,no,no
char_kill,Kill,kill,,,,,,Troll,Mountain Troll,Minions of Sauron,high,,,Softskin,low,,,,,,,,,,,,,,,,,,,,generic_title_no_class,no,no,,,,,0,0,0,,,no,0,,0,,no,no
char_erath,Erath,erath,,,,,,Dwarf,,Free Peoples,medium,General,General,Hero,medium,,,,,,,,,,,,,,,,,,,,classified,no,no,,,,,0,0,0,,,no,0,,1,medium:1,no,yes
char_röxic,Röxic,roxic,,,,,,Man,,Free Peoples,medium,,,,,,,,,,,,,,,,,,,,,,,,race_only,no,no,,,,,0,0,0,,,yes,1,17.0,0,,no,no
char_loreth,Loreth,loreth,,,,,,Dwarf,,Free Peoples,medium,General,General,Champion,medium,,,,,,,,,,,,,,,,,,,,classified,no,no,,,,,0,0,0,,,no,0,,1,medium:1,no,yes
char_condor,Condor,condor,,,,,,Dwarf,,Free Peoples,medium,Warrior,Warrior,Battlemaster,high,,,,,,,,,,,,,,,,,,,,classified,no,no,,,,,0,0,0,,,no,0,,1,medium:1,no,yes
char_aldweth,Aldweth,aldweth,,,,,,Dwarf,,Free Peoples,medium,,,,,,,,,,,,,,,,,,,,,,,,race_only,no,no,,,,,0,0,0,,,no,0,,0,,no,no
char_ilwin,Ilwin,ilwin,,,,,,Dwarf,,Free Peoples,medium,Warrior,Warrior,Battlemaster,high,,,,,,,,,,,,,,,,,,,,classified,no,no,,,,,0,0,0,,,no,0,,0,,no,no
char_eld,Eld,eld,,,,,,Dwarf,,Free Peoples,medium,General,General,Hero,medium,,,,,,,,,,,,,,,,,,,,classified,no,no,,,,,0,0,0,,,no,0,,1,medium:1,no,yes
char_carousel,Carousel,carousel,,,,,,Maia,,Immortals,high,,,,,,,,,,,Maia,M,,retired,Boardreader,no,no,2026_06_16_retired_immortals,MUME retired immortal list,List current as of 2026-06-16,immortal_2026_06_16_retired_immortals_carousel_371_listed_retired_immortal,candidate,Copied by Lewis. Includes Boardreaders and honorary True Legend entry for Norsu.,immortal,yes,yes,data/evidence/whois_display/html/carousel.html,data/evidence/whois_display/text/carousel.txt,mha:carousel:1781578586:d8fdcd4c,high,0,0,0,,,no,0,,0,,no,no
char_acke,Acke,acke,,,,,,Maia,,Immortals,high,,,,,,,,,,,Maia,M,,retired,Boardreader,no,no,2026_06_16_retired_immortals,MUME retired immortal list,List current as of 2026-06-16,immortal_2026_06_16_retired_immortals_acke_294_listed_retired_immortal,candidate,Copied by Lewis. Includes Boardreaders and honorary True Legend entry for Norsu.,immortal,yes,yes,data/evidence/whois_display/html/acke.html,data/evidence/whois_display/text/acke.txt,mha:acke:1781576622:7d59c78e,high,0,0,0,,,no,0,,0,,no,no
char_zimri,Zimri,zimri,,,,,,Maia,,Immortals,high,,,,,,,,,,,Maia,M,,retired,Boardreader,no,no,2026_06_16_retired_immortals,MUME retired immortal list,List current as of 2026-06-16,immortal_2026_06_16_retired_immortals_zimri_796_listed_retired_immortal,candidate,Copied by Lewis. Includes Boardreaders and honorary True Legend entry for Norsu.,immortal,yes,yes,data/evidence/whois_display/html/zimri.html,data/evidence/whois_display/text/zimri.txt,mha:zimri:1781606950:0a62f498,high,0,0,0,,,no,0,,0,,no,no
char_masq,Masq,masq,,,,,,Maia,,Immortals,high,Cartographer,Cartographer,Cartographer,high,,,,,,,Maia,M,Cartographer,retired,Maia,no,no,2026_06_16_retired_immortals,MUME retired immortal list,List current as of 2026-06-16,immortal_2026_06_16_retired_immortals_masq_260_listed_retired_immortal,candidate,Copied by Lewis. Includes Boardreaders and honorary True Legend entry for Norsu.,immortal,yes,yes,data/evidence/whois_display/html/masq.html,data/evidence/whois_display/text/masq.txt,mha:masq:1781604731:d90ca1c1,high,0,0,0,,,no,0,,0,,no,no
char_arfang,Arfang,arfang,,,,,,Vala,,Immortals,high,Mudller,Mudller,Mudller,high,,,,,,,Vala,V,Mudller,current,Vala,no,no,2026_06_16_current_immortals,MUME current immortal list,List current as of 2026-06-16,immortal_2026_06_16_current_immortals_arfang_11_listed_current_immortal,candidate,Copied by Lewis. (+m) means the immortal is also a Maiar Muddler / muddle code contributor.,immortal,yes,yes,data/evidence/whois_display/html/arfang.html,data/evidence/whois_display/text/arfang.txt,mha:arfang:1781577617:23444b95,high,0,0,0,,,no,0,,0,,no,no
char_aetirus,Aetirus,aetirus,,,,,,Maia,,Immortals,high,,,,,,,,,,,Maia,M,,retired,Boardreader,no,no,2026_06_16_retired_immortals,MUME retired immortal list,List current as of 2026-06-16,immortal_2026_06_16_retired_immortals_aetirus_299_listed_retired_immortal,candidate,Copied by Lewis. Includes Boardreaders and honorary True Legend entry for Norsu.,immortal,yes,yes,data/evidence/whois_display/html/aetirus.html,data/evidence/whois_display/text/aetirus.txt,mha:aetirus:1781576655:55b5b335,high,0,0,0,,,no,0,,0,,no,no
char_kergon,Kergon,kergon,,,,,,Maia,,Immortals,high,,,,,,,,,,,Maia,M,,retired,Boardreader,no,no,2026_06_16_retired_immortals,MUME retired immortal list,List current as of 2026-06-16,immortal_2026_06_16_retired_immortals_kergon_539_listed_retired_immortal,candidate,Copied by Lewis. Includes Boardreaders and honorary True Legend entry for Norsu.,immortal,yes,yes,data/evidence/whois_display/html/kergon.html,data/evidence/whois_display/text/kergon.txt,mha:kergon:1781604027:4b6fb009,high,0,0,0,,,no,0,,0,,no,no
char_borne,Borne,borne,,,,,,Maia,,Immortals,high,,,,,,,,,,,Maia,M,,retired,Boardreader,no,no,2026_06_16_retired_immortals,MUME retired immortal list,List current as of 2026-06-16,immortal_2026_06_16_retired_immortals_borne_359_listed_retired_immortal,candidate,Copied by Lewis. Includes Boardreaders and honorary True Legend entry for Norsu.,immortal,yes,yes,data/evidence/whois_display/html/borne.html,data/evidence/whois_display/text/borne.txt,mha:borne:1781578470:01a7e960,high,0,0,0,,,no,0,,0,,no,no
char_gwen,Gwen,gwen,,,,,,Maia,,Immortals,high,,,,,,,,,,,Maia,M,,retired,Boardreader,no,no,2026_06_16_retired_immortals,MUME retired immortal list,List current as of 2026-06-16,immortal_2026_06_16_retired_immortals_gwen_491_listed_retired_immortal,candidate,Copied by Lewis. Includes Boardreaders and honorary True Legend entry for Norsu.,immortal,yes,yes,data/evidence/whois_display/html/gwen.html,data/evidence/whois_display/text/gwen.txt,mha:gwen:1781586136:58b5d410,high,0,0,0,,,no,0,,0,,no,no
char_ghrym,Ghrym,ghrym,,,,,,Maia,,Immortals,high,,,,,,,,,,,Maia,M,,retired,Boardreader,no,no,2026_06_16_retired_immortals,MUME retired immortal list,List current as of 2026-06-16,immortal_2026_06_16_retired_immortals_ghrym_475_listed_retired_immortal,candidate,Copied by Lewis. Includes Boardreaders and honorary True Legend entry for Norsu.,immortal,yes,yes,data/evidence/whois_display/html/ghrym.html,data/evidence/whois_display/text/ghrym.txt,mha:ghrym:1781579993:723ae03a,high,0,0,0,,,no,0,,0,,no,no
char_grin,Grin,grin,,,,,,Maia,,Immortals,high,,,,,,,,,,,Maia,M,,retired,Boardreader,no,no,2026_06_16_retired_immortals,MUME retired immortal list,List current as of 2026-06-16,immortal_2026_06_16_retired_immortals_grin_484_listed_retired_immortal,candidate,Copied by Lewis. Includes Boardreaders and honorary True Legend entry for Norsu.,immortal,yes,yes,data/evidence/whois_display/html/grin.html,data/evidence/whois_display/text/grin.txt,mha:grin:1781580092:f37185e1,high,0,0,0,,,no,0,,0,,no,no
char_qwait,Qwait,qwait,,,,,,Maia,,Immortals,high,Cartographer,Cartographer,Cartographer,high,,,,,,,Maia,M,Cartographer,current,Maia,no,no,2026_06_16_current_immortals,MUME current immortal list,List current as of 2026-06-16,immortal_2026_06_16_current_immortals_qwait_88_listed_current_immortal,candidate,Copied by Lewis. (+m) means the immortal is also a Maiar Muddler / muddle code contributor.,immortal,yes,yes,data/evidence/whois_display/html/qwait.html,data/evidence/whois_display/text/qwait.txt,mha:qwait:1781605442:3aeeb7b3,high,5,0,0,comma_name_list:5,Tulisa; Selena; Resida; Hoal; Katlen,no,0,,0,,no,yes
char_sneaky,Sneaky,sneaky,,,,,,Maia,,Immortals,high,,,,,,,,,,,Maia,M,,retired,Boardreader,no,no,2026_06_16_retired_immortals,MUME retired immortal list,List current as of 2026-06-16,immortal_2026_06_16_retired_immortals_sneaky_718_listed_retired_immortal,candidate,Copied by Lewis. Includes Boardreaders and honorary True Legend entry for Norsu.,immortal,yes,yes,data/evidence/whois_display/html/sneaky.html,data/evidence/whois_display/text/sneaky.txt,mha:sneaky:1781605995:e571fc01,high,18,0,0,comma_name_list:12; heading_name_list:6,Grimy; Gorthol; Ajaxharg; Azaxharg; Bnwar; Heala; Gorthzol; Brogoroth; Felcher; Khazum; Mezanime; Elarith,no,0,,0,,no,yes
char_piter,Piter,piter,,,,,,Maia,,Immortals,high,,,,,,,,,,,Maia,M,,retired,Boardreader,no,no,2026_06_16_retired_immortals,MUME retired immortal list,List current as of 2026-06-16,immortal_2026_06_16_retired_immortals_piter_657_listed_retired_immortal,candidate,Copied by Lewis. Includes Boardreaders and honorary True Legend entry for Norsu.,immortal,yes,yes,data/evidence/whois_display/html/piter.html,data/evidence/whois_display/text/piter.txt,mha:piter:1781605392:2d47265c,high,0,0,0,,,no,0,,0,,no,no
char_loy,Loy,loy,,,,,,Maia,,Immortals,high,,,,,,,,,,,Maia,M,,retired,Boardreader,no,no,2026_06_16_retired_immortals,MUME retired immortal list,List current as of 2026-06-16,immortal_2026_06_16_retired_immortals_loy_580_listed_retired_immortal,candidate,Copied by Lewis. Includes Boardreaders and honorary True Legend entry for Norsu.,immortal,yes,yes,data/evidence/whois_display/html/loy.html,data/evidence/whois_display/text/loy.txt,mha:loy:1781604472:e9c1ec64,high,0,0,0,,,no,0,,0,,no,no
char_zakath,Zakath,zakath,,,,,,Vala,,Immortals,high,,,,,,,,,,,Arata,A,,retired,Aratar,no,no,2026_06_16_retired_immortals,MUME retired immortal list,List current as of 2026-06-16,immortal_2026_06_16_retired_immortals_zakath_15_listed_retired_immortal,candidate,Copied by Lewis. Includes Boardreaders and honorary True Legend entry for Norsu.,immortal,yes,yes,data/evidence/whois_display/html/zakath.html,data/evidence/whois_display/text/zakath.txt,mha:zakath:1781606877:7ca90a75,high,0,0,0,,,no,0,,0,,no,no
char_andreas,Andreas,andreas,,,,,,Maia,,Immortals,high,,,,,,,,,,,Maia,M,,retired,Boardreader,no,no,2026_06_16_retired_immortals,MUME retired immortal list,List current as of 2026-06-16,immortal_2026_06_16_retired_immortals_andreas_319_listed_retired_immortal,candidate,Copied by Lewis. Includes Boardreaders and honorary True Legend entry for Norsu.,immortal,yes,yes,data/evidence/whois_display/html/andreas.html,data/evidence/whois_display/text/andreas.txt,mha:andreas:1781576855:81e63e35,high,0,0,0,,,no,0,,0,,no,no
char_overlord,Overlord,overlord,,,,,,Maia,,Immortals,high,,,,,,,,,,,Maia,M,,retired,Boardreader,no,no,2026_06_16_retired_immortals,MUME retired immortal list,List current as of 2026-06-16,immortal_2026_06_16_retired_immortals_overlord_645_listed_retired_immortal,candidate,Copied by Lewis. Includes Boardreaders and honorary True Legend entry for Norsu.,immortal,yes,yes,data/evidence/whois_display/html/overlord.html,data/evidence/whois_display/text/overlord.txt,mha:overlord:1781605270:91338a52,high,0,0,0,,,no,0,,0,,no,no
char_rato,Rato,rato,,,,,,Maia,,Immortals,high,Cartographer,Cartographer,Cartographer,high,,,,,,,Maia,M,Cartographer,current,Maia,no,no,2026_06_16_current_immortals,MUME current immortal list,List current as of 2026-06-16,immortal_2026_06_16_current_immortals_rato_89_listed_current_immortal,candidate,Copied by Lewis. (+m) means the immortal is also a Maiar Muddler / muddle code contributor.,immortal,yes,yes,data/evidence/whois_display/html/rato.html,data/evidence/whois_display/text/rato.txt,mha:rato:1781605495:09bcff12,high,28,0,0,comma_name_list:23; heading_name_list:5,Zébuceta; Mumm; Garmadon; Icebeer; Cameltoe; Hagar; Dumbledore; Arammis; Floki; Sudo; Kao; Kaos,no,0,,0,,no,yes
char_eönwe,Eönwe,eonwe,,,,,,Vala,,Immortals,high,Architect,Architect,Architect,high,,,,,,,Vala,V,Architect,retired,Vala,no,no,2026_06_16_retired_immortals,MUME retired immortal list,List current as of 2026-06-16,immortal_2026_06_16_retired_immortals_eonwe_49_listed_retired_immortal,candidate,Copied by Lewis. Includes Boardreaders and honorary True Legend entry for Norsu.,immortal,yes,yes,data/evidence/whois_display/html/eonwe.html,data/evidence/whois_display/text/eonwe.txt,mha:eönwe:1781579637:8b50519e,high,0,0,0,,,no,0,,0,,no,no
char_savior,Savior,savior,,,,,,Maia,,Immortals,high,Cartographer,Cartographer,Cartographer,high,,,,,,,Maia,M,Cartographer,retired,Maia,no,no,2026_06_16_retired_immortals,MUME retired immortal list,List current as of 2026-06-16,immortal_2026_06_16_retired_immortals_savior_274_listed_retired_immortal,candidate,Copied by Lewis. Includes Boardreaders and honorary True Legend entry for Norsu.,immortal,yes,yes,data/evidence/whois_display/html/savior.html,data/evidence/whois_display/text/savior.txt,mha:savior:1781605768:58248095,high,0,0,0,,,no,0,,0,,no,no
char_raid,Raid,raid,,,,,,Maia,,Immortals,high,Builder,Builder,Builder,high,,,,,,,Maia,M,Builder,current,Maia,no,no,2026_06_16_current_immortals,MUME current immortal list,List current as of 2026-06-16,immortal_2026_06_16_current_immortals_raid_55_listed_current_immortal,candidate,Copied by Lewis. (+m) means the immortal is also a Maiar Muddler / muddle code contributor.,immortal,yes,yes,data/evidence/whois_display/html/raid.html,data/evidence/whois_display/text/raid.txt,mha:raid:1781605455:1ec418e0,high,0,0,0,,,no,0,,0,,no,no
char_good,Good,good,,,,,,Maia,,Immortals,high,Wright,Wright,Wright,high,,,,,,,Maia,M,Wright,retired,Maia,no,no,2026_06_16_retired_immortals,MUME retired immortal list,List current as of 2026-06-16,immortal_2026_06_16_retired_immortals_good_109_listed_retired_immortal,candidate,Copied by Lewis. Includes Boardreaders and honorary True Legend entry for Norsu.,immortal,yes,yes,data/evidence/whois_display/html/good.html,data/evidence/whois_display/text/good.txt,mha:good:1781580031:23699842,high,0,0,0,,,no,0,,0,,no,no
char_grumble,Grumble,grumble,,,,,,Maia,,Immortals,high,Wright,Wright,Wright,high,,,,,,,Maia,M,Wright,retired,Maia,no,no,2026_06_16_retired_immortals,MUME retired immortal list,List current as of 2026-06-16,immortal_2026_06_16_retired_immortals_grumble_111_listed_retired_immortal,candidate,Copied by Lewis. Includes Boardreaders and honorary True Legend entry for Norsu.,immortal,yes,yes,data/evidence/whois_display/html/grumble.html,data/evidence/whois_display/text/grumble.txt,mha:grumble:1781580109:0464b7bb,high,0,0,0,,,no,0,,0,,no,no
char_drink,Drink,drink,,,,,,Maia,,Immortals,high,,,,,,,,,,,Maia,M,,retired,Boardreader,no,no,2026_06_16_retired_immortals,MUME retired immortal list,List current as of 2026-06-16,immortal_2026_06_16_retired_immortals_drink_412_listed_retired_immortal,candidate,Copied by Lewis. Includes Boardreaders and honorary True Legend entry for Norsu.,immortal,yes,yes,data/evidence/whois_display/html/drink.html,data/evidence/whois_display/text/drink.txt,mha:drink:1781578966:188b6f7a,high,0,0,0,,,no,0,,0,,no,no
char_elvis,Elvis,elvis,,,,,,Maia,,Immortals,high,Cartographer,Cartographer,Cartographer,high,,,,,,,Maia,M,Cartographer,retired,Maia,no,no,2026_06_16_retired_immortals,MUME retired immortal list,List current as of 2026-06-16,immortal_2026_06_16_retired_immortals_elvis_229_listed_retired_immortal,candidate,Copied by Lewis. Includes Boardreaders and honorary True Legend entry for Norsu.,immortal,yes,yes,data/evidence/whois_display/html/elvis.html,data/evidence/whois_display/text/elvis.txt,mha:elvis:1781579197:191e0cdc,high,1,1,1,quoted_speaker:1,Elvis,no,0,,0,,no,yes
char_timodeus,Timodeus,timodeus,,,,,,Vala,,Immortals,high,,,,,,,,,,,Arata,A,,current,Aratar,no,no,2026_06_16_current_immortals,MUME current immortal list,List current as of 2026-06-16,immortal_2026_06_16_current_immortals_timodeus_9_listed_current_immortal,candidate,Copied by Lewis. (+m) means the immortal is also a Maiar Muddler / muddle code contributor.,immortal,yes,yes,data/evidence/whois_display/html/timodeus.html,data/evidence/whois_display/text/timodeus.txt,mha:timodeus:1781606341:206d607a,high,0,0,0,,,no,0,,0,,no,no
char_incánus,Incánus,incanus,,,,,,Vala,,Immortals,high,Mudller,Mudller,Mudller,high,,,,,,,Vala,V,Mudller,retired,Vala,no,no,2026_06_16_retired_immortals,MUME retired immortal list,List current as of 2026-06-16,immortal_2026_06_16_retired_immortals_incanus_24_listed_retired_immortal,candidate,Copied by Lewis. Includes Boardreaders and honorary True Legend entry for Norsu.,immortal,yes,yes,data/evidence/whois_display/html/incanus.html,data/evidence/whois_display/text/incanus.txt,mha:incánus:1781587124:6b927851,high,0,0,0,,,no,0,,0,,no,no
char_feri,Feri,feri,,,,,,Maia,,Immortals,high,,,,,,,,,,,Maia,M,,retired,Boardreader,no,no,2026_06_16_retired_immortals,MUME retired immortal list,List current as of 2026-06-16,immortal_2026_06_16_retired_immortals_feri_452_listed_retired_immortal,candidate,Copied by Lewis. Includes Boardreaders and honorary True Legend entry for Norsu.,immortal,yes,yes,data/evidence/whois_display/html/feri.html,data/evidence/whois_display/text/feri.txt,mha:feri:1781579717:13ba3b99,high,0,0,0,,,yes,1,9.0,0,,no,no
char_tell,tell,tell,,,,,,Maia,,Immortals,high,Wright,Wright,Wright,high,,,,,,,Maia,M,Wright,,,,,,,,,,,immortal,yes,yes,data/evidence/whois_display/html/tell.html,data/evidence/whois_display/text/tell.txt,mha:creston:1781578735:4ef03d41,high,0,0,0,,,no,0,,0,,no,no
char_adara,Adara,adara,,,,,,Maia,,Immortals,high,,,,,,,,,,,Maia,M,,retired,Boardreader,no,no,2026_06_16_retired_immortals,MUME retired immortal list,List current as of 2026-06-16,immortal_2026_06_16_retired_immortals_adara_296_listed_retired_immortal,candidate,Copied by Lewis. Includes Boardreaders and honorary True Legend entry for Norsu.,immortal,yes,yes,data/evidence/whois_display/html/adara.html,data/evidence/whois_display/text/adara.txt,mha:adara:1781576633:b576f8aa,high,0,0,0,,,no,0,,0,,no,no
char_larien,Larien,larien,,,,,,Maia,,Immortals,high,Wright,Wright,Wright,high,,,,,,,Maia,M,Wright,retired,Maia,no,no,2026_06_16_retired_immortals,MUME retired immortal list,List current as of 2026-06-16,immortal_2026_06_16_retired_immortals_larien_126_listed_retired_immortal,candidate,Copied by Lewis. Includes Boardreaders and honorary True Legend entry for Norsu.,immortal,yes,yes,data/evidence/whois_display/html/larien.html,data/evidence/whois_display/text/larien.txt,mha:larien:1781604259:f42fb678,high,0,0,0,,,no,0,,0,,no,no
char_trent,Trent,trent,,,,,,Maia,,Immortals,high,Shaper,Shaper,Shaper,high,,,,,,,Maia,M,Shaper,retired,Maia,no,no,2026_06_16_retired_immortals,MUME retired immortal list,List current as of 2026-06-16,immortal_2026_06_16_retired_immortals_trent_78_listed_retired_immortal,candidate,Copied by Lewis. Includes Boardreaders and honorary True Legend entry for Norsu.,immortal,yes,yes,data/evidence/whois_display/html/trent.html,data/evidence/whois_display/text/trent.txt,mha:trent:1781606404:4c56b6c0,high,0,0,0,,,no,0,,0,,no,no
char_aloonion,Aloonion,aloonion,,,,,,Maia,,Immortals,high,Shaper,Shaper,Shaper,high,,,,,,,Maia,M,Shaper,current,Maia,yes,no,2026_06_16_current_immortals,MUME current immortal list,List current as of 2026-06-16,immortal_2026_06_16_current_immortals_aloonion_18_listed_current_immortal,candidate,Copied by Lewis. (+m) means the immortal is also a Maiar Muddler / muddle code contributor.,immortal,yes,yes,data/evidence/whois_display/html/aloonion.html,data/evidence/whois_display/text/aloonion.txt,mha:aloonion:1781576789:3f5641c7,high,0,0,0,,,yes,1,32.5,0,,no,no
char_gathen,Gathen,gathen,,,,,,Maia,,Immortals,high,Cartographer,Cartographer,Cartographer,high,,,,,,,Maia,M,Cartographer,retired,Maia,no,no,2026_06_16_retired_immortals,MUME retired immortal list,List current as of 2026-06-16,immortal_2026_06_16_retired_immortals_gathen_242_listed_retired_immortal,candidate,Copied by Lewis. Includes Boardreaders and honorary True Legend entry for Norsu.,immortal,yes,yes,data/evidence/whois_display/html/gathen.html,data/evidence/whois_display/text/gathen.txt,mha:gathen:1781579932:edf1c716,high,0,0,0,,,no,0,,0,,no,no
char_holma,Holma,holma,,,,,,Maia,,Immortals,high,,,,,,,,,,,Maia,M,,retired,Boardreader,no,no,2026_06_16_retired_immortals,MUME retired immortal list,List current as of 2026-06-16,immortal_2026_06_16_retired_immortals_holma_503_listed_retired_immortal,candidate,Copied by Lewis. Includes Boardreaders and honorary True Legend entry for Norsu.,immortal,yes,yes,data/evidence/whois_display/html/holma.html,data/evidence/whois_display/text/holma.txt,mha:holma:1781586252:6f42ebfc,high,5,0,0,comma_name_list:3; heading_name_list:2,Blomma; Buurkh; Berwen; Boldor; Hokus,no,0,,0,,no,yes
char_teriláen,Teriláen,terilaen,,,,,,Maia,,Immortals,high,Wright,Wright,Wright,high,,,,,,,Maia,M,Wright,retired,Maia,no,no,2026_06_16_retired_immortals,MUME retired immortal list,List current as of 2026-06-16,immortal_2026_06_16_retired_immortals_terilaen_159_listed_retired_immortal,candidate,Copied by Lewis. Includes Boardreaders and honorary True Legend entry for Norsu.,immortal,yes,yes,data/evidence/whois_display/html/terilaen.html,data/evidence/whois_display/text/terilaen.txt,mha:teriláen:1781606237:31c36c90,high,0,0,0,,,no,0,,0,,no,no
char_finwë,Finwë,finwe,,,,,,Maia,,Immortals,high,Wright,Wright,Wright,high,,,,,,,Maia,M,Wright,current,Maia,no,no,2026_06_16_current_immortals,MUME current immortal list,List current as of 2026-06-16,immortal_2026_06_16_current_immortals_finwe_34_listed_current_immortal,candidate,Copied by Lewis. (+m) means the immortal is also a Maiar Muddler / muddle code contributor.,immortal,yes,yes,data/evidence/whois_display/html/finwe.html,data/evidence/whois_display/text/finwe.txt,mha:finwë:1781579767:ffb5d56e,high,0,0,0,,,no,0,,1,low:1,no,yes
char_leah,Leah,leah,,,,,,Maia,,Immortals,high,,,,,,,,,,,Maia,M,,retired,Boardreader,no,no,2026_06_16_retired_immortals,MUME retired immortal list,List current as of 2026-06-16,immortal_2026_06_16_retired_immortals_leah_564_listed_retired_immortal,candidate,Copied by Lewis. Includes Boardreaders and honorary True Legend entry for Norsu.,immortal,yes,yes,data/evidence/whois_display/html/leah.html,data/evidence/whois_display/text/leah.txt,mha:leah:1781604287:710a5c05,high,0,0,0,,,no,0,,0,,no,no
char_drugo,Drugo,drugo,,,,,,Maia,,Immortals,high,Wright,Wright,Wright,high,,,,,,,Maia,M,Wright,current,Maia,no,no,2026_06_16_current_immortals,MUME current immortal list,List current as of 2026-06-16,immortal_2026_06_16_current_immortals_drugo_32_listed_current_immortal,candidate,Copied by Lewis. (+m) means the immortal is also a Maiar Muddler / muddle code contributor.,immortal,yes,yes,data/evidence/whois_display/html/drugo.html,data/evidence/whois_display/text/drugo.txt,mha:drugo:1781578977:cb1a0da6,high,0,0,0,,,no,0,,0,,no,no
char_isóldir,Isóldir,isoldir,,,,,,Maia,,Immortals,high,Wright,Wright,Wright,high,,,,,,,Maia,M,Wright,retired,Maia,no,no,2026_06_16_retired_immortals,MUME retired immortal list,List current as of 2026-06-16,immortal_2026_06_16_retired_immortals_isoldir_116_listed_retired_immortal,candidate,Copied by Lewis. Includes Boardreaders and honorary True Legend entry for Norsu.,immortal,yes,yes,data/evidence/whois_display/html/isoldir.html,data/evidence/whois_display/text/isoldir.txt,mha:isóldir:1781603813:9613897d,high,0,0,0,,,no,0,,0,,no,no
char_drakiz,Drakiz,drakiz,,,,,,Maia,,Immortals,high,,,,,,,,,,,Maia,M,,retired,Boardreader,no,no,2026_06_16_retired_immortals,MUME retired immortal list,List current as of 2026-06-16,immortal_2026_06_16_retired_immortals_drakiz_411_listed_retired_immortal,candidate,Copied by Lewis. Includes Boardreaders and honorary True Legend entry for Norsu.,immortal,yes,yes,data/evidence/whois_display/html/drakiz.html,data/evidence/whois_display/text/drakiz.txt,mha:drakiz:1781578955:dd8eb2f3,high,15,0,0,comma_name_list:15,Rockbone; Serek; Vurm; Wezron; Zeveron; Ignatio; Justicaros; Resan; Lyrom; Onzi; Tordenskjold; Yzgard,no,0,,0,,no,yes
char_erent,Erent,erent,,,,,,Maia,,Immortals,high,Cartographer,Cartographer,Cartographer,high,,,,,,,Maia,M,Cartographer,retired,Maia,no,no,2026_06_16_retired_immortals,MUME retired immortal list,List current as of 2026-06-16,immortal_2026_06_16_retired_immortals_erent_230_listed_retired_immortal,candidate,Copied by Lewis. Includes Boardreaders and honorary True Legend entry for Norsu.,immortal,yes,yes,data/evidence/whois_display/html/erent.html,data/evidence/whois_display/text/erent.txt,mha:erent:1781579545:ce86c202,high,0,0,0,,,no,0,,0,,no,no
char_foroil,Foroil,foroil,,,,,,Maia,,Immortals,high,Cartographer,Cartographer,Cartographer,high,,,,,,,Maia,M,Cartographer,retired,Maia,no,no,2026_06_16_retired_immortals,MUME retired immortal list,List current as of 2026-06-16,immortal_2026_06_16_retired_immortals_foroil_239_listed_retired_immortal,candidate,Copied by Lewis. Includes Boardreaders and honorary True Legend entry for Norsu.,immortal,yes,yes,data/evidence/whois_display/html/foroil.html,data/evidence/whois_display/text/foroil.txt,mha:foroil:1781579838:d35e5182,high,0,0,0,,,no,0,,0,,no,no
char_bambuk,Bambuk,bambuk,,,,,,Maia,,Immortals,high,Cartographer,Cartographer,Cartographer,high,,,,,,,Maia,M,Cartographer,retired,Maia,no,no,2026_06_16_retired_immortals,MUME retired immortal list,List current as of 2026-06-16,immortal_2026_06_16_retired_immortals_bambuk_212_listed_retired_immortal,candidate,Copied by Lewis. Includes Boardreaders and honorary True Legend entry for Norsu.,immortal,yes,yes,data/evidence/whois_display/html/bambuk.html,data/evidence/whois_display/text/bambuk.txt,mha:bambuk:1781577837:397cad25,high,0,0,0,,,no,0,,0,,no,no
char_ceno,Ceno,ceno,,,,,,Maia,,Immortals,high,,,,,,,,,,,Maia,M,,retired,Boardreader,no,no,2026_06_16_retired_immortals,MUME retired immortal list,List current as of 2026-06-16,immortal_2026_06_16_retired_immortals_ceno_374_listed_retired_immortal,candidate,Copied by Lewis. Includes Boardreaders and honorary True Legend entry for Norsu.,immortal,yes,yes,data/evidence/whois_display/html/ceno.html,data/evidence/whois_display/text/ceno.txt,mha:ceno:1781578613:788f43b6,high,0,0,0,,,no,0,,1,medium:1,no,yes
char_haelon,Haelon,haelon,,,,,,Maia,,Immortals,high,,,,,,,,,,,Maia,M,,retired,Boardreader,no,no,2026_06_16_retired_immortals,MUME retired immortal list,List current as of 2026-06-16,immortal_2026_06_16_retired_immortals_haelon_493_listed_retired_immortal,candidate,Copied by Lewis. Includes Boardreaders and honorary True Legend entry for Norsu.,immortal,yes,yes,data/evidence/whois_display/html/haelon.html,data/evidence/whois_display/text/haelon.txt,mha:haelon:1781586147:63cecea3,high,0,0,0,,,no,0,,0,,no,no
char_conklin,Conklin,conklin,,,,,,Maia,,Immortals,high,Cartographer,Cartographer,Cartographer,high,,,,,,,Maia,M,Cartographer,retired,Maia,no,no,2026_06_16_retired_immortals,MUME retired immortal list,List current as of 2026-06-16,immortal_2026_06_16_retired_immortals_conklin_220_listed_retired_immortal,candidate,Copied by Lewis. Includes Boardreaders and honorary True Legend entry for Norsu.,immortal,yes,yes,data/evidence/whois_display/html/conklin.html,data/evidence/whois_display/text/conklin.txt,mha:conklin:1781578696:88b21557,high,0,0,0,,,no,0,,0,,no,no
char_ame,Ame,ame,,,,,,Maia,,Immortals,high,,,,,,,,,,,Maia,M,,retired,Boardreader,no,no,2026_06_16_retired_immortals,MUME retired immortal list,List current as of 2026-06-16,immortal_2026_06_16_retired_immortals_ame_316_listed_retired_immortal,candidate,Copied by Lewis. Includes Boardreaders and honorary True Legend entry for Norsu.,immortal,yes,yes,data/evidence/whois_display/html/ame.html,data/evidence/whois_display/text/ame.txt,mha:ame:1781576812:21c110dc,high,0,0,0,,,yes,1,27.5,0,,no,no
char_moison,Moison,moison,,,,,,Maia,,Immortals,high,,,,,,,,,,,Maia,M,,retired,Boardreader,no,no,2026_06_16_retired_immortals,MUME retired immortal list,List current as of 2026-06-16,immortal_2026_06_16_retired_immortals_moison_604_listed_retired_immortal,candidate,Copied by Lewis. Includes Boardreaders and honorary True Legend entry for Norsu.,immortal,yes,yes,data/evidence/whois_display/html/moison.html,data/evidence/whois_display/text/moison.txt,mha:moison:1781604903:cc1a33eb,high,0,0,0,,,no,0,,0,,no,no
char_spin,Spin,spin,,,,,,Maia,,Immortals,high,,,,,,,,,,,Maia,M,,retired,Boardreader,no,no,2026_06_16_retired_immortals,MUME retired immortal list,List current as of 2026-06-16,immortal_2026_06_16_retired_immortals_spin_721_listed_retired_immortal,candidate,Copied by Lewis. Includes Boardreaders and honorary True Legend entry for Norsu.,immortal,yes,yes,data/evidence/whois_display/html/spin.html,data/evidence/whois_display/text/spin.txt,mha:spin:1781606036:284efefd,high,0,0,0,,,no,0,,0,,no,no
char_sarmarnuna,Sarmarnuna,sarmarnuna,,,,,,Maia,,Immortals,high,,,,,,,,,,,Maia,M,,retired,Boardreader,no,no,2026_06_16_retired_immortals,MUME retired immortal list,List current as of 2026-06-16,immortal_2026_06_16_retired_immortals_sarmarnuna_693_listed_retired_immortal,candidate,Copied by Lewis. Includes Boardreaders and honorary True Legend entry for Norsu.,immortal,yes,yes,data/evidence/whois_display/html/sarmarnuna.html,data/evidence/whois_display/text/sarmarnuna.txt,mha:sarmarnuna:1781605762:975f4a92,high,0,0,0,,,no,0,,0,,no,no
char_belegurthruin,Belegurthruin,belegurthruin,,,,,,Maia,,Immortals,high,Cartographer,Cartographer,Cartographer,high,,,,,,,Maia,M,Cartographer,current,Maia,no,no,2026_06_16_current_immortals,MUME current immortal list,List current as of 2026-06-16,immortal_2026_06_16_current_immortals_belegurthruin_59_listed_current_immortal,candidate,Copied by Lewis. (+m) means the immortal is also a Maiar Muddler / muddle code contributor.,immortal,yes,yes,data/evidence/whois_display/html/belegurthruin.html,data/evidence/whois_display/text/belegurthruin.txt,mha:belegurthruin:1781577898:c2514828,high,0,0,0,,,no,0,,0,,no,no
char_kerf,Kerf,kerf,,,,,,Maia,,Immortals,high,,,,,,,,,,,Maia,M,,retired,Boardreader,no,no,2026_06_16_retired_immortals,MUME retired immortal list,List current as of 2026-06-16,immortal_2026_06_16_retired_immortals_kerf_538_listed_retired_immortal,candidate,Copied by Lewis. Includes Boardreaders and honorary True Legend entry for Norsu.,immortal,yes,yes,data/evidence/whois_display/html/kerf.html,data/evidence/whois_display/text/kerf.txt,mha:kerf:1781604022:df402e8c,high,0,0,0,,,no,0,,0,,no,no
char_tyr,Tyr,tyr,,,,,,Maia,,Immortals,high,,,,,,,,,,,Maia,M,,retired,Boardreader,no,no,2026_06_16_retired_immortals,MUME retired immortal list,List current as of 2026-06-16,immortal_2026_06_16_retired_immortals_tyr_753_listed_retired_immortal,candidate,Copied by Lewis. Includes Boardreaders and honorary True Legend entry for Norsu.,immortal,yes,yes,data/evidence/whois_display/html/tyr.html,data/evidence/whois_display/text/tyr.txt,mha:tyr:1781606449:fc0980ea,high,0,0,0,,,no,0,,0,,no,no
char_gilgala,Gilgala,gilgala,,,,,,Maia,,Immortals,high,Wright,Wright,Wright,high,,,,,,,Maia,M,Wright,retired,Maia,no,no,2026_06_16_retired_immortals,MUME retired immortal list,List current as of 2026-06-16,immortal_2026_06_16_retired_immortals_gilgala_107_listed_retired_immortal,candidate,Copied by Lewis. Includes Boardreaders and honorary True Legend entry for Norsu.,immortal,yes,yes,data/evidence/whois_display/html/gilgala.html,data/evidence/whois_display/text/gilgala.txt,mha:gilgala:1781579998:3fb1a3e8,high,0,0,0,,,no,0,,0,,no,no
char_yeoma,Yeoma,yeoma,,,,,,Vala,,Immortals,high,Mudller,Mudller,Mudller,high,,,,,,,Vala,V,Mudller,retired,Vala,no,no,2026_06_16_retired_immortals,MUME retired immortal list,List current as of 2026-06-16,immortal_2026_06_16_retired_immortals_yeoma_39_listed_retired_immortal,candidate,Copied by Lewis. Includes Boardreaders and honorary True Legend entry for Norsu.,immortal,yes,yes,data/evidence/whois_display/html/yeoma.html,data/evidence/whois_display/text/yeoma.txt,mha:yeoma:1781606816:1fca4aea,high,0,0,0,,,yes,1,18.0,0,,no,no
char_hanne,Hanne,hanne,,,,,,Maia,,Immortals,high,Cartographer,Cartographer,Cartographer,high,,,,,,,Maia,M,Cartographer,current,Maia,no,no,2026_06_16_current_immortals,MUME current immortal list,List current as of 2026-06-16,immortal_2026_06_16_current_immortals_hanne_72_listed_current_immortal,candidate,Copied by Lewis. (+m) means the immortal is also a Maiar Muddler / muddle code contributor.,immortal,yes,yes,data/evidence/whois_display/html/hanne.html,data/evidence/whois_display/text/hanne.txt,mha:hanne:1781586169:3d07ce23,high,0,0,0,,,yes,1,15.0,0,,no,no
char_illüen,Illüen,illuen,,,,,,Maia,,Immortals,high,,,,,,,,,,,Maia,M,,retired,Boardreader,no,no,2026_06_16_retired_immortals,MUME retired immortal list,List current as of 2026-06-16,immortal_2026_06_16_retired_immortals_illuen_511_listed_retired_immortal,candidate,Copied by Lewis. Includes Boardreaders and honorary True Legend entry for Norsu.,immortal,yes,yes,data/evidence/whois_display/html/illuen.html,data/evidence/whois_display/text/illuen.txt,mha:illüen:1781587096:4c9d567e,high,0,0,0,,,yes,1,29.5,0,,no,no
char_darcy,Darcy,darcy,,,,,,Maia,,Immortals,high,,,,,,,,,,,Maia,M,,retired,Boardreader,no,no,2026_06_16_retired_immortals,MUME retired immortal list,List current as of 2026-06-16,immortal_2026_06_16_retired_immortals_darcy_394_listed_retired_immortal,candidate,Copied by Lewis. Includes Boardreaders and honorary True Legend entry for Norsu.,immortal,yes,yes,data/evidence/whois_display/html/darcy.html,data/evidence/whois_display/text/darcy.txt,mha:darcy:1781578801:6d5e6312,high,0,0,0,,,no,0,,0,,no,no
char_trexus,Trexus,trexus,,,,,,Maia,,Immortals,high,Wright,Wright,Wright,high,,,,,,,Maia,M,Wright,retired,Maia,no,no,2026_06_16_retired_immortals,MUME retired immortal list,List current as of 2026-06-16,immortal_2026_06_16_retired_immortals_trexus_164_listed_retired_immortal,candidate,Copied by Lewis. Includes Boardreaders and honorary True Legend entry for Norsu.,immortal,yes,yes,data/evidence/whois_display/html/trexus.html,data/evidence/whois_display/text/trexus.txt,mha:trexus:1781606409:5524c6ef,high,0,0,0,,,no,0,,0,,no,no
char_alderon,Alderon,alderon,,,,,,Maia,,Immortals,high,,,,,,,,,,,Maia,M,,retired,Boardreader,no,no,2026_06_16_retired_immortals,MUME retired immortal list,List current as of 2026-06-16,immortal_2026_06_16_retired_immortals_alderon_309_listed_retired_immortal,candidate,Copied by Lewis. Includes Boardreaders and honorary True Legend entry for Norsu.,immortal,yes,yes,data/evidence/whois_display/html/alderon.html,data/evidence/whois_display/text/alderon.txt,mha:alderon:1781576739:4d7a499e,high,0,0,0,,,yes,1,21.5,0,,no,no
char_inghorlas,Inghorlas,inghorlas,,,,,,Maia,,Immortals,high,,,,,,,,,,,Maia,M,,retired,Boardreader,no,no,2026_06_16_retired_immortals,MUME retired immortal list,List current as of 2026-06-16,immortal_2026_06_16_retired_immortals_inghorlas_515_listed_retired_immortal,candidate,Copied by Lewis. Includes Boardreaders and honorary True Legend entry for Norsu.,immortal,yes,yes,data/evidence/whois_display/html/inghorlas.html,data/evidence/whois_display/text/inghorlas.txt,mha:inghorlas:1781587141:177fc2a8,high,0,0,0,,,no,0,,0,,no,no
char_quack,Quack,quack,,,,,,Maia,,Immortals,high,,,,,,,,,,,Maia,M,,retired,Boardreader,no,no,2026_06_16_retired_immortals,MUME retired immortal list,List current as of 2026-06-16,immortal_2026_06_16_retired_immortals_quack_661_listed_retired_immortal,candidate,Copied by Lewis. Includes Boardreaders and honorary True Legend entry for Norsu.,immortal,yes,yes,data/evidence/whois_display/html/quack.html,data/evidence/whois_display/text/quack.txt,mha:quack:1781605419:21abae11,high,0,0,0,,,no,0,,0,,no,no
char_kraag,Kraag,kraag,,,,,,Maia,,Immortals,high,,,,,,,,,,,Maia,M,,retired,Boardreader,no,no,2026_06_16_retired_immortals,MUME retired immortal list,List current as of 2026-06-16,immortal_2026_06_16_retired_immortals_kraag_554_listed_retired_immortal,candidate,Copied by Lewis. Includes Boardreaders and honorary True Legend entry for Norsu.,immortal,yes,yes,data/evidence/whois_display/html/kraag.html,data/evidence/whois_display/text/kraag.txt,mha:kraag:1781604171:ae3d09fb,high,0,0,0,,,no,0,,0,,no,no
char_vengeance,Vengeance,vengeance,,,,,,Vala,,Immortals,high,Mudller,Mudller,Mudller,high,,,,,,,Vala,V,Mudller,retired,Vala,no,no,2026_06_16_retired_immortals,MUME retired immortal list,List current as of 2026-06-16,immortal_2026_06_16_retired_immortals_vengeance_37_listed_retired_immortal,candidate,Copied by Lewis. Includes Boardreaders and honorary True Legend entry for Norsu.,immortal,yes,yes,data/evidence/whois_display/html/vengeance.html,data/evidence/whois_display/text/vengeance.txt,mha:vengeance:1781606608:51d0c0bc,high,0,0,0,,,no,0,,0,,no,no
char_meneldor,Meneldor,meneldor,,,,,,Maia,,Immortals,high,,,,,,,,,,,Maia,M,,retired,Boardreader,no,no,2026_06_16_retired_immortals,MUME retired immortal list,List current as of 2026-06-16,immortal_2026_06_16_retired_immortals_meneldor_592_listed_retired_immortal,candidate,Copied by Lewis. Includes Boardreaders and honorary True Legend entry for Norsu.,immortal,yes,yes,data/evidence/whois_display/html/meneldor.html,data/evidence/whois_display/text/meneldor.txt,mha:meneldor:1781604791:f6564d10,high,0,0,0,,,no,0,,0,,no,no
char_jahara,Jahara,jahara,,,,,,Vala,,Immortals,high,,,,,,,,,,,Arata,A,,current,Aratar,no,no,2026_06_16_current_immortals,MUME current immortal list,List current as of 2026-06-16,immortal_2026_06_16_current_immortals_jahara_6_listed_current_immortal,candidate,Copied by Lewis. (+m) means the immortal is also a Maiar Muddler / muddle code contributor.,immortal,yes,yes,data/evidence/whois_display/html/jahara.html,data/evidence/whois_display/text/jahara.txt,mha:jahara:1781603857:c5a68155,high,20,0,0,comma_name_list:20,Kedra; Novari; Derinol; Trul; Edward; Jartun; Happosai; Diode; Israfel; Tibor; Doug; Négil,yes,1,8.5,0,,no,yes
char_stigur,Stigur,stigur,,,,,,Maia,,Immortals,high,,,,,,,,,,,Maia,M,,retired,Boardreader,no,no,2026_06_16_retired_immortals,MUME retired immortal list,List current as of 2026-06-16,immortal_2026_06_16_retired_immortals_stigur_726_listed_retired_immortal,candidate,Copied by Lewis. Includes Boardreaders and honorary True Legend entry for Norsu.,immortal,yes,yes,data/evidence/whois_display/html/stigur.html,data/evidence/whois_display/text/stigur.txt,mha:stigur:1781606084:2e73b377,high,0,0,0,,,no,0,,0,,no,no
char_meneldil,Meneldil,meneldil,,,,,,Maia,,Immortals,high,Cartographer,Cartographer,Cartographer,high,,,,,,,Maia,M,Cartographer,retired,Maia,no,no,2026_06_16_retired_immortals,MUME retired immortal list,List current as of 2026-06-16,immortal_2026_06_16_retired_immortals_meneldil_261_listed_retired_immortal,candidate,Copied by Lewis. Includes Boardreaders and honorary True Legend entry for Norsu.,immortal,yes,yes,data/evidence/whois_display/html/meneldil.html,data/evidence/whois_display/text/meneldil.txt,mha:meneldil:1781604777:ec946ffb,high,0,0,0,,,no,0,,0,,no,no
char_halal,Halal,halal,,,,,,Maia,,Immortals,high,,,,,,,,,,,Maia,M,,retired,Boardreader,no,no,2026_06_16_retired_immortals,MUME retired immortal list,List current as of 2026-06-16,immortal_2026_06_16_retired_immortals_halal_495_listed_retired_immortal,candidate,Copied by Lewis. Includes Boardreaders and honorary True Legend entry for Norsu.,immortal,yes,yes,data/evidence/whois_display/html/halal.html,data/evidence/whois_display/text/halal.txt,mha:halal:1781586158:bb1b3dae,high,0,0,0,,,no,0,,0,,no,no
char_galaviel,Galaviel,galaviel,,,,,,Maia,,Immortals,high,,,,,,,,,,,Maia,M,,retired,Boardreader,no,no,2026_06_16_retired_immortals,MUME retired immortal list,List current as of 2026-06-16,immortal_2026_06_16_retired_immortals_galaviel_468_listed_retired_immortal,candidate,Copied by Lewis. Includes Boardreaders and honorary True Legend entry for Norsu.,immortal,yes,yes,data/evidence/whois_display/html/galaviel.html,data/evidence/whois_display/text/galaviel.txt,mha:galaviel:1781579910:655e17b5,high,0,0,0,,,no,0,,0,,no,no
char_svex,Svex,svex,,,,,,Maia,,Immortals,high,Cartographer,Cartographer,Cartographer,high,,,,,,,Maia,M,Cartographer,retired,Maia,no,no,2026_06_16_retired_immortals,MUME retired immortal list,List current as of 2026-06-16,immortal_2026_06_16_retired_immortals_svex_280_listed_retired_immortal,candidate,Copied by Lewis. Includes Boardreaders and honorary True Legend entry for Norsu.,immortal,yes,yes,data/evidence/whois_display/html/svex.html,data/evidence/whois_display/text/svex.txt,mha:svex:1781606128:261f2735,high,0,0,0,,,no,0,,0,,no,no
char_gríma,Gríma,grima,,,,,,Maia,,Immortals,high,Cartographer,Cartographer,Cartographer,high,,,,,,,Maia,M,Cartographer,retired,Maia,no,no,2026_06_16_retired_immortals,MUME retired immortal list,List current as of 2026-06-16,immortal_2026_06_16_retired_immortals_grima_244_listed_retired_immortal,candidate,Copied by Lewis. Includes Boardreaders and honorary True Legend entry for Norsu.,immortal,yes,yes,data/evidence/whois_display/html/grima.html,data/evidence/whois_display/text/grima.txt,mha:gríma:1781580131:ffbba467,high,27,5,5,comma_name_list:27,Vardamir; Meliza; Mordak; Belegûr; Morgazh; Muzgash; Mordim; Naomi; Morgae; Mastah; Mama; Notorga,no,0,,0,,no,yes
char_daro,Daro,daro,,,,,,Maia,,Immortals,high,,,,,,,,,,,Maia,M,,retired,Boardreader,no,no,2026_06_16_retired_immortals,MUME retired immortal list,List current as of 2026-06-16,immortal_2026_06_16_retired_immortals_daro_396_listed_retired_immortal,candidate,Copied by Lewis. Includes Boardreaders and honorary True Legend entry for Norsu.,immortal,yes,yes,data/evidence/whois_display/html/daro.html,data/evidence/whois_display/text/daro.txt,mha:daro:1781578817:32beda64,high,0,0,0,,,no,0,,1,medium:1,no,yes
char_draught,Draught,draught,,,,,,Vala,,Immortals,high,,,,,,,,,,,Arata,A,,retired,Aratar,no,no,2026_06_16_retired_immortals,MUME retired immortal list,List current as of 2026-06-16,immortal_2026_06_16_retired_immortals_draught_4_listed_retired_immortal,candidate,Copied by Lewis. Includes Boardreaders and honorary True Legend entry for Norsu.,immortal,yes,yes,data/evidence/whois_display/html/draught.html,data/evidence/whois_display/text/draught.txt,mha:draught:1781578961:52be9484,high,0,0,0,,,no,0,,0,,no,no
char_aellynn,Aellynn,aellynn,,,,,,Maia,,Immortals,high,,,,,,,,,,,Maia,M,,retired,Boardreader,no,no,2026_06_16_retired_immortals,MUME retired immortal list,List current as of 2026-06-16,immortal_2026_06_16_retired_immortals_aellynn_298_listed_retired_immortal,candidate,Copied by Lewis. Includes Boardreaders and honorary True Legend entry for Norsu.,immortal,yes,yes,data/evidence/whois_display/html/aellynn.html,data/evidence/whois_display/text/aellynn.txt,mha:aellynn:1781576650:8aeeeeab,high,0,0,0,,,no,0,,0,,no,no
char_esen,Esen,esen,,,,,,Maia,,Immortals,high,,,,,,,,,,,Maia,M,,retired,Boardreader,no,no,2026_06_16_retired_immortals,MUME retired immortal list,List current as of 2026-06-16,immortal_2026_06_16_retired_immortals_esen_440_listed_retired_immortal,candidate,Copied by Lewis. Includes Boardreaders and honorary True Legend entry for Norsu.,immortal,yes,yes,data/evidence/whois_display/html/esen.html,data/evidence/whois_display/text/esen.txt,mha:esen:1781579603:061d9e22,high,0,0,0,,,no,0,,0,,no,no
char_rowin,Rowin,rowin,,,,,,Maia,,Immortals,high,,,,,,,,,,,Maia,M,,retired,Boardreader,no,no,2026_06_16_retired_immortals,MUME retired immortal list,List current as of 2026-06-16,immortal_2026_06_16_retired_immortals_rowin_683_listed_retired_immortal,candidate,Copied by Lewis. Includes Boardreaders and honorary True Legend entry for Norsu.,immortal,yes,yes,data/evidence/whois_display/html/rowin.html,data/evidence/whois_display/text/rowin.txt,mha:rowin:1781605652:12fc5fcf,high,0,0,0,,,no,0,,0,,no,no
char_thran,Thran,thran,,,,,,Maia,,Immortals,high,Wright,Wright,Wright,high,,,,,,,Maia,M,Wright,retired,Maia,no,no,2026_06_16_retired_immortals,MUME retired immortal list,List current as of 2026-06-16,immortal_2026_06_16_retired_immortals_thran_162_listed_retired_immortal,candidate,Copied by Lewis. Includes Boardreaders and honorary True Legend entry for Norsu.,immortal,yes,yes,data/evidence/whois_display/html/thran.html,data/evidence/whois_display/text/thran.txt,mha:thran:1781606302:df5ef082,high,0,0,0,,,no,0,,0,,no,no
char_eldamir,Eldamir,eldamir,,,,,,Maia,,Immortals,high,,,,,,,,,,,Maia,M,,retired,Boardreader,no,no,2026_06_16_retired_immortals,MUME retired immortal list,List current as of 2026-06-16,immortal_2026_06_16_retired_immortals_eldamir_426_listed_retired_immortal,candidate,Copied by Lewis. Includes Boardreaders and honorary True Legend entry for Norsu.,immortal,yes,yes,data/evidence/whois_display/html/eldamir.html,data/evidence/whois_display/text/eldamir.txt,mha:eldamir:1781579128:8dd32ded,high,0,0,0,,,no,0,,0,,no,no
char_larnach,Larnach,larnach,,,,,,Maia,,Immortals,high,,,,,,,,,,,Maia,M,,retired,Boardreader,no,no,2026_06_16_retired_immortals,MUME retired immortal list,List current as of 2026-06-16,immortal_2026_06_16_retired_immortals_larnach_562_listed_retired_immortal,candidate,Copied by Lewis. Includes Boardreaders and honorary True Legend entry for Norsu.,immortal,yes,yes,data/evidence/whois_display/html/larnach.html,data/evidence/whois_display/text/larnach.txt,mha:larnach:1781604270:f0d39bfd,high,0,0,0,,,no,0,,0,,no,no
char_gwaywffon,Gwaywffon,gwaywffon,,,,,,Maia,,Immortals,high,Builder,Builder,Builder,high,,,,,,,Maia,M,Builder,retired,Maia,no,no,2026_06_16_retired_immortals,MUME retired immortal list,List current as of 2026-06-16,immortal_2026_06_16_retired_immortals_gwaywffon_188_listed_retired_immortal,candidate,Copied by Lewis. Includes Boardreaders and honorary True Legend entry for Norsu.,immortal,yes,yes,data/evidence/whois_display/html/gwaywffon.html,data/evidence/whois_display/text/gwaywffon.txt,mha:gwaywffon:1781586130:cdb94a2b,high,0,0,0,,,no,0,,0,,no,no
char_belewor,Belewor,belewor,,,,,,Maia,,Immortals,high,,,,,,,,,,,Maia,M,,retired,Boardreader,no,no,2026_06_16_retired_immortals,MUME retired immortal list,List current as of 2026-06-16,immortal_2026_06_16_retired_immortals_belewor_346_listed_retired_immortal,candidate,Copied by Lewis. Includes Boardreaders and honorary True Legend entry for Norsu.,immortal,yes,yes,data/evidence/whois_display/html/belewor.html,data/evidence/whois_display/text/belewor.txt,mha:belewor:1781577909:96a49560,high,0,0,0,,,no,0,,0,,no,no
char_chops,Chops,chops,,,,,,Maia,,Immortals,high,,,,,,,,,,,Maia,M,,retired,Boardreader,no,no,2026_06_16_retired_immortals,MUME retired immortal list,List current as of 2026-06-16,immortal_2026_06_16_retired_immortals_chops_376_listed_retired_immortal,candidate,Copied by Lewis. Includes Boardreaders and honorary True Legend entry for Norsu.,immortal,yes,yes,data/evidence/whois_display/html/chops.html,data/evidence/whois_display/text/chops.txt,mha:chops:1781578646:5328bdf9,high,0,0,0,,,no,0,,0,,no,no
char_isillómë,Isillómë,isillome,,,,,,Maia,,Immortals,high,Cartographer,Cartographer,Cartographer,high,,,,,,,Maia,M,Cartographer,current,Maia,no,no,2026_06_16_current_immortals,MUME current immortal list,List current as of 2026-06-16,immortal_2026_06_16_current_immortals_isillome_76_listed_current_immortal,candidate,Copied by Lewis. (+m) means the immortal is also a Maiar Muddler / muddle code contributor.,immortal,yes,yes,data/evidence/whois_display/html/isillome.html,data/evidence/whois_display/text/isillome.txt,mha:isillómë:1781603802:d518c8a3,high,0,0,0,,,no,0,,0,,no,no
char_isengrim,Isengrim,isengrim,,,,,,Maia,,Immortals,high,,,,,,,,,,,Maia,M,,retired,Boardreader,no,no,2026_06_16_retired_immortals,MUME retired immortal list,List current as of 2026-06-16,immortal_2026_06_16_retired_immortals_isengrim_519_listed_retired_immortal,candidate,Copied by Lewis. Includes Boardreaders and honorary True Legend entry for Norsu.,immortal,yes,yes,data/evidence/whois_display/html/isengrim.html,data/evidence/whois_display/text/isengrim.txt,mha:isengrim:1781603790:be4ae57b,high,0,0,0,,,no,0,,0,,no,no
char_gevald,Gevald,gevald,,,,,,Maia,,Immortals,high,,,,,,,,,,,Maia,M,,retired,Boardreader,no,no,2026_06_16_retired_immortals,MUME retired immortal list,List current as of 2026-06-16,immortal_2026_06_16_retired_immortals_gevald_474_listed_retired_immortal,candidate,Copied by Lewis. Includes Boardreaders and honorary True Legend entry for Norsu.,immortal,yes,yes,data/evidence/whois_display/html/gevald.html,data/evidence/whois_display/text/gevald.txt,mha:gevald:1781579982:d29796f4,high,0,0,0,,,no,0,,0,,no,no
char_humpty,Humpty,humpty,,,,,,Maia,,Immortals,high,,,,,,,,,,,Maia,M,,retired,Boardreader,no,no,2026_06_16_retired_immortals,MUME retired immortal list,List current as of 2026-06-16,immortal_2026_06_16_retired_immortals_humpty_507_listed_retired_immortal,candidate,Copied by Lewis. Includes Boardreaders and honorary True Legend entry for Norsu.,immortal,yes,yes,data/evidence/whois_display/html/humpty.html,data/evidence/whois_display/text/humpty.txt,mha:humpty:1781587057:1a8108e9,high,0,0,0,,,no,0,,1,low:1,no,yes
char_xed,Xed,xed,,,,,,Vala,,Immortals,high,Architect,Architect,Architect,high,,,,,,,Vala,V,Architect,retired,Vala,no,no,2026_06_16_retired_immortals,MUME retired immortal list,List current as of 2026-06-16,immortal_2026_06_16_retired_immortals_xed_67_listed_retired_immortal,candidate,Copied by Lewis. Includes Boardreaders and honorary True Legend entry for Norsu.,immortal,yes,yes,data/evidence/whois_display/html/xed.html,data/evidence/whois_display/text/xed.txt,mha:xed:1781606765:74efcee6,high,0,0,0,,,no,0,,0,,no,no
char_foin,Foin,foin,,,,,,Maia,,Immortals,high,Wright,Wright,Wright,high,,,,,,,Maia,M,Wright,retired,Maia,no,no,2026_06_16_retired_immortals,MUME retired immortal list,List current as of 2026-06-16,immortal_2026_06_16_retired_immortals_foin_103_listed_retired_immortal,candidate,Copied by Lewis. Includes Boardreaders and honorary True Legend entry for Norsu.,immortal,yes,yes,data/evidence/whois_display/html/foin.html,data/evidence/whois_display/text/foin.txt,mha:foin:1781579804:a47591d0,high,0,0,0,,,no,0,,0,,no,no
char_indur,Indur,indur,,,,,,Maia,,Immortals,high,,,,,,,,,,,Maia,M,,retired,Boardreader,no,no,2026_06_16_retired_immortals,MUME retired immortal list,List current as of 2026-06-16,immortal_2026_06_16_retired_immortals_indur_514_listed_retired_immortal,candidate,Copied by Lewis. Includes Boardreaders and honorary True Legend entry for Norsu.,immortal,yes,yes,data/evidence/whois_display/html/indur.html,data/evidence/whois_display/text/indur.txt,mha:indur:1781587135:ba6b7d5d,high,0,0,0,,,no,0,,0,,no,no
char_xcrxx,Xcrxx,xcrxx,,,,,,Maia,,Immortals,high,,,,,,,,,,,Maia,M,,retired,Boardreader,no,no,2026_06_16_retired_immortals,MUME retired immortal list,List current as of 2026-06-16,immortal_2026_06_16_retired_immortals_xcrxx_778_listed_retired_immortal,candidate,Copied by Lewis. Includes Boardreaders and honorary True Legend entry for Norsu.,immortal,yes,yes,data/evidence/whois_display/html/xcrxx.html,data/evidence/whois_display/text/xcrxx.txt,mha:xcrxx:1781606760:7b8825c2,high,0,0,0,,,no,0,,0,,no,no
char_maedhros,Maedhros,maedhros,,,,,,Vala,,Immortals,high,Architect,Architect,Architect,high,,,,,,,Vala,V,Architect,retired,Vala,no,no,2026_06_16_retired_immortals,MUME retired immortal list,List current as of 2026-06-16,immortal_2026_06_16_retired_immortals_maedhros_58_listed_retired_immortal,candidate,Copied by Lewis. Includes Boardreaders and honorary True Legend entry for Norsu.,immortal,yes,yes,data/evidence/whois_display/html/maedhros.html,data/evidence/whois_display/text/maedhros.txt,mha:maedhros:1781604550:e5fef641,high,0,0,0,,,no,0,,0,,no,no
char_singleton,Singleton,singleton,,,,,,Maia,,Immortals,high,,,,,,,,,,,Maia,M,,retired,Boardreader,no,no,2026_06_16_retired_immortals,MUME retired immortal list,List current as of 2026-06-16,immortal_2026_06_16_retired_immortals_singleton_712_listed_retired_immortal,candidate,Copied by Lewis. Includes Boardreaders and honorary True Legend entry for Norsu.,immortal,yes,yes,data/evidence/whois_display/html/singleton.html,data/evidence/whois_display/text/singleton.txt,mha:singleton:1781605933:ada63883,high,0,0,0,,,no,0,,0,,no,no
char_kal,Kal,kal,,,,,,Maia,,Immortals,high,Wright,Wright,Wright,high,,,,,,,Maia,M,Wright,retired,Maia,no,no,2026_06_16_retired_immortals,MUME retired immortal list,List current as of 2026-06-16,immortal_2026_06_16_retired_immortals_kal_119_listed_retired_immortal,candidate,Copied by Lewis. Includes Boardreaders and honorary True Legend entry for Norsu.,immortal,yes,yes,data/evidence/whois_display/html/kal.html,data/evidence/whois_display/text/kal.txt,mha:kal:1781603908:88d3650f,high,0,0,0,,,no,0,,0,,no,no
char_khrun,Khrun,khrun,,,,,,Maia,,Immortals,high,,,,,,,,,,,Maia,M,,retired,Boardreader,no,no,2026_06_16_retired_immortals,MUME retired immortal list,List current as of 2026-06-16,immortal_2026_06_16_retired_immortals_khrun_545_listed_retired_immortal,candidate,Copied by Lewis. Includes Boardreaders and honorary True Legend entry for Norsu.,immortal,yes,yes,data/evidence/whois_display/html/khrun.html,data/evidence/whois_display/text/khrun.txt,mha:khrun:1781604074:52b4231b,high,0,0,0,,,no,0,,0,,no,no
char_zerototh,Zerototh,zerototh,,,,,,Maia,,Immortals,high,,,,,,,,,,,Maia,M,,retired,Boardreader,no,no,2026_06_16_retired_immortals,MUME retired immortal list,List current as of 2026-06-16,immortal_2026_06_16_retired_immortals_zerototh_793_listed_retired_immortal,candidate,Copied by Lewis. Includes Boardreaders and honorary True Legend entry for Norsu.,immortal,yes,yes,data/evidence/whois_display/html/zerototh.html,data/evidence/whois_display/text/zerototh.txt,mha:zerototh:1781606916:c0a81327,high,0,0,0,,,no,0,,0,,no,no
char_legon,Legon,legon,,,,,,Maia,,Immortals,high,Cartographer,Cartographer,Cartographer,high,,,,,,,Maia,M,Cartographer,retired,Maia,no,no,2026_06_16_retired_immortals,MUME retired immortal list,List current as of 2026-06-16,immortal_2026_06_16_retired_immortals_legon_255_listed_retired_immortal,candidate,Copied by Lewis. Includes Boardreaders and honorary True Legend entry for Norsu.,immortal,yes,yes,data/evidence/whois_display/html/legon.html,data/evidence/whois_display/text/legon.txt,mha:legon:1781604320:dd442103,high,0,0,0,,,no,0,,0,,no,no
char_dhalia,Dhalia,dhalia,,,,,,Maia,,Immortals,high,,,,,,,,,,,Maia,M,,retired,Boardreader,no,no,2026_06_16_retired_immortals,MUME retired immortal list,List current as of 2026-06-16,immortal_2026_06_16_retired_immortals_dhalia_409_listed_retired_immortal,candidate,Copied by Lewis. Includes Boardreaders and honorary True Legend entry for Norsu.,immortal,yes,yes,data/evidence/whois_display/html/dhalia.html,data/evidence/whois_display/text/dhalia.txt,mha:dhalia:1781578906:109b3a3f,high,0,0,0,,,no,0,,0,,no,no
char_araw,Araw,araw,,,,,,Maia,,Immortals,high,,,,,,,,,,,Maia,M,,retired,Boardreader,no,no,2026_06_16_retired_immortals,MUME retired immortal list,List current as of 2026-06-16,immortal_2026_06_16_retired_immortals_araw_323_listed_retired_immortal,candidate,Copied by Lewis. Includes Boardreaders and honorary True Legend entry for Norsu.,immortal,yes,yes,data/evidence/whois_display/html/araw.html,data/evidence/whois_display/text/araw.txt,mha:araw:1781577588:64739adc,high,0,0,0,,,no,0,,0,,no,no
char_erach,Erach,erach,,,,,,Maia,,Immortals,high,,,,,,,,,,,Maia,M,,retired,Boardreader,no,no,2026_06_16_retired_immortals,MUME retired immortal list,List current as of 2026-06-16,immortal_2026_06_16_retired_immortals_erach_435_listed_retired_immortal,candidate,Copied by Lewis. Includes Boardreaders and honorary True Legend entry for Norsu.,immortal,yes,yes,data/evidence/whois_display/html/erach.html,data/evidence/whois_display/text/erach.txt,mha:erach:1781579281:19559da2,high,0,0,0,,,no,0,,0,,no,no
char_ready,ready,ready,,,,,,Vala,,Immortals,high,Architect,Architect,Architect,high,,,,,,,Vala,V,Architect,,,,,,,,,,,immortal,yes,yes,data/evidence/whois_display/html/ready.html,data/evidence/whois_display/text/ready.txt,mha:darthang:1781578828:ca8c325f,high,0,0,0,,,no,0,,0,,no,no
char_chicken,Chicken,chicken,,,,,,Maia,,Immortals,high,Wright,Wright,Wright,high,,,,,,,Maia,M,Wright,retired,Maia,no,no,2026_06_16_retired_immortals,MUME retired immortal list,List current as of 2026-06-16,immortal_2026_06_16_retired_immortals_chicken_93_listed_retired_immortal,candidate,Copied by Lewis. Includes Boardreaders and honorary True Legend entry for Norsu.,immortal,yes,yes,data/evidence/whois_display/html/chicken.html,data/evidence/whois_display/text/chicken.txt,mha:chicken:1781578641:d7edcc9e,high,0,0,0,,,no,0,,0,,no,no
char_ennui,Ennui,ennui,,,,,,Maia,,Immortals,high,Cartographer,Cartographer,Cartographer,high,,,,,,,Maia,M,Cartographer,current,Maia,no,no,2026_06_16_current_immortals,MUME current immortal list,List current as of 2026-06-16,immortal_2026_06_16_current_immortals_ennui_67_listed_current_immortal,candidate,Copied by Lewis. (+m) means the immortal is also a Maiar Muddler / muddle code contributor.,immortal,yes,yes,data/evidence/whois_display/html/ennui.html,data/evidence/whois_display/text/ennui.txt,mha:ennui:1781579259:e7b6f17a,high,0,0,0,,,no,0,,0,,no,no
char_ciara,Ciara,ciara,,,,,,Maia,,Immortals,high,Cartographer,Cartographer,Cartographer,high,,,,,,,Maia,M,Cartographer,current,Maia,no,no,2026_06_16_current_immortals,MUME current immortal list,List current as of 2026-06-16,immortal_2026_06_16_current_immortals_ciara_62_listed_current_immortal,candidate,Copied by Lewis. (+m) means the immortal is also a Maiar Muddler / muddle code contributor.,immortal,yes,yes,data/evidence/whois_display/html/ciara.html,data/evidence/whois_display/text/ciara.txt,mha:ciara:1781578663:e783c7f9,high,0,0,0,,,no,0,,0,,no,no
char_marte,Marte,marte,,,,,,Maia,,Immortals,high,Cartographer,Cartographer,Cartographer,high,,,,,,,Maia,M,Cartographer,current,Maia,no,no,2026_06_16_current_immortals,MUME current immortal list,List current as of 2026-06-16,immortal_2026_06_16_current_immortals_marte_84_listed_current_immortal,candidate,Copied by Lewis. (+m) means the immortal is also a Maiar Muddler / muddle code contributor.,immortal,yes,yes,data/evidence/whois_display/html/marte.html,data/evidence/whois_display/text/marte.txt,mha:marte:1781604680:18e30fb3,high,0,0,0,,,yes,1,25.0,0,,no,no
char_bore,Bore,bore,,,,,,Maia,,Immortals,high,,,,,,,,,,,Maia,M,,retired,Boardreader,no,no,2026_06_16_retired_immortals,MUME retired immortal list,List current as of 2026-06-16,immortal_2026_06_16_retired_immortals_bore_358_listed_retired_immortal,candidate,Copied by Lewis. Includes Boardreaders and honorary True Legend entry for Norsu.,immortal,yes,yes,data/evidence/whois_display/html/bore.html,data/evidence/whois_display/text/bore.txt,mha:bore:1781578465:c261a1b7,high,0,0,0,,,no,0,,0,,no,no
char_grax,Grax,grax,,,,,,Maia,,Immortals,high,Wright,Wright,Wright,high,,,,,,,Maia,M,Wright,retired,Maia,no,no,2026_06_16_retired_immortals,MUME retired immortal list,List current as of 2026-06-16,immortal_2026_06_16_retired_immortals_grax_110_listed_retired_immortal,candidate,Copied by Lewis. Includes Boardreaders and honorary True Legend entry for Norsu.,immortal,yes,yes,data/evidence/whois_display/html/grax.html,data/evidence/whois_display/text/grax.txt,mha:grax:1781580076:91278339,high,0,0,0,,,no,0,,0,,no,no
char_kroz,Kroz,kroz,,,,,,Vala,,Immortals,high,Mudller,Mudller,Mudller,high,,,,,,,Vala,V,Mudller,retired,Vala,no,no,2026_06_16_retired_immortals,MUME retired immortal list,List current as of 2026-06-16,immortal_2026_06_16_retired_immortals_kroz_26_listed_retired_immortal,candidate,Copied by Lewis. Includes Boardreaders and honorary True Legend entry for Norsu.,immortal,yes,yes,data/evidence/whois_display/html/kroz.html,data/evidence/whois_display/text/kroz.txt,mha:kroz:1781604209:780349a4,high,0,0,0,,,no,0,,0,,no,no
char_berogond,Berogond,berogond,,,,,,Maia,,Immortals,high,,,,,,,,,,,Maia,M,,retired,Boardreader,no,no,2026_06_16_retired_immortals,MUME retired immortal list,List current as of 2026-06-16,immortal_2026_06_16_retired_immortals_berogond_350_listed_retired_immortal,candidate,Copied by Lewis. Includes Boardreaders and honorary True Legend entry for Norsu.,immortal,yes,yes,data/evidence/whois_display/html/berogond.html,data/evidence/whois_display/text/berogond.txt,mha:berogond:1781577942:a6fa16f9,high,27,1,1,comma_name_list:27,Gallahad; Daenarys; Molotov; Gannon; Erny; Theodin; Zaasha; Garron; Burt; Alodhel; Gluteus; Gwydien,no,0,,0,,no,yes
char_felbad,Felbad,felbad,,,,,,Maia,,Immortals,high,,,,,,,,,,,Maia,M,,retired,Boardreader,no,no,2026_06_16_retired_immortals,MUME retired immortal list,List current as of 2026-06-16,immortal_2026_06_16_retired_immortals_felbad_447_listed_retired_immortal,candidate,Copied by Lewis. Includes Boardreaders and honorary True Legend entry for Norsu.,immortal,yes,yes,data/evidence/whois_display/html/felbad.html,data/evidence/whois_display/text/felbad.txt,mha:felbad:1781579695:3dc26b39,high,0,0,0,,,no,0,,0,,no,no
char_antti,Antti,antti,,,,,,Vala,,Immortals,high,Architect,Architect,Architect,high,,,,,,,Vala,V,Architect,current,Vala,no,no,2026_06_16_current_immortals,MUME current immortal list,List current as of 2026-06-16,immortal_2026_06_16_current_immortals_antti_12_listed_current_immortal,candidate,Copied by Lewis. (+m) means the immortal is also a Maiar Muddler / muddle code contributor.,immortal,yes,yes,data/evidence/whois_display/html/antti.html,data/evidence/whois_display/text/antti.txt,mha:antti:1781577550:6b02ad9c,high,0,0,0,,,no,0,,0,,no,no
char_qwerty,Qwerty,qwerty,,,,,,Maia,,Immortals,high,Wright,Wright,Wright,high,,,,,,,Maia,M,Wright,retired,Maia,no,no,2026_06_16_retired_immortals,MUME retired immortal list,List current as of 2026-06-16,immortal_2026_06_16_retired_immortals_qwerty_151_listed_retired_immortal,candidate,Copied by Lewis. Includes Boardreaders and honorary True Legend entry for Norsu.,immortal,yes,yes,data/evidence/whois_display/html/qwerty.html,data/evidence/whois_display/text/qwerty.txt,mha:qwerty:1781605449:6e62c442,high,0,0,0,,,no,0,,0,,no,no
char_ulmo,Ulmo,ulmo,,,,,,Maia,,Immortals,high,Wright,Wright,Wright,high,,,,,,,Maia,M,Wright,retired,Maia,no,no,2026_06_16_retired_immortals,MUME retired immortal list,List current as of 2026-06-16,immortal_2026_06_16_retired_immortals_ulmo_167_listed_retired_immortal,candidate,Copied by Lewis. Includes Boardreaders and honorary True Legend entry for Norsu.,immortal,yes,yes,data/evidence/whois_display/html/ulmo.html,data/evidence/whois_display/text/ulmo.txt,mha:ulmo:1781606484:2ddbde84,high,0,0,0,,,no,0,,0,,no,no
char_tinkerbell,Tinkerbell,tinkerbell,,,,,,Vala,,Immortals,medium,,,,,,,,,,,,,,retired,Vala,no,no,2026_06_16_retired_immortals,MUME retired immortal list,List current as of 2026-06-16,immortal_2026_06_16_retired_immortals_tinkerbell_64_listed_retired_immortal,candidate,Copied by Lewis. Includes Boardreaders and honorary True Legend entry for Norsu.,parser_suspect_or_custom_descriptor,yes,yes,data/evidence/whois_display/html/tinkerbell.html,data/evidence/whois_display/text/tinkerbell.txt,mha:tinkerbell:1781606347:000d76d3,high,0,0,0,,,no,0,,0,,yes,yes
char_magicus,Magicus,magicus,,,,,,Maia,,Immortals,high,,,,,,,,,,,Maia,M,,retired,Boardreader,no,no,2026_06_16_retired_immortals,MUME retired immortal list,List current as of 2026-06-16,immortal_2026_06_16_retired_immortals_magicus_583_listed_retired_immortal,candidate,Copied by Lewis. Includes Boardreaders and honorary True Legend entry for Norsu.,immortal,yes,yes,data/evidence/whois_display/html/magicus.html,data/evidence/whois_display/text/magicus.txt,mha:magicus:1781604558:432b4d09,high,0,0,0,,,no,0,,0,,no,no
char_öseler,Öseler,oseler,,,,,,Maia,,Immortals,high,,,,,,,,,,,Maia,M,,retired,Boardreader,no,no,2026_06_16_retired_immortals,MUME retired immortal list,List current as of 2026-06-16,immortal_2026_06_16_retired_immortals_oseler_643_listed_retired_immortal,candidate,Copied by Lewis. Includes Boardreaders and honorary True Legend entry for Norsu.,immortal,yes,yes,data/evidence/whois_display/html/oseler.html,data/evidence/whois_display/text/oseler.txt,mha:Öseler:1781607007:108dc4c7,high,0,0,0,,,no,0,,0,,no,no
char_bullroarer,Bullroarer,bullroarer,,,,,,Maia,,Immortals,high,,,,,,,,,,,Maia,M,,retired,Boardreader,no,no,2026_06_16_retired_immortals,MUME retired immortal list,List current as of 2026-06-16,immortal_2026_06_16_retired_immortals_bullroarer_363_listed_retired_immortal,candidate,Copied by Lewis. Includes Boardreaders and honorary True Legend entry for Norsu.,immortal,yes,yes,data/evidence/whois_display/html/bullroarer.html,data/evidence/whois_display/text/bullroarer.txt,mha:bullroarer:1781578503:e117c766,high,0,0,0,,,no,0,,0,,no,no
char_jab,Jab,jab,,,,,,Maia,,Immortals,high,Wright,Wright,Wright,high,,,,,,,Maia,M,Wright,current,Maia,no,no,2026_06_16_current_immortals,MUME current immortal list,List current as of 2026-06-16,immortal_2026_06_16_current_immortals_jab_38_listed_current_immortal,candidate,Copied by Lewis. (+m) means the immortal is also a Maiar Muddler / muddle code contributor.,immortal,yes,yes,data/evidence/whois_display/html/jab.html,data/evidence/whois_display/text/jab.txt,mha:jab:1781603835:9b145334,high,0,0,0,,,no,0,,0,,no,no
char_snowdrop,Snowdrop,snowdrop,,,,,,Maia,,Immortals,high,Cartographer,Cartographer,Cartographer,high,,,,,,,Maia,M,Cartographer,current,Maia,no,no,2026_06_16_current_immortals,MUME current immortal list,List current as of 2026-06-16,immortal_2026_06_16_current_immortals_snowdrop_94_listed_current_immortal,candidate,Copied by Lewis. (+m) means the immortal is also a Maiar Muddler / muddle code contributor.,immortal,yes,yes,data/evidence/whois_display/html/snowdrop.html,data/evidence/whois_display/text/snowdrop.txt,mha:snowdrop:1781606014:e5d4b073,high,0,0,0,,,no,0,,0,,no,no
char_utu,Utu,utu,,,,,,Maia,,Immortals,high,Builder,Builder,Builder,high,,,,,,,Maia,M,Builder,retired,Maia,no,no,2026_06_16_retired_immortals,MUME retired immortal list,List current as of 2026-06-16,immortal_2026_06_16_retired_immortals_utu_201_listed_retired_immortal,candidate,Copied by Lewis. Includes Boardreaders and honorary True Legend entry for Norsu.,immortal,yes,yes,data/evidence/whois_display/html/utu.html,data/evidence/whois_display/text/utu.txt,mha:utu:1781606517:14ac2def,high,0,0,0,,,no,0,,0,,no,no
char_wulfgart,Wulfgart,wulfgart,,,,,,Maia,,Immortals,high,,,,,,,,,,,Maia,M,,retired,Boardreader,no,no,2026_06_16_retired_immortals,MUME retired immortal list,List current as of 2026-06-16,immortal_2026_06_16_retired_immortals_wulfgart_776_listed_retired_immortal,candidate,Copied by Lewis. Includes Boardreaders and honorary True Legend entry for Norsu.,immortal,yes,yes,data/evidence/whois_display/html/wulfgart.html,data/evidence/whois_display/text/wulfgart.txt,mha:wulfgart:1781606748:7b61f5ec,high,0,0,0,,,no,0,,0,,no,no
char_rubrik,Rubrik,rubrik,,,,,,Maia,,Immortals,high,,,,,,,,,,,Maia,M,,retired,Boardreader,no,no,2026_06_16_retired_immortals,MUME retired immortal list,List current as of 2026-06-16,immortal_2026_06_16_retired_immortals_rubrik_684_listed_retired_immortal,candidate,Copied by Lewis. Includes Boardreaders and honorary True Legend entry for Norsu.,immortal,yes,yes,data/evidence/whois_display/html/rubrik.html,data/evidence/whois_display/text/rubrik.txt,mha:rubrik:1781605663:bb6e513d,high,0,0,0,,,no,0,,0,,no,no
char_lamia,Lamia,lamia,,,,,,Maia,,Immortals,high,Builder,Builder,Builder,high,,,,,,,Maia,M,Builder,current,Maia,no,no,2026_06_16_current_immortals,MUME current immortal list,List current as of 2026-06-16,immortal_2026_06_16_current_immortals_lamia_53_listed_current_immortal,candidate,Copied by Lewis. (+m) means the immortal is also a Maiar Muddler / muddle code contributor.,immortal,yes,yes,data/evidence/whois_display/html/lamia.html,data/evidence/whois_display/text/lamia.txt,mha:lamia:1781604237:fbd27707,high,10,0,0,comma_name_list:10,Amund; Zlad; Zauber; Uinrar; Môrne; Astor; Belobog; Kakuke; Sumac; Shargaas,no,0,,0,,no,yes
char_lorena,Lorena,lorena,,,,,,Maia,,Immortals,high,,,,,,,,,,,Maia,M,,retired,Boardreader,no,no,2026_06_16_retired_immortals,MUME retired immortal list,List current as of 2026-06-16,immortal_2026_06_16_retired_immortals_lorena_578_listed_retired_immortal,candidate,Copied by Lewis. Includes Boardreaders and honorary True Legend entry for Norsu.,immortal,yes,yes,data/evidence/whois_display/html/lorena.html,data/evidence/whois_display/text/lorena.txt,mha:lorena:1781604453:04e7e144,high,0,0,0,,,no,0,,0,,no,no
char_bayd,Bayd,bayd,,,,,,Maia,,Immortals,high,,,,,,,,,,,Maia,M,,retired,Boardreader,no,no,2026_06_16_retired_immortals,MUME retired immortal list,List current as of 2026-06-16,immortal_2026_06_16_retired_immortals_bayd_343_listed_retired_immortal,candidate,Copied by Lewis. Includes Boardreaders and honorary True Legend entry for Norsu.,immortal,yes,yes,data/evidence/whois_display/html/bayd.html,data/evidence/whois_display/text/bayd.txt,mha:bayd:1781577870:a2157da3,high,0,0,0,,,no,0,,0,,no,no
char_nada,Nada,nada,,,,,,Implementor,,Immortals,high,,,,,,,,,,,Implementor,I,,retired,Implementor,no,no,2026_06_16_retired_immortals,MUME retired immortal list,List current as of 2026-06-16,immortal_2026_06_16_retired_immortals_nada_2_listed_retired_immortal,candidate,Copied by Lewis. Includes Boardreaders and honorary True Legend entry for Norsu.,immortal,yes,yes,data/evidence/whois_display/html/nada.html,data/evidence/whois_display/text/nada.txt,mha:nada:1781604987:906c9256,high,0,0,0,,,no,0,,0,,no,no
char_gilthanas,Gilthanas,gilthanas,,,,,,Maia,,Immortals,high,,,,,,,,,,,Maia,M,,retired,Boardreader,no,no,2026_06_16_retired_immortals,MUME retired immortal list,List current as of 2026-06-16,immortal_2026_06_16_retired_immortals_gilthanas_477_listed_retired_immortal,candidate,Copied by Lewis. Includes Boardreaders and honorary True Legend entry for Norsu.,immortal,yes,yes,data/evidence/whois_display/html/gilthanas.html,data/evidence/whois_display/text/gilthanas.txt,mha:gilthanas:1781580009:5b6dac3d,high,0,0,0,,,no,0,,0,,no,no
char_karnak,Karnak,karnak,,,,,,Maia,,Immortals,high,Wright,Wright,Wright,high,,,,,,,Maia,M,Wright,retired,Maia,no,no,2026_06_16_retired_immortals,MUME retired immortal list,List current as of 2026-06-16,immortal_2026_06_16_retired_immortals_karnak_120_listed_retired_immortal,candidate,Copied by Lewis. Includes Boardreaders and honorary True Legend entry for Norsu.,immortal,yes,yes,data/evidence/whois_display/html/karnak.html,data/evidence/whois_display/text/karnak.txt,mha:karnak:1781603957:0cabe4dd,high,0,0,0,,,no,0,,0,,no,no
char_rivas,Rivas,rivas,,,,,,Maia,,Immortals,high,Wright,Wright,Wright,high,,,,,,,Maia,M,Wright,retired,Maia,no,no,2026_06_16_retired_immortals,MUME retired immortal list,List current as of 2026-06-16,immortal_2026_06_16_retired_immortals_rivas_153_listed_retired_immortal,candidate,Copied by Lewis. Includes Boardreaders and honorary True Legend entry for Norsu.,immortal,yes,yes,data/evidence/whois_display/html/rivas.html,data/evidence/whois_display/text/rivas.txt,mha:rivas:1781605596:635f3766,high,0,0,0,,,no,0,,0,,no,no
char_guzzi,Guzzi,guzzi,,,,,,Maia,,Immortals,high,,,,,,,,,,,Maia,M,,retired,Boardreader,no,no,2026_06_16_retired_immortals,MUME retired immortal list,List current as of 2026-06-16,immortal_2026_06_16_retired_immortals_guzzi_490_listed_retired_immortal,candidate,Copied by Lewis. Includes Boardreaders and honorary True Legend entry for Norsu.,immortal,yes,yes,data/evidence/whois_display/html/guzzi.html,data/evidence/whois_display/text/guzzi.txt,mha:guzzi:1781586124:f3dae1ea,high,8,0,0,comma_name_list:8,Gubbe; Bumdur; Grease; Tlam; Exburg; Zmutz; Qinlawen; Lasha,no,0,,0,,no,yes
char_paras,Paras,paras,,,,,,Maia,,Immortals,high,Wright,Wright,Wright,high,,,,,,,Maia,M,Wright,retired,Maia,no,no,2026_06_16_retired_immortals,MUME retired immortal list,List current as of 2026-06-16,immortal_2026_06_16_retired_immortals_paras_149_listed_retired_immortal,candidate,Copied by Lewis. Includes Boardreaders and honorary True Legend entry for Norsu.,immortal,yes,yes,data/evidence/whois_display/html/paras.html,data/evidence/whois_display/text/paras.txt,mha:paras:1781605314:c4930cf5,high,18,1,1,comma_name_list:18,Alwerethi; Berginyon; Cassius; Dimli; Gurogz; Halmir; Kieron; Lolli; Malezar; Marcus; Quasari; Siri,no,0,,0,,no,yes
char_mandos,Mandos,mandos,,,,,,Vala,,Immortals,high,Mudller,Mudller,Mudller,high,,,,,,,Vala,V,Mudller,retired,Vala,no,no,2026_06_16_retired_immortals,MUME retired immortal list,List current as of 2026-06-16,immortal_2026_06_16_retired_immortals_mandos_29_listed_retired_immortal,candidate,Copied by Lewis. Includes Boardreaders and honorary True Legend entry for Norsu.,immortal,yes,yes,data/evidence/whois_display/html/mandos.html,data/evidence/whois_display/text/mandos.txt,mha:mandos:1781604629:e524bdf2,high,0,0,0,,,no,0,,0,,no,no
char_cielo,Cielo,cielo,,,,,,Maia,,Immortals,high,,,,,,,,,,,Maia,M,,retired,Boardreader,no,no,2026_06_16_retired_immortals,MUME retired immortal list,List current as of 2026-06-16,immortal_2026_06_16_retired_immortals_cielo_379_listed_retired_immortal,candidate,Copied by Lewis. Includes Boardreaders and honorary True Legend entry for Norsu.,immortal,yes,yes,data/evidence/whois_display/html/cielo.html,data/evidence/whois_display/text/cielo.txt,mha:cielo:1781578668:15cc04d2,high,0,0,0,,,no,0,,0,,no,no
char_darquin,Darquin,darquin,,,,,,Maia,,Immortals,high,,,,,,,,,,,Maia,M,,retired,Boardreader,no,no,2026_06_16_retired_immortals,MUME retired immortal list,List current as of 2026-06-16,immortal_2026_06_16_retired_immortals_darquin_397_listed_retired_immortal,candidate,Copied by Lewis. Includes Boardreaders and honorary True Legend entry for Norsu.,immortal,yes,yes,data/evidence/whois_display/html/darquin.html,data/evidence/whois_display/text/darquin.txt,mha:darquin:1781578823:d6ccefb9,high,4,0,0,heading_name_list:4,Rudger; Brak; Nahar; Var,no,0,,0,,no,yes
char_sephrenio,Sephrenio,sephrenio,,,,,,Maia,,Immortals,high,,,,,,,,,,,Maia,M,,retired,Boardreader,no,no,2026_06_16_retired_immortals,MUME retired immortal list,List current as of 2026-06-16,immortal_2026_06_16_retired_immortals_sephrenio_698_listed_retired_immortal,candidate,Copied by Lewis. Includes Boardreaders and honorary True Legend entry for Norsu.,immortal,yes,yes,data/evidence/whois_display/html/sephrenio.html,data/evidence/whois_display/text/sephrenio.txt,mha:sephrenio:1781605818:58c3bfbf,high,0,0,0,,,no,0,,0,,no,no
char_óin,Óin,oin,,,,,,Vala,,Immortals,high,Architect,Architect,Architect,high,,,,,,,Vala,V,Architect,retired,Vala,no,no,2026_06_16_retired_immortals,MUME retired immortal list,List current as of 2026-06-16,immortal_2026_06_16_retired_immortals_oin_59_listed_retired_immortal,candidate,Copied by Lewis. Includes Boardreaders and honorary True Legend entry for Norsu.,immortal,yes,yes,data/evidence/whois_display/html/oin.html,data/evidence/whois_display/text/oin.txt,mha:Óin:1781606996:7fc642e7,high,0,0,0,,,no,0,,0,,no,no
char_urdorf,Urdorf,urdorf,,,,,,Maia,,Immortals,high,,,,,,,,,,,Maia,M,,retired,Boardreader,no,no,2026_06_16_retired_immortals,MUME retired immortal list,List current as of 2026-06-16,immortal_2026_06_16_retired_immortals_urdorf_758_listed_retired_immortal,candidate,Copied by Lewis. Includes Boardreaders and honorary True Legend entry for Norsu.,immortal,yes,yes,data/evidence/whois_display/html/urdorf.html,data/evidence/whois_display/text/urdorf.txt,mha:urdorf:1781606500:eb456421,high,0,0,0,,,no,0,,0,,no,no
char_éldrôk,Éldrôk,eldrok,,,,,,Maia,,Immortals,high,Cartographer,Cartographer,Cartographer,high,,,,,,,Maia,M,Cartographer,current,Maia,no,no,2026_06_16_current_immortals,MUME current immortal list,List current as of 2026-06-16,immortal_2026_06_16_current_immortals_eldrok_64_listed_current_immortal,candidate,Copied by Lewis. (+m) means the immortal is also a Maiar Muddler / muddle code contributor.,immortal,yes,yes,data/evidence/whois_display/html/eldrok.html,data/evidence/whois_display/text/eldrok.txt,mha:Éldrôk:1781606990:98724151,high,0,0,0,,,no,0,,0,,no,no
char_galen,Galen,galen,,,,,,Vala,,Immortals,high,Architect,Architect,Architect,high,,,,,,,Vala,V,Architect,retired,Vala,no,no,2026_06_16_retired_immortals,MUME retired immortal list,List current as of 2026-06-16,immortal_2026_06_16_retired_immortals_galen_51_listed_retired_immortal,candidate,Copied by Lewis. Includes Boardreaders and honorary True Legend entry for Norsu.,immortal,yes,yes,data/evidence/whois_display/html/galen.html,data/evidence/whois_display/text/galen.txt,mha:galen:1781579916:39954a49,high,0,0,0,,,yes,1,6.5,0,,no,no
char_zun,Zun,zun,,,,,,Maia,,Immortals,high,Wright,Wright,Wright,high,,,,,,,Maia,M,Wright,retired,Maia,no,no,2026_06_16_retired_immortals,MUME retired immortal list,List current as of 2026-06-16,immortal_2026_06_16_retired_immortals_zun_174_listed_retired_immortal,candidate,Copied by Lewis. Includes Boardreaders and honorary True Legend entry for Norsu.,immortal,yes,yes,data/evidence/whois_display/html/zun.html,data/evidence/whois_display/text/zun.txt,mha:zun:1781606984:46c78f4f,high,0,0,0,,,no,0,,0,,no,no
char_zolt,Zolt,zolt,,,,,,Maia,,Immortals,high,Wright,Wright,Wright,high,,,,,,,Maia,M,Wright,retired,Maia,no,no,2026_06_16_retired_immortals,MUME retired immortal list,List current as of 2026-06-16,immortal_2026_06_16_retired_immortals_zolt_173_listed_retired_immortal,candidate,Copied by Lewis. Includes Boardreaders and honorary True Legend entry for Norsu.,immortal,yes,yes,data/evidence/whois_display/html/zolt.html,data/evidence/whois_display/text/zolt.txt,mha:zolt:1781606977:02525fbc,high,0,0,0,,,no,0,,0,,no,no
char_scio,Scio,scio,,,,,,Maia,,Immortals,high,Cartographer,Cartographer,Cartographer,high,,,,,,,Maia,M,Cartographer,current,Maia,no,no,2026_06_16_current_immortals,MUME current immortal list,List current as of 2026-06-16,immortal_2026_06_16_current_immortals_scio_92_listed_current_immortal,candidate,Copied by Lewis. (+m) means the immortal is also a Maiar Muddler / muddle code contributor.,immortal,yes,yes,data/evidence/whois_display/html/scio.html,data/evidence/whois_display/text/scio.txt,mha:scio:1781605795:02761037,high,0,0,0,,,no,0,,0,,no,no
char_access,Access,access,,,,,,Maia,,Immortals,high,,,,,,,,,,,Maia,M,,retired,Boardreader,no,no,2026_06_16_retired_immortals,MUME retired immortal list,List current as of 2026-06-16,immortal_2026_06_16_retired_immortals_access_293_listed_retired_immortal,candidate,Copied by Lewis. Includes Boardreaders and honorary True Legend entry for Norsu.,immortal,yes,yes,data/evidence/whois_display/html/access.html,data/evidence/whois_display/text/access.txt,mha:access:1781576616:20b3bbab,high,0,0,0,,,no,0,,0,,no,no
char_zlinduq,Zlinduq,zlinduq,,,,,,Maia,,Immortals,high,,,,,,,,,,,Maia,M,,retired,Boardreader,no,no,2026_06_16_retired_immortals,MUME retired immortal list,List current as of 2026-06-16,immortal_2026_06_16_retired_immortals_zlinduq_798_listed_retired_immortal,candidate,Copied by Lewis. Includes Boardreaders and honorary True Legend entry for Norsu.,immortal,yes,yes,data/evidence/whois_display/html/zlinduq.html,data/evidence/whois_display/text/zlinduq.txt,mha:zlinduq:1781606971:b0191a8d,high,0,0,0,,,no,0,,0,,no,no
char_fakhr,Fakhr,fakhr,,,,,,Maia,,Immortals,high,Cartographer,Cartographer,Cartographer,high,,,,,,,Maia,M,Cartographer,retired,Maia,no,no,2026_06_16_retired_immortals,MUME retired immortal list,List current as of 2026-06-16,immortal_2026_06_16_retired_immortals_fakhr_232_listed_retired_immortal,candidate,Copied by Lewis. Includes Boardreaders and honorary True Legend entry for Norsu.,immortal,yes,yes,data/evidence/whois_display/html/fakhr.html,data/evidence/whois_display/text/fakhr.txt,mha:fakhr:1781579653:808ec7c4,high,0,0,0,,,no,0,,0,,no,no
char_fgiri,Fgiri,fgiri,,,,,,Maia,,Immortals,high,,,,,,,,,,,Maia,M,,retired,Boardreader,no,no,2026_06_16_retired_immortals,MUME retired immortal list,List current as of 2026-06-16,immortal_2026_06_16_retired_immortals_fgiri_453_listed_retired_immortal,candidate,Copied by Lewis. Includes Boardreaders and honorary True Legend entry for Norsu.,immortal,yes,yes,data/evidence/whois_display/html/fgiri.html,data/evidence/whois_display/text/fgiri.txt,mha:fgiri:1781579728:1bc39896,high,0,0,0,,,no,0,,0,,no,no
char_ancalagon,Ancalagon,ancalagon,,,,,,Vala,,Immortals,high,Mudller,Mudller,Mudller,high,,,,,,,Vala,V,Mudller,retired,Vala,no,no,2026_06_16_retired_immortals,MUME retired immortal list,List current as of 2026-06-16,immortal_2026_06_16_retired_immortals_ancalagon_18_listed_retired_immortal,candidate,Copied by Lewis. Includes Boardreaders and honorary True Legend entry for Norsu.,immortal,yes,yes,data/evidence/whois_display/html/ancalagon.html,data/evidence/whois_display/text/ancalagon.txt,mha:ancalagon:1781576836:c792e625,high,0,0,0,,,no,0,,0,,no,no
char_ahura,Ahura,ahura,,,,,,Maia,,Immortals,high,,,,,,,,,,,Maia,M,,retired,Boardreader,no,no,2026_06_16_retired_immortals,MUME retired immortal list,List current as of 2026-06-16,immortal_2026_06_16_retired_immortals_ahura_303_listed_retired_immortal,candidate,Copied by Lewis. Includes Boardreaders and honorary True Legend entry for Norsu.,immortal,yes,yes,data/evidence/whois_display/html/ahura.html,data/evidence/whois_display/text/ahura.txt,mha:ahura:1781576677:cb7842ad,high,0,0,0,,,no,0,,0,,no,no
char_zathras,Zathras,zathras,,,,,,Maia,,Immortals,high,Wright,Wright,Wright,high,,,,,,,Maia,M,Wright,current,Maia,no,no,2026_06_16_current_immortals,MUME current immortal list,List current as of 2026-06-16,immortal_2026_06_16_current_immortals_zathras_49_listed_current_immortal,candidate,Copied by Lewis. (+m) means the immortal is also a Maiar Muddler / muddle code contributor.,immortal,yes,yes,data/evidence/whois_display/html/zathras.html,data/evidence/whois_display/text/zathras.txt,mha:zathras:1781606894:63604bcc,high,0,0,0,,,no,0,,0,,no,no
char_wozak,Wozak,wozak,,,,,,Maia,,Immortals,high,Wright,Wright,Wright,high,,,,,,,Maia,M,Wright,retired,Maia,no,no,2026_06_16_retired_immortals,MUME retired immortal list,List current as of 2026-06-16,immortal_2026_06_16_retired_immortals_wozak_169_listed_retired_immortal,candidate,Copied by Lewis. Includes Boardreaders and honorary True Legend entry for Norsu.,immortal,yes,yes,data/evidence/whois_display/html/wozak.html,data/evidence/whois_display/text/wozak.txt,mha:wozak:1781606731:b63afa15,high,0,0,0,,,no,0,,0,,no,no
char_division,division,division,,,,,,Maia,,Immortals,high,Builder,Builder,Builder,high,,,,,,,Maia,M,Builder,,,,,,,,,,,immortal,yes,yes,data/evidence/whois_display/html/division.html,data/evidence/whois_display/text/division.txt,mha:draak:1781578944:4029fb7f,high,0,0,0,,,no,0,,0,,no,no
char_shaalak,Shaalak,shaalak,,,,,,Maia,,Immortals,high,Cartographer,Cartographer,Cartographer,high,,,,,,,Maia,M,Cartographer,current,Maia,no,no,2026_06_16_current_immortals,MUME current immortal list,List current as of 2026-06-16,immortal_2026_06_16_current_immortals_shaalak_93_listed_current_immortal,candidate,Copied by Lewis. (+m) means the immortal is also a Maiar Muddler / muddle code contributor.,immortal,yes,yes,data/evidence/whois_display/html/shaalak.html,data/evidence/whois_display/text/shaalak.txt,mha:shaalak:1781605835:2a64c9eb,high,0,0,0,,,no,0,,0,,no,no
char_fili,Fili,fili,,,,,,Vala,,Immortals,high,,,,,,,,,,,Arata,A,,retired,Aratar,no,no,2026_06_16_retired_immortals,MUME retired immortal list,List current as of 2026-06-16,immortal_2026_06_16_retired_immortals_fili_5_listed_retired_immortal,candidate,Copied by Lewis. Includes Boardreaders and honorary True Legend entry for Norsu.,immortal,yes,yes,data/evidence/whois_display/html/fili.html,data/evidence/whois_display/text/fili.txt,mha:fili:1781579739:98c54aeb,high,0,0,0,,,no,0,,0,,no,no
char_elan,Elan,elan,,,,,,Maia,,Immortals,high,Builder,Builder,Builder,high,,,,,,,Maia,M,Builder,retired,Maia,no,no,2026_06_16_retired_immortals,MUME retired immortal list,List current as of 2026-06-16,immortal_2026_06_16_retired_immortals_elan_184_listed_retired_immortal,candidate,Copied by Lewis. Includes Boardreaders and honorary True Legend entry for Norsu.,immortal,yes,yes,data/evidence/whois_display/html/elan.html,data/evidence/whois_display/text/elan.txt,mha:elan:1781579105:ebc3b836,high,0,0,0,,,no,0,,0,,no,no
char_zhot,Zhot,zhot,,,,,,Maia,,Immortals,high,,,,,,,,,,,Maia,M,,retired,Boardreader,no,no,2026_06_16_retired_immortals,MUME retired immortal list,List current as of 2026-06-16,immortal_2026_06_16_retired_immortals_zhot_795_listed_retired_immortal,candidate,Copied by Lewis. Includes Boardreaders and honorary True Legend entry for Norsu.,immortal,yes,yes,data/evidence/whois_display/html/zhot.html,data/evidence/whois_display/text/zhot.txt,mha:zhot:1781606937:06f23dc3,high,0,0,0,,,no,0,,0,,no,no
char_ada,Ada,ada,,,,,,Maia,,Immortals,high,,,,,,,,,,,Maia,M,,retired,Boardreader,no,no,2026_06_16_retired_immortals,MUME retired immortal list,List current as of 2026-06-16,immortal_2026_06_16_retired_immortals_ada_295_listed_retired_immortal,candidate,Copied by Lewis. Includes Boardreaders and honorary True Legend entry for Norsu.,immortal,yes,yes,data/evidence/whois_display/html/ada.html,data/evidence/whois_display/text/ada.txt,mha:ada:1781576628:e381af5f,high,30,5,5,heading_name_list:16; comma_name_list:14,Anton; Korshun; Lisp; Liss; Ostap; Udav; Urfin; Voron; Zakuska; Bober; Dracula; Korn,no,0,,0,,no,yes
char_shura,Shura,shura,,,,,,Maia,,Immortals,high,,,,,,,,,,,Maia,M,,retired,Boardreader,no,no,2026_06_16_retired_immortals,MUME retired immortal list,List current as of 2026-06-16,immortal_2026_06_16_retired_immortals_shura_705_listed_retired_immortal,candidate,Copied by Lewis. Includes Boardreaders and honorary True Legend entry for Norsu.,immortal,yes,yes,data/evidence/whois_display/html/shura.html,data/evidence/whois_display/text/shura.txt,mha:shura:1781605883:0d6825a7,high,0,0,0,,,no,0,,0,,no,no
char_fenderjaguar,Fenderjaguar,fenderjaguar,,,,,,Maia,,Immortals,high,,,,,,,,,,,Maia,M,,retired,Boardreader,no,no,2026_06_16_retired_immortals,MUME retired immortal list,List current as of 2026-06-16,immortal_2026_06_16_retired_immortals_fenderjaguar_448_listed_retired_immortal,candidate,Copied by Lewis. Includes Boardreaders and honorary True Legend entry for Norsu.,immortal,yes,yes,data/evidence/whois_display/html/fenderjaguar.html,data/evidence/whois_display/text/fenderjaguar.txt,mha:fenderjaguar:1781579700:79d44e22,high,0,0,0,,,no,0,,0,,no,no
char_zenon,Zenon,zenon,,,,,,Maia,,Immortals,high,,,,,,,,,,,Maia,M,,retired,Boardreader,no,no,2026_06_16_retired_immortals,MUME retired immortal list,List current as of 2026-06-16,immortal_2026_06_16_retired_immortals_zenon_792_listed_retired_immortal,candidate,Copied by Lewis. Includes Boardreaders and honorary True Legend entry for Norsu.,immortal,yes,yes,data/evidence/whois_display/html/zenon.html,data/evidence/whois_display/text/zenon.txt,mha:zenon:1781606911:c1047566,high,0,0,0,,,no,0,,0,,no,no
char_imrahil,Imrahil,imrahil,,,,,,Maia,,Immortals,high,,,,,,,,,,,Maia,M,,retired,Boardreader,no,no,2026_06_16_retired_immortals,MUME retired immortal list,List current as of 2026-06-16,immortal_2026_06_16_retired_immortals_imrahil_513_listed_retired_immortal,candidate,Copied by Lewis. Includes Boardreaders and honorary True Legend entry for Norsu.,immortal,yes,yes,data/evidence/whois_display/html/imrahil.html,data/evidence/whois_display/text/imrahil.txt,mha:imrahil:1781587119:e342f94f,high,0,0,0,,,no,0,,0,,no,no
char_mezmeree,Mezmeree,mezmeree,,,,,,Maia,,Immortals,high,Wright,Wright,Wright,high,,,,,,,Maia,M,Wright,retired,Maia,no,no,2026_06_16_retired_immortals,MUME retired immortal list,List current as of 2026-06-16,immortal_2026_06_16_retired_immortals_mezmeree_138_listed_retired_immortal,candidate,Copied by Lewis. Includes Boardreaders and honorary True Legend entry for Norsu.,immortal,yes,yes,data/evidence/whois_display/html/mezmeree.html,data/evidence/whois_display/text/mezmeree.txt,mha:mezmeree:1781604820:d8e19770,high,0,0,0,,,no,0,,0,,no,no
char_zen,Zen,zen,,,,,,Maia,,Immortals,high,,,,,,,,,,,Maia,M,,retired,Boardreader,no,no,2026_06_16_retired_immortals,MUME retired immortal list,List current as of 2026-06-16,immortal_2026_06_16_retired_immortals_zen_791_listed_retired_immortal,candidate,Copied by Lewis. Includes Boardreaders and honorary True Legend entry for Norsu.,immortal,yes,yes,data/evidence/whois_display/html/zen.html,data/evidence/whois_display/text/zen.txt,mha:zen:1781606905:9b55b82c,high,0,0,0,,,no,0,,0,,no,no
char_zemael,Zemael,zemael,,,,,,Maia,,Immortals,high,Wright,Wright,Wright,high,,,,,,,Maia,M,Wright,retired,Maia,no,no,2026_06_16_retired_immortals,MUME retired immortal list,List current as of 2026-06-16,immortal_2026_06_16_retired_immortals_zemael_172_listed_retired_immortal,candidate,Copied by Lewis. Includes Boardreaders and honorary True Legend entry for Norsu.,immortal,yes,yes,data/evidence/whois_display/html/zemael.html,data/evidence/whois_display/text/zemael.txt,mha:zemael:1781606900:f6274f7f,high,0,0,0,,,no,0,,0,,no,no
char_ween,Ween,ween,,,,,,Maia,,Immortals,high,,,,,,,,,,,Maia,M,,retired,Boardreader,no,no,2026_06_16_retired_immortals,MUME retired immortal list,List current as of 2026-06-16,immortal_2026_06_16_retired_immortals_ween_770_listed_retired_immortal,candidate,Copied by Lewis. Includes Boardreaders and honorary True Legend entry for Norsu.,immortal,yes,yes,data/evidence/whois_display/html/ween.html,data/evidence/whois_display/text/ween.txt,mha:ween:1781606692:834dc4cb,high,0,0,0,,,no,0,,0,,no,no
char_hail,Hail,hail,,,,,,Maia,,Immortals,high,,,,,,,,,,,Maia,M,,retired,Boardreader,no,no,2026_06_16_retired_immortals,MUME retired immortal list,List current as of 2026-06-16,immortal_2026_06_16_retired_immortals_hail_494_listed_retired_immortal,candidate,Copied by Lewis. Includes Boardreaders and honorary True Legend entry for Norsu.,immortal,yes,yes,data/evidence/whois_display/html/hail.html,data/evidence/whois_display/text/hail.txt,mha:hail:1781586152:14820700,high,0,0,0,,,no,0,,0,,no,no
char_remember,Remember,remember,,,,,,,,,,,,,,,,,,,,,,,,,,,,,,,,,custom_descriptor_unclassified,yes,yes,data/evidence/whois_display/html/remember.html,data/evidence/whois_display/text/remember.txt,mha:barney:1781577859:807a87ac,high,0,0,0,,,no,0,,0,,yes,yes
char_deamon,Deamon,deamon,,,,,,Maia,,Immortals,high,,,,,,,,,,,Maia,M,,retired,Boardreader,no,no,2026_06_16_retired_immortals,MUME retired immortal list,List current as of 2026-06-16,immortal_2026_06_16_retired_immortals_deamon_401_listed_retired_immortal,candidate,Copied by Lewis. Includes Boardreaders and honorary True Legend entry for Norsu.,immortal,yes,yes,data/evidence/whois_display/html/deamon.html,data/evidence/whois_display/text/deamon.txt,mha:deamon:1781578856:aa26f6bd,high,0,0,0,,,no,0,,0,,no,no
char_tchans,Tchans,tchans,,,,,,Maia,,Immortals,high,,,,,,,,,,,Maia,M,,retired,Boardreader,no,no,2026_06_16_retired_immortals,MUME retired immortal list,List current as of 2026-06-16,immortal_2026_06_16_retired_immortals_tchans_734_listed_retired_immortal,candidate,Copied by Lewis. Includes Boardreaders and honorary True Legend entry for Norsu.,immortal,yes,yes,data/evidence/whois_display/html/tchans.html,data/evidence/whois_display/text/tchans.txt,mha:tchans:1781606204:bab22e29,high,0,0,0,,,no,0,,0,,no,no
char_zlam,Zlam,zlam,,,,,,Maia,,Immortals,high,,,,,,,,,,,Maia,M,,retired,Boardreader,no,no,2026_06_16_retired_immortals,MUME retired immortal list,List current as of 2026-06-16,immortal_2026_06_16_retired_immortals_zlam_797_listed_retired_immortal,candidate,Copied by Lewis. Includes Boardreaders and honorary True Legend entry for Norsu.,immortal,yes,yes,data/evidence/whois_display/html/zlam.html,data/evidence/whois_display/text/zlam.txt,mha:zlam:1781606964:fe8757b9,high,0,0,0,,,no,0,,0,,no,no
char_rhuler,Rhuler,rhuler,,,,,,Maia,,Immortals,high,,,,,,,,,,,Maia,M,,retired,Boardreader,no,no,2026_06_16_retired_immortals,MUME retired immortal list,List current as of 2026-06-16,immortal_2026_06_16_retired_immortals_rhuler_675_listed_retired_immortal,candidate,Copied by Lewis. Includes Boardreaders and honorary True Legend entry for Norsu.,immortal,yes,yes,data/evidence/whois_display/html/rhuler.html,data/evidence/whois_display/text/rhuler.txt,mha:rhuler:1781605562:a349f83c,high,0,0,0,,,no,0,,0,,no,no
char_guilin,Guilin,guilin,,,,,,Maia,,Immortals,high,,,,,,,,,,,Maia,M,,retired,Boardreader,no,no,2026_06_16_retired_immortals,MUME retired immortal list,List current as of 2026-06-16,immortal_2026_06_16_retired_immortals_guilin_489_listed_retired_immortal,candidate,Copied by Lewis. Includes Boardreaders and honorary True Legend entry for Norsu.,immortal,yes,yes,data/evidence/whois_display/html/guilin.html,data/evidence/whois_display/text/guilin.txt,mha:guilin:1781580136:36d2f861,high,0,0,0,,,no,0,,0,,no,no
char_deriel,Deriel,deriel,,,,,,Maia,,Immortals,high,,,,,,,,,,,Maia,M,,retired,Boardreader,no,no,2026_06_16_retired_immortals,MUME retired immortal list,List current as of 2026-06-16,immortal_2026_06_16_retired_immortals_deriel_407_listed_retired_immortal,candidate,Copied by Lewis. Includes Boardreaders and honorary True Legend entry for Norsu.,immortal,yes,yes,data/evidence/whois_display/html/deriel.html,data/evidence/whois_display/text/deriel.txt,mha:deriel:1781578889:994c7667,high,0,0,0,,,no,0,,0,,no,no
char_daniel,Daniel,daniel,,,,,,Maia,,Immortals,high,Wright,Wright,Wright,high,,,,,,,Maia,M,Wright,retired,Maia,no,no,2026_06_16_retired_immortals,MUME retired immortal list,List current as of 2026-06-16,immortal_2026_06_16_retired_immortals_daniel_95_listed_retired_immortal,candidate,Copied by Lewis. Includes Boardreaders and honorary True Legend entry for Norsu.,immortal,yes,yes,data/evidence/whois_display/html/daniel.html,data/evidence/whois_display/text/daniel.txt,mha:daniel:1781578795:79250bf8,high,0,0,0,,,no,0,,0,,no,no
char_fed,Fed,fed,,,,,,Maia,,Immortals,high,,,,,,,,,,,Maia,M,,retired,Boardreader,no,no,2026_06_16_retired_immortals,MUME retired immortal list,List current as of 2026-06-16,immortal_2026_06_16_retired_immortals_fed_446_listed_retired_immortal,candidate,Copied by Lewis. Includes Boardreaders and honorary True Legend entry for Norsu.,immortal,yes,yes,data/evidence/whois_display/html/fed.html,data/evidence/whois_display/text/fed.txt,mha:fed:1781579687:c78930a7,high,6,0,0,comma_name_list:6,Camille; Helix; Permanecer; Boowho; Balzak; Tushie,no,0,,0,,no,yes
char_zarhuk,Zarhuk,zarhuk,,,,,,Maia,,Immortals,high,Builder,Builder,Builder,high,,,,,,,Maia,M,Builder,retired,Maia,no,no,2026_06_16_retired_immortals,MUME retired immortal list,List current as of 2026-06-16,immortal_2026_06_16_retired_immortals_zarhuk_203_listed_retired_immortal,candidate,Copied by Lewis. Includes Boardreaders and honorary True Legend entry for Norsu.,immortal,yes,yes,data/evidence/whois_display/html/zarhuk.html,data/evidence/whois_display/text/zarhuk.txt,mha:zarhuk:1781606889:285710ab,high,0,0,0,,,no,0,,0,,no,no
char_nori,Nori,nori,,,,,,Maia,,Immortals,high,,,,,,,,,,,Maia,M,,retired,Boardreader,no,no,2026_06_16_retired_immortals,MUME retired immortal list,List current as of 2026-06-16,immortal_2026_06_16_retired_immortals_nori_633_listed_retired_immortal,candidate,Copied by Lewis. Includes Boardreaders and honorary True Legend entry for Norsu.,immortal,yes,yes,data/evidence/whois_display/html/nori.html,data/evidence/whois_display/text/nori.txt,mha:nori:1781605131:6be055f2,high,0,0,0,,,no,0,,1,medium:1,no,yes
char_cute,Cute,cute,,,,,,Maia,,Immortals,high,,,,,,,,,,,Maia,M,,retired,Boardreader,no,no,2026_06_16_retired_immortals,MUME retired immortal list,List current as of 2026-06-16,immortal_2026_06_16_retired_immortals_cute_391_listed_retired_immortal,candidate,Copied by Lewis. Includes Boardreaders and honorary True Legend entry for Norsu.,immortal,yes,yes,data/evidence/whois_display/html/cute.html,data/evidence/whois_display/text/cute.txt,mha:cute:1781578773:a6033344,high,0,0,0,,,no,0,,0,,no,no
char_thoroner,Thoroner,thoroner,,,,,,Maia,,Immortals,high,,,,,,,,,,,Maia,M,,retired,Boardreader,no,no,2026_06_16_retired_immortals,MUME retired immortal list,List current as of 2026-06-16,immortal_2026_06_16_retired_immortals_thoroner_743_listed_retired_immortal,candidate,Copied by Lewis. Includes Boardreaders and honorary True Legend entry for Norsu.,immortal,yes,yes,data/evidence/whois_display/html/thoroner.html,data/evidence/whois_display/text/thoroner.txt,mha:thoroner:1781606296:666222d2,high,0,0,0,,,no,0,,0,,no,no
char_lenore,Lenore,lenore,,,,,,Maia,,Immortals,high,,,,,,,,,,,Maia,M,,retired,Boardreader,no,no,2026_06_16_retired_immortals,MUME retired immortal list,List current as of 2026-06-16,immortal_2026_06_16_retired_immortals_lenore_570_listed_retired_immortal,candidate,Copied by Lewis. Includes Boardreaders and honorary True Legend entry for Norsu.,immortal,yes,yes,data/evidence/whois_display/html/lenore.html,data/evidence/whois_display/text/lenore.txt,mha:lenore:1781604347:08df03fc,high,1,1,1,quoted_speaker:1,Lenore,yes,1,8.5,0,,no,yes
char_awhanil,Awhanil,awhanil,,,,,,Maia,,Immortals,high,,,,,,,,,,,Maia,M,,retired,Boardreader,no,no,2026_06_16_retired_immortals,MUME retired immortal list,List current as of 2026-06-16,immortal_2026_06_16_retired_immortals_awhanil_335_listed_retired_immortal,candidate,Copied by Lewis. Includes Boardreaders and honorary True Legend entry for Norsu.,immortal,yes,yes,data/evidence/whois_display/html/awhanil.html,data/evidence/whois_display/text/awhanil.txt,mha:awhanil:1781577777:30a15f7b,high,0,0,0,,,no,0,,0,,no,no
char_calesto,Calesto,calesto,,,,,,Maia,,Immortals,high,,,,,,,,,,,Maia,M,,retired,Boardreader,no,no,2026_06_16_retired_immortals,MUME retired immortal list,List current as of 2026-06-16,immortal_2026_06_16_retired_immortals_calesto_369_listed_retired_immortal,candidate,Copied by Lewis. Includes Boardreaders and honorary True Legend entry for Norsu.,immortal,yes,yes,data/evidence/whois_display/html/calesto.html,data/evidence/whois_display/text/calesto.txt,mha:calesto:1781578564:8255b7ab,high,0,0,0,,,no,0,,0,,no,no
char_zarangal,Zarangal,zarangal,,,,,,Vala,,Immortals,high,,,,,,,,,,,Arata,A,,retired,Aratar,no,no,2026_06_16_retired_immortals,MUME retired immortal list,List current as of 2026-06-16,immortal_2026_06_16_retired_immortals_zarangal_16_listed_retired_immortal,candidate,Copied by Lewis. Includes Boardreaders and honorary True Legend entry for Norsu.,immortal,yes,yes,data/evidence/whois_display/html/zarangal.html,data/evidence/whois_display/text/zarangal.txt,mha:zarangal:1781606883:f374d1b5,high,0,0,0,,,yes,1,7.5,0,,no,no
char_verona,Verona,verona,,,,,,Maia,,Immortals,high,,,,,,,,,,,Maia,M,,retired,Boardreader,no,no,2026_06_16_retired_immortals,MUME retired immortal list,List current as of 2026-06-16,immortal_2026_06_16_retired_immortals_verona_763_listed_retired_immortal,candidate,Copied by Lewis. Includes Boardreaders and honorary True Legend entry for Norsu.,immortal,yes,yes,data/evidence/whois_display/html/verona.html,data/evidence/whois_display/text/verona.txt,mha:verona:1781606614:c3589a36,high,13,0,0,comma_name_list:13,Mariachi; Mystika; Nazg; Piret; Setesh; Strike; Tamacti; Meerkat; Molotok; Orson; Snjegurotska; Temüjin,no,0,,1,low:1,no,yes
char_narond,Narond,narond,,,,,,Maia,,Immortals,high,,,,,,,,,,,Maia,M,,retired,Boardreader,no,no,2026_06_16_retired_immortals,MUME retired immortal list,List current as of 2026-06-16,immortal_2026_06_16_retired_immortals_narond_618_listed_retired_immortal,candidate,Copied by Lewis. Includes Boardreaders and honorary True Legend entry for Norsu.,immortal,yes,yes,data/evidence/whois_display/html/narond.html,data/evidence/whois_display/text/narond.txt,mha:narond:1781605031:b2e78278,high,0,0,0,,,no,0,,1,medium:1,no,yes
char_ark,Ark,ark,,,,,,Maia,,Immortals,high,,,,,,,,,,,Maia,M,,retired,Boardreader,no,no,2026_06_16_retired_immortals,MUME retired immortal list,List current as of 2026-06-16,immortal_2026_06_16_retired_immortals_ark_329_listed_retired_immortal,candidate,Copied by Lewis. Includes Boardreaders and honorary True Legend entry for Norsu.,immortal,yes,yes,data/evidence/whois_display/html/ark.html,data/evidence/whois_display/text/ark.txt,mha:ark:1781577704:5085761f,high,0,0,0,,,no,0,,0,,no,no
char_thor,Thor,thor,,,,,,Vala,,Immortals,high,Mudller,Mudller,Mudller,high,,,,,,,Vala,V,Mudller,retired,Vala,no,no,2026_06_16_retired_immortals,MUME retired immortal list,List current as of 2026-06-16,immortal_2026_06_16_retired_immortals_thor_34_listed_retired_immortal,candidate,Copied by Lewis. Includes Boardreaders and honorary True Legend entry for Norsu.,immortal,yes,yes,data/evidence/whois_display/html/thor.html,data/evidence/whois_display/text/thor.txt,mha:thor:1781606283:182dee71,high,0,0,0,,,no,0,,0,,no,no
char_yukie,Yukie,yukie,,,,,,Maia,,Immortals,high,,,,,,,,,,,Maia,M,,retired,Boardreader,no,no,2026_06_16_retired_immortals,MUME retired immortal list,List current as of 2026-06-16,immortal_2026_06_16_retired_immortals_yukie_789_listed_retired_immortal,candidate,Copied by Lewis. Includes Boardreaders and honorary True Legend entry for Norsu.,immortal,yes,yes,data/evidence/whois_display/html/yukie.html,data/evidence/whois_display/text/yukie.txt,mha:yukie:1781606866:bbf56c96,high,0,0,0,,,no,0,,0,,no,no
char_findor,Findor,findor,,,,,,Maia,,Immortals,high,,,,,,,,,,,Maia,M,,retired,Boardreader,no,no,2026_06_16_retired_immortals,MUME retired immortal list,List current as of 2026-06-16,immortal_2026_06_16_retired_immortals_findor_456_listed_retired_immortal,candidate,Copied by Lewis. Includes Boardreaders and honorary True Legend entry for Norsu.,immortal,yes,yes,data/evidence/whois_display/html/findor.html,data/evidence/whois_display/text/findor.txt,mha:findor:1781579756:a741e445,high,8,0,0,comma_name_list:8,Karadryel; Lahessa; Sirena; Torspo; Perkele; Pharmendacil; Sharghâsh; Taisto,no,0,,0,,no,yes
char_durin,Durin,durin,,,,,,Maia,,Immortals,high,Wright,Wright,Wright,high,,,,,,,Maia,M,Wright,retired,Maia,no,no,2026_06_16_retired_immortals,MUME retired immortal list,List current as of 2026-06-16,immortal_2026_06_16_retired_immortals_durin_100_listed_retired_immortal,candidate,Copied by Lewis. Includes Boardreaders and honorary True Legend entry for Norsu.,immortal,yes,yes,data/evidence/whois_display/html/durin.html,data/evidence/whois_display/text/durin.txt,mha:durin:1781578994:4c02f1d7,high,0,0,0,,,no,0,,0,,no,no
char_dushmoll,Dushmoll,dushmoll,,,,,,Maia,,Immortals,high,,,,,,,,,,,Maia,M,,retired,Boardreader,no,no,2026_06_16_retired_immortals,MUME retired immortal list,List current as of 2026-06-16,immortal_2026_06_16_retired_immortals_dushmoll_416_listed_retired_immortal,candidate,Copied by Lewis. Includes Boardreaders and honorary True Legend entry for Norsu.,immortal,yes,yes,data/evidence/whois_display/html/dushmoll.html,data/evidence/whois_display/text/dushmoll.txt,mha:dushmoll:1781579005:4d5fe078,high,0,0,0,,,no,0,,0,,no,no
char_humala,Humala,humala,,,,,,Maia,,Immortals,high,,,,,,,,,,,Maia,M,,retired,Boardreader,no,no,2026_06_16_retired_immortals,MUME retired immortal list,List current as of 2026-06-16,immortal_2026_06_16_retired_immortals_humala_506_listed_retired_immortal,candidate,Copied by Lewis. Includes Boardreaders and honorary True Legend entry for Norsu.,immortal,yes,yes,data/evidence/whois_display/html/humala.html,data/evidence/whois_display/text/humala.txt,mha:humala:1781587051:14efc934,high,1,0,0,quoted_speaker:1,Umi,no,0,,0,,no,yes
char_sim,Sim,sim,,,,,,Maia,,Immortals,high,,,,,,,,,,,Maia,M,,retired,Boardreader,no,no,2026_06_16_retired_immortals,MUME retired immortal list,List current as of 2026-06-16,immortal_2026_06_16_retired_immortals_sim_711_listed_retired_immortal,candidate,Copied by Lewis. Includes Boardreaders and honorary True Legend entry for Norsu.,immortal,yes,yes,data/evidence/whois_display/html/sim.html,data/evidence/whois_display/text/sim.txt,mha:sim:1781605927:3bb14041,high,0,0,0,,,no,0,,0,,no,no
char_cararion,Cararion,cararion,,,,,,Maia,,Immortals,high,,,,,,,,,,,Maia,M,,retired,Boardreader,no,no,2026_06_16_retired_immortals,MUME retired immortal list,List current as of 2026-06-16,immortal_2026_06_16_retired_immortals_cararion_370_listed_retired_immortal,candidate,Copied by Lewis. Includes Boardreaders and honorary True Legend entry for Norsu.,immortal,yes,yes,data/evidence/whois_display/html/cararion.html,data/evidence/whois_display/text/cararion.txt,mha:cararion:1781578575:7ba17521,high,0,0,0,,,no,0,,0,,no,no
char_burl,Burl,burl,,,,,,Maia,,Immortals,high,,,,,,,,,,,Maia,M,,retired,Boardreader,no,no,2026_06_16_retired_immortals,MUME retired immortal list,List current as of 2026-06-16,immortal_2026_06_16_retired_immortals_burl_365_listed_retired_immortal,candidate,Copied by Lewis. Includes Boardreaders and honorary True Legend entry for Norsu.,immortal,yes,yes,data/evidence/whois_display/html/burl.html,data/evidence/whois_display/text/burl.txt,mha:burl:1781578514:5a85b5ba,high,0,0,0,,,no,0,,0,,no,no
char_owin,Owin,owin,,,,,,Maia,,Immortals,high,,,,,,,,,,,Maia,M,,retired,Boardreader,no,no,2026_06_16_retired_immortals,MUME retired immortal list,List current as of 2026-06-16,immortal_2026_06_16_retired_immortals_owin_646_listed_retired_immortal,candidate,Copied by Lewis. Includes Boardreaders and honorary True Legend entry for Norsu.,immortal,yes,yes,data/evidence/whois_display/html/owin.html,data/evidence/whois_display/text/owin.txt,mha:owin:1781605275:254e0a0b,high,0,0,0,,,no,0,,0,,no,no
char_ynket,Ynket,ynket,,,,,,Maia,,Immortals,high,,,,,,,,,,,Maia,M,,retired,Boardreader,no,no,2026_06_16_retired_immortals,MUME retired immortal list,List current as of 2026-06-16,immortal_2026_06_16_retired_immortals_ynket_787_listed_retired_immortal,candidate,Copied by Lewis. Includes Boardreaders and honorary True Legend entry for Norsu.,immortal,yes,yes,data/evidence/whois_display/html/ynket.html,data/evidence/whois_display/text/ynket.txt,mha:ynket:1781606838:e0893e5d,high,7,0,0,comma_name_list:7,Brumm; Mlendion; Fjalar; Llbumbi; Zlurk; Zûrnak; Alcacíl,no,0,,1,medium:1,no,yes
char_yks,Yks,yks,,,,,,Maia,,Immortals,high,,,,,,,,,,,Maia,M,,retired,Boardreader,no,no,2026_06_16_retired_immortals,MUME retired immortal list,List current as of 2026-06-16,immortal_2026_06_16_retired_immortals_yks_786_listed_retired_immortal,candidate,Copied by Lewis. Includes Boardreaders and honorary True Legend entry for Norsu.,immortal,yes,yes,data/evidence/whois_display/html/yks.html,data/evidence/whois_display/text/yks.txt,mha:yks:1781606833:7427e70c,high,0,0,0,,,no,0,,0,,no,no
char_nukah,Nukah,nukah,,,,,,Maia,,Immortals,high,Cartographer,Cartographer,Cartographer,high,,,,,,,Maia,M,Cartographer,retired,Maia,no,no,2026_06_16_retired_immortals,MUME retired immortal list,List current as of 2026-06-16,immortal_2026_06_16_retired_immortals_nukah_268_listed_retired_immortal,candidate,Copied by Lewis. Includes Boardreaders and honorary True Legend entry for Norsu.,immortal,yes,yes,data/evidence/whois_display/html/nukah.html,data/evidence/whois_display/text/nukah.txt,mha:nukah:1781605153:b43db45a,high,4,1,1,comma_name_list:4,Filk; Funz; Funzer; Klif,no,0,,0,,no,yes
char_sabbath,Sabbath,sabbath,,,,,,Maia,,Immortals,high,,,,,,,,,,,Maia,M,,retired,Boardreader,no,no,2026_06_16_retired_immortals,MUME retired immortal list,List current as of 2026-06-16,immortal_2026_06_16_retired_immortals_sabbath_688_listed_retired_immortal,candidate,Copied by Lewis. Includes Boardreaders and honorary True Legend entry for Norsu.,immortal,yes,yes,data/evidence/whois_display/html/sabbath.html,data/evidence/whois_display/text/sabbath.txt,mha:sabbath:1781605717:b9d73251,high,0,0,0,,,no,0,,0,,no,no
char_belegor,Belegor,belegor,,,,,,Maia,,Immortals,high,Wright,Wright,Wright,high,,,,,,,Maia,M,Wright,retired,Maia,no,no,2026_06_16_retired_immortals,MUME retired immortal list,List current as of 2026-06-16,immortal_2026_06_16_retired_immortals_belegor_87_listed_retired_immortal,candidate,Copied by Lewis. Includes Boardreaders and honorary True Legend entry for Norsu.,immortal,yes,yes,data/evidence/whois_display/html/belegor.html,data/evidence/whois_display/text/belegor.txt,mha:belegor:1781577892:cf06ad2a,high,0,0,0,,,no,0,,0,,no,no
char_yki,Yki,yki,,,,,,Maia,,Immortals,high,,,,,,,,,,,Maia,M,,retired,Boardreader,no,no,2026_06_16_retired_immortals,MUME retired immortal list,List current as of 2026-06-16,immortal_2026_06_16_retired_immortals_yki_785_listed_retired_immortal,candidate,Copied by Lewis. Includes Boardreaders and honorary True Legend entry for Norsu.,immortal,yes,yes,data/evidence/whois_display/html/yki.html,data/evidence/whois_display/text/yki.txt,mha:yki:1781606827:748b2936,high,0,0,0,,,no,0,,0,,no,no
char_lómë,Lómë,lome,,,,,,Maia,,Immortals,high,Cartographer,Cartographer,Cartographer,high,,,,,,,Maia,M,Cartographer,current,Maia,no,no,2026_06_16_current_immortals,MUME current immortal list,List current as of 2026-06-16,immortal_2026_06_16_current_immortals_lome_83_listed_current_immortal,candidate,Copied by Lewis. (+m) means the immortal is also a Maiar Muddler / muddle code contributor.,immortal,yes,yes,data/evidence/whois_display/html/lome.html,data/evidence/whois_display/text/lome.txt,mha:lómë:1781604530:aa627d0d,high,0,0,0,,,no,0,,0,,no,no
char_lede,Lede,lede,,,,,,Maia,,Immortals,high,Cartographer,Cartographer,Cartographer,high,,,,,,,Maia,M,Cartographer,retired,Maia,no,no,2026_06_16_retired_immortals,MUME retired immortal list,List current as of 2026-06-16,immortal_2026_06_16_retired_immortals_lede_254_listed_retired_immortal,candidate,Copied by Lewis. Includes Boardreaders and honorary True Legend entry for Norsu.,immortal,yes,yes,data/evidence/whois_display/html/lede.html,data/evidence/whois_display/text/lede.txt,mha:lede:1781604298:10823529,high,0,0,0,,,no,0,,0,,no,no
char_yim,Yim,yim,,,,,,Maia,,Immortals,high,,,,,,,,,,,Maia,M,,retired,Boardreader,no,no,2026_06_16_retired_immortals,MUME retired immortal list,List current as of 2026-06-16,immortal_2026_06_16_retired_immortals_yim_784_listed_retired_immortal,candidate,Copied by Lewis. Includes Boardreaders and honorary True Legend entry for Norsu.,immortal,yes,yes,data/evidence/whois_display/html/yim.html,data/evidence/whois_display/text/yim.txt,mha:yim:1781606821:642b9afb,high,0,0,0,,,no,0,,0,,no,no
char_chay,Chay,chay,,,,,,Maia,,Immortals,high,Wright,Wright,Wright,high,,,,,,,Maia,M,Wright,retired,Maia,no,no,2026_06_16_retired_immortals,MUME retired immortal list,List current as of 2026-06-16,immortal_2026_06_16_retired_immortals_chay_92_listed_retired_immortal,candidate,Copied by Lewis. Includes Boardreaders and honorary True Legend entry for Norsu.,immortal,yes,yes,data/evidence/whois_display/html/chay.html,data/evidence/whois_display/text/chay.txt,mha:chay:1781578635:a40a40fa,high,7,0,0,comma_name_list:7,Elwen; Maliki; Pol; Qaep; Ragruk; Sioned; Inigo,no,0,,0,,no,yes
char_armin,Armin,armin,,,,,,Maia,,Immortals,high,,,,,,,,,,,Maia,M,,retired,Boardreader,no,no,2026_06_16_retired_immortals,MUME retired immortal list,List current as of 2026-06-16,immortal_2026_06_16_retired_immortals_armin_330_listed_retired_immortal,candidate,Copied by Lewis. Includes Boardreaders and honorary True Legend entry for Norsu.,immortal,yes,yes,data/evidence/whois_display/html/armin.html,data/evidence/whois_display/text/armin.txt,mha:armin:1781577720:26273891,high,0,0,0,,,no,0,,0,,no,no
char_frór,Frór,fror,,,,,,Vala,,Immortals,high,,,,,,,,,,,Arata,A,,current,Aratar,no,no,2026_06_16_current_immortals,MUME current immortal list,List current as of 2026-06-16,immortal_2026_06_16_current_immortals_fror_4_listed_current_immortal,candidate,Copied by Lewis. (+m) means the immortal is also a Maiar Muddler / muddle code contributor.,immortal,yes,yes,data/evidence/whois_display/html/fror.html,data/evidence/whois_display/text/fror.txt,mha:frór:1781579877:11877bd1,high,0,0,0,,,no,0,,0,,no,no
char_serodi,Serodi,serodi,,,,,,Maia,,Immortals,high,,,,,,,,,,,Maia,M,,retired,Boardreader,no,no,2026_06_16_retired_immortals,MUME retired immortal list,List current as of 2026-06-16,immortal_2026_06_16_retired_immortals_serodi_700_listed_retired_immortal,candidate,Copied by Lewis. Includes Boardreaders and honorary True Legend entry for Norsu.,immortal,yes,yes,data/evidence/whois_display/html/serodi.html,data/evidence/whois_display/text/serodi.txt,mha:serodi:1781605829:4d75ff22,high,0,0,0,,,no,0,,0,,no,no
char_rana,Rana,rana,,,,,,Maia,,Immortals,high,Wright,Wright,Wright,high,,,,,,,Maia,M,Wright,current,Maia,yes,no,2026_06_16_current_immortals,MUME current immortal list,List current as of 2026-06-16,immortal_2026_06_16_current_immortals_rana_41_listed_current_immortal,candidate,Copied by Lewis. (+m) means the immortal is also a Maiar Muddler / muddle code contributor.,immortal,yes,yes,data/evidence/whois_display/html/rana.html,data/evidence/whois_display/text/rana.txt,mha:rana:1781605467:fc1f6607,high,0,0,0,,,no,0,,0,,no,no
char_ydy,Ydy,ydy,,,,,,Maia,,Immortals,high,,,,,,,,,,,Maia,M,,retired,Boardreader,no,no,2026_06_16_retired_immortals,MUME retired immortal list,List current as of 2026-06-16,immortal_2026_06_16_retired_immortals_ydy_783_listed_retired_immortal,candidate,Copied by Lewis. Includes Boardreaders and honorary True Legend entry for Norsu.,immortal,yes,yes,data/evidence/whois_display/html/ydy.html,data/evidence/whois_display/text/ydy.txt,mha:ydy:1781606810:009cb06d,high,0,0,0,,,no,0,,0,,no,no
char_party,party,party,,,,,,Arata,,Immortals,high,,,,,,,,,,,Arata,A,,,,,,,,,,,,immortal,yes,yes,data/evidence/whois_display/html/party.html,data/evidence/whois_display/text/party.txt,mha:yavanna:1781606805:d5fe382d,high,1,0,0,quoted_speaker:1,Yavanna,no,0,,0,,no,yes
char_dardhel,Dardhel,dardhel,,,,,,Maia,,Immortals,high,Cartographer,Cartographer,Cartographer,high,,,,,,,Maia,M,Cartographer,retired,Maia,no,no,2026_06_16_retired_immortals,MUME retired immortal list,List current as of 2026-06-16,immortal_2026_06_16_retired_immortals_dardhel_222_listed_retired_immortal,candidate,Copied by Lewis. Includes Boardreaders and honorary True Legend entry for Norsu.,immortal,yes,yes,data/evidence/whois_display/html/dardhel.html,data/evidence/whois_display/text/dardhel.txt,mha:dardhel:1781578806:e7813998,high,13,0,0,comma_name_list:13,Austin; Beofled; Cameron; Dagg; Elroy; Garulf; Juggernaught; Naive; Remy; Ryndil; Sudoc; Vito,no,0,,0,,no,yes
char_siamir,Siamir,siamir,,,,,,Maia,,Immortals,high,,,,,,,,,,,Maia,M,,retired,Boardreader,no,no,2026_06_16_retired_immortals,MUME retired immortal list,List current as of 2026-06-16,immortal_2026_06_16_retired_immortals_siamir_706_listed_retired_immortal,candidate,Copied by Lewis. Includes Boardreaders and honorary True Legend entry for Norsu.,immortal,yes,yes,data/evidence/whois_display/html/siamir.html,data/evidence/whois_display/text/siamir.txt,mha:siamir:1781605888:5852f574,high,0,0,0,,,no,0,,0,,no,no
char_yants,Yants,yants,,,,,,Vala,,Immortals,high,Mudller,Mudller,Mudller,high,,,,,,,Vala,V,Mudller,retired,Vala,no,no,2026_06_16_retired_immortals,MUME retired immortal list,List current as of 2026-06-16,immortal_2026_06_16_retired_immortals_yants_38_listed_retired_immortal,candidate,Copied by Lewis. Includes Boardreaders and honorary True Legend entry for Norsu.,immortal,yes,yes,data/evidence/whois_display/html/yants.html,data/evidence/whois_display/text/yants.txt,mha:yants:1781606793:7d34e9d0,high,0,0,0,,,no,0,,0,,no,no
char_curumo,Curumo,curumo,,,,,,Maia,,Immortals,high,,,,,,,,,,,Maia,M,,retired,Boardreader,no,no,2026_06_16_retired_immortals,MUME retired immortal list,List current as of 2026-06-16,immortal_2026_06_16_retired_immortals_curumo_390_listed_retired_immortal,candidate,Copied by Lewis. Includes Boardreaders and honorary True Legend entry for Norsu.,immortal,yes,yes,data/evidence/whois_display/html/curumo.html,data/evidence/whois_display/text/curumo.txt,mha:curumo:1781578768:0ef46ece,high,0,0,0,,,no,0,,0,,no,no
char_yager,Yager,yager,,,,,,Maia,,Immortals,high,,,,,,,,,,,Maia,M,,retired,Boardreader,no,no,2026_06_16_retired_immortals,MUME retired immortal list,List current as of 2026-06-16,immortal_2026_06_16_retired_immortals_yager_781_listed_retired_immortal,candidate,Copied by Lewis. Includes Boardreaders and honorary True Legend entry for Norsu.,immortal,yes,yes,data/evidence/whois_display/html/yager.html,data/evidence/whois_display/text/yager.txt,mha:yager:1781606788:3eef0ab1,high,0,0,0,,,no,0,,0,,no,no
char_xit,Xit,xit,,,,,,Maia,,Immortals,high,,,,,,,,,,,Maia,M,,retired,Boardreader,no,no,2026_06_16_retired_immortals,MUME retired immortal list,List current as of 2026-06-16,immortal_2026_06_16_retired_immortals_xit_780_listed_retired_immortal,candidate,Copied by Lewis. Includes Boardreaders and honorary True Legend entry for Norsu.,immortal,yes,yes,data/evidence/whois_display/html/xit.html,data/evidence/whois_display/text/xit.txt,mha:xit:1781606782:00b255d5,high,0,0,0,,,no,0,,0,,no,no
char_ahti,Ahti,ahti,,,,,,Maia,,Immortals,high,,,,,,,,,,,Maia,M,,retired,Boardreader,no,no,2026_06_16_retired_immortals,MUME retired immortal list,List current as of 2026-06-16,immortal_2026_06_16_retired_immortals_ahti_302_listed_retired_immortal,candidate,Copied by Lewis. Includes Boardreaders and honorary True Legend entry for Norsu.,immortal,yes,yes,data/evidence/whois_display/html/ahti.html,data/evidence/whois_display/text/ahti.txt,mha:ahti:1781576672:638f569f,high,0,0,0,,,no,0,,0,,no,no
char_freyja,Freyja,freyja,,,,,,Maia,,Immortals,high,Cartographer,Cartographer,Cartographer,high,,,,,,,Maia,M,Cartographer,retired,Maia,no,no,2026_06_16_retired_immortals,MUME retired immortal list,List current as of 2026-06-16,immortal_2026_06_16_retired_immortals_freyja_241_listed_retired_immortal,candidate,Copied by Lewis. Includes Boardreaders and honorary True Legend entry for Norsu.,immortal,yes,yes,data/evidence/whois_display/html/freyja.html,data/evidence/whois_display/text/freyja.txt,mha:freyja:1781579866:64e8b4f0,high,0,0,0,,,yes,1,12.0,0,,no,no
char_eärendel,Eärendel,earendel,,,,,,Maia,,Immortals,high,Cartographer,Cartographer,Cartographer,high,,,,,,,Maia,M,Cartographer,retired,Maia,no,no,2026_06_16_retired_immortals,MUME retired immortal list,List current as of 2026-06-16,immortal_2026_06_16_retired_immortals_earendel_227_listed_retired_immortal,candidate,Copied by Lewis. Includes Boardreaders and honorary True Legend entry for Norsu.,immortal,yes,yes,data/evidence/whois_display/html/earendel.html,data/evidence/whois_display/text/earendel.txt,mha:eärendel:1781579626:b15ba4df,high,0,0,0,,,no,0,,0,,no,no
char_cookie,Cookie,cookie,,,,,,Maia,,Immortals,high,Builder,Builder,Builder,high,,,,,,,Maia,M,Builder,retired,Maia,no,no,2026_06_16_retired_immortals,MUME retired immortal list,List current as of 2026-06-16,immortal_2026_06_16_retired_immortals_cookie_180_listed_retired_immortal,candidate,Copied by Lewis. Includes Boardreaders and honorary True Legend entry for Norsu.,immortal,yes,yes,data/evidence/whois_display/html/cookie.html,data/evidence/whois_display/text/cookie.txt,mha:cookie:1781578702:99f87b54,high,0,0,0,,,no,0,,0,,no,no
char_murogor,Murogor,murogor,,,,,,Maia,,Immortals,high,,,,,,,,,,,Maia,M,,retired,Boardreader,no,no,2026_06_16_retired_immortals,MUME retired immortal list,List current as of 2026-06-16,immortal_2026_06_16_retired_immortals_murogor_611_listed_retired_immortal,candidate,Copied by Lewis. Includes Boardreaders and honorary True Legend entry for Norsu.,immortal,yes,yes,data/evidence/whois_display/html/murogor.html,data/evidence/whois_display/text/murogor.txt,mha:murogor:1781604964:f900237e,high,0,0,0,,,no,0,,0,,no,no
char_silvermagi,Silvermagi,silvermagi,,,,,,Maia,,Immortals,high,,,,,,,,,,,Maia,M,,retired,Boardreader,no,no,2026_06_16_retired_immortals,MUME retired immortal list,List current as of 2026-06-16,immortal_2026_06_16_retired_immortals_silvermagi_709_listed_retired_immortal,candidate,Copied by Lewis. Includes Boardreaders and honorary True Legend entry for Norsu.,immortal,yes,yes,data/evidence/whois_display/html/silvermagi.html,data/evidence/whois_display/text/silvermagi.txt,mha:silvermagi:1781605910:690933f3,high,3,0,0,comma_name_list:3,Hromotlk; Babrak; BlackSabbath,no,0,,0,,no,yes
char_universe,universe,universe,,,,,,Maia,,Immortals,high,Wright,Wright,Wright,high,,,,,,,Maia,M,Wright,,,,,,,,,,,immortal,yes,yes,data/evidence/whois_display/html/universe.html,data/evidence/whois_display/text/universe.txt,mha:dorin:1781578933:75d2e7f1,high,0,0,0,,,no,0,,0,,no,no
char_kardrim,Kardrim,kardrim,,,,,,Maia,,Immortals,high,Builder,Builder,Builder,high,,,,,,,Maia,M,Builder,retired,Maia,no,no,2026_06_16_retired_immortals,MUME retired immortal list,List current as of 2026-06-16,immortal_2026_06_16_retired_immortals_kardrim_189_listed_retired_immortal,candidate,Copied by Lewis. Includes Boardreaders and honorary True Legend entry for Norsu.,immortal,yes,yes,data/evidence/whois_display/html/kardrim.html,data/evidence/whois_display/text/kardrim.txt,mha:kardrim:1781603930:de6ffa8f,high,0,0,0,,,no,0,,0,,no,no
char_xargon,Xargon,xargon,,,,,,Maia,,Immortals,high,,,,,,,,,,,Maia,M,,retired,Boardreader,no,no,2026_06_16_retired_immortals,MUME retired immortal list,List current as of 2026-06-16,immortal_2026_06_16_retired_immortals_xargon_777_listed_retired_immortal,candidate,Copied by Lewis. Includes Boardreaders and honorary True Legend entry for Norsu.,immortal,yes,yes,data/evidence/whois_display/html/xargon.html,data/evidence/whois_display/text/xargon.txt,mha:xargon:1781606754:3dbe2ad8,high,0,0,0,,,no,0,,0,,no,no
char_aratan,Aratan,aratan,,,,,,Maia,,Immortals,high,Cartographer,Cartographer,Cartographer,high,,,,,,,Maia,M,Cartographer,retired,Maia,no,no,2026_06_16_retired_immortals,MUME retired immortal list,List current as of 2026-06-16,immortal_2026_06_16_retired_immortals_aratan_209_listed_retired_immortal,candidate,Copied by Lewis. Includes Boardreaders and honorary True Legend entry for Norsu.,immortal,yes,yes,data/evidence/whois_display/html/aratan.html,data/evidence/whois_display/text/aratan.txt,mha:aratan:1781577577:24c05b35,high,3,0,0,comma_name_list:3,Nilir; Earún; Aileron,no,0,,0,,no,yes
char_aleksey,Aleksey,aleksey,,,,,,Maia,,Immortals,high,,,,,,,,,,,Maia,M,,retired,Boardreader,no,no,2026_06_16_retired_immortals,MUME retired immortal list,List current as of 2026-06-16,immortal_2026_06_16_retired_immortals_aleksey_313_listed_retired_immortal,candidate,Copied by Lewis. Includes Boardreaders and honorary True Legend entry for Norsu.,immortal,yes,yes,data/evidence/whois_display/html/aleksey.html,data/evidence/whois_display/text/aleksey.txt,mha:aleksey:1781576761:b6444722,high,3,2,2,comma_name_list:3,Hitme; Vij; Vip,no,0,,0,,no,yes
char_swix,Swix,swix,,,,,,Vala,,Immortals,high,Mudller,Mudller,Mudller,high,,,,,,,Vala,V,Mudller,retired,Vala,no,no,2026_06_16_retired_immortals,MUME retired immortal list,List current as of 2026-06-16,immortal_2026_06_16_retired_immortals_swix_33_listed_retired_immortal,candidate,Copied by Lewis. Includes Boardreaders and honorary True Legend entry for Norsu.,immortal,yes,yes,data/evidence/whois_display/html/swix.html,data/evidence/whois_display/text/swix.txt,mha:swix:1781606134:e0bed369,high,0,0,0,,,no,0,,0,,no,no
char_babe,Babe,babe,,,,,,Maia,,Immortals,high,Cartographer,Cartographer,Cartographer,high,,,,,,,Maia,M,Cartographer,retired,Maia,no,no,2026_06_16_retired_immortals,MUME retired immortal list,List current as of 2026-06-16,immortal_2026_06_16_retired_immortals_babe_211_listed_retired_immortal,candidate,Copied by Lewis. Includes Boardreaders and honorary True Legend entry for Norsu.,immortal,yes,yes,data/evidence/whois_display/html/babe.html,data/evidence/whois_display/text/babe.txt,mha:babe:1781577804:56a4ebf7,high,0,0,0,,,no,0,,0,,no,no
char_ainagul,Ainagul,ainagul,,,,,,Maia,,Immortals,high,,,,,,,,,,,Maia,M,,retired,Boardreader,no,no,2026_06_16_retired_immortals,MUME retired immortal list,List current as of 2026-06-16,immortal_2026_06_16_retired_immortals_ainagul_305_listed_retired_immortal,candidate,Copied by Lewis. Includes Boardreaders and honorary True Legend entry for Norsu.,immortal,yes,yes,data/evidence/whois_display/html/ainagul.html,data/evidence/whois_display/text/ainagul.txt,mha:ainagul:1781576694:ceebc9e2,high,0,0,0,,,no,0,,0,,no,no
char_daemor,Daemor,daemor,,,,,,Maia,,Immortals,high,Cartographer,Cartographer,Cartographer,high,,,,,,,Maia,M,Cartographer,retired,Maia,no,no,2026_06_16_retired_immortals,MUME retired immortal list,List current as of 2026-06-16,immortal_2026_06_16_retired_immortals_daemor_221_listed_retired_immortal,candidate,Copied by Lewis. Includes Boardreaders and honorary True Legend entry for Norsu.,immortal,yes,yes,data/evidence/whois_display/html/daemor.html,data/evidence/whois_display/text/daemor.txt,mha:daemor:1781578784:fa215856,high,0,0,0,,,yes,1,36.5,0,,no,no
char_terdamon,Terdamon,terdamon,,,,,,Maia,,Immortals,high,Builder,Builder,Builder,high,,,,,,,Maia,M,Builder,retired,Maia,no,no,2026_06_16_retired_immortals,MUME retired immortal list,List current as of 2026-06-16,immortal_2026_06_16_retired_immortals_terdamon_200_listed_retired_immortal,candidate,Copied by Lewis. Includes Boardreaders and honorary True Legend entry for Norsu.,immortal,yes,yes,data/evidence/whois_display/html/terdamon.html,data/evidence/whois_display/text/terdamon.txt,mha:terdamon:1781606232:8fc10d71,high,0,0,0,,,no,0,,1,low:1,no,yes
char_ferguson,Ferguson,ferguson,,,,,,Maia,,Immortals,high,,,,,,,,,,,Maia,M,,retired,Boardreader,no,no,2026_06_16_retired_immortals,MUME retired immortal list,List current as of 2026-06-16,immortal_2026_06_16_retired_immortals_ferguson_451_listed_retired_immortal,candidate,Copied by Lewis. Includes Boardreaders and honorary True Legend entry for Norsu.,immortal,yes,yes,data/evidence/whois_display/html/ferguson.html,data/evidence/whois_display/text/ferguson.txt,mha:ferguson:1781579711:8f4f4e0e,high,0,0,0,,,no,0,,0,,no,no
char_zing,Zing,zing,,,,,,Maia,,Immortals,high,Cartographer,Cartographer,Cartographer,high,,,,,,,Maia,M,Cartographer,retired,Maia,no,no,2026_06_16_retired_immortals,MUME retired immortal list,List current as of 2026-06-16,immortal_2026_06_16_retired_immortals_zing_292_listed_retired_immortal,candidate,Copied by Lewis. Includes Boardreaders and honorary True Legend entry for Norsu.,immortal,yes,yes,data/evidence/whois_display/html/zing.html,data/evidence/whois_display/text/zing.txt,mha:zing:1781606957:12b7c8d5,high,0,0,0,,,no,0,,0,,no,no
char_gruenthar,Gruenthar,gruenthar,,,,,,Vala,,Immortals,high,Architect,Architect,Architect,high,,,,,,,Vala,V,Architect,retired,Vala,no,no,2026_06_16_retired_immortals,MUME retired immortal list,List current as of 2026-06-16,immortal_2026_06_16_retired_immortals_gruenthar_53_listed_retired_immortal,candidate,Copied by Lewis. Includes Boardreaders and honorary True Legend entry for Norsu.,immortal,yes,yes,data/evidence/whois_display/html/gruenthar.html,data/evidence/whois_display/text/gruenthar.txt,mha:gruenthar:1781580103:cb8e26cf,high,0,0,0,,,no,0,,0,,no,no
char_elemmakil,Elemmakil,elemmakil,,,,,,Maia,,Immortals,high,Cartographer,Cartographer,Cartographer,high,,,,,,,Maia,M,Cartographer,current,Maia,no,no,2026_06_16_current_immortals,MUME current immortal list,List current as of 2026-06-16,immortal_2026_06_16_current_immortals_elemmakil_65_listed_current_immortal,candidate,Copied by Lewis. (+m) means the immortal is also a Maiar Muddler / muddle code contributor.,immortal,yes,yes,data/evidence/whois_display/html/elemmakil.html,data/evidence/whois_display/text/elemmakil.txt,mha:elemmakil:1781579151:c8ac8965,high,0,0,0,,,no,0,,2,medium:1; low:1,no,yes
char_aderel,Aderel,aderel,,,,,,Maia,,Immortals,high,,,,,,,,,,,Maia,M,,retired,Boardreader,no,no,2026_06_16_retired_immortals,MUME retired immortal list,List current as of 2026-06-16,immortal_2026_06_16_retired_immortals_aderel_297_listed_retired_immortal,candidate,Copied by Lewis. Includes Boardreaders and honorary True Legend entry for Norsu.,immortal,yes,yes,data/evidence/whois_display/html/aderel.html,data/evidence/whois_display/text/aderel.txt,mha:aderel:1781576639:9b14f5c0,high,0,0,0,,,no,0,,0,,no,no
char_cassanunda,Cassanunda,cassanunda,,,,,,Maia,,Immortals,high,Builder,Builder,Builder,high,,,,,,,Maia,M,Builder,retired,Maia,no,no,2026_06_16_retired_immortals,MUME retired immortal list,List current as of 2026-06-16,immortal_2026_06_16_retired_immortals_cassanunda_179_listed_retired_immortal,candidate,Copied by Lewis. Includes Boardreaders and honorary True Legend entry for Norsu.,immortal,yes,yes,data/evidence/whois_display/html/cassanunda.html,data/evidence/whois_display/text/cassanunda.txt,mha:cassanunda:1781578591:ff49e697,high,0,0,0,,,no,0,,0,,no,no
char_cuantar,Cuantar,cuantar,,,,,,Maia,,Immortals,high,Builder,Builder,Builder,high,,,,,,,Maia,M,Builder,current,Maia,no,no,2026_06_16_current_immortals,MUME current immortal list,List current as of 2026-06-16,immortal_2026_06_16_current_immortals_cuantar_51_listed_current_immortal,candidate,Copied by Lewis. (+m) means the immortal is also a Maiar Muddler / muddle code contributor.,immortal,yes,yes,data/evidence/whois_display/html/cuantar.html,data/evidence/whois_display/text/cuantar.txt,mha:cuantar:1781578757:50d902a5,high,0,0,0,,,no,0,,0,,no,no
char_wormtongue,Wormtongue,wormtongue,,,,,,Maia,,Immortals,high,,,,,,,,,,,Maia,M,,retired,Boardreader,no,no,2026_06_16_retired_immortals,MUME retired immortal list,List current as of 2026-06-16,immortal_2026_06_16_retired_immortals_wormtongue_773_listed_retired_immortal,candidate,Copied by Lewis. Includes Boardreaders and honorary True Legend entry for Norsu.,immortal,yes,yes,data/evidence/whois_display/html/wormtongue.html,data/evidence/whois_display/text/wormtongue.txt,mha:wormtongue:1781606720:819d4292,high,0,0,0,,,no,0,,0,,no,no
char_wiz,Wiz,wiz,,,,,,Maia,,Immortals,high,,,,,,,,,,,Maia,M,,retired,Boardreader,no,no,2026_06_16_retired_immortals,MUME retired immortal list,List current as of 2026-06-16,immortal_2026_06_16_retired_immortals_wiz_772_listed_retired_immortal,candidate,Copied by Lewis. Includes Boardreaders and honorary True Legend entry for Norsu.,immortal,yes,yes,data/evidence/whois_display/html/wiz.html,data/evidence/whois_display/text/wiz.txt,mha:wiz:1781606715:d4b015e8,high,0,0,0,,,no,0,,0,,no,no
char_mordin,Mordin,mordin,,,,,,Maia,,Immortals,high,,,,,,,,,,,Maia,M,,retired,Boardreader,no,no,2026_06_16_retired_immortals,MUME retired immortal list,List current as of 2026-06-16,immortal_2026_06_16_retired_immortals_mordin_607_listed_retired_immortal,candidate,Copied by Lewis. Includes Boardreaders and honorary True Legend entry for Norsu.,immortal,yes,yes,data/evidence/whois_display/html/mordin.html,data/evidence/whois_display/text/mordin.txt,mha:mordin:1781604930:21e17d64,high,0,0,0,,,no,0,,0,,no,no
char_degolas,Degolas,degolas,,,,,,Maia,,Immortals,high,Cartographer,Cartographer,Cartographer,high,,,,,,,Maia,M,Cartographer,retired,Maia,no,no,2026_06_16_retired_immortals,MUME retired immortal list,List current as of 2026-06-16,immortal_2026_06_16_retired_immortals_degolas_223_listed_retired_immortal,candidate,Copied by Lewis. Includes Boardreaders and honorary True Legend entry for Norsu.,immortal,yes,yes,data/evidence/whois_display/html/degolas.html,data/evidence/whois_display/text/degolas.txt,mha:degolas:1781578867:18eaba23,high,3,0,0,comma_name_list:3,Umodetic; Litle; Jacob,no,0,,0,,no,yes
char_wilderon,Wilderon,wilderon,,,,,,Maia,,Immortals,high,,,,,,,,,,,Maia,M,,retired,Boardreader,no,no,2026_06_16_retired_immortals,MUME retired immortal list,List current as of 2026-06-16,immortal_2026_06_16_retired_immortals_wilderon_771_listed_retired_immortal,candidate,Copied by Lewis. Includes Boardreaders and honorary True Legend entry for Norsu.,immortal,yes,yes,data/evidence/whois_display/html/wilderon.html,data/evidence/whois_display/text/wilderon.txt,mha:wilderon:1781606704:63fc69a5,high,0,0,0,,,no,0,,0,,no,no
char_edomir,Edomir,edomir,,,,,,Maia,,Immortals,high,,,,,,,,,,,Maia,M,,retired,Boardreader,no,no,2026_06_16_retired_immortals,MUME retired immortal list,List current as of 2026-06-16,immortal_2026_06_16_retired_immortals_edomir_418_listed_retired_immortal,candidate,Copied by Lewis. Includes Boardreaders and honorary True Legend entry for Norsu.,immortal,yes,yes,data/evidence/whois_display/html/edomir.html,data/evidence/whois_display/text/edomir.txt,mha:edomir:1781579053:5d52e1ff,high,0,0,0,,,no,0,,0,,no,no
char_ward,Ward,ward,,,,,,Maia,,Immortals,high,Builder,Builder,Builder,high,,,,,,,Maia,M,Builder,retired,Maia,no,no,2026_06_16_retired_immortals,MUME retired immortal list,List current as of 2026-06-16,immortal_2026_06_16_retired_immortals_ward_202_listed_retired_immortal,candidate,Copied by Lewis. Includes Boardreaders and honorary True Legend entry for Norsu.,immortal,yes,yes,data/evidence/whois_display/html/ward.html,data/evidence/whois_display/text/ward.txt,mha:ward:1781606687:233b2b1e,high,0,0,0,,,no,0,,0,,no,no
char_vürogue,Vürogue,vurogue,,,,,,Maia,,Immortals,high,,,,,,,,,,,Maia,M,,retired,Boardreader,no,no,2026_06_16_retired_immortals,MUME retired immortal list,List current as of 2026-06-16,immortal_2026_06_16_retired_immortals_vurogue_769_listed_retired_immortal,candidate,Copied by Lewis. Includes Boardreaders and honorary True Legend entry for Norsu.,immortal,yes,yes,data/evidence/whois_display/html/vurogue.html,data/evidence/whois_display/text/vurogue.txt,mha:vürogue:1781606676:4a6a006e,high,15,0,0,comma_name_list:15,Deedlit; Doughboy; Kasumi; Krelian; Lime; Philia; Rei; Tira; Ookrom; Oolaug; Yuber; Xök,no,0,,0,,no,yes
char_iston,Iston,iston,,,,,,Maia,,Immortals,high,,,,,,,,,,,Maia,M,,retired,Boardreader,no,no,2026_06_16_retired_immortals,MUME retired immortal list,List current as of 2026-06-16,immortal_2026_06_16_retired_immortals_iston_520_listed_retired_immortal,candidate,Copied by Lewis. Includes Boardreaders and honorary True Legend entry for Norsu.,immortal,yes,yes,data/evidence/whois_display/html/iston.html,data/evidence/whois_display/text/iston.txt,mha:iston:1781603807:46ae9148,high,0,0,0,,,no,0,,0,,no,no
char_jerusha,Jerusha,jerusha,,,,,,Maia,,Immortals,high,Cartographer,Cartographer,Cartographer,high,,,,,,,Maia,M,Cartographer,current,Maia,no,no,2026_06_16_current_immortals,MUME current immortal list,List current as of 2026-06-16,immortal_2026_06_16_current_immortals_jerusha_78_listed_current_immortal,candidate,Copied by Lewis. (+m) means the immortal is also a Maiar Muddler / muddle code contributor.,immortal,yes,yes,data/evidence/whois_display/html/jerusha.html,data/evidence/whois_display/text/jerusha.txt,mha:jerusha:1781603879:2d994967,high,0,0,0,,,no,0,,0,,no,no
char_võlur,Võlur,volur,,,,,,Maia,,Immortals,high,Cartographer,Cartographer,Cartographer,high,,,,,,,Maia,M,Cartographer,current,Maia,no,no,2026_06_16_current_immortals,MUME current immortal list,List current as of 2026-06-16,immortal_2026_06_16_current_immortals_volur_104_listed_current_immortal,candidate,Copied by Lewis. (+m) means the immortal is also a Maiar Muddler / muddle code contributor.,immortal,yes,yes,data/evidence/whois_display/html/volur.html,data/evidence/whois_display/text/volur.txt,mha:võlur:1781606670:3a82db58,high,0,0,0,,,no,0,,0,,no,no
char_víggo,Víggo,viggo,,,,,,Maia,,Immortals,high,,,,,,,,,,,Maia,M,,retired,Boardreader,no,no,2026_06_16_retired_immortals,MUME retired immortal list,List current as of 2026-06-16,immortal_2026_06_16_retired_immortals_viggo_766_listed_retired_immortal,candidate,Copied by Lewis. Includes Boardreaders and honorary True Legend entry for Norsu.,immortal,yes,yes,data/evidence/whois_display/html/viggo.html,data/evidence/whois_display/text/viggo.txt,mha:víggo:1781606664:e02fc066,high,0,0,0,,,no,0,,0,,no,no
char_ceres,Ceres,ceres,,,,,,Maia,,Immortals,high,,,,,,,,,,,Maia,M,,retired,Boardreader,no,no,2026_06_16_retired_immortals,MUME retired immortal list,List current as of 2026-06-16,immortal_2026_06_16_retired_immortals_ceres_375_listed_retired_immortal,candidate,Copied by Lewis. Includes Boardreaders and honorary True Legend entry for Norsu.,immortal,yes,yes,data/evidence/whois_display/html/ceres.html,data/evidence/whois_display/text/ceres.txt,mha:ceres:1781578619:9524bf1f,high,0,0,0,,,no,0,,0,,no,no
char_lolatmi,Lolatmi,lolatmi,,,,,,Maia,,Immortals,high,,,,,,,,,,,Maia,M,,retired,Boardreader,no,no,2026_06_16_retired_immortals,MUME retired immortal list,List current as of 2026-06-16,immortal_2026_06_16_retired_immortals_lolatmi_576_listed_retired_immortal,candidate,Copied by Lewis. Includes Boardreaders and honorary True Legend entry for Norsu.,immortal,yes,yes,data/evidence/whois_display/html/lolatmi.html,data/evidence/whois_display/text/lolatmi.txt,mha:lolatmi:1781604417:10915ae5,high,1,1,1,quoted_speaker:1,Ugurz,no,0,,0,,no,yes
char_vérathos,Vérathos,verathos,,,,,,Maia,,Immortals,high,Cartographer,Cartographer,Cartographer,high,,,,,,,Maia,M,Cartographer,retired,Maia,no,no,2026_06_16_retired_immortals,MUME retired immortal list,List current as of 2026-06-16,immortal_2026_06_16_retired_immortals_verathos_288_listed_retired_immortal,candidate,Copied by Lewis. Includes Boardreaders and honorary True Legend entry for Norsu.,immortal,yes,yes,data/evidence/whois_display/html/verathos.html,data/evidence/whois_display/text/verathos.txt,mha:vérathos:1781606659:b37548eb,high,0,0,0,,,yes,1,33.5,0,,no,no
char_mîm,Mîm,mim,,,,,,Maia,,Immortals,high,Wright,Wright,Wright,high,,,,,,,Maia,M,Wright,retired,Maia,no,no,2026_06_16_retired_immortals,MUME retired immortal list,List current as of 2026-06-16,immortal_2026_06_16_retired_immortals_mim_139_listed_retired_immortal,candidate,Copied by Lewis. Includes Boardreaders and honorary True Legend entry for Norsu.,immortal,yes,yes,data/evidence/whois_display/html/mim.html,data/evidence/whois_display/text/mim.txt,mha:mîm:1781604981:963f1182,high,0,0,0,,,no,0,,0,,no,no
char_science,Science,science,,,,,,Maia,,Immortals,high,Builder,Builder,Builder,high,,,,,,,Maia,M,Builder,retired,Maia,no,no,2026_06_16_retired_immortals,MUME retired immortal list,List current as of 2026-06-16,immortal_2026_06_16_retired_immortals_science_196_listed_retired_immortal,candidate,Copied by Lewis. Includes Boardreaders and honorary True Legend entry for Norsu.,immortal,yes,yes,data/evidence/whois_display/html/science.html,data/evidence/whois_display/text/science.txt,mha:science:1781605790:06973b16,high,7,0,0,comma_name_list:7,Gail; Opa; Katari; Dundan; Fantasy; Sharkey; Angst,no,0,,0,,no,yes
char_silosseth,Silosseth,silosseth,,,,,,Maia,,Immortals,high,Cartographer,Cartographer,Cartographer,high,,,,,,,Maia,M,Cartographer,retired,Maia,no,no,2026_06_16_retired_immortals,MUME retired immortal list,List current as of 2026-06-16,immortal_2026_06_16_retired_immortals_silosseth_276_listed_retired_immortal,candidate,Copied by Lewis. Includes Boardreaders and honorary True Legend entry for Norsu.,immortal,yes,yes,data/evidence/whois_display/html/silosseth.html,data/evidence/whois_display/text/silosseth.txt,mha:silosseth:1781605905:c32c4a2c,high,0,0,0,,,no,0,,0,,no,no
char_tulkas,Tulkas,tulkas,,,,,,Vala,,Immortals,high,,,,,,,,,,,Arata,A,,retired,Aratar,no,no,2026_06_16_retired_immortals,MUME retired immortal list,List current as of 2026-06-16,immortal_2026_06_16_retired_immortals_tulkas_12_listed_retired_immortal,candidate,Copied by Lewis. Includes Boardreaders and honorary True Legend entry for Norsu.,immortal,yes,yes,data/evidence/whois_display/html/tulkas.html,data/evidence/whois_display/text/tulkas.txt,mha:tulkas:1781606420:d221212e,high,0,0,0,,,no,0,,0,,no,no
char_sinprejic,Sinprejic,sinprejic,,,,,,Maia,,Immortals,high,Builder,Builder,Builder,high,,,,,,,Maia,M,Builder,retired,Maia,no,no,2026_06_16_retired_immortals,MUME retired immortal list,List current as of 2026-06-16,immortal_2026_06_16_retired_immortals_sinprejic_199_listed_retired_immortal,candidate,Copied by Lewis. Includes Boardreaders and honorary True Legend entry for Norsu.,immortal,yes,yes,data/evidence/whois_display/html/sinprejic.html,data/evidence/whois_display/text/sinprejic.txt,mha:sinprejic:1781605939:f1b974c0,high,0,0,0,,,no,0,,0,,no,no
char_vigo,Vigo,vigo,,,,,,Maia,,Immortals,high,,,,,,,,,,,Maia,M,,retired,Boardreader,no,no,2026_06_16_retired_immortals,MUME retired immortal list,List current as of 2026-06-16,immortal_2026_06_16_retired_immortals_vigo_767_listed_retired_immortal,candidate,Copied by Lewis. Includes Boardreaders and honorary True Legend entry for Norsu.,immortal,yes,yes,data/evidence/whois_display/html/vigo.html,data/evidence/whois_display/text/vigo.txt,mha:vigo:1781606631:3853c1a7,high,0,0,0,,,no,0,,0,,no,no
char_kyratai,Kyratai,kyratai,,,,,,Maia,,Immortals,high,Cartographer,Cartographer,Cartographer,high,,,,,,,Maia,M,Cartographer,retired,Maia,no,no,2026_06_16_retired_immortals,MUME retired immortal list,List current as of 2026-06-16,immortal_2026_06_16_retired_immortals_kyratai_253_listed_retired_immortal,candidate,Copied by Lewis. Includes Boardreaders and honorary True Legend entry for Norsu.,immortal,yes,yes,data/evidence/whois_display/html/kyratai.html,data/evidence/whois_display/text/kyratai.txt,mha:kyratai:1781604226:4c834e19,high,0,0,0,,,no,0,,0,,no,no
char_apolline,Apolline,apolline,,,,,,Maia,,Immortals,high,,,,,,,,,,,Maia,M,,retired,Boardreader,no,no,2026_06_16_retired_immortals,MUME retired immortal list,List current as of 2026-06-16,immortal_2026_06_16_retired_immortals_apolline_322_listed_retired_immortal,candidate,Copied by Lewis. Includes Boardreaders and honorary True Legend entry for Norsu.,immortal,yes,yes,data/evidence/whois_display/html/apolline.html,data/evidence/whois_display/text/apolline.txt,mha:apolline:1781577572:1dd61264,high,0,0,0,,,no,0,,0,,no,no
char_talia,Talia,talia,,,,,,Maia,,Immortals,high,Wright,Wright,Wright,high,,,,,,,Maia,M,Wright,retired,Maia,no,no,2026_06_16_retired_immortals,MUME retired immortal list,List current as of 2026-06-16,immortal_2026_06_16_retired_immortals_talia_158_listed_retired_immortal,candidate,Copied by Lewis. Includes Boardreaders and honorary True Legend entry for Norsu.,immortal,yes,yes,data/evidence/whois_display/html/talia.html,data/evidence/whois_display/text/talia.txt,mha:talia:1781606165:14caa2e8,high,0,0,0,,,no,0,,0,,no,no
char_khan,Khan,khan,,,,,,Maia,,Immortals,high,Wright,Wright,Wright,high,,,,,,,Maia,M,Wright,retired,Maia,no,no,2026_06_16_retired_immortals,MUME retired immortal list,List current as of 2026-06-16,immortal_2026_06_16_retired_immortals_khan_122_listed_retired_immortal,candidate,Copied by Lewis. Includes Boardreaders and honorary True Legend entry for Norsu.,immortal,yes,yes,data/evidence/whois_display/html/khan.html,data/evidence/whois_display/text/khan.txt,mha:khan:1781604044:d822d12c,high,0,0,0,,,no,0,,0,,no,no
char_vico,Vico,vico,,,,,,Maia,,Immortals,high,,,,,,,,,,,Maia,M,,retired,Boardreader,no,no,2026_06_16_retired_immortals,MUME retired immortal list,List current as of 2026-06-16,immortal_2026_06_16_retired_immortals_vico_764_listed_retired_immortal,candidate,Copied by Lewis. Includes Boardreaders and honorary True Legend entry for Norsu.,immortal,yes,yes,data/evidence/whois_display/html/vico.html,data/evidence/whois_display/text/vico.txt,mha:vico:1781606619:12f802be,high,0,0,0,,,no,0,,0,,no,no
char_stukk,Stukk,stukk,,,,,,Maia,,Immortals,high,Cartographer,Cartographer,Cartographer,high,,,,,,,Maia,M,Cartographer,current,Maia,no,no,2026_06_16_current_immortals,MUME current immortal list,List current as of 2026-06-16,immortal_2026_06_16_current_immortals_stukk_96_listed_current_immortal,candidate,Copied by Lewis. (+m) means the immortal is also a Maiar Muddler / muddle code contributor.,immortal,yes,yes,data/evidence/whois_display/html/stukk.html,data/evidence/whois_display/text/stukk.txt,mha:stukk:1781606112:59dff3b1,high,0,0,0,,,no,0,,0,,no,no
char_velkin,Velkin,velkin,,,,,,Maia,,Immortals,high,,,,,,,,,,,Maia,M,,retired,Boardreader,no,no,2026_06_16_retired_immortals,MUME retired immortal list,List current as of 2026-06-16,immortal_2026_06_16_retired_immortals_velkin_762_listed_retired_immortal,candidate,Copied by Lewis. Includes Boardreaders and honorary True Legend entry for Norsu.,immortal,yes,yes,data/evidence/whois_display/html/velkin.html,data/evidence/whois_display/text/velkin.txt,mha:velkin:1781606602:0d9c4790,high,0,0,0,,,no,0,,0,,no,no
char_veladan,Veladan,veladan,,,,,,Maia,,Immortals,high,Shaper,Shaper,Shaper,high,,,,,,,Maia,M,Shaper,current,Maia,no,no,2026_06_16_current_immortals,MUME current immortal list,List current as of 2026-06-16,immortal_2026_06_16_current_immortals_veladan_23_listed_current_immortal,candidate,Copied by Lewis. (+m) means the immortal is also a Maiar Muddler / muddle code contributor.,immortal,yes,yes,data/evidence/whois_display/html/veladan.html,data/evidence/whois_display/text/veladan.txt,mha:veladan:1781606596:e4ec4ad6,high,0,0,0,,,no,0,,0,,no,no
char_miax,Miax,miax,,,,,,Maia,,Immortals,high,,,,,,,,,,,Maia,M,,retired,Boardreader,no,no,2026_06_16_retired_immortals,MUME retired immortal list,List current as of 2026-06-16,immortal_2026_06_16_retired_immortals_miax_596_listed_retired_immortal,candidate,Copied by Lewis. Includes Boardreaders and honorary True Legend entry for Norsu.,immortal,yes,yes,data/evidence/whois_display/html/miax.html,data/evidence/whois_display/text/miax.txt,mha:miax:1781604830:03d65b69,high,0,0,0,,,no,0,,0,,no,no
char_varda,Varda,varda,,,,,,Maia,,Immortals,high,Shaper,Shaper,Shaper,high,,,,,,,Maia,M,Shaper,retired,Maia,no,no,2026_06_16_retired_immortals,MUME retired immortal list,List current as of 2026-06-16,immortal_2026_06_16_retired_immortals_varda_80_listed_retired_immortal,candidate,Copied by Lewis. Includes Boardreaders and honorary True Legend entry for Norsu.,immortal,yes,yes,data/evidence/whois_display/html/varda.html,data/evidence/whois_display/text/varda.txt,mha:varda:1781606588:dae206f9,high,0,0,0,,,no,0,,0,,no,no
char_vanidor,Vanidor,vanidor,,,,,,Vala,,Immortals,high,Architect,Architect,Architect,high,,,,,,,Vala,V,Architect,retired,Vala,no,no,2026_06_16_retired_immortals,MUME retired immortal list,List current as of 2026-06-16,immortal_2026_06_16_retired_immortals_vanidor_66_listed_retired_immortal,candidate,Copied by Lewis. Includes Boardreaders and honorary True Legend entry for Norsu.,immortal,yes,yes,data/evidence/whois_display/html/vanidor.html,data/evidence/whois_display/text/vanidor.txt,mha:vanidor:1781606577:500b2323,high,4,0,0,comma_name_list:4,Feist; Jordan; Eddings; McKiernan,no,0,,1,medium:1,no,yes
char_valur,Valur,valur,,,,,,Vala,,Immortals,high,Mudller,Mudller,Mudller,high,,,,,,,Vala,V,Mudller,retired,Vala,no,no,2026_06_16_retired_immortals,MUME retired immortal list,List current as of 2026-06-16,immortal_2026_06_16_retired_immortals_valur_36_listed_retired_immortal,candidate,Copied by Lewis. Includes Boardreaders and honorary True Legend entry for Norsu.,immortal,yes,yes,data/evidence/whois_display/html/valur.html,data/evidence/whois_display/text/valur.txt,mha:valur:1781606565:a1e83982,high,0,0,0,,,no,0,,0,,no,no
char_valdórë,Valdórë,valdore,,,,,,Maia,,Immortals,high,,,,,,,,,,,Maia,M,,retired,Boardreader,no,no,2026_06_16_retired_immortals,MUME retired immortal list,List current as of 2026-06-16,immortal_2026_06_16_retired_immortals_valdore_761_listed_retired_immortal,candidate,Copied by Lewis. Includes Boardreaders and honorary True Legend entry for Norsu.,immortal,yes,yes,data/evidence/whois_display/html/valdore.html,data/evidence/whois_display/text/valdore.txt,mha:valdórë:1781606557:98fda8a5,high,0,0,0,,,no,0,,0,,no,no
char_vairë,Vairë,vaire,,,,,,Vala,,Immortals,medium,,,,,,,,,,,,,,retired,Vala,no,no,2026_06_16_retired_immortals,MUME retired immortal list,List current as of 2026-06-16,immortal_2026_06_16_retired_immortals_vaire_65_listed_retired_immortal,candidate,Copied by Lewis. Includes Boardreaders and honorary True Legend entry for Norsu.,custom_descriptor_unclassified,yes,yes,data/evidence/whois_display/html/vaire.html,data/evidence/whois_display/text/vaire.txt,mha:vairë:1781606546:2041859b,high,0,0,0,,,no,0,,0,,yes,yes
char_vai,Vai,vai,,,,,,Maia,,Immortals,high,,,,,,,,,,,Maia,M,,retired,Boardreader,no,no,2026_06_16_retired_immortals,MUME retired immortal list,List current as of 2026-06-16,immortal_2026_06_16_retired_immortals_vai_760_listed_retired_immortal,candidate,Copied by Lewis. Includes Boardreaders and honorary True Legend entry for Norsu.,immortal,yes,yes,data/evidence/whois_display/html/vai.html,data/evidence/whois_display/text/vai.txt,mha:vai:1781606536:eadf3ebb,high,0,0,0,,,no,0,,0,,no,no
char_rut,Rut,rut,,,,,,Maia,,Immortals,high,Cartographer,Cartographer,Cartographer,high,,,,,,,Maia,M,Cartographer,retired,Maia,no,no,2026_06_16_retired_immortals,MUME retired immortal list,List current as of 2026-06-16,immortal_2026_06_16_retired_immortals_rut_273_listed_retired_immortal,candidate,Copied by Lewis. Includes Boardreaders and honorary True Legend entry for Norsu.,immortal,yes,yes,data/evidence/whois_display/html/rut.html,data/evidence/whois_display/text/rut.txt,mha:rut:1781605674:a9e8bce3,high,0,0,0,,,no,0,,0,,no,no
char_leni,Leni,leni,,,,,,Maia,,Immortals,high,,,,,,,,,,,Maia,M,,retired,Boardreader,no,no,2026_06_16_retired_immortals,MUME retired immortal list,List current as of 2026-06-16,immortal_2026_06_16_retired_immortals_leni_569_listed_retired_immortal,candidate,Copied by Lewis. Includes Boardreaders and honorary True Legend entry for Norsu.,immortal,yes,yes,data/evidence/whois_display/html/leni.html,data/evidence/whois_display/text/leni.txt,mha:leni:1781604342:645c6ca1,high,0,0,0,,,no,0,,0,,no,no
char_fionwë,Fionwë,fionwe,,,,,,Maia,,Immortals,high,,,,,,,,,,,Maia,M,,retired,Boardreader,no,no,2026_06_16_retired_immortals,MUME retired immortal list,List current as of 2026-06-16,immortal_2026_06_16_retired_immortals_fionwe_458_listed_retired_immortal,candidate,Copied by Lewis. Includes Boardreaders and honorary True Legend entry for Norsu.,immortal,yes,yes,data/evidence/whois_display/html/fionwe.html,data/evidence/whois_display/text/fionwe.txt,mha:fionwë:1781579772:f8496122,high,0,0,0,,,no,0,,0,,no,no
char_stiletto,Stiletto,stiletto,,,,,,Maia,,Immortals,high,,,,,,,,,,,Maia,M,,retired,Boardreader,no,no,2026_06_16_retired_immortals,MUME retired immortal list,List current as of 2026-06-16,immortal_2026_06_16_retired_immortals_stiletto_727_listed_retired_immortal,candidate,Copied by Lewis. Includes Boardreaders and honorary True Legend entry for Norsu.,immortal,yes,yes,data/evidence/whois_display/html/stiletto.html,data/evidence/whois_display/text/stiletto.txt,mha:stiletto:1781606090:5e1bdd7d,high,0,0,0,,,no,0,,0,,no,no
char_freeway,Freeway,freeway,,,,,,Maia,,Immortals,high,,,,,,,,,,,Maia,M,,retired,Boardreader,no,no,2026_06_16_retired_immortals,MUME retired immortal list,List current as of 2026-06-16,immortal_2026_06_16_retired_immortals_freeway_463_listed_retired_immortal,candidate,Copied by Lewis. Includes Boardreaders and honorary True Legend entry for Norsu.,immortal,yes,yes,data/evidence/whois_display/html/freeway.html,data/evidence/whois_display/text/freeway.txt,mha:freeway:1781579855:5dc498f1,high,0,0,0,,,no,0,,0,,no,no
char_tilwe,Tilwe,tilwe,,,,,,Maia,,Immortals,high,Cartographer,Cartographer,Cartographer,high,,,,,,,Maia,M,Cartographer,current,Maia,no,no,2026_06_16_current_immortals,MUME current immortal list,List current as of 2026-06-16,immortal_2026_06_16_current_immortals_tilwe_102_listed_current_immortal,candidate,Copied by Lewis. (+m) means the immortal is also a Maiar Muddler / muddle code contributor.,immortal,yes,yes,data/evidence/whois_display/html/tilwe.html,data/evidence/whois_display/text/tilwe.txt,mha:tilwe:1781606330:b59d3982,high,0,0,0,,,no,0,,0,,no,no
char_badger,Badger,badger,,,,,,Vala,,Immortals,high,Architect,Architect,Architect,high,,,,,,,Vala,V,Architect,retired,Vala,no,no,2026_06_16_retired_immortals,MUME retired immortal list,List current as of 2026-06-16,immortal_2026_06_16_retired_immortals_badger_45_listed_retired_immortal,candidate,Copied by Lewis. Includes Boardreaders and honorary True Legend entry for Norsu.,immortal,yes,yes,data/evidence/whois_display/html/badger.html,data/evidence/whois_display/text/badger.txt,mha:badger:1781577810:7b64d476,high,0,0,0,,,no,0,,0,,no,no
char_of,of,of,,,,,,Maia,,Immortals,high,,,,,,,,,,,Maia,M,,,,,,,,,,,,immortal,yes,yes,data/evidence/whois_display/html/of.html,data/evidence/whois_display/text/of.txt,mha:ajax:1781576705:8023e064,high,0,0,0,,,no,0,,0,,no,no
char_ulynn,Ulynn,ulynn,,,,,,Maia,,Immortals,high,,,,,,,,,,,Maia,M,,retired,Boardreader,no,no,2026_06_16_retired_immortals,MUME retired immortal list,List current as of 2026-06-16,immortal_2026_06_16_retired_immortals_ulynn_757_listed_retired_immortal,candidate,Copied by Lewis. Includes Boardreaders and honorary True Legend entry for Norsu.,immortal,yes,yes,data/evidence/whois_display/html/ulynn.html,data/evidence/whois_display/text/ulynn.txt,mha:ulynn:1781606493:793cc929,high,0,0,0,,,no,0,,0,,no,no
char_pendak,Pendak,pendak,,,,,,Maia,,Immortals,high,,,,,,,,,,,Maia,M,,retired,Boardreader,no,no,2026_06_16_retired_immortals,MUME retired immortal list,List current as of 2026-06-16,immortal_2026_06_16_retired_immortals_pendak_653_listed_retired_immortal,candidate,Copied by Lewis. Includes Boardreaders and honorary True Legend entry for Norsu.,immortal,yes,yes,data/evidence/whois_display/html/pendak.html,data/evidence/whois_display/text/pendak.txt,mha:pendak:1781605331:142727cb,high,0,0,0,,,no,0,,0,,no,no
char_ulixes,Ulixes,ulixes,,,,,,Maia,,Immortals,high,,,,,,,,,,,Maia,M,,retired,Boardreader,no,no,2026_06_16_retired_immortals,MUME retired immortal list,List current as of 2026-06-16,immortal_2026_06_16_retired_immortals_ulixes_756_listed_retired_immortal,candidate,Copied by Lewis. Includes Boardreaders and honorary True Legend entry for Norsu.,immortal,yes,yes,data/evidence/whois_display/html/ulixes.html,data/evidence/whois_display/text/ulixes.txt,mha:ulixes:1781606471:d9719c07,high,0,0,0,,,no,0,,0,,no,no
char_ulbo,Ulbo,ulbo,,,,,,Maia,,Immortals,high,,,,,,,,,,,Maia,M,,retired,Boardreader,no,no,2026_06_16_retired_immortals,MUME retired immortal list,List current as of 2026-06-16,immortal_2026_06_16_retired_immortals_ulbo_755_listed_retired_immortal,candidate,Copied by Lewis. Includes Boardreaders and honorary True Legend entry for Norsu.,immortal,yes,yes,data/evidence/whois_display/html/ulbo.html,data/evidence/whois_display/text/ulbo.txt,mha:ulbo:1781606465:85542464,high,0,0,0,,,no,0,,0,,no,no
char_azaghâl,Azaghâl,azaghal,,,,,,Vala,,Immortals,high,Architect,Architect,Architect,high,,,,,,,Vala,V,Architect,retired,Vala,no,no,2026_06_16_retired_immortals,MUME retired immortal list,List current as of 2026-06-16,immortal_2026_06_16_retired_immortals_azaghal_44_listed_retired_immortal,candidate,Copied by Lewis. Includes Boardreaders and honorary True Legend entry for Norsu.,immortal,yes,yes,data/evidence/whois_display/html/azaghal.html,data/evidence/whois_display/text/azaghal.txt,mha:azaghâl:1781577793:3344ddf5,high,0,0,0,,,no,0,,0,,no,no
char_beldin,Beldin,beldin,,,,,,Maia,,Immortals,high,,,,,,,,,,,Maia,M,,retired,Boardreader,no,no,2026_06_16_retired_immortals,MUME retired immortal list,List current as of 2026-06-16,immortal_2026_06_16_retired_immortals_beldin_345_listed_retired_immortal,candidate,Copied by Lewis. Includes Boardreaders and honorary True Legend entry for Norsu.,immortal,yes,yes,data/evidence/whois_display/html/beldin.html,data/evidence/whois_display/text/beldin.txt,mha:beldin:1781577887:29efabc0,high,0,0,0,,,no,0,,0,,no,no
char_ria,Ria,ria,,,,,,Maia,,Immortals,high,Cartographer,Cartographer,Cartographer,high,,,,,,,Maia,M,Cartographer,retired,Maia,no,no,2026_06_16_retired_immortals,MUME retired immortal list,List current as of 2026-06-16,immortal_2026_06_16_retired_immortals_ria_272_listed_retired_immortal,candidate,Copied by Lewis. Includes Boardreaders and honorary True Legend entry for Norsu.,immortal,yes,yes,data/evidence/whois_display/html/ria.html,data/evidence/whois_display/text/ria.txt,mha:ria:1781605570:cb7476c2,high,0,0,0,,,no,0,,0,,no,no
char_uinen,Uinen,uinen,,,,,,Maia,,Immortals,high,Shaper,Shaper,Shaper,high,,,,,,,Maia,M,Shaper,retired,Maia,no,no,2026_06_16_retired_immortals,MUME retired immortal list,List current as of 2026-06-16,immortal_2026_06_16_retired_immortals_uinen_79_listed_retired_immortal,candidate,Copied by Lewis. Includes Boardreaders and honorary True Legend entry for Norsu.,immortal,yes,yes,data/evidence/whois_display/html/uinen.html,data/evidence/whois_display/text/uinen.txt,mha:uinen:1781606460:c308753c,high,0,0,0,,,no,0,,0,,no,no
char_barloen,Barloen,barloen,,,,,,Maia,,Immortals,high,,,,,,,,,,,Maia,M,,retired,Boardreader,no,no,2026_06_16_retired_immortals,MUME retired immortal list,List current as of 2026-06-16,immortal_2026_06_16_retired_immortals_barloen_341_listed_retired_immortal,candidate,Copied by Lewis. Includes Boardreaders and honorary True Legend entry for Norsu.,immortal,yes,yes,data/evidence/whois_display/html/barloen.html,data/evidence/whois_display/text/barloen.txt,mha:barloen:1781577854:5d41a30a,high,0,0,0,,,no,0,,0,,no,no
char_turmere,Turmere,turmere,,,,,,Maia,,Immortals,high,Wright,Wright,Wright,high,,,,,,,Maia,M,Wright,retired,Maia,no,no,2026_06_16_retired_immortals,MUME retired immortal list,List current as of 2026-06-16,immortal_2026_06_16_retired_immortals_turmere_165_listed_retired_immortal,candidate,Copied by Lewis. Includes Boardreaders and honorary True Legend entry for Norsu.,immortal,yes,yes,data/evidence/whois_display/html/turmere.html,data/evidence/whois_display/text/turmere.txt,mha:turmere:1781606432:edfd2b06,high,0,0,0,,,no,0,,0,,no,no
char_gertrude,Gertrude,gertrude,,,,,,Maia,,Immortals,high,Wright,Wright,Wright,high,,,,,,,Maia,M,Wright,retired,Maia,no,no,2026_06_16_retired_immortals,MUME retired immortal list,List current as of 2026-06-16,immortal_2026_06_16_retired_immortals_gertrude_106_listed_retired_immortal,candidate,Copied by Lewis. Includes Boardreaders and honorary True Legend entry for Norsu.,immortal,yes,yes,data/evidence/whois_display/html/gertrude.html,data/evidence/whois_display/text/gertrude.txt,mha:gertrude:1781579976:c56936e8,high,1,1,1,quoted_speaker:1,Gertrude,no,0,,0,,no,yes
char_ugly,Ugly,ugly,,,,,,Maia,,Immortals,high,,,,,,,,,,,Maia,M,,retired,Boardreader,no,no,2026_06_16_retired_immortals,MUME retired immortal list,List current as of 2026-06-16,immortal_2026_06_16_retired_immortals_ugly_754_listed_retired_immortal,candidate,Copied by Lewis. Includes Boardreaders and honorary True Legend entry for Norsu.,immortal,yes,yes,data/evidence/whois_display/html/ugly.html,data/evidence/whois_display/text/ugly.txt,mha:ugly:1781606454:26dc6816,high,0,0,0,,,no,0,,0,,no,no
char_lionheart,Lionheart,lionheart,,,,,,Maia,,Immortals,high,,,,,,,,,,,Maia,M,,retired,Boardreader,no,no,2026_06_16_retired_immortals,MUME retired immortal list,List current as of 2026-06-16,immortal_2026_06_16_retired_immortals_lionheart_574_listed_retired_immortal,candidate,Copied by Lewis. Includes Boardreaders and honorary True Legend entry for Norsu.,immortal,yes,yes,data/evidence/whois_display/html/lionheart.html,data/evidence/whois_display/text/lionheart.txt,mha:lionheart:1781604390:f703bd5c,high,0,0,0,,,no,0,,0,,no,no
char_prami,Prami,prami,,,,,,Maia,,Immortals,high,,,,,,,,,,,Maia,M,,retired,Boardreader,no,no,2026_06_16_retired_immortals,MUME retired immortal list,List current as of 2026-06-16,immortal_2026_06_16_retired_immortals_prami_660_listed_retired_immortal,candidate,Copied by Lewis. Includes Boardreaders and honorary True Legend entry for Norsu.,immortal,yes,yes,data/evidence/whois_display/html/prami.html,data/evidence/whois_display/text/prami.txt,mha:prami:1781605414:63302a54,high,0,0,0,,,no,0,,1,low:1,no,yes
char_sprocket,Sprocket,sprocket,,,,,,Maia,,Immortals,high,,,,,,,,,,,Maia,M,,retired,Boardreader,no,no,2026_06_16_retired_immortals,MUME retired immortal list,List current as of 2026-06-16,immortal_2026_06_16_retired_immortals_sprocket_722_listed_retired_immortal,candidate,Copied by Lewis. Includes Boardreaders and honorary True Legend entry for Norsu.,immortal,yes,yes,data/evidence/whois_display/html/sprocket.html,data/evidence/whois_display/text/sprocket.txt,mha:sprocket:1781606043:e3903640,high,0,0,0,,,no,0,,0,,no,no
char_twibble,Twibble,twibble,,,,,,Maia,,Immortals,high,Wright,Wright,Wright,high,,,,,,,Maia,M,Wright,retired,Maia,no,no,2026_06_16_retired_immortals,MUME retired immortal list,List current as of 2026-06-16,immortal_2026_06_16_retired_immortals_twibble_166_listed_retired_immortal,candidate,Copied by Lewis. Includes Boardreaders and honorary True Legend entry for Norsu.,immortal,yes,yes,data/evidence/whois_display/html/twibble.html,data/evidence/whois_display/text/twibble.txt,mha:twibble:1781606438:dc520028,high,0,0,0,,,no,0,,0,,no,no
char_ammon,Ammon,ammon,,,,,,Maia,,Immortals,high,Cartographer,Cartographer,Cartographer,high,,,,,,,Maia,M,Cartographer,retired,Maia,no,no,2026_06_16_retired_immortals,MUME retired immortal list,List current as of 2026-06-16,immortal_2026_06_16_retired_immortals_ammon_207_listed_retired_immortal,candidate,Copied by Lewis. Includes Boardreaders and honorary True Legend entry for Norsu.,immortal,yes,yes,data/evidence/whois_display/html/ammon.html,data/evidence/whois_display/text/ammon.txt,mha:ammon:1781576823:29957edf,high,1,1,1,quoted_speaker:1,Ammon,no,0,,0,,no,yes
char_belmir,Belmir,belmir,,,,,,Maia,,Immortals,high,,,,,,,,,,,Maia,M,,retired,Boardreader,no,no,2026_06_16_retired_immortals,MUME retired immortal list,List current as of 2026-06-16,immortal_2026_06_16_retired_immortals_belmir_347_listed_retired_immortal,candidate,Copied by Lewis. Includes Boardreaders and honorary True Legend entry for Norsu.,immortal,yes,yes,data/evidence/whois_display/html/belmir.html,data/evidence/whois_display/text/belmir.txt,mha:belmir:1781577914:90ddd91d,high,0,0,0,,,no,0,,0,,no,no
char_ariana,Ariana,ariana,,,,,,Maia,,Immortals,high,Wright,Wright,Wright,high,,,,,,,Maia,M,Wright,retired,Maia,no,no,2026_06_16_retired_immortals,MUME retired immortal list,List current as of 2026-06-16,immortal_2026_06_16_retired_immortals_ariana_85_listed_retired_immortal,candidate,Copied by Lewis. Includes Boardreaders and honorary True Legend entry for Norsu.,immortal,yes,yes,data/evidence/whois_display/html/ariana.html,data/evidence/whois_display/text/ariana.txt,mha:ariana:1781577637:5c08fff6,high,0,0,0,,,no,0,,0,,no,no
char_eldahal,Eldahal,eldahal,,,,,,Maia,,Immortals,high,,,,,,,,,,,Maia,M,,retired,Boardreader,no,no,2026_06_16_retired_immortals,MUME retired immortal list,List current as of 2026-06-16,immortal_2026_06_16_retired_immortals_eldahal_425_listed_retired_immortal,candidate,Copied by Lewis. Includes Boardreaders and honorary True Legend entry for Norsu.,immortal,yes,yes,data/evidence/whois_display/html/eldahal.html,data/evidence/whois_display/text/eldahal.txt,mha:eldahal:1781579121:4d570857,high,0,0,0,,,no,0,,0,,no,no
char_ender,Ender,ender,,,,,,Maia,,Immortals,high,,,,,,,,,,,Maia,M,,retired,Boardreader,no,no,2026_06_16_retired_immortals,MUME retired immortal list,List current as of 2026-06-16,immortal_2026_06_16_retired_immortals_ender_430_listed_retired_immortal,candidate,Copied by Lewis. Includes Boardreaders and honorary True Legend entry for Norsu.,immortal,yes,yes,data/evidence/whois_display/html/ender.html,data/evidence/whois_display/text/ender.txt,mha:ender:1781579219:5cb3d2b7,high,0,0,0,,,no,0,,0,,no,no
char_belenos,Belenos,belenos,,,,,,Maia,,Immortals,high,Cartographer,Cartographer,Cartographer,high,,,,,,,Maia,M,Cartographer,retired,Maia,no,no,2026_06_16_retired_immortals,MUME retired immortal list,List current as of 2026-06-16,immortal_2026_06_16_retired_immortals_belenos_215_listed_retired_immortal,candidate,Copied by Lewis. Includes Boardreaders and honorary True Legend entry for Norsu.,immortal,yes,yes,data/evidence/whois_display/html/belenos.html,data/evidence/whois_display/text/belenos.txt,mha:belenos:1781577903:22d19e5d,high,11,1,1,comma_name_list:11,Coco; Bibado; Ronir; Grabit; Anode; Edigana; Fusil; Elimos; Buffy; Lunet; Duracuir,no,0,,0,,no,yes
char_viil,Viil,viil,,,,,,Maia,,Immortals,high,Wright,Wright,Wright,high,,,,,,,Maia,M,Wright,current,Maia,yes,no,2026_06_16_current_immortals,MUME current immortal list,List current as of 2026-06-16,immortal_2026_06_16_current_immortals_viil_47_listed_current_immortal,candidate,Copied by Lewis. (+m) means the immortal is also a Maiar Muddler / muddle code contributor.,immortal,yes,yes,data/evidence/whois_display/html/viil.html,data/evidence/whois_display/text/viil.txt,mha:viil:1781606636:2f975b41,high,0,0,0,,,no,0,,0,,no,no
char_he,he,he,,,,,,Maia,,Immortals,high,,,,,,,,,,,Maia,M,,,,,,,,,,,,immortal,yes,yes,data/evidence/whois_display/html/he.html,data/evidence/whois_display/text/he.txt,mha:david:1781578845:8a9a243d,high,8,7,7,comma_name_list:8,Zimar; Zé; Drimdul; Deavon; Trassel; Regin; Rollo; Millen,no,0,,0,,no,yes
char_tsort,Tsort,tsort,,,,,,Maia,,Immortals,high,,,,,,,,,,,Maia,M,,retired,Boardreader,no,no,2026_06_16_retired_immortals,MUME retired immortal list,List current as of 2026-06-16,immortal_2026_06_16_retired_immortals_tsort_751_listed_retired_immortal,candidate,Copied by Lewis. Includes Boardreaders and honorary True Legend entry for Norsu.,immortal,yes,yes,data/evidence/whois_display/html/tsort.html,data/evidence/whois_display/text/tsort.txt,mha:tsort:1781606415:1e419875,high,0,0,0,,,no,0,,0,,no,no
char_morten,Morten,morten,,,,,,Maia,,Immortals,high,Cartographer,Cartographer,Cartographer,high,,,,,,,Maia,M,Cartographer,retired,Maia,no,no,2026_06_16_retired_immortals,MUME retired immortal list,List current as of 2026-06-16,immortal_2026_06_16_retired_immortals_morten_264_listed_retired_immortal,candidate,Copied by Lewis. Includes Boardreaders and honorary True Legend entry for Norsu.,immortal,yes,yes,data/evidence/whois_display/html/morten.html,data/evidence/whois_display/text/morten.txt,mha:morten:1781604947:c6959bfd,high,8,0,0,comma_name_list:8,Castor; Crash; Gro; Imadril; Olaug; Pomba; Rayban; Snipp,no,0,,0,,no,yes
char_transergod,TranserGod,transergod,,,,,,Maia,,Immortals,high,Wright,Wright,Wright,high,,,,,,,Maia,M,Wright,retired,Maia,no,no,2026_06_16_retired_immortals,MUME retired immortal list,List current as of 2026-06-16,immortal_2026_06_16_retired_immortals_transergod_163_listed_retired_immortal,candidate,Copied by Lewis. Includes Boardreaders and honorary True Legend entry for Norsu.,immortal,yes,yes,data/evidence/whois_display/html/transergod.html,data/evidence/whois_display/text/transergod.txt,mha:transergod:1781606398:8bd846cc,high,0,0,0,,,no,0,,0,,no,no
char_morceleb,Morceleb,morceleb,,,,,,Maia,,Immortals,high,Builder,Builder,Builder,high,,,,,,,Maia,M,Builder,retired,Maia,no,no,2026_06_16_retired_immortals,MUME retired immortal list,List current as of 2026-06-16,immortal_2026_06_16_retired_immortals_morceleb_192_listed_retired_immortal,candidate,Copied by Lewis. Includes Boardreaders and honorary True Legend entry for Norsu.,immortal,yes,yes,data/evidence/whois_display/html/morceleb.html,data/evidence/whois_display/text/morceleb.txt,mha:morceleb:1781604925:239be65a,high,0,0,0,,,no,0,,0,,no,no
char_kleftis,Kleftis,kleftis,,,,,,Maia,,Immortals,high,,,,,,,,,,,Maia,M,,retired,Boardreader,no,no,2026_06_16_retired_immortals,MUME retired immortal list,List current as of 2026-06-16,immortal_2026_06_16_retired_immortals_kleftis_550_listed_retired_immortal,candidate,Copied by Lewis. Includes Boardreaders and honorary True Legend entry for Norsu.,immortal,yes,yes,data/evidence/whois_display/html/kleftis.html,data/evidence/whois_display/text/kleftis.txt,mha:kleftis:1781604115:3db94dc0,high,0,0,0,,,no,0,,0,,no,no
char_andela,Andela,andela,,,,,,Maia,,Immortals,high,,,,,,,,,,,Maia,M,,retired,Boardreader,no,no,2026_06_16_retired_immortals,MUME retired immortal list,List current as of 2026-06-16,immortal_2026_06_16_retired_immortals_andela_318_listed_retired_immortal,candidate,Copied by Lewis. Includes Boardreaders and honorary True Legend entry for Norsu.,immortal,yes,yes,data/evidence/whois_display/html/andela.html,data/evidence/whois_display/text/andela.txt,mha:andela:1781576844:b28813b5,high,0,0,0,,,no,0,,0,,no,no
char_caldan,Caldan,caldan,,,,,,Maia,,Immortals,high,Wright,Wright,Wright,high,,,,,,,Maia,M,Wright,current,Maia,no,no,2026_06_16_current_immortals,MUME current immortal list,List current as of 2026-06-16,immortal_2026_06_16_current_immortals_caldan_29_listed_current_immortal,candidate,Copied by Lewis. (+m) means the immortal is also a Maiar Muddler / muddle code contributor.,immortal,yes,yes,data/evidence/whois_display/html/caldan.html,data/evidence/whois_display/text/caldan.txt,mha:caldan:1781578553:859b451b,high,0,0,0,,,no,0,,0,,no,no
char_torak,Torak,torak,,,,,,Maia,,Immortals,high,,,,,,,,,,,Maia,M,,retired,Boardreader,no,no,2026_06_16_retired_immortals,MUME retired immortal list,List current as of 2026-06-16,immortal_2026_06_16_retired_immortals_torak_750_listed_retired_immortal,candidate,Copied by Lewis. Includes Boardreaders and honorary True Legend entry for Norsu.,immortal,yes,yes,data/evidence/whois_display/html/torak.html,data/evidence/whois_display/text/torak.txt,mha:torak:1781606386:3948bdba,high,0,0,0,,,no,0,,0,,no,no
char_lena,Lena,lena,,,,,,Maia,,Immortals,high,Wright,Wright,Wright,high,,,,,,,Maia,M,Wright,retired,Maia,no,no,2026_06_16_retired_immortals,MUME retired immortal list,List current as of 2026-06-16,immortal_2026_06_16_retired_immortals_lena_128_listed_retired_immortal,candidate,Copied by Lewis. Includes Boardreaders and honorary True Legend entry for Norsu.,immortal,yes,yes,data/evidence/whois_display/html/lena.html,data/evidence/whois_display/text/lena.txt,mha:lena:1781604336:d3131a27,high,0,0,0,,,no,0,,0,,no,no
char_toby,Toby,toby,,,,,,Maia,,Immortals,high,Cartographer,Cartographer,Cartographer,high,,,,,,,Maia,M,Cartographer,current,Maia,no,no,2026_06_16_current_immortals,MUME current immortal list,List current as of 2026-06-16,immortal_2026_06_16_current_immortals_toby_103_listed_current_immortal,candidate,Copied by Lewis. (+m) means the immortal is also a Maiar Muddler / muddle code contributor.,immortal,yes,yes,data/evidence/whois_display/html/toby.html,data/evidence/whois_display/text/toby.txt,mha:toby:1781606380:fd0cadb0,high,2,0,0,quoted_speaker:2,Archet; Rayne,no,0,,0,,no,yes
char_smokey,Smokey,smokey,,,,,,Maia,,Immortals,high,,,,,,,,,,,Maia,M,,retired,Boardreader,no,no,2026_06_16_retired_immortals,MUME retired immortal list,List current as of 2026-06-16,immortal_2026_06_16_retired_immortals_smokey_717_listed_retired_immortal,candidate,Copied by Lewis. Includes Boardreaders and honorary True Legend entry for Norsu.,immortal,yes,yes,data/evidence/whois_display/html/smokey.html,data/evidence/whois_display/text/smokey.txt,mha:smokey:1781605989:b7f4f9af,high,0,0,0,,,no,0,,0,,no,no
char_titus,Titus,titus,,,,,,Maia,,Immortals,high,,,,,,,,,,,Maia,M,,retired,Boardreader,no,no,2026_06_16_retired_immortals,MUME retired immortal list,List current as of 2026-06-16,immortal_2026_06_16_retired_immortals_titus_748_listed_retired_immortal,candidate,Copied by Lewis. Includes Boardreaders and honorary True Legend entry for Norsu.,immortal,yes,yes,data/evidence/whois_display/html/titus.html,data/evidence/whois_display/text/titus.txt,mha:titus:1781606369:2e4a7dec,high,0,0,0,,,no,0,,0,,no,no
char_aikios,Aikios,aikios,,,,,,Maia,,Immortals,high,,,,,,,,,,,Maia,M,,retired,Boardreader,no,no,2026_06_16_retired_immortals,MUME retired immortal list,List current as of 2026-06-16,immortal_2026_06_16_retired_immortals_aikios_304_listed_retired_immortal,candidate,Copied by Lewis. Includes Boardreaders and honorary True Legend entry for Norsu.,immortal,yes,yes,data/evidence/whois_display/html/aikios.html,data/evidence/whois_display/text/aikios.txt,mha:aikios:1781576688:04d4f116,high,0,0,0,,,no,0,,0,,no,no
char_tirmenel,Tirmenel,tirmenel,,,,,,Maia,,Immortals,high,Cartographer,Cartographer,Cartographer,high,,,,,,,Maia,M,Cartographer,retired,Maia,no,no,2026_06_16_retired_immortals,MUME retired immortal list,List current as of 2026-06-16,immortal_2026_06_16_retired_immortals_tirmenel_284_listed_retired_immortal,candidate,Copied by Lewis. Includes Boardreaders and honorary True Legend entry for Norsu.,immortal,yes,yes,data/evidence/whois_display/html/tirmenel.html,data/evidence/whois_display/text/tirmenel.txt,mha:tirmenel:1781606364:8c864a3f,high,0,0,0,,,no,0,,0,,no,no
char_tippy,Tippy,tippy,,,,,,Maia,,Immortals,high,,,,,,,,,,,Maia,M,,retired,Boardreader,no,no,2026_06_16_retired_immortals,MUME retired immortal list,List current as of 2026-06-16,immortal_2026_06_16_retired_immortals_tippy_747_listed_retired_immortal,candidate,Copied by Lewis. Includes Boardreaders and honorary True Legend entry for Norsu.,immortal,yes,yes,data/evidence/whois_display/html/tippy.html,data/evidence/whois_display/text/tippy.txt,mha:tippy:1781606358:ac344033,high,0,0,0,,,no,0,,0,,no,no
char_narndir,Narndir,narndir,,,,,,Maia,,Immortals,high,Cartographer,Cartographer,Cartographer,high,,,,,,,Maia,M,Cartographer,retired,Maia,no,no,2026_06_16_retired_immortals,MUME retired immortal list,List current as of 2026-06-16,immortal_2026_06_16_retired_immortals_narndir_265_listed_retired_immortal,candidate,Copied by Lewis. Includes Boardreaders and honorary True Legend entry for Norsu.,immortal,yes,yes,data/evidence/whois_display/html/narndir.html,data/evidence/whois_display/text/narndir.txt,mha:narndir:1781605025:aa87d324,high,0,0,0,,,no,0,,0,,no,no
char_timbulimbu,Timbulimbu,timbulimbu,,,,,,Maia,,Immortals,high,,,,,,,,,,,Maia,M,,retired,Boardreader,no,no,2026_06_16_retired_immortals,MUME retired immortal list,List current as of 2026-06-16,immortal_2026_06_16_retired_immortals_timbulimbu_746_listed_retired_immortal,candidate,Copied by Lewis. Includes Boardreaders and honorary True Legend entry for Norsu.,immortal,yes,yes,data/evidence/whois_display/html/timbulimbu.html,data/evidence/whois_display/text/timbulimbu.txt,mha:timbulimbu:1781606336:4c6c6c35,high,0,0,0,,,no,0,,1,low:1,no,yes
char_imatin,Imatin,imatin,,,,,,Maia,,Immortals,high,Builder,Builder,Builder,high,,,,,,,Maia,M,Builder,current,Maia,no,no,2026_06_16_current_immortals,MUME current immortal list,List current as of 2026-06-16,immortal_2026_06_16_current_immortals_imatin_52_listed_current_immortal,candidate,Copied by Lewis. (+m) means the immortal is also a Maiar Muddler / muddle code contributor.,immortal,yes,yes,data/evidence/whois_display/html/imatin.html,data/evidence/whois_display/text/imatin.txt,mha:imatin:1781587113:173f258a,high,10,0,0,comma_name_list:10,Einor; Faabrat; Glorwen; Mordah; Slegga; Usrhk; Azrubel; Batter; Yrja,no,0,,0,,no,yes
char_arcane,Arcane,arcane,,,,,,Maia,,Immortals,high,Wright,Wright,Wright,high,,,,,,,Maia,M,Wright,current,Maia,yes,no,2026_06_16_current_immortals,MUME current immortal list,List current as of 2026-06-16,immortal_2026_06_16_current_immortals_arcane_24_listed_current_immortal,candidate,Copied by Lewis. (+m) means the immortal is also a Maiar Muddler / muddle code contributor.,immortal,yes,yes,data/evidence/whois_display/html/arcane.html,data/evidence/whois_display/text/arcane.txt,mha:arcane:1781577594:48f6f01c,high,11,3,3,comma_name_list:11,Bevier; Lorindol; Parantaja; Poppis; Risp; Stagger; Tesla; Joviel; Rave; Spinner; Swrek,no,0,,0,,no,yes
char_gauss,Gauss,gauss,,,,,,Maia,,Immortals,high,,,,,,,,,,,Maia,M,,retired,Boardreader,no,no,2026_06_16_retired_immortals,MUME retired immortal list,List current as of 2026-06-16,immortal_2026_06_16_retired_immortals_gauss_470_listed_retired_immortal,candidate,Copied by Lewis. Includes Boardreaders and honorary True Legend entry for Norsu.,immortal,yes,yes,data/evidence/whois_display/html/gauss.html,data/evidence/whois_display/text/gauss.txt,mha:gauss:1781579949:3d5a6008,high,0,0,0,,,no,0,,0,,no,no
char_koft,Koft,koft,,,,,,Maia,,Immortals,high,,,,,,,,,,,Maia,M,,retired,Boardreader,no,no,2026_06_16_retired_immortals,MUME retired immortal list,List current as of 2026-06-16,immortal_2026_06_16_retired_immortals_koft_551_listed_retired_immortal,candidate,Copied by Lewis. Includes Boardreaders and honorary True Legend entry for Norsu.,immortal,yes,yes,data/evidence/whois_display/html/koft.html,data/evidence/whois_display/text/koft.txt,mha:koft:1781604130:2856086e,high,0,0,0,,,no,0,,0,,no,no
char_makar,Makar,makar,,,,,,Vala,,Immortals,high,Mudller,Mudller,Mudller,high,,,,,,,Vala,V,Mudller,retired,Vala,no,no,2026_06_16_retired_immortals,MUME retired immortal list,List current as of 2026-06-16,immortal_2026_06_16_retired_immortals_makar_27_listed_retired_immortal,candidate,Copied by Lewis. Includes Boardreaders and honorary True Legend entry for Norsu.,immortal,yes,yes,data/evidence/whois_display/html/makar.html,data/evidence/whois_display/text/makar.txt,mha:makar:1781604591:2ccc9552,high,0,0,0,,,no,0,,0,,no,no
char_kyrill,Kyrill,kyrill,,,,,,Maia,,Immortals,high,Cartographer,Cartographer,Cartographer,high,,,,,,,Maia,M,Cartographer,current,Maia,no,no,2026_06_16_current_immortals,MUME current immortal list,List current as of 2026-06-16,immortal_2026_06_16_current_immortals_kyrill_81_listed_current_immortal,candidate,Copied by Lewis. (+m) means the immortal is also a Maiar Muddler / muddle code contributor.,immortal,yes,yes,data/evidence/whois_display/html/kyrill.html,data/evidence/whois_display/text/kyrill.txt,mha:kyrill:1781604232:f010326d,high,0,0,0,,,no,0,,0,,no,no
char_telcontar,Telcontar,telcontar,,,,,,Maia,,Immortals,high,,,,,,,,,,,Maia,M,,retired,Boardreader,no,no,2026_06_16_retired_immortals,MUME retired immortal list,List current as of 2026-06-16,immortal_2026_06_16_retired_immortals_telcontar_735_listed_retired_immortal,candidate,Copied by Lewis. Includes Boardreaders and honorary True Legend entry for Norsu.,immortal,yes,yes,data/evidence/whois_display/html/telcontar.html,data/evidence/whois_display/text/telcontar.txt,mha:telcontar:1781606209:dee853ef,high,3,0,0,comma_name_list:3,Polgara; Ancárion; Anthar,no,0,,1,medium:1,no,yes
char_faloth,Faloth,faloth,,,,,,Maia,,Immortals,high,Cartographer,Cartographer,Cartographer,high,,,,,,,Maia,M,Cartographer,retired,Maia,no,no,2026_06_16_retired_immortals,MUME retired immortal list,List current as of 2026-06-16,immortal_2026_06_16_retired_immortals_faloth_234_listed_retired_immortal,candidate,Copied by Lewis. Includes Boardreaders and honorary True Legend entry for Norsu.,immortal,yes,yes,data/evidence/whois_display/html/faloth.html,data/evidence/whois_display/text/faloth.txt,mha:faloth:1781579664:b69b8be0,high,0,0,0,,,no,0,,0,,no,no
char_gorefang,Gorefang,gorefang,,,,,,Maia,,Immortals,high,,,,,,,,,,,Maia,M,,retired,Boardreader,no,no,2026_06_16_retired_immortals,MUME retired immortal list,List current as of 2026-06-16,immortal_2026_06_16_retired_immortals_gorefang_480_listed_retired_immortal,candidate,Copied by Lewis. Includes Boardreaders and honorary True Legend entry for Norsu.,immortal,yes,yes,data/evidence/whois_display/html/gorefang.html,data/evidence/whois_display/text/gorefang.txt,mha:gorefang:1781580042:c279c08e,high,0,0,0,,,no,0,,0,,no,no
char_thrust,Thrust,thrust,,,,,,Maia,,Immortals,high,,,,,,,,,,,Maia,M,,retired,Boardreader,no,no,2026_06_16_retired_immortals,MUME retired immortal list,List current as of 2026-06-16,immortal_2026_06_16_retired_immortals_thrust_744_listed_retired_immortal,candidate,Copied by Lewis. Includes Boardreaders and honorary True Legend entry for Norsu.,immortal,yes,yes,data/evidence/whois_display/html/thrust.html,data/evidence/whois_display/text/thrust.txt,mha:thrust:1781606308:4484aebb,high,0,0,0,,,no,0,,0,,no,no
char_enerdhil,Enerdhil,enerdhil,,,,,,Maia,,Immortals,high,,,,,,,,,,,Maia,M,,retired,Boardreader,no,no,2026_06_16_retired_immortals,MUME retired immortal list,List current as of 2026-06-16,immortal_2026_06_16_retired_immortals_enerdhil_432_listed_retired_immortal,candidate,Copied by Lewis. Includes Boardreaders and honorary True Legend entry for Norsu.,immortal,yes,yes,data/evidence/whois_display/html/enerdhil.html,data/evidence/whois_display/text/enerdhil.txt,mha:enerdhil:1781579245:5435256e,high,0,0,0,,,no,0,,0,,no,no
char_cryhavoc,CryHavoc,cryhavoc,,,,,,Implementor,,Immortals,high,,,,,,,,,,,Implementor,I,,retired,Implementor,no,no,2026_06_16_retired_immortals,MUME retired immortal list,List current as of 2026-06-16,immortal_2026_06_16_retired_immortals_cryhavoc_1_listed_retired_immortal,candidate,Copied by Lewis. Includes Boardreaders and honorary True Legend entry for Norsu.,immortal,yes,yes,data/evidence/whois_display/html/cryhavoc.html,data/evidence/whois_display/text/cryhavoc.txt,mha:cryhavoc:1781578746:b4050d2c,high,0,0,0,,,no,0,,0,,no,no
char_beran,Beran,beran,,,,,,Maia,,Immortals,high,,,,,,,,,,,Maia,M,,retired,Boardreader,no,no,2026_06_16_retired_immortals,MUME retired immortal list,List current as of 2026-06-16,immortal_2026_06_16_retired_immortals_beran_348_listed_retired_immortal,candidate,Copied by Lewis. Includes Boardreaders and honorary True Legend entry for Norsu.,immortal,yes,yes,data/evidence/whois_display/html/beran.html,data/evidence/whois_display/text/beran.txt,mha:beran:1781577920:b0f0aedc,high,0,0,0,,,no,0,,0,,no,no
char_tempuntekijä,Tempuntekijä,tempuntekija,,,,,,Maia,,Immortals,high,Cartographer,Cartographer,Cartographer,high,,,,,,,Maia,M,Cartographer,current,Maia,no,no,2026_06_16_current_immortals,MUME current immortal list,List current as of 2026-06-16,immortal_2026_06_16_current_immortals_tempuntekija_100_listed_current_immortal,candidate,Copied by Lewis. (+m) means the immortal is also a Maiar Muddler / muddle code contributor.,immortal,yes,yes,data/evidence/whois_display/html/tempuntekija.html,data/evidence/whois_display/text/tempuntekija.txt,mha:tempuntekijä:1781606226:d21b50ca,high,9,0,0,comma_name_list:9,Hi; Fin; Glunker; Kuggom; Naukkis; Satanus; Musta; Störmfors; Picard,no,0,,0,,no,yes
char_thorin,Thorin,thorin,,,,,,Vala,,Immortals,high,,,,,,,,,,,Arata,A,,retired,Aratar,no,no,2026_06_16_retired_immortals,MUME retired immortal list,List current as of 2026-06-16,immortal_2026_06_16_retired_immortals_thorin_11_listed_retired_immortal,candidate,Copied by Lewis. Includes Boardreaders and honorary True Legend entry for Norsu.,immortal,yes,yes,data/evidence/whois_display/html/thorin.html,data/evidence/whois_display/text/thorin.txt,mha:thorin:1781606289:0e5ed167,high,0,0,0,,,no,0,,0,,no,no
char_zachariah,Zachariah,zachariah,,,,,,Maia,,Immortals,high,,,,,,,,,,,Maia,M,,retired,Boardreader,no,no,2026_06_16_retired_immortals,MUME retired immortal list,List current as of 2026-06-16,immortal_2026_06_16_retired_immortals_zachariah_790_listed_retired_immortal,candidate,Copied by Lewis. Includes Boardreaders and honorary True Legend entry for Norsu.,immortal,yes,yes,data/evidence/whois_display/html/zachariah.html,data/evidence/whois_display/text/zachariah.txt,mha:zachariah:1781606872:582015b7,high,0,0,0,,,no,0,,0,,no,no
char_pilois,Pilois,pilois,,,,,,Vala,,Immortals,high,Architect,Architect,Architect,high,,,,,,,Vala,V,Architect,current,Vala,no,no,2026_06_16_current_immortals,MUME current immortal list,List current as of 2026-06-16,immortal_2026_06_16_current_immortals_pilois_16_listed_current_immortal,candidate,Copied by Lewis. (+m) means the immortal is also a Maiar Muddler / muddle code contributor.,immortal,yes,yes,data/evidence/whois_display/html/pilois.html,data/evidence/whois_display/text/pilois.txt,mha:pilois:1781605375:877cd8aa,high,0,0,0,,,no,0,,0,,no,no
char_dende,Dende,dende,,,,,,Maia,,Immortals,high,,,,,,,,,,,Maia,M,,retired,Boardreader,no,no,2026_06_16_retired_immortals,MUME retired immortal list,List current as of 2026-06-16,immortal_2026_06_16_retired_immortals_dende_404_listed_retired_immortal,candidate,Copied by Lewis. Includes Boardreaders and honorary True Legend entry for Norsu.,immortal,yes,yes,data/evidence/whois_display/html/dende.html,data/evidence/whois_display/text/dende.txt,mha:dende:1781578873:96b9f540,high,0,0,0,,,no,0,,0,,no,no
char_ozelot,Ozelot,ozelot,,,,,,Maia,,Immortals,high,,,,,,,,,,,Maia,M,,retired,Boardreader,no,no,2026_06_16_retired_immortals,MUME retired immortal list,List current as of 2026-06-16,immortal_2026_06_16_retired_immortals_ozelot_647_listed_retired_immortal,candidate,Copied by Lewis. Includes Boardreaders and honorary True Legend entry for Norsu.,immortal,yes,yes,data/evidence/whois_display/html/ozelot.html,data/evidence/whois_display/text/ozelot.txt,mha:ozelot:1781605281:7286fdf3,high,0,0,0,,,no,0,,0,,no,no
char_kovik,Kovik,kovik,,,,,,Maia,,Immortals,high,,,,,,,,,,,Maia,M,,retired,Boardreader,no,no,2026_06_16_retired_immortals,MUME retired immortal list,List current as of 2026-06-16,immortal_2026_06_16_retired_immortals_kovik_553_listed_retired_immortal,candidate,Copied by Lewis. Includes Boardreaders and honorary True Legend entry for Norsu.,immortal,yes,yes,data/evidence/whois_display/html/kovik.html,data/evidence/whois_display/text/kovik.txt,mha:kovik:1781604158:591722b6,high,0,0,0,,,no,0,,0,,no,no
char_iluvator,Iluvator,iluvator,,,,,,Maia,,Immortals,high,Cartographer,Cartographer,Cartographer,high,,,,,,,Maia,M,Cartographer,retired,Maia,no,no,2026_06_16_retired_immortals,MUME retired immortal list,List current as of 2026-06-16,immortal_2026_06_16_retired_immortals_iluvator_249_listed_retired_immortal,candidate,Copied by Lewis. Includes Boardreaders and honorary True Legend entry for Norsu.,immortal,yes,yes,data/evidence/whois_display/html/iluvator.html,data/evidence/whois_display/text/iluvator.txt,mha:iluvator:1781587102:309fd33e,high,0,0,0,,,no,0,,0,,no,no
char_ciltor,Ciltor,ciltor,,,,,,Maia,,Immortals,high,Wright,Wright,Wright,high,,,,,,,Maia,M,Wright,current,Maia,no,no,2026_06_16_current_immortals,MUME current immortal list,List current as of 2026-06-16,immortal_2026_06_16_current_immortals_ciltor_30_listed_current_immortal,candidate,Copied by Lewis. (+m) means the immortal is also a Maiar Muddler / muddle code contributor.,immortal,yes,yes,data/evidence/whois_display/html/ciltor.html,data/evidence/whois_display/text/ciltor.txt,mha:ciltor:1781578674:34fbbcf7,high,0,0,0,,,no,0,,0,,no,no
char_themys,Themys,themys,,,,,,Maia,,Immortals,high,,,,,,,,,,,Maia,M,,retired,Boardreader,no,no,2026_06_16_retired_immortals,MUME retired immortal list,List current as of 2026-06-16,immortal_2026_06_16_retired_immortals_themys_741_listed_retired_immortal,candidate,Copied by Lewis. Includes Boardreaders and honorary True Legend entry for Norsu.,immortal,yes,yes,data/evidence/whois_display/html/themys.html,data/evidence/whois_display/text/themys.txt,mha:themys:1781606271:9e8635e1,high,0,0,0,,,no,0,,0,,no,no
char_eolung,Eolung,eolung,,,,,,Maia,,Immortals,high,Shaper,Shaper,Shaper,high,,,,,,,Maia,M,Shaper,retired,Maia,no,no,2026_06_16_retired_immortals,MUME retired immortal list,List current as of 2026-06-16,immortal_2026_06_16_retired_immortals_eolung_70_listed_retired_immortal,candidate,Copied by Lewis. Includes Boardreaders and honorary True Legend entry for Norsu.,immortal,yes,yes,data/evidence/whois_display/html/eolung.html,data/evidence/whois_display/text/eolung.txt,mha:eolung:1781579265:2e23edbd,high,0,0,0,,,no,0,,1,medium:1,no,yes
char_idle,Idle,idle,,,,,,Maia,,Immortals,high,,,,,,,,,,,Maia,M,,retired,Boardreader,no,no,2026_06_16_retired_immortals,MUME retired immortal list,List current as of 2026-06-16,immortal_2026_06_16_retired_immortals_idle_510_listed_retired_immortal,candidate,Copied by Lewis. Includes Boardreaders and honorary True Legend entry for Norsu.,immortal,yes,yes,data/evidence/whois_display/html/idle.html,data/evidence/whois_display/text/idle.txt,mha:idle:1781587079:59186f1c,high,0,0,0,,,no,0,,0,,no,no
char_aldor,Aldor,aldor,,,,,,Maia,,Immortals,high,,,,,,,,,,,Maia,M,,retired,Boardreader,no,no,2026_06_16_retired_immortals,MUME retired immortal list,List current as of 2026-06-16,immortal_2026_06_16_retired_immortals_aldor_310_listed_retired_immortal,candidate,Copied by Lewis. Includes Boardreaders and honorary True Legend entry for Norsu.,immortal,yes,yes,data/evidence/whois_display/html/aldor.html,data/evidence/whois_display/text/aldor.txt,mha:aldor:1781576745:24180fe6,high,0,0,0,,,no,0,,0,,no,no
char_teya,Teya,teya,,,,,,Maia,,Immortals,high,,,,,,,,,,,Maia,M,,retired,Boardreader,no,no,2026_06_16_retired_immortals,MUME retired immortal list,List current as of 2026-06-16,immortal_2026_06_16_retired_immortals_teya_740_listed_retired_immortal,candidate,Copied by Lewis. Includes Boardreaders and honorary True Legend entry for Norsu.,immortal,yes,yes,data/evidence/whois_display/html/teya.html,data/evidence/whois_display/text/teya.txt,mha:teya:1781606259:53b01f1d,high,0,0,0,,,no,0,,0,,no,no
char_tessier,Tessier,tessier,,,,,,Maia,,Immortals,high,,,,,,,,,,,Maia,M,,retired,Boardreader,no,no,2026_06_16_retired_immortals,MUME retired immortal list,List current as of 2026-06-16,immortal_2026_06_16_retired_immortals_tessier_739_listed_retired_immortal,candidate,Copied by Lewis. Includes Boardreaders and honorary True Legend entry for Norsu.,immortal,yes,yes,data/evidence/whois_display/html/tessier.html,data/evidence/whois_display/text/tessier.txt,mha:tessier:1781606254:09fcae6d,high,0,0,0,,,no,0,,0,,no,no
char_nakki,Nakki,nakki,,,,,,Maia,,Immortals,high,,,,,,,,,,,Maia,M,,retired,Boardreader,no,no,2026_06_16_retired_immortals,MUME retired immortal list,List current as of 2026-06-16,immortal_2026_06_16_retired_immortals_nakki_615_listed_retired_immortal,candidate,Copied by Lewis. Includes Boardreaders and honorary True Legend entry for Norsu.,immortal,yes,yes,data/evidence/whois_display/html/nakki.html,data/evidence/whois_display/text/nakki.txt,mha:nakki:1781605003:4821973a,high,0,0,0,,,no,0,,0,,no,no
char_ociris,Ociris,ociris,,,,,,Maia,,Immortals,high,,,,,,,,,,,Maia,M,,retired,Boardreader,no,no,2026_06_16_retired_immortals,MUME retired immortal list,List current as of 2026-06-16,immortal_2026_06_16_retired_immortals_ociris_636_listed_retired_immortal,candidate,Copied by Lewis. Includes Boardreaders and honorary True Legend entry for Norsu.,immortal,yes,yes,data/evidence/whois_display/html/ociris.html,data/evidence/whois_display/text/ociris.txt,mha:ociris:1781605192:71a08048,high,0,0,0,,,no,0,,0,,no,no
char_wuji,Wuji,wuji,,,,,,Maia,,Immortals,high,,,,,,,,,,,Maia,M,,retired,Boardreader,no,no,2026_06_16_retired_immortals,MUME retired immortal list,List current as of 2026-06-16,immortal_2026_06_16_retired_immortals_wuji_775_listed_retired_immortal,candidate,Copied by Lewis. Includes Boardreaders and honorary True Legend entry for Norsu.,immortal,yes,yes,data/evidence/whois_display/html/wuji.html,data/evidence/whois_display/text/wuji.txt,mha:wuji:1781606743:a387d8d6,high,0,0,0,,,no,0,,0,,no,no
char_terminator,Terminator,terminator,,,,,,Maia,,Immortals,high,,,,,,,,,,,Maia,M,,retired,Boardreader,no,no,2026_06_16_retired_immortals,MUME retired immortal list,List current as of 2026-06-16,immortal_2026_06_16_retired_immortals_terminator_738_listed_retired_immortal,candidate,Copied by Lewis. Includes Boardreaders and honorary True Legend entry for Norsu.,immortal,yes,yes,data/evidence/whois_display/html/terminator.html,data/evidence/whois_display/text/terminator.txt,mha:terminator:1781606243:1f0ca5c3,high,0,0,0,,,no,0,,0,,no,no
char_ramon,Ramon,ramon,,,,,,Maia,,Immortals,high,,,,,,,,,,,Maia,M,,retired,Boardreader,no,no,2026_06_16_retired_immortals,MUME retired immortal list,List current as of 2026-06-16,immortal_2026_06_16_retired_immortals_ramon_664_listed_retired_immortal,candidate,Copied by Lewis. Includes Boardreaders and honorary True Legend entry for Norsu.,immortal,yes,yes,data/evidence/whois_display/html/ramon.html,data/evidence/whois_display/text/ramon.txt,mha:ramon:1781605461:1ebc1a76,high,0,0,0,,,no,0,,0,,no,no
char_quic,Quic,quic,,,,,,Maia,,Immortals,high,,,,,,,,,,,Maia,M,,retired,Boardreader,no,no,2026_06_16_retired_immortals,MUME retired immortal list,List current as of 2026-06-16,immortal_2026_06_16_retired_immortals_quic_663_listed_retired_immortal,candidate,Copied by Lewis. Includes Boardreaders and honorary True Legend entry for Norsu.,immortal,yes,yes,data/evidence/whois_display/html/quic.html,data/evidence/whois_display/text/quic.txt,mha:quic:1781605430:0d721b19,high,1,1,1,quoted_speaker:1,Quic,no,0,,0,,no,yes
char_orion,Orion,orion,,,,,,Maia,,Immortals,high,Wright,Wright,Wright,high,,,,,,,Maia,M,Wright,retired,Maia,no,no,2026_06_16_retired_immortals,MUME retired immortal list,List current as of 2026-06-16,immortal_2026_06_16_retired_immortals_orion_146_listed_retired_immortal,candidate,Copied by Lewis. Includes Boardreaders and honorary True Legend entry for Norsu.,immortal,yes,yes,data/evidence/whois_display/html/orion.html,data/evidence/whois_display/text/orion.txt,mha:orion:1781605242:95c518bf,high,0,0,0,,,no,0,,0,,no,no
char_ford,Ford,ford,,,,,,Maia,,Immortals,high,,,,,,,,,,,Maia,M,,retired,Boardreader,no,no,2026_06_16_retired_immortals,MUME retired immortal list,List current as of 2026-06-16,immortal_2026_06_16_retired_immortals_ford_461_listed_retired_immortal,candidate,Copied by Lewis. Includes Boardreaders and honorary True Legend entry for Norsu.,immortal,yes,yes,data/evidence/whois_display/html/ford.html,data/evidence/whois_display/text/ford.txt,mha:ford:1781579827:122a1376,high,0,0,0,,,no,0,,0,,no,no
char_karlsburg,Karlsburg,karlsburg,,,,,,Maia,,Immortals,high,Builder,Builder,Builder,high,,,,,,,Maia,M,Builder,retired,Maia,no,no,2026_06_16_retired_immortals,MUME retired immortal list,List current as of 2026-06-16,immortal_2026_06_16_retired_immortals_karlsburg_190_listed_retired_immortal,candidate,Copied by Lewis. Includes Boardreaders and honorary True Legend entry for Norsu.,immortal,yes,yes,data/evidence/whois_display/html/karlsburg.html,data/evidence/whois_display/text/karlsburg.txt,mha:karlsburg:1781603951:85b0a738,high,0,0,0,,,no,0,,0,,no,no
char_tellah,Tellah,tellah,,,,,,Maia,,Immortals,high,,,,,,,,,,,Maia,M,,retired,Boardreader,no,no,2026_06_16_retired_immortals,MUME retired immortal list,List current as of 2026-06-16,immortal_2026_06_16_retired_immortals_tellah_736_listed_retired_immortal,candidate,Copied by Lewis. Includes Boardreaders and honorary True Legend entry for Norsu.,immortal,yes,yes,data/evidence/whois_display/html/tellah.html,data/evidence/whois_display/text/tellah.txt,mha:tellah:1781606215:327614be,high,0,0,0,,,no,0,,0,,no,no
char_karvane,Karvane,karvane,,,,,,Maia,,Immortals,high,,,,,,,,,,,Maia,M,,retired,Boardreader,no,no,2026_06_16_retired_immortals,MUME retired immortal list,List current as of 2026-06-16,immortal_2026_06_16_retired_immortals_karvane_532_listed_retired_immortal,candidate,Copied by Lewis. Includes Boardreaders and honorary True Legend entry for Norsu.,immortal,yes,yes,data/evidence/whois_display/html/karvane.html,data/evidence/whois_display/text/karvane.txt,mha:karvane:1781603967:3b9b173e,high,0,0,0,,,no,0,,0,,no,no
char_arina,Arina,arina,,,,,,Maia,,Immortals,high,,,,,,,,,,,Maia,M,,retired,Boardreader,no,no,2026_06_16_retired_immortals,MUME retired immortal list,List current as of 2026-06-16,immortal_2026_06_16_retired_immortals_arina_327_listed_retired_immortal,candidate,Copied by Lewis. Includes Boardreaders and honorary True Legend entry for Norsu.,immortal,yes,yes,data/evidence/whois_display/html/arina.html,data/evidence/whois_display/text/arina.txt,mha:arina:1781577677:a93f7af5,high,1,0,0,quoted_speaker:1,Buri,no,0,,0,,no,yes
char_ankamon,Ankamon,ankamon,,,,,,Maia,,Immortals,high,,,,,,,,,,,Maia,M,,retired,Boardreader,no,no,2026_06_16_retired_immortals,MUME retired immortal list,List current as of 2026-06-16,immortal_2026_06_16_retired_immortals_ankamon_320_listed_retired_immortal,candidate,Copied by Lewis. Includes Boardreaders and honorary True Legend entry for Norsu.,immortal,yes,yes,data/evidence/whois_display/html/ankamon.html,data/evidence/whois_display/text/ankamon.txt,mha:ankamon:1781577533:088328e1,high,0,0,0,,,no,0,,0,,no,no
char_thuzzle,Thuzzle,thuzzle,,,,,,Vala,,Immortals,high,Mudller,Mudller,Mudller,high,,,,,,,Vala,V,Mudller,retired,Vala,no,no,2026_06_16_retired_immortals,MUME retired immortal list,List current as of 2026-06-16,immortal_2026_06_16_retired_immortals_thuzzle_35_listed_retired_immortal,candidate,Copied by Lewis. Includes Boardreaders and honorary True Legend entry for Norsu.,immortal,yes,yes,data/evidence/whois_display/html/thuzzle.html,data/evidence/whois_display/text/thuzzle.txt,mha:thuzzle:1781606319:e4762490,high,0,0,0,,,no,0,,0,,no,no
char_octavia,Octavia,octavia,,,,,,Maia,,Immortals,high,Cartographer,Cartographer,Cartographer,high,,,,,,,Maia,M,Cartographer,current,Maia,no,no,2026_06_16_current_immortals,MUME current immortal list,List current as of 2026-06-16,immortal_2026_06_16_current_immortals_octavia_85_listed_current_immortal,candidate,Copied by Lewis. (+m) means the immortal is also a Maiar Muddler / muddle code contributor.,immortal,yes,yes,data/evidence/whois_display/html/octavia.html,data/evidence/whois_display/text/octavia.txt,mha:octavia:1781605197:b991c7f6,high,0,0,0,,,no,0,,0,,no,no
char_tavares,Tavares,tavares,,,,,,Maia,,Immortals,high,Cartographer,Cartographer,Cartographer,high,,,,,,,Maia,M,Cartographer,current,Maia,no,no,2026_06_16_current_immortals,MUME current immortal list,List current as of 2026-06-16,immortal_2026_06_16_current_immortals_tavares_99_listed_current_immortal,candidate,Copied by Lewis. (+m) means the immortal is also a Maiar Muddler / muddle code contributor.,immortal,yes,yes,data/evidence/whois_display/html/tavares.html,data/evidence/whois_display/text/tavares.txt,mha:tavares:1781606198:2fbabcd9,high,0,0,0,,,no,0,,0,,no,no
char_tarnas,Tarnas,tarnas,,,,,,Maia,,Immortals,high,Cartographer,Cartographer,Cartographer,high,,,,,,,Maia,M,Cartographer,retired,Maia,no,no,2026_06_16_retired_immortals,MUME retired immortal list,List current as of 2026-06-16,immortal_2026_06_16_retired_immortals_tarnas_282_listed_retired_immortal,candidate,Copied by Lewis. Includes Boardreaders and honorary True Legend entry for Norsu.,immortal,yes,yes,data/evidence/whois_display/html/tarnas.html,data/evidence/whois_display/text/tarnas.txt,mha:tarnas:1781606192:122bd66c,high,0,0,0,,,no,0,,0,,no,no
char_huan,Huan,huan,,,,,,Maia,,Immortals,high,,,,,,,,,,,Maia,M,,retired,Boardreader,no,no,2026_06_16_retired_immortals,MUME retired immortal list,List current as of 2026-06-16,immortal_2026_06_16_retired_immortals_huan_505_listed_retired_immortal,candidate,Copied by Lewis. Includes Boardreaders and honorary True Legend entry for Norsu.,immortal,yes,yes,data/evidence/whois_display/html/huan.html,data/evidence/whois_display/text/huan.txt,mha:huan:1781587046:830ccdd0,high,0,0,0,,,no,0,,0,,no,no
char_kone,Kone,kone,,,,,,Maia,,Immortals,high,,,,,,,,,,,Maia,M,,retired,Boardreader,no,no,2026_06_16_retired_immortals,MUME retired immortal list,List current as of 2026-06-16,immortal_2026_06_16_retired_immortals_kone_552_listed_retired_immortal,candidate,Copied by Lewis. Includes Boardreaders and honorary True Legend entry for Norsu.,immortal,yes,yes,data/evidence/whois_display/html/kone.html,data/evidence/whois_display/text/kone.txt,mha:kone:1781604140:ae843321,high,0,0,0,,,no,0,,0,,no,no
char_lone,Lone,lone,,,,,,Maia,,Immortals,high,Wright,Wright,Wright,high,,,,,,,Maia,M,Wright,retired,Maia,no,no,2026_06_16_retired_immortals,MUME retired immortal list,List current as of 2026-06-16,immortal_2026_06_16_retired_immortals_lone_131_listed_retired_immortal,candidate,Copied by Lewis. Includes Boardreaders and honorary True Legend entry for Norsu.,immortal,yes,yes,data/evidence/whois_display/html/lone.html,data/evidence/whois_display/text/lone.txt,mha:lone:1781604431:2e5030d6,high,0,0,0,,,no,0,,0,,no,no
char_cedrim,Cedrim,cedrim,,,,,,Maia,,Immortals,high,,,,,,,,,,,Maia,M,,retired,Boardreader,no,no,2026_06_16_retired_immortals,MUME retired immortal list,List current as of 2026-06-16,immortal_2026_06_16_retired_immortals_cedrim_372_listed_retired_immortal,candidate,Copied by Lewis. Includes Boardreaders and honorary True Legend entry for Norsu.,immortal,yes,yes,data/evidence/whois_display/html/cedrim.html,data/evidence/whois_display/text/cedrim.txt,mha:cedrim:1781578597:ef81e474,high,7,0,0,comma_name_list:7,Alador; Elenir; Falowen; Gielgud; Isyrion; Kheram; Lamry,no,0,,0,,no,yes
char_tanith,Tanith,tanith,,,,,,Maia,,Immortals,high,,,,,,,,,,,Maia,M,,retired,Boardreader,no,no,2026_06_16_retired_immortals,MUME retired immortal list,List current as of 2026-06-16,immortal_2026_06_16_retired_immortals_tanith_733_listed_retired_immortal,candidate,Copied by Lewis. Includes Boardreaders and honorary True Legend entry for Norsu.,immortal,yes,yes,data/evidence/whois_display/html/tanith.html,data/evidence/whois_display/text/tanith.txt,mha:tanith:1781606185:c42722df,high,0,0,0,,,no,0,,0,,no,no
char_souls,Souls,souls,,,,,,Maia,,Immortals,high,Cartographer,Cartographer,Cartographer,high,,,,,,,Maia,M,Cartographer,,,,,,,,,,,immortal,yes,yes,data/evidence/whois_display/html/souls.html,data/evidence/whois_display/text/souls.txt,mha:durmegil:1781578999:8fb2250f,high,0,0,0,,,no,0,,0,,no,no
char_lospe,Lospe,lospe,,,,,,Maia,,Immortals,high,,,,,,,,,,,Maia,M,,retired,Boardreader,no,no,2026_06_16_retired_immortals,MUME retired immortal list,List current as of 2026-06-16,immortal_2026_06_16_retired_immortals_lospe_579_listed_retired_immortal,candidate,Copied by Lewis. Includes Boardreaders and honorary True Legend entry for Norsu.,immortal,yes,yes,data/evidence/whois_display/html/lospe.html,data/evidence/whois_display/text/lospe.txt,mha:lospe:1781604467:12f907ef,high,0,0,0,,,no,0,,0,,no,no
char_tamerlane,Tamerlane,tamerlane,,,,,,Maia,,Immortals,high,,,,,,,,,,,Maia,M,,retired,Boardreader,no,no,2026_06_16_retired_immortals,MUME retired immortal list,List current as of 2026-06-16,immortal_2026_06_16_retired_immortals_tamerlane_732_listed_retired_immortal,candidate,Copied by Lewis. Includes Boardreaders and honorary True Legend entry for Norsu.,immortal,yes,yes,data/evidence/whois_display/html/tamerlane.html,data/evidence/whois_display/text/tamerlane.txt,mha:tamerlane:1781606178:e5deb40e,high,0,0,0,,,no,0,,0,,no,no
char_staer,Staer,staer,,,,,,Vala,,Immortals,high,,,,,,,,,,,Arata,A,,retired,Aratar,no,no,2026_06_16_retired_immortals,MUME retired immortal list,List current as of 2026-06-16,immortal_2026_06_16_retired_immortals_staer_9_listed_retired_immortal,candidate,Copied by Lewis. Includes Boardreaders and honorary True Legend entry for Norsu.,immortal,yes,yes,data/evidence/whois_display/html/staer.html,data/evidence/whois_display/text/staer.txt,mha:staer:1781606073:f9a8455b,high,0,0,0,,,no,0,,0,,no,no
char_talen,Talen,talen,,,,,,Maia,,Immortals,high,,,,,,,,,,,Maia,M,,retired,Boardreader,no,no,2026_06_16_retired_immortals,MUME retired immortal list,List current as of 2026-06-16,immortal_2026_06_16_retired_immortals_talen_731_listed_retired_immortal,candidate,Copied by Lewis. Includes Boardreaders and honorary True Legend entry for Norsu.,immortal,yes,yes,data/evidence/whois_display/html/talen.html,data/evidence/whois_display/text/talen.txt,mha:talen:1781606158:bb8dd2cd,high,0,0,0,,,no,0,,0,,no,no
char_tadej,Tadej,tadej,,,,,,Maia,,Immortals,high,,,,,,,,,,,Maia,M,,retired,Boardreader,no,no,2026_06_16_retired_immortals,MUME retired immortal list,List current as of 2026-06-16,immortal_2026_06_16_retired_immortals_tadej_730_listed_retired_immortal,candidate,Copied by Lewis. Includes Boardreaders and honorary True Legend entry for Norsu.,immortal,yes,yes,data/evidence/whois_display/html/tadej.html,data/evidence/whois_display/text/tadej.txt,mha:tadej:1781606151:b7b54edc,high,0,0,0,,,no,0,,0,,no,no
char_becha,Becha,becha,,,,,,Maia,,Immortals,high,Cartographer,Cartographer,Cartographer,high,,,,,,,Maia,M,Cartographer,retired,Maia,no,no,2026_06_16_retired_immortals,MUME retired immortal list,List current as of 2026-06-16,immortal_2026_06_16_retired_immortals_becha_214_listed_retired_immortal,candidate,Copied by Lewis. Includes Boardreaders and honorary True Legend entry for Norsu.,immortal,yes,yes,data/evidence/whois_display/html/becha.html,data/evidence/whois_display/text/becha.txt,mha:becha:1781577876:44f1d72b,high,0,0,0,,,no,0,,0,,no,no
char_raudkael,Raudkael,raudkael,,,,,,Maia,,Immortals,high,,,,,,,,,,,Maia,M,,retired,Boardreader,no,no,2026_06_16_retired_immortals,MUME retired immortal list,List current as of 2026-06-16,immortal_2026_06_16_retired_immortals_raudkael_667_listed_retired_immortal,candidate,Copied by Lewis. Includes Boardreaders and honorary True Legend entry for Norsu.,immortal,yes,yes,data/evidence/whois_display/html/raudkael.html,data/evidence/whois_display/text/raudkael.txt,mha:raudkael:1781605501:42924d08,high,0,0,0,,,no,0,,0,,no,no
char_harco,Harco,harco,,,,,,Maia,,Immortals,high,,,,,,,,,,,Maia,M,,retired,Boardreader,no,no,2026_06_16_retired_immortals,MUME retired immortal list,List current as of 2026-06-16,immortal_2026_06_16_retired_immortals_harco_497_listed_retired_immortal,candidate,Copied by Lewis. Includes Boardreaders and honorary True Legend entry for Norsu.,immortal,yes,yes,data/evidence/whois_display/html/harco.html,data/evidence/whois_display/text/harco.txt,mha:harco:1781586185:35a75200,high,0,0,0,,,no,0,,0,,no,no
char_smalls,Smalls,smalls,,,,,,Maia,,Immortals,high,Cartographer,Cartographer,Cartographer,high,,,,,,,Maia,M,Cartographer,retired,Maia,no,no,2026_06_16_retired_immortals,MUME retired immortal list,List current as of 2026-06-16,immortal_2026_06_16_retired_immortals_smalls_278_listed_retired_immortal,candidate,Copied by Lewis. Includes Boardreaders and honorary True Legend entry for Norsu.,immortal,yes,yes,data/evidence/whois_display/html/smalls.html,data/evidence/whois_display/text/smalls.txt,mha:smalls:1781605976:14432141,high,0,0,0,,,no,0,,0,,no,no
char_sum,Sum,sum,,,,,,Maia,,Immortals,high,Cartographer,Cartographer,Cartographer,high,,,,,,,Maia,M,Cartographer,retired,Maia,no,no,2026_06_16_retired_immortals,MUME retired immortal list,List current as of 2026-06-16,immortal_2026_06_16_retired_immortals_sum_279_listed_retired_immortal,candidate,Copied by Lewis. Includes Boardreaders and honorary True Legend entry for Norsu.,immortal,yes,yes,data/evidence/whois_display/html/sum.html,data/evidence/whois_display/text/sum.txt,mha:sum:1781606117:9de5b9cd,high,0,0,0,,,no,0,,0,,no,no
char_firm,firm,firm,,,,,,Maia,,Immortals,high,,,,,,,,,,,Maia,M,,,,,,,,,,,,immortal,yes,yes,data/evidence/whois_display/html/firm.html,data/evidence/whois_display/text/firm.txt,mha:betsy:1781577947:8f4c55b9,high,0,0,0,,,no,0,,0,,no,no
char_katje,Katje,katje,,,,,,Maia,,Immortals,high,Wright,Wright,Wright,high,,,,,,,Maia,M,Wright,current,Maia,no,no,2026_06_16_current_immortals,MUME current immortal list,List current as of 2026-06-16,immortal_2026_06_16_current_immortals_katje_39_listed_current_immortal,candidate,Copied by Lewis. (+m) means the immortal is also a Maiar Muddler / muddle code contributor.,immortal,yes,yes,data/evidence/whois_display/html/katje.html,data/evidence/whois_display/text/katje.txt,mha:katje:1781603972:2edd925f,high,0,0,0,,,no,0,,0,,no,no
char_cardin,Cardin,cardin,,,,,,Maia,,Immortals,high,Wright,Wright,Wright,high,,,,,,,Maia,M,Wright,retired,Maia,no,no,2026_06_16_retired_immortals,MUME retired immortal list,List current as of 2026-06-16,immortal_2026_06_16_retired_immortals_cardin_90_listed_retired_immortal,candidate,Copied by Lewis. Includes Boardreaders and honorary True Legend entry for Norsu.,immortal,yes,yes,data/evidence/whois_display/html/cardin.html,data/evidence/whois_display/text/cardin.txt,mha:cardin:1781578580:056ac69a,high,0,0,0,,,no,0,,0,,no,no
char_laris,Laris,laris,,,,,,Maia,,Immortals,high,,,,,,,,,,,Maia,M,,retired,Boardreader,no,no,2026_06_16_retired_immortals,MUME retired immortal list,List current as of 2026-06-16,immortal_2026_06_16_retired_immortals_laris_561_listed_retired_immortal,candidate,Copied by Lewis. Includes Boardreaders and honorary True Legend entry for Norsu.,immortal,yes,yes,data/evidence/whois_display/html/laris.html,data/evidence/whois_display/text/laris.txt,mha:laris:1781604265:73360a55,high,7,1,1,comma_name_list:7,Asher; Shogroth; Mogral; Caolin; Dradoc; Diven; Gol,no,0,,0,,no,yes
char_stryker,Stryker,stryker,,,,,,Maia,,Immortals,high,,,,,,,,,,,Maia,M,,retired,Boardreader,no,no,2026_06_16_retired_immortals,MUME retired immortal list,List current as of 2026-06-16,immortal_2026_06_16_retired_immortals_stryker_729_listed_retired_immortal,candidate,Copied by Lewis. Includes Boardreaders and honorary True Legend entry for Norsu.,immortal,yes,yes,data/evidence/whois_display/html/stryker.html,data/evidence/whois_display/text/stryker.txt,mha:stryker:1781606106:db2a082c,high,0,0,0,,,no,0,,0,,no,no
char_ceeris,Ceeris,ceeris,,,,,,Maia,,Immortals,high,,,,,,,,,,,Maia,M,,retired,Boardreader,no,no,2026_06_16_retired_immortals,MUME retired immortal list,List current as of 2026-06-16,immortal_2026_06_16_retired_immortals_ceeris_373_listed_retired_immortal,candidate,Copied by Lewis. Includes Boardreaders and honorary True Legend entry for Norsu.,immortal,yes,yes,data/evidence/whois_display/html/ceeris.html,data/evidence/whois_display/text/ceeris.txt,mha:ceeris:1781578602:9bce40bd,high,0,0,0,,,no,0,,0,,no,no
char_stranger,Stranger,stranger,,,,,,Maia,,Immortals,high,,,,,,,,,,,Maia,M,,retired,Boardreader,no,no,2026_06_16_retired_immortals,MUME retired immortal list,List current as of 2026-06-16,immortal_2026_06_16_retired_immortals_stranger_728_listed_retired_immortal,candidate,Copied by Lewis. Includes Boardreaders and honorary True Legend entry for Norsu.,immortal,yes,yes,data/evidence/whois_display/html/stranger.html,data/evidence/whois_display/text/stranger.txt,mha:stranger:1781606101:cfbf4502,high,0,0,0,,,no,0,,0,,no,no
char_nom,Nom,nom,,,,,,Maia,,Immortals,high,Builder,Builder,Builder,high,,,,,,,Maia,M,Builder,retired,Maia,no,no,2026_06_16_retired_immortals,MUME retired immortal list,List current as of 2026-06-16,immortal_2026_06_16_retired_immortals_nom_194_listed_retired_immortal,candidate,Copied by Lewis. Includes Boardreaders and honorary True Legend entry for Norsu.,immortal,yes,yes,data/evidence/whois_display/html/nom.html,data/evidence/whois_display/text/nom.txt,mha:nom:1781605120:a9ede486,high,0,0,0,,,no,0,,0,,no,no
char_stimpy,Stimpy,stimpy,,,,,,Maia,,Immortals,high,Wright,Wright,Wright,high,,,,,,,Maia,M,Wright,retired,Maia,no,no,2026_06_16_retired_immortals,MUME retired immortal list,List current as of 2026-06-16,immortal_2026_06_16_retired_immortals_stimpy_157_listed_retired_immortal,candidate,Copied by Lewis. Includes Boardreaders and honorary True Legend entry for Norsu.,immortal,yes,yes,data/evidence/whois_display/html/stimpy.html,data/evidence/whois_display/text/stimpy.txt,mha:stimpy:1781606095:f664acca,high,0,0,0,,,no,0,,0,,no,no
char_niccolo,Niccolo,niccolo,,,,,,Maia,,Immortals,high,Cartographer,Cartographer,Cartographer,high,,,,,,,Maia,M,Cartographer,retired,Maia,no,no,2026_06_16_retired_immortals,MUME retired immortal list,List current as of 2026-06-16,immortal_2026_06_16_retired_immortals_niccolo_266_listed_retired_immortal,candidate,Copied by Lewis. Includes Boardreaders and honorary True Legend entry for Norsu.,immortal,yes,yes,data/evidence/whois_display/html/niccolo.html,data/evidence/whois_display/text/niccolo.txt,mha:niccolo:1781605070:789cf049,high,0,0,0,,,no,0,,0,,no,no
char_urso,Urso,urso,,,,,,Maia,,Immortals,high,,,,,,,,,,,Maia,M,,retired,Boardreader,no,no,2026_06_16_retired_immortals,MUME retired immortal list,List current as of 2026-06-16,immortal_2026_06_16_retired_immortals_urso_759_listed_retired_immortal,candidate,Copied by Lewis. Includes Boardreaders and honorary True Legend entry for Norsu.,immortal,yes,yes,data/evidence/whois_display/html/urso.html,data/evidence/whois_display/text/urso.txt,mha:urso:1781606510:91a83ce4,high,0,0,0,,,no,0,,1,low:1,no,yes
char_muumi,Muumi,muumi,,,,,,Maia,,Immortals,high,,,,,,,,,,,Maia,M,,retired,Boardreader,no,no,2026_06_16_retired_immortals,MUME retired immortal list,List current as of 2026-06-16,immortal_2026_06_16_retired_immortals_muumi_612_listed_retired_immortal,candidate,Copied by Lewis. Includes Boardreaders and honorary True Legend entry for Norsu.,immortal,yes,yes,data/evidence/whois_display/html/muumi.html,data/evidence/whois_display/text/muumi.txt,mha:muumi:1781604970:40f9e6d6,high,0,0,0,,,no,0,,0,,no,no
char_tamar,Tamar,tamar,,,,,,Maia,,Immortals,high,Cartographer,Cartographer,Cartographer,high,,,,,,,Maia,M,Cartographer,current,Maia,no,no,2026_06_16_current_immortals,MUME current immortal list,List current as of 2026-06-16,immortal_2026_06_16_current_immortals_tamar_98_listed_current_immortal,candidate,Copied by Lewis. (+m) means the immortal is also a Maiar Muddler / muddle code contributor.,immortal,yes,yes,data/evidence/whois_display/html/tamar.html,data/evidence/whois_display/text/tamar.txt,mha:tamar:1781606172:ccdbd00b,high,0,0,0,,,no,0,,0,,no,no
char_sarinda,Sarinda,sarinda,,,,,,Maia,,Immortals,high,Wright,Wright,Wright,high,,,,,,,Maia,M,Wright,current,Maia,no,no,2026_06_16_current_immortals,MUME current immortal list,List current as of 2026-06-16,immortal_2026_06_16_current_immortals_sarinda_45_listed_current_immortal,candidate,Copied by Lewis. (+m) means the immortal is also a Maiar Muddler / muddle code contributor.,immortal,yes,yes,data/evidence/whois_display/html/sarinda.html,data/evidence/whois_display/text/sarinda.txt,mha:sarinda:1781605757:6f172528,high,0,0,0,,,yes,1,22.0,0,,no,no
char_stadi,Stadi,stadi,,,,,,Maia,,Immortals,high,,,,,,,,,,,Maia,M,,retired,Boardreader,no,no,2026_06_16_retired_immortals,MUME retired immortal list,List current as of 2026-06-16,immortal_2026_06_16_retired_immortals_stadi_724_listed_retired_immortal,candidate,Copied by Lewis. Includes Boardreaders and honorary True Legend entry for Norsu.,immortal,yes,yes,data/evidence/whois_display/html/stadi.html,data/evidence/whois_display/text/stadi.txt,mha:stadi:1781606067:6bbcc905,high,0,0,0,,,no,0,,0,,no,no
char_someone,Someone,someone,,,,,,Maia,,Immortals,high,,,,,,,,,,,Maia,M,,retired,Boardreader,no,no,2026_06_16_retired_immortals,MUME retired immortal list,List current as of 2026-06-16,immortal_2026_06_16_retired_immortals_someone_720_listed_retired_immortal,candidate,Copied by Lewis. Includes Boardreaders and honorary True Legend entry for Norsu.,immortal,yes,yes,data/evidence/whois_display/html/someone.html,data/evidence/whois_display/text/someone.txt,mha:someone:1781606031:e31f6d1e,high,0,0,0,,,no,0,,0,,no,no
char_gandalug,Gandalug,gandalug,,,,,,Maia,,Immortals,high,,,,,,,,,,,Maia,M,,retired,Boardreader,no,no,2026_06_16_retired_immortals,MUME retired immortal list,List current as of 2026-06-16,immortal_2026_06_16_retired_immortals_gandalug_469_listed_retired_immortal,candidate,Copied by Lewis. Includes Boardreaders and honorary True Legend entry for Norsu.,immortal,yes,yes,data/evidence/whois_display/html/gandalug.html,data/evidence/whois_display/text/gandalug.txt,mha:gandalug:1781579927:1f581ede,high,0,0,0,,,no,0,,0,,no,no
char_húrin,Húrin,hurin,,,,,,Maia,,Immortals,high,,,,,,,,,,,Maia,M,,retired,Boardreader,no,no,2026_06_16_retired_immortals,MUME retired immortal list,List current as of 2026-06-16,immortal_2026_06_16_retired_immortals_hurin_508_listed_retired_immortal,candidate,Copied by Lewis. Includes Boardreaders and honorary True Legend entry for Norsu.,immortal,yes,yes,data/evidence/whois_display/html/hurin.html,data/evidence/whois_display/text/hurin.txt,mha:húrin:1781587073:d61ccb07,high,0,0,0,,,no,0,,0,,no,no
char_rangga,Rangga,rangga,,,,,,Maia,,Immortals,high,,,,,,,,,,,Maia,M,,retired,Boardreader,no,no,2026_06_16_retired_immortals,MUME retired immortal list,List current as of 2026-06-16,immortal_2026_06_16_retired_immortals_rangga_665_listed_retired_immortal,candidate,Copied by Lewis. Includes Boardreaders and honorary True Legend entry for Norsu.,immortal,yes,yes,data/evidence/whois_display/html/rangga.html,data/evidence/whois_display/text/rangga.txt,mha:rangga:1781605473:312a4dd8,high,0,0,0,,,no,0,,0,,no,no
char_hanse,Hanse,hanse,,,,,,Maia,,Immortals,high,Cartographer,Cartographer,Cartographer,high,,,,,,,Maia,M,Cartographer,retired,Maia,no,no,2026_06_16_retired_immortals,MUME retired immortal list,List current as of 2026-06-16,immortal_2026_06_16_retired_immortals_hanse_246_listed_retired_immortal,candidate,Copied by Lewis. Includes Boardreaders and honorary True Legend entry for Norsu.,immortal,yes,yes,data/evidence/whois_display/html/hanse.html,data/evidence/whois_display/text/hanse.txt,mha:hanse:1781586174:d71d167c,high,0,0,0,,,no,0,,0,,no,no
char_opus,Opus,opus,,,,,,Maia,,Immortals,high,,,,,,,,,,,Maia,M,,retired,Boardreader,no,no,2026_06_16_retired_immortals,MUME retired immortal list,List current as of 2026-06-16,immortal_2026_06_16_retired_immortals_opus_640_listed_retired_immortal,candidate,Copied by Lewis. Includes Boardreaders and honorary True Legend entry for Norsu.,immortal,yes,yes,data/evidence/whois_display/html/opus.html,data/evidence/whois_display/text/opus.txt,mha:opus:1781605230:4271b5e3,high,0,0,0,,,no,0,,0,,no,no
char_covah,Covah,covah,,,,,,Maia,,Immortals,high,,,,,,,,,,,Maia,M,,retired,Boardreader,no,no,2026_06_16_retired_immortals,MUME retired immortal list,List current as of 2026-06-16,immortal_2026_06_16_retired_immortals_covah_385_listed_retired_immortal,candidate,Copied by Lewis. Includes Boardreaders and honorary True Legend entry for Norsu.,immortal,yes,yes,data/evidence/whois_display/html/covah.html,data/evidence/whois_display/text/covah.txt,mha:covah:1781578718:cda8fa2c,high,0,0,0,,,no,0,,0,,no,no
char_snow,Snow,snow,,,,,,Maia,,Immortals,high,Wright,Wright,Wright,high,,,,,,,Maia,M,Wright,retired,Maia,no,no,2026_06_16_retired_immortals,MUME retired immortal list,List current as of 2026-06-16,immortal_2026_06_16_retired_immortals_snow_156_listed_retired_immortal,candidate,Copied by Lewis. Includes Boardreaders and honorary True Legend entry for Norsu.,immortal,yes,yes,data/evidence/whois_display/html/snow.html,data/evidence/whois_display/text/snow.txt,mha:snow:1781606008:9d5110dc,high,0,0,0,,,no,0,,0,,no,no
char_snom,Snom,snom,,,,,,Maia,,Immortals,high,,,,,,,,,,,Maia,M,,retired,Boardreader,no,no,2026_06_16_retired_immortals,MUME retired immortal list,List current as of 2026-06-16,immortal_2026_06_16_retired_immortals_snom_719_listed_retired_immortal,candidate,Copied by Lewis. Includes Boardreaders and honorary True Legend entry for Norsu.,immortal,yes,yes,data/evidence/whois_display/html/snom.html,data/evidence/whois_display/text/snom.txt,mha:snom:1781606002:12127824,high,0,0,0,,,no,0,,0,,no,no
char_tlb,TLB,tlb,,,,,,Maia,,Immortals,high,,,,,,,,,,,Maia,M,,retired,Boardreader,no,no,2026_06_16_retired_immortals,MUME retired immortal list,List current as of 2026-06-16,immortal_2026_06_16_retired_immortals_tlb_749_listed_retired_immortal,candidate,Copied by Lewis. Includes Boardreaders and honorary True Legend entry for Norsu.,immortal,yes,yes,data/evidence/whois_display/html/tlb.html,data/evidence/whois_display/text/tlb.txt,mha:tlb:1781606375:341fe3c1,high,0,0,0,,,no,0,,0,,no,no
char_smiling,Smiling,smiling,,,,,,Maia,,Immortals,high,,,,,,,,,,,Maia,M,,retired,Boardreader,no,no,2026_06_16_retired_immortals,MUME retired immortal list,List current as of 2026-06-16,immortal_2026_06_16_retired_immortals_smiling_716_listed_retired_immortal,candidate,Copied by Lewis. Includes Boardreaders and honorary True Legend entry for Norsu.,immortal,yes,yes,data/evidence/whois_display/html/smiling.html,data/evidence/whois_display/text/smiling.txt,mha:smiling:1781605982:18257a8a,high,0,0,0,,,no,0,,0,,no,no
char_sung,Sung,sung,,,,,,Vala,,Immortals,high,,,,,,,,,,,Arata,A,,retired,Aratar,no,no,2026_06_16_retired_immortals,MUME retired immortal list,List current as of 2026-06-16,immortal_2026_06_16_retired_immortals_sung_10_listed_retired_immortal,candidate,Copied by Lewis. Includes Boardreaders and honorary True Legend entry for Norsu.,immortal,yes,yes,data/evidence/whois_display/html/sung.html,data/evidence/whois_display/text/sung.txt,mha:sung:1781606123:2a7d9f0d,high,0,0,0,,,no,0,,0,,no,no
char_sledgehammer,SledgeHammer,sledgehammer,,,,,,Maia,,Immortals,high,,,,,,,,,,,Maia,M,,retired,Boardreader,no,no,2026_06_16_retired_immortals,MUME retired immortal list,List current as of 2026-06-16,immortal_2026_06_16_retired_immortals_sledgehammer_715_listed_retired_immortal,candidate,Copied by Lewis. Includes Boardreaders and honorary True Legend entry for Norsu.,immortal,yes,yes,data/evidence/whois_display/html/sledgehammer.html,data/evidence/whois_display/text/sledgehammer.txt,mha:sledgehammer:1781605970:8a527be4,high,0,0,0,,,no,0,,0,,no,no
char_slash,Slash,slash,,,,,,Maia,,Immortals,high,,,,,,,,,,,Maia,M,,retired,Boardreader,no,no,2026_06_16_retired_immortals,MUME retired immortal list,List current as of 2026-06-16,immortal_2026_06_16_retired_immortals_slash_714_listed_retired_immortal,candidate,Copied by Lewis. Includes Boardreaders and honorary True Legend entry for Norsu.,immortal,yes,yes,data/evidence/whois_display/html/slash.html,data/evidence/whois_display/text/slash.txt,mha:slash:1781605964:18333eed,high,0,0,0,,,no,0,,0,,no,no
char_lancot,Lancot,lancot,,,,,,Maia,,Immortals,high,,,,,,,,,,,Maia,M,,retired,Boardreader,no,no,2026_06_16_retired_immortals,MUME retired immortal list,List current as of 2026-06-16,immortal_2026_06_16_retired_immortals_lancot_559_listed_retired_immortal,candidate,Copied by Lewis. Includes Boardreaders and honorary True Legend entry for Norsu.,immortal,yes,yes,data/evidence/whois_display/html/lancot.html,data/evidence/whois_display/text/lancot.txt,mha:lancot:1781604248:21126046,high,0,0,0,,,no,0,,0,,no,no
char_heigo,Heigo,heigo,,,,,,Maia,,Immortals,high,,,,,,,,,,,Maia,M,,retired,Boardreader,no,no,2026_06_16_retired_immortals,MUME retired immortal list,List current as of 2026-06-16,immortal_2026_06_16_retired_immortals_heigo_498_listed_retired_immortal,candidate,Copied by Lewis. Includes Boardreaders and honorary True Legend entry for Norsu.,immortal,yes,yes,data/evidence/whois_display/html/heigo.html,data/evidence/whois_display/text/heigo.txt,mha:heigo:1781586191:637dd9fe,high,6,0,0,comma_name_list:6,Ambaal; Greolta; Radikas; Krae; Mutabor; Zigurun,no,0,,0,,no,yes
char_kruel,Kruel,kruel,,,,,,Maia,,Immortals,high,,,,,,,,,,,Maia,M,,retired,Boardreader,no,no,2026_06_16_retired_immortals,MUME retired immortal list,List current as of 2026-06-16,immortal_2026_06_16_retired_immortals_kruel_557_listed_retired_immortal,candidate,Copied by Lewis. Includes Boardreaders and honorary True Legend entry for Norsu.,immortal,yes,yes,data/evidence/whois_display/html/kruel.html,data/evidence/whois_display/text/kruel.txt,mha:kruel:1781604215:3ab8c55f,high,31,1,1,comma_name_list:31,Berbec; Bruslea; Celdinumbra; Count; Danzig; Gorin; Kratos; Lingura; Magog; Mormoth; Nicotin; Nou,yes,1,41.5,0,,no,yes
char_caerroil,Caerroil,caerroil,,,,,,Maia,,Immortals,high,Cartographer,Cartographer,Cartographer,high,,,,,,,Maia,M,Cartographer,retired,Maia,no,no,2026_06_16_retired_immortals,MUME retired immortal list,List current as of 2026-06-16,immortal_2026_06_16_retired_immortals_caerroil_217_listed_retired_immortal,candidate,Copied by Lewis. Includes Boardreaders and honorary True Legend entry for Norsu.,immortal,yes,yes,data/evidence/whois_display/html/caerroil.html,data/evidence/whois_display/text/caerroil.txt,mha:caerroil:1781578525:d597dd20,high,0,0,0,,,no,0,,0,,no,no
char_yorick,Yorick,yorick,,,,,,Vala,,Immortals,high,Mudller,Mudller,Mudller,high,,,,,,,Vala,V,Mudller,retired,Vala,no,no,2026_06_16_retired_immortals,MUME retired immortal list,List current as of 2026-06-16,immortal_2026_06_16_retired_immortals_yorick_40_listed_retired_immortal,candidate,Copied by Lewis. Includes Boardreaders and honorary True Legend entry for Norsu.,immortal,yes,yes,data/evidence/whois_display/html/yorick.html,data/evidence/whois_display/text/yorick.txt,mha:yorick:1781606850:7c219610,high,0,0,0,,,no,0,,0,,no,no
char_karli,Karli,karli,,,,,,Maia,,Immortals,high,,,,,,,,,,,Maia,M,,retired,Boardreader,no,no,2026_06_16_retired_immortals,MUME retired immortal list,List current as of 2026-06-16,immortal_2026_06_16_retired_immortals_karli_531_listed_retired_immortal,candidate,Copied by Lewis. Includes Boardreaders and honorary True Legend entry for Norsu.,immortal,yes,yes,data/evidence/whois_display/html/karli.html,data/evidence/whois_display/text/karli.txt,mha:karli:1781603945:a7d476c7,high,0,0,0,,,no,0,,0,,no,no
char_erg,Erg,erg,,,,,,Maia,,Immortals,high,Cartographer,Cartographer,Cartographer,high,,,,,,,Maia,M,Cartographer,retired,Maia,no,no,2026_06_16_retired_immortals,MUME retired immortal list,List current as of 2026-06-16,immortal_2026_06_16_retired_immortals_erg_231_listed_retired_immortal,candidate,Copied by Lewis. Includes Boardreaders and honorary True Legend entry for Norsu.,immortal,yes,yes,data/evidence/whois_display/html/erg.html,data/evidence/whois_display/text/erg.txt,mha:erg:1781579576:0005582f,high,0,0,0,,,no,0,,0,,no,no
char_intense,Intense,intense,,,,,,Maia,,Immortals,high,Wright,Wright,Wright,high,,,,,,,Maia,M,Wright,current,Maia,no,no,2026_06_16_current_immortals,MUME current immortal list,List current as of 2026-06-16,immortal_2026_06_16_current_immortals_intense_37_listed_current_immortal,candidate,Copied by Lewis. (+m) means the immortal is also a Maiar Muddler / muddle code contributor.,immortal,yes,yes,data/evidence/whois_display/html/intense.html,data/evidence/whois_display/text/intense.txt,mha:intense:1781587165:1b0765ac,high,0,0,0,,,no,0,,0,,no,no
char_silvershadow,Silvershadow,silvershadow,,,,,,Maia,,Immortals,high,,,,,,,,,,,Maia,M,,retired,Boardreader,no,no,2026_06_16_retired_immortals,MUME retired immortal list,List current as of 2026-06-16,immortal_2026_06_16_retired_immortals_silvershadow_710_listed_retired_immortal,candidate,Copied by Lewis. Includes Boardreaders and honorary True Legend entry for Norsu.,immortal,yes,yes,data/evidence/whois_display/html/silvershadow.html,data/evidence/whois_display/text/silvershadow.txt,mha:silvershadow:1781605916:a532585e,high,0,0,0,,,no,0,,0,,no,no
char_khaldun,Khaldun,khaldun,,,,,,Maia,,Immortals,high,,,,,,,,,,,Maia,M,,retired,Boardreader,no,no,2026_06_16_retired_immortals,MUME retired immortal list,List current as of 2026-06-16,immortal_2026_06_16_retired_immortals_khaldun_541_listed_retired_immortal,candidate,Copied by Lewis. Includes Boardreaders and honorary True Legend entry for Norsu.,immortal,yes,yes,data/evidence/whois_display/html/khaldun.html,data/evidence/whois_display/text/khaldun.txt,mha:khaldun:1781604038:7ad6a58d,high,0,0,0,,,no,0,,0,,no,no
char_violith,Violith,violith,,,,,,Maia,,Immortals,high,,,,,,,,,,,Maia,M,,retired,Boardreader,no,no,2026_06_16_retired_immortals,MUME retired immortal list,List current as of 2026-06-16,immortal_2026_06_16_retired_immortals_violith_768_listed_retired_immortal,candidate,Copied by Lewis. Includes Boardreaders and honorary True Legend entry for Norsu.,immortal,yes,yes,data/evidence/whois_display/html/violith.html,data/evidence/whois_display/text/violith.txt,mha:violith:1781606642:91901a13,high,0,0,0,,,no,0,,0,,no,no
char_rebel,Rebel,rebel,,,,,,Maia,,Immortals,high,,,,,,,,,,,Maia,M,,retired,Boardreader,no,no,2026_06_16_retired_immortals,MUME retired immortal list,List current as of 2026-06-16,immortal_2026_06_16_retired_immortals_rebel_671_listed_retired_immortal,candidate,Copied by Lewis. Includes Boardreaders and honorary True Legend entry for Norsu.,immortal,yes,yes,data/evidence/whois_display/html/rebel.html,data/evidence/whois_display/text/rebel.txt,mha:rebel:1781605525:aba09509,high,7,0,0,heading_name_list:4; comma_name_list:3,Snuttan; Tyc; Sargul; Zarc,no,0,,0,,no,yes
char_kits,kits,kits,,,,,,Maia,,Immortals,high,Wright,Wright,Wright,high,,,,,,,Maia,M,Wright,,,,,,,,,,,immortal,yes,yes,data/evidence/whois_display/html/kits.html,data/evidence/whois_display/text/kits.txt,mha:elfan:1781579165:adc9718e,high,0,0,0,,,no,0,,0,,no,no
char_erios,Erios,erios,,,,,,Maia,,Immortals,high,,,,,,,,,,,Maia,M,,retired,Boardreader,no,no,2026_06_16_retired_immortals,MUME retired immortal list,List current as of 2026-06-16,immortal_2026_06_16_retired_immortals_erios_438_listed_retired_immortal,candidate,Copied by Lewis. Includes Boardreaders and honorary True Legend entry for Norsu.,immortal,yes,yes,data/evidence/whois_display/html/erios.html,data/evidence/whois_display/text/erios.txt,mha:erios:1781579587:30aabf2f,high,0,0,0,,,no,0,,0,,no,no
char_shrouded,Shrouded,shrouded,,,,,,Maia,,Immortals,high,,,,,,,,,,,Maia,M,,retired,Boardreader,no,no,2026_06_16_retired_immortals,MUME retired immortal list,List current as of 2026-06-16,immortal_2026_06_16_retired_immortals_shrouded_704_listed_retired_immortal,candidate,Copied by Lewis. Includes Boardreaders and honorary True Legend entry for Norsu.,immortal,yes,yes,data/evidence/whois_display/html/shrouded.html,data/evidence/whois_display/text/shrouded.txt,mha:shrouded:1781605877:d2b51256,high,0,0,0,,,no,0,,0,,no,no
char_perrin,Perrin,perrin,,,,,,Maia,,Immortals,high,Cartographer,Cartographer,Cartographer,high,,,,,,,Maia,M,Cartographer,retired,Maia,no,no,2026_06_16_retired_immortals,MUME retired immortal list,List current as of 2026-06-16,immortal_2026_06_16_retired_immortals_perrin_270_listed_retired_immortal,candidate,Copied by Lewis. Includes Boardreaders and honorary True Legend entry for Norsu.,immortal,yes,yes,data/evidence/whois_display/html/perrin.html,data/evidence/whois_display/text/perrin.txt,mha:perrin:1781605337:70781f8d,high,0,0,0,,,no,0,,0,,no,no
char_avitar,Avitar,avitar,,,,,,Vala,,Immortals,high,Mudller,Mudller,Mudller,high,,,,,,,Vala,V,Mudller,retired,Vala,no,no,2026_06_16_retired_immortals,MUME retired immortal list,List current as of 2026-06-16,immortal_2026_06_16_retired_immortals_avitar_21_listed_retired_immortal,candidate,Copied by Lewis. Includes Boardreaders and honorary True Legend entry for Norsu.,immortal,yes,yes,data/evidence/whois_display/html/avitar.html,data/evidence/whois_display/text/avitar.txt,mha:avitar:1781577771:f7ae2c45,high,0,0,0,,,no,0,,0,,no,no
char_atanatar,Atanatar,atanatar,,,,,,Maia,,Immortals,high,Wright,Wright,Wright,high,,,,,,,Maia,M,Wright,retired,Maia,no,no,2026_06_16_retired_immortals,MUME retired immortal list,List current as of 2026-06-16,immortal_2026_06_16_retired_immortals_atanatar_86_listed_retired_immortal,candidate,Copied by Lewis. Includes Boardreaders and honorary True Legend entry for Norsu.,immortal,yes,yes,data/evidence/whois_display/html/atanatar.html,data/evidence/whois_display/text/atanatar.txt,mha:atanatar:1781577733:4ac33122,high,0,0,0,,,no,0,,0,,no,no
char_helene,Helene,helene,,,,,,Maia,,Immortals,high,Wright,Wright,Wright,high,,,,,,,Maia,M,Wright,retired,Maia,no,no,2026_06_16_retired_immortals,MUME retired immortal list,List current as of 2026-06-16,immortal_2026_06_16_retired_immortals_helene_113_listed_retired_immortal,candidate,Copied by Lewis. Includes Boardreaders and honorary True Legend entry for Norsu.,immortal,yes,yes,data/evidence/whois_display/html/helene.html,data/evidence/whois_display/text/helene.txt,mha:helene:1781586197:191b40dd,high,0,0,0,,,no,0,,0,,no,no
char_dáin,Dáin,dain,,,,,,Vala,,Immortals,high,,,,,,,,,,,Arata,A,,current,Aratar,no,no,2026_06_16_current_immortals,MUME current immortal list,List current as of 2026-06-16,immortal_2026_06_16_current_immortals_dain_3_listed_current_immortal,candidate,Copied by Lewis. (+m) means the immortal is also a Maiar Muddler / muddle code contributor.,immortal,yes,yes,data/evidence/whois_display/html/dain.html,data/evidence/whois_display/text/dain.txt,mha:dáin:1781579011:84b2ea89,high,0,0,0,,,no,0,,0,,no,no
char_baldur,Baldur,baldur,,,,,,Maia,,Immortals,high,,,,,,,,,,,Maia,M,,retired,Boardreader,no,no,2026_06_16_retired_immortals,MUME retired immortal list,List current as of 2026-06-16,immortal_2026_06_16_retired_immortals_baldur_339_listed_retired_immortal,candidate,Copied by Lewis. Includes Boardreaders and honorary True Legend entry for Norsu.,immortal,yes,yes,data/evidence/whois_display/html/baldur.html,data/evidence/whois_display/text/baldur.txt,mha:baldur:1781577826:2aca67f1,high,0,0,0,,,no,0,,0,,no,no
char_scott,Scott,scott,,,,,,Maia,,Immortals,high,,,,,,,,,,,Maia,M,,retired,Boardreader,no,no,2026_06_16_retired_immortals,MUME retired immortal list,List current as of 2026-06-16,immortal_2026_06_16_retired_immortals_scott_696_listed_retired_immortal,candidate,Copied by Lewis. Includes Boardreaders and honorary True Legend entry for Norsu.,immortal,yes,yes,data/evidence/whois_display/html/scott.html,data/evidence/whois_display/text/scott.txt,mha:scott:1781605801:81e27052,high,0,0,0,,,no,0,,0,,no,no
char_shai,Shai,shai,,,,,,Maia,,Immortals,high,,,,,,,,,,,Maia,M,,retired,Boardreader,no,no,2026_06_16_retired_immortals,MUME retired immortal list,List current as of 2026-06-16,immortal_2026_06_16_retired_immortals_shai_701_listed_retired_immortal,candidate,Copied by Lewis. Includes Boardreaders and honorary True Legend entry for Norsu.,immortal,yes,yes,data/evidence/whois_display/html/shai.html,data/evidence/whois_display/text/shai.txt,mha:shai:1781605848:f3b42806,high,0,0,0,,,no,0,,0,,no,no
char_shaedric,Shaedric,shaedric,,,,,,Maia,,Immortals,high,Builder,Builder,Builder,high,,,,,,,Maia,M,Builder,retired,Maia,no,no,2026_06_16_retired_immortals,MUME retired immortal list,List current as of 2026-06-16,immortal_2026_06_16_retired_immortals_shaedric_197_listed_retired_immortal,candidate,Copied by Lewis. Includes Boardreaders and honorary True Legend entry for Norsu.,immortal,yes,yes,data/evidence/whois_display/html/shaedric.html,data/evidence/whois_display/text/shaedric.txt,mha:shaedric:1781605842:e23ec74c,high,0,0,0,,,no,0,,0,,no,no
char_ólin,Ólin,olin,,,,,,Maia,,Immortals,high,,,,,,,,,,,Maia,M,,retired,Boardreader,no,no,2026_06_16_retired_immortals,MUME retired immortal list,List current as of 2026-06-16,immortal_2026_06_16_retired_immortals_olin_637_listed_retired_immortal,candidate,Copied by Lewis. Includes Boardreaders and honorary True Legend entry for Norsu.,immortal,yes,yes,data/evidence/whois_display/html/olin.html,data/evidence/whois_display/text/olin.txt,mha:Ólin:1781607001:e3020166,high,0,0,0,,,no,0,,0,,no,no
char_securitate,Securitate,securitate,,,,,,Maia,,Immortals,high,Wright,Wright,Wright,high,,,,,,,Maia,M,Wright,retired,Maia,no,no,2026_06_16_retired_immortals,MUME retired immortal list,List current as of 2026-06-16,immortal_2026_06_16_retired_immortals_securitate_155_listed_retired_immortal,candidate,Copied by Lewis. Includes Boardreaders and honorary True Legend entry for Norsu.,immortal,yes,yes,data/evidence/whois_display/html/securitate.html,data/evidence/whois_display/text/securitate.txt,mha:securitate:1781605812:01ebdb69,high,0,0,0,,,yes,1,23.0,0,,no,no
char_dand,Dand,dand,,,,,,Maia,,Immortals,high,,,,,,,,,,,Maia,M,,retired,Boardreader,no,no,2026_06_16_retired_immortals,MUME retired immortal list,List current as of 2026-06-16,immortal_2026_06_16_retired_immortals_dand_393_listed_retired_immortal,candidate,Copied by Lewis. Includes Boardreaders and honorary True Legend entry for Norsu.,immortal,yes,yes,data/evidence/whois_display/html/dand.html,data/evidence/whois_display/text/dand.txt,mha:dand:1781578790:6f473416,high,0,0,0,,,no,0,,0,,no,no
char_scyld,Scyld,scyld,,,,,,Maia,,Immortals,high,,,,,,,,,,,Maia,M,,retired,Boardreader,no,no,2026_06_16_retired_immortals,MUME retired immortal list,List current as of 2026-06-16,immortal_2026_06_16_retired_immortals_scyld_697_listed_retired_immortal,candidate,Copied by Lewis. Includes Boardreaders and honorary True Legend entry for Norsu.,immortal,yes,yes,data/evidence/whois_display/html/scyld.html,data/evidence/whois_display/text/scyld.txt,mha:scyld:1781605806:e376e3ea,high,0,0,0,,,no,0,,0,,no,no
char_shalott,Shalott,shalott,,,,,,Maia,,Immortals,high,Cartographer,Cartographer,Cartographer,high,,,,,,,Maia,M,Cartographer,retired,Maia,no,no,2026_06_16_retired_immortals,MUME retired immortal list,List current as of 2026-06-16,immortal_2026_06_16_retired_immortals_shalott_275_listed_retired_immortal,candidate,Copied by Lewis. Includes Boardreaders and honorary True Legend entry for Norsu.,immortal,yes,yes,data/evidence/whois_display/html/shalott.html,data/evidence/whois_display/text/shalott.txt,mha:shalott:1781605854:5ae0c7d2,high,0,0,0,,,no,0,,0,,no,no
char_vivriel,Vivriel,vivriel,,,,,,Arata,,Immortals,high,,,,,,,,,,,Arata,A,,retired,Aratar,no,no,2026_06_16_retired_immortals,MUME retired immortal list,List current as of 2026-06-16,immortal_2026_06_16_retired_immortals_vivriel_13_listed_retired_immortal,candidate,Copied by Lewis. Includes Boardreaders and honorary True Legend entry for Norsu.,immortal,yes,yes,data/evidence/whois_display/html/vivriel.html,data/evidence/whois_display/text/vivriel.txt,mha:vivriel:1781606648:6375cb36,high,0,0,0,,,no,0,,0,,no,no
char_kril,Kril,kril,,,,,,Maia,,Immortals,high,Wright,Wright,Wright,high,,,,,,,Maia,M,Wright,retired,Maia,no,no,2026_06_16_retired_immortals,MUME retired immortal list,List current as of 2026-06-16,immortal_2026_06_16_retired_immortals_kril_125_listed_retired_immortal,candidate,Copied by Lewis. Includes Boardreaders and honorary True Legend entry for Norsu.,immortal,yes,yes,data/evidence/whois_display/html/kril.html,data/evidence/whois_display/text/kril.txt,mha:kril:1781604190:5ff30fbf,high,0,0,0,,,no,0,,0,,no,no
char_mirimandil,Mirimandil,mirimandil,,,,,,Maia,,Immortals,high,,,,,,,,,,,Maia,M,,retired,Boardreader,no,no,2026_06_16_retired_immortals,MUME retired immortal list,List current as of 2026-06-16,immortal_2026_06_16_retired_immortals_mirimandil_603_listed_retired_immortal,candidate,Copied by Lewis. Includes Boardreaders and honorary True Legend entry for Norsu.,immortal,yes,yes,data/evidence/whois_display/html/mirimandil.html,data/evidence/whois_display/text/mirimandil.txt,mha:mirimandil:1781604886:0324f631,high,0,0,0,,,no,0,,0,,no,no
char_manse,Manse,manse,,,,,,Maia,,Immortals,high,for now,for now,for now,high,,,,,,,Maia,M,for now,retired,Boardreader,no,no,2026_06_16_retired_immortals,MUME retired immortal list,List current as of 2026-06-16,immortal_2026_06_16_retired_immortals_manse_587_listed_retired_immortal,candidate,Copied by Lewis. Includes Boardreaders and honorary True Legend entry for Norsu.,immortal,yes,yes,data/evidence/whois_display/html/manse.html,data/evidence/whois_display/text/manse.txt,mha:manse:1781604638:d8b81418,high,0,0,0,,,no,0,,0,,no,no
char_arion,Arion,arion,,,,,,Vala,,Immortals,high,,,,,,,,,,,Arata,A,,retired,Aratar,no,no,2026_06_16_retired_immortals,MUME retired immortal list,List current as of 2026-06-16,immortal_2026_06_16_retired_immortals_arion_3_listed_retired_immortal,candidate,Copied by Lewis. Includes Boardreaders and honorary True Legend entry for Norsu.,immortal,yes,yes,data/evidence/whois_display/html/arion.html,data/evidence/whois_display/text/arion.txt,mha:arion:1781577685:e6de9b00,high,0,0,0,,,no,0,,0,,no,no
char_schard,Schard,schard,,,,,,Maia,,Immortals,high,,,,,,,,,,,Maia,M,,retired,Boardreader,no,no,2026_06_16_retired_immortals,MUME retired immortal list,List current as of 2026-06-16,immortal_2026_06_16_retired_immortals_schard_695_listed_retired_immortal,candidate,Copied by Lewis. Includes Boardreaders and honorary True Legend entry for Norsu.,immortal,yes,yes,data/evidence/whois_display/html/schard.html,data/evidence/whois_display/text/schard.txt,mha:schard:1781605784:03b3a86a,high,0,0,0,,,no,0,,0,,no,no
char_eileya,Eileya,eileya,,,,,,Maia,,Immortals,high,,,,,,,,,,,Maia,M,,retired,Boardreader,no,no,2026_06_16_retired_immortals,MUME retired immortal list,List current as of 2026-06-16,immortal_2026_06_16_retired_immortals_eileya_420_listed_retired_immortal,candidate,Copied by Lewis. Includes Boardreaders and honorary True Legend entry for Norsu.,immortal,yes,yes,data/evidence/whois_display/html/eileya.html,data/evidence/whois_display/text/eileya.txt,mha:eileya:1781579065:9773df5b,high,0,0,0,,,no,0,,0,,no,no
char_scar,Scar,scar,,,,,,Vala,,Immortals,high,Mudller,Mudller,Mudller,high,,,,,,,Vala,V,Mudller,retired,Vala,no,no,2026_06_16_retired_immortals,MUME retired immortal list,List current as of 2026-06-16,immortal_2026_06_16_retired_immortals_scar_31_listed_retired_immortal,candidate,Copied by Lewis. Includes Boardreaders and honorary True Legend entry for Norsu.,immortal,yes,yes,data/evidence/whois_display/html/scar.html,data/evidence/whois_display/text/scar.txt,mha:scar:1781605779:54fcaa22,high,0,0,0,,,no,0,,0,,no,no
char_erl,Erl,erl,,,,,,Maia,,Immortals,high,,,,,,,,,,,Maia,M,,retired,Boardreader,no,no,2026_06_16_retired_immortals,MUME retired immortal list,List current as of 2026-06-16,immortal_2026_06_16_retired_immortals_erl_439_listed_retired_immortal,candidate,Copied by Lewis. Includes Boardreaders and honorary True Legend entry for Norsu.,immortal,yes,yes,data/evidence/whois_display/html/erl.html,data/evidence/whois_display/text/erl.txt,mha:erl:1781579592:48a7d191,high,0,0,0,,,no,0,,0,,no,no
char_samwe,Samwe,samwe,,,,,,Maia,,Immortals,high,,,,,,,,,,,Maia,M,,retired,Boardreader,no,no,2026_06_16_retired_immortals,MUME retired immortal list,List current as of 2026-06-16,immortal_2026_06_16_retired_immortals_samwe_691_listed_retired_immortal,candidate,Copied by Lewis. Includes Boardreaders and honorary True Legend entry for Norsu.,immortal,yes,yes,data/evidence/whois_display/html/samwe.html,data/evidence/whois_display/text/samwe.txt,mha:samwe:1781605746:b20b232c,high,0,0,0,,,no,0,,0,,no,no
char_savonn,Savonn,savonn,,,,,,Maia,,Immortals,high,,,,,,,,,,,Maia,M,,retired,Boardreader,no,no,2026_06_16_retired_immortals,MUME retired immortal list,List current as of 2026-06-16,immortal_2026_06_16_retired_immortals_savonn_694_listed_retired_immortal,candidate,Copied by Lewis. Includes Boardreaders and honorary True Legend entry for Norsu.,immortal,yes,yes,data/evidence/whois_display/html/savonn.html,data/evidence/whois_display/text/savonn.txt,mha:savonn:1781605773:a966d8bb,high,0,0,0,,,no,0,,0,,no,no
char_fron,Fron,fron,,,,,,Maia,,Immortals,high,,,,,,,,,,,Maia,M,,retired,Boardreader,no,no,2026_06_16_retired_immortals,MUME retired immortal list,List current as of 2026-06-16,immortal_2026_06_16_retired_immortals_fron_465_listed_retired_immortal,candidate,Copied by Lewis. Includes Boardreaders and honorary True Legend entry for Norsu.,immortal,yes,yes,data/evidence/whois_display/html/fron.html,data/evidence/whois_display/text/fron.txt,mha:fron:1781579871:56391785,high,0,0,0,,,no,0,,0,,no,no
char_loke,Loke,loke,,,,,,Maia,,Immortals,high,,,,,,,,,,,Maia,M,,retired,Boardreader,no,no,2026_06_16_retired_immortals,MUME retired immortal list,List current as of 2026-06-16,immortal_2026_06_16_retired_immortals_loke_575_listed_retired_immortal,candidate,Copied by Lewis. Includes Boardreaders and honorary True Legend entry for Norsu.,immortal,yes,yes,data/evidence/whois_display/html/loke.html,data/evidence/whois_display/text/loke.txt,mha:loke:1781604410:953d5942,high,0,0,0,,,no,0,,0,,no,no
char_arien,Arien,arien,,,,,,Maia,,Immortals,high,,,,,,,,,,,Maia,M,,retired,Boardreader,no,no,2026_06_16_retired_immortals,MUME retired immortal list,List current as of 2026-06-16,immortal_2026_06_16_retired_immortals_arien_325_listed_retired_immortal,candidate,Copied by Lewis. Includes Boardreaders and honorary True Legend entry for Norsu.,immortal,yes,yes,data/evidence/whois_display/html/arien.html,data/evidence/whois_display/text/arien.txt,mha:arien:1781577652:7c3aa9dc,high,0,0,0,,,no,0,,0,,no,no
char_orome,Orome,orome,,,,,,Maia,,Immortals,high,Wright,Wright,Wright,high,,,,,,,Maia,M,Wright,retired,Maia,no,no,2026_06_16_retired_immortals,MUME retired immortal list,List current as of 2026-06-16,immortal_2026_06_16_retired_immortals_orome_147_listed_retired_immortal,candidate,Copied by Lewis. Includes Boardreaders and honorary True Legend entry for Norsu.,immortal,yes,yes,data/evidence/whois_display/html/orome.html,data/evidence/whois_display/text/orome.txt,mha:orome:1781605259:8395de50,high,0,0,0,,,no,0,,0,,no,no
char_seregon,Seregon,seregon,,,,,,Maia,,Immortals,high,,,,,,,,,,,Maia,M,,retired,Boardreader,no,no,2026_06_16_retired_immortals,MUME retired immortal list,List current as of 2026-06-16,immortal_2026_06_16_retired_immortals_seregon_699_listed_retired_immortal,candidate,Copied by Lewis. Includes Boardreaders and honorary True Legend entry for Norsu.,immortal,yes,yes,data/evidence/whois_display/html/seregon.html,data/evidence/whois_display/text/seregon.txt,mha:seregon:1781605824:f2da249f,high,0,0,0,,,no,0,,1,low:1,no,yes
char_kron,Kron,kron,,,,,,Maia,,Immortals,high,,,,,,,,,,,Maia,M,,retired,Boardreader,no,no,2026_06_16_retired_immortals,MUME retired immortal list,List current as of 2026-06-16,immortal_2026_06_16_retired_immortals_kron_556_listed_retired_immortal,candidate,Copied by Lewis. Includes Boardreaders and honorary True Legend entry for Norsu.,immortal,yes,yes,data/evidence/whois_display/html/kron.html,data/evidence/whois_display/text/kron.txt,mha:kron:1781604204:40e24744,high,0,0,0,,,no,0,,0,,no,no
char_dorien,Dorien,dorien,,,,,,Maia,,Immortals,high,Wright,Wright,Wright,high,,,,,,,Maia,M,Wright,retired,Maia,no,no,2026_06_16_retired_immortals,MUME retired immortal list,List current as of 2026-06-16,immortal_2026_06_16_retired_immortals_dorien_97_listed_retired_immortal,candidate,Copied by Lewis. Includes Boardreaders and honorary True Legend entry for Norsu.,immortal,yes,yes,data/evidence/whois_display/html/dorien.html,data/evidence/whois_display/text/dorien.txt,mha:dorien:1781578928:8ef985f9,high,21,0,0,comma_name_list:14; heading_name_list:7,Rogrog; Ulthug; Stomper; Stripper; Orthrod; Virsh; Paskmust; Luterin; Farmin; Elrindil; Dumbur; Alarien,no,0,,0,,no,yes
char_sally,Sally,sally,,,,,,Maia,,Immortals,high,,,,,,,,,,,Maia,M,,retired,Boardreader,no,no,2026_06_16_retired_immortals,MUME retired immortal list,List current as of 2026-06-16,immortal_2026_06_16_retired_immortals_sally_689_listed_retired_immortal,candidate,Copied by Lewis. Includes Boardreaders and honorary True Legend entry for Norsu.,immortal,yes,yes,data/evidence/whois_display/html/sally.html,data/evidence/whois_display/text/sally.txt,mha:sally:1781605734:fd49b6f5,high,0,0,0,,,no,0,,0,,no,no
char_sadet,Sadet,sadet,,,,,,Maia,,Immortals,high,Wright,Wright,Wright,high,,,,,,,Maia,M,Wright,retired,Maia,no,no,2026_06_16_retired_immortals,MUME retired immortal list,List current as of 2026-06-16,immortal_2026_06_16_retired_immortals_sadet_154_listed_retired_immortal,candidate,Copied by Lewis. Includes Boardreaders and honorary True Legend entry for Norsu.,immortal,yes,yes,data/evidence/whois_display/html/sadet.html,data/evidence/whois_display/text/sadet.txt,mha:sadet:1781605723:fd91e549,high,0,0,0,,,no,0,,0,,no,no
char_kaznor,Kaznor,kaznor,,,,,,Maia,,Immortals,high,,,,,,,,,,,Maia,M,,retired,Boardreader,no,no,2026_06_16_retired_immortals,MUME retired immortal list,List current as of 2026-06-16,immortal_2026_06_16_retired_immortals_kaznor_534_listed_retired_immortal,candidate,Copied by Lewis. Includes Boardreaders and honorary True Legend entry for Norsu.,immortal,yes,yes,data/evidence/whois_display/html/kaznor.html,data/evidence/whois_display/text/kaznor.txt,mha:kaznor:1781603983:a4de36fa,high,0,0,0,,,no,0,,0,,no,no
char_endo,Endo,endo,,,,,,Maia,,Immortals,high,Cartographer,Cartographer,Cartographer,high,,,,,,,Maia,M,Cartographer,current,Maia,no,no,2026_06_16_current_immortals,MUME current immortal list,List current as of 2026-06-16,immortal_2026_06_16_current_immortals_endo_66_listed_current_immortal,candidate,Copied by Lewis. (+m) means the immortal is also a Maiar Muddler / muddle code contributor.,immortal,yes,yes,data/evidence/whois_display/html/endo.html,data/evidence/whois_display/text/endo.txt,mha:endo:1781579225:6bc026a8,high,24,1,1,comma_name_list:19; heading_name_list:4; quoted_speaker:1,Paro; Oath; Bufz; Evol; Tugg; Poko; Wren; Shot; Ursu; Fane; Klax; Rone,no,0,,0,,no,yes
char_khazander,Khazander,khazander,,,,,,Maia,,Immortals,high,Wright,Wright,Wright,high,,,,,,,Maia,M,Wright,retired,Maia,no,no,2026_06_16_retired_immortals,MUME retired immortal list,List current as of 2026-06-16,immortal_2026_06_16_retired_immortals_khazander_123_listed_retired_immortal,candidate,Copied by Lewis. Includes Boardreaders and honorary True Legend entry for Norsu.,immortal,yes,yes,data/evidence/whois_display/html/khazander.html,data/evidence/whois_display/text/khazander.txt,mha:khazander:1781604061:89046906,high,0,0,0,,,no,0,,0,,no,no
char_caesar,Caesar,caesar,,,,,,Maia,,Immortals,high,Builder,Builder,Builder,high,,,,,,,Maia,M,Builder,retired,Maia,no,no,2026_06_16_retired_immortals,MUME retired immortal list,List current as of 2026-06-16,immortal_2026_06_16_retired_immortals_caesar_178_listed_retired_immortal,candidate,Copied by Lewis. Includes Boardreaders and honorary True Legend entry for Norsu.,immortal,yes,yes,data/evidence/whois_display/html/caesar.html,data/evidence/whois_display/text/caesar.txt,mha:caesar:1781578531:655884aa,high,16,0,0,comma_name_list:10; heading_name_list:6,Battlescar; Bahruhk; Gorgon; Mangudai; Tzar; Ducâht; Aquilae; Gideon; Nanûk; Eäridhel; Cooper,no,0,,0,,no,yes
char_lorien,Lorien,lorien,,,,,,Maia,,Immortals,high,Wright,Wright,Wright,high,,,,,,,Maia,M,Wright,retired,Maia,no,no,2026_06_16_retired_immortals,MUME retired immortal list,List current as of 2026-06-16,immortal_2026_06_16_retired_immortals_lorien_132_listed_retired_immortal,candidate,Copied by Lewis. Includes Boardreaders and honorary True Legend entry for Norsu.,immortal,yes,yes,data/evidence/whois_display/html/lorien.html,data/evidence/whois_display/text/lorien.txt,mha:lorien:1781604460:55312ff8,high,0,0,0,,,no,0,,0,,no,no
char_orlanth,Orlanth,orlanth,,,,,,Vala,,Immortals,high,Architect,Architect,Architect,high,,,,,,,Vala,V,Architect,current,Vala,no,no,2026_06_16_current_immortals,MUME current immortal list,List current as of 2026-06-16,immortal_2026_06_16_current_immortals_orlanth_15_listed_current_immortal,candidate,Copied by Lewis. (+m) means the immortal is also a Maiar Muddler / muddle code contributor.,immortal,yes,yes,data/evidence/whois_display/html/orlanth.html,data/evidence/whois_display/text/orlanth.txt,mha:orlanth:1781605248:804cdf69,high,0,0,0,,,no,0,,0,,no,no
char_illwe,Illwe,illwe,,,,,,Maia,,Immortals,high,,,,,,,,,,,Maia,M,,retired,Boardreader,no,no,2026_06_16_retired_immortals,MUME retired immortal list,List current as of 2026-06-16,immortal_2026_06_16_retired_immortals_illwe_512_listed_retired_immortal,candidate,Copied by Lewis. Includes Boardreaders and honorary True Legend entry for Norsu.,immortal,yes,yes,data/evidence/whois_display/html/illwe.html,data/evidence/whois_display/text/illwe.txt,mha:illwe:1781587091:fc38b2e8,high,0,0,0,,,no,0,,0,,no,no
char_sabat,Sabat,sabat,,,,,,Maia,,Immortals,high,,,,,,,,,,,Maia,M,,retired,Boardreader,no,no,2026_06_16_retired_immortals,MUME retired immortal list,List current as of 2026-06-16,immortal_2026_06_16_retired_immortals_sabat_687_listed_retired_immortal,candidate,Copied by Lewis. Includes Boardreaders and honorary True Legend entry for Norsu.,immortal,yes,yes,data/evidence/whois_display/html/sabat.html,data/evidence/whois_display/text/sabat.txt,mha:sabat:1781605712:95dd7f31,high,0,0,0,,,no,0,,0,,no,no
char_izual,Izual,izual,,,,,,Maia,,Immortals,high,Cartographer,Cartographer,Cartographer,high,,,,,,,Maia,M,Cartographer,current,Maia,no,no,2026_06_16_current_immortals,MUME current immortal list,List current as of 2026-06-16,immortal_2026_06_16_current_immortals_izual_77_listed_current_immortal,candidate,Copied by Lewis. (+m) means the immortal is also a Maiar Muddler / muddle code contributor.,immortal,yes,yes,data/evidence/whois_display/html/izual.html,data/evidence/whois_display/text/izual.txt,mha:izual:1781603824:527ea9d4,high,3,0,0,comma_name_list:3,Forces; Dark; Lord,no,0,,0,,no,yes
char_rómendacil,Rómendacil,romendacil,,,,,,Maia,,Immortals,high,Wright,Wright,Wright,high,,,,,,,Maia,M,Wright,current,Maia,yes,no,2026_06_16_current_immortals,MUME current immortal list,List current as of 2026-06-16,immortal_2026_06_16_current_immortals_romendacil_42_listed_current_immortal,candidate,Copied by Lewis. (+m) means the immortal is also a Maiar Muddler / muddle code contributor.,immortal,yes,yes,data/evidence/whois_display/html/romendacil.html,data/evidence/whois_display/text/romendacil.txt,mha:rómendacil:1781605692:7e005e1d,high,0,0,0,,,no,0,,0,,no,no
char_hillar,Hillar,hillar,,,,,,Maia,,Immortals,high,,,,,,,,,,,Maia,M,,retired,Boardreader,no,no,2026_06_16_retired_immortals,MUME retired immortal list,List current as of 2026-06-16,immortal_2026_06_16_retired_immortals_hillar_502_listed_retired_immortal,candidate,Copied by Lewis. Includes Boardreaders and honorary True Legend entry for Norsu.,immortal,yes,yes,data/evidence/whois_display/html/hillar.html,data/evidence/whois_display/text/hillar.txt,mha:hillar:1781586230:65bcaf99,high,0,0,0,,,no,0,,0,,no,no
char_almarea,Almarea,almarea,,,,,,Maia,,Immortals,high,,,,,,,,,,,Maia,M,,retired,Boardreader,no,no,2026_06_16_retired_immortals,MUME retired immortal list,List current as of 2026-06-16,immortal_2026_06_16_retired_immortals_almarea_315_listed_retired_immortal,candidate,Copied by Lewis. Includes Boardreaders and honorary True Legend entry for Norsu.,immortal,yes,yes,data/evidence/whois_display/html/almarea.html,data/evidence/whois_display/text/almarea.txt,mha:almarea:1781576778:cc50ed46,high,0,0,0,,,no,0,,0,,no,no
char_berend,Berend,berend,,,,,,Maia,,Immortals,high,Cartographer,Cartographer,Cartographer,high,,,,,,,Maia,M,Cartographer,current,Maia,no,no,2026_06_16_current_immortals,MUME current immortal list,List current as of 2026-06-16,immortal_2026_06_16_current_immortals_berend_60_listed_current_immortal,candidate,Copied by Lewis. (+m) means the immortal is also a Maiar Muddler / muddle code contributor.,immortal,yes,yes,data/evidence/whois_display/html/berend.html,data/evidence/whois_display/text/berend.txt,mha:berend:1781577936:e2cae375,high,0,0,0,,,no,0,,0,,no,no
char_kovenya,Kovenya,kovenya,,,,,,Maia,,Immortals,high,Wright,Wright,Wright,high,,,,,,,Maia,M,Wright,retired,Maia,no,no,2026_06_16_retired_immortals,MUME retired immortal list,List current as of 2026-06-16,immortal_2026_06_16_retired_immortals_kovenya_124_listed_retired_immortal,candidate,Copied by Lewis. Includes Boardreaders and honorary True Legend entry for Norsu.,immortal,yes,yes,data/evidence/whois_display/html/kovenya.html,data/evidence/whois_display/text/kovenya.txt,mha:kovenya:1781604150:005c1c73,high,0,0,0,,,no,0,,0,,no,no
char_calmacil,Calmacil,calmacil,,,,,,Maia,,Immortals,high,Wright,Wright,Wright,high,,,,,,,Maia,M,Wright,retired,Maia,no,no,2026_06_16_retired_immortals,MUME retired immortal list,List current as of 2026-06-16,immortal_2026_06_16_retired_immortals_calmacil_89_listed_retired_immortal,candidate,Copied by Lewis. Includes Boardreaders and honorary True Legend entry for Norsu.,immortal,yes,yes,data/evidence/whois_display/html/calmacil.html,data/evidence/whois_display/text/calmacil.txt,mha:calmacil:1781578569:715f81a2,high,0,0,0,,,no,0,,0,,no,no
char_krazy,Krazy,krazy,,,,,,Maia,,Immortals,high,Cartographer,Cartographer,Cartographer,high,,,,,,,Maia,M,Cartographer,retired,Maia,no,no,2026_06_16_retired_immortals,MUME retired immortal list,List current as of 2026-06-16,immortal_2026_06_16_retired_immortals_krazy_252_listed_retired_immortal,candidate,Copied by Lewis. Includes Boardreaders and honorary True Legend entry for Norsu.,immortal,yes,yes,data/evidence/whois_display/html/krazy.html,data/evidence/whois_display/text/krazy.txt,mha:krazy:1781604177:556763ce,high,0,0,0,,,no,0,,0,,no,no
char_rubius,Rubius,rubius,,,,,,Vala,,Immortals,high,Mudller,Mudller,Mudller,high,,,,,,,Vala,V,Mudller,retired,Vala,no,no,2026_06_16_retired_immortals,MUME retired immortal list,List current as of 2026-06-16,immortal_2026_06_16_retired_immortals_rubius_30_listed_retired_immortal,candidate,Copied by Lewis. Includes Boardreaders and honorary True Legend entry for Norsu.,immortal,yes,yes,data/evidence/whois_display/html/rubius.html,data/evidence/whois_display/text/rubius.txt,mha:rubius:1781605658:aa7f5501,high,0,0,0,,,no,0,,0,,no,no
char_roo,Roo,roo,,,,,,Maia,,Immortals,high,,,,,,,,,,,Maia,M,,retired,Boardreader,no,no,2026_06_16_retired_immortals,MUME retired immortal list,List current as of 2026-06-16,immortal_2026_06_16_retired_immortals_roo_682_listed_retired_immortal,candidate,Copied by Lewis. Includes Boardreaders and honorary True Legend entry for Norsu.,immortal,yes,yes,data/evidence/whois_display/html/roo.html,data/evidence/whois_display/text/roo.txt,mha:roo:1781605647:09200658,high,0,0,0,,,no,0,,0,,no,no
char_katla,Katla,katla,,,,,,Maia,,Immortals,high,,,,,,,,,,,Maia,M,,retired,Boardreader,no,no,2026_06_16_retired_immortals,MUME retired immortal list,List current as of 2026-06-16,immortal_2026_06_16_retired_immortals_katla_533_listed_retired_immortal,candidate,Copied by Lewis. Includes Boardreaders and honorary True Legend entry for Norsu.,immortal,yes,yes,data/evidence/whois_display/html/katla.html,data/evidence/whois_display/text/katla.txt,mha:katla:1781603978:a9bac690,high,0,0,0,,,no,0,,0,,no,no
char_shilior,Shilior,shilior,,,,,,Maia,,Immortals,high,,,,,,,,,,,Maia,M,,retired,Boardreader,no,no,2026_06_16_retired_immortals,MUME retired immortal list,List current as of 2026-06-16,immortal_2026_06_16_retired_immortals_shilior_703_listed_retired_immortal,candidate,Copied by Lewis. Includes Boardreaders and honorary True Legend entry for Norsu.,immortal,yes,yes,data/evidence/whois_display/html/shilior.html,data/evidence/whois_display/text/shilior.txt,mha:shilior:1781605866:1b588b60,high,0,0,0,,,no,0,,0,,no,no
char_bruce,Bruce,bruce,,,,,,Maia,,Immortals,high,,,,,,,,,,,Maia,M,,retired,Boardreader,no,no,2026_06_16_retired_immortals,MUME retired immortal list,List current as of 2026-06-16,immortal_2026_06_16_retired_immortals_bruce_361_listed_retired_immortal,candidate,Copied by Lewis. Includes Boardreaders and honorary True Legend entry for Norsu.,immortal,yes,yes,data/evidence/whois_display/html/bruce.html,data/evidence/whois_display/text/bruce.txt,mha:bruce:1781578487:c6f14eb1,high,5,0,0,comma_name_list:5,Richter; Skeletor; Ramses; Dmitri; Anger,no,0,,0,,no,yes
char_daryl,Daryl,daryl,,,,,,Maia,,Immortals,high,,,,,,,,,,,Maia,M,,retired,Boardreader,no,no,2026_06_16_retired_immortals,MUME retired immortal list,List current as of 2026-06-16,immortal_2026_06_16_retired_immortals_daryl_399_listed_retired_immortal,candidate,Copied by Lewis. Includes Boardreaders and honorary True Legend entry for Norsu.,immortal,yes,yes,data/evidence/whois_display/html/daryl.html,data/evidence/whois_display/text/daryl.txt,mha:daryl:1781578840:5feb75aa,high,5,0,0,comma_name_list:5,Cryolite; Amidala; Zohra; Umagon; Oxanna,no,0,,2,low:2,no,yes
char_nugle,Nugle,nugle,,,,,,Maia,,Immortals,high,Wright,Wright,Wright,high,,,,,,,Maia,M,Wright,retired,Maia,no,no,2026_06_16_retired_immortals,MUME retired immortal list,List current as of 2026-06-16,immortal_2026_06_16_retired_immortals_nugle_144_listed_retired_immortal,candidate,Copied by Lewis. Includes Boardreaders and honorary True Legend entry for Norsu.,immortal,yes,yes,data/evidence/whois_display/html/nugle.html,data/evidence/whois_display/text/nugle.txt,mha:nugle:1781605148:975f1d5a,high,0,0,0,,,no,0,,0,,no,no
char_aglaruin,Aglaruin,aglaruin,,,,,,Maia,,Immortals,high,,,,,,,,,,,Maia,M,,retired,Boardreader,no,no,2026_06_16_retired_immortals,MUME retired immortal list,List current as of 2026-06-16,immortal_2026_06_16_retired_immortals_aglaruin_301_listed_retired_immortal,candidate,Copied by Lewis. Includes Boardreaders and honorary True Legend entry for Norsu.,immortal,yes,yes,data/evidence/whois_display/html/aglaruin.html,data/evidence/whois_display/text/aglaruin.txt,mha:aglaruin:1781576666:0657582c,high,0,0,0,,,no,0,,0,,no,no
char_flash,Flash,flash,,,,,,Maia,,Immortals,high,,,,,,,,,,,Maia,M,,retired,Boardreader,no,no,2026_06_16_retired_immortals,MUME retired immortal list,List current as of 2026-06-16,immortal_2026_06_16_retired_immortals_flash_459_listed_retired_immortal,candidate,Copied by Lewis. Includes Boardreaders and honorary True Legend entry for Norsu.,immortal,yes,yes,data/evidence/whois_display/html/flash.html,data/evidence/whois_display/text/flash.txt,mha:flash:1781579783:e08639ec,high,0,0,0,,,no,0,,0,,no,no
char_algolas,Algolas,algolas,,,,,,Maia,,Immortals,high,,,,,,,,,,,Maia,M,,retired,Boardreader,no,no,2026_06_16_retired_immortals,MUME retired immortal list,List current as of 2026-06-16,immortal_2026_06_16_retired_immortals_algolas_314_listed_retired_immortal,candidate,Copied by Lewis. Includes Boardreaders and honorary True Legend entry for Norsu.,immortal,yes,yes,data/evidence/whois_display/html/algolas.html,data/evidence/whois_display/text/algolas.txt,mha:algolas:1781576767:4ac82290,high,0,0,0,,,no,0,,0,,no,no
char_bantak,Bantak,bantak,,,,,,Maia,,Immortals,high,Wright,Wright,Wright,high,,,,,,,Maia,M,Wright,current,Maia,no,no,2026_06_16_current_immortals,MUME current immortal list,List current as of 2026-06-16,immortal_2026_06_16_current_immortals_bantak_26_listed_current_immortal,candidate,Copied by Lewis. (+m) means the immortal is also a Maiar Muddler / muddle code contributor.,immortal,yes,yes,data/evidence/whois_display/html/bantak.html,data/evidence/whois_display/text/bantak.txt,mha:bantak:1781577843:28dbec9b,high,0,0,0,,,no,0,,0,,no,no
char_gwendolyn,Gwendolyn,gwendolyn,,,,,,Maia,,Immortals,high,,,,,,,,,,,Maia,M,,retired,Boardreader,no,no,2026_06_16_retired_immortals,MUME retired immortal list,List current as of 2026-06-16,immortal_2026_06_16_retired_immortals_gwendolyn_492_listed_retired_immortal,candidate,Copied by Lewis. Includes Boardreaders and honorary True Legend entry for Norsu.,immortal,yes,yes,data/evidence/whois_display/html/gwendolyn.html,data/evidence/whois_display/text/gwendolyn.txt,mha:gwendolyn:1781586141:3b5ea0f2,high,0,0,0,,,no,0,,0,,no,no
char_rokee,Rokee,rokee,,,,,,Vala,,Immortals,high,Architect,Architect,Architect,high,,,,,,,Vala,V,Architect,retired,Vala,no,no,2026_06_16_retired_immortals,MUME retired immortal list,List current as of 2026-06-16,immortal_2026_06_16_retired_immortals_rokee_63_listed_retired_immortal,candidate,Copied by Lewis. Includes Boardreaders and honorary True Legend entry for Norsu.,immortal,yes,yes,data/evidence/whois_display/html/rokee.html,data/evidence/whois_display/text/rokee.txt,mha:rokee:1781605635:11b0efb9,high,0,0,0,,,no,0,,0,,no,no
char_caidi,Caidi,caidi,,,,,,Maia,,Immortals,high,,,,,,,,,,,Maia,M,,retired,Boardreader,no,no,2026_06_16_retired_immortals,MUME retired immortal list,List current as of 2026-06-16,immortal_2026_06_16_retired_immortals_caidi_367_listed_retired_immortal,candidate,Copied by Lewis. Includes Boardreaders and honorary True Legend entry for Norsu.,immortal,yes,yes,data/evidence/whois_display/html/caidi.html,data/evidence/whois_display/text/caidi.txt,mha:caidi:1781578542:dbebd4ab,high,0,0,0,,,no,0,,0,,no,no
char_robit,Robit,robit,,,,,,Maia,,Immortals,high,,,,,,,,,,,Maia,M,,retired,Boardreader,no,no,2026_06_16_retired_immortals,MUME retired immortal list,List current as of 2026-06-16,immortal_2026_06_16_retired_immortals_robit_679_listed_retired_immortal,candidate,Copied by Lewis. Includes Boardreaders and honorary True Legend entry for Norsu.,immortal,yes,yes,data/evidence/whois_display/html/robit.html,data/evidence/whois_display/text/robit.txt,mha:robit:1781605614:cd0b6529,high,10,0,0,comma_name_list:10,Wape; Vape; Mape; Zape; Beodyn; Boras; Reovine; Symonds; Havana; Tjumani,no,0,,0,,no,yes
char_rob,Rob,rob,,,,,,Maia,,Immortals,high,,,,,,,,,,,Maia,M,,retired,Boardreader,no,no,2026_06_16_retired_immortals,MUME retired immortal list,List current as of 2026-06-16,immortal_2026_06_16_retired_immortals_rob_678_listed_retired_immortal,candidate,Copied by Lewis. Includes Boardreaders and honorary True Legend entry for Norsu.,immortal,yes,yes,data/evidence/whois_display/html/rob.html,data/evidence/whois_display/text/rob.txt,mha:rob:1781605609:8698eb8f,high,0,0,0,,,no,0,,0,,no,no
char_llywarch,Llywarch,llywarch,,,,,,Maia,,Immortals,high,Wright,Wright,Wright,high,,,,,,,Maia,M,Wright,current,Maia,no,no,2026_06_16_current_immortals,MUME current immortal list,List current as of 2026-06-16,immortal_2026_06_16_current_immortals_llywarch_40_listed_current_immortal,candidate,Copied by Lewis. (+m) means the immortal is also a Maiar Muddler / muddle code contributor.,immortal,yes,yes,data/evidence/whois_display/html/llywarch.html,data/evidence/whois_display/text/llywarch.txt,mha:llywarch:1781604397:40950aac,high,0,0,0,,,no,0,,0,,no,no
char_hoosier,Hoosier,hoosier,,,,,,Maia,,Immortals,high,Cartographer,Cartographer,Cartographer,high,,,,,,,Maia,M,Cartographer,current,Maia,no,no,2026_06_16_current_immortals,MUME current immortal list,List current as of 2026-06-16,immortal_2026_06_16_current_immortals_hoosier_75_listed_current_immortal,candidate,Copied by Lewis. (+m) means the immortal is also a Maiar Muddler / muddle code contributor.,immortal,yes,yes,data/evidence/whois_display/html/hoosier.html,data/evidence/whois_display/text/hoosier.txt,mha:hoosier:1781586258:9dd4e5e2,high,0,0,0,,,no,0,,0,,no,no
char_bodruith,Bodruith,bodruith,,,,,,Maia,,Immortals,high,,,,,,,,,,,Maia,M,,retired,Boardreader,no,no,2026_06_16_retired_immortals,MUME retired immortal list,List current as of 2026-06-16,immortal_2026_06_16_retired_immortals_bodruith_355_listed_retired_immortal,candidate,Copied by Lewis. Includes Boardreaders and honorary True Legend entry for Norsu.,immortal,yes,yes,data/evidence/whois_display/html/bodruith.html,data/evidence/whois_display/text/bodruith.txt,mha:bodruith:1781578448:319f7b2c,high,0,0,0,,,no,0,,0,,no,no
char_kefka,Kefka,kefka,,,,,,Maia,,Immortals,high,,,,,,,,,,,Maia,M,,retired,Boardreader,no,no,2026_06_16_retired_immortals,MUME retired immortal list,List current as of 2026-06-16,immortal_2026_06_16_retired_immortals_kefka_536_listed_retired_immortal,candidate,Copied by Lewis. Includes Boardreaders and honorary True Legend entry for Norsu.,immortal,yes,yes,data/evidence/whois_display/html/kefka.html,data/evidence/whois_display/text/kefka.txt,mha:kefka:1781604000:31c623ea,high,0,0,0,,,no,0,,0,,no,no
char_jolen,Jolen,jolen,,,,,,Maia,,Immortals,high,,,,,,,,,,,Maia,M,,retired,Boardreader,no,no,2026_06_16_retired_immortals,MUME retired immortal list,List current as of 2026-06-16,immortal_2026_06_16_retired_immortals_jolen_527_listed_retired_immortal,candidate,Copied by Lewis. Includes Boardreaders and honorary True Legend entry for Norsu.,immortal,yes,yes,data/evidence/whois_display/html/jolen.html,data/evidence/whois_display/text/jolen.txt,mha:jolen:1781603892:91bcd47e,high,0,0,0,,,yes,1,61.5,0,,no,no
char_dewa,Dewa,dewa,,,,,,Maia,,Immortals,high,,,,,,,,,,,Maia,M,,retired,Boardreader,no,no,2026_06_16_retired_immortals,MUME retired immortal list,List current as of 2026-06-16,immortal_2026_06_16_retired_immortals_dewa_408_listed_retired_immortal,candidate,Copied by Lewis. Includes Boardreaders and honorary True Legend entry for Norsu.,immortal,yes,yes,data/evidence/whois_display/html/dewa.html,data/evidence/whois_display/text/dewa.txt,mha:dewa:1781578900:84a08a38,high,0,0,0,,,no,0,,0,,no,no
char_rindell,Rindell,rindell,,,,,,Maia,,Immortals,high,Cartographer,Cartographer,Cartographer,high,,,,,,,Maia,M,Cartographer,current,Maia,no,no,2026_06_16_current_immortals,MUME current immortal list,List current as of 2026-06-16,immortal_2026_06_16_current_immortals_rindell_90_listed_current_immortal,candidate,Copied by Lewis. (+m) means the immortal is also a Maiar Muddler / muddle code contributor.,immortal,yes,yes,data/evidence/whois_display/html/rindell.html,data/evidence/whois_display/text/rindell.txt,mha:rindell:1781605590:4b26e736,high,0,0,0,,,no,0,,0,,no,no
char_rick,Rick,rick,,,,,,Maia,,Immortals,high,,,,,,,,,,,Maia,M,,retired,Boardreader,no,no,2026_06_16_retired_immortals,MUME retired immortal list,List current as of 2026-06-16,immortal_2026_06_16_retired_immortals_rick_676_listed_retired_immortal,candidate,Copied by Lewis. Includes Boardreaders and honorary True Legend entry for Norsu.,immortal,yes,yes,data/evidence/whois_display/html/rick.html,data/evidence/whois_display/text/rick.txt,mha:rick:1781605576:11dc0343,high,0,0,0,,,no,0,,0,,no,no
char_aries,Aries,aries,,,,,,Maia,,Immortals,high,,,,,,,,,,,Maia,M,,retired,Boardreader,no,no,2026_06_16_retired_immortals,MUME retired immortal list,List current as of 2026-06-16,immortal_2026_06_16_retired_immortals_aries_326_listed_retired_immortal,candidate,Copied by Lewis. Includes Boardreaders and honorary True Legend entry for Norsu.,immortal,yes,yes,data/evidence/whois_display/html/aries.html,data/evidence/whois_display/text/aries.txt,mha:aries:1781577663:4d0d953a,high,0,0,0,,,no,0,,0,,no,no
char_fog,Fog,fog,,,,,,Maia,,Immortals,high,Builder,Builder,Builder,high,,,,,,,Maia,M,Builder,retired,Maia,no,no,2026_06_16_retired_immortals,MUME retired immortal list,List current as of 2026-06-16,immortal_2026_06_16_retired_immortals_fog_185_listed_retired_immortal,candidate,Copied by Lewis. Includes Boardreaders and honorary True Legend entry for Norsu.,immortal,yes,yes,data/evidence/whois_display/html/fog.html,data/evidence/whois_display/text/fog.txt,mha:fog:1781579798:0252336d,high,0,0,0,,,no,0,,1,medium:1,no,yes
char_eärendil,Eärendil,earendil,,,,,,Vala,,Immortals,high,Architect,Architect,Architect,high,,,,,,,Vala,V,Architect,retired,Vala,no,no,2026_06_16_retired_immortals,MUME retired immortal list,List current as of 2026-06-16,immortal_2026_06_16_retired_immortals_earendil_48_listed_retired_immortal,candidate,Copied by Lewis. Includes Boardreaders and honorary True Legend entry for Norsu.,immortal,yes,yes,data/evidence/whois_display/html/earendil.html,data/evidence/whois_display/text/earendil.txt,mha:eärendil:1781579631:701037b2,high,0,0,0,,,no,0,,0,,no,no
char_ressaven,Ressaven,ressaven,,,,,,Vala,,Immortals,medium,,,,,,,,,,,,,,retired,Vala,no,no,2026_06_16_retired_immortals,MUME retired immortal list,List current as of 2026-06-16,immortal_2026_06_16_retired_immortals_ressaven_62_listed_retired_immortal,candidate,Copied by Lewis. Includes Boardreaders and honorary True Legend entry for Norsu.,custom_descriptor_unclassified,yes,yes,data/evidence/whois_display/html/ressaven.html,data/evidence/whois_display/text/ressaven.txt,mha:ressaven:1781605555:09273eef,high,0,0,0,,,no,0,,0,,yes,yes
char_erat,Erat,erat,,,,,,Maia,,Immortals,high,,,,,,,,,,,Maia,M,,retired,Boardreader,no,no,2026_06_16_retired_immortals,MUME retired immortal list,List current as of 2026-06-16,immortal_2026_06_16_retired_immortals_erat_436_listed_retired_immortal,candidate,Copied by Lewis. Includes Boardreaders and honorary True Legend entry for Norsu.,immortal,yes,yes,data/evidence/whois_display/html/erat.html,data/evidence/whois_display/text/erat.txt,mha:erat:1781579287:a4a149c1,high,0,0,0,,,no,0,,0,,no,no
char_ren,Ren,ren,,,,,,Maia,,Immortals,high,Shaper,Shaper,Shaper,high,,,,,,,Maia,M,Shaper,retired,Maia,no,no,2026_06_16_retired_immortals,MUME retired immortal list,List current as of 2026-06-16,immortal_2026_06_16_retired_immortals_ren_76_listed_retired_immortal,candidate,Copied by Lewis. Includes Boardreaders and honorary True Legend entry for Norsu.,immortal,yes,yes,data/evidence/whois_display/html/ren.html,data/evidence/whois_display/text/ren.txt,mha:ren:1781605549:796faa8c,high,0,0,0,,,no,0,,0,,no,no
char_eru,Eru,eru,,,,,,Implementor,,Immortals,high,,,,,,,,,,,Implementor,I,,current,Implementor,no,no,2026_06_16_current_immortals,MUME current immortal list,List current as of 2026-06-16,immortal_2026_06_16_current_immortals_eru_1_listed_current_immortal,candidate,Copied by Lewis. (+m) means the immortal is also a Maiar Muddler / muddle code contributor.,immortal,yes,yes,data/evidence/whois_display/html/eru.html,data/evidence/whois_display/text/eru.txt,mha:eru:1781579598:39b78aa0,high,0,0,0,,,no,0,,0,,no,no
char_niisku,Niisku,niisku,,,,,,Maia,,Immortals,high,,,,,,,,,,,Maia,M,,retired,Boardreader,no,no,2026_06_16_retired_immortals,MUME retired immortal list,List current as of 2026-06-16,immortal_2026_06_16_retired_immortals_niisku_628_listed_retired_immortal,candidate,Copied by Lewis. Includes Boardreaders and honorary True Legend entry for Norsu.,immortal,yes,yes,data/evidence/whois_display/html/niisku.html,data/evidence/whois_display/text/niisku.txt,mha:niisku:1781605098:92b7b79e,high,0,0,0,,,no,0,,0,,no,no
char_relkin,Relkin,relkin,,,,,,Maia,,Immortals,high,,,,,,,,,,,Maia,M,,retired,Boardreader,no,no,2026_06_16_retired_immortals,MUME retired immortal list,List current as of 2026-06-16,immortal_2026_06_16_retired_immortals_relkin_674_listed_retired_immortal,candidate,Copied by Lewis. Includes Boardreaders and honorary True Legend entry for Norsu.,immortal,yes,yes,data/evidence/whois_display/html/relkin.html,data/evidence/whois_display/text/relkin.txt,mha:relkin:1781605544:7ac17f0a,high,0,0,0,,,no,0,,0,,no,no
char_reider,Reider,reider,,,,,,Maia,,Immortals,high,,,,,,,,,,,Maia,M,,retired,Boardreader,no,no,2026_06_16_retired_immortals,MUME retired immortal list,List current as of 2026-06-16,immortal_2026_06_16_retired_immortals_reider_673_listed_retired_immortal,candidate,Copied by Lewis. Includes Boardreaders and honorary True Legend entry for Norsu.,immortal,yes,yes,data/evidence/whois_display/html/reider.html,data/evidence/whois_display/text/reider.txt,mha:reider:1781605538:2d493cbf,high,0,0,0,,,no,0,,0,,no,no
char_reddas,Reddas,reddas,,,,,,Maia,,Immortals,high,,,,,,,,,,,Maia,M,,retired,Boardreader,no,no,2026_06_16_retired_immortals,MUME retired immortal list,List current as of 2026-06-16,immortal_2026_06_16_retired_immortals_reddas_672_listed_retired_immortal,candidate,Copied by Lewis. Includes Boardreaders and honorary True Legend entry for Norsu.,immortal,yes,yes,data/evidence/whois_display/html/reddas.html,data/evidence/whois_display/text/reddas.txt,mha:reddas:1781605531:ffac3f97,high,0,0,0,,,no,0,,1,low:1,no,yes
char_fluk,Fluk,fluk,,,,,,Maia,,Immortals,high,,,,,,,,,,,Maia,M,,retired,Boardreader,no,no,2026_06_16_retired_immortals,MUME retired immortal list,List current as of 2026-06-16,immortal_2026_06_16_retired_immortals_fluk_460_listed_retired_immortal,candidate,Copied by Lewis. Includes Boardreaders and honorary True Legend entry for Norsu.,immortal,yes,yes,data/evidence/whois_display/html/fluk.html,data/evidence/whois_display/text/fluk.txt,mha:fluk:1781579789:aa43ebae,high,0,0,0,,,no,0,,0,,no,no
char_tabris,Tabris,tabris,,,,,,Maia,,Immortals,high,Cartographer,Cartographer,Cartographer,high,,,,,,,Maia,M,Cartographer,current,Maia,no,no,2026_06_16_current_immortals,MUME current immortal list,List current as of 2026-06-16,immortal_2026_06_16_current_immortals_tabris_97_listed_current_immortal,candidate,Copied by Lewis. (+m) means the immortal is also a Maiar Muddler / muddle code contributor.,immortal,yes,yes,data/evidence/whois_display/html/tabris.html,data/evidence/whois_display/text/tabris.txt,mha:tabris:1781606145:d8192be0,high,0,0,0,,,no,0,,2,medium:1; low:1,no,yes
char_narcissus,Narcissus,narcissus,,,,,,Maia,,Immortals,high,Builder,Builder,Builder,high,,,,,,,Maia,M,Builder,retired,Maia,no,no,2026_06_16_retired_immortals,MUME retired immortal list,List current as of 2026-06-16,immortal_2026_06_16_retired_immortals_narcissus_193_listed_retired_immortal,candidate,Copied by Lewis. Includes Boardreaders and honorary True Legend entry for Norsu.,immortal,yes,yes,data/evidence/whois_display/html/narcissus.html,data/evidence/whois_display/text/narcissus.txt,mha:narcissus:1781605020:deafdb96,high,0,0,0,,,no,0,,0,,no,no
char_ranoc,Ranoc,ranoc,,,,,,Maia,,Immortals,high,,,,,,,,,,,Maia,M,,retired,Boardreader,no,no,2026_06_16_retired_immortals,MUME retired immortal list,List current as of 2026-06-16,immortal_2026_06_16_retired_immortals_ranoc_666_listed_retired_immortal,candidate,Copied by Lewis. Includes Boardreaders and honorary True Legend entry for Norsu.,immortal,yes,yes,data/evidence/whois_display/html/ranoc.html,data/evidence/whois_display/text/ranoc.txt,mha:ranoc:1781605480:c7ad6534,high,0,0,0,,,no,0,,0,,no,no
char_lilja,Lilja,lilja,,,,,,Maia,,Immortals,high,Cartographer,Cartographer,Cartographer,high,,,,,,,Maia,M,Cartographer,retired,Maia,no,no,2026_06_16_retired_immortals,MUME retired immortal list,List current as of 2026-06-16,immortal_2026_06_16_retired_immortals_lilja_256_listed_retired_immortal,candidate,Copied by Lewis. Includes Boardreaders and honorary True Legend entry for Norsu.,immortal,yes,yes,data/evidence/whois_display/html/lilja.html,data/evidence/whois_display/text/lilja.txt,mha:lilja:1781604370:80abaff0,high,0,0,0,,,no,0,,0,,no,no
char_temdor,Temdor,temdor,,,,,,Maia,,Immortals,high,,,,,,,,,,,Maia,M,,retired,Boardreader,no,no,2026_06_16_retired_immortals,MUME retired immortal list,List current as of 2026-06-16,immortal_2026_06_16_retired_immortals_temdor_737_listed_retired_immortal,candidate,Copied by Lewis. Includes Boardreaders and honorary True Legend entry for Norsu.,immortal,yes,yes,data/evidence/whois_display/html/temdor.html,data/evidence/whois_display/text/temdor.txt,mha:temdor:1781606220:e3c7d944,high,0,0,0,,,no,0,,0,,no,no
char_helmuta,Helmuta,helmuta,,,,,,Maia,,Immortals,high,,,,,,,,,,,Maia,M,,retired,Boardreader,no,no,2026_06_16_retired_immortals,MUME retired immortal list,List current as of 2026-06-16,immortal_2026_06_16_retired_immortals_helmuta_499_listed_retired_immortal,candidate,Copied by Lewis. Includes Boardreaders and honorary True Legend entry for Norsu.,immortal,yes,yes,data/evidence/whois_display/html/helmuta.html,data/evidence/whois_display/text/helmuta.txt,mha:helmuta:1781586213:7a76b104,high,0,0,0,,,no,0,,0,,no,no
char_are,are,are,,,,,,Maia,,Immortals,high,Wright,Wright,Wright,high,,,,,,,Maia,M,Wright,,,,,,,,,,,immortal,yes,yes,data/evidence/whois_display/html/are.html,data/evidence/whois_display/text/are.txt,mha:destiny:1781578895:2d1e8b86,high,0,0,0,,,no,0,,0,,no,no
char_dorn,Dorn,dorn,,,,,,Maia,,Immortals,high,Builder,Builder,Builder,high,,,,,,,Maia,M,Builder,retired,Maia,no,no,2026_06_16_retired_immortals,MUME retired immortal list,List current as of 2026-06-16,immortal_2026_06_16_retired_immortals_dorn_182_listed_retired_immortal,candidate,Copied by Lewis. Includes Boardreaders and honorary True Legend entry for Norsu.,immortal,yes,yes,data/evidence/whois_display/html/dorn.html,data/evidence/whois_display/text/dorn.txt,mha:dorn:1781578939:4caf4f97,high,0,0,0,,,no,0,,0,,no,no
char_orm,Orm,orm,,,,,,Maia,,Immortals,high,,,,,,,,,,,Maia,M,,retired,Boardreader,no,no,2026_06_16_retired_immortals,MUME retired immortal list,List current as of 2026-06-16,immortal_2026_06_16_retired_immortals_orm_642_listed_retired_immortal,candidate,Copied by Lewis. Includes Boardreaders and honorary True Legend entry for Norsu.,immortal,yes,yes,data/evidence/whois_display/html/orm.html,data/evidence/whois_display/text/orm.txt,mha:orm:1781605253:25ba4ec8,high,0,0,0,,,no,0,,0,,no,no
char_kheldur,Kheldur,kheldur,,,,,,Maia,,Immortals,high,,,,,,,,,,,Maia,M,,retired,Boardreader,no,no,2026_06_16_retired_immortals,MUME retired immortal list,List current as of 2026-06-16,immortal_2026_06_16_retired_immortals_kheldur_544_listed_retired_immortal,candidate,Copied by Lewis. Includes Boardreaders and honorary True Legend entry for Norsu.,immortal,yes,yes,data/evidence/whois_display/html/kheldur.html,data/evidence/whois_display/text/kheldur.txt,mha:kheldur:1781604066:63a6e164,high,23,1,1,comma_name_list:23,Gáulgon; Bëolden; Säpo; Frösch; Eradan; Fëndor; Walda; Shâldún; Aquiles; Zapô; Eärubon; Razakel,yes,1,20.0,0,,no,yes
char_eis,Eis,eis,,,,,,Maia,,Immortals,high,,,,,,,,,,,Maia,M,,retired,Boardreader,no,no,2026_06_16_retired_immortals,MUME retired immortal list,List current as of 2026-06-16,immortal_2026_06_16_retired_immortals_eis_421_listed_retired_immortal,candidate,Copied by Lewis. Includes Boardreaders and honorary True Legend entry for Norsu.,immortal,yes,yes,data/evidence/whois_display/html/eis.html,data/evidence/whois_display/text/eis.txt,mha:eis:1781579077:394eadec,high,0,0,0,,,no,0,,0,,no,no
char_prabowo,Prabowo,prabowo,,,,,,Maia,,Immortals,high,,,,,,,,,,,Maia,M,,retired,Boardreader,no,no,2026_06_16_retired_immortals,MUME retired immortal list,List current as of 2026-06-16,immortal_2026_06_16_retired_immortals_prabowo_659_listed_retired_immortal,candidate,Copied by Lewis. Includes Boardreaders and honorary True Legend entry for Norsu.,immortal,yes,yes,data/evidence/whois_display/html/prabowo.html,data/evidence/whois_display/text/prabowo.txt,mha:prabowo:1781605408:95f17dcb,high,0,0,0,,,no,0,,0,,no,no
char_berek,Berek,berek,,,,,,Maia,,Immortals,high,,,,,,,,,,,Maia,M,,retired,Boardreader,no,no,2026_06_16_retired_immortals,MUME retired immortal list,List current as of 2026-06-16,immortal_2026_06_16_retired_immortals_berek_349_listed_retired_immortal,candidate,Copied by Lewis. Includes Boardreaders and honorary True Legend entry for Norsu.,immortal,yes,yes,data/evidence/whois_display/html/berek.html,data/evidence/whois_display/text/berek.txt,mha:berek:1781577931:979b8149,high,0,0,0,,,yes,1,42.0,0,,no,no
char_parador,Parador,parador,,,,,,Maia,,Immortals,high,Cartographer,Cartographer,Cartographer,high,,,,,,,Maia,M,Cartographer,retired,Maia,no,no,2026_06_16_retired_immortals,MUME retired immortal list,List current as of 2026-06-16,immortal_2026_06_16_retired_immortals_parador_269_listed_retired_immortal,candidate,Copied by Lewis. Includes Boardreaders and honorary True Legend entry for Norsu.,immortal,yes,yes,data/evidence/whois_display/html/parador.html,data/evidence/whois_display/text/parador.txt,mha:parador:1781605309:44d81ac7,high,0,0,0,,,no,0,,0,,no,no
char_pong,Pong,pong,,,,,,Maia,,Immortals,high,,,,,,,,,,,Maia,M,,retired,Boardreader,no,no,2026_06_16_retired_immortals,MUME retired immortal list,List current as of 2026-06-16,immortal_2026_06_16_retired_immortals_pong_658_listed_retired_immortal,candidate,Copied by Lewis. Includes Boardreaders and honorary True Legend entry for Norsu.,immortal,yes,yes,data/evidence/whois_display/html/pong.html,data/evidence/whois_display/text/pong.txt,mha:pong:1781605397:8398be04,high,0,0,0,,,no,0,,0,,no,no
char_pils,Pils,pils,,,,,,Maia,,Immortals,high,Cartographer,Cartographer,Cartographer,high,,,,,,,Maia,M,Cartographer,retired,Maia,no,no,2026_06_16_retired_immortals,MUME retired immortal list,List current as of 2026-06-16,immortal_2026_06_16_retired_immortals_pils_271_listed_retired_immortal,candidate,Copied by Lewis. Includes Boardreaders and honorary True Legend entry for Norsu.,immortal,yes,yes,data/evidence/whois_display/html/pils.html,data/evidence/whois_display/text/pils.txt,mha:pils:1781605381:542fbbcc,high,0,0,0,,,yes,1,50.5,0,,no,no
char_pikel,Pikel,pikel,,,,,,Maia,,Immortals,high,Wright,Wright,Wright,high,,,,,,,Maia,M,Wright,retired,Maia,no,no,2026_06_16_retired_immortals,MUME retired immortal list,List current as of 2026-06-16,immortal_2026_06_16_retired_immortals_pikel_150_listed_retired_immortal,candidate,Copied by Lewis. Includes Boardreaders and honorary True Legend entry for Norsu.,immortal,yes,yes,data/evidence/whois_display/html/pikel.html,data/evidence/whois_display/text/pikel.txt,mha:pikel:1781605370:6ef846d6,high,0,0,0,,,no,0,,0,,no,no
char_grung,Grung,grung,,,,,,Maia,,Immortals,high,,,,,,,,,,,Maia,M,,retired,Boardreader,no,no,2026_06_16_retired_immortals,MUME retired immortal list,List current as of 2026-06-16,immortal_2026_06_16_retired_immortals_grung_486_listed_retired_immortal,candidate,Copied by Lewis. Includes Boardreaders and honorary True Legend entry for Norsu.,immortal,yes,yes,data/evidence/whois_display/html/grung.html,data/evidence/whois_display/text/grung.txt,mha:grung:1781580114:44c226f8,high,0,0,0,,,no,0,,0,,no,no
char_leew,Leew,leew,,,,,,Maia,,Immortals,high,,,,,,,,,,,Maia,M,,retired,Boardreader,no,no,2026_06_16_retired_immortals,MUME retired immortal list,List current as of 2026-06-16,immortal_2026_06_16_retired_immortals_leew_566_listed_retired_immortal,candidate,Copied by Lewis. Includes Boardreaders and honorary True Legend entry for Norsu.,immortal,yes,yes,data/evidence/whois_display/html/leew.html,data/evidence/whois_display/text/leew.txt,mha:leew:1781604309:14ffd3d6,high,0,0,0,,,no,0,,0,,no,no
char_gomtuu,Gomtuu,gomtuu,,,,,,Maia,,Immortals,high,,,,,,,,,,,Maia,M,,retired,Boardreader,no,no,2026_06_16_retired_immortals,MUME retired immortal list,List current as of 2026-06-16,immortal_2026_06_16_retired_immortals_gomtuu_478_listed_retired_immortal,candidate,Copied by Lewis. Includes Boardreaders and honorary True Legend entry for Norsu.,immortal,yes,yes,data/evidence/whois_display/html/gomtuu.html,data/evidence/whois_display/text/gomtuu.txt,mha:gomtuu:1781580020:c83ab9a4,high,0,0,0,,,no,0,,0,,no,no
char_gamór,Gamór,gamor,,,,,,Maia,,Immortals,high,Wright,Wright,Wright,high,,,,,,,Maia,M,Wright,current,Maia,yes,no,2026_06_16_current_immortals,MUME current immortal list,List current as of 2026-06-16,immortal_2026_06_16_current_immortals_gamor_35_listed_current_immortal,candidate,Copied by Lewis. (+m) means the immortal is also a Maiar Muddler / muddle code contributor.,immortal,yes,yes,data/evidence/whois_display/html/gamor.html,data/evidence/whois_display/text/gamor.txt,mha:gamór:1781579921:e1f195bd,high,9,0,0,comma_name_list:9,Benedictus; Dalen; Dearth; Myshkin; Täpp; Snul; Belmont; Conchis; Deloitte,no,0,,0,,no,yes
char_phloxy,Phloxy,phloxy,,,,,,Maia,,Immortals,high,Builder,Builder,Builder,high,,,,,,,Maia,M,Builder,retired,Maia,no,no,2026_06_16_retired_immortals,MUME retired immortal list,List current as of 2026-06-16,immortal_2026_06_16_retired_immortals_phloxy_195_listed_retired_immortal,candidate,Copied by Lewis. Includes Boardreaders and honorary True Legend entry for Norsu.,immortal,yes,yes,data/evidence/whois_display/html/phloxy.html,data/evidence/whois_display/text/phloxy.txt,mha:phloxy:1781605359:1d34bba2,high,0,0,0,,,no,0,,0,,no,no
char_phishhead,Phishhead,phishhead,,,,,,Maia,,Immortals,high,,,,,,,,,,,Maia,M,,retired,Boardreader,no,no,2026_06_16_retired_immortals,MUME retired immortal list,List current as of 2026-06-16,immortal_2026_06_16_retired_immortals_phishhead_654_listed_retired_immortal,candidate,Copied by Lewis. Includes Boardreaders and honorary True Legend entry for Norsu.,immortal,yes,yes,data/evidence/whois_display/html/phishhead.html,data/evidence/whois_display/text/phishhead.txt,mha:phishhead:1781605353:699d24b1,high,0,0,0,,,no,0,,0,,no,no
char_keram,Keram,keram,,,,,,Maia,,Immortals,high,,,,,,,,,,,Maia,M,,retired,Boardreader,no,no,2026_06_16_retired_immortals,MUME retired immortal list,List current as of 2026-06-16,immortal_2026_06_16_retired_immortals_keram_537_listed_retired_immortal,candidate,Copied by Lewis. Includes Boardreaders and honorary True Legend entry for Norsu.,immortal,yes,yes,data/evidence/whois_display/html/keram.html,data/evidence/whois_display/text/keram.txt,mha:keram:1781604016:fe5253f4,high,0,0,0,,,no,0,,0,,no,no
char_petrel,Petrel,petrel,,,,,,Vala,,Immortals,high,Architect,Architect,Architect,high,,,,,,,Vala,V,Architect,retired,Vala,no,no,2026_06_16_retired_immortals,MUME retired immortal list,List current as of 2026-06-16,immortal_2026_06_16_retired_immortals_petrel_60_listed_retired_immortal,candidate,Copied by Lewis. Includes Boardreaders and honorary True Legend entry for Norsu.,immortal,yes,yes,data/evidence/whois_display/html/petrel.html,data/evidence/whois_display/text/petrel.txt,mha:petrel:1781605342:1c434dd2,high,0,0,0,,,no,0,,0,,no,no
char_shorn,Shorn,shorn,,,,,,Maia,,Immortals,high,Builder,Builder,Builder,high,,,,,,,Maia,M,Builder,retired,Maia,no,no,2026_06_16_retired_immortals,MUME retired immortal list,List current as of 2026-06-16,immortal_2026_06_16_retired_immortals_shorn_198_listed_retired_immortal,candidate,Copied by Lewis. Includes Boardreaders and honorary True Legend entry for Norsu.,immortal,yes,yes,data/evidence/whois_display/html/shorn.html,data/evidence/whois_display/text/shorn.txt,mha:shorn:1781605871:eae65661,high,0,0,0,,,no,0,,0,,no,no
char_ioméne,Ioméne,iomene,,,,,,Maia,,Immortals,high,,,,,,,,,,,Maia,M,,retired,Boardreader,no,no,2026_06_16_retired_immortals,MUME retired immortal list,List current as of 2026-06-16,immortal_2026_06_16_retired_immortals_iomene_518_listed_retired_immortal,candidate,Copied by Lewis. Includes Boardreaders and honorary True Legend entry for Norsu.,immortal,yes,yes,data/evidence/whois_display/html/iomene.html,data/evidence/whois_display/text/iomene.txt,mha:ioméne:1781587173:32a39e92,high,23,17,17,comma_name_list:23,Sistina; Azylic; Miyahk; Mandor; Kazan; Draken; Dragoth; Gattling; Meliza; Giha; Donnamira; Atlas,no,0,,0,,no,yes
char_paunch,Paunch,paunch,,,,,,Maia,,Immortals,high,,,,,,,,,,,Maia,M,,retired,Boardreader,no,no,2026_06_16_retired_immortals,MUME retired immortal list,List current as of 2026-06-16,immortal_2026_06_16_retired_immortals_paunch_652_listed_retired_immortal,candidate,Copied by Lewis. Includes Boardreaders and honorary True Legend entry for Norsu.,immortal,yes,yes,data/evidence/whois_display/html/paunch.html,data/evidence/whois_display/text/paunch.txt,mha:paunch:1781605325:eee3cfc5,high,0,0,0,,,yes,1,30.0,0,,no,no
char_faeythe,Faeythe,faeythe,,,,,,Maia,,Immortals,high,,,,,,,,,,,Maia,M,,retired,Boardreader,no,no,2026_06_16_retired_immortals,MUME retired immortal list,List current as of 2026-06-16,immortal_2026_06_16_retired_immortals_faeythe_442_listed_retired_immortal,candidate,Copied by Lewis. Includes Boardreaders and honorary True Legend entry for Norsu.,immortal,yes,yes,data/evidence/whois_display/html/faeythe.html,data/evidence/whois_display/text/faeythe.txt,mha:faeythe:1781579642:843b4ea6,high,0,0,0,,,yes,1,52.0,0,,no,no
char_patriot,Patriot,patriot,,,,,,Maia,,Immortals,high,,,,,,,,,,,Maia,M,,retired,Boardreader,no,no,2026_06_16_retired_immortals,MUME retired immortal list,List current as of 2026-06-16,immortal_2026_06_16_retired_immortals_patriot_651_listed_retired_immortal,candidate,Copied by Lewis. Includes Boardreaders and honorary True Legend entry for Norsu.,immortal,yes,yes,data/evidence/whois_display/html/patriot.html,data/evidence/whois_display/text/patriot.txt,mha:patriot:1781605320:597ba495,high,0,0,0,,,no,0,,0,,no,no
char_nightshade,Nightshade,nightshade,,,,,,Maia,,Immortals,high,,,,,,,,,,,Maia,M,,retired,Boardreader,no,no,2026_06_16_retired_immortals,MUME retired immortal list,List current as of 2026-06-16,immortal_2026_06_16_retired_immortals_nightshade_626_listed_retired_immortal,candidate,Copied by Lewis. Includes Boardreaders and honorary True Legend entry for Norsu.,immortal,yes,yes,data/evidence/whois_display/html/nightshade.html,data/evidence/whois_display/text/nightshade.txt,mha:nightshade:1781605087:a6355255,high,0,0,0,,,no,0,,0,,no,no
char_paladin,Paladin,paladin,,,,,,Maia,,Immortals,high,,,,,,,,,,,Maia,M,,retired,Boardreader,no,no,2026_06_16_retired_immortals,MUME retired immortal list,List current as of 2026-06-16,immortal_2026_06_16_retired_immortals_paladin_648_listed_retired_immortal,candidate,Copied by Lewis. Includes Boardreaders and honorary True Legend entry for Norsu.,immortal,yes,yes,data/evidence/whois_display/html/paladin.html,data/evidence/whois_display/text/paladin.txt,mha:paladin:1781605287:b7907f2b,high,0,0,0,,,no,0,,0,,no,no
char_brandish,Brandish,brandish,,,,,,Maia,,Immortals,high,Wright,Wright,Wright,high,,,,,,,Maia,M,Wright,current,Maia,no,no,2026_06_16_current_immortals,MUME current immortal list,List current as of 2026-06-16,immortal_2026_06_16_current_immortals_brandish_27_listed_current_immortal,candidate,Copied by Lewis. (+m) means the immortal is also a Maiar Muddler / muddle code contributor.,immortal,yes,yes,data/evidence/whois_display/html/brandish.html,data/evidence/whois_display/text/brandish.txt,mha:brandish:1781578476:c0e0ba1b,high,0,0,0,,,yes,1,48.0,0,,no,no
char_one,One,one,,,,,,Maia,,Immortals,high,,,,,,,,,,,Maia,M,,retired,Boardreader,no,no,2026_06_16_retired_immortals,MUME retired immortal list,List current as of 2026-06-16,immortal_2026_06_16_retired_immortals_one_639_listed_retired_immortal,candidate,Copied by Lewis. Includes Boardreaders and honorary True Legend entry for Norsu.,immortal,yes,yes,data/evidence/whois_display/html/one.html,data/evidence/whois_display/text/one.txt,mha:one:1781605225:e498641d,high,0,0,0,,,no,0,,0,,no,no
char_pallando,Pallando,pallando,,,,,,Maia,,Immortals,high,Wright,Wright,Wright,high,,,,,,,Maia,M,Wright,retired,Maia,no,no,2026_06_16_retired_immortals,MUME retired immortal list,List current as of 2026-06-16,immortal_2026_06_16_retired_immortals_pallando_148_listed_retired_immortal,candidate,Copied by Lewis. Includes Boardreaders and honorary True Legend entry for Norsu.,immortal,yes,yes,data/evidence/whois_display/html/pallando.html,data/evidence/whois_display/text/pallando.txt,mha:pallando:1781605292:d6e821d3,high,0,0,0,,,no,0,,0,,no,no
char_jeridoc,Jeridoc,jeridoc,,,,,,Maia,,Immortals,high,,,,,,,,,,,Maia,M,,retired,Boardreader,no,no,2026_06_16_retired_immortals,MUME retired immortal list,List current as of 2026-06-16,immortal_2026_06_16_retired_immortals_jeridoc_525_listed_retired_immortal,candidate,Copied by Lewis. Includes Boardreaders and honorary True Legend entry for Norsu.,immortal,yes,yes,data/evidence/whois_display/html/jeridoc.html,data/evidence/whois_display/text/jeridoc.txt,mha:jeridoc:1781603874:dc9fce78,high,0,0,0,,,no,0,,0,,no,no
char_papa,Papa,papa,,,,,,Maia,,Immortals,high,,,,,,,,,,,Maia,M,,retired,Boardreader,no,no,2026_06_16_retired_immortals,MUME retired immortal list,List current as of 2026-06-16,immortal_2026_06_16_retired_immortals_papa_650_listed_retired_immortal,candidate,Copied by Lewis. Includes Boardreaders and honorary True Legend entry for Norsu.,immortal,yes,yes,data/evidence/whois_display/html/papa.html,data/evidence/whois_display/text/papa.txt,mha:papa:1781605303:67320452,high,0,0,0,,,no,0,,1,medium:1,no,yes
char_graven,Graven,graven,,,,,,Maia,,Immortals,high,Wright,Wright,Wright,high,,,,,,,Maia,M,Wright,current,Maia,yes,no,2026_06_16_current_immortals,MUME current immortal list,List current as of 2026-06-16,immortal_2026_06_16_current_immortals_graven_36_listed_current_immortal,candidate,Copied by Lewis. (+m) means the immortal is also a Maiar Muddler / muddle code contributor.,immortal,yes,yes,data/evidence/whois_display/html/graven.html,data/evidence/whois_display/text/graven.txt,mha:graven:1781580070:5ad2106e,high,0,0,0,,,no,0,,0,,no,no
char_ilie,Ilie,ilie,,,,,,Arata,,Immortals,high,,,,,,,,,,,Arata,A,,retired,Aratar,no,no,2026_06_16_retired_immortals,MUME retired immortal list,List current as of 2026-06-16,immortal_2026_06_16_retired_immortals_ilie_6_listed_retired_immortal,candidate,Copied by Lewis. Includes Boardreaders and honorary True Legend entry for Norsu.,immortal,yes,yes,data/evidence/whois_display/html/ilie.html,data/evidence/whois_display/text/ilie.txt,mha:ilie:1781587085:b118ddf9,high,0,0,0,,,no,0,,0,,no,no
char_helluin,Helluin,helluin,,,,,,Maia,,Immortals,high,Cartographer,Cartographer,Cartographer,high,,,,,,,Maia,M,Cartographer,current,Maia,no,no,2026_06_16_current_immortals,MUME current immortal list,List current as of 2026-06-16,immortal_2026_06_16_current_immortals_helluin_73_listed_current_immortal,candidate,Copied by Lewis. (+m) means the immortal is also a Maiar Muddler / muddle code contributor.,immortal,yes,yes,data/evidence/whois_display/html/helluin.html,data/evidence/whois_display/text/helluin.txt,mha:helluin:1781586207:3a28863f,high,0,0,0,,,no,0,,0,,no,no
char_ossë,Ossë,osse,,,,,,Maia,,Immortals,high,,,,,,,,,,,Maia,M,,retired,Boardreader,no,no,2026_06_16_retired_immortals,MUME retired immortal list,List current as of 2026-06-16,immortal_2026_06_16_retired_immortals_osse_644_listed_retired_immortal,candidate,Copied by Lewis. Includes Boardreaders and honorary True Legend entry for Norsu.,immortal,yes,yes,data/evidence/whois_display/html/osse.html,data/evidence/whois_display/text/osse.txt,mha:ossë:1781605264:701a32e7,high,0,0,0,,,no,0,,0,,no,no
char_ori,Ori,ori,,,,,,Maia,,Immortals,high,,,,,,,,,,,Maia,M,,retired,Boardreader,no,no,2026_06_16_retired_immortals,MUME retired immortal list,List current as of 2026-06-16,immortal_2026_06_16_retired_immortals_ori_641_listed_retired_immortal,candidate,Copied by Lewis. Includes Boardreaders and honorary True Legend entry for Norsu.,immortal,yes,yes,data/evidence/whois_display/html/ori.html,data/evidence/whois_display/text/ori.txt,mha:ori:1781605236:7811ae31,high,0,0,0,,,no,0,,0,,no,no
char_arathorn,Arathorn,arathorn,,,,,,Vala,,Immortals,high,Mudller,Mudller,Mudller,high,,,,,,,Vala,V,Mudller,retired,Vala,no,no,2026_06_16_retired_immortals,MUME retired immortal list,List current as of 2026-06-16,immortal_2026_06_16_retired_immortals_arathorn_19_listed_retired_immortal,candidate,Copied by Lewis. Includes Boardreaders and honorary True Legend entry for Norsu.,immortal,yes,yes,data/evidence/whois_display/html/arathorn.html,data/evidence/whois_display/text/arathorn.txt,mha:arathorn:1781577583:dc3413d6,high,0,0,0,,,no,0,,0,,no,no
char_pandelume,Pandelume,pandelume,,,,,,Maia,,Immortals,high,,,,,,,,,,,Maia,M,,retired,Boardreader,no,no,2026_06_16_retired_immortals,MUME retired immortal list,List current as of 2026-06-16,immortal_2026_06_16_retired_immortals_pandelume_649_listed_retired_immortal,candidate,Copied by Lewis. Includes Boardreaders and honorary True Legend entry for Norsu.,immortal,yes,yes,data/evidence/whois_display/html/pandelume.html,data/evidence/whois_display/text/pandelume.txt,mha:pandelume:1781605298:4b1ffa5d,high,0,0,0,,,no,0,,0,,no,no
char_ludwig,Ludwig,ludwig,,,,,,Maia,,Immortals,high,Wright,Wright,Wright,high,,,,,,,Maia,M,Wright,retired,Maia,no,no,2026_06_16_retired_immortals,MUME retired immortal list,List current as of 2026-06-16,immortal_2026_06_16_retired_immortals_ludwig_133_listed_retired_immortal,candidate,Copied by Lewis. Includes Boardreaders and honorary True Legend entry for Norsu.,immortal,yes,yes,data/evidence/whois_display/html/ludwig.html,data/evidence/whois_display/text/ludwig.txt,mha:ludwig:1781604480:3b50fdbf,high,0,0,0,,,no,0,,0,,no,no
char_kjell,Kjell,kjell,,,,,,Maia,,Immortals,high,,,,,,,,,,,Maia,M,,retired,Boardreader,no,no,2026_06_16_retired_immortals,MUME retired immortal list,List current as of 2026-06-16,immortal_2026_06_16_retired_immortals_kjell_549_listed_retired_immortal,candidate,Copied by Lewis. Includes Boardreaders and honorary True Legend entry for Norsu.,immortal,yes,yes,data/evidence/whois_display/html/kjell.html,data/evidence/whois_display/text/kjell.txt,mha:kjell:1781604106:5f8cb51f,high,0,0,0,,,no,0,,0,,no,no
char_oisín,Oisín,oisin,,,,,,Maia,,Immortals,high,Builder,Builder,Builder,high,,,,,,,Maia,M,Builder,current,Maia,no,no,2026_06_16_current_immortals,MUME current immortal list,List current as of 2026-06-16,immortal_2026_06_16_current_immortals_oisin_54_listed_current_immortal,candidate,Copied by Lewis. (+m) means the immortal is also a Maiar Muddler / muddle code contributor.,immortal,yes,yes,data/evidence/whois_display/html/oisin.html,data/evidence/whois_display/text/oisin.txt,mha:oisín:1781605203:a6e7632e,high,0,0,0,,,no,0,,0,,no,no
char_gehrman,Gehrman,gehrman,,,,,,Maia,,Immortals,high,,,,,,,,,,,Maia,M,,retired,Boardreader,no,no,2026_06_16_retired_immortals,MUME retired immortal list,List current as of 2026-06-16,immortal_2026_06_16_retired_immortals_gehrman_472_listed_retired_immortal,candidate,Copied by Lewis. Includes Boardreaders and honorary True Legend entry for Norsu.,immortal,yes,yes,data/evidence/whois_display/html/gehrman.html,data/evidence/whois_display/text/gehrman.txt,mha:gehrman:1781579965:ef033747,high,0,0,0,,,no,0,,0,,no,no
char_calebin,Calebin,calebin,,,,,,Maia,,Immortals,high,Wright,Wright,Wright,high,,,,,,,Maia,M,Wright,retired,Maia,no,no,2026_06_16_retired_immortals,MUME retired immortal list,List current as of 2026-06-16,immortal_2026_06_16_retired_immortals_calebin_88_listed_retired_immortal,candidate,Copied by Lewis. Includes Boardreaders and honorary True Legend entry for Norsu.,immortal,yes,yes,data/evidence/whois_display/html/calebin.html,data/evidence/whois_display/text/calebin.txt,mha:calebin:1781578558:5dcbfe68,high,0,0,0,,,no,0,,0,,no,no
char_nymne,Nymne,nymne,,,,,,Maia,,Immortals,high,,,,,,,,,,,Maia,M,,retired,Boardreader,no,no,2026_06_16_retired_immortals,MUME retired immortal list,List current as of 2026-06-16,immortal_2026_06_16_retired_immortals_nymne_635_listed_retired_immortal,candidate,Copied by Lewis. Includes Boardreaders and honorary True Legend entry for Norsu.,immortal,yes,yes,data/evidence/whois_display/html/nymne.html,data/evidence/whois_display/text/nymne.txt,mha:nymne:1781605159:e2357886,high,0,0,0,,,no,0,,0,,no,no
char_blimb,Blimb,blimb,,,,,,Maia,,Immortals,high,Builder,Builder,Builder,high,,,,,,,Maia,M,Builder,retired,Maia,no,no,2026_06_16_retired_immortals,MUME retired immortal list,List current as of 2026-06-16,immortal_2026_06_16_retired_immortals_blimb_176_listed_retired_immortal,candidate,Copied by Lewis. Includes Boardreaders and honorary True Legend entry for Norsu.,immortal,yes,yes,data/evidence/whois_display/html/blimb.html,data/evidence/whois_display/text/blimb.txt,mha:blimb:1781577980:60d81291,high,9,0,0,heading_name_list:5; comma_name_list:4,Igrof; Ozark; Fazu; Phor; Boellebob,no,0,,0,,no,yes
char_norton,Norton,norton,,,,,,Maia,,Immortals,high,,,,,,,,,,,Maia,M,,retired,Boardreader,no,no,2026_06_16_retired_immortals,MUME retired immortal list,List current as of 2026-06-16,immortal_2026_06_16_retired_immortals_norton_634_listed_retired_immortal,candidate,Copied by Lewis. Includes Boardreaders and honorary True Legend entry for Norsu.,immortal,yes,yes,data/evidence/whois_display/html/norton.html,data/evidence/whois_display/text/norton.txt,mha:norton:1781605142:65dd507c,high,0,0,0,,,no,0,,0,,no,no
char_becrux,Becrux,becrux,,,,,,Maia,,Immortals,high,,,,,,,,,,,Maia,M,,retired,Boardreader,no,no,2026_06_16_retired_immortals,MUME retired immortal list,List current as of 2026-06-16,immortal_2026_06_16_retired_immortals_becrux_344_listed_retired_immortal,candidate,Copied by Lewis. Includes Boardreaders and honorary True Legend entry for Norsu.,immortal,yes,yes,data/evidence/whois_display/html/becrux.html,data/evidence/whois_display/text/becrux.txt,mha:becrux:1781577881:9b9d1f1b,high,0,0,0,,,no,0,,0,,no,no
char_gablgin,Gablgin,gablgin,,,,,,Maia,,Immortals,high,,,,,,,,,,,Maia,M,,retired,Boardreader,no,no,2026_06_16_retired_immortals,MUME retired immortal list,List current as of 2026-06-16,immortal_2026_06_16_retired_immortals_gablgin_467_listed_retired_immortal,candidate,Copied by Lewis. Includes Boardreaders and honorary True Legend entry for Norsu.,immortal,yes,yes,data/evidence/whois_display/html/gablgin.html,data/evidence/whois_display/text/gablgin.txt,mha:gablgin:1781579905:80442601,high,0,0,0,,,no,0,,0,,no,no
char_cosmos,Cosmos,cosmos,,,,,,Maia,,Immortals,high,,,,,,,,,,,Maia,M,,retired,Boardreader,no,no,2026_06_16_retired_immortals,MUME retired immortal list,List current as of 2026-06-16,immortal_2026_06_16_retired_immortals_cosmos_384_listed_retired_immortal,candidate,Copied by Lewis. Includes Boardreaders and honorary True Legend entry for Norsu.,immortal,yes,yes,data/evidence/whois_display/html/cosmos.html,data/evidence/whois_display/text/cosmos.txt,mha:cosmos:1781578713:17ea292b,high,0,0,0,,,no,0,,0,,no,no
char_mordril,Mordril,mordril,,,,,,Maia,,Immortals,high,,,,,,,,,,,Maia,M,,retired,Boardreader,no,no,2026_06_16_retired_immortals,MUME retired immortal list,List current as of 2026-06-16,immortal_2026_06_16_retired_immortals_mordril_608_listed_retired_immortal,candidate,Copied by Lewis. Includes Boardreaders and honorary True Legend entry for Norsu.,immortal,yes,yes,data/evidence/whois_display/html/mordril.html,data/evidence/whois_display/text/mordril.txt,mha:mordril:1781604936:c702e139,high,18,0,0,comma_name_list:11; heading_name_list:7,Spellbinder; Ghim; Khayman; Myst; Slayn; Ryoga; Quicksilver; Lestat; Beld; Danneskjold; Badrock; Magnus,no,0,,0,,no,yes
char_nokiel,Nokiel,nokiel,,,,,,Maia,,Immortals,high,,,,,,,,,,,Maia,M,,retired,Boardreader,no,no,2026_06_16_retired_immortals,MUME retired immortal list,List current as of 2026-06-16,immortal_2026_06_16_retired_immortals_nokiel_631_listed_retired_immortal,candidate,Copied by Lewis. Includes Boardreaders and honorary True Legend entry for Norsu.,immortal,yes,yes,data/evidence/whois_display/html/nokiel.html,data/evidence/whois_display/text/nokiel.txt,mha:nokiel:1781605115:7edd6910,high,0,0,0,,,no,0,,0,,no,no
char_noki,Noki,noki,,,,,,Maia,,Immortals,high,,,,,,,,,,,Maia,M,,retired,Boardreader,no,no,2026_06_16_retired_immortals,MUME retired immortal list,List current as of 2026-06-16,immortal_2026_06_16_retired_immortals_noki_630_listed_retired_immortal,candidate,Copied by Lewis. Includes Boardreaders and honorary True Legend entry for Norsu.,immortal,yes,yes,data/evidence/whois_display/html/noki.html,data/evidence/whois_display/text/noki.txt,mha:noki:1781605109:a073d3f6,high,0,0,0,,,no,0,,0,,no,no
char_raul,Raul,raul,,,,,,Maia,,Immortals,high,,,,,,,,,,,Maia,M,,retired,Boardreader,no,no,2026_06_16_retired_immortals,MUME retired immortal list,List current as of 2026-06-16,immortal_2026_06_16_retired_immortals_raul_668_listed_retired_immortal,candidate,Copied by Lewis. Includes Boardreaders and honorary True Legend entry for Norsu.,immortal,yes,yes,data/evidence/whois_display/html/raul.html,data/evidence/whois_display/text/raul.txt,mha:raul:1781605507:09f74d1c,high,5,3,3,heading_name_list:5,Prist; Brath; Azmodan; Tessa; Kara,no,0,,0,,no,yes
char_nightstar,Nightstar,nightstar,,,,,,Maia,,Immortals,high,,,,,,,,,,,Maia,M,,retired,Boardreader,no,no,2026_06_16_retired_immortals,MUME retired immortal list,List current as of 2026-06-16,immortal_2026_06_16_retired_immortals_nightstar_627_listed_retired_immortal,candidate,Copied by Lewis. Includes Boardreaders and honorary True Legend entry for Norsu.,immortal,yes,yes,data/evidence/whois_display/html/nightstar.html,data/evidence/whois_display/text/nightstar.txt,mha:nightstar:1781605092:ff93640b,high,0,0,0,,,no,0,,0,,no,no
char_dröm,Dröm,drom,,,,,,Maia,,Immortals,high,,,,,,,,,,,Maia,M,,retired,Boardreader,no,no,2026_06_16_retired_immortals,MUME retired immortal list,List current as of 2026-06-16,immortal_2026_06_16_retired_immortals_drom_413_listed_retired_immortal,candidate,Copied by Lewis. Includes Boardreaders and honorary True Legend entry for Norsu.,immortal,yes,yes,data/evidence/whois_display/html/drom.html,data/evidence/whois_display/text/drom.txt,mha:dröm:1781578988:a5e605d9,high,0,0,0,,,yes,1,19.0,0,,no,no
char_force,Force,force,,,,,,Vala,,Immortals,high,Architect,Architect,Architect,high,,,,,,,Vala,V,Architect,current,Vala,no,no,2026_06_16_current_immortals,MUME current immortal list,List current as of 2026-06-16,immortal_2026_06_16_current_immortals_force_14_listed_current_immortal,candidate,Copied by Lewis. (+m) means the immortal is also a Maiar Muddler / muddle code contributor.,immortal,yes,yes,data/evidence/whois_display/html/force.html,data/evidence/whois_display/text/force.txt,mha:force:1781579819:22aef6e5,high,0,0,0,,,no,0,,0,,no,no
char_nienor,Nienor,nienor,,,,,,Arata,,Immortals,high,,,,,,,,,,,Arata,A,,retired,Aratar,no,no,2026_06_16_retired_immortals,MUME retired immortal list,List current as of 2026-06-16,immortal_2026_06_16_retired_immortals_nienor_8_listed_retired_immortal,candidate,Copied by Lewis. Includes Boardreaders and honorary True Legend entry for Norsu.,immortal,yes,yes,data/evidence/whois_display/html/nienor.html,data/evidence/whois_display/text/nienor.txt,mha:nienor:1781605075:2b36a7ac,high,0,0,0,,,no,0,,0,,no,no
char_werligh,Werligh,werligh,,,,,,Maia,,Immortals,high,Wright,Wright,Wright,high,,,,,,,Maia,M,Wright,retired,Maia,no,no,2026_06_16_retired_immortals,MUME retired immortal list,List current as of 2026-06-16,immortal_2026_06_16_retired_immortals_werligh_168_listed_retired_immortal,candidate,Copied by Lewis. Includes Boardreaders and honorary True Legend entry for Norsu.,immortal,yes,yes,data/evidence/whois_display/html/werligh.html,data/evidence/whois_display/text/werligh.txt,mha:werligh:1781606698:1d3368fc,high,0,0,0,,,no,0,,0,,no,no
char_neptune,Neptune,neptune,,,,,,Maia,,Immortals,high,,,,,,,,,,,Maia,M,,retired,Boardreader,no,no,2026_06_16_retired_immortals,MUME retired immortal list,List current as of 2026-06-16,immortal_2026_06_16_retired_immortals_neptune_623_listed_retired_immortal,candidate,Copied by Lewis. Includes Boardreaders and honorary True Legend entry for Norsu.,immortal,yes,yes,data/evidence/whois_display/html/neptune.html,data/evidence/whois_display/text/neptune.txt,mha:neptune:1781605059:53df8248,high,0,0,0,,,no,0,,0,,no,no
char_hobbi,Hobbi,hobbi,,,,,,Maia,,Immortals,high,Wright,Wright,Wright,high,,,,,,,Maia,M,Wright,retired,Maia,no,no,2026_06_16_retired_immortals,MUME retired immortal list,List current as of 2026-06-16,immortal_2026_06_16_retired_immortals_hobbi_114_listed_retired_immortal,candidate,Copied by Lewis. Includes Boardreaders and honorary True Legend entry for Norsu.,immortal,yes,yes,data/evidence/whois_display/html/hobbi.html,data/evidence/whois_display/text/hobbi.txt,mha:hobbi:1781586236:0cb11022,high,3,0,0,comma_name_list:3,Grover; Isabelle; Neorej,no,0,,1,low:1,no,yes
char_neidoles,Neidoles,neidoles,,,,,,Maia,,Immortals,high,,,,,,,,,,,Maia,M,,retired,Boardreader,no,no,2026_06_16_retired_immortals,MUME retired immortal list,List current as of 2026-06-16,immortal_2026_06_16_retired_immortals_neidoles_621_listed_retired_immortal,candidate,Copied by Lewis. Includes Boardreaders and honorary True Legend entry for Norsu.,immortal,yes,yes,data/evidence/whois_display/html/neidoles.html,data/evidence/whois_display/text/neidoles.txt,mha:neidoles:1781605047:71e0675d,high,0,0,0,,,no,0,,0,,no,no
char_nazir,Nazir,nazir,,,,,,Maia,,Immortals,high,,,,,,,,,,,Maia,M,,retired,Boardreader,no,no,2026_06_16_retired_immortals,MUME retired immortal list,List current as of 2026-06-16,immortal_2026_06_16_retired_immortals_nazir_620_listed_retired_immortal,candidate,Copied by Lewis. Includes Boardreaders and honorary True Legend entry for Norsu.,immortal,yes,yes,data/evidence/whois_display/html/nazir.html,data/evidence/whois_display/text/nazir.txt,mha:nazir:1781605042:d171f801,high,0,0,0,,,no,0,,1,low:1,no,yes
char_naxis,Naxis,naxis,,,,,,Maia,,Immortals,high,,,,,,,,,,,Maia,M,,retired,Boardreader,no,no,2026_06_16_retired_immortals,MUME retired immortal list,List current as of 2026-06-16,immortal_2026_06_16_retired_immortals_naxis_619_listed_retired_immortal,candidate,Copied by Lewis. Includes Boardreaders and honorary True Legend entry for Norsu.,immortal,yes,yes,data/evidence/whois_display/html/naxis.html,data/evidence/whois_display/text/naxis.txt,mha:naxis:1781605036:f182d3af,high,0,0,0,,,no,0,,0,,no,no
char_loomis,Loomis,loomis,,,,,,Maia,,Immortals,high,,,,,,,,,,,Maia,M,,retired,Boardreader,no,no,2026_06_16_retired_immortals,MUME retired immortal list,List current as of 2026-06-16,immortal_2026_06_16_retired_immortals_loomis_577_listed_retired_immortal,candidate,Copied by Lewis. Includes Boardreaders and honorary True Legend entry for Norsu.,immortal,yes,yes,data/evidence/whois_display/html/loomis.html,data/evidence/whois_display/text/loomis.txt,mha:loomis:1781604442:a318f311,high,0,0,0,,,no,0,,0,,no,no
char_tinsal,Tinsal,tinsal,,,,,,Maia,,Immortals,high,Cartographer,Cartographer,Cartographer,high,,,,,,,Maia,M,Cartographer,retired,Maia,no,no,2026_06_16_retired_immortals,MUME retired immortal list,List current as of 2026-06-16,immortal_2026_06_16_retired_immortals_tinsal_283_listed_retired_immortal,candidate,Copied by Lewis. Includes Boardreaders and honorary True Legend entry for Norsu.,immortal,yes,yes,data/evidence/whois_display/html/tinsal.html,data/evidence/whois_display/text/tinsal.txt,mha:tinsal:1781606352:2c8b4327,high,0,0,0,,,no,0,,0,,no,no
char_quende,Quende,quende,,,,,,Maia,,Immortals,high,,,,,,,,,,,Maia,M,,retired,Boardreader,no,no,2026_06_16_retired_immortals,MUME retired immortal list,List current as of 2026-06-16,immortal_2026_06_16_retired_immortals_quende_662_listed_retired_immortal,candidate,Copied by Lewis. Includes Boardreaders and honorary True Legend entry for Norsu.,immortal,yes,yes,data/evidence/whois_display/html/quende.html,data/evidence/whois_display/text/quende.txt,mha:quende:1781605425:026fbe43,high,0,0,0,,,no,0,,0,,no,no
char_kizh,Kizh,kizh,,,,,,Maia,,Immortals,high,,,,,,,,,,,Maia,M,,retired,Boardreader,no,no,2026_06_16_retired_immortals,MUME retired immortal list,List current as of 2026-06-16,immortal_2026_06_16_retired_immortals_kizh_548_listed_retired_immortal,candidate,Copied by Lewis. Includes Boardreaders and honorary True Legend entry for Norsu.,immortal,yes,yes,data/evidence/whois_display/html/kizh.html,data/evidence/whois_display/text/kizh.txt,mha:kizh:1781604098:b8ceddb4,high,0,0,0,,,no,0,,0,,no,no
char_mocny,Mocny,mocny,,,,,,Maia,,Immortals,high,Wright,Wright,Wright,high,,,,,,,Maia,M,Wright,retired,Maia,no,no,2026_06_16_retired_immortals,MUME retired immortal list,List current as of 2026-06-16,immortal_2026_06_16_retired_immortals_mocny_142_listed_retired_immortal,candidate,Copied by Lewis. Includes Boardreaders and honorary True Legend entry for Norsu.,immortal,yes,yes,data/evidence/whois_display/html/mocny.html,data/evidence/whois_display/text/mocny.txt,mha:mocny:1781604897:81141cc8,high,0,0,0,,,no,0,,0,,no,no
char_falch,Falch,falch,,,,,,Maia,,Immortals,high,Cartographer,Cartographer,Cartographer,high,,,,,,,Maia,M,Cartographer,retired,Maia,no,no,2026_06_16_retired_immortals,MUME retired immortal list,List current as of 2026-06-16,immortal_2026_06_16_retired_immortals_falch_233_listed_retired_immortal,candidate,Copied by Lewis. Includes Boardreaders and honorary True Legend entry for Norsu.,immortal,yes,yes,data/evidence/whois_display/html/falch.html,data/evidence/whois_display/text/falch.txt,mha:falch:1781579659:73e5afea,high,0,0,0,,,no,0,,0,,no,no
char_terwin,Terwin,terwin,,,,,,Maia,,Immortals,high,Wright,Wright,Wright,high,,,,,,,Maia,M,Wright,retired,Maia,no,no,2026_06_16_retired_immortals,MUME retired immortal list,List current as of 2026-06-16,immortal_2026_06_16_retired_immortals_terwin_160_listed_retired_immortal,candidate,Copied by Lewis. Includes Boardreaders and honorary True Legend entry for Norsu.,immortal,yes,yes,data/evidence/whois_display/html/terwin.html,data/evidence/whois_display/text/terwin.txt,mha:terwin:1781606248:2e057594,high,0,0,0,,,no,0,,0,,no,no
char_elemir,Elemir,elemir,,,,,,Vala,,Immortals,high,Architect,Architect,Architect,high,,,,,,,Vala,V,Architect,current,Vala,no,no,2026_06_16_current_immortals,MUME current immortal list,List current as of 2026-06-16,immortal_2026_06_16_current_immortals_elemir_13_listed_current_immortal,candidate,Copied by Lewis. (+m) means the immortal is also a Maiar Muddler / muddle code contributor.,immortal,yes,yes,data/evidence/whois_display/html/elemir.html,data/evidence/whois_display/text/elemir.txt,mha:elemir:1781579137:9219906f,high,0,0,0,,,no,0,,0,,no,no
char_anómyr,Anómyr,anomyr,,,,,,Maia,,Immortals,high,,,,,,,,,,,Maia,M,,retired,Boardreader,no,no,2026_06_16_retired_immortals,MUME retired immortal list,List current as of 2026-06-16,immortal_2026_06_16_retired_immortals_anomyr_321_listed_retired_immortal,candidate,Copied by Lewis. Includes Boardreaders and honorary True Legend entry for Norsu.,immortal,yes,yes,data/evidence/whois_display/html/anomyr.html,data/evidence/whois_display/text/anomyr.txt,mha:anómyr:1781577561:b2b5c28d,high,0,0,0,,,no,0,,0,,no,no
char_windwalker,Windwalker,windwalker,,,,,,Maia,,Immortals,high,Cartographer,Cartographer,Cartographer,high,,,,,,,Maia,M,Cartographer,retired,Maia,no,no,2026_06_16_retired_immortals,MUME retired immortal list,List current as of 2026-06-16,immortal_2026_06_16_retired_immortals_windwalker_290_listed_retired_immortal,candidate,Copied by Lewis. Includes Boardreaders and honorary True Legend entry for Norsu.,immortal,yes,yes,data/evidence/whois_display/html/windwalker.html,data/evidence/whois_display/text/windwalker.txt,mha:windwalker:1781606709:4c7f78a1,high,0,0,0,,,no,0,,0,,no,no
char_amlion,Amlion,amlion,,,,,,Maia,,Immortals,high,Cartographer,Cartographer,Cartographer,high,,,,,,,Maia,M,Cartographer,retired,Maia,no,no,2026_06_16_retired_immortals,MUME retired immortal list,List current as of 2026-06-16,immortal_2026_06_16_retired_immortals_amlion_206_listed_retired_immortal,candidate,Copied by Lewis. Includes Boardreaders and honorary True Legend entry for Norsu.,immortal,yes,yes,data/evidence/whois_display/html/amlion.html,data/evidence/whois_display/text/amlion.txt,mha:amlion:1781576818:1a548030,high,0,0,0,,,no,0,,0,,no,no
char_mor,Mor,mor,,,,,,Maia,,Immortals,high,,,,,,,,,,,Maia,M,,retired,Boardreader,no,no,2026_06_16_retired_immortals,MUME retired immortal list,List current as of 2026-06-16,immortal_2026_06_16_retired_immortals_mor_606_listed_retired_immortal,candidate,Copied by Lewis. Includes Boardreaders and honorary True Legend entry for Norsu.,immortal,yes,yes,data/evidence/whois_display/html/mor.html,data/evidence/whois_display/text/mor.txt,mha:mor:1781604919:af7eeabe,high,0,0,0,,,yes,1,37.5,0,,no,no
char_mint,Mint,mint,,,,,,Vala,,Immortals,high,,,,,,,,,,,Arata,A,,current,Aratar,no,no,2026_06_16_current_immortals,MUME current immortal list,List current as of 2026-06-16,immortal_2026_06_16_current_immortals_mint_7_listed_current_immortal,candidate,Copied by Lewis. (+m) means the immortal is also a Maiar Muddler / muddle code contributor.,immortal,yes,yes,data/evidence/whois_display/html/mint.html,data/evidence/whois_display/text/mint.txt,mha:mint:1781604875:54a62d35,high,0,0,0,,,no,0,,0,,no,no
char_mingz,Mingz,mingz,,,,,,Maia,,Immortals,high,,,,,,,,,,,Maia,M,,retired,Boardreader,no,no,2026_06_16_retired_immortals,MUME retired immortal list,List current as of 2026-06-16,immortal_2026_06_16_retired_immortals_mingz_602_listed_retired_immortal,candidate,Copied by Lewis. Includes Boardreaders and honorary True Legend entry for Norsu.,immortal,yes,yes,data/evidence/whois_display/html/mingz.html,data/evidence/whois_display/text/mingz.txt,mha:mingz:1781604864:17e33610,high,0,0,0,,,no,0,,0,,no,no
char_anne,Anne,anne,,,,,,Maia,,Immortals,high,Cartographer,Cartographer,Cartographer,high,,,,,,,Maia,M,Cartographer,retired,Maia,no,no,2026_06_16_retired_immortals,MUME retired immortal list,List current as of 2026-06-16,immortal_2026_06_16_retired_immortals_anne_208_listed_retired_immortal,candidate,Copied by Lewis. Includes Boardreaders and honorary True Legend entry for Norsu.,immortal,yes,yes,data/evidence/whois_display/html/anne.html,data/evidence/whois_display/text/anne.txt,mha:anne:1781577539:965551ea,high,0,0,0,,,no,0,,0,,no,no
char_xellia,Xellia,xellia,,,,,,Maia,,Immortals,high,Wright,Wright,Wright,high,,,,,,,Maia,M,Wright,current,Maia,no,no,2026_06_16_current_immortals,MUME current immortal list,List current as of 2026-06-16,immortal_2026_06_16_current_immortals_xellia_48_listed_current_immortal,candidate,Copied by Lewis. (+m) means the immortal is also a Maiar Muddler / muddle code contributor.,immortal,yes,yes,data/evidence/whois_display/html/xellia.html,data/evidence/whois_display/text/xellia.txt,mha:xellia:1781606771:bae91b29,high,0,0,0,,,no,0,,0,,no,no
char_mujahid,Mujahid,mujahid,,,,,,Maia,,Immortals,high,Wright,Wright,Wright,high,,,,,,,Maia,M,Wright,retired,Maia,no,no,2026_06_16_retired_immortals,MUME retired immortal list,List current as of 2026-06-16,immortal_2026_06_16_retired_immortals_mujahid_143_listed_retired_immortal,candidate,Copied by Lewis. Includes Boardreaders and honorary True Legend entry for Norsu.,immortal,yes,yes,data/evidence/whois_display/html/mujahid.html,data/evidence/whois_display/text/mujahid.txt,mha:mujahid:1781604958:d74946bb,high,0,0,0,,,no,0,,0,,no,no
char_gruumph,Gruumph,gruumph,,,,,,Maia,,Immortals,high,,,,,,,,,,,Maia,M,,retired,Boardreader,no,no,2026_06_16_retired_immortals,MUME retired immortal list,List current as of 2026-06-16,immortal_2026_06_16_retired_immortals_gruumph_488_listed_retired_immortal,candidate,Copied by Lewis. Includes Boardreaders and honorary True Legend entry for Norsu.,immortal,yes,yes,data/evidence/whois_display/html/gruumph.html,data/evidence/whois_display/text/gruumph.txt,mha:gruumph:1781580125:14fe644e,high,0,0,0,,,no,0,,0,,no,no
char_moulder,Moulder,moulder,,,,,,Maia,,Immortals,high,,,,,,,,,,,Maia,M,,retired,Boardreader,no,no,2026_06_16_retired_immortals,MUME retired immortal list,List current as of 2026-06-16,immortal_2026_06_16_retired_immortals_moulder_610_listed_retired_immortal,candidate,Copied by Lewis. Includes Boardreaders and honorary True Legend entry for Norsu.,immortal,yes,yes,data/evidence/whois_display/html/moulder.html,data/evidence/whois_display/text/moulder.txt,mha:moulder:1781604953:26655609,high,5,0,0,comma_name_list:5,Sin; Tromb; Durbzhum; Dice; Loco,no,0,,0,,no,yes
char_moosh,Moosh,moosh,,,,,,Maia,,Immortals,high,,,,,,,,,,,Maia,M,,retired,Boardreader,no,no,2026_06_16_retired_immortals,MUME retired immortal list,List current as of 2026-06-16,immortal_2026_06_16_retired_immortals_moosh_605_listed_retired_immortal,candidate,Copied by Lewis. Includes Boardreaders and honorary True Legend entry for Norsu.,immortal,yes,yes,data/evidence/whois_display/html/moosh.html,data/evidence/whois_display/text/moosh.txt,mha:moosh:1781604914:ca842e6c,high,3,0,0,comma_name_list:3,Monnet; Twist; Tango,no,0,,0,,no,yes
char_fint,Fint,fint,,,,,,Maia,,Immortals,high,,,,,,,,,,,Maia,M,,retired,Boardreader,no,no,2026_06_16_retired_immortals,MUME retired immortal list,List current as of 2026-06-16,immortal_2026_06_16_retired_immortals_fint_457_listed_retired_immortal,candidate,Copied by Lewis. Includes Boardreaders and honorary True Legend entry for Norsu.,immortal,yes,yes,data/evidence/whois_display/html/fint.html,data/evidence/whois_display/text/fint.txt,mha:fint:1781579761:1df5b735,high,0,0,0,,,no,0,,0,,no,no
char_naks,Naks,naks,,,,,,Maia,,Immortals,high,,,,,,,,,,,Maia,M,,retired,Boardreader,no,no,2026_06_16_retired_immortals,MUME retired immortal list,List current as of 2026-06-16,immortal_2026_06_16_retired_immortals_naks_616_listed_retired_immortal,candidate,Copied by Lewis. Includes Boardreaders and honorary True Legend entry for Norsu.,immortal,yes,yes,data/evidence/whois_display/html/naks.html,data/evidence/whois_display/text/naks.txt,mha:naks:1781605009:0ae32033,high,0,0,0,,,no,0,,0,,no,no
char_pif,Pif,pif,,,,,,Maia,,Immortals,high,,,,,,,,,,,Maia,M,,retired,Boardreader,no,no,2026_06_16_retired_immortals,MUME retired immortal list,List current as of 2026-06-16,immortal_2026_06_16_retired_immortals_pif_655_listed_retired_immortal,candidate,Copied by Lewis. Includes Boardreaders and honorary True Legend entry for Norsu.,immortal,yes,yes,data/evidence/whois_display/html/pif.html,data/evidence/whois_display/text/pif.txt,mha:pif:1781605364:c2286f3e,high,0,0,0,,,no,0,,0,,no,no
char_estike,Estike,estike,,,,,,Maia,,Immortals,high,,,,,,,,,,,Maia,M,,retired,Boardreader,no,no,2026_06_16_retired_immortals,MUME retired immortal list,List current as of 2026-06-16,immortal_2026_06_16_retired_immortals_estike_441_listed_retired_immortal,candidate,Copied by Lewis. Includes Boardreaders and honorary True Legend entry for Norsu.,immortal,yes,yes,data/evidence/whois_display/html/estike.html,data/evidence/whois_display/text/estike.txt,mha:estike:1781579609:644fa5b2,high,0,0,0,,,no,0,,0,,no,no
char_mirabella,Mirabella,mirabella,,,,,,Maia,,Immortals,high,Cartographer,Cartographer,Cartographer,high,,,,,,,Maia,M,Cartographer,retired,Maia,no,no,2026_06_16_retired_immortals,MUME retired immortal list,List current as of 2026-06-16,immortal_2026_06_16_retired_immortals_mirabella_262_listed_retired_immortal,candidate,Copied by Lewis. Includes Boardreaders and honorary True Legend entry for Norsu.,immortal,yes,yes,data/evidence/whois_display/html/mirabella.html,data/evidence/whois_display/text/mirabella.txt,mha:mirabella:1781604881:40b0b150,high,0,0,0,,,no,0,,0,,no,no
char_grimble,Grimble,grimble,,,,,,Maia,,Immortals,high,Cartographer,Cartographer,Cartographer,high,,,,,,,Maia,M,Cartographer,retired,Maia,no,no,2026_06_16_retired_immortals,MUME retired immortal list,List current as of 2026-06-16,immortal_2026_06_16_retired_immortals_grimble_245_listed_retired_immortal,candidate,Copied by Lewis. Includes Boardreaders and honorary True Legend entry for Norsu.,immortal,yes,yes,data/evidence/whois_display/html/grimble.html,data/evidence/whois_display/text/grimble.txt,mha:grimble:1781580087:a80360bf,high,0,0,0,,,no,0,,0,,no,no
char_khantar,Khantar,khantar,,,,,,Maia,,Immortals,high,,,,,,,,,,,Maia,M,,retired,Boardreader,no,no,2026_06_16_retired_immortals,MUME retired immortal list,List current as of 2026-06-16,immortal_2026_06_16_retired_immortals_khantar_542_listed_retired_immortal,candidate,Copied by Lewis. Includes Boardreaders and honorary True Legend entry for Norsu.,immortal,yes,yes,data/evidence/whois_display/html/khantar.html,data/evidence/whois_display/text/khantar.txt,mha:khantar:1781604049:a1f7947e,high,0,0,0,,,no,0,,0,,no,no
char_phier,Phier,phier,,,,,,Vala,,Immortals,high,Architect,Architect,Architect,high,,,,,,,Vala,V,Architect,retired,Vala,no,no,2026_06_16_retired_immortals,MUME retired immortal list,List current as of 2026-06-16,immortal_2026_06_16_retired_immortals_phier_61_listed_retired_immortal,candidate,Copied by Lewis. Includes Boardreaders and honorary True Legend entry for Norsu.,immortal,yes,yes,data/evidence/whois_display/html/phier.html,data/evidence/whois_display/text/phier.txt,mha:phier:1781605348:93665a16,high,0,0,0,,,no,0,,0,,no,no
char_miia,Miia,miia,,,,,,Maia,,Immortals,high,,,,,,,,,,,Maia,M,,retired,Boardreader,no,no,2026_06_16_retired_immortals,MUME retired immortal list,List current as of 2026-06-16,immortal_2026_06_16_retired_immortals_miia_600_listed_retired_immortal,candidate,Copied by Lewis. Includes Boardreaders and honorary True Legend entry for Norsu.,immortal,yes,yes,data/evidence/whois_display/html/miia.html,data/evidence/whois_display/text/miia.txt,mha:miia:1781604852:9fcedaba,high,0,0,0,,,no,0,,0,,no,no
char_harad,Harad,harad,,,,,,Maia,,Immortals,high,Wright,Wright,Wright,high,,,,,,,Maia,M,Wright,retired,Maia,no,no,2026_06_16_retired_immortals,MUME retired immortal list,List current as of 2026-06-16,immortal_2026_06_16_retired_immortals_harad_112_listed_retired_immortal,candidate,Copied by Lewis. Includes Boardreaders and honorary True Legend entry for Norsu.,immortal,yes,yes,data/evidence/whois_display/html/harad.html,data/evidence/whois_display/text/harad.txt,mha:harad:1781586180:475ac525,high,0,0,0,,,no,0,,0,,no,no
char_hambag,Hambag,hambag,,,,,,Maia,,Immortals,high,,,,,,,,,,,Maia,M,,retired,Boardreader,no,no,2026_06_16_retired_immortals,MUME retired immortal list,List current as of 2026-06-16,immortal_2026_06_16_retired_immortals_hambag_496_listed_retired_immortal,candidate,Copied by Lewis. Includes Boardreaders and honorary True Legend entry for Norsu.,immortal,yes,yes,data/evidence/whois_display/html/hambag.html,data/evidence/whois_display/text/hambag.txt,mha:hambag:1781586163:df3bf69e,high,0,0,0,,,no,0,,0,,no,no
char_miho,Miho,miho,,,,,,Maia,,Immortals,high,,,,,,,,,,,Maia,M,,retired,Boardreader,no,no,2026_06_16_retired_immortals,MUME retired immortal list,List current as of 2026-06-16,immortal_2026_06_16_retired_immortals_miho_599_listed_retired_immortal,candidate,Copied by Lewis. Includes Boardreaders and honorary True Legend entry for Norsu.,immortal,yes,yes,data/evidence/whois_display/html/miho.html,data/evidence/whois_display/text/miho.txt,mha:miho:1781604847:e3a38ac4,high,0,0,0,,,no,0,,0,,no,no
char_keltic,Keltic,keltic,,,,,,Vala,,Immortals,high,Architect,Architect,Architect,high,,,,,,,Vala,V,Architect,retired,Vala,no,no,2026_06_16_retired_immortals,MUME retired immortal list,List current as of 2026-06-16,immortal_2026_06_16_retired_immortals_keltic_55_listed_retired_immortal,candidate,Copied by Lewis. Includes Boardreaders and honorary True Legend entry for Norsu.,immortal,yes,yes,data/evidence/whois_display/html/keltic.html,data/evidence/whois_display/text/keltic.txt,mha:keltic:1781604005:5d0d36e3,high,0,0,0,,,no,0,,0,,no,no
char_crazack,Crazack,crazack,,,,,,Maia,,Immortals,high,Builder,Builder,Builder,high,,,,,,,Maia,M,Builder,retired,Maia,no,no,2026_06_16_retired_immortals,MUME retired immortal list,List current as of 2026-06-16,immortal_2026_06_16_retired_immortals_crazack_181_listed_retired_immortal,candidate,Copied by Lewis. Includes Boardreaders and honorary True Legend entry for Norsu.,immortal,yes,yes,data/evidence/whois_display/html/crazack.html,data/evidence/whois_display/text/crazack.txt,mha:crazack:1781578729:8f0f9001,high,0,0,0,,,no,0,,0,,no,no
char_midnight,Midnight,midnight,,,,,,Maia,,Immortals,high,,,,,,,,,,,Maia,M,,retired,Boardreader,no,no,2026_06_16_retired_immortals,MUME retired immortal list,List current as of 2026-06-16,immortal_2026_06_16_retired_immortals_midnight_597_listed_retired_immortal,candidate,Copied by Lewis. Includes Boardreaders and honorary True Legend entry for Norsu.,immortal,yes,yes,data/evidence/whois_display/html/midnight.html,data/evidence/whois_display/text/midnight.txt,mha:midnight:1781604836:6ba93310,high,0,0,0,,,no,0,,0,,no,no
char_merg,Merg,merg,,,,,,Maia,,Immortals,high,,,,,,,,,,,Maia,M,,retired,Boardreader,no,no,2026_06_16_retired_immortals,MUME retired immortal list,List current as of 2026-06-16,immortal_2026_06_16_retired_immortals_merg_595_listed_retired_immortal,candidate,Copied by Lewis. Includes Boardreaders and honorary True Legend entry for Norsu.,immortal,yes,yes,data/evidence/whois_display/html/merg.html,data/evidence/whois_display/text/merg.txt,mha:merg:1781604807:2ed155a2,high,0,0,0,,,no,0,,0,,no,no
char_menelos,Menelos,menelos,,,,,,Maia,,Immortals,high,,,,,,,,,,,Maia,M,,retired,Boardreader,no,no,2026_06_16_retired_immortals,MUME retired immortal list,List current as of 2026-06-16,immortal_2026_06_16_retired_immortals_menelos_594_listed_retired_immortal,candidate,Copied by Lewis. Includes Boardreaders and honorary True Legend entry for Norsu.,immortal,yes,yes,data/evidence/whois_display/html/menelos.html,data/evidence/whois_display/text/menelos.txt,mha:menelos:1781604800:93e99511,high,0,0,0,,,no,0,,0,,no,no
char_soba,Soba,soba,,,,,,Maia,,Immortals,high,Shaper,Shaper,Shaper,high,,,,,,,Maia,M,Shaper,retired,Maia,no,no,2026_06_16_retired_immortals,MUME retired immortal list,List current as of 2026-06-16,immortal_2026_06_16_retired_immortals_soba_77_listed_retired_immortal,candidate,Copied by Lewis. Includes Boardreaders and honorary True Legend entry for Norsu.,immortal,yes,yes,data/evidence/whois_display/html/soba.html,data/evidence/whois_display/text/soba.txt,mha:soba:1781606021:0bdba101,high,0,0,0,,,no,0,,0,,no,no
char_matarael,Matarael,matarael,,,,,,Maia,,Immortals,high,,,,,,,,,,,Maia,M,,retired,Boardreader,no,no,2026_06_16_retired_immortals,MUME retired immortal list,List current as of 2026-06-16,immortal_2026_06_16_retired_immortals_matarael_590_listed_retired_immortal,candidate,Copied by Lewis. Includes Boardreaders and honorary True Legend entry for Norsu.,immortal,yes,yes,data/evidence/whois_display/html/matarael.html,data/evidence/whois_display/text/matarael.txt,mha:matarael:1781604738:880c7a2c,high,0,0,0,,,no,0,,0,,no,no
char_marvin,Marvin,marvin,,,,,,Maia,,Immortals,high,Cartographer,Cartographer,Cartographer,high,,,,,,,Maia,M,Cartographer,retired,Maia,no,no,2026_06_16_retired_immortals,MUME retired immortal list,List current as of 2026-06-16,immortal_2026_06_16_retired_immortals_marvin_259_listed_retired_immortal,candidate,Copied by Lewis. Includes Boardreaders and honorary True Legend entry for Norsu.,immortal,yes,yes,data/evidence/whois_display/html/marvin.html,data/evidence/whois_display/text/marvin.txt,mha:marvin:1781604717:8cb449b6,high,0,0,0,,,no,0,,0,,no,no
char_martyr,Martyr,martyr,,,,,,Maia,,Immortals,high,,,,,,,,,,,Maia,M,,retired,Boardreader,no,no,2026_06_16_retired_immortals,MUME retired immortal list,List current as of 2026-06-16,immortal_2026_06_16_retired_immortals_martyr_589_listed_retired_immortal,candidate,Copied by Lewis. Includes Boardreaders and honorary True Legend entry for Norsu.,immortal,yes,yes,data/evidence/whois_display/html/martyr.html,data/evidence/whois_display/text/martyr.txt,mha:martyr:1781604698:eef69a9a,high,0,0,0,,,no,0,,0,,no,no
char_fastdanr,Fastdanr,fastdanr,,,,,,Maia,,Immortals,high,,,,,,,,,,,Maia,M,,retired,Boardreader,no,no,2026_06_16_retired_immortals,MUME retired immortal list,List current as of 2026-06-16,immortal_2026_06_16_retired_immortals_fastdanr_445_listed_retired_immortal,candidate,Copied by Lewis. Includes Boardreaders and honorary True Legend entry for Norsu.,immortal,yes,yes,data/evidence/whois_display/html/fastdanr.html,data/evidence/whois_display/text/fastdanr.txt,mha:fastdanr:1781579681:9788aa2a,high,0,0,0,,,no,0,,0,,no,no
char_kaen,Kaen,kaen,,,,,,Maia,,Immortals,high,,,,,,,,,,,Maia,M,,retired,Boardreader,no,no,2026_06_16_retired_immortals,MUME retired immortal list,List current as of 2026-06-16,immortal_2026_06_16_retired_immortals_kaen_528_listed_retired_immortal,candidate,Copied by Lewis. Includes Boardreaders and honorary True Legend entry for Norsu.,immortal,yes,yes,data/evidence/whois_display/html/kaen.html,data/evidence/whois_display/text/kaen.txt,mha:kaen:1781603900:87bc9157,high,0,0,0,,,no,0,,0,,no,no
char_marcho,Marcho,marcho,,,,,,Maia,,Immortals,high,Cartographer,Cartographer,Cartographer,high,,,,,,,Maia,M,Cartographer,retired,Maia,no,no,2026_06_16_retired_immortals,MUME retired immortal list,List current as of 2026-06-16,immortal_2026_06_16_retired_immortals_marcho_258_listed_retired_immortal,candidate,Copied by Lewis. Includes Boardreaders and honorary True Legend entry for Norsu.,immortal,yes,yes,data/evidence/whois_display/html/marcho.html,data/evidence/whois_display/text/marcho.txt,mha:marcho:1781604671:ee1b07c8,high,21,0,0,comma_name_list:12; heading_name_list:9,Crackle; Rok; Fecal; Retch; Bog; Gimlet; Sinbad; Apache; Gorgoroth; Tôlacharn; Limgrist; Maicacen,no,0,,0,,no,yes
char_marathon,Marathon,marathon,,,,,,Maia,,Immortals,high,Wright,Wright,Wright,high,,,,,,,Maia,M,Wright,retired,Maia,no,no,2026_06_16_retired_immortals,MUME retired immortal list,List current as of 2026-06-16,immortal_2026_06_16_retired_immortals_marathon_136_listed_retired_immortal,candidate,Copied by Lewis. Includes Boardreaders and honorary True Legend entry for Norsu.,immortal,yes,yes,data/evidence/whois_display/html/marathon.html,data/evidence/whois_display/text/marathon.txt,mha:marathon:1781604660:6dee14c9,high,0,0,0,,,no,0,,0,,no,no
char_manwë,Manwë,manwe,,,,,,Implementor,,Immortals,high,,,,,,,,,,,Implementor,I,,current,Implementor,no,no,2026_06_16_current_immortals,MUME current immortal list,List current as of 2026-06-16,immortal_2026_06_16_current_immortals_manwe_2_listed_current_immortal,candidate,Copied by Lewis. (+m) means the immortal is also a Maiar Muddler / muddle code contributor.,immortal,yes,yes,data/evidence/whois_display/html/manwe.html,data/evidence/whois_display/text/manwe.txt,mha:manwë:1781604654:c340e4fe,high,0,0,0,,,no,0,,0,,no,no
char_mandor,Mandor,mandor,,,,,,Vala,,Immortals,high,Mudller,Mudller,Mudller,high,,,,,,,Vala,V,Mudller,retired,Vala,no,no,2026_06_16_retired_immortals,MUME retired immortal list,List current as of 2026-06-16,immortal_2026_06_16_retired_immortals_mandor_28_listed_retired_immortal,candidate,Copied by Lewis. Includes Boardreaders and honorary True Legend entry for Norsu.,immortal,yes,yes,data/evidence/whois_display/html/mandor.html,data/evidence/whois_display/text/mandor.txt,mha:mandor:1781604618:72690428,high,0,0,0,,,no,0,,1,medium:1,no,yes
char_maldagor,Maldagor,maldagor,,,,,,Maia,,Immortals,high,,,,,,,,,,,Maia,M,,retired,Boardreader,no,no,2026_06_16_retired_immortals,MUME retired immortal list,List current as of 2026-06-16,immortal_2026_06_16_retired_immortals_maldagor_586_listed_retired_immortal,candidate,Copied by Lewis. Includes Boardreaders and honorary True Legend entry for Norsu.,immortal,yes,yes,data/evidence/whois_display/html/maldagor.html,data/evidence/whois_display/text/maldagor.txt,mha:maldagor:1781604597:dfbab726,high,0,0,0,,,no,0,,0,,no,no
char_erekosë,Erekosë,erekose,,,,,,Maia,,Immortals,high,Cartographer,Cartographer,Cartographer,high,,,,,,,Maia,M,Cartographer,current,Maia,no,no,2026_06_16_current_immortals,MUME current immortal list,List current as of 2026-06-16,immortal_2026_06_16_current_immortals_erekose_69_listed_current_immortal,candidate,Copied by Lewis. (+m) means the immortal is also a Maiar Muddler / muddle code contributor.,immortal,yes,yes,data/evidence/whois_display/html/erekose.html,data/evidence/whois_display/text/erekose.txt,mha:erekosë:1781579292:85769c85,high,0,0,0,,,no,0,,0,,no,no
char_magnos,Magnos,magnos,,,,,,Maia,,Immortals,high,,,,,,,,,,,Maia,M,,retired,Boardreader,no,no,2026_06_16_retired_immortals,MUME retired immortal list,List current as of 2026-06-16,immortal_2026_06_16_retired_immortals_magnos_584_listed_retired_immortal,candidate,Copied by Lewis. Includes Boardreaders and honorary True Legend entry for Norsu.,immortal,yes,yes,data/evidence/whois_display/html/magnos.html,data/evidence/whois_display/text/magnos.txt,mha:magnos:1781604569:58676601,high,0,0,0,,,no,0,,0,,no,no
char_bahrud,Bahrud,bahrud,,,,,,Maia,,Immortals,high,,,,,,,,,,,Maia,M,,retired,Boardreader,no,no,2026_06_16_retired_immortals,MUME retired immortal list,List current as of 2026-06-16,immortal_2026_06_16_retired_immortals_bahrud_337_listed_retired_immortal,candidate,Copied by Lewis. Includes Boardreaders and honorary True Legend entry for Norsu.,immortal,yes,yes,data/evidence/whois_display/html/bahrud.html,data/evidence/whois_display/text/bahrud.txt,mha:bahrud:1781577815:85fa664d,high,0,0,0,,,no,0,,0,,no,no
char_elagorn,Elagorn,elagorn,,,,,,Maia,,Immortals,high,,,,,,,,,,,Maia,M,,retired,Boardreader,no,no,2026_06_16_retired_immortals,MUME retired immortal list,List current as of 2026-06-16,immortal_2026_06_16_retired_immortals_elagorn_423_listed_retired_immortal,candidate,Copied by Lewis. Includes Boardreaders and honorary True Legend entry for Norsu.,immortal,yes,yes,data/evidence/whois_display/html/elagorn.html,data/evidence/whois_display/text/elagorn.txt,mha:elagorn:1781579098:4c273168,high,0,0,0,,,no,0,,0,,no,no
char_ariakas,Ariakas,ariakas,,,,,,Maia,,Immortals,high,Shaper,Shaper,Shaper,high,,,,,,,Maia,M,Shaper,retired,Maia,no,no,2026_06_16_retired_immortals,MUME retired immortal list,List current as of 2026-06-16,immortal_2026_06_16_retired_immortals_ariakas_68_listed_retired_immortal,candidate,Copied by Lewis. Includes Boardreaders and honorary True Legend entry for Norsu.,immortal,yes,yes,data/evidence/whois_display/html/ariakas.html,data/evidence/whois_display/text/ariakas.txt,mha:ariakas:1781577625:90783754,high,1,1,1,quoted_speaker:1,Ariakas,no,0,,0,,no,yes
char_fornax,Fornax,fornax,,,,,,Maia,,Immortals,high,Wright,Wright,Wright,high,,,,,,,Maia,M,Wright,retired,Maia,no,no,2026_06_16_retired_immortals,MUME retired immortal list,List current as of 2026-06-16,immortal_2026_06_16_retired_immortals_fornax_104_listed_retired_immortal,candidate,Copied by Lewis. Includes Boardreaders and honorary True Legend entry for Norsu.,immortal,yes,yes,data/evidence/whois_display/html/fornax.html,data/evidence/whois_display/text/fornax.txt,mha:fornax:1781579833:ecaffefa,high,0,0,0,,,no,0,,0,,no,no
char_voting,Voting,voting,,,,,,Maia,,Immortals,high,Builder,Builder,Builder,high,,,,,,,Maia,M,Builder,,,,,,,,,,,immortal,yes,yes,data/evidence/whois_display/html/voting.html,data/evidence/whois_display/text/voting.txt,mha:björn:1781577964:7dfdf533,high,7,6,6,comma_name_list:7,Bogger; Romin; Vradul; Lenwë; Zimrathôn; Gryl; Jauer,no,0,,0,,no,yes
char_aderyn,Aderyn,aderyn,,,,,,Maia,,Immortals,high,Wright,Wright,Wright,high,,,,,,,Maia,M,Wright,retired,Maia,no,no,2026_06_16_retired_immortals,MUME retired immortal list,List current as of 2026-06-16,immortal_2026_06_16_retired_immortals_aderyn_81_listed_retired_immortal,candidate,Copied by Lewis. Includes Boardreaders and honorary True Legend entry for Norsu.,immortal,yes,yes,data/evidence/whois_display/html/aderyn.html,data/evidence/whois_display/text/aderyn.txt,mha:aderyn:1781576644:b495f3f0,high,0,0,0,,,no,0,,0,,no,no
char_celebsil,Celebsil,celebsil,,,,,,Maia,,Immortals,high,Wright,Wright,Wright,high,,,,,,,Maia,M,Wright,retired,Maia,no,no,2026_06_16_retired_immortals,MUME retired immortal list,List current as of 2026-06-16,immortal_2026_06_16_retired_immortals_celebsil_91_listed_retired_immortal,candidate,Copied by Lewis. Includes Boardreaders and honorary True Legend entry for Norsu.,immortal,yes,yes,data/evidence/whois_display/html/celebsil.html,data/evidence/whois_display/text/celebsil.txt,mha:celebsil:1781578608:673bd5d8,high,0,0,0,,,no,0,,0,,no,no
char_legolas,Legolas,legolas,,,,,,Maia,,Immortals,high,,,,,,,,,,,Maia,M,,retired,Boardreader,no,no,2026_06_16_retired_immortals,MUME retired immortal list,List current as of 2026-06-16,immortal_2026_06_16_retired_immortals_legolas_567_listed_retired_immortal,candidate,Copied by Lewis. Includes Boardreaders and honorary True Legend entry for Norsu.,immortal,yes,yes,data/evidence/whois_display/html/legolas.html,data/evidence/whois_display/text/legolas.txt,mha:legolas:1781604314:0946b902,high,0,0,0,,,no,0,,0,,no,no
char_critter,Critter,critter,,,,,,Maia,,Immortals,high,,,,,,,,,,,Maia,M,,retired,Boardreader,no,no,2026_06_16_retired_immortals,MUME retired immortal list,List current as of 2026-06-16,immortal_2026_06_16_retired_immortals_critter_387_listed_retired_immortal,candidate,Copied by Lewis. Includes Boardreaders and honorary True Legend entry for Norsu.,immortal,yes,yes,data/evidence/whois_display/html/critter.html,data/evidence/whois_display/text/critter.txt,mha:critter:1781578740:61ca9cbc,high,0,0,0,,,no,0,,0,,no,no
char_ferumbras,Ferumbras,ferumbras,,,,,,Maia,,Immortals,high,Shaper,Shaper,Shaper,high,,,,,,,Maia,M,Shaper,retired,Maia,no,no,2026_06_16_retired_immortals,MUME retired immortal list,List current as of 2026-06-16,immortal_2026_06_16_retired_immortals_ferumbras_71_listed_retired_immortal,candidate,Copied by Lewis. Includes Boardreaders and honorary True Legend entry for Norsu.,immortal,yes,yes,data/evidence/whois_display/html/ferumbras.html,data/evidence/whois_display/text/ferumbras.txt,mha:ferumbras:1781579722:c4523f91,high,0,0,0,,,no,0,,0,,no,no
char_indigo,Indigo,indigo,,,,,,Maia,,Immortals,high,Shaper,Shaper,Shaper,high,,,,,,,Maia,M,Shaper,current,Maia,no,no,2026_06_16_current_immortals,MUME current immortal list,List current as of 2026-06-16,immortal_2026_06_16_current_immortals_indigo_21_listed_current_immortal,candidate,Copied by Lewis. (+m) means the immortal is also a Maiar Muddler / muddle code contributor.,immortal,yes,yes,data/evidence/whois_display/html/indigo.html,data/evidence/whois_display/text/indigo.txt,mha:indigo:1781587130:0b3dc3ff,high,0,0,0,,,no,0,,0,,no,no
char_hza,Hza,hza,,,,,,Maia,,Immortals,high,Cartographer,Cartographer,Cartographer,high,,,,,,,Maia,M,Cartographer,retired,Maia,no,no,2026_06_16_retired_immortals,MUME retired immortal list,List current as of 2026-06-16,immortal_2026_06_16_retired_immortals_hza_248_listed_retired_immortal,candidate,Copied by Lewis. Includes Boardreaders and honorary True Legend entry for Norsu.,immortal,yes,yes,data/evidence/whois_display/html/hza.html,data/evidence/whois_display/text/hza.txt,mha:hza:1781587068:80aa0337,high,0,0,0,,,no,0,,0,,no,no
char_fidel,Fidel,fidel,,,,,,Maia,,Immortals,high,,,,,,,,,,,Maia,M,,retired,Boardreader,no,no,2026_06_16_retired_immortals,MUME retired immortal list,List current as of 2026-06-16,immortal_2026_06_16_retired_immortals_fidel_454_listed_retired_immortal,candidate,Copied by Lewis. Includes Boardreaders and honorary True Legend entry for Norsu.,immortal,yes,yes,data/evidence/whois_display/html/fidel.html,data/evidence/whois_display/text/fidel.txt,mha:fidel:1781579733:56a82dfa,high,0,0,0,,,no,0,,0,,no,no
char_yoda,Yoda,yoda,,,,,,Maia,,Immortals,high,Wright,Wright,Wright,high,,,,,,,Maia,M,Wright,retired,Maia,no,no,2026_06_16_retired_immortals,MUME retired immortal list,List current as of 2026-06-16,immortal_2026_06_16_retired_immortals_yoda_170_listed_retired_immortal,candidate,Copied by Lewis. Includes Boardreaders and honorary True Legend entry for Norsu.,immortal,yes,yes,data/evidence/whois_display/html/yoda.html,data/evidence/whois_display/text/yoda.txt,mha:yoda:1781606844:1d29a5c6,high,0,0,0,,,no,0,,0,,no,no
char_air,Air,air,,,,,,Maia,,Immortals,high,,,,,,,,,,,Maia,M,,retired,Boardreader,no,no,2026_06_16_retired_immortals,MUME retired immortal list,List current as of 2026-06-16,immortal_2026_06_16_retired_immortals_air_306_listed_retired_immortal,candidate,Copied by Lewis. Includes Boardreaders and honorary True Legend entry for Norsu.,immortal,yes,yes,data/evidence/whois_display/html/air.html,data/evidence/whois_display/text/air.txt,mha:air:1781576699:bf3ddfa1,high,0,0,0,,,no,0,,0,,no,no
char_everminda,Everminda,everminda,,,,,,Maia,,Immortals,high,Wright,Wright,Wright,high,,,,,,,Maia,M,Wright,retired,Maia,no,no,2026_06_16_retired_immortals,MUME retired immortal list,List current as of 2026-06-16,immortal_2026_06_16_retired_immortals_everminda_102_listed_retired_immortal,candidate,Copied by Lewis. Includes Boardreaders and honorary True Legend entry for Norsu.,immortal,yes,yes,data/evidence/whois_display/html/everminda.html,data/evidence/whois_display/text/everminda.txt,mha:everminda:1781579620:e4375cf5,high,0,0,0,,,no,0,,0,,no,no
char_alysia,Alysia,alysia,,,,,,Maia,,Immortals,high,Wright,Wright,Wright,high,,,,,,,Maia,M,Wright,retired,Maia,no,no,2026_06_16_retired_immortals,MUME retired immortal list,List current as of 2026-06-16,immortal_2026_06_16_retired_immortals_alysia_83_listed_retired_immortal,candidate,Copied by Lewis. Includes Boardreaders and honorary True Legend entry for Norsu.,immortal,yes,yes,data/evidence/whois_display/html/alysia.html,data/evidence/whois_display/text/alysia.txt,mha:alysia:1781576797:149d3e9f,high,0,0,0,,,no,0,,0,,no,no
char_killillwind,Killillwind,killillwind,,,,,,Maia,,Immortals,high,,,,,,,,,,,Maia,M,,retired,Boardreader,no,no,2026_06_16_retired_immortals,MUME retired immortal list,List current as of 2026-06-16,immortal_2026_06_16_retired_immortals_killillwind_547_listed_retired_immortal,candidate,Copied by Lewis. Includes Boardreaders and honorary True Legend entry for Norsu.,immortal,yes,yes,data/evidence/whois_display/html/killillwind.html,data/evidence/whois_display/text/killillwind.txt,mha:killillwind:1781604090:458c2cdc,high,0,0,0,,,no,0,,0,,no,no
char_hermatic,Hermatic,hermatic,,,,,,Maia,,Immortals,high,,,,,,,,,,,Maia,M,,retired,Boardreader,no,no,2026_06_16_retired_immortals,MUME retired immortal list,List current as of 2026-06-16,immortal_2026_06_16_retired_immortals_hermatic_500_listed_retired_immortal,candidate,Copied by Lewis. Includes Boardreaders and honorary True Legend entry for Norsu.,immortal,yes,yes,data/evidence/whois_display/html/hermatic.html,data/evidence/whois_display/text/hermatic.txt,mha:hermatic:1781586219:abe5cc8e,high,0,0,0,,,no,0,,0,,no,no
char_avatar,Avatar,avatar,,,,,,Maia,,Immortals,high,,,,,,,,,,,Maia,M,,retired,Boardreader,no,no,2026_06_16_retired_immortals,MUME retired immortal list,List current as of 2026-06-16,immortal_2026_06_16_retired_immortals_avatar_334_listed_retired_immortal,candidate,Copied by Lewis. Includes Boardreaders and honorary True Legend entry for Norsu.,immortal,yes,yes,data/evidence/whois_display/html/avatar.html,data/evidence/whois_display/text/avatar.txt,mha:avatar:1781577766:f94eb62b,high,0,0,0,,,no,0,,0,,no,no
char_culbor,Culbor,culbor,,,,,,Maia,,Immortals,high,,,,,,,,,,,Maia,M,,retired,Boardreader,no,no,2026_06_16_retired_immortals,MUME retired immortal list,List current as of 2026-06-16,immortal_2026_06_16_retired_immortals_culbor_389_listed_retired_immortal,candidate,Copied by Lewis. Includes Boardreaders and honorary True Legend entry for Norsu.,immortal,yes,yes,data/evidence/whois_display/html/culbor.html,data/evidence/whois_display/text/culbor.txt,mha:culbor:1781578762:3e34a4d4,high,0,0,0,,,no,0,,0,,no,no
char_rumil,Rumil,rumil,,,,,,Maia,,Immortals,high,,,,,,,,,,,Maia,M,,retired,Boardreader,no,no,2026_06_16_retired_immortals,MUME retired immortal list,List current as of 2026-06-16,immortal_2026_06_16_retired_immortals_rumil_685_listed_retired_immortal,candidate,Copied by Lewis. Includes Boardreaders and honorary True Legend entry for Norsu.,immortal,yes,yes,data/evidence/whois_display/html/rumil.html,data/evidence/whois_display/text/rumil.txt,mha:rumil:1781605669:6550e1d7,high,0,0,0,,,no,0,,0,,no,no
char_alamar,Alamar,alamar,,,,,,Maia,,Immortals,high,Cartographer,Cartographer,Cartographer,high,,,,,,,Maia,M,Cartographer,retired,Maia,no,no,2026_06_16_retired_immortals,MUME retired immortal list,List current as of 2026-06-16,immortal_2026_06_16_retired_immortals_alamar_205_listed_retired_immortal,candidate,Copied by Lewis. Includes Boardreaders and honorary True Legend entry for Norsu.,immortal,yes,yes,data/evidence/whois_display/html/alamar.html,data/evidence/whois_display/text/alamar.txt,mha:alamar:1781576716:5b961444,high,0,0,0,,,no,0,,0,,no,no
char_lavabom,Lavabom,lavabom,,,,,,Maia,,Immortals,high,,,,,,,,,,,Maia,M,,retired,Boardreader,no,no,2026_06_16_retired_immortals,MUME retired immortal list,List current as of 2026-06-16,immortal_2026_06_16_retired_immortals_lavabom_563_listed_retired_immortal,candidate,Copied by Lewis. Includes Boardreaders and honorary True Legend entry for Norsu.,immortal,yes,yes,data/evidence/whois_display/html/lavabom.html,data/evidence/whois_display/text/lavabom.txt,mha:lavabom:1781604281:fd169aec,high,0,0,0,,,no,0,,0,,no,no
char_tylina,Tylina,tylina,,,,,,Maia,,Immortals,high,,,,,,,,,,,Maia,M,,retired,Boardreader,no,no,2026_06_16_retired_immortals,MUME retired immortal list,List current as of 2026-06-16,immortal_2026_06_16_retired_immortals_tylina_752_listed_retired_immortal,candidate,Copied by Lewis. Includes Boardreaders and honorary True Legend entry for Norsu.,immortal,yes,yes,data/evidence/whois_display/html/tylina.html,data/evidence/whois_display/text/tylina.txt,mha:tylina:1781606443:7d1451df,high,0,0,0,,,yes,1,35.5,0,,no,no
char_anthrax,Anthrax,anthrax,,,,,,Maia,,Immortals,high,Wright,Wright,Wright,high,,,,,,,Maia,M,Wright,retired,Maia,no,no,2026_06_16_retired_immortals,MUME retired immortal list,List current as of 2026-06-16,immortal_2026_06_16_retired_immortals_anthrax_84_listed_retired_immortal,candidate,Copied by Lewis. Includes Boardreaders and honorary True Legend entry for Norsu.,immortal,yes,yes,data/evidence/whois_display/html/anthrax.html,data/evidence/whois_display/text/anthrax.txt,mha:anthrax:1781577544:3b27bd31,high,0,0,0,,,no,0,,1,low:1,no,yes
char_lilleman,LilleMan,lilleman,,,,,,Maia,,Immortals,high,Wright,Wright,Wright,high,,,,,,,Maia,M,Wright,retired,Maia,no,no,2026_06_16_retired_immortals,MUME retired immortal list,List current as of 2026-06-16,immortal_2026_06_16_retired_immortals_lilleman_129_listed_retired_immortal,candidate,Copied by Lewis. Includes Boardreaders and honorary True Legend entry for Norsu.,immortal,yes,yes,data/evidence/whois_display/html/lilleman.html,data/evidence/whois_display/text/lilleman.txt,mha:lilleman:1781604381:785c8fcd,high,0,0,0,,,no,0,,0,,no,no
char_níeat,Níeat,nieat,,,,,,Maia,,Immortals,high,,,,,,,,,,,Maia,M,,retired,Boardreader,no,no,2026_06_16_retired_immortals,MUME retired immortal list,List current as of 2026-06-16,immortal_2026_06_16_retired_immortals_nieat_625_listed_retired_immortal,candidate,Copied by Lewis. Includes Boardreaders and honorary True Legend entry for Norsu.,immortal,yes,yes,data/evidence/whois_display/html/nieat.html,data/evidence/whois_display/text/nieat.txt,mha:níeat:1781605186:2899fde7,high,0,0,0,,,no,0,,0,,no,no
char_lilith,Lilith,lilith,,,,,,Maia,,Immortals,high,,,,,,,,,,,Maia,M,,retired,Boardreader,no,no,2026_06_16_retired_immortals,MUME retired immortal list,List current as of 2026-06-16,immortal_2026_06_16_retired_immortals_lilith_572_listed_retired_immortal,candidate,Copied by Lewis. Includes Boardreaders and honorary True Legend entry for Norsu.,immortal,yes,yes,data/evidence/whois_display/html/lilith.html,data/evidence/whois_display/text/lilith.txt,mha:lilith:1781604364:b0cb4c76,high,0,0,0,,,no,0,,0,,no,no
char_thuran,Thuran,thuran,,,,,,Maia,,Immortals,high,,,,,,,,,,,Maia,M,,retired,Boardreader,no,no,2026_06_16_retired_immortals,MUME retired immortal list,List current as of 2026-06-16,immortal_2026_06_16_retired_immortals_thuran_745_listed_retired_immortal,candidate,Copied by Lewis. Includes Boardreaders and honorary True Legend entry for Norsu.,immortal,yes,yes,data/evidence/whois_display/html/thuran.html,data/evidence/whois_display/text/thuran.txt,mha:thuran:1781606314:7ab201ee,high,0,0,0,,,no,0,,0,,no,no
char_siw,Siw,siw,,,,,,Maia,,Immortals,high,,,,,,,,,,,Maia,M,,retired,Boardreader,no,no,2026_06_16_retired_immortals,MUME retired immortal list,List current as of 2026-06-16,immortal_2026_06_16_retired_immortals_siw_713_listed_retired_immortal,candidate,Copied by Lewis. Includes Boardreaders and honorary True Legend entry for Norsu.,immortal,yes,yes,data/evidence/whois_display/html/siw.html,data/evidence/whois_display/text/siw.txt,mha:siw:1781605945:8915d315,high,0,0,0,,,no,0,,0,,no,no
char_lens,Lens,lens,,,,,,Maia,,Immortals,high,,,,,,,,,,,Maia,M,,retired,Boardreader,no,no,2026_06_16_retired_immortals,MUME retired immortal list,List current as of 2026-06-16,immortal_2026_06_16_retired_immortals_lens_571_listed_retired_immortal,candidate,Copied by Lewis. Includes Boardreaders and honorary True Legend entry for Norsu.,immortal,yes,yes,data/evidence/whois_display/html/lens.html,data/evidence/whois_display/text/lens.txt,mha:lens:1781604353:54605b2d,high,12,0,0,comma_name_list:12,Cort; Felarof; Firefli; Fiskar; Gilsuul; Halian; Lanus; Mearasord; Naquadur; Oromendil; Flamma; Skne,no,0,,0,,no,yes
char_vagnar,Vagnar,vagnar,,,,,,Maia,,Immortals,high,Cartographer,Cartographer,Cartographer,high,,,,,,,Maia,M,Cartographer,retired,Maia,no,no,2026_06_16_retired_immortals,MUME retired immortal list,List current as of 2026-06-16,immortal_2026_06_16_retired_immortals_vagnar_287_listed_retired_immortal,candidate,Copied by Lewis. Includes Boardreaders and honorary True Legend entry for Norsu.,immortal,yes,yes,data/evidence/whois_display/html/vagnar.html,data/evidence/whois_display/text/vagnar.txt,mha:vagnar:1781606525:59a0ea7c,high,0,0,0,,,no,0,,0,,no,no
char_deneth,Deneth,deneth,,,,,,Maia,,Immortals,high,,,,,,,,,,,Maia,M,,retired,Boardreader,no,no,2026_06_16_retired_immortals,MUME retired immortal list,List current as of 2026-06-16,immortal_2026_06_16_retired_immortals_deneth_405_listed_retired_immortal,candidate,Copied by Lewis. Includes Boardreaders and honorary True Legend entry for Norsu.,immortal,yes,yes,data/evidence/whois_display/html/deneth.html,data/evidence/whois_display/text/deneth.txt,mha:deneth:1781578878:1990f5e8,high,0,0,0,,,no,0,,0,,no,no
char_neithan,Neithan,neithan,,,,,,Maia,,Immortals,high,,,,,,,,,,,Maia,M,,retired,Boardreader,no,no,2026_06_16_retired_immortals,MUME retired immortal list,List current as of 2026-06-16,immortal_2026_06_16_retired_immortals_neithan_622_listed_retired_immortal,candidate,Copied by Lewis. Includes Boardreaders and honorary True Legend entry for Norsu.,immortal,yes,yes,data/evidence/whois_display/html/neithan.html,data/evidence/whois_display/text/neithan.txt,mha:neithan:1781605053:81dec52e,high,0,0,0,,,no,0,,0,,no,no
char_silmaesul,Silmaesul,silmaesul,,,,,,Maia,,Immortals,high,,,,,,,,,,,Maia,M,,retired,Boardreader,no,no,2026_06_16_retired_immortals,MUME retired immortal list,List current as of 2026-06-16,immortal_2026_06_16_retired_immortals_silmaesul_708_listed_retired_immortal,candidate,Copied by Lewis. Includes Boardreaders and honorary True Legend entry for Norsu.,immortal,yes,yes,data/evidence/whois_display/html/silmaesul.html,data/evidence/whois_display/text/silmaesul.txt,mha:silmaesul:1781605899:b3a3aa17,high,0,0,0,,,no,0,,0,,no,no
char_ryalnos,Ryalnos,ryalnos,,,,,,Maia,,Immortals,high,Wright,Wright,Wright,high,,,,,,,Maia,M,Wright,current,Maia,no,no,2026_06_16_current_immortals,MUME current immortal list,List current as of 2026-06-16,immortal_2026_06_16_current_immortals_ryalnos_43_listed_current_immortal,candidate,Copied by Lewis. (+m) means the immortal is also a Maiar Muddler / muddle code contributor.,immortal,yes,yes,data/evidence/whois_display/html/ryalnos.html,data/evidence/whois_display/text/ryalnos.txt,mha:ryalnos:1781605680:a73973df,high,1,0,0,quoted_speaker:1,Veld,yes,1,12.0,0,,no,yes
char_gaul,Gaul,gaul,,,,,,Maia,,Immortals,high,Builder,Builder,Builder,high,,,,,,,Maia,M,Builder,retired,Maia,no,no,2026_06_16_retired_immortals,MUME retired immortal list,List current as of 2026-06-16,immortal_2026_06_16_retired_immortals_gaul_186_listed_retired_immortal,candidate,Copied by Lewis. Includes Boardreaders and honorary True Legend entry for Norsu.,immortal,yes,yes,data/evidence/whois_display/html/gaul.html,data/evidence/whois_display/text/gaul.txt,mha:gaul:1781579943:f6e91ba8,high,0,0,0,,,no,0,,0,,no,no
char_silvos,Silvos,silvos,,,,,,Maia,,Immortals,high,Wright,Wright,Wright,high,,,,,,,Maia,M,Wright,current,Maia,no,no,2026_06_16_current_immortals,MUME current immortal list,List current as of 2026-06-16,immortal_2026_06_16_current_immortals_silvos_46_listed_current_immortal,candidate,Copied by Lewis. (+m) means the immortal is also a Maiar Muddler / muddle code contributor.,immortal,yes,yes,data/evidence/whois_display/html/silvos.html,data/evidence/whois_display/text/silvos.txt,mha:silvos:1781605921:d6233a98,high,0,0,0,,,no,0,,0,,no,no
char_lynwen,Lynwen,lynwen,,,,,,Maia,,Immortals,high,,,,,,,,,,,Maia,M,,retired,Boardreader,no,no,2026_06_16_retired_immortals,MUME retired immortal list,List current as of 2026-06-16,immortal_2026_06_16_retired_immortals_lynwen_582_listed_retired_immortal,candidate,Copied by Lewis. Includes Boardreaders and honorary True Legend entry for Norsu.,immortal,yes,yes,data/evidence/whois_display/html/lynwen.html,data/evidence/whois_display/text/lynwen.txt,mha:lynwen:1781604518:a29ca50f,high,0,0,0,,,yes,1,31.5,0,,no,no
char_vierna,Vierna,vierna,,,,,,Maia,,Immortals,high,,,,,,,,,,,Maia,M,,retired,Boardreader,no,no,2026_06_16_retired_immortals,MUME retired immortal list,List current as of 2026-06-16,immortal_2026_06_16_retired_immortals_vierna_765_listed_retired_immortal,candidate,Copied by Lewis. Includes Boardreaders and honorary True Legend entry for Norsu.,immortal,yes,yes,data/evidence/whois_display/html/vierna.html,data/evidence/whois_display/text/vierna.txt,mha:vierna:1781606625:bab6986f,high,0,0,0,,,no,0,,0,,no,no
char_mig,Mig,mig,,,,,,Maia,,Immortals,high,,,,,,,,,,,Maia,M,,retired,Boardreader,no,no,2026_06_16_retired_immortals,MUME retired immortal list,List current as of 2026-06-16,immortal_2026_06_16_retired_immortals_mig_598_listed_retired_immortal,candidate,Copied by Lewis. Includes Boardreaders and honorary True Legend entry for Norsu.,immortal,yes,yes,data/evidence/whois_display/html/mig.html,data/evidence/whois_display/text/mig.txt,mha:mig:1781604841:c3a89d0b,high,0,0,0,,,no,0,,0,,no,no
char_jak,Jak,jak,,,,,,Maia,,Immortals,high,Wright,Wright,Wright,high,,,,,,,Maia,M,Wright,retired,Maia,no,no,2026_06_16_retired_immortals,MUME retired immortal list,List current as of 2026-06-16,immortal_2026_06_16_retired_immortals_jak_118_listed_retired_immortal,candidate,Copied by Lewis. Includes Boardreaders and honorary True Legend entry for Norsu.,immortal,yes,yes,data/evidence/whois_display/html/jak.html,data/evidence/whois_display/text/jak.txt,mha:jak:1781603863:f27ef5ac,high,0,0,0,,,no,0,,0,,no,no
char_jaelle,Jaelle,jaelle,,,,,,Maia,,Immortals,high,Cartographer,Cartographer,Cartographer,high,,,,,,,Maia,M,Cartographer,retired,Maia,no,no,2026_06_16_retired_immortals,MUME retired immortal list,List current as of 2026-06-16,immortal_2026_06_16_retired_immortals_jaelle_251_listed_retired_immortal,candidate,Copied by Lewis. Includes Boardreaders and honorary True Legend entry for Norsu.,immortal,yes,yes,data/evidence/whois_display/html/jaelle.html,data/evidence/whois_display/text/jaelle.txt,mha:jaelle:1781603852:26d5ef25,high,0,0,0,,,no,0,,0,,no,no
char_boing,Boing,boing,,,,,,Maia,,Immortals,high,,,,,,,,,,,Maia,M,,retired,Boardreader,no,no,2026_06_16_retired_immortals,MUME retired immortal list,List current as of 2026-06-16,immortal_2026_06_16_retired_immortals_boing_356_listed_retired_immortal,candidate,Copied by Lewis. Includes Boardreaders and honorary True Legend entry for Norsu.,immortal,yes,yes,data/evidence/whois_display/html/boing.html,data/evidence/whois_display/text/boing.txt,mha:boing:1781578454:432e04ef,high,0,0,0,,,no,0,,0,,no,no
char_leetah,Leetah,leetah,,,,,,Maia,,Immortals,high,Builder,Builder,Builder,high,,,,,,,Maia,M,Builder,retired,Maia,no,no,2026_06_16_retired_immortals,MUME retired immortal list,List current as of 2026-06-16,immortal_2026_06_16_retired_immortals_leetah_191_listed_retired_immortal,candidate,Copied by Lewis. Includes Boardreaders and honorary True Legend entry for Norsu.,immortal,yes,yes,data/evidence/whois_display/html/leetah.html,data/evidence/whois_display/text/leetah.txt,mha:leetah:1781604303:b1f7b95b,high,0,0,0,,,no,0,,0,,no,no
char_brico,Brico,brico,,,,,,Maia,,Immortals,high,,,,,,,,,,,Maia,M,,retired,Boardreader,no,no,2026_06_16_retired_immortals,MUME retired immortal list,List current as of 2026-06-16,immortal_2026_06_16_retired_immortals_brico_360_listed_retired_immortal,candidate,Copied by Lewis. Includes Boardreaders and honorary True Legend entry for Norsu.,immortal,yes,yes,data/evidence/whois_display/html/brico.html,data/evidence/whois_display/text/brico.txt,mha:brico:1781578481:a57068e8,high,0,0,0,,,no,0,,0,,no,no
char_déja,Déja,deja,,,,,,Maia,,Immortals,high,,,,,,,,,,,Maia,M,,retired,Boardreader,no,no,2026_06_16_retired_immortals,MUME retired immortal list,List current as of 2026-06-16,immortal_2026_06_16_retired_immortals_deja_403_listed_retired_immortal,candidate,Copied by Lewis. Includes Boardreaders and honorary True Legend entry for Norsu.,immortal,yes,yes,data/evidence/whois_display/html/deja.html,data/evidence/whois_display/text/deja.txt,mha:déja:1781579017:755be5e0,high,0,0,0,,,no,0,,0,,no,no
char_newc,Newc,newc,,,,,,Maia,,Immortals,high,,,,,,,,,,,Maia,M,,retired,Boardreader,no,no,2026_06_16_retired_immortals,MUME retired immortal list,List current as of 2026-06-16,immortal_2026_06_16_retired_immortals_newc_624_listed_retired_immortal,candidate,Copied by Lewis. Includes Boardreaders and honorary True Legend entry for Norsu.,immortal,yes,yes,data/evidence/whois_display/html/newc.html,data/evidence/whois_display/text/newc.txt,mha:newc:1781605064:0628d103,high,0,0,0,,,no,0,,0,,no,no
char_luinil,Luinil,luinil,,,,,,Vala,,Immortals,high,Architect,Architect,Architect,high,,,,,,,Vala,V,Architect,retired,Vala,no,no,2026_06_16_retired_immortals,MUME retired immortal list,List current as of 2026-06-16,immortal_2026_06_16_retired_immortals_luinil_57_listed_retired_immortal,candidate,Copied by Lewis. Includes Boardreaders and honorary True Legend entry for Norsu.,immortal,yes,yes,data/evidence/whois_display/html/luinil.html,data/evidence/whois_display/text/luinil.txt,mha:luinil:1781604501:ca2579e9,high,0,0,0,,,no,0,,0,,no,no
char_nameless,Nameless,nameless,,,,,,Maia,,Immortals,high,,,,,,,,,,,Maia,M,,retired,Boardreader,no,no,2026_06_16_retired_immortals,MUME retired immortal list,List current as of 2026-06-16,immortal_2026_06_16_retired_immortals_nameless_617_listed_retired_immortal,candidate,Copied by Lewis. Includes Boardreaders and honorary True Legend entry for Norsu.,immortal,yes,yes,data/evidence/whois_display/html/nameless.html,data/evidence/whois_display/text/nameless.txt,mha:nameless:1781605014:8368ea3c,high,0,0,0,,,no,0,,0,,no,no
char_helevorn,Helevorn,helevorn,,,,,,Maia,,Immortals,high,Shaper,Shaper,Shaper,high,,,,,,,Maia,M,Shaper,retired,Maia,no,no,2026_06_16_retired_immortals,MUME retired immortal list,List current as of 2026-06-16,immortal_2026_06_16_retired_immortals_helevorn_72_listed_retired_immortal,candidate,Copied by Lewis. Includes Boardreaders and honorary True Legend entry for Norsu.,immortal,yes,yes,data/evidence/whois_display/html/helevorn.html,data/evidence/whois_display/text/helevorn.txt,mha:helevorn:1781586202:5e313a06,high,0,0,0,,,no,0,,0,,no,no
char_lealana,Lealana,lealana,,,,,,Maia,,Immortals,high,,,,,,,,,,,Maia,M,,retired,Boardreader,no,no,2026_06_16_retired_immortals,MUME retired immortal list,List current as of 2026-06-16,immortal_2026_06_16_retired_immortals_lealana_565_listed_retired_immortal,candidate,Copied by Lewis. Includes Boardreaders and honorary True Legend entry for Norsu.,immortal,yes,yes,data/evidence/whois_display/html/lealana.html,data/evidence/whois_display/text/lealana.txt,mha:lealana:1781604292:bc661a0c,high,0,0,0,,,no,0,,0,,no,no
char_loden,Loden,loden,,,,,,Maia,,Immortals,high,Wright,Wright,Wright,high,,,,,,,Maia,M,Wright,retired,Maia,no,no,2026_06_16_retired_immortals,MUME retired immortal list,List current as of 2026-06-16,immortal_2026_06_16_retired_immortals_loden_130_listed_retired_immortal,candidate,Copied by Lewis. Includes Boardreaders and honorary True Legend entry for Norsu.,immortal,yes,yes,data/evidence/whois_display/html/loden.html,data/evidence/whois_display/text/loden.txt,mha:loden:1781604404:7e6ad978,high,0,0,0,,,no,0,,0,,no,no
char_apalonia,Apalonia,apalonia,,,,,,Maia,,Immortals,high,Cartographer,Cartographer,Cartographer,high,,,,,,,Maia,M,Cartographer,current,Maia,no,no,2026_06_16_current_immortals,MUME current immortal list,List current as of 2026-06-16,immortal_2026_06_16_current_immortals_apalonia_57_listed_current_immortal,candidate,Copied by Lewis. (+m) means the immortal is also a Maiar Muddler / muddle code contributor.,immortal,yes,yes,data/evidence/whois_display/html/apalonia.html,data/evidence/whois_display/text/apalonia.txt,mha:apalonia:1781577566:7cf1fed8,high,0,0,0,,,no,0,,0,,no,no
char_brylon,Brylon,brylon,,,,,,Maia,,Immortals,high,Wright,Wright,Wright,high,,,,,,,Maia,M,Wright,current,Maia,no,no,2026_06_16_current_immortals,MUME current immortal list,List current as of 2026-06-16,immortal_2026_06_16_current_immortals_brylon_28_listed_current_immortal,candidate,Copied by Lewis. (+m) means the immortal is also a Maiar Muddler / muddle code contributor.,immortal,yes,yes,data/evidence/whois_display/html/brylon.html,data/evidence/whois_display/text/brylon.txt,mha:brylon:1781578492:9e11188e,high,0,0,0,,,no,0,,0,,no,no
char_ryubi,Ryubi,ryubi,,,,,,Maia,,Immortals,high,,,,,,,,,,,Maia,M,,retired,Boardreader,no,no,2026_06_16_retired_immortals,MUME retired immortal list,List current as of 2026-06-16,immortal_2026_06_16_retired_immortals_ryubi_686_listed_retired_immortal,candidate,Copied by Lewis. Includes Boardreaders and honorary True Legend entry for Norsu.,immortal,yes,yes,data/evidence/whois_display/html/ryubi.html,data/evidence/whois_display/text/ryubi.txt,mha:ryubi:1781605685:f15cd754,high,0,0,0,,,no,0,,0,,no,no
char_landroval,Landroval,landroval,,,,,,Maia,,Immortals,high,,,,,,,,,,,Maia,M,,retired,Boardreader,no,no,2026_06_16_retired_immortals,MUME retired immortal list,List current as of 2026-06-16,immortal_2026_06_16_retired_immortals_landroval_560_listed_retired_immortal,candidate,Copied by Lewis. Includes Boardreaders and honorary True Legend entry for Norsu.,immortal,yes,yes,data/evidence/whois_display/html/landroval.html,data/evidence/whois_display/text/landroval.txt,mha:landroval:1781604254:0d14da49,high,0,0,0,,,no,0,,0,,no,no
char_elithrandir,Elithrandir,elithrandir,,,,,,Maia,,Immortals,high,,,,,,,,,,,Maia,M,,retired,Boardreader,no,no,2026_06_16_retired_immortals,MUME retired immortal list,List current as of 2026-06-16,immortal_2026_06_16_retired_immortals_elithrandir_428_listed_retired_immortal,candidate,Copied by Lewis. Includes Boardreaders and honorary True Legend entry for Norsu.,immortal,yes,yes,data/evidence/whois_display/html/elithrandir.html,data/evidence/whois_display/text/elithrandir.txt,mha:elithrandir:1781579182:c0a27e7c,high,0,0,0,,,no,0,,0,,no,no
char_skyhawk,Skyhawk,skyhawk,,,,,,Maia,,Immortals,high,Cartographer,Cartographer,Cartographer,high,,,,,,,Maia,M,Cartographer,retired,Maia,no,no,2026_06_16_retired_immortals,MUME retired immortal list,List current as of 2026-06-16,immortal_2026_06_16_retired_immortals_skyhawk_277_listed_retired_immortal,candidate,Copied by Lewis. Includes Boardreaders and honorary True Legend entry for Norsu.,immortal,yes,yes,data/evidence/whois_display/html/skyhawk.html,data/evidence/whois_display/text/skyhawk.txt,mha:skyhawk:1781605955:b40eca14,high,0,0,0,,,no,0,,0,,no,no
char_kristian,Kristian,kristian,,,,,,Maia,,Immortals,high,,,,,,,,,,,Maia,M,,retired,Boardreader,no,no,2026_06_16_retired_immortals,MUME retired immortal list,List current as of 2026-06-16,immortal_2026_06_16_retired_immortals_kristian_555_listed_retired_immortal,candidate,Copied by Lewis. Includes Boardreaders and honorary True Legend entry for Norsu.,immortal,yes,yes,data/evidence/whois_display/html/kristian.html,data/evidence/whois_display/text/kristian.txt,mha:kristian:1781604197:a66878f2,high,0,0,0,,,no,0,,0,,no,no
char_chuck,Chuck,chuck,,,,,,Maia,,Immortals,high,,,,,,,,,,,Maia,M,,retired,Boardreader,no,no,2026_06_16_retired_immortals,MUME retired immortal list,List current as of 2026-06-16,immortal_2026_06_16_retired_immortals_chuck_378_listed_retired_immortal,candidate,Copied by Lewis. Includes Boardreaders and honorary True Legend entry for Norsu.,immortal,yes,yes,data/evidence/whois_display/html/chuck.html,data/evidence/whois_display/text/chuck.txt,mha:chuck:1781578657:22fd8ed3,high,0,0,0,,,no,0,,0,,no,no
char_calamity,Calamity,calamity,,,,,,Maia,,Immortals,high,,,,,,,,,,,Maia,M,,retired,Boardreader,no,no,2026_06_16_retired_immortals,MUME retired immortal list,List current as of 2026-06-16,immortal_2026_06_16_retired_immortals_calamity_368_listed_retired_immortal,candidate,Copied by Lewis. Includes Boardreaders and honorary True Legend entry for Norsu.,immortal,yes,yes,data/evidence/whois_display/html/calamity.html,data/evidence/whois_display/text/calamity.txt,mha:calamity:1781578547:699b0afe,high,0,0,0,,,no,0,,0,,no,no
char_fumble,Fumble,fumble,,,,,,Maia,,Immortals,high,,,,,,,,,,,Maia,M,,retired,Boardreader,no,no,2026_06_16_retired_immortals,MUME retired immortal list,List current as of 2026-06-16,immortal_2026_06_16_retired_immortals_fumble_466_listed_retired_immortal,candidate,Copied by Lewis. Includes Boardreaders and honorary True Legend entry for Norsu.,immortal,yes,yes,data/evidence/whois_display/html/fumble.html,data/evidence/whois_display/text/fumble.txt,mha:fumble:1781579882:b4268626,high,0,0,0,,,no,0,,0,,no,no
char_balux,Balux,balux,,,,,,Maia,,Immortals,high,,,,,,,,,,,Maia,M,,retired,Boardreader,no,no,2026_06_16_retired_immortals,MUME retired immortal list,List current as of 2026-06-16,immortal_2026_06_16_retired_immortals_balux_340_listed_retired_immortal,candidate,Copied by Lewis. Includes Boardreaders and honorary True Legend entry for Norsu.,immortal,yes,yes,data/evidence/whois_display/html/balux.html,data/evidence/whois_display/text/balux.txt,mha:balux:1781577832:5d0eef0a,high,0,0,0,,,no,0,,0,,no,no
char_kuzdhin,Kuzdhin,kuzdhin,,,,,,Maia,,Immortals,high,Cartographer,Cartographer,Cartographer,high,,,,,,,Maia,M,Cartographer,current,Maia,no,no,2026_06_16_current_immortals,MUME current immortal list,List current as of 2026-06-16,immortal_2026_06_16_current_immortals_kuzdhin_80_listed_current_immortal,candidate,Copied by Lewis. (+m) means the immortal is also a Maiar Muddler / muddle code contributor.,immortal,yes,yes,data/evidence/whois_display/html/kuzdhin.html,data/evidence/whois_display/text/kuzdhin.txt,mha:kuzdhin:1781604220:c03f4c9f,high,0,0,0,,,no,0,,0,,no,no
char_ellessar,Ellessar,ellessar,,,,,,Maia,,Immortals,high,Wright,Wright,Wright,high,,,,,,,Maia,M,Wright,current,Maia,yes,no,2026_06_16_current_immortals,MUME current immortal list,List current as of 2026-06-16,immortal_2026_06_16_current_immortals_ellessar_33_listed_current_immortal,candidate,Copied by Lewis. (+m) means the immortal is also a Maiar Muddler / muddle code contributor.,immortal,yes,yes,data/evidence/whois_display/html/ellessar.html,data/evidence/whois_display/text/ellessar.txt,mha:ellessar:1781579188:7a06eec9,high,0,0,0,,,no,0,,0,,no,no
char_kaztor,Kaztor,kaztor,,,,,,Maia,,Immortals,high,,,,,,,,,,,Maia,M,,retired,Boardreader,no,no,2026_06_16_retired_immortals,MUME retired immortal list,List current as of 2026-06-16,immortal_2026_06_16_retired_immortals_kaztor_535_listed_retired_immortal,candidate,Copied by Lewis. Includes Boardreaders and honorary True Legend entry for Norsu.,immortal,yes,yes,data/evidence/whois_display/html/kaztor.html,data/evidence/whois_display/text/kaztor.txt,mha:kaztor:1781603989:0de3d167,high,1,1,1,quoted_speaker:1,Kaztor,no,0,,0,,no,yes
char_chrizt,Chrizt,chrizt,,,,,,Maia,,Immortals,high,,,,,,,,,,,Maia,M,,retired,Boardreader,no,no,2026_06_16_retired_immortals,MUME retired immortal list,List current as of 2026-06-16,immortal_2026_06_16_retired_immortals_chrizt_377_listed_retired_immortal,candidate,Copied by Lewis. Includes Boardreaders and honorary True Legend entry for Norsu.,immortal,yes,yes,data/evidence/whois_display/html/chrizt.html,data/evidence/whois_display/text/chrizt.txt,mha:chrizt:1781578652:e79530b2,high,9,0,0,comma_name_list:9,Bombi; Brunbjörn; Häxa; Kaja; Korp; Kråka; Mårran; Oppfinnar; Stendöd,no,0,,0,,no,yes
char_freedom,Freedom,freedom,,,,,,Maia,,Immortals,high,,,,,,,,,,,Maia,M,,retired,Boardreader,no,no,2026_06_16_retired_immortals,MUME retired immortal list,List current as of 2026-06-16,immortal_2026_06_16_retired_immortals_freedom_462_listed_retired_immortal,candidate,Copied by Lewis. Includes Boardreaders and honorary True Legend entry for Norsu.,immortal,yes,yes,data/evidence/whois_display/html/freedom.html,data/evidence/whois_display/text/freedom.txt,mha:freedom:1781579849:c53e4d85,high,0,0,0,,,no,0,,0,,no,no
char_better,BETTER,better,,,,,,Maia,,Immortals,high,,,,,,,,,,,Maia,M,,,,,,,,,,,,immortal,yes,yes,data/evidence/whois_display/html/better.html,data/evidence/whois_display/text/better.txt,mha:bairanax:1781577821:39d8d392,high,0,0,0,,,no,0,,0,,no,no
char_norfyr,Norfyr,norfyr,,,,,,Maia,,Immortals,high,,,,,,,,,,,Maia,M,,retired,Boardreader,no,no,2026_06_16_retired_immortals,MUME retired immortal list,List current as of 2026-06-16,immortal_2026_06_16_retired_immortals_norfyr_632_listed_retired_immortal,candidate,Copied by Lewis. Includes Boardreaders and honorary True Legend entry for Norsu.,immortal,yes,yes,data/evidence/whois_display/html/norfyr.html,data/evidence/whois_display/text/norfyr.txt,mha:norfyr:1781605126:b04f8483,high,0,0,0,,,no,0,,0,,no,no
char_shiara,Shiara,shiara,,,,,,Maia,,Immortals,high,,,,,,,,,,,Maia,M,,retired,Boardreader,no,no,2026_06_16_retired_immortals,MUME retired immortal list,List current as of 2026-06-16,immortal_2026_06_16_retired_immortals_shiara_702_listed_retired_immortal,candidate,Copied by Lewis. Includes Boardreaders and honorary True Legend entry for Norsu.,immortal,yes,yes,data/evidence/whois_display/html/shiara.html,data/evidence/whois_display/text/shiara.txt,mha:shiara:1781605859:96835e36,high,0,0,0,,,no,0,,0,,no,no
char_luineth,Luineth,luineth,,,,,,Maia,,Immortals,high,Cartographer,Cartographer,Cartographer,high,,,,,,,Maia,M,Cartographer,retired,Maia,no,no,2026_06_16_retired_immortals,MUME retired immortal list,List current as of 2026-06-16,immortal_2026_06_16_retired_immortals_luineth_257_listed_retired_immortal,candidate,Copied by Lewis. Includes Boardreaders and honorary True Legend entry for Norsu.,immortal,yes,yes,data/evidence/whois_display/html/luineth.html,data/evidence/whois_display/text/luineth.txt,mha:luineth:1781604488:6244b063,high,0,0,0,,,no,0,,0,,no,no
char_olorin,Olorin,olorin,,,,,,Maia,,Immortals,high,Wright,Wright,Wright,high,,,,,,,Maia,M,Wright,retired,Maia,no,no,2026_06_16_retired_immortals,MUME retired immortal list,List current as of 2026-06-16,immortal_2026_06_16_retired_immortals_olorin_145_listed_retired_immortal,candidate,Copied by Lewis. Includes Boardreaders and honorary True Legend entry for Norsu.,immortal,yes,yes,data/evidence/whois_display/html/olorin.html,data/evidence/whois_display/text/olorin.txt,mha:olorin:1781605208:f9a519be,high,0,0,0,,,no,0,,0,,no,no
char_riven,Riven,riven,,,,,,Maia,,Immortals,high,,,,,,,,,,,Maia,M,,retired,Boardreader,no,no,2026_06_16_retired_immortals,MUME retired immortal list,List current as of 2026-06-16,immortal_2026_06_16_retired_immortals_riven_677_listed_retired_immortal,candidate,Copied by Lewis. Includes Boardreaders and honorary True Legend entry for Norsu.,immortal,yes,yes,data/evidence/whois_display/html/riven.html,data/evidence/whois_display/text/riven.txt,mha:riven:1781605603:6bbfc069,high,0,0,0,,,no,0,,0,,no,no
char_deda,Deda,deda,,,,,,Maia,,Immortals,high,,,,,,,,,,,Maia,M,,retired,Boardreader,no,no,2026_06_16_retired_immortals,MUME retired immortal list,List current as of 2026-06-16,immortal_2026_06_16_retired_immortals_deda_402_listed_retired_immortal,candidate,Copied by Lewis. Includes Boardreaders and honorary True Legend entry for Norsu.,immortal,yes,yes,data/evidence/whois_display/html/deda.html,data/evidence/whois_display/text/deda.txt,mha:deda:1781578862:bc42ff21,high,0,0,0,,,no,0,,0,,no,no
char_khudum,Khudum,khudum,,,,,,Maia,,Immortals,high,,,,,,,,,,,Maia,M,,retired,Boardreader,no,no,2026_06_16_retired_immortals,MUME retired immortal list,List current as of 2026-06-16,immortal_2026_06_16_retired_immortals_khudum_546_listed_retired_immortal,candidate,Copied by Lewis. Includes Boardreaders and honorary True Legend entry for Norsu.,immortal,yes,yes,data/evidence/whois_display/html/khudum.html,data/evidence/whois_display/text/khudum.txt,mha:khudum:1781604082:54d05f61,high,0,0,0,,,no,0,,0,,no,no
char_khatog,Khatog,khatog,,,,,,Maia,,Immortals,high,,,,,,,,,,,Maia,M,,retired,Boardreader,no,no,2026_06_16_retired_immortals,MUME retired immortal list,List current as of 2026-06-16,immortal_2026_06_16_retired_immortals_khatog_543_listed_retired_immortal,candidate,Copied by Lewis. Includes Boardreaders and honorary True Legend entry for Norsu.,immortal,yes,yes,data/evidence/whois_display/html/khatog.html,data/evidence/whois_display/text/khatog.txt,mha:khatog:1781604055:b4747aff,high,0,0,0,,,no,0,,0,,no,no
char_diana,Diana,diana,,,,,,Maia,,Immortals,high,,,,,,,,,,,Maia,M,,retired,Boardreader,no,no,2026_06_16_retired_immortals,MUME retired immortal list,List current as of 2026-06-16,immortal_2026_06_16_retired_immortals_diana_410_listed_retired_immortal,candidate,Copied by Lewis. Includes Boardreaders and honorary True Legend entry for Norsu.,immortal,yes,yes,data/evidence/whois_display/html/diana.html,data/evidence/whois_display/text/diana.txt,mha:diana:1781578911:31b71146,high,0,0,0,,,no,0,,0,,no,no
char_squizz,Squizz,squizz,,,,,,Vala,,Immortals,high,Mudller,Mudller,Mudller,high,,,,,,,Vala,V,Mudller,retired,Vala,no,no,2026_06_16_retired_immortals,MUME retired immortal list,List current as of 2026-06-16,immortal_2026_06_16_retired_immortals_squizz_32_listed_retired_immortal,candidate,Copied by Lewis. Includes Boardreaders and honorary True Legend entry for Norsu.,immortal,yes,yes,data/evidence/whois_display/html/squizz.html,data/evidence/whois_display/text/squizz.txt,mha:squizz:1781606060:c5d10b9f,high,0,0,0,,,no,0,,0,,no,no
char_alec,Alec,alec,,,,,,Maia,,Immortals,high,,,,,,,,,,,Maia,M,,retired,Boardreader,no,no,2026_06_16_retired_immortals,MUME retired immortal list,List current as of 2026-06-16,immortal_2026_06_16_retired_immortals_alec_312_listed_retired_immortal,candidate,Copied by Lewis. Includes Boardreaders and honorary True Legend entry for Norsu.,immortal,yes,yes,data/evidence/whois_display/html/alec.html,data/evidence/whois_display/text/alec.txt,mha:alec:1781576756:be4971c3,high,11,0,0,comma_name_list:11,Taran; Grimbold; Durambir; Gizmo; Darkblade; Bâen; Câen; Zâen; Narat; True; Glaurug,no,0,,0,,no,yes
char_najden,Najden,najden,,,,,,Maia,,Immortals,high,,,,,,,,,,,Maia,M,,retired,Boardreader,no,no,2026_06_16_retired_immortals,MUME retired immortal list,List current as of 2026-06-16,immortal_2026_06_16_retired_immortals_najden_614_listed_retired_immortal,candidate,Copied by Lewis. Includes Boardreaders and honorary True Legend entry for Norsu.,immortal,yes,yes,data/evidence/whois_display/html/najden.html,data/evidence/whois_display/text/najden.txt,mha:najden:1781604998:6fdbab96,high,0,0,0,,,no,0,,0,,no,no
char_mimbotu,Mimbotu,mimbotu,,,,,,Maia,,Immortals,high,,,,,,,,,,,Maia,M,,retired,Boardreader,no,no,2026_06_16_retired_immortals,MUME retired immortal list,List current as of 2026-06-16,immortal_2026_06_16_retired_immortals_mimbotu_601_listed_retired_immortal,candidate,Copied by Lewis. Includes Boardreaders and honorary True Legend entry for Norsu.,immortal,yes,yes,data/evidence/whois_display/html/mimbotu.html,data/evidence/whois_display/text/mimbotu.txt,mha:mimbotu:1781604858:1e1ec495,high,0,0,0,,,no,0,,0,,no,no
char_inoue,Inoue,inoue,,,,,,Maia,,Immortals,high,,,,,,,,,,,Maia,M,,retired,Boardreader,no,no,2026_06_16_retired_immortals,MUME retired immortal list,List current as of 2026-06-16,immortal_2026_06_16_retired_immortals_inoue_517_listed_retired_immortal,candidate,Copied by Lewis. Includes Boardreaders and honorary True Legend entry for Norsu.,immortal,yes,yes,data/evidence/whois_display/html/inoue.html,data/evidence/whois_display/text/inoue.txt,mha:inoue:1781587157:13689791,high,0,0,0,,,no,0,,0,,no,no
char_gothûrzaz,Gothûrzaz,gothurzaz,,,,,,Maia,,Immortals,high,Cartographer,Cartographer,Cartographer,high,,,,,,,Maia,M,Cartographer,current,Maia,no,no,2026_06_16_current_immortals,MUME current immortal list,List current as of 2026-06-16,immortal_2026_06_16_current_immortals_gothurzaz_71_listed_current_immortal,candidate,Copied by Lewis. (+m) means the immortal is also a Maiar Muddler / muddle code contributor.,immortal,yes,yes,data/evidence/whois_display/html/gothurzaz.html,data/evidence/whois_display/text/gothurzaz.txt,mha:gothûrzaz:1781580059:c9ff7d7c,high,0,0,0,,,no,0,,0,,no,no
char_eporedax,Eporedax,eporedax,,,,,,Maia,,Immortals,high,,,,,,,,,,,Maia,M,,retired,Boardreader,no,no,2026_06_16_retired_immortals,MUME retired immortal list,List current as of 2026-06-16,immortal_2026_06_16_retired_immortals_eporedax_434_listed_retired_immortal,candidate,Copied by Lewis. Includes Boardreaders and honorary True Legend entry for Norsu.,immortal,yes,yes,data/evidence/whois_display/html/eporedax.html,data/evidence/whois_display/text/eporedax.txt,mha:eporedax:1781579276:dbdf5e38,high,0,0,0,,,no,0,,0,,no,no
char_drago,Drago,drago,,,,,,Maia,,Immortals,high,Wright,Wright,Wright,high,,,,,,,Maia,M,Wright,retired,Maia,no,no,2026_06_16_retired_immortals,MUME retired immortal list,List current as of 2026-06-16,immortal_2026_06_16_retired_immortals_drago_99_listed_retired_immortal,candidate,Copied by Lewis. Includes Boardreaders and honorary True Legend entry for Norsu.,immortal,yes,yes,data/evidence/whois_display/html/drago.html,data/evidence/whois_display/text/drago.txt,mha:drago:1781578950:5cec1894,high,0,0,0,,,no,0,,0,,no,no
char_temptation,Temptation,temptation,,,,,,Maia,,Immortals,high,,,,,,,,,,,Maia,M,,,,,,,,,,,,immortal,yes,yes,data/evidence/whois_display/html/temptation.html,data/evidence/whois_display/text/temptation.txt,mha:blackfox:1781577969:2c87965d,high,0,0,0,,,no,0,,0,,no,no
char_bomber,Bomber,bomber,,,,,,Maia,,Immortals,high,,,,,,,,,,,Maia,M,,retired,Boardreader,no,no,2026_06_16_retired_immortals,MUME retired immortal list,List current as of 2026-06-16,immortal_2026_06_16_retired_immortals_bomber_357_listed_retired_immortal,candidate,Copied by Lewis. Includes Boardreaders and honorary True Legend entry for Norsu.,immortal,yes,yes,data/evidence/whois_display/html/bomber.html,data/evidence/whois_display/text/bomber.txt,mha:bomber:1781578459:2e295cfe,high,0,0,0,,,no,0,,0,,no,no
char_coydt,Coydt,coydt,,,,,,Maia,,Immortals,high,,,,,,,,,,,Maia,M,,retired,Boardreader,no,no,2026_06_16_retired_immortals,MUME retired immortal list,List current as of 2026-06-16,immortal_2026_06_16_retired_immortals_coydt_386_listed_retired_immortal,candidate,Copied by Lewis. Includes Boardreaders and honorary True Legend entry for Norsu.,immortal,yes,yes,data/evidence/whois_display/html/coydt.html,data/evidence/whois_display/text/coydt.txt,mha:coydt:1781578724:c2e25b33,high,1,1,1,quoted_speaker:1,Coydt,no,0,,0,,no,yes
char_amras,Amras,amras,,,,,,Maia,,Immortals,high,,,,,,,,,,,Maia,M,,retired,Boardreader,no,no,2026_06_16_retired_immortals,MUME retired immortal list,List current as of 2026-06-16,immortal_2026_06_16_retired_immortals_amras_317_listed_retired_immortal,candidate,Copied by Lewis. Includes Boardreaders and honorary True Legend entry for Norsu.,immortal,yes,yes,data/evidence/whois_display/html/amras.html,data/evidence/whois_display/text/amras.txt,mha:amras:1781576829:b611ea17,high,0,0,0,,,no,0,,0,,no,no
char_ke,Ke,ke,,,,,,Maia,,Immortals,high,Wright,Wright,Wright,high,,,,,,,Maia,M,Wright,retired,Maia,no,no,2026_06_16_retired_immortals,MUME retired immortal list,List current as of 2026-06-16,immortal_2026_06_16_retired_immortals_ke_121_listed_retired_immortal,candidate,Copied by Lewis. Includes Boardreaders and honorary True Legend entry for Norsu.,immortal,yes,yes,data/evidence/whois_display/html/ke.html,data/evidence/whois_display/text/ke.txt,mha:ke:1781603994:af16a34b,high,0,0,0,,,no,0,,0,,no,no
char_citygaurd,Citygaurd,citygaurd,,,,,,Maia,,Immortals,high,,,,,,,,,,,Maia,M,,retired,Boardreader,no,no,2026_06_16_retired_immortals,MUME retired immortal list,List current as of 2026-06-16,immortal_2026_06_16_retired_immortals_citygaurd_380_listed_retired_immortal,candidate,Copied by Lewis. Includes Boardreaders and honorary True Legend entry for Norsu.,immortal,yes,yes,data/evidence/whois_display/html/citygaurd.html,data/evidence/whois_display/text/citygaurd.txt,mha:citygaurd:1781578679:19a52dd5,high,4,4,4,quoted_speaker:4,Fog,no,0,,0,,no,yes
char_foobitz,Foobitz,foobitz,,,,,,Maia,,Immortals,high,Cartographer,Cartographer,Cartographer,high,,,,,,,Maia,M,Cartographer,retired,Maia,no,no,2026_06_16_retired_immortals,MUME retired immortal list,List current as of 2026-06-16,immortal_2026_06_16_retired_immortals_foobitz_238_listed_retired_immortal,candidate,Copied by Lewis. Includes Boardreaders and honorary True Legend entry for Norsu.,immortal,yes,yes,data/evidence/whois_display/html/foobitz.html,data/evidence/whois_display/text/foobitz.txt,mha:foobitz:1781579812:6f285fc4,high,0,0,0,,,no,0,,0,,no,no
char_emcas,Emcas,emcas,,,,,,Maia,,Immortals,high,,,,,,,,,,,Maia,M,,retired,Boardreader,no,no,2026_06_16_retired_immortals,MUME retired immortal list,List current as of 2026-06-16,immortal_2026_06_16_retired_immortals_emcas_429_listed_retired_immortal,candidate,Copied by Lewis. Includes Boardreaders and honorary True Legend entry for Norsu.,immortal,yes,yes,data/evidence/whois_display/html/emcas.html,data/evidence/whois_display/text/emcas.txt,mha:emcas:1781579213:10e78ccd,high,0,0,0,,,no,0,,0,,no,no
char_aredhel,Aredhel,aredhel,,,,,,Vala,,Immortals,medium,,,,,,,,,,,,,,retired,Vala,no,no,2026_06_16_retired_immortals,MUME retired immortal list,List current as of 2026-06-16,immortal_2026_06_16_retired_immortals_aredhel_42_listed_retired_immortal,candidate,Copied by Lewis. Includes Boardreaders and honorary True Legend entry for Norsu.,custom_descriptor_unclassified,yes,yes,data/evidence/whois_display/html/aredhel.html,data/evidence/whois_display/text/aredhel.txt,mha:aredhel:1781577599:2af1222d,high,0,0,0,,,no,0,,1,low:1,yes,yes
char_innocent,Innocent,innocent,,,,,,Maia,,Immortals,high,,,,,,,,,,,Maia,M,,retired,Boardreader,no,no,2026_06_16_retired_immortals,MUME retired immortal list,List current as of 2026-06-16,immortal_2026_06_16_retired_immortals_innocent_516_listed_retired_immortal,candidate,Copied by Lewis. Includes Boardreaders and honorary True Legend entry for Norsu.,immortal,yes,yes,data/evidence/whois_display/html/innocent.html,data/evidence/whois_display/text/innocent.txt,mha:innocent:1781587152:85eea00e,high,0,0,0,,,no,0,,0,,no,no
char_kalev,Kalev,kalev,,,,,,Vala,,Immortals,high,Mudller,Mudller,Mudller,high,,,,,,,Vala,V,Mudller,retired,Vala,no,no,2026_06_16_retired_immortals,MUME retired immortal list,List current as of 2026-06-16,immortal_2026_06_16_retired_immortals_kalev_25_listed_retired_immortal,candidate,Copied by Lewis. Includes Boardreaders and honorary True Legend entry for Norsu.,immortal,yes,yes,data/evidence/whois_display/html/kalev.html,data/evidence/whois_display/text/kalev.txt,mha:kalev:1781603914:63df3ed8,high,0,0,0,,,yes,1,47.5,0,,no,no
char_cai,Cai,cai,,,,,,Maia,,Immortals,high,,,,,,,,,,,Maia,M,,retired,Boardreader,no,no,2026_06_16_retired_immortals,MUME retired immortal list,List current as of 2026-06-16,immortal_2026_06_16_retired_immortals_cai_366_listed_retired_immortal,candidate,Copied by Lewis. Includes Boardreaders and honorary True Legend entry for Norsu.,immortal,yes,yes,data/evidence/whois_display/html/cai.html,data/evidence/whois_display/text/cai.txt,mha:cai:1781578536:aff90015,high,0,0,0,,,no,0,,0,,no,no
char_grennif,Grennif,grennif,,,,,,Maia,,Immortals,high,,,,,,,,,,,Maia,M,,retired,Boardreader,no,no,2026_06_16_retired_immortals,MUME retired immortal list,List current as of 2026-06-16,immortal_2026_06_16_retired_immortals_grennif_483_listed_retired_immortal,candidate,Copied by Lewis. Includes Boardreaders and honorary True Legend entry for Norsu.,immortal,yes,yes,data/evidence/whois_display/html/grennif.html,data/evidence/whois_display/text/grennif.txt,mha:grennif:1781580081:17e45885,high,0,0,0,,,no,0,,0,,no,no
char_johan,Johan,johan,,,,,,Maia,,Immortals,high,,,,,,,,,,,Maia,M,,retired,Boardreader,no,no,2026_06_16_retired_immortals,MUME retired immortal list,List current as of 2026-06-16,immortal_2026_06_16_retired_immortals_johan_526_listed_retired_immortal,candidate,Copied by Lewis. Includes Boardreaders and honorary True Legend entry for Norsu.,immortal,yes,yes,data/evidence/whois_display/html/johan.html,data/evidence/whois_display/text/johan.txt,mha:johan:1781603885:d9f900e2,high,0,0,0,,,no,0,,0,,no,no
char_yudh,Yudh,yudh,,,,,,Maia,,Immortals,high,Wright,Wright,Wright,high,,,,,,,Maia,M,Wright,retired,Maia,no,no,2026_06_16_retired_immortals,MUME retired immortal list,List current as of 2026-06-16,immortal_2026_06_16_retired_immortals_yudh_171_listed_retired_immortal,candidate,Copied by Lewis. Includes Boardreaders and honorary True Legend entry for Norsu.,immortal,yes,yes,data/evidence/whois_display/html/yudh.html,data/evidence/whois_display/text/yudh.txt,mha:yudh:1781606861:776f5a64,high,0,0,0,,,no,0,,0,,no,no
char_macabre,Macabre,macabre,,,,,,Maia,,Immortals,high,Wright,Wright,Wright,high,,,,,,,Maia,M,Wright,retired,Maia,no,no,2026_06_16_retired_immortals,MUME retired immortal list,List current as of 2026-06-16,immortal_2026_06_16_retired_immortals_macabre_134_listed_retired_immortal,candidate,Copied by Lewis. Includes Boardreaders and honorary True Legend entry for Norsu.,immortal,yes,yes,data/evidence/whois_display/html/macabre.html,data/evidence/whois_display/text/macabre.txt,mha:macabre:1781604537:b9625cde,high,0,0,0,,,no,0,,0,,no,no
char_cliff,Cliff,cliff,,,,,,Maia,,Immortals,high,,,,,,,,,,,Maia,M,,retired,Boardreader,no,no,2026_06_16_retired_immortals,MUME retired immortal list,List current as of 2026-06-16,immortal_2026_06_16_retired_immortals_cliff_381_listed_retired_immortal,candidate,Copied by Lewis. Includes Boardreaders and honorary True Legend entry for Norsu.,immortal,yes,yes,data/evidence/whois_display/html/cliff.html,data/evidence/whois_display/text/cliff.txt,mha:cliff:1781578685:c38a8a90,high,0,0,0,,,no,0,,0,,no,no
char_janosik,Janosik,janosik,,,,,,Maia,,Immortals,high,,,,,,,,,,,Maia,M,,retired,Boardreader,no,no,2026_06_16_retired_immortals,MUME retired immortal list,List current as of 2026-06-16,immortal_2026_06_16_retired_immortals_janosik_524_listed_retired_immortal,candidate,Copied by Lewis. Includes Boardreaders and honorary True Legend entry for Norsu.,immortal,yes,yes,data/evidence/whois_display/html/janosik.html,data/evidence/whois_display/text/janosik.txt,mha:janosik:1781603868:5fc03f5c,high,0,0,0,,,no,0,,0,,no,no
char_ithaldir,Ithaldir,ithaldir,,,,,,Maia,,Immortals,high,,,,,,,,,,,Maia,M,,retired,Boardreader,no,no,2026_06_16_retired_immortals,MUME retired immortal list,List current as of 2026-06-16,immortal_2026_06_16_retired_immortals_ithaldir_521_listed_retired_immortal,candidate,Copied by Lewis. Includes Boardreaders and honorary True Legend entry for Norsu.,immortal,yes,yes,data/evidence/whois_display/html/ithaldir.html,data/evidence/whois_display/text/ithaldir.txt,mha:ithaldir:1781603818:97258082,high,0,0,0,,,no,0,,0,,no,no
char_cúthalion,Cúthalion,cuthalion,,,,,,Maia,,Immortals,high,,,,,,,,,,,Maia,M,,retired,Boardreader,no,no,2026_06_16_retired_immortals,MUME retired immortal list,List current as of 2026-06-16,immortal_2026_06_16_retired_immortals_cuthalion_392_listed_retired_immortal,candidate,Copied by Lewis. Includes Boardreaders and honorary True Legend entry for Norsu.,immortal,yes,yes,data/evidence/whois_display/html/cuthalion.html,data/evidence/whois_display/text/cuthalion.txt,mha:cúthalion:1781578779:6c6c860e,high,0,0,0,,,no,0,,0,,no,no
char_izzy,Izzy,izzy,,,,,,Maia,,Immortals,high,,,,,,,,,,,Maia,M,,retired,Boardreader,no,no,2026_06_16_retired_immortals,MUME retired immortal list,List current as of 2026-06-16,immortal_2026_06_16_retired_immortals_izzy_522_listed_retired_immortal,candidate,Copied by Lewis. Includes Boardreaders and honorary True Legend entry for Norsu.,immortal,yes,yes,data/evidence/whois_display/html/izzy.html,data/evidence/whois_display/text/izzy.txt,mha:izzy:1781603830:31c4ad3d,high,0,0,0,,,no,0,,0,,no,no
char_genbu,Genbu,genbu,,,,,,Maia,,Immortals,high,,,,,,,,,,,Maia,M,,retired,Boardreader,no,no,2026_06_16_retired_immortals,MUME retired immortal list,List current as of 2026-06-16,immortal_2026_06_16_retired_immortals_genbu_473_listed_retired_immortal,candidate,Copied by Lewis. Includes Boardreaders and honorary True Legend entry for Norsu.,immortal,yes,yes,data/evidence/whois_display/html/genbu.html,data/evidence/whois_display/text/genbu.txt,mha:genbu:1781579971:34bb528c,high,0,0,0,,,no,0,,0,,no,no
char_isildyr,Isildyr,isildyr,,,,,,Maia,,Immortals,high,Wright,Wright,Wright,high,,,,,,,Maia,M,Wright,retired,Maia,no,no,2026_06_16_retired_immortals,MUME retired immortal list,List current as of 2026-06-16,immortal_2026_06_16_retired_immortals_isildyr_115_listed_retired_immortal,candidate,Copied by Lewis. Includes Boardreaders and honorary True Legend entry for Norsu.,immortal,yes,yes,data/evidence/whois_display/html/isildyr.html,data/evidence/whois_display/text/isildyr.txt,mha:isildyr:1781603796:67afa1d7,high,0,0,0,,,no,0,,1,low:1,no,yes
char_bit,Bit,bit,,,,,,Maia,,Immortals,high,Builder,Builder,Builder,high,,,,,,,Maia,M,Builder,retired,Maia,no,no,2026_06_16_retired_immortals,MUME retired immortal list,List current as of 2026-06-16,immortal_2026_06_16_retired_immortals_bit_175_listed_retired_immortal,candidate,Copied by Lewis. Includes Boardreaders and honorary True Legend entry for Norsu.,immortal,yes,yes,data/evidence/whois_display/html/bit.html,data/evidence/whois_display/text/bit.txt,mha:bit:1781577953:579f22e2,high,0,0,0,,,no,0,,0,,no,no
char_barinak,Barinak,barinak,,,,,,Maia,,Immortals,high,Cartographer,Cartographer,Cartographer,high,,,,,,,Maia,M,Cartographer,current,Maia,no,no,2026_06_16_current_immortals,MUME current immortal list,List current as of 2026-06-16,immortal_2026_06_16_current_immortals_barinak_58_listed_current_immortal,candidate,Copied by Lewis. (+m) means the immortal is also a Maiar Muddler / muddle code contributor.,immortal,yes,yes,data/evidence/whois_display/html/barinak.html,data/evidence/whois_display/text/barinak.txt,mha:barinak:1781577848:fd2d7f3c,high,0,0,0,,,no,0,,0,,no,no
char_agamand,Agamand,agamand,,,,,,Maia,,Immortals,high,,,,,,,,,,,Maia,M,,retired,Boardreader,no,no,2026_06_16_retired_immortals,MUME retired immortal list,List current as of 2026-06-16,immortal_2026_06_16_retired_immortals_agamand_300_listed_retired_immortal,candidate,Copied by Lewis. Includes Boardreaders and honorary True Legend entry for Norsu.,immortal,yes,yes,data/evidence/whois_display/html/agamand.html,data/evidence/whois_display/text/agamand.txt,mha:agamand:1781576661:a3e255f8,high,0,0,0,,,no,0,,0,,no,no
char_karl,Karl,karl,,,,,,Maia,,Immortals,high,,,,,,,,,,,Maia,M,,retired,Boardreader,no,no,2026_06_16_retired_immortals,MUME retired immortal list,List current as of 2026-06-16,immortal_2026_06_16_retired_immortals_karl_530_listed_retired_immortal,candidate,Copied by Lewis. Includes Boardreaders and honorary True Legend entry for Norsu.,immortal,yes,yes,data/evidence/whois_display/html/karl.html,data/evidence/whois_display/text/karl.txt,mha:karl:1781603937:fef19246,high,0,0,0,,,no,0,,0,,no,no
char_majesty,Majesty,majesty,,,,,,Maia,,Immortals,high,,,,,,,,,,,Maia,M,,retired,Boardreader,no,no,2026_06_16_retired_immortals,MUME retired immortal list,List current as of 2026-06-16,immortal_2026_06_16_retired_immortals_majesty_585_listed_retired_immortal,candidate,Copied by Lewis. Includes Boardreaders and honorary True Legend entry for Norsu.,immortal,yes,yes,data/evidence/whois_display/html/majesty.html,data/evidence/whois_display/text/majesty.txt,mha:majesty:1781604579:b99ffc82,high,34,0,0,heading_name_list:18; comma_name_list:16,Aenos; Ameno; Delerium; Deum; Divinus; Forze; Gareth; Ingole; Istui; Burial; Burton; Deofol,no,0,,0,,no,yes
char_sarin,Sarin,sarin,,,,,,Maia,,Immortals,high,,,,,,,,,,,Maia,M,,retired,Boardreader,no,no,2026_06_16_retired_immortals,MUME retired immortal list,List current as of 2026-06-16,immortal_2026_06_16_retired_immortals_sarin_692_listed_retired_immortal,candidate,Copied by Lewis. Includes Boardreaders and honorary True Legend entry for Norsu.,immortal,yes,yes,data/evidence/whois_display/html/sarin.html,data/evidence/whois_display/text/sarin.txt,mha:sarin:1781605751:c0764233,high,0,0,0,,,no,0,,0,,no,no
char_ingtar,Ingtar,ingtar,,,,,,Vala,,Immortals,high,Architect,Architect,Architect,high,,,,,,,Vala,V,Architect,retired,Vala,no,no,2026_06_16_retired_immortals,MUME retired immortal list,List current as of 2026-06-16,immortal_2026_06_16_retired_immortals_ingtar_54_listed_retired_immortal,candidate,Copied by Lewis. Includes Boardreaders and honorary True Legend entry for Norsu.,immortal,yes,yes,data/evidence/whois_display/html/ingtar.html,data/evidence/whois_display/text/ingtar.txt,mha:ingtar:1781587146:9d8ce2b8,high,0,0,0,,,no,0,,0,,no,no
char_théomil,Théomil,theomil,,,,,,Maia,,Immortals,high,,,,,,,,,,,Maia,M,,retired,Boardreader,no,no,2026_06_16_retired_immortals,MUME retired immortal list,List current as of 2026-06-16,immortal_2026_06_16_retired_immortals_theomil_742_listed_retired_immortal,candidate,Copied by Lewis. Includes Boardreaders and honorary True Legend entry for Norsu.,immortal,yes,yes,data/evidence/whois_display/html/theomil.html,data/evidence/whois_display/text/theomil.txt,mha:théomil:1781606325:0dd71fdf,high,0,0,0,,,no,0,,0,,no,no
char_imago,Imago,imago,,,,,,Vala,,Immortals,high,,,,,,,,,,,Arata,A,,current,Aratar,no,no,2026_06_16_current_immortals,MUME current immortal list,List current as of 2026-06-16,immortal_2026_06_16_current_immortals_imago_5_listed_current_immortal,candidate,Copied by Lewis. (+m) means the immortal is also a Maiar Muddler / muddle code contributor.,immortal,yes,yes,data/evidence/whois_display/html/imago.html,data/evidence/whois_display/text/imago.txt,mha:imago:1781587108:f37adb2f,high,0,0,0,,,no,0,,0,,no,no
char_thanatos,Thanatos,thanatos,,,,,,Maia,,Immortals,high,Wright,Wright,Wright,high,,,,,,,Maia,M,Wright,retired,Maia,no,no,2026_06_16_retired_immortals,MUME retired immortal list,List current as of 2026-06-16,immortal_2026_06_16_retired_immortals_thanatos_161_listed_retired_immortal,candidate,Copied by Lewis. Includes Boardreaders and honorary True Legend entry for Norsu.,immortal,yes,yes,data/evidence/whois_display/html/thanatos.html,data/evidence/whois_display/text/thanatos.txt,mha:thanatos:1781606265:df20aff2,high,0,0,0,,,no,0,,0,,no,no
char_deodred,Deodred,deodred,,,,,,Maia,,Immortals,high,,,,,,,,,,,Maia,M,,retired,Boardreader,no,no,2026_06_16_retired_immortals,MUME retired immortal list,List current as of 2026-06-16,immortal_2026_06_16_retired_immortals_deodred_406_listed_retired_immortal,candidate,Copied by Lewis. Includes Boardreaders and honorary True Legend entry for Norsu.,immortal,yes,yes,data/evidence/whois_display/html/deodred.html,data/evidence/whois_display/text/deodred.txt,mha:deodred:1781578884:f8d745f0,high,0,0,0,,,no,0,,0,,no,no
char_yarin,Yarin,yarin,,,,,,Maia,,Immortals,high,,,,,,,,,,,Maia,M,,retired,Boardreader,no,no,2026_06_16_retired_immortals,MUME retired immortal list,List current as of 2026-06-16,immortal_2026_06_16_retired_immortals_yarin_782_listed_retired_immortal,candidate,Copied by Lewis. Includes Boardreaders and honorary True Legend entry for Norsu.,immortal,yes,yes,data/evidence/whois_display/html/yarin.html,data/evidence/whois_display/text/yarin.txt,mha:yarin:1781606799:9788757b,high,0,0,0,,,no,0,,0,,no,no
char_huron,Huron,huron,,,,,,Maia,,Immortals,high,,,,,,,,,,,Maia,M,,retired,Boardreader,no,no,2026_06_16_retired_immortals,MUME retired immortal list,List current as of 2026-06-16,immortal_2026_06_16_retired_immortals_huron_509_listed_retired_immortal,candidate,Copied by Lewis. Includes Boardreaders and honorary True Legend entry for Norsu.,immortal,yes,yes,data/evidence/whois_display/html/huron.html,data/evidence/whois_display/text/huron.txt,mha:huron:1781587062:309c65a4,high,0,0,0,,,no,0,,0,,no,no
char_leica,Leica,leica,,,,,,Maia,,Immortals,high,,,,,,,,,,,Maia,M,,retired,Boardreader,no,no,2026_06_16_retired_immortals,MUME retired immortal list,List current as of 2026-06-16,immortal_2026_06_16_retired_immortals_leica_568_listed_retired_immortal,candidate,Copied by Lewis. Includes Boardreaders and honorary True Legend entry for Norsu.,immortal,yes,yes,data/evidence/whois_display/html/leica.html,data/evidence/whois_display/text/leica.txt,mha:leica:1781604331:64ec5a68,high,3,2,2,heading_name_list:3,Echo; Fearsome; Siege,no,0,,0,,no,yes
char_highlander,Highlander,highlander,,,,,,Maia,,Immortals,high,,,,,,,,,,,Maia,M,,retired,Boardreader,no,no,2026_06_16_retired_immortals,MUME retired immortal list,List current as of 2026-06-16,immortal_2026_06_16_retired_immortals_highlander_501_listed_retired_immortal,candidate,Copied by Lewis. Includes Boardreaders and honorary True Legend entry for Norsu.,immortal,yes,yes,data/evidence/whois_display/html/highlander.html,data/evidence/whois_display/text/highlander.txt,mha:highlander:1781586224:fc995bbc,high,0,0,0,,,no,0,,0,,no,no
char_fènrir,Fènrir,fenrir,,,,,,Maia,,Immortals,high,,,,,,,,,,,Maia,M,,retired,Boardreader,no,no,2026_06_16_retired_immortals,MUME retired immortal list,List current as of 2026-06-16,immortal_2026_06_16_retired_immortals_fenrir_449_listed_retired_immortal,candidate,Copied by Lewis. Includes Boardreaders and honorary True Legend entry for Norsu.,immortal,yes,yes,data/evidence/whois_display/html/fenrir.html,data/evidence/whois_display/text/fenrir.txt,mha:fènrir:1781579888:f41d765e,high,0,0,0,,,no,0,,0,,no,no
char_atani,Atani,atani,,,,,,Maia,,Immortals,high,,,,,,,,,,,Maia,M,,retired,Boardreader,no,no,2026_06_16_retired_immortals,MUME retired immortal list,List current as of 2026-06-16,immortal_2026_06_16_retired_immortals_atani_332_listed_retired_immortal,candidate,Copied by Lewis. Includes Boardreaders and honorary True Legend entry for Norsu.,immortal,yes,yes,data/evidence/whois_display/html/atani.html,data/evidence/whois_display/text/atani.txt,mha:atani:1781577738:4e4f8741,high,6,0,0,comma_name_list:6,Aragost; Brega; Alonil; Finglorion; Edhel; Targit,no,0,,0,,no,yes
char_irikan,Irikan,irikan,,,,,,Maia,,Immortals,high,Cartographer,Cartographer,Cartographer,high,,,,,,,Maia,M,Cartographer,retired,Maia,no,no,2026_06_16_retired_immortals,MUME retired immortal list,List current as of 2026-06-16,immortal_2026_06_16_retired_immortals_irikan_250_listed_retired_immortal,candidate,Copied by Lewis. Includes Boardreaders and honorary True Legend entry for Norsu.,immortal,yes,yes,data/evidence/whois_display/html/irikan.html,data/evidence/whois_display/text/irikan.txt,mha:irikan:1781587178:c48a0c5c,high,5,0,0,comma_name_list:5,Arikah; Kotm; Irilion; Arafhos; Iriverok,no,0,,0,,no,yes
char_darvil,Darvil,darvil,,,,,,Maia,,Immortals,high,,,,,,,,,,,Maia,M,,retired,Boardreader,no,no,2026_06_16_retired_immortals,MUME retired immortal list,List current as of 2026-06-16,immortal_2026_06_16_retired_immortals_darvil_398_listed_retired_immortal,candidate,Copied by Lewis. Includes Boardreaders and honorary True Legend entry for Norsu.,immortal,yes,yes,data/evidence/whois_display/html/darvil.html,data/evidence/whois_display/text/darvil.txt,mha:darvil:1781578834:9cfc28cb,high,0,0,0,,,no,0,,0,,no,no
char_erika,Erika,erika,,,,,,Maia,,Immortals,high,,,,,,,,,,,Maia,M,,retired,Boardreader,no,no,2026_06_16_retired_immortals,MUME retired immortal list,List current as of 2026-06-16,immortal_2026_06_16_retired_immortals_erika_437_listed_retired_immortal,candidate,Copied by Lewis. Includes Boardreaders and honorary True Legend entry for Norsu.,immortal,yes,yes,data/evidence/whois_display/html/erika.html,data/evidence/whois_display/text/erika.txt,mha:erika:1781579581:a58598f1,high,0,0,0,,,no,0,,0,,no,no
char_burnus,Burnus,burnus,,,,,,Maia,,Immortals,high,Builder,Builder,Builder,high,,,,,,,Maia,M,Builder,retired,Maia,no,no,2026_06_16_retired_immortals,MUME retired immortal list,List current as of 2026-06-16,immortal_2026_06_16_retired_immortals_burnus_177_listed_retired_immortal,candidate,Copied by Lewis. Includes Boardreaders and honorary True Legend entry for Norsu.,immortal,yes,yes,data/evidence/whois_display/html/burnus.html,data/evidence/whois_display/text/burnus.txt,mha:burnus:1781578520:8977b71a,high,0,0,0,,,no,0,,0,,no,no
char_gorth,Gorth,gorth,,,,,,Maia,,Immortals,high,,,,,,,,,,,Maia,M,,retired,Boardreader,no,no,2026_06_16_retired_immortals,MUME retired immortal list,List current as of 2026-06-16,immortal_2026_06_16_retired_immortals_gorth_481_listed_retired_immortal,candidate,Copied by Lewis. Includes Boardreaders and honorary True Legend entry for Norsu.,immortal,yes,yes,data/evidence/whois_display/html/gorth.html,data/evidence/whois_display/text/gorth.txt,mha:gorth:1781580048:5673fb14,high,0,0,0,,,no,0,,0,,no,no
char_ministry,Ministry,ministry,,,,,,Maia,,Immortals,high,Wright,Wright,Wright,high,,,,,,,Maia,M,Wright,retired,Maia,no,no,2026_06_16_retired_immortals,MUME retired immortal list,List current as of 2026-06-16,immortal_2026_06_16_retired_immortals_ministry_140_listed_retired_immortal,candidate,Copied by Lewis. Includes Boardreaders and honorary True Legend entry for Norsu.,immortal,yes,yes,data/evidence/whois_display/html/ministry.html,data/evidence/whois_display/text/ministry.txt,mha:ministry:1781604869:b1901754,high,1,1,1,quoted_speaker:1,Ministry,no,0,,0,,no,yes
char_grizz,Grizz,grizz,,,,,,Maia,,Immortals,high,,,,,,,,,,,Maia,M,,retired,Boardreader,no,no,2026_06_16_retired_immortals,MUME retired immortal list,List current as of 2026-06-16,immortal_2026_06_16_retired_immortals_grizz_485_listed_retired_immortal,candidate,Copied by Lewis. Includes Boardreaders and honorary True Legend entry for Norsu.,immortal,yes,yes,data/evidence/whois_display/html/grizz.html,data/evidence/whois_display/text/grizz.txt,mha:grizz:1781580098:91215add,high,0,0,0,,,no,0,,0,,no,no
char_mountain,Mountain,mountain,,,,,,Maia,,Immortals,high,,,,,,,,,,,Maia,M,,,,,,,,,,,,immortal,yes,yes,data/evidence/whois_display/html/mountain.html,data/evidence/whois_display/text/mountain.txt,mha:dargor:1781578812:c99be190,high,0,0,0,,,no,0,,0,,no,no
char_cobble,Cobble,cobble,,,,,,Maia,,Immortals,high,,,,,,,,,,,Maia,M,,retired,Boardreader,no,no,2026_06_16_retired_immortals,MUME retired immortal list,List current as of 2026-06-16,immortal_2026_06_16_retired_immortals_cobble_382_listed_retired_immortal,candidate,Copied by Lewis. Includes Boardreaders and honorary True Legend entry for Norsu.,immortal,yes,yes,data/evidence/whois_display/html/cobble.html,data/evidence/whois_display/text/cobble.txt,mha:cobble:1781578690:899f96dc,high,0,0,0,,,no,0,,0,,no,no
char_azan,Azan,azan,,,,,,Maia,,Immortals,high,Wright,Wright,Wright,high,,,,,,,Maia,M,Wright,current,Maia,no,no,2026_06_16_current_immortals,MUME current immortal list,List current as of 2026-06-16,immortal_2026_06_16_current_immortals_azan_25_listed_current_immortal,candidate,Copied by Lewis. (+m) means the immortal is also a Maiar Muddler / muddle code contributor.,immortal,yes,yes,data/evidence/whois_display/html/azan.html,data/evidence/whois_display/text/azan.txt,mha:azan:1781577799:761966a3,high,0,0,0,,,no,0,,0,,no,no
char_gozer,Gozer,gozer,,,,,,Maia,,Immortals,high,,,,,,,,,,,Maia,M,,retired,Boardreader,no,no,2026_06_16_retired_immortals,MUME retired immortal list,List current as of 2026-06-16,immortal_2026_06_16_retired_immortals_gozer_482_listed_retired_immortal,candidate,Copied by Lewis. Includes Boardreaders and honorary True Legend entry for Norsu.,immortal,yes,yes,data/evidence/whois_display/html/gozer.html,data/evidence/whois_display/text/gozer.txt,mha:gozer:1781580065:b41e42e6,high,0,0,0,,,no,0,,0,,no,no
char_ekolas,Ekolas,ekolas,,,,,,Maia,,Immortals,high,,,,,,,,,,,Maia,M,,retired,Boardreader,no,no,2026_06_16_retired_immortals,MUME retired immortal list,List current as of 2026-06-16,immortal_2026_06_16_retired_immortals_ekolas_422_listed_retired_immortal,candidate,Copied by Lewis. Includes Boardreaders and honorary True Legend entry for Norsu.,immortal,yes,yes,data/evidence/whois_display/html/ekolas.html,data/evidence/whois_display/text/ekolas.txt,mha:ekolas:1781579090:073f622d,high,0,0,0,,,no,0,,0,,no,no
char_arthad,Arthad,arthad,,,,,,Maia,,Immortals,high,,,,,,,,,,,Maia,M,,retired,Boardreader,no,no,2026_06_16_retired_immortals,MUME retired immortal list,List current as of 2026-06-16,immortal_2026_06_16_retired_immortals_arthad_331_listed_retired_immortal,candidate,Copied by Lewis. Includes Boardreaders and honorary True Legend entry for Norsu.,immortal,yes,yes,data/evidence/whois_display/html/arthad.html,data/evidence/whois_display/text/arthad.txt,mha:arthad:1781577727:890f4af9,high,0,0,0,,,no,0,,0,,no,no
char_beregond,Beregond,beregond,,,,,,Maia,,Immortals,high,Cartographer,Cartographer,Cartographer,high,,,,,,,Maia,M,Cartographer,retired,Maia,no,no,2026_06_16_retired_immortals,MUME retired immortal list,List current as of 2026-06-16,immortal_2026_06_16_retired_immortals_beregond_216_listed_retired_immortal,candidate,Copied by Lewis. Includes Boardreaders and honorary True Legend entry for Norsu.,immortal,yes,yes,data/evidence/whois_display/html/beregond.html,data/evidence/whois_display/text/beregond.txt,mha:beregond:1781577925:b1e429b7,high,3,0,0,comma_name_list:3,Darken; Novantus; Kushiel,no,0,,0,,no,yes
char_myrador,Myrador,myrador,,,,,,Maia,,Immortals,high,,,,,,,,,,,Maia,M,,retired,Boardreader,no,no,2026_06_16_retired_immortals,MUME retired immortal list,List current as of 2026-06-16,immortal_2026_06_16_retired_immortals_myrador_613_listed_retired_immortal,candidate,Copied by Lewis. Includes Boardreaders and honorary True Legend entry for Norsu.,immortal,yes,yes,data/evidence/whois_display/html/myrador.html,data/evidence/whois_display/text/myrador.txt,mha:myrador:1781604975:e616eaaa,high,0,0,0,,,no,0,,0,,no,no
char_gordanin,Gordanin,gordanin,,,,,,Maia,,Immortals,high,,,,,,,,,,,Maia,M,,retired,Boardreader,no,no,2026_06_16_retired_immortals,MUME retired immortal list,List current as of 2026-06-16,immortal_2026_06_16_retired_immortals_gordanin_479_listed_retired_immortal,candidate,Copied by Lewis. Includes Boardreaders and honorary True Legend entry for Norsu.,immortal,yes,yes,data/evidence/whois_display/html/gordanin.html,data/evidence/whois_display/text/gordanin.txt,mha:gordanin:1781580037:9dfcd2cf,high,0,0,0,,,no,0,,0,,no,no
char_freyah,Freyah,freyah,,,,,,Maia,,Immortals,high,,,,,,,,,,,Maia,M,,retired,Boardreader,no,no,2026_06_16_retired_immortals,MUME retired immortal list,List current as of 2026-06-16,immortal_2026_06_16_retired_immortals_freyah_464_listed_retired_immortal,candidate,Copied by Lewis. Includes Boardreaders and honorary True Legend entry for Norsu.,immortal,yes,yes,data/evidence/whois_display/html/freyah.html,data/evidence/whois_display/text/freyah.txt,mha:freyah:1781579860:3f8ab322,high,0,0,0,,,no,0,,0,,no,no
char_dawnborn,Dawnborn,dawnborn,,,,,,Maia,,Immortals,high,Wright,Wright,Wright,high,,,,,,,Maia,M,Wright,current,Maia,no,no,2026_06_16_current_immortals,MUME current immortal list,List current as of 2026-06-16,immortal_2026_06_16_current_immortals_dawnborn_31_listed_current_immortal,candidate,Copied by Lewis. (+m) means the immortal is also a Maiar Muddler / muddle code contributor.,immortal,yes,yes,data/evidence/whois_display/html/dawnborn.html,data/evidence/whois_display/text/dawnborn.txt,mha:dawnborn:1781578851:890d31b8,high,4,0,0,quoted_speaker:4,Ulaz; Cyndane; Dong; Aurora,no,0,,0,,no,yes
char_gnomette,Gnomette,gnomette,,,,,,Maia,,Immortals,high,Cartographer,Cartographer,Cartographer,high,,,,,,,Maia,M,Cartographer,retired,Maia,no,no,2026_06_16_retired_immortals,MUME retired immortal list,List current as of 2026-06-16,immortal_2026_06_16_retired_immortals_gnomette_243_listed_retired_immortal,candidate,Copied by Lewis. Includes Boardreaders and honorary True Legend entry for Norsu.,immortal,yes,yes,data/evidence/whois_display/html/gnomette.html,data/evidence/whois_display/text/gnomette.txt,mha:gnomette:1781580015:34ec2b98,high,16,0,0,comma_name_list:12; heading_name_list:4,Serégor; Ishtra; Shainara; Grishlar; Jasmin; Ravayne; Minerva; Rosavia; Iriana; Trisha; Josephine; Gia,no,0,,0,,no,yes
char_gili,Gili,gili,,,,,,Maia,,Immortals,high,,,,,,,,,,,Maia,M,,retired,Boardreader,no,no,2026_06_16_retired_immortals,MUME retired immortal list,List current as of 2026-06-16,immortal_2026_06_16_retired_immortals_gili_476_listed_retired_immortal,candidate,Copied by Lewis. Includes Boardreaders and honorary True Legend entry for Norsu.,immortal,yes,yes,data/evidence/whois_display/html/gili.html,data/evidence/whois_display/text/gili.txt,mha:gili:1781580004:1bbd68e7,high,0,0,0,,,no,0,,0,,no,no
char_aldro,Aldro,aldro,,,,,,Maia,,Immortals,high,,,,,,,,,,,Maia,M,,retired,Boardreader,no,no,2026_06_16_retired_immortals,MUME retired immortal list,List current as of 2026-06-16,immortal_2026_06_16_retired_immortals_aldro_311_listed_retired_immortal,candidate,Copied by Lewis. Includes Boardreaders and honorary True Legend entry for Norsu.,immortal,yes,yes,data/evidence/whois_display/html/aldro.html,data/evidence/whois_display/text/aldro.txt,mha:aldro:1781576750:3b7887d1,high,0,0,0,,,no,0,,0,,no,no
char_gawain,Gawain,gawain,,,,,,Maia,,Immortals,high,,,,,,,,,,,Maia,M,,retired,Boardreader,no,no,2026_06_16_retired_immortals,MUME retired immortal list,List current as of 2026-06-16,immortal_2026_06_16_retired_immortals_gawain_471_listed_retired_immortal,candidate,Copied by Lewis. Includes Boardreaders and honorary True Legend entry for Norsu.,immortal,yes,yes,data/evidence/whois_display/html/gawain.html,data/evidence/whois_display/text/gawain.txt,mha:gawain:1781579954:134390df,high,0,0,0,,,no,0,,0,,no,no
char_filmus,Filmus,filmus,,,,,,Maia,,Immortals,high,Cartographer,Cartographer,Cartographer,high,,,,,,,Maia,M,Cartographer,retired,Maia,no,no,2026_06_16_retired_immortals,MUME retired immortal list,List current as of 2026-06-16,immortal_2026_06_16_retired_immortals_filmus_236_listed_retired_immortal,candidate,Copied by Lewis. Includes Boardreaders and honorary True Legend entry for Norsu.,immortal,yes,yes,data/evidence/whois_display/html/filmus.html,data/evidence/whois_display/text/filmus.txt,mha:filmus:1781579750:85b3e0ba,high,0,0,0,,,no,0,,0,,no,no
char_xero,Xero,xero,,,,,,Maia,,Immortals,high,,,,,,,,,,,Maia,M,,retired,Boardreader,no,no,2026_06_16_retired_immortals,MUME retired immortal list,List current as of 2026-06-16,immortal_2026_06_16_retired_immortals_xero_779_listed_retired_immortal,candidate,Copied by Lewis. Includes Boardreaders and honorary True Legend entry for Norsu.,immortal,yes,yes,data/evidence/whois_display/html/xero.html,data/evidence/whois_display/text/xero.txt,mha:xero:1781606777:fb13963d,high,0,0,0,,,no,0,,0,,no,no
char_dryden,Dryden,dryden,,,,,,Maia,,Immortals,high,,,,,,,,,,,Maia,M,,retired,Boardreader,no,no,2026_06_16_retired_immortals,MUME retired immortal list,List current as of 2026-06-16,immortal_2026_06_16_retired_immortals_dryden_414_listed_retired_immortal,candidate,Copied by Lewis. Includes Boardreaders and honorary True Legend entry for Norsu.,immortal,yes,yes,data/evidence/whois_display/html/dryden.html,data/evidence/whois_display/text/dryden.txt,mha:dryden:1781578983:22ad7f61,high,0,0,0,,,no,0,,0,,no,no
char_firebolt,Firebolt,firebolt,,,,,,Maia,,Immortals,high,Cartographer,Cartographer,Cartographer,high,,,,,,,Maia,M,Cartographer,retired,Maia,no,no,2026_06_16_retired_immortals,MUME retired immortal list,List current as of 2026-06-16,immortal_2026_06_16_retired_immortals_firebolt_237_listed_retired_immortal,candidate,Copied by Lewis. Includes Boardreaders and honorary True Legend entry for Norsu.,immortal,yes,yes,data/evidence/whois_display/html/firebolt.html,data/evidence/whois_display/text/firebolt.txt,mha:firebolt:1781579778:53240c0d,high,0,0,0,,,no,0,,0,,no,no
char_monk,Monk,monk,,,,,,Maia,,Immortals,high,Cartographer,Cartographer,Cartographer,high,,,,,,,Maia,M,Cartographer,retired,Maia,no,no,2026_06_16_retired_immortals,MUME retired immortal list,List current as of 2026-06-16,immortal_2026_06_16_retired_immortals_monk_263_listed_retired_immortal,candidate,Copied by Lewis. Includes Boardreaders and honorary True Legend entry for Norsu.,immortal,yes,yes,data/evidence/whois_display/html/monk.html,data/evidence/whois_display/text/monk.txt,mha:monk:1781604908:03d3ecdc,high,0,0,0,,,no,0,,0,,no,no
char_dúlin,Dúlin,dulin,,,,,,Maia,,Immortals,high,,,,,,,,,,,Maia,M,,retired,Boardreader,no,no,2026_06_16_retired_immortals,MUME retired immortal list,List current as of 2026-06-16,immortal_2026_06_16_retired_immortals_dulin_415_listed_retired_immortal,candidate,Copied by Lewis. Includes Boardreaders and honorary True Legend entry for Norsu.,immortal,yes,yes,data/evidence/whois_display/html/dulin.html,data/evidence/whois_display/text/dulin.txt,mha:dúlin:1781579037:a57fd2dd,high,0,0,0,,,no,0,,0,,no,no
char_lomion,Lomion,lomion,,,,,,Vala,,Immortals,high,Architect,Architect,Architect,high,,,,,,,Vala,V,Architect,retired,Vala,no,no,2026_06_16_retired_immortals,MUME retired immortal list,List current as of 2026-06-16,immortal_2026_06_16_retired_immortals_lomion_56_listed_retired_immortal,candidate,Copied by Lewis. Includes Boardreaders and honorary True Legend entry for Norsu.,immortal,yes,yes,data/evidence/whois_display/html/lomion.html,data/evidence/whois_display/text/lomion.txt,mha:lomion:1781604425:d7108052,high,0,0,0,,,no,0,,0,,no,no
char_andróg,Andróg,androg,,,,,,Maia,,Immortals,high,Shaper,Shaper,Shaper,high,,,,,,,Maia,M,Shaper,current,Maia,no,no,2026_06_16_current_immortals,MUME current immortal list,List current as of 2026-06-16,immortal_2026_06_16_current_immortals_androg_19_listed_current_immortal,candidate,Copied by Lewis. (+m) means the immortal is also a Maiar Muddler / muddle code contributor.,immortal,yes,yes,data/evidence/whois_display/html/androg.html,data/evidence/whois_display/text/androg.txt,mha:andróg:1781576860:acd445aa,high,0,0,0,,,no,0,,0,,no,no
char_eoras,Eoras,eoras,,,,,,Maia,,Immortals,high,Cartographer,Cartographer,Cartographer,high,,,,,,,Maia,M,Cartographer,current,Maia,no,no,2026_06_16_current_immortals,MUME current immortal list,List current as of 2026-06-16,immortal_2026_06_16_current_immortals_eoras_68_listed_current_immortal,candidate,Copied by Lewis. (+m) means the immortal is also a Maiar Muddler / muddle code contributor.,immortal,yes,yes,data/evidence/whois_display/html/eoras.html,data/evidence/whois_display/text/eoras.txt,mha:eoras:1781579270:6c120588,high,0,0,0,,,no,0,,0,,no,no
char_morias,Moria's,moria-s,,,,,,Maia,,Immortals,high,Shaper,Shaper,Shaper,high,,,,,,,Maia,M,Shaper,,,,,,,,,,,immortal,yes,yes,data/evidence/whois_display/html/moria-s.html,data/evidence/whois_display/text/moria-s.txt,mha:aule:1781577749:20726c83,high,0,0,0,,,no,0,,0,,no,no
char_elaniel,Elaniel,elaniel,,,,,,Maia,,Immortals,high,,,,,,,,,,,Maia,M,,retired,Boardreader,no,no,2026_06_16_retired_immortals,MUME retired immortal list,List current as of 2026-06-16,immortal_2026_06_16_retired_immortals_elaniel_424_listed_retired_immortal,candidate,Copied by Lewis. Includes Boardreaders and honorary True Legend entry for Norsu.,immortal,yes,yes,data/evidence/whois_display/html/elaniel.html,data/evidence/whois_display/text/elaniel.txt,mha:elaniel:1781579113:6f33f50f,high,0,0,0,,,no,0,,0,,no,no
char_lauryn,Lauryn,lauryn,,,,,,Maia,,Immortals,high,Wright,Wright,Wright,high,,,,,,,Maia,M,Wright,retired,Maia,no,no,2026_06_16_retired_immortals,MUME retired immortal list,List current as of 2026-06-16,immortal_2026_06_16_retired_immortals_lauryn_127_listed_retired_immortal,candidate,Copied by Lewis. Includes Boardreaders and honorary True Legend entry for Norsu.,immortal,yes,yes,data/evidence/whois_display/html/lauryn.html,data/evidence/whois_display/text/lauryn.txt,mha:lauryn:1781604276:646348fb,high,0,0,0,,,no,0,,0,,no,no
char_gonfor,Gonfor,gonfor,,,,,,Maia,,Immortals,high,Wright,Wright,Wright,high,,,,,,,Maia,M,Wright,retired,Maia,no,no,2026_06_16_retired_immortals,MUME retired immortal list,List current as of 2026-06-16,immortal_2026_06_16_retired_immortals_gonfor_108_listed_retired_immortal,candidate,Copied by Lewis. Includes Boardreaders and honorary True Legend entry for Norsu.,immortal,yes,yes,data/evidence/whois_display/html/gonfor.html,data/evidence/whois_display/text/gonfor.txt,mha:gonfor:1781580026:4ffb166d,high,0,0,0,,,no,0,,0,,no,no
char_elerrína,Elerrína,elerrina,,,,,,Maia,,Immortals,high,Cartographer,Cartographer,Cartographer,high,,,,,,,Maia,M,Cartographer,retired,Maia,no,no,2026_06_16_retired_immortals,MUME retired immortal list,List current as of 2026-06-16,immortal_2026_06_16_retired_immortals_elerrina_228_listed_retired_immortal,candidate,Copied by Lewis. Includes Boardreaders and honorary True Legend entry for Norsu.,immortal,yes,yes,data/evidence/whois_display/html/elerrina.html,data/evidence/whois_display/text/elerrina.txt,mha:elerrína:1781579157:c05a7017,high,0,0,0,,,yes,1,16.5,0,,no,no
char_earolon,Earolon,earolon,,,,,,Maia,,Immortals,high,,,,,,,,,,,Maia,M,,retired,Boardreader,no,no,2026_06_16_retired_immortals,MUME retired immortal list,List current as of 2026-06-16,immortal_2026_06_16_retired_immortals_earolon_417_listed_retired_immortal,candidate,Copied by Lewis. Includes Boardreaders and honorary True Legend entry for Norsu.,immortal,yes,yes,data/evidence/whois_display/html/earolon.html,data/evidence/whois_display/text/earolon.txt,mha:earolon:1781579045:1b2da22a,high,0,0,0,,,no,0,,0,,no,no
char_bjorne,Bjorne,bjorne,,,,,,Maia,,Immortals,high,,,,,,,,,,,Maia,M,,retired,Boardreader,no,no,2026_06_16_retired_immortals,MUME retired immortal list,List current as of 2026-06-16,immortal_2026_06_16_retired_immortals_bjorne_352_listed_retired_immortal,candidate,Copied by Lewis. Includes Boardreaders and honorary True Legend entry for Norsu.,immortal,yes,yes,data/evidence/whois_display/html/bjorne.html,data/evidence/whois_display/text/bjorne.txt,mha:bjorne:1781577958:5bc1ea64,high,0,0,0,,,no,0,,0,,no,no
char_durmegil,Durmegil,durmegil,,,,,,Maia,,Immortals,medium,,,,,,,,,,,,,,current,Maia,no,no,2026_06_16_current_immortals,MUME current immortal list,List current as of 2026-06-16,immortal_2026_06_16_current_immortals_durmegil_63_listed_current_immortal,candidate,Copied by Lewis. (+m) means the immortal is also a Maiar Muddler / muddle code contributor.,immortal_list_only,no,no,,,,,0,0,0,,,no,0,,0,,yes,yes
char_yavanna,Yavanna,yavanna,,,,,,Aratar,,Immortals,medium,,,,,,,,,,,,,,retired,Aratar,no,no,2026_06_16_retired_immortals,MUME retired immortal list,List current as of 2026-06-16,immortal_2026_06_16_retired_immortals_yavanna_14_listed_retired_immortal,candidate,Copied by Lewis. Includes Boardreaders and honorary True Legend entry for Norsu.,immortal_list_only,no,no,,,,,0,0,0,,,no,0,,0,,yes,yes
char_darthang,Darthang,darthang,,,,,,Vala,,Immortals,medium,,,,,,,,,,,,,,retired,Vala,no,no,2026_06_16_retired_immortals,MUME retired immortal list,List current as of 2026-06-16,immortal_2026_06_16_retired_immortals_darthang_46_listed_retired_immortal,candidate,Copied by Lewis. Includes Boardreaders and honorary True Legend entry for Norsu.,immortal_list_only,no,no,,,,,0,0,0,,,no,0,,0,,yes,yes
char_aule,Aule,aule,,,,,,Maia,,Immortals,medium,,,,,,,,,,,,,,retired,Maia,no,no,2026_06_16_retired_immortals,MUME retired immortal list,List current as of 2026-06-16,immortal_2026_06_16_retired_immortals_aule_69_listed_retired_immortal,candidate,Copied by Lewis. Includes Boardreaders and honorary True Legend entry for Norsu.,immortal_list_only,no,no,,,,,0,0,0,,,no,0,,0,,yes,yes
char_creston,Creston,creston,,,,,,Maia,,Immortals,medium,,,,,,,,,,,,,,retired,Maia,no,no,2026_06_16_retired_immortals,MUME retired immortal list,List current as of 2026-06-16,immortal_2026_06_16_retired_immortals_creston_94_listed_retired_immortal,candidate,Copied by Lewis. Includes Boardreaders and honorary True Legend entry for Norsu.,immortal_list_only,no,no,,,,,0,0,0,,,no,0,,0,,yes,yes
char_destiny,Destiny,destiny,,,,,,Maia,,Immortals,medium,,,,,,,,,,,,,,retired,Maia,no,no,2026_06_16_retired_immortals,MUME retired immortal list,List current as of 2026-06-16,immortal_2026_06_16_retired_immortals_destiny_96_listed_retired_immortal,candidate,Copied by Lewis. Includes Boardreaders and honorary True Legend entry for Norsu.,immortal_list_only,no,no,,,,,0,0,0,,,no,0,,0,,yes,yes
char_dorin,Dorin,dorin,,,,,,Maia,,Immortals,medium,,,,,,,,,,,,,,retired,Maia,no,no,2026_06_16_retired_immortals,MUME retired immortal list,List current as of 2026-06-16,immortal_2026_06_16_retired_immortals_dorin_98_listed_retired_immortal,candidate,Copied by Lewis. Includes Boardreaders and honorary True Legend entry for Norsu.,immortal_list_only,no,no,,,,,0,0,0,,,no,0,,0,,yes,yes
char_elfan,Elfan,elfan,,,,,,Maia,,Immortals,medium,,,,,,,,,,,,,,retired,Maia,no,no,2026_06_16_retired_immortals,MUME retired immortal list,List current as of 2026-06-16,immortal_2026_06_16_retired_immortals_elfan_101_listed_retired_immortal,candidate,Copied by Lewis. Includes Boardreaders and honorary True Legend entry for Norsu.,immortal_list_only,no,no,,,,,0,0,0,,,no,0,,0,,yes,yes
char_draak,Draak,draak,,,,,,Maia,,Immortals,medium,,,,,,,,,,,,,,retired,Maia,no,no,2026_06_16_retired_immortals,MUME retired immortal list,List current as of 2026-06-16,immortal_2026_06_16_retired_immortals_draak_183_listed_retired_immortal,candidate,Copied by Lewis. Includes Boardreaders and honorary True Legend entry for Norsu.,immortal_list_only,no,no,,,,,0,0,0,,,no,0,,0,,yes,yes
char_barney,Barney,barney,,,,,,Maia,,Immortals,medium,,,,,,,,,,,,,,retired,Maia,no,no,2026_06_16_retired_immortals,MUME retired immortal list,List current as of 2026-06-16,immortal_2026_06_16_retired_immortals_barney_213_listed_retired_immortal,candidate,Copied by Lewis. Includes Boardreaders and honorary True Legend entry for Norsu.,immortal_list_only,no,no,,,,,0,0,0,,,no,0,,0,,yes,yes
char_akihiko,Akihiko,akihiko,,,,,,Boardreader,,Immortals,medium,,,,,,,,,,,,,,retired,Boardreader,no,no,2026_06_16_retired_immortals,MUME retired immortal list,List current as of 2026-06-16,immortal_2026_06_16_retired_immortals_akihiko_308_listed_retired_immortal,candidate,Copied by Lewis. Includes Boardreaders and honorary True Legend entry for Norsu.,immortal_list_only,no,no,,,,,0,0,0,,,no,0,,0,,yes,yes
char_baw,Baw,baw,,,,,,Maia,,Immortals,high,,,,,,,,,,,Maia,M,,retired,Boardreader,no,no,2026_06_16_retired_immortals,MUME retired immortal list,List current as of 2026-06-16,immortal_2026_06_16_retired_immortals_baw_342_listed_retired_immortal,candidate,Copied by Lewis. Includes Boardreaders and honorary True Legend entry for Norsu.,immortal,no,no,,,,,0,0,0,,,no,0,,0,,no,no
char_betsy,Betsy,betsy,,,,,,Boardreader,,Immortals,medium,,,,,,,,,,,,,,retired,Boardreader,no,no,2026_06_16_retired_immortals,MUME retired immortal list,List current as of 2026-06-16,immortal_2026_06_16_retired_immortals_betsy_351_listed_retired_immortal,candidate,Copied by Lewis. Includes Boardreaders and honorary True Legend entry for Norsu.,immortal_list_only,no,no,,,,,0,0,0,,,no,0,,0,,yes,yes
char_blackfox,Blackfox,blackfox,,,,,,Boardreader,,Immortals,medium,,,,,,,,,,,,,,retired,Boardreader,no,no,2026_06_16_retired_immortals,MUME retired immortal list,List current as of 2026-06-16,immortal_2026_06_16_retired_immortals_blackfox_353_listed_retired_immortal,candidate,Copied by Lewis. Includes Boardreaders and honorary True Legend entry for Norsu.,immortal_list_only,no,no,,,,,0,0,0,,,no,0,,0,,yes,yes
char_dargor,Dargor,dargor,,,,,,Boardreader,,Immortals,medium,,,,,,,,,,,,,,retired,Boardreader,no,no,2026_06_16_retired_immortals,MUME retired immortal list,List current as of 2026-06-16,immortal_2026_06_16_retired_immortals_dargor_395_listed_retired_immortal,candidate,Copied by Lewis. Includes Boardreaders and honorary True Legend entry for Norsu.,immortal_list_only,no,no,,,,,0,0,0,,,no,0,,0,,yes,yes
