immortal_evidence_id,character_id,character_key,display_name,source_character_name,immortal_status,immortal_category,is_maiar_muddler,honorary_immortal,evidence_kind,source_id,source_name,source_type,source_url,source_command,source_date_context,source_order,evidence_excerpt,confidence,review_status,notes
immortal_2026_06_16_retired_immortals_access_293_listed_retired_immortal,char_access,Access,Access,Access,retired,Boardreader,no,no,listed_retired_immortal,2026_06_16_retired_immortals,MUME retired immortal list,in_game_retired_immortal_list,,view wizretired,List current as of 2026-06-16,293,Access is listed as retired a Boardreader.,medium,candidate,Copied by Lewis. Includes Boardreaders and honorary True Legend entry for Norsu.
immortal_2026_06_16_retired_immortals_acke_294_listed_retired_immortal,char_acke,Acke,Acke,Acke,retired,Boardreader,no,no,listed_retired_immortal,2026_06_16_retired_immortals,MUME retired immortal list,in_game_retired_immortal_list,,view wizretired,List current as of 2026-06-16,294,Acke is listed as retired a Boardreader.,medium,candidate,Copied by Lewis. Includes Boardreaders and honorary True Legend entry for Norsu.
immortal_2026_06_16_retired_immortals_ada_295_listed_retired_immortal,char_ada,Ada,Ada,Ada,retired,Boardreader,no,no,listed_retired_immortal,2026_06_16_retired_immortals,MUME retired immortal list,in_game_retired_immortal_list,,view wizretired,List current as of 2026-06-16,295,Ada is listed as retired a Boardreader.,medium,candidate,Copied by Lewis. Includes Boardreaders and honorary True Legend entry for Norsu.
immortal_2026_06_16_retired_immortals_adara_296_listed_retired_immortal,char_adara,Adara,Adara,Adara,retired,Boardreader,no,no,listed_retired_immortal,2026_06_16_retired_immortals,MUME retired immortal list,in_game_retired_immortal_list,,view wizretired,List current as of 2026-06-16,296,Adara is listed as retired a Boardreader.,medium,candidate,Copied by Lewis. Includes Boardreaders and honorary True Legend entry for Norsu.
immortal_2026_06_16_retired_immortals_aderel_297_listed_retired_immortal,char_aderel,Aderel,Aderel,Aderel,retired,Boardreader,no,no,listed_retired_immortal,2026_06_16_retired_immortals,MUME retired immortal list,in_game_retired_immortal_list,,view wizretired,List current as of 2026-06-16,297,Aderel is listed as retired a Boardreader.,medium,candidate,Copied by Lewis. Includes Boardreaders and honorary True Legend entry for Norsu.
immortal_2026_06_16_retired_immortals_aderyn_81_listed_retired_immortal,char_aderyn,Aderyn,Aderyn,Aderyn,retired,Maia,no,no,listed_retired_immortal,2026_06_16_retired_immortals,MUME retired immortal list,in_game_retired_immortal_list,,view wizretired,List current as of 2026-06-16,81,Aderyn is listed as retired a Maia.,medium,candidate,Copied by Lewis. Includes Boardreaders and honorary True Legend entry for Norsu.
immortal_2026_06_16_retired_immortals_aellynn_298_listed_retired_immortal,char_aellynn,Aellynn,Aellynn,Aellynn,retired,Boardreader,no,no,listed_retired_immortal,2026_06_16_retired_immortals,MUME retired immortal list,in_game_retired_immortal_list,,view wizretired,List current as of 2026-06-16,298,Aellynn is listed as retired a Boardreader.,medium,candidate,Copied by Lewis. Includes Boardreaders and honorary True Legend entry for Norsu.
immortal_2026_06_16_retired_immortals_aetirus_299_listed_retired_immortal,char_aetirus,Aetirus,Aetirus,Aetirus,retired,Boardreader,no,no,listed_retired_immortal,2026_06_16_retired_immortals,MUME retired immortal list,in_game_retired_immortal_list,,view wizretired,List current as of 2026-06-16,299,Aetirus is listed as retired a Boardreader.,medium,candidate,Copied by Lewis. Includes Boardreaders and honorary True Legend entry for Norsu.
immortal_2026_06_16_retired_immortals_agamand_300_listed_retired_immortal,char_agamand,Agamand,Agamand,Agamand,retired,Boardreader,no,no,listed_retired_immortal,2026_06_16_retired_immortals,MUME retired immortal list,in_game_retired_immortal_list,,view wizretired,List current as of 2026-06-16,300,Agamand is listed as retired a Boardreader.,medium,candidate,Copied by Lewis. Includes Boardreaders and honorary True Legend entry for Norsu.
immortal_2026_06_16_retired_immortals_aglaruin_301_listed_retired_immortal,char_aglaruin,Aglaruin,Aglaruin,Aglaruin,retired,Boardreader,no,no,listed_retired_immortal,2026_06_16_retired_immortals,MUME retired immortal list,in_game_retired_immortal_list,,view wizretired,List current as of 2026-06-16,301,Aglaruin is listed as retired a Boardreader.,medium,candidate,Copied by Lewis. Includes Boardreaders and honorary True Legend entry for Norsu.
immortal_2026_06_16_retired_immortals_ahti_302_listed_retired_immortal,char_ahti,Ahti,Ahti,Ahti,retired,Boardreader,no,no,listed_retired_immortal,2026_06_16_retired_immortals,MUME retired immortal list,in_game_retired_immortal_list,,view wizretired,List current as of 2026-06-16,302,Ahti is listed as retired a Boardreader.,medium,candidate,Copied by Lewis. Includes Boardreaders and honorary True Legend entry for Norsu.
immortal_2026_06_16_retired_immortals_ahura_303_listed_retired_immortal,char_ahura,Ahura,Ahura,Ahura,retired,Boardreader,no,no,listed_retired_immortal,2026_06_16_retired_immortals,MUME retired immortal list,in_game_retired_immortal_list,,view wizretired,List current as of 2026-06-16,303,Ahura is listed as retired a Boardreader.,medium,candidate,Copied by Lewis. Includes Boardreaders and honorary True Legend entry for Norsu.
immortal_2026_06_16_retired_immortals_aiele_204_listed_retired_immortal,char_aielë,Aielë,Aielë,Aielë,retired,Maia,no,no,listed_retired_immortal,2026_06_16_retired_immortals,MUME retired immortal list,in_game_retired_immortal_list,,view wizretired,List current as of 2026-06-16,204,Aielë is listed as retired a Maia.,medium,candidate,Copied by Lewis. Includes Boardreaders and honorary True Legend entry for Norsu.
immortal_2026_06_16_retired_immortals_aikios_304_listed_retired_immortal,char_aikios,Aikios,Aikios,Aikios,retired,Boardreader,no,no,listed_retired_immortal,2026_06_16_retired_immortals,MUME retired immortal list,in_game_retired_immortal_list,,view wizretired,List current as of 2026-06-16,304,Aikios is listed as retired a Boardreader.,medium,candidate,Copied by Lewis. Includes Boardreaders and honorary True Legend entry for Norsu.
immortal_2026_06_16_retired_immortals_ainagul_305_listed_retired_immortal,char_ainagul,Ainagul,Ainagul,Ainagul,retired,Boardreader,no,no,listed_retired_immortal,2026_06_16_retired_immortals,MUME retired immortal list,in_game_retired_immortal_list,,view wizretired,List current as of 2026-06-16,305,Ainagul is listed as retired a Boardreader.,medium,candidate,Copied by Lewis. Includes Boardreaders and honorary True Legend entry for Norsu.
immortal_2026_06_16_retired_immortals_air_306_listed_retired_immortal,char_air,Air,Air,Air,retired,Boardreader,no,no,listed_retired_immortal,2026_06_16_retired_immortals,MUME retired immortal list,in_game_retired_immortal_list,,view wizretired,List current as of 2026-06-16,306,Air is listed as retired a Boardreader.,medium,candidate,Copied by Lewis. Includes Boardreaders and honorary True Legend entry for Norsu.
immortal_2026_06_16_retired_immortals_ajax_307_listed_retired_immortal,char_ajax,Ajax,Ajax,Ajax,retired,Boardreader,no,no,listed_retired_immortal,2026_06_16_retired_immortals,MUME retired immortal list,in_game_retired_immortal_list,,view wizretired,List current as of 2026-06-16,307,Ajax is listed as retired a Boardreader.,medium,candidate,Copied by Lewis. Includes Boardreaders and honorary True Legend entry for Norsu.
immortal_2026_06_16_retired_immortals_akihiko_308_listed_retired_immortal,char_akihiko,Akihiko,Akihiko,Akihiko,retired,Boardreader,no,no,listed_retired_immortal,2026_06_16_retired_immortals,MUME retired immortal list,in_game_retired_immortal_list,,view wizretired,List current as of 2026-06-16,308,Akihiko is listed as retired a Boardreader.,medium,candidate,Copied by Lewis. Includes Boardreaders and honorary True Legend entry for Norsu.
immortal_2026_06_16_retired_immortals_alamar_205_listed_retired_immortal,char_alamar,Alamar,Alamar,Alamar,retired,Maia,no,no,listed_retired_immortal,2026_06_16_retired_immortals,MUME retired immortal list,in_game_retired_immortal_list,,view wizretired,List current as of 2026-06-16,205,Alamar is listed as retired a Maia.,medium,candidate,Copied by Lewis. Includes Boardreaders and honorary True Legend entry for Norsu.
immortal_2026_06_16_retired_immortals_alantir_82_listed_retired_immortal,char_alantir,Alantir,Alantir,Alantir,retired,Maia,no,no,listed_retired_immortal,2026_06_16_retired_immortals,MUME retired immortal list,in_game_retired_immortal_list,,view wizretired,List current as of 2026-06-16,82,Alantir is listed as retired a Maia.,medium,candidate,Copied by Lewis. Includes Boardreaders and honorary True Legend entry for Norsu.
immortal_2026_06_16_retired_immortals_alderon_309_listed_retired_immortal,char_alderon,Alderon,Alderon,Alderon,retired,Boardreader,no,no,listed_retired_immortal,2026_06_16_retired_immortals,MUME retired immortal list,in_game_retired_immortal_list,,view wizretired,List current as of 2026-06-16,309,Alderon is listed as retired a Boardreader.,medium,candidate,Copied by Lewis. Includes Boardreaders and honorary True Legend entry for Norsu.
immortal_2026_06_16_retired_immortals_aldor_310_listed_retired_immortal,char_aldor,Aldor,Aldor,Aldor,retired,Boardreader,no,no,listed_retired_immortal,2026_06_16_retired_immortals,MUME retired immortal list,in_game_retired_immortal_list,,view wizretired,List current as of 2026-06-16,310,Aldor is listed as retired a Boardreader.,medium,candidate,Copied by Lewis. Includes Boardreaders and honorary True Legend entry for Norsu.
immortal_2026_06_16_retired_immortals_aldro_311_listed_retired_immortal,char_aldro,Aldro,Aldro,Aldro,retired,Boardreader,no,no,listed_retired_immortal,2026_06_16_retired_immortals,MUME retired immortal list,in_game_retired_immortal_list,,view wizretired,List current as of 2026-06-16,311,Aldro is listed as retired a Boardreader.,medium,candidate,Copied by Lewis. Includes Boardreaders and honorary True Legend entry for Norsu.
immortal_2026_06_16_retired_immortals_alec_312_listed_retired_immortal,char_alec,Alec,Alec,Alec,retired,Boardreader,no,no,listed_retired_immortal,2026_06_16_retired_immortals,MUME retired immortal list,in_game_retired_immortal_list,,view wizretired,List current as of 2026-06-16,312,Alec is listed as retired a Boardreader.,medium,candidate,Copied by Lewis. Includes Boardreaders and honorary True Legend entry for Norsu.
immortal_2026_06_16_retired_immortals_aleksey_313_listed_retired_immortal,char_aleksey,Aleksey,Aleksey,Aleksey,retired,Boardreader,no,no,listed_retired_immortal,2026_06_16_retired_immortals,MUME retired immortal list,in_game_retired_immortal_list,,view wizretired,List current as of 2026-06-16,313,Aleksey is listed as retired a Boardreader.,medium,candidate,Copied by Lewis. Includes Boardreaders and honorary True Legend entry for Norsu.
immortal_2026_06_16_retired_immortals_algolas_314_listed_retired_immortal,char_algolas,Algolas,Algolas,Algolas,retired,Boardreader,no,no,listed_retired_immortal,2026_06_16_retired_immortals,MUME retired immortal list,in_game_retired_immortal_list,,view wizretired,List current as of 2026-06-16,314,Algolas is listed as retired a Boardreader.,medium,candidate,Copied by Lewis. Includes Boardreaders and honorary True Legend entry for Norsu.
immortal_2026_06_16_retired_immortals_alkar_17_listed_retired_immortal,char_alkar,Alkar,Alkar,Alkar,retired,Vala,no,no,listed_retired_immortal,2026_06_16_retired_immortals,MUME retired immortal list,in_game_retired_immortal_list,,view wizretired,List current as of 2026-06-16,17,Alkar is listed as retired a Vala.,medium,candidate,Copied by Lewis. Includes Boardreaders and honorary True Legend entry for Norsu.
immortal_2026_06_16_retired_immortals_almarea_315_listed_retired_immortal,char_almarea,Almarea,Almarea,Almarea,retired,Boardreader,no,no,listed_retired_immortal,2026_06_16_retired_immortals,MUME retired immortal list,in_game_retired_immortal_list,,view wizretired,List current as of 2026-06-16,315,Almarea is listed as retired a Boardreader.,medium,candidate,Copied by Lewis. Includes Boardreaders and honorary True Legend entry for Norsu.
immortal_2026_06_16_current_immortals_almarian_17_listed_current_immortal,char_almarian,Almarian,Almarian,Almarian,current,Maia,no,no,listed_current_immortal,2026_06_16_current_immortals,MUME current immortal list,in_game_immortal_list,,view wizlist,List current as of 2026-06-16,17,Almarian is listed as current a Maia.,medium,candidate,Copied by Lewis. (+m) means the immortal is also a Maiar Muddler / muddle code contributor.
immortal_2026_06_16_current_immortals_aloonion_18_listed_current_immortal,char_aloonion,Aloonion,Aloonion,Aloonion,current,Maia,yes,no,listed_current_immortal,2026_06_16_current_immortals,MUME current immortal list,in_game_immortal_list,,view wizlist,List current as of 2026-06-16,18,Aloonion is listed as current a Maia. Maiar Muddler / code contributor marker present.,medium,candidate,Copied by Lewis. (+m) means the immortal is also a Maiar Muddler / muddle code contributor.
immortal_2026_06_16_retired_immortals_alysia_83_listed_retired_immortal,char_alysia,Alysia,Alysia,Alysia,retired,Maia,no,no,listed_retired_immortal,2026_06_16_retired_immortals,MUME retired immortal list,in_game_retired_immortal_list,,view wizretired,List current as of 2026-06-16,83,Alysia is listed as retired a Maia.,medium,candidate,Copied by Lewis. Includes Boardreaders and honorary True Legend entry for Norsu.
immortal_2026_06_16_retired_immortals_amandil_41_listed_retired_immortal,char_amandil,Amandil,Amandil,Amandil,retired,Vala,no,no,listed_retired_immortal,2026_06_16_retired_immortals,MUME retired immortal list,in_game_retired_immortal_list,,view wizretired,List current as of 2026-06-16,41,Amandil is listed as retired a Vala.,medium,candidate,Copied by Lewis. Includes Boardreaders and honorary True Legend entry for Norsu.
immortal_2026_06_16_retired_immortals_ame_316_listed_retired_immortal,char_ame,Ame,Ame,Ame,retired,Boardreader,no,no,listed_retired_immortal,2026_06_16_retired_immortals,MUME retired immortal list,in_game_retired_immortal_list,,view wizretired,List current as of 2026-06-16,316,Ame is listed as retired a Boardreader.,medium,candidate,Copied by Lewis. Includes Boardreaders and honorary True Legend entry for Norsu.
immortal_2026_06_16_retired_immortals_amlion_206_listed_retired_immortal,char_amlion,Amlion,Amlion,Amlion,retired,Maia,no,no,listed_retired_immortal,2026_06_16_retired_immortals,MUME retired immortal list,in_game_retired_immortal_list,,view wizretired,List current as of 2026-06-16,206,Amlion is listed as retired a Maia.,medium,candidate,Copied by Lewis. Includes Boardreaders and honorary True Legend entry for Norsu.
immortal_2026_06_16_retired_immortals_ammon_207_listed_retired_immortal,char_ammon,Ammon,Ammon,Ammon,retired,Maia,no,no,listed_retired_immortal,2026_06_16_retired_immortals,MUME retired immortal list,in_game_retired_immortal_list,,view wizretired,List current as of 2026-06-16,207,Ammon is listed as retired a Maia.,medium,candidate,Copied by Lewis. Includes Boardreaders and honorary True Legend entry for Norsu.
immortal_2026_06_16_retired_immortals_amras_317_listed_retired_immortal,char_amras,Amras,Amras,Amras,retired,Boardreader,no,no,listed_retired_immortal,2026_06_16_retired_immortals,MUME retired immortal list,in_game_retired_immortal_list,,view wizretired,List current as of 2026-06-16,317,Amras is listed as retired a Boardreader.,medium,candidate,Copied by Lewis. Includes Boardreaders and honorary True Legend entry for Norsu.
immortal_2026_06_16_retired_immortals_ancalagon_18_listed_retired_immortal,char_ancalagon,Ancalagon,Ancalagon,Ancalagon,retired,Vala,no,no,listed_retired_immortal,2026_06_16_retired_immortals,MUME retired immortal list,in_game_retired_immortal_list,,view wizretired,List current as of 2026-06-16,18,Ancalagon is listed as retired a Vala.,medium,candidate,Copied by Lewis. Includes Boardreaders and honorary True Legend entry for Norsu.
immortal_2026_06_16_retired_immortals_andela_318_listed_retired_immortal,char_andela,Andela,Andela,Andela,retired,Boardreader,no,no,listed_retired_immortal,2026_06_16_retired_immortals,MUME retired immortal list,in_game_retired_immortal_list,,view wizretired,List current as of 2026-06-16,318,Andela is listed as retired a Boardreader.,medium,candidate,Copied by Lewis. Includes Boardreaders and honorary True Legend entry for Norsu.
immortal_2026_06_16_retired_immortals_andreas_319_listed_retired_immortal,char_andreas,Andreas,Andreas,Andreas,retired,Boardreader,no,no,listed_retired_immortal,2026_06_16_retired_immortals,MUME retired immortal list,in_game_retired_immortal_list,,view wizretired,List current as of 2026-06-16,319,Andreas is listed as retired a Boardreader.,medium,candidate,Copied by Lewis. Includes Boardreaders and honorary True Legend entry for Norsu.
immortal_2026_06_16_current_immortals_androg_19_listed_current_immortal,char_andróg,Andróg,Andróg,Andróg,current,Maia,no,no,listed_current_immortal,2026_06_16_current_immortals,MUME current immortal list,in_game_immortal_list,,view wizlist,List current as of 2026-06-16,19,Andróg is listed as current a Maia.,medium,candidate,Copied by Lewis. (+m) means the immortal is also a Maiar Muddler / muddle code contributor.
immortal_2026_06_16_retired_immortals_ankamon_320_listed_retired_immortal,char_ankamon,Ankamon,Ankamon,Ankamon,retired,Boardreader,no,no,listed_retired_immortal,2026_06_16_retired_immortals,MUME retired immortal list,in_game_retired_immortal_list,,view wizretired,List current as of 2026-06-16,320,Ankamon is listed as retired a Boardreader.,medium,candidate,Copied by Lewis. Includes Boardreaders and honorary True Legend entry for Norsu.
immortal_2026_06_16_retired_immortals_anne_208_listed_retired_immortal,char_anne,Anne,Anne,Anne,retired,Maia,no,no,listed_retired_immortal,2026_06_16_retired_immortals,MUME retired immortal list,in_game_retired_immortal_list,,view wizretired,List current as of 2026-06-16,208,Anne is listed as retired a Maia.,medium,candidate,Copied by Lewis. Includes Boardreaders and honorary True Legend entry for Norsu.
immortal_2026_06_16_current_immortals_anolad_56_listed_current_immortal,char_anólad,Anólad,Anólad,Anólad,current,Maia,no,no,listed_current_immortal,2026_06_16_current_immortals,MUME current immortal list,in_game_immortal_list,,view wizlist,List current as of 2026-06-16,56,Anólad is listed as current a Maia.,medium,candidate,Copied by Lewis. (+m) means the immortal is also a Maiar Muddler / muddle code contributor.
immortal_2026_06_16_retired_immortals_anomyr_321_listed_retired_immortal,char_anómyr,Anómyr,Anómyr,Anómyr,retired,Boardreader,no,no,listed_retired_immortal,2026_06_16_retired_immortals,MUME retired immortal list,in_game_retired_immortal_list,,view wizretired,List current as of 2026-06-16,321,Anómyr is listed as retired a Boardreader.,medium,candidate,Copied by Lewis. Includes Boardreaders and honorary True Legend entry for Norsu.
immortal_2026_06_16_retired_immortals_anthrax_84_listed_retired_immortal,char_anthrax,Anthrax,Anthrax,Anthrax,retired,Maia,no,no,listed_retired_immortal,2026_06_16_retired_immortals,MUME retired immortal list,in_game_retired_immortal_list,,view wizretired,List current as of 2026-06-16,84,Anthrax is listed as retired a Maia.,medium,candidate,Copied by Lewis. Includes Boardreaders and honorary True Legend entry for Norsu.
immortal_2026_06_16_current_immortals_antti_12_listed_current_immortal,char_antti,Antti,Antti,Antti,current,Vala,no,no,listed_current_immortal,2026_06_16_current_immortals,MUME current immortal list,in_game_immortal_list,,view wizlist,List current as of 2026-06-16,12,Antti is listed as current a Vala.,medium,candidate,Copied by Lewis. (+m) means the immortal is also a Maiar Muddler / muddle code contributor.
immortal_2026_06_16_current_immortals_apalonia_57_listed_current_immortal,char_apalonia,Apalonia,Apalonia,Apalonia,current,Maia,no,no,listed_current_immortal,2026_06_16_current_immortals,MUME current immortal list,in_game_immortal_list,,view wizlist,List current as of 2026-06-16,57,Apalonia is listed as current a Maia.,medium,candidate,Copied by Lewis. (+m) means the immortal is also a Maiar Muddler / muddle code contributor.
immortal_2026_06_16_retired_immortals_apolline_322_listed_retired_immortal,char_apolline,Apolline,Apolline,Apolline,retired,Boardreader,no,no,listed_retired_immortal,2026_06_16_retired_immortals,MUME retired immortal list,in_game_retired_immortal_list,,view wizretired,List current as of 2026-06-16,322,Apolline is listed as retired a Boardreader.,medium,candidate,Copied by Lewis. Includes Boardreaders and honorary True Legend entry for Norsu.
immortal_2026_06_16_retired_immortals_aratan_209_listed_retired_immortal,char_aratan,Aratan,Aratan,Aratan,retired,Maia,no,no,listed_retired_immortal,2026_06_16_retired_immortals,MUME retired immortal list,in_game_retired_immortal_list,,view wizretired,List current as of 2026-06-16,209,Aratan is listed as retired a Maia.,medium,candidate,Copied by Lewis. Includes Boardreaders and honorary True Legend entry for Norsu.
immortal_2026_06_16_retired_immortals_arathorn_19_listed_retired_immortal,char_arathorn,Arathorn,Arathorn,Arathorn,retired,Vala,no,no,listed_retired_immortal,2026_06_16_retired_immortals,MUME retired immortal list,in_game_retired_immortal_list,,view wizretired,List current as of 2026-06-16,19,Arathorn is listed as retired a Vala.,medium,candidate,Copied by Lewis. Includes Boardreaders and honorary True Legend entry for Norsu.
immortal_2026_06_16_retired_immortals_araw_323_listed_retired_immortal,char_araw,Araw,Araw,Araw,retired,Boardreader,no,no,listed_retired_immortal,2026_06_16_retired_immortals,MUME retired immortal list,in_game_retired_immortal_list,,view wizretired,List current as of 2026-06-16,323,Araw is listed as retired a Boardreader.,medium,candidate,Copied by Lewis. Includes Boardreaders and honorary True Legend entry for Norsu.
immortal_2026_06_16_current_immortals_arcane_24_listed_current_immortal,char_arcane,Arcane,Arcane,Arcane,current,Maia,yes,no,listed_current_immortal,2026_06_16_current_immortals,MUME current immortal list,in_game_immortal_list,,view wizlist,List current as of 2026-06-16,24,Arcane is listed as current a Maia. Maiar Muddler / code contributor marker present.,medium,candidate,Copied by Lewis. (+m) means the immortal is also a Maiar Muddler / muddle code contributor.
immortal_2026_06_16_retired_immortals_aredhel_42_listed_retired_immortal,char_aredhel,Aredhel,Aredhel,Aredhel,retired,Vala,no,no,listed_retired_immortal,2026_06_16_retired_immortals,MUME retired immortal list,in_game_retired_immortal_list,,view wizretired,List current as of 2026-06-16,42,Aredhel is listed as retired a Vala.,medium,candidate,Copied by Lewis. Includes Boardreaders and honorary True Legend entry for Norsu.
immortal_2026_06_16_retired_immortals_ares_324_listed_retired_immortal,char_ares,Ares,Ares,Ares,retired,Boardreader,no,no,listed_retired_immortal,2026_06_16_retired_immortals,MUME retired immortal list,in_game_retired_immortal_list,,view wizretired,List current as of 2026-06-16,324,Ares is listed as retired a Boardreader.,medium,candidate,Copied by Lewis. Includes Boardreaders and honorary True Legend entry for Norsu.
immortal_2026_06_16_current_immortals_arfang_11_listed_current_immortal,char_arfang,Arfang,Arfang,Arfang,current,Vala,no,no,listed_current_immortal,2026_06_16_current_immortals,MUME current immortal list,in_game_immortal_list,,view wizlist,List current as of 2026-06-16,11,Arfang is listed as current a Vala.,medium,candidate,Copied by Lewis. (+m) means the immortal is also a Maiar Muddler / muddle code contributor.
immortal_2026_06_16_retired_immortals_ariakas_68_listed_retired_immortal,char_ariakas,Ariakas,Ariakas,Ariakas,retired,Maia,no,no,listed_retired_immortal,2026_06_16_retired_immortals,MUME retired immortal list,in_game_retired_immortal_list,,view wizretired,List current as of 2026-06-16,68,Ariakas is listed as retired a Maia.,medium,candidate,Copied by Lewis. Includes Boardreaders and honorary True Legend entry for Norsu.
immortal_2026_06_16_retired_immortals_ariana_85_listed_retired_immortal,char_ariana,Ariana,Ariana,Ariana,retired,Maia,no,no,listed_retired_immortal,2026_06_16_retired_immortals,MUME retired immortal list,in_game_retired_immortal_list,,view wizretired,List current as of 2026-06-16,85,Ariana is listed as retired a Maia.,medium,candidate,Copied by Lewis. Includes Boardreaders and honorary True Legend entry for Norsu.
immortal_2026_06_16_retired_immortals_arien_325_listed_retired_immortal,char_arien,Arien,Arien,Arien,retired,Boardreader,no,no,listed_retired_immortal,2026_06_16_retired_immortals,MUME retired immortal list,in_game_retired_immortal_list,,view wizretired,List current as of 2026-06-16,325,Arien is listed as retired a Boardreader.,medium,candidate,Copied by Lewis. Includes Boardreaders and honorary True Legend entry for Norsu.
immortal_2026_06_16_retired_immortals_aries_326_listed_retired_immortal,char_aries,Aries,Aries,Aries,retired,Boardreader,no,no,listed_retired_immortal,2026_06_16_retired_immortals,MUME retired immortal list,in_game_retired_immortal_list,,view wizretired,List current as of 2026-06-16,326,Aries is listed as retired a Boardreader.,medium,candidate,Copied by Lewis. Includes Boardreaders and honorary True Legend entry for Norsu.
immortal_2026_06_16_retired_immortals_arina_327_listed_retired_immortal,char_arina,Arina,Arina,Arina,retired,Boardreader,no,no,listed_retired_immortal,2026_06_16_retired_immortals,MUME retired immortal list,in_game_retired_immortal_list,,view wizretired,List current as of 2026-06-16,327,Arina is listed as retired a Boardreader.,medium,candidate,Copied by Lewis. Includes Boardreaders and honorary True Legend entry for Norsu.
immortal_2026_06_16_retired_immortals_arion_3_listed_retired_immortal,char_arion,Arion,Arion,Arion,retired,Aratar,no,no,listed_retired_immortal,2026_06_16_retired_immortals,MUME retired immortal list,in_game_retired_immortal_list,,view wizretired,List current as of 2026-06-16,3,Arion is listed as retired an Aratar.,medium,candidate,Copied by Lewis. Includes Boardreaders and honorary True Legend entry for Norsu.
immortal_2026_06_16_retired_immortals_aris_328_listed_retired_immortal,char_aris,Aris,Aris,Aris,retired,Boardreader,no,no,listed_retired_immortal,2026_06_16_retired_immortals,MUME retired immortal list,in_game_retired_immortal_list,,view wizretired,List current as of 2026-06-16,328,Aris is listed as retired a Boardreader.,medium,candidate,Copied by Lewis. Includes Boardreaders and honorary True Legend entry for Norsu.
immortal_2026_06_16_retired_immortals_ark_329_listed_retired_immortal,char_ark,Ark,Ark,Ark,retired,Boardreader,no,no,listed_retired_immortal,2026_06_16_retired_immortals,MUME retired immortal list,in_game_retired_immortal_list,,view wizretired,List current as of 2026-06-16,329,Ark is listed as retired a Boardreader.,medium,candidate,Copied by Lewis. Includes Boardreaders and honorary True Legend entry for Norsu.
immortal_2026_06_16_retired_immortals_arla_20_listed_retired_immortal,char_arla,Arla,Arla,Arla,retired,Vala,no,no,listed_retired_immortal,2026_06_16_retired_immortals,MUME retired immortal list,in_game_retired_immortal_list,,view wizretired,List current as of 2026-06-16,20,Arla is listed as retired a Vala.,medium,candidate,Copied by Lewis. Includes Boardreaders and honorary True Legend entry for Norsu.
immortal_2026_06_16_retired_immortals_armin_330_listed_retired_immortal,char_armin,Armin,Armin,Armin,retired,Boardreader,no,no,listed_retired_immortal,2026_06_16_retired_immortals,MUME retired immortal list,in_game_retired_immortal_list,,view wizretired,List current as of 2026-06-16,330,Armin is listed as retired a Boardreader.,medium,candidate,Copied by Lewis. Includes Boardreaders and honorary True Legend entry for Norsu.
immortal_2026_06_16_retired_immortals_arthad_331_listed_retired_immortal,char_arthad,Arthad,Arthad,Arthad,retired,Boardreader,no,no,listed_retired_immortal,2026_06_16_retired_immortals,MUME retired immortal list,in_game_retired_immortal_list,,view wizretired,List current as of 2026-06-16,331,Arthad is listed as retired a Boardreader.,medium,candidate,Copied by Lewis. Includes Boardreaders and honorary True Legend entry for Norsu.
immortal_2026_06_16_retired_immortals_atanatar_86_listed_retired_immortal,char_atanatar,Atanatar,Atanatar,Atanatar,retired,Maia,no,no,listed_retired_immortal,2026_06_16_retired_immortals,MUME retired immortal list,in_game_retired_immortal_list,,view wizretired,List current as of 2026-06-16,86,Atanatar is listed as retired a Maia.,medium,candidate,Copied by Lewis. Includes Boardreaders and honorary True Legend entry for Norsu.
immortal_2026_06_16_retired_immortals_atani_332_listed_retired_immortal,char_atani,Atani,Atani,Atani,retired,Boardreader,no,no,listed_retired_immortal,2026_06_16_retired_immortals,MUME retired immortal list,in_game_retired_immortal_list,,view wizretired,List current as of 2026-06-16,332,Atani is listed as retired a Boardreader.,medium,candidate,Copied by Lewis. Includes Boardreaders and honorary True Legend entry for Norsu.
immortal_2026_06_16_retired_immortals_atlas_210_listed_retired_immortal,char_atlas,Atlas,Atlas,Atlas,retired,Maia,no,no,listed_retired_immortal,2026_06_16_retired_immortals,MUME retired immortal list,in_game_retired_immortal_list,,view wizretired,List current as of 2026-06-16,210,Atlas is listed as retired a Maia.,medium,candidate,Copied by Lewis. Includes Boardreaders and honorary True Legend entry for Norsu.
immortal_2026_06_16_retired_immortals_aule_69_listed_retired_immortal,char_aule,Aule,Aule,Aule,retired,Maia,no,no,listed_retired_immortal,2026_06_16_retired_immortals,MUME retired immortal list,in_game_retired_immortal_list,,view wizretired,List current as of 2026-06-16,69,Aule is listed as retired a Maia.,medium,candidate,Copied by Lewis. Includes Boardreaders and honorary True Legend entry for Norsu.
immortal_2026_06_16_retired_immortals_auriane_333_listed_retired_immortal,char_auriane,Auriane,Auriane,Auriane,retired,Boardreader,no,no,listed_retired_immortal,2026_06_16_retired_immortals,MUME retired immortal list,in_game_retired_immortal_list,,view wizretired,List current as of 2026-06-16,333,Auriane is listed as retired a Boardreader.,medium,candidate,Copied by Lewis. Includes Boardreaders and honorary True Legend entry for Norsu.
immortal_2026_06_16_retired_immortals_ausir_43_listed_retired_immortal,char_ausir,Ausir,Ausir,Ausir,retired,Vala,no,no,listed_retired_immortal,2026_06_16_retired_immortals,MUME retired immortal list,in_game_retired_immortal_list,,view wizretired,List current as of 2026-06-16,43,Ausir is listed as retired a Vala.,medium,candidate,Copied by Lewis. Includes Boardreaders and honorary True Legend entry for Norsu.
immortal_2026_06_16_retired_immortals_avatar_334_listed_retired_immortal,char_avatar,Avatar,Avatar,Avatar,retired,Boardreader,no,no,listed_retired_immortal,2026_06_16_retired_immortals,MUME retired immortal list,in_game_retired_immortal_list,,view wizretired,List current as of 2026-06-16,334,Avatar is listed as retired a Boardreader.,medium,candidate,Copied by Lewis. Includes Boardreaders and honorary True Legend entry for Norsu.
immortal_2026_06_16_retired_immortals_avitar_21_listed_retired_immortal,char_avitar,Avitar,Avitar,Avitar,retired,Vala,no,no,listed_retired_immortal,2026_06_16_retired_immortals,MUME retired immortal list,in_game_retired_immortal_list,,view wizretired,List current as of 2026-06-16,21,Avitar is listed as retired a Vala.,medium,candidate,Copied by Lewis. Includes Boardreaders and honorary True Legend entry for Norsu.
immortal_2026_06_16_retired_immortals_awhanil_335_listed_retired_immortal,char_awhanil,Awhanil,Awhanil,Awhanil,retired,Boardreader,no,no,listed_retired_immortal,2026_06_16_retired_immortals,MUME retired immortal list,in_game_retired_immortal_list,,view wizretired,List current as of 2026-06-16,335,Awhanil is listed as retired a Boardreader.,medium,candidate,Copied by Lewis. Includes Boardreaders and honorary True Legend entry for Norsu.
immortal_2026_06_16_retired_immortals_awreth_336_listed_retired_immortal,char_awreth,Awreth,Awreth,Awreth,retired,Boardreader,no,no,listed_retired_immortal,2026_06_16_retired_immortals,MUME retired immortal list,in_game_retired_immortal_list,,view wizretired,List current as of 2026-06-16,336,Awreth is listed as retired a Boardreader.,medium,candidate,Copied by Lewis. Includes Boardreaders and honorary True Legend entry for Norsu.
immortal_2026_06_16_retired_immortals_axel_22_listed_retired_immortal,char_axel,Axel,Axel,Axel,retired,Vala,no,no,listed_retired_immortal,2026_06_16_retired_immortals,MUME retired immortal list,in_game_retired_immortal_list,,view wizretired,List current as of 2026-06-16,22,Axel is listed as retired a Vala.,medium,candidate,Copied by Lewis. Includes Boardreaders and honorary True Legend entry for Norsu.
immortal_2026_06_16_retired_immortals_azaghal_44_listed_retired_immortal,char_azaghâl,Azaghâl,Azaghâl,Azaghâl,retired,Vala,no,no,listed_retired_immortal,2026_06_16_retired_immortals,MUME retired immortal list,in_game_retired_immortal_list,,view wizretired,List current as of 2026-06-16,44,Azaghâl is listed as retired a Vala.,medium,candidate,Copied by Lewis. Includes Boardreaders and honorary True Legend entry for Norsu.
immortal_2026_06_16_current_immortals_azan_25_listed_current_immortal,char_azan,Azan,Azan,Azan,current,Maia,no,no,listed_current_immortal,2026_06_16_current_immortals,MUME current immortal list,in_game_immortal_list,,view wizlist,List current as of 2026-06-16,25,Azan is listed as current a Maia.,medium,candidate,Copied by Lewis. (+m) means the immortal is also a Maiar Muddler / muddle code contributor.
immortal_2026_06_16_retired_immortals_babe_211_listed_retired_immortal,char_babe,Babe,Babe,Babe,retired,Maia,no,no,listed_retired_immortal,2026_06_16_retired_immortals,MUME retired immortal list,in_game_retired_immortal_list,,view wizretired,List current as of 2026-06-16,211,Babe is listed as retired a Maia.,medium,candidate,Copied by Lewis. Includes Boardreaders and honorary True Legend entry for Norsu.
immortal_2026_06_16_retired_immortals_badger_45_listed_retired_immortal,char_badger,Badger,Badger,Badger,retired,Vala,no,no,listed_retired_immortal,2026_06_16_retired_immortals,MUME retired immortal list,in_game_retired_immortal_list,,view wizretired,List current as of 2026-06-16,45,Badger is listed as retired a Vala.,medium,candidate,Copied by Lewis. Includes Boardreaders and honorary True Legend entry for Norsu.
immortal_2026_06_16_retired_immortals_bahrud_337_listed_retired_immortal,char_bahrud,Bahrud,Bahrud,Bahrud,retired,Boardreader,no,no,listed_retired_immortal,2026_06_16_retired_immortals,MUME retired immortal list,in_game_retired_immortal_list,,view wizretired,List current as of 2026-06-16,337,Bahrud is listed as retired a Boardreader.,medium,candidate,Copied by Lewis. Includes Boardreaders and honorary True Legend entry for Norsu.
immortal_2026_06_16_retired_immortals_bairanax_338_listed_retired_immortal,char_bairanax,Bairanax,Bairanax,Bairanax,retired,Boardreader,no,no,listed_retired_immortal,2026_06_16_retired_immortals,MUME retired immortal list,in_game_retired_immortal_list,,view wizretired,List current as of 2026-06-16,338,Bairanax is listed as retired a Boardreader.,medium,candidate,Copied by Lewis. Includes Boardreaders and honorary True Legend entry for Norsu.
immortal_2026_06_16_retired_immortals_baldur_339_listed_retired_immortal,char_baldur,Baldur,Baldur,Baldur,retired,Boardreader,no,no,listed_retired_immortal,2026_06_16_retired_immortals,MUME retired immortal list,in_game_retired_immortal_list,,view wizretired,List current as of 2026-06-16,339,Baldur is listed as retired a Boardreader.,medium,candidate,Copied by Lewis. Includes Boardreaders and honorary True Legend entry for Norsu.
immortal_2026_06_16_retired_immortals_balux_340_listed_retired_immortal,char_balux,Balux,Balux,Balux,retired,Boardreader,no,no,listed_retired_immortal,2026_06_16_retired_immortals,MUME retired immortal list,in_game_retired_immortal_list,,view wizretired,List current as of 2026-06-16,340,Balux is listed as retired a Boardreader.,medium,candidate,Copied by Lewis. Includes Boardreaders and honorary True Legend entry for Norsu.
immortal_2026_06_16_retired_immortals_bambuk_212_listed_retired_immortal,char_bambuk,Bambuk,Bambuk,Bambuk,retired,Maia,no,no,listed_retired_immortal,2026_06_16_retired_immortals,MUME retired immortal list,in_game_retired_immortal_list,,view wizretired,List current as of 2026-06-16,212,Bambuk is listed as retired a Maia.,medium,candidate,Copied by Lewis. Includes Boardreaders and honorary True Legend entry for Norsu.
immortal_2026_06_16_current_immortals_bantak_26_listed_current_immortal,char_bantak,Bantak,Bantak,Bantak,current,Maia,no,no,listed_current_immortal,2026_06_16_current_immortals,MUME current immortal list,in_game_immortal_list,,view wizlist,List current as of 2026-06-16,26,Bantak is listed as current a Maia.,medium,candidate,Copied by Lewis. (+m) means the immortal is also a Maiar Muddler / muddle code contributor.
immortal_2026_06_16_current_immortals_barinak_58_listed_current_immortal,char_barinak,Barinak,Barinak,Barinak,current,Maia,no,no,listed_current_immortal,2026_06_16_current_immortals,MUME current immortal list,in_game_immortal_list,,view wizlist,List current as of 2026-06-16,58,Barinak is listed as current a Maia.,medium,candidate,Copied by Lewis. (+m) means the immortal is also a Maiar Muddler / muddle code contributor.
immortal_2026_06_16_retired_immortals_barloen_341_listed_retired_immortal,char_barloen,Barloen,Barloen,Barloen,retired,Boardreader,no,no,listed_retired_immortal,2026_06_16_retired_immortals,MUME retired immortal list,in_game_retired_immortal_list,,view wizretired,List current as of 2026-06-16,341,Barloen is listed as retired a Boardreader.,medium,candidate,Copied by Lewis. Includes Boardreaders and honorary True Legend entry for Norsu.
immortal_2026_06_16_retired_immortals_barney_213_listed_retired_immortal,char_barney,Barney,Barney,Barney,retired,Maia,no,no,listed_retired_immortal,2026_06_16_retired_immortals,MUME retired immortal list,in_game_retired_immortal_list,,view wizretired,List current as of 2026-06-16,213,Barney is listed as retired a Maia.,medium,candidate,Copied by Lewis. Includes Boardreaders and honorary True Legend entry for Norsu.
immortal_2026_06_16_retired_immortals_baw_342_listed_retired_immortal,char_baw,Baw,Baw,Baw,retired,Boardreader,no,no,listed_retired_immortal,2026_06_16_retired_immortals,MUME retired immortal list,in_game_retired_immortal_list,,view wizretired,List current as of 2026-06-16,342,Baw is listed as retired a Boardreader.,medium,candidate,Copied by Lewis. Includes Boardreaders and honorary True Legend entry for Norsu.
immortal_2026_06_16_retired_immortals_bayd_343_listed_retired_immortal,char_bayd,Bayd,Bayd,Bayd,retired,Boardreader,no,no,listed_retired_immortal,2026_06_16_retired_immortals,MUME retired immortal list,in_game_retired_immortal_list,,view wizretired,List current as of 2026-06-16,343,Bayd is listed as retired a Boardreader.,medium,candidate,Copied by Lewis. Includes Boardreaders and honorary True Legend entry for Norsu.
immortal_2026_06_16_retired_immortals_becha_214_listed_retired_immortal,char_becha,Becha,Becha,Becha,retired,Maia,no,no,listed_retired_immortal,2026_06_16_retired_immortals,MUME retired immortal list,in_game_retired_immortal_list,,view wizretired,List current as of 2026-06-16,214,Becha is listed as retired a Maia.,medium,candidate,Copied by Lewis. Includes Boardreaders and honorary True Legend entry for Norsu.
immortal_2026_06_16_retired_immortals_becrux_344_listed_retired_immortal,char_becrux,Becrux,Becrux,Becrux,retired,Boardreader,no,no,listed_retired_immortal,2026_06_16_retired_immortals,MUME retired immortal list,in_game_retired_immortal_list,,view wizretired,List current as of 2026-06-16,344,Becrux is listed as retired a Boardreader.,medium,candidate,Copied by Lewis. Includes Boardreaders and honorary True Legend entry for Norsu.
immortal_2026_06_16_retired_immortals_beldin_345_listed_retired_immortal,char_beldin,Beldin,Beldin,Beldin,retired,Boardreader,no,no,listed_retired_immortal,2026_06_16_retired_immortals,MUME retired immortal list,in_game_retired_immortal_list,,view wizretired,List current as of 2026-06-16,345,Beldin is listed as retired a Boardreader.,medium,candidate,Copied by Lewis. Includes Boardreaders and honorary True Legend entry for Norsu.
immortal_2026_06_16_retired_immortals_belegor_87_listed_retired_immortal,char_belegor,Belegor,Belegor,Belegor,retired,Maia,no,no,listed_retired_immortal,2026_06_16_retired_immortals,MUME retired immortal list,in_game_retired_immortal_list,,view wizretired,List current as of 2026-06-16,87,Belegor is listed as retired a Maia.,medium,candidate,Copied by Lewis. Includes Boardreaders and honorary True Legend entry for Norsu.
immortal_2026_06_16_current_immortals_belegurthruin_59_listed_current_immortal,char_belegurthruin,Belegurthruin,Belegurthruin,Belegurthruin,current,Maia,no,no,listed_current_immortal,2026_06_16_current_immortals,MUME current immortal list,in_game_immortal_list,,view wizlist,List current as of 2026-06-16,59,Belegurthruin is listed as current a Maia.,medium,candidate,Copied by Lewis. (+m) means the immortal is also a Maiar Muddler / muddle code contributor.
immortal_2026_06_16_retired_immortals_belenos_215_listed_retired_immortal,char_belenos,Belenos,Belenos,Belenos,retired,Maia,no,no,listed_retired_immortal,2026_06_16_retired_immortals,MUME retired immortal list,in_game_retired_immortal_list,,view wizretired,List current as of 2026-06-16,215,Belenos is listed as retired a Maia.,medium,candidate,Copied by Lewis. Includes Boardreaders and honorary True Legend entry for Norsu.
immortal_2026_06_16_retired_immortals_belewor_346_listed_retired_immortal,char_belewor,Belewor,Belewor,Belewor,retired,Boardreader,no,no,listed_retired_immortal,2026_06_16_retired_immortals,MUME retired immortal list,in_game_retired_immortal_list,,view wizretired,List current as of 2026-06-16,346,Belewor is listed as retired a Boardreader.,medium,candidate,Copied by Lewis. Includes Boardreaders and honorary True Legend entry for Norsu.
immortal_2026_06_16_retired_immortals_belmir_347_listed_retired_immortal,char_belmir,Belmir,Belmir,Belmir,retired,Boardreader,no,no,listed_retired_immortal,2026_06_16_retired_immortals,MUME retired immortal list,in_game_retired_immortal_list,,view wizretired,List current as of 2026-06-16,347,Belmir is listed as retired a Boardreader.,medium,candidate,Copied by Lewis. Includes Boardreaders and honorary True Legend entry for Norsu.
immortal_2026_06_16_retired_immortals_beran_348_listed_retired_immortal,char_beran,Beran,Beran,Beran,retired,Boardreader,no,no,listed_retired_immortal,2026_06_16_retired_immortals,MUME retired immortal list,in_game_retired_immortal_list,,view wizretired,List current as of 2026-06-16,348,Beran is listed as retired a Boardreader.,medium,candidate,Copied by Lewis. Includes Boardreaders and honorary True Legend entry for Norsu.
immortal_2026_06_16_retired_immortals_beregond_216_listed_retired_immortal,char_beregond,Beregond,Beregond,Beregond,retired,Maia,no,no,listed_retired_immortal,2026_06_16_retired_immortals,MUME retired immortal list,in_game_retired_immortal_list,,view wizretired,List current as of 2026-06-16,216,Beregond is listed as retired a Maia.,medium,candidate,Copied by Lewis. Includes Boardreaders and honorary True Legend entry for Norsu.
immortal_2026_06_16_retired_immortals_berek_349_listed_retired_immortal,char_berek,Berek,Berek,Berek,retired,Boardreader,no,no,listed_retired_immortal,2026_06_16_retired_immortals,MUME retired immortal list,in_game_retired_immortal_list,,view wizretired,List current as of 2026-06-16,349,Berek is listed as retired a Boardreader.,medium,candidate,Copied by Lewis. Includes Boardreaders and honorary True Legend entry for Norsu.
immortal_2026_06_16_current_immortals_berend_60_listed_current_immortal,char_berend,Berend,Berend,Berend,current,Maia,no,no,listed_current_immortal,2026_06_16_current_immortals,MUME current immortal list,in_game_immortal_list,,view wizlist,List current as of 2026-06-16,60,Berend is listed as current a Maia.,medium,candidate,Copied by Lewis. (+m) means the immortal is also a Maiar Muddler / muddle code contributor.
immortal_2026_06_16_retired_immortals_berogond_350_listed_retired_immortal,char_berogond,Berogond,Berogond,Berogond,retired,Boardreader,no,no,listed_retired_immortal,2026_06_16_retired_immortals,MUME retired immortal list,in_game_retired_immortal_list,,view wizretired,List current as of 2026-06-16,350,Berogond is listed as retired a Boardreader.,medium,candidate,Copied by Lewis. Includes Boardreaders and honorary True Legend entry for Norsu.
immortal_2026_06_16_retired_immortals_betsy_351_listed_retired_immortal,char_betsy,Betsy,Betsy,Betsy,retired,Boardreader,no,no,listed_retired_immortal,2026_06_16_retired_immortals,MUME retired immortal list,in_game_retired_immortal_list,,view wizretired,List current as of 2026-06-16,351,Betsy is listed as retired a Boardreader.,medium,candidate,Copied by Lewis. Includes Boardreaders and honorary True Legend entry for Norsu.
immortal_2026_06_16_retired_immortals_bit_175_listed_retired_immortal,char_bit,Bit,Bit,Bit,retired,Maia,no,no,listed_retired_immortal,2026_06_16_retired_immortals,MUME retired immortal list,in_game_retired_immortal_list,,view wizretired,List current as of 2026-06-16,175,Bit is listed as retired a Maia.,medium,candidate,Copied by Lewis. Includes Boardreaders and honorary True Legend entry for Norsu.
immortal_2026_06_16_current_immortals_bjorn_50_listed_current_immortal,char_björn,Björn,Björn,Björn,current,Maia,no,no,listed_current_immortal,2026_06_16_current_immortals,MUME current immortal list,in_game_immortal_list,,view wizlist,List current as of 2026-06-16,50,Björn is listed as current a Maia.,medium,candidate,Copied by Lewis. (+m) means the immortal is also a Maiar Muddler / muddle code contributor.
immortal_2026_06_16_retired_immortals_bjorne_352_listed_retired_immortal,char_bjorne,Bjorne,Bjorne,Bjorne,retired,Boardreader,no,no,listed_retired_immortal,2026_06_16_retired_immortals,MUME retired immortal list,in_game_retired_immortal_list,,view wizretired,List current as of 2026-06-16,352,Bjorne is listed as retired a Boardreader.,medium,candidate,Copied by Lewis. Includes Boardreaders and honorary True Legend entry for Norsu.
immortal_2026_06_16_retired_immortals_blackfox_353_listed_retired_immortal,char_blackfox,Blackfox,Blackfox,Blackfox,retired,Boardreader,no,no,listed_retired_immortal,2026_06_16_retired_immortals,MUME retired immortal list,in_game_retired_immortal_list,,view wizretired,List current as of 2026-06-16,353,Blackfox is listed as retired a Boardreader.,medium,candidate,Copied by Lewis. Includes Boardreaders and honorary True Legend entry for Norsu.
immortal_2026_06_16_current_immortals_bladorfat_61_listed_current_immortal,char_bladorfat,Bladorfat,Bladorfat,Bladorfat,current,Maia,no,no,listed_current_immortal,2026_06_16_current_immortals,MUME current immortal list,in_game_immortal_list,,view wizlist,List current as of 2026-06-16,61,Bladorfat is listed as current a Maia.,medium,candidate,Copied by Lewis. (+m) means the immortal is also a Maiar Muddler / muddle code contributor.
immortal_2026_06_16_retired_immortals_blimb_176_listed_retired_immortal,char_blimb,Blimb,Blimb,Blimb,retired,Maia,no,no,listed_retired_immortal,2026_06_16_retired_immortals,MUME retired immortal list,in_game_retired_immortal_list,,view wizretired,List current as of 2026-06-16,176,Blimb is listed as retired a Maia.,medium,candidate,Copied by Lewis. Includes Boardreaders and honorary True Legend entry for Norsu.
immortal_2026_06_16_retired_immortals_bobbie_354_listed_retired_immortal,char_bobbie,Bobbie,Bobbie,Bobbie,retired,Boardreader,no,no,listed_retired_immortal,2026_06_16_retired_immortals,MUME retired immortal list,in_game_retired_immortal_list,,view wizretired,List current as of 2026-06-16,354,Bobbie is listed as retired a Boardreader.,medium,candidate,Copied by Lewis. Includes Boardreaders and honorary True Legend entry for Norsu.
immortal_2026_06_16_retired_immortals_bodruith_355_listed_retired_immortal,char_bodruith,Bodruith,Bodruith,Bodruith,retired,Boardreader,no,no,listed_retired_immortal,2026_06_16_retired_immortals,MUME retired immortal list,in_game_retired_immortal_list,,view wizretired,List current as of 2026-06-16,355,Bodruith is listed as retired a Boardreader.,medium,candidate,Copied by Lewis. Includes Boardreaders and honorary True Legend entry for Norsu.
immortal_2026_06_16_retired_immortals_boing_356_listed_retired_immortal,char_boing,Boing,Boing,Boing,retired,Boardreader,no,no,listed_retired_immortal,2026_06_16_retired_immortals,MUME retired immortal list,in_game_retired_immortal_list,,view wizretired,List current as of 2026-06-16,356,Boing is listed as retired a Boardreader.,medium,candidate,Copied by Lewis. Includes Boardreaders and honorary True Legend entry for Norsu.
immortal_2026_06_16_retired_immortals_bomber_357_listed_retired_immortal,char_bomber,Bomber,Bomber,Bomber,retired,Boardreader,no,no,listed_retired_immortal,2026_06_16_retired_immortals,MUME retired immortal list,in_game_retired_immortal_list,,view wizretired,List current as of 2026-06-16,357,Bomber is listed as retired a Boardreader.,medium,candidate,Copied by Lewis. Includes Boardreaders and honorary True Legend entry for Norsu.
immortal_2026_06_16_retired_immortals_bore_358_listed_retired_immortal,char_bore,Bore,Bore,Bore,retired,Boardreader,no,no,listed_retired_immortal,2026_06_16_retired_immortals,MUME retired immortal list,in_game_retired_immortal_list,,view wizretired,List current as of 2026-06-16,358,Bore is listed as retired a Boardreader.,medium,candidate,Copied by Lewis. Includes Boardreaders and honorary True Legend entry for Norsu.
immortal_2026_06_16_retired_immortals_borne_359_listed_retired_immortal,char_borne,Borne,Borne,Borne,retired,Boardreader,no,no,listed_retired_immortal,2026_06_16_retired_immortals,MUME retired immortal list,in_game_retired_immortal_list,,view wizretired,List current as of 2026-06-16,359,Borne is listed as retired a Boardreader.,medium,candidate,Copied by Lewis. Includes Boardreaders and honorary True Legend entry for Norsu.
immortal_2026_06_16_current_immortals_brandish_27_listed_current_immortal,char_brandish,Brandish,Brandish,Brandish,current,Maia,no,no,listed_current_immortal,2026_06_16_current_immortals,MUME current immortal list,in_game_immortal_list,,view wizlist,List current as of 2026-06-16,27,Brandish is listed as current a Maia.,medium,candidate,Copied by Lewis. (+m) means the immortal is also a Maiar Muddler / muddle code contributor.
immortal_2026_06_16_retired_immortals_brico_360_listed_retired_immortal,char_brico,Brico,Brico,Brico,retired,Boardreader,no,no,listed_retired_immortal,2026_06_16_retired_immortals,MUME retired immortal list,in_game_retired_immortal_list,,view wizretired,List current as of 2026-06-16,360,Brico is listed as retired a Boardreader.,medium,candidate,Copied by Lewis. Includes Boardreaders and honorary True Legend entry for Norsu.
immortal_2026_06_16_retired_immortals_bruce_361_listed_retired_immortal,char_bruce,Bruce,Bruce,Bruce,retired,Boardreader,no,no,listed_retired_immortal,2026_06_16_retired_immortals,MUME retired immortal list,in_game_retired_immortal_list,,view wizretired,List current as of 2026-06-16,361,Bruce is listed as retired a Boardreader.,medium,candidate,Copied by Lewis. Includes Boardreaders and honorary True Legend entry for Norsu.
immortal_2026_06_16_current_immortals_brylon_28_listed_current_immortal,char_brylon,Brylon,Brylon,Brylon,current,Maia,no,no,listed_current_immortal,2026_06_16_current_immortals,MUME current immortal list,in_game_immortal_list,,view wizlist,List current as of 2026-06-16,28,Brylon is listed as current a Maia.,medium,candidate,Copied by Lewis. (+m) means the immortal is also a Maiar Muddler / muddle code contributor.
immortal_2026_06_16_retired_immortals_bubla_362_listed_retired_immortal,char_bubla,Bubla,Bubla,Bubla,retired,Boardreader,no,no,listed_retired_immortal,2026_06_16_retired_immortals,MUME retired immortal list,in_game_retired_immortal_list,,view wizretired,List current as of 2026-06-16,362,Bubla is listed as retired a Boardreader.,medium,candidate,Copied by Lewis. Includes Boardreaders and honorary True Legend entry for Norsu.
immortal_2026_06_16_retired_immortals_bullroarer_363_listed_retired_immortal,char_bullroarer,Bullroarer,Bullroarer,Bullroarer,retired,Boardreader,no,no,listed_retired_immortal,2026_06_16_retired_immortals,MUME retired immortal list,in_game_retired_immortal_list,,view wizretired,List current as of 2026-06-16,363,Bullroarer is listed as retired a Boardreader.,medium,candidate,Copied by Lewis. Includes Boardreaders and honorary True Legend entry for Norsu.
immortal_2026_06_16_retired_immortals_burb_364_listed_retired_immortal,char_burb,Burb,Burb,Burb,retired,Boardreader,no,no,listed_retired_immortal,2026_06_16_retired_immortals,MUME retired immortal list,in_game_retired_immortal_list,,view wizretired,List current as of 2026-06-16,364,Burb is listed as retired a Boardreader.,medium,candidate,Copied by Lewis. Includes Boardreaders and honorary True Legend entry for Norsu.
immortal_2026_06_16_retired_immortals_burl_365_listed_retired_immortal,char_burl,Burl,Burl,Burl,retired,Boardreader,no,no,listed_retired_immortal,2026_06_16_retired_immortals,MUME retired immortal list,in_game_retired_immortal_list,,view wizretired,List current as of 2026-06-16,365,Burl is listed as retired a Boardreader.,medium,candidate,Copied by Lewis. Includes Boardreaders and honorary True Legend entry for Norsu.
immortal_2026_06_16_retired_immortals_burnus_177_listed_retired_immortal,char_burnus,Burnus,Burnus,Burnus,retired,Maia,no,no,listed_retired_immortal,2026_06_16_retired_immortals,MUME retired immortal list,in_game_retired_immortal_list,,view wizretired,List current as of 2026-06-16,177,Burnus is listed as retired a Maia.,medium,candidate,Copied by Lewis. Includes Boardreaders and honorary True Legend entry for Norsu.
immortal_2026_06_16_retired_immortals_caerroil_217_listed_retired_immortal,char_caerroil,Caerroil,Caerroil,Caerroil,retired,Maia,no,no,listed_retired_immortal,2026_06_16_retired_immortals,MUME retired immortal list,in_game_retired_immortal_list,,view wizretired,List current as of 2026-06-16,217,Caerroil is listed as retired a Maia.,medium,candidate,Copied by Lewis. Includes Boardreaders and honorary True Legend entry for Norsu.
immortal_2026_06_16_retired_immortals_caesar_178_listed_retired_immortal,char_caesar,Caesar,Caesar,Caesar,retired,Maia,no,no,listed_retired_immortal,2026_06_16_retired_immortals,MUME retired immortal list,in_game_retired_immortal_list,,view wizretired,List current as of 2026-06-16,178,Caesar is listed as retired a Maia.,medium,candidate,Copied by Lewis. Includes Boardreaders and honorary True Legend entry for Norsu.
immortal_2026_06_16_retired_immortals_cai_366_listed_retired_immortal,char_cai,Cai,Cai,Cai,retired,Boardreader,no,no,listed_retired_immortal,2026_06_16_retired_immortals,MUME retired immortal list,in_game_retired_immortal_list,,view wizretired,List current as of 2026-06-16,366,Cai is listed as retired a Boardreader.,medium,candidate,Copied by Lewis. Includes Boardreaders and honorary True Legend entry for Norsu.
immortal_2026_06_16_retired_immortals_caidi_367_listed_retired_immortal,char_caidi,Caidi,Caidi,Caidi,retired,Boardreader,no,no,listed_retired_immortal,2026_06_16_retired_immortals,MUME retired immortal list,in_game_retired_immortal_list,,view wizretired,List current as of 2026-06-16,367,Caidi is listed as retired a Boardreader.,medium,candidate,Copied by Lewis. Includes Boardreaders and honorary True Legend entry for Norsu.
immortal_2026_06_16_retired_immortals_calamity_368_listed_retired_immortal,char_calamity,Calamity,Calamity,Calamity,retired,Boardreader,no,no,listed_retired_immortal,2026_06_16_retired_immortals,MUME retired immortal list,in_game_retired_immortal_list,,view wizretired,List current as of 2026-06-16,368,Calamity is listed as retired a Boardreader.,medium,candidate,Copied by Lewis. Includes Boardreaders and honorary True Legend entry for Norsu.
immortal_2026_06_16_current_immortals_caldan_29_listed_current_immortal,char_caldan,Caldan,Caldan,Caldan,current,Maia,no,no,listed_current_immortal,2026_06_16_current_immortals,MUME current immortal list,in_game_immortal_list,,view wizlist,List current as of 2026-06-16,29,Caldan is listed as current a Maia.,medium,candidate,Copied by Lewis. (+m) means the immortal is also a Maiar Muddler / muddle code contributor.
immortal_2026_06_16_retired_immortals_calebin_88_listed_retired_immortal,char_calebin,Calebin,Calebin,Calebin,retired,Maia,no,no,listed_retired_immortal,2026_06_16_retired_immortals,MUME retired immortal list,in_game_retired_immortal_list,,view wizretired,List current as of 2026-06-16,88,Calebin is listed as retired a Maia.,medium,candidate,Copied by Lewis. Includes Boardreaders and honorary True Legend entry for Norsu.
immortal_2026_06_16_retired_immortals_calesto_369_listed_retired_immortal,char_calesto,Calesto,Calesto,Calesto,retired,Boardreader,no,no,listed_retired_immortal,2026_06_16_retired_immortals,MUME retired immortal list,in_game_retired_immortal_list,,view wizretired,List current as of 2026-06-16,369,Calesto is listed as retired a Boardreader.,medium,candidate,Copied by Lewis. Includes Boardreaders and honorary True Legend entry for Norsu.
immortal_2026_06_16_retired_immortals_calmacil_89_listed_retired_immortal,char_calmacil,Calmacil,Calmacil,Calmacil,retired,Maia,no,no,listed_retired_immortal,2026_06_16_retired_immortals,MUME retired immortal list,in_game_retired_immortal_list,,view wizretired,List current as of 2026-06-16,89,Calmacil is listed as retired a Maia.,medium,candidate,Copied by Lewis. Includes Boardreaders and honorary True Legend entry for Norsu.
immortal_2026_06_16_retired_immortals_cararion_370_listed_retired_immortal,char_cararion,Cararion,Cararion,Cararion,retired,Boardreader,no,no,listed_retired_immortal,2026_06_16_retired_immortals,MUME retired immortal list,in_game_retired_immortal_list,,view wizretired,List current as of 2026-06-16,370,Cararion is listed as retired a Boardreader.,medium,candidate,Copied by Lewis. Includes Boardreaders and honorary True Legend entry for Norsu.
immortal_2026_06_16_retired_immortals_cardin_90_listed_retired_immortal,char_cardin,Cardin,Cardin,Cardin,retired,Maia,no,no,listed_retired_immortal,2026_06_16_retired_immortals,MUME retired immortal list,in_game_retired_immortal_list,,view wizretired,List current as of 2026-06-16,90,Cardin is listed as retired a Maia.,medium,candidate,Copied by Lewis. Includes Boardreaders and honorary True Legend entry for Norsu.
immortal_2026_06_16_retired_immortals_carousel_371_listed_retired_immortal,char_carousel,Carousel,Carousel,Carousel,retired,Boardreader,no,no,listed_retired_immortal,2026_06_16_retired_immortals,MUME retired immortal list,in_game_retired_immortal_list,,view wizretired,List current as of 2026-06-16,371,Carousel is listed as retired a Boardreader.,medium,candidate,Copied by Lewis. Includes Boardreaders and honorary True Legend entry for Norsu.
immortal_2026_06_16_retired_immortals_cassanunda_179_listed_retired_immortal,char_cassanunda,Cassanunda,Cassanunda,Cassanunda,retired,Maia,no,no,listed_retired_immortal,2026_06_16_retired_immortals,MUME retired immortal list,in_game_retired_immortal_list,,view wizretired,List current as of 2026-06-16,179,Cassanunda is listed as retired a Maia.,medium,candidate,Copied by Lewis. Includes Boardreaders and honorary True Legend entry for Norsu.
immortal_2026_06_16_retired_immortals_cedrim_372_listed_retired_immortal,char_cedrim,Cedrim,Cedrim,Cedrim,retired,Boardreader,no,no,listed_retired_immortal,2026_06_16_retired_immortals,MUME retired immortal list,in_game_retired_immortal_list,,view wizretired,List current as of 2026-06-16,372,Cedrim is listed as retired a Boardreader.,medium,candidate,Copied by Lewis. Includes Boardreaders and honorary True Legend entry for Norsu.
immortal_2026_06_16_retired_immortals_ceeris_373_listed_retired_immortal,char_ceeris,Ceeris,Ceeris,Ceeris,retired,Boardreader,no,no,listed_retired_immortal,2026_06_16_retired_immortals,MUME retired immortal list,in_game_retired_immortal_list,,view wizretired,List current as of 2026-06-16,373,Ceeris is listed as retired a Boardreader.,medium,candidate,Copied by Lewis. Includes Boardreaders and honorary True Legend entry for Norsu.
immortal_2026_06_16_retired_immortals_celebsil_91_listed_retired_immortal,char_celebsil,Celebsil,Celebsil,Celebsil,retired,Maia,no,no,listed_retired_immortal,2026_06_16_retired_immortals,MUME retired immortal list,in_game_retired_immortal_list,,view wizretired,List current as of 2026-06-16,91,Celebsil is listed as retired a Maia.,medium,candidate,Copied by Lewis. Includes Boardreaders and honorary True Legend entry for Norsu.
immortal_2026_06_16_retired_immortals_ceno_374_listed_retired_immortal,char_ceno,Ceno,Ceno,Ceno,retired,Boardreader,no,no,listed_retired_immortal,2026_06_16_retired_immortals,MUME retired immortal list,in_game_retired_immortal_list,,view wizretired,List current as of 2026-06-16,374,Ceno is listed as retired a Boardreader.,medium,candidate,Copied by Lewis. Includes Boardreaders and honorary True Legend entry for Norsu.
immortal_2026_06_16_retired_immortals_ceres_375_listed_retired_immortal,char_ceres,Ceres,Ceres,Ceres,retired,Boardreader,no,no,listed_retired_immortal,2026_06_16_retired_immortals,MUME retired immortal list,in_game_retired_immortal_list,,view wizretired,List current as of 2026-06-16,375,Ceres is listed as retired a Boardreader.,medium,candidate,Copied by Lewis. Includes Boardreaders and honorary True Legend entry for Norsu.
immortal_2026_06_16_retired_immortals_chauncey_218_listed_retired_immortal,char_chauncey,Chauncey,Chauncey,Chauncey,retired,Maia,no,no,listed_retired_immortal,2026_06_16_retired_immortals,MUME retired immortal list,in_game_retired_immortal_list,,view wizretired,List current as of 2026-06-16,218,Chauncey is listed as retired a Maia.,medium,candidate,Copied by Lewis. Includes Boardreaders and honorary True Legend entry for Norsu.
immortal_2026_06_16_retired_immortals_chavez_219_listed_retired_immortal,char_chavez,Chavez,Chavez,Chavez,retired,Maia,no,no,listed_retired_immortal,2026_06_16_retired_immortals,MUME retired immortal list,in_game_retired_immortal_list,,view wizretired,List current as of 2026-06-16,219,Chavez is listed as retired a Maia.,medium,candidate,Copied by Lewis. Includes Boardreaders and honorary True Legend entry for Norsu.
immortal_2026_06_16_retired_immortals_chay_92_listed_retired_immortal,char_chay,Chay,Chay,Chay,retired,Maia,no,no,listed_retired_immortal,2026_06_16_retired_immortals,MUME retired immortal list,in_game_retired_immortal_list,,view wizretired,List current as of 2026-06-16,92,Chay is listed as retired a Maia.,medium,candidate,Copied by Lewis. Includes Boardreaders and honorary True Legend entry for Norsu.
immortal_2026_06_16_retired_immortals_chicken_93_listed_retired_immortal,char_chicken,Chicken,Chicken,Chicken,retired,Maia,no,no,listed_retired_immortal,2026_06_16_retired_immortals,MUME retired immortal list,in_game_retired_immortal_list,,view wizretired,List current as of 2026-06-16,93,Chicken is listed as retired a Maia.,medium,candidate,Copied by Lewis. Includes Boardreaders and honorary True Legend entry for Norsu.
immortal_2026_06_16_retired_immortals_chops_376_listed_retired_immortal,char_chops,Chops,Chops,Chops,retired,Boardreader,no,no,listed_retired_immortal,2026_06_16_retired_immortals,MUME retired immortal list,in_game_retired_immortal_list,,view wizretired,List current as of 2026-06-16,376,Chops is listed as retired a Boardreader.,medium,candidate,Copied by Lewis. Includes Boardreaders and honorary True Legend entry for Norsu.
immortal_2026_06_16_retired_immortals_chrizt_377_listed_retired_immortal,char_chrizt,Chrizt,Chrizt,Chrizt,retired,Boardreader,no,no,listed_retired_immortal,2026_06_16_retired_immortals,MUME retired immortal list,in_game_retired_immortal_list,,view wizretired,List current as of 2026-06-16,377,Chrizt is listed as retired a Boardreader.,medium,candidate,Copied by Lewis. Includes Boardreaders and honorary True Legend entry for Norsu.
immortal_2026_06_16_retired_immortals_chuck_378_listed_retired_immortal,char_chuck,Chuck,Chuck,Chuck,retired,Boardreader,no,no,listed_retired_immortal,2026_06_16_retired_immortals,MUME retired immortal list,in_game_retired_immortal_list,,view wizretired,List current as of 2026-06-16,378,Chuck is listed as retired a Boardreader.,medium,candidate,Copied by Lewis. Includes Boardreaders and honorary True Legend entry for Norsu.
immortal_2026_06_16_current_immortals_ciara_62_listed_current_immortal,char_ciara,Ciara,Ciara,Ciara,current,Maia,no,no,listed_current_immortal,2026_06_16_current_immortals,MUME current immortal list,in_game_immortal_list,,view wizlist,List current as of 2026-06-16,62,Ciara is listed as current a Maia.,medium,candidate,Copied by Lewis. (+m) means the immortal is also a Maiar Muddler / muddle code contributor.
immortal_2026_06_16_retired_immortals_cielo_379_listed_retired_immortal,char_cielo,Cielo,Cielo,Cielo,retired,Boardreader,no,no,listed_retired_immortal,2026_06_16_retired_immortals,MUME retired immortal list,in_game_retired_immortal_list,,view wizretired,List current as of 2026-06-16,379,Cielo is listed as retired a Boardreader.,medium,candidate,Copied by Lewis. Includes Boardreaders and honorary True Legend entry for Norsu.
immortal_2026_06_16_current_immortals_ciltor_30_listed_current_immortal,char_ciltor,Ciltor,Ciltor,Ciltor,current,Maia,no,no,listed_current_immortal,2026_06_16_current_immortals,MUME current immortal list,in_game_immortal_list,,view wizlist,List current as of 2026-06-16,30,Ciltor is listed as current a Maia.,medium,candidate,Copied by Lewis. (+m) means the immortal is also a Maiar Muddler / muddle code contributor.
immortal_2026_06_16_retired_immortals_citygaurd_380_listed_retired_immortal,char_citygaurd,Citygaurd,Citygaurd,Citygaurd,retired,Boardreader,no,no,listed_retired_immortal,2026_06_16_retired_immortals,MUME retired immortal list,in_game_retired_immortal_list,,view wizretired,List current as of 2026-06-16,380,Citygaurd is listed as retired a Boardreader.,medium,candidate,Copied by Lewis. Includes Boardreaders and honorary True Legend entry for Norsu.
immortal_2026_06_16_retired_immortals_cliff_381_listed_retired_immortal,char_cliff,Cliff,Cliff,Cliff,retired,Boardreader,no,no,listed_retired_immortal,2026_06_16_retired_immortals,MUME retired immortal list,in_game_retired_immortal_list,,view wizretired,List current as of 2026-06-16,381,Cliff is listed as retired a Boardreader.,medium,candidate,Copied by Lewis. Includes Boardreaders and honorary True Legend entry for Norsu.
immortal_2026_06_16_retired_immortals_cobble_382_listed_retired_immortal,char_cobble,Cobble,Cobble,Cobble,retired,Boardreader,no,no,listed_retired_immortal,2026_06_16_retired_immortals,MUME retired immortal list,in_game_retired_immortal_list,,view wizretired,List current as of 2026-06-16,382,Cobble is listed as retired a Boardreader.,medium,candidate,Copied by Lewis. Includes Boardreaders and honorary True Legend entry for Norsu.
immortal_2026_06_16_retired_immortals_conklin_220_listed_retired_immortal,char_conklin,Conklin,Conklin,Conklin,retired,Maia,no,no,listed_retired_immortal,2026_06_16_retired_immortals,MUME retired immortal list,in_game_retired_immortal_list,,view wizretired,List current as of 2026-06-16,220,Conklin is listed as retired a Maia.,medium,candidate,Copied by Lewis. Includes Boardreaders and honorary True Legend entry for Norsu.
immortal_2026_06_16_retired_immortals_cookie_180_listed_retired_immortal,char_cookie,Cookie,Cookie,Cookie,retired,Maia,no,no,listed_retired_immortal,2026_06_16_retired_immortals,MUME retired immortal list,in_game_retired_immortal_list,,view wizretired,List current as of 2026-06-16,180,Cookie is listed as retired a Maia.,medium,candidate,Copied by Lewis. Includes Boardreaders and honorary True Legend entry for Norsu.
immortal_2026_06_16_retired_immortals_cormac_383_listed_retired_immortal,char_cormac,Cormac,Cormac,Cormac,retired,Boardreader,no,no,listed_retired_immortal,2026_06_16_retired_immortals,MUME retired immortal list,in_game_retired_immortal_list,,view wizretired,List current as of 2026-06-16,383,Cormac is listed as retired a Boardreader.,medium,candidate,Copied by Lewis. Includes Boardreaders and honorary True Legend entry for Norsu.
immortal_2026_06_16_retired_immortals_cosmos_384_listed_retired_immortal,char_cosmos,Cosmos,Cosmos,Cosmos,retired,Boardreader,no,no,listed_retired_immortal,2026_06_16_retired_immortals,MUME retired immortal list,in_game_retired_immortal_list,,view wizretired,List current as of 2026-06-16,384,Cosmos is listed as retired a Boardreader.,medium,candidate,Copied by Lewis. Includes Boardreaders and honorary True Legend entry for Norsu.
immortal_2026_06_16_retired_immortals_covah_385_listed_retired_immortal,char_covah,Covah,Covah,Covah,retired,Boardreader,no,no,listed_retired_immortal,2026_06_16_retired_immortals,MUME retired immortal list,in_game_retired_immortal_list,,view wizretired,List current as of 2026-06-16,385,Covah is listed as retired a Boardreader.,medium,candidate,Copied by Lewis. Includes Boardreaders and honorary True Legend entry for Norsu.
immortal_2026_06_16_retired_immortals_coydt_386_listed_retired_immortal,char_coydt,Coydt,Coydt,Coydt,retired,Boardreader,no,no,listed_retired_immortal,2026_06_16_retired_immortals,MUME retired immortal list,in_game_retired_immortal_list,,view wizretired,List current as of 2026-06-16,386,Coydt is listed as retired a Boardreader.,medium,candidate,Copied by Lewis. Includes Boardreaders and honorary True Legend entry for Norsu.
immortal_2026_06_16_retired_immortals_crazack_181_listed_retired_immortal,char_crazack,Crazack,Crazack,Crazack,retired,Maia,no,no,listed_retired_immortal,2026_06_16_retired_immortals,MUME retired immortal list,in_game_retired_immortal_list,,view wizretired,List current as of 2026-06-16,181,Crazack is listed as retired a Maia.,medium,candidate,Copied by Lewis. Includes Boardreaders and honorary True Legend entry for Norsu.
immortal_2026_06_16_retired_immortals_creston_94_listed_retired_immortal,char_creston,Creston,Creston,Creston,retired,Maia,no,no,listed_retired_immortal,2026_06_16_retired_immortals,MUME retired immortal list,in_game_retired_immortal_list,,view wizretired,List current as of 2026-06-16,94,Creston is listed as retired a Maia.,medium,candidate,Copied by Lewis. Includes Boardreaders and honorary True Legend entry for Norsu.
immortal_2026_06_16_retired_immortals_critter_387_listed_retired_immortal,char_critter,Critter,Critter,Critter,retired,Boardreader,no,no,listed_retired_immortal,2026_06_16_retired_immortals,MUME retired immortal list,in_game_retired_immortal_list,,view wizretired,List current as of 2026-06-16,387,Critter is listed as retired a Boardreader.,medium,candidate,Copied by Lewis. Includes Boardreaders and honorary True Legend entry for Norsu.
immortal_2026_06_16_retired_immortals_cryhavoc_1_listed_retired_immortal,char_cryhavoc,CryHavoc,CryHavoc,CryHavoc,retired,Implementor,no,no,listed_retired_immortal,2026_06_16_retired_immortals,MUME retired immortal list,in_game_retired_immortal_list,,view wizretired,List current as of 2026-06-16,1,CryHavoc is listed as retired an Implementor.,medium,candidate,Copied by Lewis. Includes Boardreaders and honorary True Legend entry for Norsu.
immortal_2026_06_16_retired_immortals_crysania_388_listed_retired_immortal,char_crysania,Crysania,Crysania,Crysania,retired,Boardreader,no,no,listed_retired_immortal,2026_06_16_retired_immortals,MUME retired immortal list,in_game_retired_immortal_list,,view wizretired,List current as of 2026-06-16,388,Crysania is listed as retired a Boardreader.,medium,candidate,Copied by Lewis. Includes Boardreaders and honorary True Legend entry for Norsu.
immortal_2026_06_16_current_immortals_cuantar_51_listed_current_immortal,char_cuantar,Cuantar,Cuantar,Cuantar,current,Maia,no,no,listed_current_immortal,2026_06_16_current_immortals,MUME current immortal list,in_game_immortal_list,,view wizlist,List current as of 2026-06-16,51,Cuantar is listed as current a Maia.,medium,candidate,Copied by Lewis. (+m) means the immortal is also a Maiar Muddler / muddle code contributor.
immortal_2026_06_16_retired_immortals_culbor_389_listed_retired_immortal,char_culbor,Culbor,Culbor,Culbor,retired,Boardreader,no,no,listed_retired_immortal,2026_06_16_retired_immortals,MUME retired immortal list,in_game_retired_immortal_list,,view wizretired,List current as of 2026-06-16,389,Culbor is listed as retired a Boardreader.,medium,candidate,Copied by Lewis. Includes Boardreaders and honorary True Legend entry for Norsu.
immortal_2026_06_16_retired_immortals_curumo_390_listed_retired_immortal,char_curumo,Curumo,Curumo,Curumo,retired,Boardreader,no,no,listed_retired_immortal,2026_06_16_retired_immortals,MUME retired immortal list,in_game_retired_immortal_list,,view wizretired,List current as of 2026-06-16,390,Curumo is listed as retired a Boardreader.,medium,candidate,Copied by Lewis. Includes Boardreaders and honorary True Legend entry for Norsu.
immortal_2026_06_16_retired_immortals_cute_391_listed_retired_immortal,char_cute,Cute,Cute,Cute,retired,Boardreader,no,no,listed_retired_immortal,2026_06_16_retired_immortals,MUME retired immortal list,in_game_retired_immortal_list,,view wizretired,List current as of 2026-06-16,391,Cute is listed as retired a Boardreader.,medium,candidate,Copied by Lewis. Includes Boardreaders and honorary True Legend entry for Norsu.
immortal_2026_06_16_retired_immortals_cuthalion_392_listed_retired_immortal,char_cúthalion,Cúthalion,Cúthalion,Cúthalion,retired,Boardreader,no,no,listed_retired_immortal,2026_06_16_retired_immortals,MUME retired immortal list,in_game_retired_immortal_list,,view wizretired,List current as of 2026-06-16,392,Cúthalion is listed as retired a Boardreader.,medium,candidate,Copied by Lewis. Includes Boardreaders and honorary True Legend entry for Norsu.
immortal_2026_06_16_retired_immortals_daemor_221_listed_retired_immortal,char_daemor,Daemor,Daemor,Daemor,retired,Maia,no,no,listed_retired_immortal,2026_06_16_retired_immortals,MUME retired immortal list,in_game_retired_immortal_list,,view wizretired,List current as of 2026-06-16,221,Daemor is listed as retired a Maia.,medium,candidate,Copied by Lewis. Includes Boardreaders and honorary True Legend entry for Norsu.
immortal_2026_06_16_current_immortals_dain_3_listed_current_immortal,char_dáin,Dáin,Dáin,Dáin,current,Aratar,no,no,listed_current_immortal,2026_06_16_current_immortals,MUME current immortal list,in_game_immortal_list,,view wizlist,List current as of 2026-06-16,3,Dáin is listed as current an Aratar.,medium,candidate,Copied by Lewis. (+m) means the immortal is also a Maiar Muddler / muddle code contributor.
immortal_2026_06_16_retired_immortals_dand_393_listed_retired_immortal,char_dand,Dand,Dand,Dand,retired,Boardreader,no,no,listed_retired_immortal,2026_06_16_retired_immortals,MUME retired immortal list,in_game_retired_immortal_list,,view wizretired,List current as of 2026-06-16,393,Dand is listed as retired a Boardreader.,medium,candidate,Copied by Lewis. Includes Boardreaders and honorary True Legend entry for Norsu.
immortal_2026_06_16_retired_immortals_daniel_95_listed_retired_immortal,char_daniel,Daniel,Daniel,Daniel,retired,Maia,no,no,listed_retired_immortal,2026_06_16_retired_immortals,MUME retired immortal list,in_game_retired_immortal_list,,view wizretired,List current as of 2026-06-16,95,Daniel is listed as retired a Maia.,medium,candidate,Copied by Lewis. Includes Boardreaders and honorary True Legend entry for Norsu.
immortal_2026_06_16_retired_immortals_darcy_394_listed_retired_immortal,char_darcy,Darcy,Darcy,Darcy,retired,Boardreader,no,no,listed_retired_immortal,2026_06_16_retired_immortals,MUME retired immortal list,in_game_retired_immortal_list,,view wizretired,List current as of 2026-06-16,394,Darcy is listed as retired a Boardreader.,medium,candidate,Copied by Lewis. Includes Boardreaders and honorary True Legend entry for Norsu.
immortal_2026_06_16_retired_immortals_dardhel_222_listed_retired_immortal,char_dardhel,Dardhel,Dardhel,Dardhel,retired,Maia,no,no,listed_retired_immortal,2026_06_16_retired_immortals,MUME retired immortal list,in_game_retired_immortal_list,,view wizretired,List current as of 2026-06-16,222,Dardhel is listed as retired a Maia.,medium,candidate,Copied by Lewis. Includes Boardreaders and honorary True Legend entry for Norsu.
immortal_2026_06_16_retired_immortals_dargor_395_listed_retired_immortal,char_dargor,Dargor,Dargor,Dargor,retired,Boardreader,no,no,listed_retired_immortal,2026_06_16_retired_immortals,MUME retired immortal list,in_game_retired_immortal_list,,view wizretired,List current as of 2026-06-16,395,Dargor is listed as retired a Boardreader.,medium,candidate,Copied by Lewis. Includes Boardreaders and honorary True Legend entry for Norsu.
immortal_2026_06_16_retired_immortals_daro_396_listed_retired_immortal,char_daro,Daro,Daro,Daro,retired,Boardreader,no,no,listed_retired_immortal,2026_06_16_retired_immortals,MUME retired immortal list,in_game_retired_immortal_list,,view wizretired,List current as of 2026-06-16,396,Daro is listed as retired a Boardreader.,medium,candidate,Copied by Lewis. Includes Boardreaders and honorary True Legend entry for Norsu.
immortal_2026_06_16_retired_immortals_darquin_397_listed_retired_immortal,char_darquin,Darquin,Darquin,Darquin,retired,Boardreader,no,no,listed_retired_immortal,2026_06_16_retired_immortals,MUME retired immortal list,in_game_retired_immortal_list,,view wizretired,List current as of 2026-06-16,397,Darquin is listed as retired a Boardreader.,medium,candidate,Copied by Lewis. Includes Boardreaders and honorary True Legend entry for Norsu.
immortal_2026_06_16_retired_immortals_darthang_46_listed_retired_immortal,char_darthang,Darthang,Darthang,Darthang,retired,Vala,no,no,listed_retired_immortal,2026_06_16_retired_immortals,MUME retired immortal list,in_game_retired_immortal_list,,view wizretired,List current as of 2026-06-16,46,Darthang is listed as retired a Vala.,medium,candidate,Copied by Lewis. Includes Boardreaders and honorary True Legend entry for Norsu.
immortal_2026_06_16_retired_immortals_darvil_398_listed_retired_immortal,char_darvil,Darvil,Darvil,Darvil,retired,Boardreader,no,no,listed_retired_immortal,2026_06_16_retired_immortals,MUME retired immortal list,in_game_retired_immortal_list,,view wizretired,List current as of 2026-06-16,398,Darvil is listed as retired a Boardreader.,medium,candidate,Copied by Lewis. Includes Boardreaders and honorary True Legend entry for Norsu.
immortal_2026_06_16_retired_immortals_daryl_399_listed_retired_immortal,char_daryl,Daryl,Daryl,Daryl,retired,Boardreader,no,no,listed_retired_immortal,2026_06_16_retired_immortals,MUME retired immortal list,in_game_retired_immortal_list,,view wizretired,List current as of 2026-06-16,399,Daryl is listed as retired a Boardreader.,medium,candidate,Copied by Lewis. Includes Boardreaders and honorary True Legend entry for Norsu.
immortal_2026_06_16_retired_immortals_david_400_listed_retired_immortal,char_david,David,David,David,retired,Boardreader,no,no,listed_retired_immortal,2026_06_16_retired_immortals,MUME retired immortal list,in_game_retired_immortal_list,,view wizretired,List current as of 2026-06-16,400,David is listed as retired a Boardreader.,medium,candidate,Copied by Lewis. Includes Boardreaders and honorary True Legend entry for Norsu.
immortal_2026_06_16_current_immortals_dawnborn_31_listed_current_immortal,char_dawnborn,Dawnborn,Dawnborn,Dawnborn,current,Maia,no,no,listed_current_immortal,2026_06_16_current_immortals,MUME current immortal list,in_game_immortal_list,,view wizlist,List current as of 2026-06-16,31,Dawnborn is listed as current a Maia.,medium,candidate,Copied by Lewis. (+m) means the immortal is also a Maiar Muddler / muddle code contributor.
immortal_2026_06_16_retired_immortals_deamon_401_listed_retired_immortal,char_deamon,Deamon,Deamon,Deamon,retired,Boardreader,no,no,listed_retired_immortal,2026_06_16_retired_immortals,MUME retired immortal list,in_game_retired_immortal_list,,view wizretired,List current as of 2026-06-16,401,Deamon is listed as retired a Boardreader.,medium,candidate,Copied by Lewis. Includes Boardreaders and honorary True Legend entry for Norsu.
immortal_2026_06_16_retired_immortals_deda_402_listed_retired_immortal,char_deda,Deda,Deda,Deda,retired,Boardreader,no,no,listed_retired_immortal,2026_06_16_retired_immortals,MUME retired immortal list,in_game_retired_immortal_list,,view wizretired,List current as of 2026-06-16,402,Deda is listed as retired a Boardreader.,medium,candidate,Copied by Lewis. Includes Boardreaders and honorary True Legend entry for Norsu.
immortal_2026_06_16_retired_immortals_degolas_223_listed_retired_immortal,char_degolas,Degolas,Degolas,Degolas,retired,Maia,no,no,listed_retired_immortal,2026_06_16_retired_immortals,MUME retired immortal list,in_game_retired_immortal_list,,view wizretired,List current as of 2026-06-16,223,Degolas is listed as retired a Maia.,medium,candidate,Copied by Lewis. Includes Boardreaders and honorary True Legend entry for Norsu.
immortal_2026_06_16_retired_immortals_deja_403_listed_retired_immortal,char_déja,Déja,Déja,Déja,retired,Boardreader,no,no,listed_retired_immortal,2026_06_16_retired_immortals,MUME retired immortal list,in_game_retired_immortal_list,,view wizretired,List current as of 2026-06-16,403,Déja is listed as retired a Boardreader.,medium,candidate,Copied by Lewis. Includes Boardreaders and honorary True Legend entry for Norsu.
immortal_2026_06_16_retired_immortals_dende_404_listed_retired_immortal,char_dende,Dende,Dende,Dende,retired,Boardreader,no,no,listed_retired_immortal,2026_06_16_retired_immortals,MUME retired immortal list,in_game_retired_immortal_list,,view wizretired,List current as of 2026-06-16,404,Dende is listed as retired a Boardreader.,medium,candidate,Copied by Lewis. Includes Boardreaders and honorary True Legend entry for Norsu.
immortal_2026_06_16_retired_immortals_deneth_405_listed_retired_immortal,char_deneth,Deneth,Deneth,Deneth,retired,Boardreader,no,no,listed_retired_immortal,2026_06_16_retired_immortals,MUME retired immortal list,in_game_retired_immortal_list,,view wizretired,List current as of 2026-06-16,405,Deneth is listed as retired a Boardreader.,medium,candidate,Copied by Lewis. Includes Boardreaders and honorary True Legend entry for Norsu.
immortal_2026_06_16_retired_immortals_deodred_406_listed_retired_immortal,char_deodred,Deodred,Deodred,Deodred,retired,Boardreader,no,no,listed_retired_immortal,2026_06_16_retired_immortals,MUME retired immortal list,in_game_retired_immortal_list,,view wizretired,List current as of 2026-06-16,406,Deodred is listed as retired a Boardreader.,medium,candidate,Copied by Lewis. Includes Boardreaders and honorary True Legend entry for Norsu.
immortal_2026_06_16_retired_immortals_deor_47_listed_retired_immortal,char_déor,Déor,Déor,Déor,retired,Vala,no,no,listed_retired_immortal,2026_06_16_retired_immortals,MUME retired immortal list,in_game_retired_immortal_list,,view wizretired,List current as of 2026-06-16,47,Déor is listed as retired a Vala.,medium,candidate,Copied by Lewis. Includes Boardreaders and honorary True Legend entry for Norsu.
immortal_2026_06_16_retired_immortals_deriel_407_listed_retired_immortal,char_deriel,Deriel,Deriel,Deriel,retired,Boardreader,no,no,listed_retired_immortal,2026_06_16_retired_immortals,MUME retired immortal list,in_game_retired_immortal_list,,view wizretired,List current as of 2026-06-16,407,Deriel is listed as retired a Boardreader.,medium,candidate,Copied by Lewis. Includes Boardreaders and honorary True Legend entry for Norsu.
immortal_2026_06_16_retired_immortals_destiny_96_listed_retired_immortal,char_destiny,Destiny,Destiny,Destiny,retired,Maia,no,no,listed_retired_immortal,2026_06_16_retired_immortals,MUME retired immortal list,in_game_retired_immortal_list,,view wizretired,List current as of 2026-06-16,96,Destiny is listed as retired a Maia.,medium,candidate,Copied by Lewis. Includes Boardreaders and honorary True Legend entry for Norsu.
immortal_2026_06_16_retired_immortals_dewa_408_listed_retired_immortal,char_dewa,Dewa,Dewa,Dewa,retired,Boardreader,no,no,listed_retired_immortal,2026_06_16_retired_immortals,MUME retired immortal list,in_game_retired_immortal_list,,view wizretired,List current as of 2026-06-16,408,Dewa is listed as retired a Boardreader.,medium,candidate,Copied by Lewis. Includes Boardreaders and honorary True Legend entry for Norsu.
immortal_2026_06_16_retired_immortals_dhalia_409_listed_retired_immortal,char_dhalia,Dhalia,Dhalia,Dhalia,retired,Boardreader,no,no,listed_retired_immortal,2026_06_16_retired_immortals,MUME retired immortal list,in_game_retired_immortal_list,,view wizretired,List current as of 2026-06-16,409,Dhalia is listed as retired a Boardreader.,medium,candidate,Copied by Lewis. Includes Boardreaders and honorary True Legend entry for Norsu.
immortal_2026_06_16_retired_immortals_diana_410_listed_retired_immortal,char_diana,Diana,Diana,Diana,retired,Boardreader,no,no,listed_retired_immortal,2026_06_16_retired_immortals,MUME retired immortal list,in_game_retired_immortal_list,,view wizretired,List current as of 2026-06-16,410,Diana is listed as retired a Boardreader.,medium,candidate,Copied by Lewis. Includes Boardreaders and honorary True Legend entry for Norsu.
immortal_2026_06_16_retired_immortals_djinn_224_listed_retired_immortal,char_djinn,Djinn,Djinn,Djinn,retired,Maia,no,no,listed_retired_immortal,2026_06_16_retired_immortals,MUME retired immortal list,in_game_retired_immortal_list,,view wizretired,List current as of 2026-06-16,224,Djinn is listed as retired a Maia.,medium,candidate,Copied by Lewis. Includes Boardreaders and honorary True Legend entry for Norsu.
immortal_2026_06_16_retired_immortals_donutello_225_listed_retired_immortal,char_donutello,Donutello,Donutello,Donutello,retired,Maia,no,no,listed_retired_immortal,2026_06_16_retired_immortals,MUME retired immortal list,in_game_retired_immortal_list,,view wizretired,List current as of 2026-06-16,225,Donutello is listed as retired a Maia.,medium,candidate,Copied by Lewis. Includes Boardreaders and honorary True Legend entry for Norsu.
immortal_2026_06_16_retired_immortals_dorien_97_listed_retired_immortal,char_dorien,Dorien,Dorien,Dorien,retired,Maia,no,no,listed_retired_immortal,2026_06_16_retired_immortals,MUME retired immortal list,in_game_retired_immortal_list,,view wizretired,List current as of 2026-06-16,97,Dorien is listed as retired a Maia.,medium,candidate,Copied by Lewis. Includes Boardreaders and honorary True Legend entry for Norsu.
immortal_2026_06_16_retired_immortals_dorin_98_listed_retired_immortal,char_dorin,Dorin,Dorin,Dorin,retired,Maia,no,no,listed_retired_immortal,2026_06_16_retired_immortals,MUME retired immortal list,in_game_retired_immortal_list,,view wizretired,List current as of 2026-06-16,98,Dorin is listed as retired a Maia.,medium,candidate,Copied by Lewis. Includes Boardreaders and honorary True Legend entry for Norsu.
immortal_2026_06_16_retired_immortals_dorn_182_listed_retired_immortal,char_dorn,Dorn,Dorn,Dorn,retired,Maia,no,no,listed_retired_immortal,2026_06_16_retired_immortals,MUME retired immortal list,in_game_retired_immortal_list,,view wizretired,List current as of 2026-06-16,182,Dorn is listed as retired a Maia.,medium,candidate,Copied by Lewis. Includes Boardreaders and honorary True Legend entry for Norsu.
immortal_2026_06_16_retired_immortals_draak_183_listed_retired_immortal,char_draak,Draak,Draak,Draak,retired,Maia,no,no,listed_retired_immortal,2026_06_16_retired_immortals,MUME retired immortal list,in_game_retired_immortal_list,,view wizretired,List current as of 2026-06-16,183,Draak is listed as retired a Maia.,medium,candidate,Copied by Lewis. Includes Boardreaders and honorary True Legend entry for Norsu.
immortal_2026_06_16_retired_immortals_drago_99_listed_retired_immortal,char_drago,Drago,Drago,Drago,retired,Maia,no,no,listed_retired_immortal,2026_06_16_retired_immortals,MUME retired immortal list,in_game_retired_immortal_list,,view wizretired,List current as of 2026-06-16,99,Drago is listed as retired a Maia.,medium,candidate,Copied by Lewis. Includes Boardreaders and honorary True Legend entry for Norsu.
immortal_2026_06_16_retired_immortals_drakiz_411_listed_retired_immortal,char_drakiz,Drakiz,Drakiz,Drakiz,retired,Boardreader,no,no,listed_retired_immortal,2026_06_16_retired_immortals,MUME retired immortal list,in_game_retired_immortal_list,,view wizretired,List current as of 2026-06-16,411,Drakiz is listed as retired a Boardreader.,medium,candidate,Copied by Lewis. Includes Boardreaders and honorary True Legend entry for Norsu.
immortal_2026_06_16_retired_immortals_draught_4_listed_retired_immortal,char_draught,Draught,Draught,Draught,retired,Aratar,no,no,listed_retired_immortal,2026_06_16_retired_immortals,MUME retired immortal list,in_game_retired_immortal_list,,view wizretired,List current as of 2026-06-16,4,Draught is listed as retired an Aratar.,medium,candidate,Copied by Lewis. Includes Boardreaders and honorary True Legend entry for Norsu.
immortal_2026_06_16_retired_immortals_drink_412_listed_retired_immortal,char_drink,Drink,Drink,Drink,retired,Boardreader,no,no,listed_retired_immortal,2026_06_16_retired_immortals,MUME retired immortal list,in_game_retired_immortal_list,,view wizretired,List current as of 2026-06-16,412,Drink is listed as retired a Boardreader.,medium,candidate,Copied by Lewis. Includes Boardreaders and honorary True Legend entry for Norsu.
immortal_2026_06_16_retired_immortals_drom_413_listed_retired_immortal,char_dröm,Dröm,Dröm,Dröm,retired,Boardreader,no,no,listed_retired_immortal,2026_06_16_retired_immortals,MUME retired immortal list,in_game_retired_immortal_list,,view wizretired,List current as of 2026-06-16,413,Dröm is listed as retired a Boardreader.,medium,candidate,Copied by Lewis. Includes Boardreaders and honorary True Legend entry for Norsu.
immortal_2026_06_16_retired_immortals_drugar_226_listed_retired_immortal,char_drugar,Drugar,Drugar,Drugar,retired,Maia,no,no,listed_retired_immortal,2026_06_16_retired_immortals,MUME retired immortal list,in_game_retired_immortal_list,,view wizretired,List current as of 2026-06-16,226,Drugar is listed as retired a Maia.,medium,candidate,Copied by Lewis. Includes Boardreaders and honorary True Legend entry for Norsu.
immortal_2026_06_16_current_immortals_drugo_32_listed_current_immortal,char_drugo,Drugo,Drugo,Drugo,current,Maia,no,no,listed_current_immortal,2026_06_16_current_immortals,MUME current immortal list,in_game_immortal_list,,view wizlist,List current as of 2026-06-16,32,Drugo is listed as current a Maia.,medium,candidate,Copied by Lewis. (+m) means the immortal is also a Maiar Muddler / muddle code contributor.
immortal_2026_06_16_retired_immortals_dryden_414_listed_retired_immortal,char_dryden,Dryden,Dryden,Dryden,retired,Boardreader,no,no,listed_retired_immortal,2026_06_16_retired_immortals,MUME retired immortal list,in_game_retired_immortal_list,,view wizretired,List current as of 2026-06-16,414,Dryden is listed as retired a Boardreader.,medium,candidate,Copied by Lewis. Includes Boardreaders and honorary True Legend entry for Norsu.
immortal_2026_06_16_retired_immortals_dulin_415_listed_retired_immortal,char_dúlin,Dúlin,Dúlin,Dúlin,retired,Boardreader,no,no,listed_retired_immortal,2026_06_16_retired_immortals,MUME retired immortal list,in_game_retired_immortal_list,,view wizretired,List current as of 2026-06-16,415,Dúlin is listed as retired a Boardreader.,medium,candidate,Copied by Lewis. Includes Boardreaders and honorary True Legend entry for Norsu.
immortal_2026_06_16_retired_immortals_durin_100_listed_retired_immortal,char_durin,Durin,Durin,Durin,retired,Maia,no,no,listed_retired_immortal,2026_06_16_retired_immortals,MUME retired immortal list,in_game_retired_immortal_list,,view wizretired,List current as of 2026-06-16,100,Durin is listed as retired a Maia.,medium,candidate,Copied by Lewis. Includes Boardreaders and honorary True Legend entry for Norsu.
immortal_2026_06_16_current_immortals_durmegil_63_listed_current_immortal,char_durmegil,Durmegil,Durmegil,Durmegil,current,Maia,no,no,listed_current_immortal,2026_06_16_current_immortals,MUME current immortal list,in_game_immortal_list,,view wizlist,List current as of 2026-06-16,63,Durmegil is listed as current a Maia.,medium,candidate,Copied by Lewis. (+m) means the immortal is also a Maiar Muddler / muddle code contributor.
immortal_2026_06_16_retired_immortals_dushmoll_416_listed_retired_immortal,char_dushmoll,Dushmoll,Dushmoll,Dushmoll,retired,Boardreader,no,no,listed_retired_immortal,2026_06_16_retired_immortals,MUME retired immortal list,in_game_retired_immortal_list,,view wizretired,List current as of 2026-06-16,416,Dushmoll is listed as retired a Boardreader.,medium,candidate,Copied by Lewis. Includes Boardreaders and honorary True Legend entry for Norsu.
immortal_2026_06_16_retired_immortals_earendel_227_listed_retired_immortal,char_eärendel,Eärendel,Eärendel,Eärendel,retired,Maia,no,no,listed_retired_immortal,2026_06_16_retired_immortals,MUME retired immortal list,in_game_retired_immortal_list,,view wizretired,List current as of 2026-06-16,227,Eärendel is listed as retired a Maia.,medium,candidate,Copied by Lewis. Includes Boardreaders and honorary True Legend entry for Norsu.
immortal_2026_06_16_retired_immortals_earendil_48_listed_retired_immortal,char_eärendil,Eärendil,Eärendil,Eärendil,retired,Vala,no,no,listed_retired_immortal,2026_06_16_retired_immortals,MUME retired immortal list,in_game_retired_immortal_list,,view wizretired,List current as of 2026-06-16,48,Eärendil is listed as retired a Vala.,medium,candidate,Copied by Lewis. Includes Boardreaders and honorary True Legend entry for Norsu.
immortal_2026_06_16_retired_immortals_earolon_417_listed_retired_immortal,char_earolon,Earolon,Earolon,Earolon,retired,Boardreader,no,no,listed_retired_immortal,2026_06_16_retired_immortals,MUME retired immortal list,in_game_retired_immortal_list,,view wizretired,List current as of 2026-06-16,417,Earolon is listed as retired a Boardreader.,medium,candidate,Copied by Lewis. Includes Boardreaders and honorary True Legend entry for Norsu.
immortal_2026_06_16_retired_immortals_edomir_418_listed_retired_immortal,char_edomir,Edomir,Edomir,Edomir,retired,Boardreader,no,no,listed_retired_immortal,2026_06_16_retired_immortals,MUME retired immortal list,in_game_retired_immortal_list,,view wizretired,List current as of 2026-06-16,418,Edomir is listed as retired a Boardreader.,medium,candidate,Copied by Lewis. Includes Boardreaders and honorary True Legend entry for Norsu.
immortal_2026_06_16_retired_immortals_edvard_419_listed_retired_immortal,char_edvard,Edvard,Edvard,Edvard,retired,Boardreader,no,no,listed_retired_immortal,2026_06_16_retired_immortals,MUME retired immortal list,in_game_retired_immortal_list,,view wizretired,List current as of 2026-06-16,419,Edvard is listed as retired a Boardreader.,medium,candidate,Copied by Lewis. Includes Boardreaders and honorary True Legend entry for Norsu.
immortal_2026_06_16_retired_immortals_eileya_420_listed_retired_immortal,char_eileya,Eileya,Eileya,Eileya,retired,Boardreader,no,no,listed_retired_immortal,2026_06_16_retired_immortals,MUME retired immortal list,in_game_retired_immortal_list,,view wizretired,List current as of 2026-06-16,420,Eileya is listed as retired a Boardreader.,medium,candidate,Copied by Lewis. Includes Boardreaders and honorary True Legend entry for Norsu.
immortal_2026_06_16_retired_immortals_eis_421_listed_retired_immortal,char_eis,Eis,Eis,Eis,retired,Boardreader,no,no,listed_retired_immortal,2026_06_16_retired_immortals,MUME retired immortal list,in_game_retired_immortal_list,,view wizretired,List current as of 2026-06-16,421,Eis is listed as retired a Boardreader.,medium,candidate,Copied by Lewis. Includes Boardreaders and honorary True Legend entry for Norsu.
immortal_2026_06_16_retired_immortals_ekolas_422_listed_retired_immortal,char_ekolas,Ekolas,Ekolas,Ekolas,retired,Boardreader,no,no,listed_retired_immortal,2026_06_16_retired_immortals,MUME retired immortal list,in_game_retired_immortal_list,,view wizretired,List current as of 2026-06-16,422,Ekolas is listed as retired a Boardreader.,medium,candidate,Copied by Lewis. Includes Boardreaders and honorary True Legend entry for Norsu.
immortal_2026_06_16_retired_immortals_elagorn_423_listed_retired_immortal,char_elagorn,Elagorn,Elagorn,Elagorn,retired,Boardreader,no,no,listed_retired_immortal,2026_06_16_retired_immortals,MUME retired immortal list,in_game_retired_immortal_list,,view wizretired,List current as of 2026-06-16,423,Elagorn is listed as retired a Boardreader.,medium,candidate,Copied by Lewis. Includes Boardreaders and honorary True Legend entry for Norsu.
immortal_2026_06_16_retired_immortals_elan_184_listed_retired_immortal,char_elan,Elan,Elan,Elan,retired,Maia,no,no,listed_retired_immortal,2026_06_16_retired_immortals,MUME retired immortal list,in_game_retired_immortal_list,,view wizretired,List current as of 2026-06-16,184,Elan is listed as retired a Maia.,medium,candidate,Copied by Lewis. Includes Boardreaders and honorary True Legend entry for Norsu.
immortal_2026_06_16_retired_immortals_elaniel_424_listed_retired_immortal,char_elaniel,Elaniel,Elaniel,Elaniel,retired,Boardreader,no,no,listed_retired_immortal,2026_06_16_retired_immortals,MUME retired immortal list,in_game_retired_immortal_list,,view wizretired,List current as of 2026-06-16,424,Elaniel is listed as retired a Boardreader.,medium,candidate,Copied by Lewis. Includes Boardreaders and honorary True Legend entry for Norsu.
immortal_2026_06_16_retired_immortals_eldahal_425_listed_retired_immortal,char_eldahal,Eldahal,Eldahal,Eldahal,retired,Boardreader,no,no,listed_retired_immortal,2026_06_16_retired_immortals,MUME retired immortal list,in_game_retired_immortal_list,,view wizretired,List current as of 2026-06-16,425,Eldahal is listed as retired a Boardreader.,medium,candidate,Copied by Lewis. Includes Boardreaders and honorary True Legend entry for Norsu.
immortal_2026_06_16_retired_immortals_eldamir_426_listed_retired_immortal,char_eldamir,Eldamir,Eldamir,Eldamir,retired,Boardreader,no,no,listed_retired_immortal,2026_06_16_retired_immortals,MUME retired immortal list,in_game_retired_immortal_list,,view wizretired,List current as of 2026-06-16,426,Eldamir is listed as retired a Boardreader.,medium,candidate,Copied by Lewis. Includes Boardreaders and honorary True Legend entry for Norsu.
immortal_2026_06_16_current_immortals_eldrok_64_listed_current_immortal,char_éldrôk,Éldrôk,Éldrôk,Éldrôk,current,Maia,no,no,listed_current_immortal,2026_06_16_current_immortals,MUME current immortal list,in_game_immortal_list,,view wizlist,List current as of 2026-06-16,64,Éldrôk is listed as current a Maia.,medium,candidate,Copied by Lewis. (+m) means the immortal is also a Maiar Muddler / muddle code contributor.
immortal_2026_06_16_current_immortals_elemir_13_listed_current_immortal,char_elemir,Elemir,Elemir,Elemir,current,Vala,no,no,listed_current_immortal,2026_06_16_current_immortals,MUME current immortal list,in_game_immortal_list,,view wizlist,List current as of 2026-06-16,13,Elemir is listed as current a Vala.,medium,candidate,Copied by Lewis. (+m) means the immortal is also a Maiar Muddler / muddle code contributor.
immortal_2026_06_16_current_immortals_elemmakil_65_listed_current_immortal,char_elemmakil,Elemmakil,Elemmakil,Elemmakil,current,Maia,no,no,listed_current_immortal,2026_06_16_current_immortals,MUME current immortal list,in_game_immortal_list,,view wizlist,List current as of 2026-06-16,65,Elemmakil is listed as current a Maia.,medium,candidate,Copied by Lewis. (+m) means the immortal is also a Maiar Muddler / muddle code contributor.
immortal_2026_06_16_retired_immortals_elerrina_228_listed_retired_immortal,char_elerrína,Elerrína,Elerrína,Elerrína,retired,Maia,no,no,listed_retired_immortal,2026_06_16_retired_immortals,MUME retired immortal list,in_game_retired_immortal_list,,view wizretired,List current as of 2026-06-16,228,Elerrína is listed as retired a Maia.,medium,candidate,Copied by Lewis. Includes Boardreaders and honorary True Legend entry for Norsu.
immortal_2026_06_16_retired_immortals_elfan_101_listed_retired_immortal,char_elfan,Elfan,Elfan,Elfan,retired,Maia,no,no,listed_retired_immortal,2026_06_16_retired_immortals,MUME retired immortal list,in_game_retired_immortal_list,,view wizretired,List current as of 2026-06-16,101,Elfan is listed as retired a Maia.,medium,candidate,Copied by Lewis. Includes Boardreaders and honorary True Legend entry for Norsu.
immortal_2026_06_16_retired_immortals_elistan_427_listed_retired_immortal,char_elistan,Elistan,Elistan,Elistan,retired,Boardreader,no,no,listed_retired_immortal,2026_06_16_retired_immortals,MUME retired immortal list,in_game_retired_immortal_list,,view wizretired,List current as of 2026-06-16,427,Elistan is listed as retired a Boardreader.,medium,candidate,Copied by Lewis. Includes Boardreaders and honorary True Legend entry for Norsu.
immortal_2026_06_16_retired_immortals_elithrandir_428_listed_retired_immortal,char_elithrandir,Elithrandir,Elithrandir,Elithrandir,retired,Boardreader,no,no,listed_retired_immortal,2026_06_16_retired_immortals,MUME retired immortal list,in_game_retired_immortal_list,,view wizretired,List current as of 2026-06-16,428,Elithrandir is listed as retired a Boardreader.,medium,candidate,Copied by Lewis. Includes Boardreaders and honorary True Legend entry for Norsu.
immortal_2026_06_16_current_immortals_ellessar_33_listed_current_immortal,char_ellessar,Ellessar,Ellessar,Ellessar,current,Maia,yes,no,listed_current_immortal,2026_06_16_current_immortals,MUME current immortal list,in_game_immortal_list,,view wizlist,List current as of 2026-06-16,33,Ellessar is listed as current a Maia. Maiar Muddler / code contributor marker present.,medium,candidate,Copied by Lewis. (+m) means the immortal is also a Maiar Muddler / muddle code contributor.
immortal_2026_06_16_retired_immortals_elvis_229_listed_retired_immortal,char_elvis,Elvis,Elvis,Elvis,retired,Maia,no,no,listed_retired_immortal,2026_06_16_retired_immortals,MUME retired immortal list,in_game_retired_immortal_list,,view wizretired,List current as of 2026-06-16,229,Elvis is listed as retired a Maia.,medium,candidate,Copied by Lewis. Includes Boardreaders and honorary True Legend entry for Norsu.
immortal_2026_06_16_retired_immortals_emcas_429_listed_retired_immortal,char_emcas,Emcas,Emcas,Emcas,retired,Boardreader,no,no,listed_retired_immortal,2026_06_16_retired_immortals,MUME retired immortal list,in_game_retired_immortal_list,,view wizretired,List current as of 2026-06-16,429,Emcas is listed as retired a Boardreader.,medium,candidate,Copied by Lewis. Includes Boardreaders and honorary True Legend entry for Norsu.
immortal_2026_06_16_retired_immortals_ender_430_listed_retired_immortal,char_ender,Ender,Ender,Ender,retired,Boardreader,no,no,listed_retired_immortal,2026_06_16_retired_immortals,MUME retired immortal list,in_game_retired_immortal_list,,view wizretired,List current as of 2026-06-16,430,Ender is listed as retired a Boardreader.,medium,candidate,Copied by Lewis. Includes Boardreaders and honorary True Legend entry for Norsu.
immortal_2026_06_16_current_immortals_endo_66_listed_current_immortal,char_endo,Endo,Endo,Endo,current,Maia,no,no,listed_current_immortal,2026_06_16_current_immortals,MUME current immortal list,in_game_immortal_list,,view wizlist,List current as of 2026-06-16,66,Endo is listed as current a Maia.,medium,candidate,Copied by Lewis. (+m) means the immortal is also a Maiar Muddler / muddle code contributor.
immortal_2026_06_16_retired_immortals_endor_431_listed_retired_immortal,char_endor,Endor,Endor,Endor,retired,Boardreader,no,no,listed_retired_immortal,2026_06_16_retired_immortals,MUME retired immortal list,in_game_retired_immortal_list,,view wizretired,List current as of 2026-06-16,431,Endor is listed as retired a Boardreader.,medium,candidate,Copied by Lewis. Includes Boardreaders and honorary True Legend entry for Norsu.
immortal_2026_06_16_retired_immortals_enerdhil_432_listed_retired_immortal,char_enerdhil,Enerdhil,Enerdhil,Enerdhil,retired,Boardreader,no,no,listed_retired_immortal,2026_06_16_retired_immortals,MUME retired immortal list,in_game_retired_immortal_list,,view wizretired,List current as of 2026-06-16,432,Enerdhil is listed as retired a Boardreader.,medium,candidate,Copied by Lewis. Includes Boardreaders and honorary True Legend entry for Norsu.
immortal_2026_06_16_retired_immortals_enforcer_433_listed_retired_immortal,char_enforcer,Enforcer,Enforcer,Enforcer,retired,Boardreader,no,no,listed_retired_immortal,2026_06_16_retired_immortals,MUME retired immortal list,in_game_retired_immortal_list,,view wizretired,List current as of 2026-06-16,433,Enforcer is listed as retired a Boardreader.,medium,candidate,Copied by Lewis. Includes Boardreaders and honorary True Legend entry for Norsu.
immortal_2026_06_16_current_immortals_ennui_67_listed_current_immortal,char_ennui,Ennui,Ennui,Ennui,current,Maia,no,no,listed_current_immortal,2026_06_16_current_immortals,MUME current immortal list,in_game_immortal_list,,view wizlist,List current as of 2026-06-16,67,Ennui is listed as current a Maia.,medium,candidate,Copied by Lewis. (+m) means the immortal is also a Maiar Muddler / muddle code contributor.
immortal_2026_06_16_retired_immortals_eolung_70_listed_retired_immortal,char_eolung,Eolung,Eolung,Eolung,retired,Maia,no,no,listed_retired_immortal,2026_06_16_retired_immortals,MUME retired immortal list,in_game_retired_immortal_list,,view wizretired,List current as of 2026-06-16,70,Eolung is listed as retired a Maia.,medium,candidate,Copied by Lewis. Includes Boardreaders and honorary True Legend entry for Norsu.
immortal_2026_06_16_retired_immortals_eonwe_49_listed_retired_immortal,char_eönwe,Eönwe,Eönwe,Eönwe,retired,Vala,no,no,listed_retired_immortal,2026_06_16_retired_immortals,MUME retired immortal list,in_game_retired_immortal_list,,view wizretired,List current as of 2026-06-16,49,Eönwe is listed as retired a Vala.,medium,candidate,Copied by Lewis. Includes Boardreaders and honorary True Legend entry for Norsu.
immortal_2026_06_16_current_immortals_eoras_68_listed_current_immortal,char_eoras,Eoras,Eoras,Eoras,current,Maia,no,no,listed_current_immortal,2026_06_16_current_immortals,MUME current immortal list,in_game_immortal_list,,view wizlist,List current as of 2026-06-16,68,Eoras is listed as current a Maia.,medium,candidate,Copied by Lewis. (+m) means the immortal is also a Maiar Muddler / muddle code contributor.
immortal_2026_06_16_retired_immortals_eporedax_434_listed_retired_immortal,char_eporedax,Eporedax,Eporedax,Eporedax,retired,Boardreader,no,no,listed_retired_immortal,2026_06_16_retired_immortals,MUME retired immortal list,in_game_retired_immortal_list,,view wizretired,List current as of 2026-06-16,434,Eporedax is listed as retired a Boardreader.,medium,candidate,Copied by Lewis. Includes Boardreaders and honorary True Legend entry for Norsu.
immortal_2026_06_16_retired_immortals_erach_435_listed_retired_immortal,char_erach,Erach,Erach,Erach,retired,Boardreader,no,no,listed_retired_immortal,2026_06_16_retired_immortals,MUME retired immortal list,in_game_retired_immortal_list,,view wizretired,List current as of 2026-06-16,435,Erach is listed as retired a Boardreader.,medium,candidate,Copied by Lewis. Includes Boardreaders and honorary True Legend entry for Norsu.
immortal_2026_06_16_retired_immortals_erat_436_listed_retired_immortal,char_erat,Erat,Erat,Erat,retired,Boardreader,no,no,listed_retired_immortal,2026_06_16_retired_immortals,MUME retired immortal list,in_game_retired_immortal_list,,view wizretired,List current as of 2026-06-16,436,Erat is listed as retired a Boardreader.,medium,candidate,Copied by Lewis. Includes Boardreaders and honorary True Legend entry for Norsu.
immortal_2026_06_16_current_immortals_erekose_69_listed_current_immortal,char_erekosë,Erekosë,Erekosë,Erekosë,current,Maia,no,no,listed_current_immortal,2026_06_16_current_immortals,MUME current immortal list,in_game_immortal_list,,view wizlist,List current as of 2026-06-16,69,Erekosë is listed as current a Maia.,medium,candidate,Copied by Lewis. (+m) means the immortal is also a Maiar Muddler / muddle code contributor.
immortal_2026_06_16_retired_immortals_erent_230_listed_retired_immortal,char_erent,Erent,Erent,Erent,retired,Maia,no,no,listed_retired_immortal,2026_06_16_retired_immortals,MUME retired immortal list,in_game_retired_immortal_list,,view wizretired,List current as of 2026-06-16,230,Erent is listed as retired a Maia.,medium,candidate,Copied by Lewis. Includes Boardreaders and honorary True Legend entry for Norsu.
immortal_2026_06_16_retired_immortals_erg_231_listed_retired_immortal,char_erg,Erg,Erg,Erg,retired,Maia,no,no,listed_retired_immortal,2026_06_16_retired_immortals,MUME retired immortal list,in_game_retired_immortal_list,,view wizretired,List current as of 2026-06-16,231,Erg is listed as retired a Maia.,medium,candidate,Copied by Lewis. Includes Boardreaders and honorary True Legend entry for Norsu.
immortal_2026_06_16_retired_immortals_erika_437_listed_retired_immortal,char_erika,Erika,Erika,Erika,retired,Boardreader,no,no,listed_retired_immortal,2026_06_16_retired_immortals,MUME retired immortal list,in_game_retired_immortal_list,,view wizretired,List current as of 2026-06-16,437,Erika is listed as retired a Boardreader.,medium,candidate,Copied by Lewis. Includes Boardreaders and honorary True Legend entry for Norsu.
immortal_2026_06_16_retired_immortals_erios_438_listed_retired_immortal,char_erios,Erios,Erios,Erios,retired,Boardreader,no,no,listed_retired_immortal,2026_06_16_retired_immortals,MUME retired immortal list,in_game_retired_immortal_list,,view wizretired,List current as of 2026-06-16,438,Erios is listed as retired a Boardreader.,medium,candidate,Copied by Lewis. Includes Boardreaders and honorary True Legend entry for Norsu.
immortal_2026_06_16_retired_immortals_erl_439_listed_retired_immortal,char_erl,Erl,Erl,Erl,retired,Boardreader,no,no,listed_retired_immortal,2026_06_16_retired_immortals,MUME retired immortal list,in_game_retired_immortal_list,,view wizretired,List current as of 2026-06-16,439,Erl is listed as retired a Boardreader.,medium,candidate,Copied by Lewis. Includes Boardreaders and honorary True Legend entry for Norsu.
immortal_2026_06_16_current_immortals_eru_1_listed_current_immortal,char_eru,Eru,Eru,Eru,current,Implementor,no,no,listed_current_immortal,2026_06_16_current_immortals,MUME current immortal list,in_game_immortal_list,,view wizlist,List current as of 2026-06-16,1,Eru is listed as current an Implementor.,medium,candidate,Copied by Lewis. (+m) means the immortal is also a Maiar Muddler / muddle code contributor.
immortal_2026_06_16_retired_immortals_esen_440_listed_retired_immortal,char_esen,Esen,Esen,Esen,retired,Boardreader,no,no,listed_retired_immortal,2026_06_16_retired_immortals,MUME retired immortal list,in_game_retired_immortal_list,,view wizretired,List current as of 2026-06-16,440,Esen is listed as retired a Boardreader.,medium,candidate,Copied by Lewis. Includes Boardreaders and honorary True Legend entry for Norsu.
immortal_2026_06_16_retired_immortals_estike_441_listed_retired_immortal,char_estike,Estike,Estike,Estike,retired,Boardreader,no,no,listed_retired_immortal,2026_06_16_retired_immortals,MUME retired immortal list,in_game_retired_immortal_list,,view wizretired,List current as of 2026-06-16,441,Estike is listed as retired a Boardreader.,medium,candidate,Copied by Lewis. Includes Boardreaders and honorary True Legend entry for Norsu.
immortal_2026_06_16_current_immortals_evandaar_70_listed_current_immortal,char_evandaar,Evandaar,Evandaar,Evandaar,current,Maia,no,no,listed_current_immortal,2026_06_16_current_immortals,MUME current immortal list,in_game_immortal_list,,view wizlist,List current as of 2026-06-16,70,Evandaar is listed as current a Maia.,medium,candidate,Copied by Lewis. (+m) means the immortal is also a Maiar Muddler / muddle code contributor.
immortal_2026_06_16_retired_immortals_everminda_102_listed_retired_immortal,char_everminda,Everminda,Everminda,Everminda,retired,Maia,no,no,listed_retired_immortal,2026_06_16_retired_immortals,MUME retired immortal list,in_game_retired_immortal_list,,view wizretired,List current as of 2026-06-16,102,Everminda is listed as retired a Maia.,medium,candidate,Copied by Lewis. Includes Boardreaders and honorary True Legend entry for Norsu.
immortal_2026_06_16_retired_immortals_faeythe_442_listed_retired_immortal,char_faeythe,Faeythe,Faeythe,Faeythe,retired,Boardreader,no,no,listed_retired_immortal,2026_06_16_retired_immortals,MUME retired immortal list,in_game_retired_immortal_list,,view wizretired,List current as of 2026-06-16,442,Faeythe is listed as retired a Boardreader.,medium,candidate,Copied by Lewis. Includes Boardreaders and honorary True Legend entry for Norsu.
immortal_2026_06_16_retired_immortals_faint_443_listed_retired_immortal,char_faint,Faint,Faint,Faint,retired,Boardreader,no,no,listed_retired_immortal,2026_06_16_retired_immortals,MUME retired immortal list,in_game_retired_immortal_list,,view wizretired,List current as of 2026-06-16,443,Faint is listed as retired a Boardreader.,medium,candidate,Copied by Lewis. Includes Boardreaders and honorary True Legend entry for Norsu.
immortal_2026_06_16_retired_immortals_fakhr_232_listed_retired_immortal,char_fakhr,Fakhr,Fakhr,Fakhr,retired,Maia,no,no,listed_retired_immortal,2026_06_16_retired_immortals,MUME retired immortal list,in_game_retired_immortal_list,,view wizretired,List current as of 2026-06-16,232,Fakhr is listed as retired a Maia.,medium,candidate,Copied by Lewis. Includes Boardreaders and honorary True Legend entry for Norsu.
immortal_2026_06_16_retired_immortals_falch_233_listed_retired_immortal,char_falch,Falch,Falch,Falch,retired,Maia,no,no,listed_retired_immortal,2026_06_16_retired_immortals,MUME retired immortal list,in_game_retired_immortal_list,,view wizretired,List current as of 2026-06-16,233,Falch is listed as retired a Maia.,medium,candidate,Copied by Lewis. Includes Boardreaders and honorary True Legend entry for Norsu.
immortal_2026_06_16_retired_immortals_faloth_234_listed_retired_immortal,char_faloth,Faloth,Faloth,Faloth,retired,Maia,no,no,listed_retired_immortal,2026_06_16_retired_immortals,MUME retired immortal list,in_game_retired_immortal_list,,view wizretired,List current as of 2026-06-16,234,Faloth is listed as retired a Maia.,medium,candidate,Copied by Lewis. Includes Boardreaders and honorary True Legend entry for Norsu.
immortal_2026_06_16_current_immortals_fankil_20_listed_current_immortal,char_fankil,Fankil,Fankil,Fankil,current,Maia,no,no,listed_current_immortal,2026_06_16_current_immortals,MUME current immortal list,in_game_immortal_list,,view wizlist,List current as of 2026-06-16,20,Fankil is listed as current a Maia.,medium,candidate,Copied by Lewis. (+m) means the immortal is also a Maiar Muddler / muddle code contributor.
immortal_2026_06_16_retired_immortals_farin_444_listed_retired_immortal,char_farin,Farin,Farin,Farin,retired,Boardreader,no,no,listed_retired_immortal,2026_06_16_retired_immortals,MUME retired immortal list,in_game_retired_immortal_list,,view wizretired,List current as of 2026-06-16,444,Farin is listed as retired a Boardreader.,medium,candidate,Copied by Lewis. Includes Boardreaders and honorary True Legend entry for Norsu.
immortal_2026_06_16_retired_immortals_fastdanr_445_listed_retired_immortal,char_fastdanr,Fastdanr,Fastdanr,Fastdanr,retired,Boardreader,no,no,listed_retired_immortal,2026_06_16_retired_immortals,MUME retired immortal list,in_game_retired_immortal_list,,view wizretired,List current as of 2026-06-16,445,Fastdanr is listed as retired a Boardreader.,medium,candidate,Copied by Lewis. Includes Boardreaders and honorary True Legend entry for Norsu.
immortal_2026_06_16_retired_immortals_feagil_235_listed_retired_immortal,char_fëagil,Fëagil,Fëagil,Fëagil,retired,Maia,no,no,listed_retired_immortal,2026_06_16_retired_immortals,MUME retired immortal list,in_game_retired_immortal_list,,view wizretired,List current as of 2026-06-16,235,Fëagil is listed as retired a Maia.,medium,candidate,Copied by Lewis. Includes Boardreaders and honorary True Legend entry for Norsu.
immortal_2026_06_16_retired_immortals_feanor_50_listed_retired_immortal,char_fëanor,Fëanor,Fëanor,Fëanor,retired,Vala,no,no,listed_retired_immortal,2026_06_16_retired_immortals,MUME retired immortal list,in_game_retired_immortal_list,,view wizretired,List current as of 2026-06-16,50,Fëanor is listed as retired a Vala.,medium,candidate,Copied by Lewis. Includes Boardreaders and honorary True Legend entry for Norsu.
immortal_2026_06_16_retired_immortals_fed_446_listed_retired_immortal,char_fed,Fed,Fed,Fed,retired,Boardreader,no,no,listed_retired_immortal,2026_06_16_retired_immortals,MUME retired immortal list,in_game_retired_immortal_list,,view wizretired,List current as of 2026-06-16,446,Fed is listed as retired a Boardreader.,medium,candidate,Copied by Lewis. Includes Boardreaders and honorary True Legend entry for Norsu.
immortal_2026_06_16_retired_immortals_felbad_447_listed_retired_immortal,char_felbad,Felbad,Felbad,Felbad,retired,Boardreader,no,no,listed_retired_immortal,2026_06_16_retired_immortals,MUME retired immortal list,in_game_retired_immortal_list,,view wizretired,List current as of 2026-06-16,447,Felbad is listed as retired a Boardreader.,medium,candidate,Copied by Lewis. Includes Boardreaders and honorary True Legend entry for Norsu.
immortal_2026_06_16_retired_immortals_fenderjaguar_448_listed_retired_immortal,char_fenderjaguar,Fenderjaguar,Fenderjaguar,Fenderjaguar,retired,Boardreader,no,no,listed_retired_immortal,2026_06_16_retired_immortals,MUME retired immortal list,in_game_retired_immortal_list,,view wizretired,List current as of 2026-06-16,448,Fenderjaguar is listed as retired a Boardreader.,medium,candidate,Copied by Lewis. Includes Boardreaders and honorary True Legend entry for Norsu.
immortal_2026_06_16_retired_immortals_fenrir_449_listed_retired_immortal,char_fènrir,Fènrir,Fènrir,Fènrir,retired,Boardreader,no,no,listed_retired_immortal,2026_06_16_retired_immortals,MUME retired immortal list,in_game_retired_immortal_list,,view wizretired,List current as of 2026-06-16,449,Fènrir is listed as retired a Boardreader.,medium,candidate,Copied by Lewis. Includes Boardreaders and honorary True Legend entry for Norsu.
immortal_2026_06_16_retired_immortals_feon_450_listed_retired_immortal,char_feon,Feon,Feon,Feon,retired,Boardreader,no,no,listed_retired_immortal,2026_06_16_retired_immortals,MUME retired immortal list,in_game_retired_immortal_list,,view wizretired,List current as of 2026-06-16,450,Feon is listed as retired a Boardreader.,medium,candidate,Copied by Lewis. Includes Boardreaders and honorary True Legend entry for Norsu.
immortal_2026_06_16_retired_immortals_ferguson_451_listed_retired_immortal,char_ferguson,Ferguson,Ferguson,Ferguson,retired,Boardreader,no,no,listed_retired_immortal,2026_06_16_retired_immortals,MUME retired immortal list,in_game_retired_immortal_list,,view wizretired,List current as of 2026-06-16,451,Ferguson is listed as retired a Boardreader.,medium,candidate,Copied by Lewis. Includes Boardreaders and honorary True Legend entry for Norsu.
immortal_2026_06_16_retired_immortals_feri_452_listed_retired_immortal,char_feri,Feri,Feri,Feri,retired,Boardreader,no,no,listed_retired_immortal,2026_06_16_retired_immortals,MUME retired immortal list,in_game_retired_immortal_list,,view wizretired,List current as of 2026-06-16,452,Feri is listed as retired a Boardreader.,medium,candidate,Copied by Lewis. Includes Boardreaders and honorary True Legend entry for Norsu.
immortal_2026_06_16_retired_immortals_ferumbras_71_listed_retired_immortal,char_ferumbras,Ferumbras,Ferumbras,Ferumbras,retired,Maia,no,no,listed_retired_immortal,2026_06_16_retired_immortals,MUME retired immortal list,in_game_retired_immortal_list,,view wizretired,List current as of 2026-06-16,71,Ferumbras is listed as retired a Maia.,medium,candidate,Copied by Lewis. Includes Boardreaders and honorary True Legend entry for Norsu.
immortal_2026_06_16_retired_immortals_fgiri_453_listed_retired_immortal,char_fgiri,Fgiri,Fgiri,Fgiri,retired,Boardreader,no,no,listed_retired_immortal,2026_06_16_retired_immortals,MUME retired immortal list,in_game_retired_immortal_list,,view wizretired,List current as of 2026-06-16,453,Fgiri is listed as retired a Boardreader.,medium,candidate,Copied by Lewis. Includes Boardreaders and honorary True Legend entry for Norsu.
immortal_2026_06_16_retired_immortals_fidel_454_listed_retired_immortal,char_fidel,Fidel,Fidel,Fidel,retired,Boardreader,no,no,listed_retired_immortal,2026_06_16_retired_immortals,MUME retired immortal list,in_game_retired_immortal_list,,view wizretired,List current as of 2026-06-16,454,Fidel is listed as retired a Boardreader.,medium,candidate,Copied by Lewis. Includes Boardreaders and honorary True Legend entry for Norsu.
immortal_2026_06_16_retired_immortals_fili_5_listed_retired_immortal,char_fili,Fili,Fili,Fili,retired,Aratar,no,no,listed_retired_immortal,2026_06_16_retired_immortals,MUME retired immortal list,in_game_retired_immortal_list,,view wizretired,List current as of 2026-06-16,5,Fili is listed as retired an Aratar.,medium,candidate,Copied by Lewis. Includes Boardreaders and honorary True Legend entry for Norsu.
immortal_2026_06_16_retired_immortals_filibert_455_listed_retired_immortal,char_filibert,Filibert,Filibert,Filibert,retired,Boardreader,no,no,listed_retired_immortal,2026_06_16_retired_immortals,MUME retired immortal list,in_game_retired_immortal_list,,view wizretired,List current as of 2026-06-16,455,Filibert is listed as retired a Boardreader.,medium,candidate,Copied by Lewis. Includes Boardreaders and honorary True Legend entry for Norsu.
immortal_2026_06_16_retired_immortals_filmus_236_listed_retired_immortal,char_filmus,Filmus,Filmus,Filmus,retired,Maia,no,no,listed_retired_immortal,2026_06_16_retired_immortals,MUME retired immortal list,in_game_retired_immortal_list,,view wizretired,List current as of 2026-06-16,236,Filmus is listed as retired a Maia.,medium,candidate,Copied by Lewis. Includes Boardreaders and honorary True Legend entry for Norsu.
immortal_2026_06_16_retired_immortals_findor_456_listed_retired_immortal,char_findor,Findor,Findor,Findor,retired,Boardreader,no,no,listed_retired_immortal,2026_06_16_retired_immortals,MUME retired immortal list,in_game_retired_immortal_list,,view wizretired,List current as of 2026-06-16,456,Findor is listed as retired a Boardreader.,medium,candidate,Copied by Lewis. Includes Boardreaders and honorary True Legend entry for Norsu.
immortal_2026_06_16_retired_immortals_fint_457_listed_retired_immortal,char_fint,Fint,Fint,Fint,retired,Boardreader,no,no,listed_retired_immortal,2026_06_16_retired_immortals,MUME retired immortal list,in_game_retired_immortal_list,,view wizretired,List current as of 2026-06-16,457,Fint is listed as retired a Boardreader.,medium,candidate,Copied by Lewis. Includes Boardreaders and honorary True Legend entry for Norsu.
immortal_2026_06_16_current_immortals_finwe_34_listed_current_immortal,char_finwë,Finwë,Finwë,Finwë,current,Maia,no,no,listed_current_immortal,2026_06_16_current_immortals,MUME current immortal list,in_game_immortal_list,,view wizlist,List current as of 2026-06-16,34,Finwë is listed as current a Maia.,medium,candidate,Copied by Lewis. (+m) means the immortal is also a Maiar Muddler / muddle code contributor.
immortal_2026_06_16_retired_immortals_fionwe_458_listed_retired_immortal,char_fionwë,Fionwë,Fionwë,Fionwë,retired,Boardreader,no,no,listed_retired_immortal,2026_06_16_retired_immortals,MUME retired immortal list,in_game_retired_immortal_list,,view wizretired,List current as of 2026-06-16,458,Fionwë is listed as retired a Boardreader.,medium,candidate,Copied by Lewis. Includes Boardreaders and honorary True Legend entry for Norsu.
immortal_2026_06_16_retired_immortals_firebolt_237_listed_retired_immortal,char_firebolt,Firebolt,Firebolt,Firebolt,retired,Maia,no,no,listed_retired_immortal,2026_06_16_retired_immortals,MUME retired immortal list,in_game_retired_immortal_list,,view wizretired,List current as of 2026-06-16,237,Firebolt is listed as retired a Maia.,medium,candidate,Copied by Lewis. Includes Boardreaders and honorary True Legend entry for Norsu.
immortal_2026_06_16_retired_immortals_flash_459_listed_retired_immortal,char_flash,Flash,Flash,Flash,retired,Boardreader,no,no,listed_retired_immortal,2026_06_16_retired_immortals,MUME retired immortal list,in_game_retired_immortal_list,,view wizretired,List current as of 2026-06-16,459,Flash is listed as retired a Boardreader.,medium,candidate,Copied by Lewis. Includes Boardreaders and honorary True Legend entry for Norsu.
immortal_2026_06_16_retired_immortals_fluk_460_listed_retired_immortal,char_fluk,Fluk,Fluk,Fluk,retired,Boardreader,no,no,listed_retired_immortal,2026_06_16_retired_immortals,MUME retired immortal list,in_game_retired_immortal_list,,view wizretired,List current as of 2026-06-16,460,Fluk is listed as retired a Boardreader.,medium,candidate,Copied by Lewis. Includes Boardreaders and honorary True Legend entry for Norsu.
immortal_2026_06_16_retired_immortals_fog_185_listed_retired_immortal,char_fog,Fog,Fog,Fog,retired,Maia,no,no,listed_retired_immortal,2026_06_16_retired_immortals,MUME retired immortal list,in_game_retired_immortal_list,,view wizretired,List current as of 2026-06-16,185,Fog is listed as retired a Maia.,medium,candidate,Copied by Lewis. Includes Boardreaders and honorary True Legend entry for Norsu.
immortal_2026_06_16_retired_immortals_foin_103_listed_retired_immortal,char_foin,Foin,Foin,Foin,retired,Maia,no,no,listed_retired_immortal,2026_06_16_retired_immortals,MUME retired immortal list,in_game_retired_immortal_list,,view wizretired,List current as of 2026-06-16,103,Foin is listed as retired a Maia.,medium,candidate,Copied by Lewis. Includes Boardreaders and honorary True Legend entry for Norsu.
immortal_2026_06_16_retired_immortals_foobitz_238_listed_retired_immortal,char_foobitz,Foobitz,Foobitz,Foobitz,retired,Maia,no,no,listed_retired_immortal,2026_06_16_retired_immortals,MUME retired immortal list,in_game_retired_immortal_list,,view wizretired,List current as of 2026-06-16,238,Foobitz is listed as retired a Maia.,medium,candidate,Copied by Lewis. Includes Boardreaders and honorary True Legend entry for Norsu.
immortal_2026_06_16_current_immortals_force_14_listed_current_immortal,char_force,Force,Force,Force,current,Vala,no,no,listed_current_immortal,2026_06_16_current_immortals,MUME current immortal list,in_game_immortal_list,,view wizlist,List current as of 2026-06-16,14,Force is listed as current a Vala.,medium,candidate,Copied by Lewis. (+m) means the immortal is also a Maiar Muddler / muddle code contributor.
immortal_2026_06_16_retired_immortals_ford_461_listed_retired_immortal,char_ford,Ford,Ford,Ford,retired,Boardreader,no,no,listed_retired_immortal,2026_06_16_retired_immortals,MUME retired immortal list,in_game_retired_immortal_list,,view wizretired,List current as of 2026-06-16,461,Ford is listed as retired a Boardreader.,medium,candidate,Copied by Lewis. Includes Boardreaders and honorary True Legend entry for Norsu.
immortal_2026_06_16_retired_immortals_fornax_104_listed_retired_immortal,char_fornax,Fornax,Fornax,Fornax,retired,Maia,no,no,listed_retired_immortal,2026_06_16_retired_immortals,MUME retired immortal list,in_game_retired_immortal_list,,view wizretired,List current as of 2026-06-16,104,Fornax is listed as retired a Maia.,medium,candidate,Copied by Lewis. Includes Boardreaders and honorary True Legend entry for Norsu.
immortal_2026_06_16_retired_immortals_foroil_239_listed_retired_immortal,char_foroil,Foroil,Foroil,Foroil,retired,Maia,no,no,listed_retired_immortal,2026_06_16_retired_immortals,MUME retired immortal list,in_game_retired_immortal_list,,view wizretired,List current as of 2026-06-16,239,Foroil is listed as retired a Maia.,medium,candidate,Copied by Lewis. Includes Boardreaders and honorary True Legend entry for Norsu.
immortal_2026_06_16_retired_immortals_fredde_240_listed_retired_immortal,char_fredde,Fredde,Fredde,Fredde,retired,Maia,no,no,listed_retired_immortal,2026_06_16_retired_immortals,MUME retired immortal list,in_game_retired_immortal_list,,view wizretired,List current as of 2026-06-16,240,Fredde is listed as retired a Maia.,medium,candidate,Copied by Lewis. Includes Boardreaders and honorary True Legend entry for Norsu.
immortal_2026_06_16_retired_immortals_freedom_462_listed_retired_immortal,char_freedom,Freedom,Freedom,Freedom,retired,Boardreader,no,no,listed_retired_immortal,2026_06_16_retired_immortals,MUME retired immortal list,in_game_retired_immortal_list,,view wizretired,List current as of 2026-06-16,462,Freedom is listed as retired a Boardreader.,medium,candidate,Copied by Lewis. Includes Boardreaders and honorary True Legend entry for Norsu.
immortal_2026_06_16_retired_immortals_freeway_463_listed_retired_immortal,char_freeway,Freeway,Freeway,Freeway,retired,Boardreader,no,no,listed_retired_immortal,2026_06_16_retired_immortals,MUME retired immortal list,in_game_retired_immortal_list,,view wizretired,List current as of 2026-06-16,463,Freeway is listed as retired a Boardreader.,medium,candidate,Copied by Lewis. Includes Boardreaders and honorary True Legend entry for Norsu.
immortal_2026_06_16_retired_immortals_freyah_464_listed_retired_immortal,char_freyah,Freyah,Freyah,Freyah,retired,Boardreader,no,no,listed_retired_immortal,2026_06_16_retired_immortals,MUME retired immortal list,in_game_retired_immortal_list,,view wizretired,List current as of 2026-06-16,464,Freyah is listed as retired a Boardreader.,medium,candidate,Copied by Lewis. Includes Boardreaders and honorary True Legend entry for Norsu.
immortal_2026_06_16_retired_immortals_freyja_241_listed_retired_immortal,char_freyja,Freyja,Freyja,Freyja,retired,Maia,no,no,listed_retired_immortal,2026_06_16_retired_immortals,MUME retired immortal list,in_game_retired_immortal_list,,view wizretired,List current as of 2026-06-16,241,Freyja is listed as retired a Maia.,medium,candidate,Copied by Lewis. Includes Boardreaders and honorary True Legend entry for Norsu.
immortal_2026_06_16_retired_immortals_fron_465_listed_retired_immortal,char_fron,Fron,Fron,Fron,retired,Boardreader,no,no,listed_retired_immortal,2026_06_16_retired_immortals,MUME retired immortal list,in_game_retired_immortal_list,,view wizretired,List current as of 2026-06-16,465,Fron is listed as retired a Boardreader.,medium,candidate,Copied by Lewis. Includes Boardreaders and honorary True Legend entry for Norsu.
immortal_2026_06_16_current_immortals_fror_4_listed_current_immortal,char_frór,Frór,Frór,Frór,current,Aratar,no,no,listed_current_immortal,2026_06_16_current_immortals,MUME current immortal list,in_game_immortal_list,,view wizlist,List current as of 2026-06-16,4,Frór is listed as current an Aratar.,medium,candidate,Copied by Lewis. (+m) means the immortal is also a Maiar Muddler / muddle code contributor.
immortal_2026_06_16_retired_immortals_fumble_466_listed_retired_immortal,char_fumble,Fumble,Fumble,Fumble,retired,Boardreader,no,no,listed_retired_immortal,2026_06_16_retired_immortals,MUME retired immortal list,in_game_retired_immortal_list,,view wizretired,List current as of 2026-06-16,466,Fumble is listed as retired a Boardreader.,medium,candidate,Copied by Lewis. Includes Boardreaders and honorary True Legend entry for Norsu.
immortal_2026_06_16_retired_immortals_gablgin_467_listed_retired_immortal,char_gablgin,Gablgin,Gablgin,Gablgin,retired,Boardreader,no,no,listed_retired_immortal,2026_06_16_retired_immortals,MUME retired immortal list,in_game_retired_immortal_list,,view wizretired,List current as of 2026-06-16,467,Gablgin is listed as retired a Boardreader.,medium,candidate,Copied by Lewis. Includes Boardreaders and honorary True Legend entry for Norsu.
immortal_2026_06_16_retired_immortals_galaviel_468_listed_retired_immortal,char_galaviel,Galaviel,Galaviel,Galaviel,retired,Boardreader,no,no,listed_retired_immortal,2026_06_16_retired_immortals,MUME retired immortal list,in_game_retired_immortal_list,,view wizretired,List current as of 2026-06-16,468,Galaviel is listed as retired a Boardreader.,medium,candidate,Copied by Lewis. Includes Boardreaders and honorary True Legend entry for Norsu.
immortal_2026_06_16_retired_immortals_galen_51_listed_retired_immortal,char_galen,Galen,Galen,Galen,retired,Vala,no,no,listed_retired_immortal,2026_06_16_retired_immortals,MUME retired immortal list,in_game_retired_immortal_list,,view wizretired,List current as of 2026-06-16,51,Galen is listed as retired a Vala.,medium,candidate,Copied by Lewis. Includes Boardreaders and honorary True Legend entry for Norsu.
immortal_2026_06_16_current_immortals_gamor_35_listed_current_immortal,char_gamór,Gamór,Gamór,Gamór,current,Maia,yes,no,listed_current_immortal,2026_06_16_current_immortals,MUME current immortal list,in_game_immortal_list,,view wizlist,List current as of 2026-06-16,35,Gamór is listed as current a Maia. Maiar Muddler / code contributor marker present.,medium,candidate,Copied by Lewis. (+m) means the immortal is also a Maiar Muddler / muddle code contributor.
immortal_2026_06_16_retired_immortals_gandalug_469_listed_retired_immortal,char_gandalug,Gandalug,Gandalug,Gandalug,retired,Boardreader,no,no,listed_retired_immortal,2026_06_16_retired_immortals,MUME retired immortal list,in_game_retired_immortal_list,,view wizretired,List current as of 2026-06-16,469,Gandalug is listed as retired a Boardreader.,medium,candidate,Copied by Lewis. Includes Boardreaders and honorary True Legend entry for Norsu.
immortal_2026_06_16_retired_immortals_gathen_242_listed_retired_immortal,char_gathen,Gathen,Gathen,Gathen,retired,Maia,no,no,listed_retired_immortal,2026_06_16_retired_immortals,MUME retired immortal list,in_game_retired_immortal_list,,view wizretired,List current as of 2026-06-16,242,Gathen is listed as retired a Maia.,medium,candidate,Copied by Lewis. Includes Boardreaders and honorary True Legend entry for Norsu.
immortal_2026_06_16_retired_immortals_gattling_105_listed_retired_immortal,char_gattling,Gattling,Gattling,Gattling,retired,Maia,no,no,listed_retired_immortal,2026_06_16_retired_immortals,MUME retired immortal list,in_game_retired_immortal_list,,view wizretired,List current as of 2026-06-16,105,Gattling is listed as retired a Maia.,medium,candidate,Copied by Lewis. Includes Boardreaders and honorary True Legend entry for Norsu.
immortal_2026_06_16_retired_immortals_gaul_186_listed_retired_immortal,char_gaul,Gaul,Gaul,Gaul,retired,Maia,no,no,listed_retired_immortal,2026_06_16_retired_immortals,MUME retired immortal list,in_game_retired_immortal_list,,view wizretired,List current as of 2026-06-16,186,Gaul is listed as retired a Maia.,medium,candidate,Copied by Lewis. Includes Boardreaders and honorary True Legend entry for Norsu.
immortal_2026_06_16_retired_immortals_gauss_470_listed_retired_immortal,char_gauss,Gauss,Gauss,Gauss,retired,Boardreader,no,no,listed_retired_immortal,2026_06_16_retired_immortals,MUME retired immortal list,in_game_retired_immortal_list,,view wizretired,List current as of 2026-06-16,470,Gauss is listed as retired a Boardreader.,medium,candidate,Copied by Lewis. Includes Boardreaders and honorary True Legend entry for Norsu.
immortal_2026_06_16_retired_immortals_gawain_471_listed_retired_immortal,char_gawain,Gawain,Gawain,Gawain,retired,Boardreader,no,no,listed_retired_immortal,2026_06_16_retired_immortals,MUME retired immortal list,in_game_retired_immortal_list,,view wizretired,List current as of 2026-06-16,471,Gawain is listed as retired a Boardreader.,medium,candidate,Copied by Lewis. Includes Boardreaders and honorary True Legend entry for Norsu.
immortal_2026_06_16_retired_immortals_gefe_187_listed_retired_immortal,char_gefe,Gefe,Gefe,Gefe,retired,Maia,no,no,listed_retired_immortal,2026_06_16_retired_immortals,MUME retired immortal list,in_game_retired_immortal_list,,view wizretired,List current as of 2026-06-16,187,Gefe is listed as retired a Maia.,medium,candidate,Copied by Lewis. Includes Boardreaders and honorary True Legend entry for Norsu.
immortal_2026_06_16_retired_immortals_gehrman_472_listed_retired_immortal,char_gehrman,Gehrman,Gehrman,Gehrman,retired,Boardreader,no,no,listed_retired_immortal,2026_06_16_retired_immortals,MUME retired immortal list,in_game_retired_immortal_list,,view wizretired,List current as of 2026-06-16,472,Gehrman is listed as retired a Boardreader.,medium,candidate,Copied by Lewis. Includes Boardreaders and honorary True Legend entry for Norsu.
immortal_2026_06_16_retired_immortals_genbu_473_listed_retired_immortal,char_genbu,Genbu,Genbu,Genbu,retired,Boardreader,no,no,listed_retired_immortal,2026_06_16_retired_immortals,MUME retired immortal list,in_game_retired_immortal_list,,view wizretired,List current as of 2026-06-16,473,Genbu is listed as retired a Boardreader.,medium,candidate,Copied by Lewis. Includes Boardreaders and honorary True Legend entry for Norsu.
immortal_2026_06_16_retired_immortals_gertrude_106_listed_retired_immortal,char_gertrude,Gertrude,Gertrude,Gertrude,retired,Maia,no,no,listed_retired_immortal,2026_06_16_retired_immortals,MUME retired immortal list,in_game_retired_immortal_list,,view wizretired,List current as of 2026-06-16,106,Gertrude is listed as retired a Maia.,medium,candidate,Copied by Lewis. Includes Boardreaders and honorary True Legend entry for Norsu.
immortal_2026_06_16_retired_immortals_gevald_474_listed_retired_immortal,char_gevald,Gevald,Gevald,Gevald,retired,Boardreader,no,no,listed_retired_immortal,2026_06_16_retired_immortals,MUME retired immortal list,in_game_retired_immortal_list,,view wizretired,List current as of 2026-06-16,474,Gevald is listed as retired a Boardreader.,medium,candidate,Copied by Lewis. Includes Boardreaders and honorary True Legend entry for Norsu.
immortal_2026_06_16_retired_immortals_ghostly_52_listed_retired_immortal,char_ghostly,Ghostly,Ghostly,Ghostly,retired,Vala,no,no,listed_retired_immortal,2026_06_16_retired_immortals,MUME retired immortal list,in_game_retired_immortal_list,,view wizretired,List current as of 2026-06-16,52,Ghostly is listed as retired a Vala.,medium,candidate,Copied by Lewis. Includes Boardreaders and honorary True Legend entry for Norsu.
immortal_2026_06_16_retired_immortals_ghrym_475_listed_retired_immortal,char_ghrym,Ghrym,Ghrym,Ghrym,retired,Boardreader,no,no,listed_retired_immortal,2026_06_16_retired_immortals,MUME retired immortal list,in_game_retired_immortal_list,,view wizretired,List current as of 2026-06-16,475,Ghrym is listed as retired a Boardreader.,medium,candidate,Copied by Lewis. Includes Boardreaders and honorary True Legend entry for Norsu.
immortal_2026_06_16_retired_immortals_gilgala_107_listed_retired_immortal,char_gilgala,Gilgala,Gilgala,Gilgala,retired,Maia,no,no,listed_retired_immortal,2026_06_16_retired_immortals,MUME retired immortal list,in_game_retired_immortal_list,,view wizretired,List current as of 2026-06-16,107,Gilgala is listed as retired a Maia.,medium,candidate,Copied by Lewis. Includes Boardreaders and honorary True Legend entry for Norsu.
immortal_2026_06_16_retired_immortals_gili_476_listed_retired_immortal,char_gili,Gili,Gili,Gili,retired,Boardreader,no,no,listed_retired_immortal,2026_06_16_retired_immortals,MUME retired immortal list,in_game_retired_immortal_list,,view wizretired,List current as of 2026-06-16,476,Gili is listed as retired a Boardreader.,medium,candidate,Copied by Lewis. Includes Boardreaders and honorary True Legend entry for Norsu.
immortal_2026_06_16_retired_immortals_gilthanas_477_listed_retired_immortal,char_gilthanas,Gilthanas,Gilthanas,Gilthanas,retired,Boardreader,no,no,listed_retired_immortal,2026_06_16_retired_immortals,MUME retired immortal list,in_game_retired_immortal_list,,view wizretired,List current as of 2026-06-16,477,Gilthanas is listed as retired a Boardreader.,medium,candidate,Copied by Lewis. Includes Boardreaders and honorary True Legend entry for Norsu.
immortal_2026_06_16_retired_immortals_gnomette_243_listed_retired_immortal,char_gnomette,Gnomette,Gnomette,Gnomette,retired,Maia,no,no,listed_retired_immortal,2026_06_16_retired_immortals,MUME retired immortal list,in_game_retired_immortal_list,,view wizretired,List current as of 2026-06-16,243,Gnomette is listed as retired a Maia.,medium,candidate,Copied by Lewis. Includes Boardreaders and honorary True Legend entry for Norsu.
immortal_2026_06_16_retired_immortals_gomtuu_478_listed_retired_immortal,char_gomtuu,Gomtuu,Gomtuu,Gomtuu,retired,Boardreader,no,no,listed_retired_immortal,2026_06_16_retired_immortals,MUME retired immortal list,in_game_retired_immortal_list,,view wizretired,List current as of 2026-06-16,478,Gomtuu is listed as retired a Boardreader.,medium,candidate,Copied by Lewis. Includes Boardreaders and honorary True Legend entry for Norsu.
immortal_2026_06_16_retired_immortals_gonfor_108_listed_retired_immortal,char_gonfor,Gonfor,Gonfor,Gonfor,retired,Maia,no,no,listed_retired_immortal,2026_06_16_retired_immortals,MUME retired immortal list,in_game_retired_immortal_list,,view wizretired,List current as of 2026-06-16,108,Gonfor is listed as retired a Maia.,medium,candidate,Copied by Lewis. Includes Boardreaders and honorary True Legend entry for Norsu.
immortal_2026_06_16_retired_immortals_good_109_listed_retired_immortal,char_good,Good,Good,Good,retired,Maia,no,no,listed_retired_immortal,2026_06_16_retired_immortals,MUME retired immortal list,in_game_retired_immortal_list,,view wizretired,List current as of 2026-06-16,109,Good is listed as retired a Maia.,medium,candidate,Copied by Lewis. Includes Boardreaders and honorary True Legend entry for Norsu.
immortal_2026_06_16_retired_immortals_gordanin_479_listed_retired_immortal,char_gordanin,Gordanin,Gordanin,Gordanin,retired,Boardreader,no,no,listed_retired_immortal,2026_06_16_retired_immortals,MUME retired immortal list,in_game_retired_immortal_list,,view wizretired,List current as of 2026-06-16,479,Gordanin is listed as retired a Boardreader.,medium,candidate,Copied by Lewis. Includes Boardreaders and honorary True Legend entry for Norsu.
immortal_2026_06_16_retired_immortals_gorefang_480_listed_retired_immortal,char_gorefang,Gorefang,Gorefang,Gorefang,retired,Boardreader,no,no,listed_retired_immortal,2026_06_16_retired_immortals,MUME retired immortal list,in_game_retired_immortal_list,,view wizretired,List current as of 2026-06-16,480,Gorefang is listed as retired a Boardreader.,medium,candidate,Copied by Lewis. Includes Boardreaders and honorary True Legend entry for Norsu.
immortal_2026_06_16_retired_immortals_gorth_481_listed_retired_immortal,char_gorth,Gorth,Gorth,Gorth,retired,Boardreader,no,no,listed_retired_immortal,2026_06_16_retired_immortals,MUME retired immortal list,in_game_retired_immortal_list,,view wizretired,List current as of 2026-06-16,481,Gorth is listed as retired a Boardreader.,medium,candidate,Copied by Lewis. Includes Boardreaders and honorary True Legend entry for Norsu.
immortal_2026_06_16_retired_immortals_gothmog_23_listed_retired_immortal,char_gothmog,Gothmog,Gothmog,Gothmog,retired,Vala,no,no,listed_retired_immortal,2026_06_16_retired_immortals,MUME retired immortal list,in_game_retired_immortal_list,,view wizretired,List current as of 2026-06-16,23,Gothmog is listed as retired a Vala.,medium,candidate,Copied by Lewis. Includes Boardreaders and honorary True Legend entry for Norsu.
immortal_2026_06_16_current_immortals_gothurzaz_71_listed_current_immortal,char_gothûrzaz,Gothûrzaz,Gothûrzaz,Gothûrzaz,current,Maia,no,no,listed_current_immortal,2026_06_16_current_immortals,MUME current immortal list,in_game_immortal_list,,view wizlist,List current as of 2026-06-16,71,Gothûrzaz is listed as current a Maia.,medium,candidate,Copied by Lewis. (+m) means the immortal is also a Maiar Muddler / muddle code contributor.
immortal_2026_06_16_retired_immortals_gozer_482_listed_retired_immortal,char_gozer,Gozer,Gozer,Gozer,retired,Boardreader,no,no,listed_retired_immortal,2026_06_16_retired_immortals,MUME retired immortal list,in_game_retired_immortal_list,,view wizretired,List current as of 2026-06-16,482,Gozer is listed as retired a Boardreader.,medium,candidate,Copied by Lewis. Includes Boardreaders and honorary True Legend entry for Norsu.
immortal_2026_06_16_current_immortals_graven_36_listed_current_immortal,char_graven,Graven,Graven,Graven,current,Maia,yes,no,listed_current_immortal,2026_06_16_current_immortals,MUME current immortal list,in_game_immortal_list,,view wizlist,List current as of 2026-06-16,36,Graven is listed as current a Maia. Maiar Muddler / code contributor marker present.,medium,candidate,Copied by Lewis. (+m) means the immortal is also a Maiar Muddler / muddle code contributor.
immortal_2026_06_16_retired_immortals_grax_110_listed_retired_immortal,char_grax,Grax,Grax,Grax,retired,Maia,no,no,listed_retired_immortal,2026_06_16_retired_immortals,MUME retired immortal list,in_game_retired_immortal_list,,view wizretired,List current as of 2026-06-16,110,Grax is listed as retired a Maia.,medium,candidate,Copied by Lewis. Includes Boardreaders and honorary True Legend entry for Norsu.
immortal_2026_06_16_retired_immortals_grennif_483_listed_retired_immortal,char_grennif,Grennif,Grennif,Grennif,retired,Boardreader,no,no,listed_retired_immortal,2026_06_16_retired_immortals,MUME retired immortal list,in_game_retired_immortal_list,,view wizretired,List current as of 2026-06-16,483,Grennif is listed as retired a Boardreader.,medium,candidate,Copied by Lewis. Includes Boardreaders and honorary True Legend entry for Norsu.
immortal_2026_06_16_retired_immortals_grima_244_listed_retired_immortal,char_gríma,Gríma,Gríma,Gríma,retired,Maia,no,no,listed_retired_immortal,2026_06_16_retired_immortals,MUME retired immortal list,in_game_retired_immortal_list,,view wizretired,List current as of 2026-06-16,244,Gríma is listed as retired a Maia.,medium,candidate,Copied by Lewis. Includes Boardreaders and honorary True Legend entry for Norsu.
immortal_2026_06_16_retired_immortals_grimble_245_listed_retired_immortal,char_grimble,Grimble,Grimble,Grimble,retired,Maia,no,no,listed_retired_immortal,2026_06_16_retired_immortals,MUME retired immortal list,in_game_retired_immortal_list,,view wizretired,List current as of 2026-06-16,245,Grimble is listed as retired a Maia.,medium,candidate,Copied by Lewis. Includes Boardreaders and honorary True Legend entry for Norsu.
immortal_2026_06_16_retired_immortals_grin_484_listed_retired_immortal,char_grin,Grin,Grin,Grin,retired,Boardreader,no,no,listed_retired_immortal,2026_06_16_retired_immortals,MUME retired immortal list,in_game_retired_immortal_list,,view wizretired,List current as of 2026-06-16,484,Grin is listed as retired a Boardreader.,medium,candidate,Copied by Lewis. Includes Boardreaders and honorary True Legend entry for Norsu.
immortal_2026_06_16_retired_immortals_grizz_485_listed_retired_immortal,char_grizz,Grizz,Grizz,Grizz,retired,Boardreader,no,no,listed_retired_immortal,2026_06_16_retired_immortals,MUME retired immortal list,in_game_retired_immortal_list,,view wizretired,List current as of 2026-06-16,485,Grizz is listed as retired a Boardreader.,medium,candidate,Copied by Lewis. Includes Boardreaders and honorary True Legend entry for Norsu.
immortal_2026_06_16_retired_immortals_gruenthar_53_listed_retired_immortal,char_gruenthar,Gruenthar,Gruenthar,Gruenthar,retired,Vala,no,no,listed_retired_immortal,2026_06_16_retired_immortals,MUME retired immortal list,in_game_retired_immortal_list,,view wizretired,List current as of 2026-06-16,53,Gruenthar is listed as retired a Vala.,medium,candidate,Copied by Lewis. Includes Boardreaders and honorary True Legend entry for Norsu.
immortal_2026_06_16_retired_immortals_grumble_111_listed_retired_immortal,char_grumble,Grumble,Grumble,Grumble,retired,Maia,no,no,listed_retired_immortal,2026_06_16_retired_immortals,MUME retired immortal list,in_game_retired_immortal_list,,view wizretired,List current as of 2026-06-16,111,Grumble is listed as retired a Maia.,medium,candidate,Copied by Lewis. Includes Boardreaders and honorary True Legend entry for Norsu.
immortal_2026_06_16_retired_immortals_grung_486_listed_retired_immortal,char_grung,Grung,Grung,Grung,retired,Boardreader,no,no,listed_retired_immortal,2026_06_16_retired_immortals,MUME retired immortal list,in_game_retired_immortal_list,,view wizretired,List current as of 2026-06-16,486,Grung is listed as retired a Boardreader.,medium,candidate,Copied by Lewis. Includes Boardreaders and honorary True Legend entry for Norsu.
immortal_2026_06_16_retired_immortals_grunge_487_listed_retired_immortal,char_grunge,Grunge,Grunge,Grunge,retired,Boardreader,no,no,listed_retired_immortal,2026_06_16_retired_immortals,MUME retired immortal list,in_game_retired_immortal_list,,view wizretired,List current as of 2026-06-16,487,Grunge is listed as retired a Boardreader.,medium,candidate,Copied by Lewis. Includes Boardreaders and honorary True Legend entry for Norsu.
immortal_2026_06_16_retired_immortals_gruumph_488_listed_retired_immortal,char_gruumph,Gruumph,Gruumph,Gruumph,retired,Boardreader,no,no,listed_retired_immortal,2026_06_16_retired_immortals,MUME retired immortal list,in_game_retired_immortal_list,,view wizretired,List current as of 2026-06-16,488,Gruumph is listed as retired a Boardreader.,medium,candidate,Copied by Lewis. Includes Boardreaders and honorary True Legend entry for Norsu.
immortal_2026_06_16_retired_immortals_guilin_489_listed_retired_immortal,char_guilin,Guilin,Guilin,Guilin,retired,Boardreader,no,no,listed_retired_immortal,2026_06_16_retired_immortals,MUME retired immortal list,in_game_retired_immortal_list,,view wizretired,List current as of 2026-06-16,489,Guilin is listed as retired a Boardreader.,medium,candidate,Copied by Lewis. Includes Boardreaders and honorary True Legend entry for Norsu.
immortal_2026_06_16_retired_immortals_guzzi_490_listed_retired_immortal,char_guzzi,Guzzi,Guzzi,Guzzi,retired,Boardreader,no,no,listed_retired_immortal,2026_06_16_retired_immortals,MUME retired immortal list,in_game_retired_immortal_list,,view wizretired,List current as of 2026-06-16,490,Guzzi is listed as retired a Boardreader.,medium,candidate,Copied by Lewis. Includes Boardreaders and honorary True Legend entry for Norsu.
immortal_2026_06_16_retired_immortals_gwaywffon_188_listed_retired_immortal,char_gwaywffon,Gwaywffon,Gwaywffon,Gwaywffon,retired,Maia,no,no,listed_retired_immortal,2026_06_16_retired_immortals,MUME retired immortal list,in_game_retired_immortal_list,,view wizretired,List current as of 2026-06-16,188,Gwaywffon is listed as retired a Maia.,medium,candidate,Copied by Lewis. Includes Boardreaders and honorary True Legend entry for Norsu.
immortal_2026_06_16_retired_immortals_gwen_491_listed_retired_immortal,char_gwen,Gwen,Gwen,Gwen,retired,Boardreader,no,no,listed_retired_immortal,2026_06_16_retired_immortals,MUME retired immortal list,in_game_retired_immortal_list,,view wizretired,List current as of 2026-06-16,491,Gwen is listed as retired a Boardreader.,medium,candidate,Copied by Lewis. Includes Boardreaders and honorary True Legend entry for Norsu.
immortal_2026_06_16_retired_immortals_gwendolyn_492_listed_retired_immortal,char_gwendolyn,Gwendolyn,Gwendolyn,Gwendolyn,retired,Boardreader,no,no,listed_retired_immortal,2026_06_16_retired_immortals,MUME retired immortal list,in_game_retired_immortal_list,,view wizretired,List current as of 2026-06-16,492,Gwendolyn is listed as retired a Boardreader.,medium,candidate,Copied by Lewis. Includes Boardreaders and honorary True Legend entry for Norsu.
immortal_2026_06_16_retired_immortals_haelon_493_listed_retired_immortal,char_haelon,Haelon,Haelon,Haelon,retired,Boardreader,no,no,listed_retired_immortal,2026_06_16_retired_immortals,MUME retired immortal list,in_game_retired_immortal_list,,view wizretired,List current as of 2026-06-16,493,Haelon is listed as retired a Boardreader.,medium,candidate,Copied by Lewis. Includes Boardreaders and honorary True Legend entry for Norsu.
immortal_2026_06_16_retired_immortals_hail_494_listed_retired_immortal,char_hail,Hail,Hail,Hail,retired,Boardreader,no,no,listed_retired_immortal,2026_06_16_retired_immortals,MUME retired immortal list,in_game_retired_immortal_list,,view wizretired,List current as of 2026-06-16,494,Hail is listed as retired a Boardreader.,medium,candidate,Copied by Lewis. Includes Boardreaders and honorary True Legend entry for Norsu.
immortal_2026_06_16_retired_immortals_halal_495_listed_retired_immortal,char_halal,Halal,Halal,Halal,retired,Boardreader,no,no,listed_retired_immortal,2026_06_16_retired_immortals,MUME retired immortal list,in_game_retired_immortal_list,,view wizretired,List current as of 2026-06-16,495,Halal is listed as retired a Boardreader.,medium,candidate,Copied by Lewis. Includes Boardreaders and honorary True Legend entry for Norsu.
immortal_2026_06_16_retired_immortals_hambag_496_listed_retired_immortal,char_hambag,Hambag,Hambag,Hambag,retired,Boardreader,no,no,listed_retired_immortal,2026_06_16_retired_immortals,MUME retired immortal list,in_game_retired_immortal_list,,view wizretired,List current as of 2026-06-16,496,Hambag is listed as retired a Boardreader.,medium,candidate,Copied by Lewis. Includes Boardreaders and honorary True Legend entry for Norsu.
immortal_2026_06_16_current_immortals_hanne_72_listed_current_immortal,char_hanne,Hanne,Hanne,Hanne,current,Maia,no,no,listed_current_immortal,2026_06_16_current_immortals,MUME current immortal list,in_game_immortal_list,,view wizlist,List current as of 2026-06-16,72,Hanne is listed as current a Maia.,medium,candidate,Copied by Lewis. (+m) means the immortal is also a Maiar Muddler / muddle code contributor.
immortal_2026_06_16_retired_immortals_hanse_246_listed_retired_immortal,char_hanse,Hanse,Hanse,Hanse,retired,Maia,no,no,listed_retired_immortal,2026_06_16_retired_immortals,MUME retired immortal list,in_game_retired_immortal_list,,view wizretired,List current as of 2026-06-16,246,Hanse is listed as retired a Maia.,medium,candidate,Copied by Lewis. Includes Boardreaders and honorary True Legend entry for Norsu.
immortal_2026_06_16_retired_immortals_harad_112_listed_retired_immortal,char_harad,Harad,Harad,Harad,retired,Maia,no,no,listed_retired_immortal,2026_06_16_retired_immortals,MUME retired immortal list,in_game_retired_immortal_list,,view wizretired,List current as of 2026-06-16,112,Harad is listed as retired a Maia.,medium,candidate,Copied by Lewis. Includes Boardreaders and honorary True Legend entry for Norsu.
immortal_2026_06_16_retired_immortals_harco_497_listed_retired_immortal,char_harco,Harco,Harco,Harco,retired,Boardreader,no,no,listed_retired_immortal,2026_06_16_retired_immortals,MUME retired immortal list,in_game_retired_immortal_list,,view wizretired,List current as of 2026-06-16,497,Harco is listed as retired a Boardreader.,medium,candidate,Copied by Lewis. Includes Boardreaders and honorary True Legend entry for Norsu.
immortal_2026_06_16_retired_immortals_heigo_498_listed_retired_immortal,char_heigo,Heigo,Heigo,Heigo,retired,Boardreader,no,no,listed_retired_immortal,2026_06_16_retired_immortals,MUME retired immortal list,in_game_retired_immortal_list,,view wizretired,List current as of 2026-06-16,498,Heigo is listed as retired a Boardreader.,medium,candidate,Copied by Lewis. Includes Boardreaders and honorary True Legend entry for Norsu.
immortal_2026_06_16_retired_immortals_helene_113_listed_retired_immortal,char_helene,Helene,Helene,Helene,retired,Maia,no,no,listed_retired_immortal,2026_06_16_retired_immortals,MUME retired immortal list,in_game_retired_immortal_list,,view wizretired,List current as of 2026-06-16,113,Helene is listed as retired a Maia.,medium,candidate,Copied by Lewis. Includes Boardreaders and honorary True Legend entry for Norsu.
immortal_2026_06_16_retired_immortals_helevorn_72_listed_retired_immortal,char_helevorn,Helevorn,Helevorn,Helevorn,retired,Maia,no,no,listed_retired_immortal,2026_06_16_retired_immortals,MUME retired immortal list,in_game_retired_immortal_list,,view wizretired,List current as of 2026-06-16,72,Helevorn is listed as retired a Maia.,medium,candidate,Copied by Lewis. Includes Boardreaders and honorary True Legend entry for Norsu.
immortal_2026_06_16_current_immortals_helluin_73_listed_current_immortal,char_helluin,Helluin,Helluin,Helluin,current,Maia,no,no,listed_current_immortal,2026_06_16_current_immortals,MUME current immortal list,in_game_immortal_list,,view wizlist,List current as of 2026-06-16,73,Helluin is listed as current a Maia.,medium,candidate,Copied by Lewis. (+m) means the immortal is also a Maiar Muddler / muddle code contributor.
immortal_2026_06_16_retired_immortals_helmuta_499_listed_retired_immortal,char_helmuta,Helmuta,Helmuta,Helmuta,retired,Boardreader,no,no,listed_retired_immortal,2026_06_16_retired_immortals,MUME retired immortal list,in_game_retired_immortal_list,,view wizretired,List current as of 2026-06-16,499,Helmuta is listed as retired a Boardreader.,medium,candidate,Copied by Lewis. Includes Boardreaders and honorary True Legend entry for Norsu.
immortal_2026_06_16_retired_immortals_hermatic_500_listed_retired_immortal,char_hermatic,Hermatic,Hermatic,Hermatic,retired,Boardreader,no,no,listed_retired_immortal,2026_06_16_retired_immortals,MUME retired immortal list,in_game_retired_immortal_list,,view wizretired,List current as of 2026-06-16,500,Hermatic is listed as retired a Boardreader.,medium,candidate,Copied by Lewis. Includes Boardreaders and honorary True Legend entry for Norsu.
immortal_2026_06_16_retired_immortals_highlander_501_listed_retired_immortal,char_highlander,Highlander,Highlander,Highlander,retired,Boardreader,no,no,listed_retired_immortal,2026_06_16_retired_immortals,MUME retired immortal list,in_game_retired_immortal_list,,view wizretired,List current as of 2026-06-16,501,Highlander is listed as retired a Boardreader.,medium,candidate,Copied by Lewis. Includes Boardreaders and honorary True Legend entry for Norsu.
immortal_2026_06_16_retired_immortals_hillar_502_listed_retired_immortal,char_hillar,Hillar,Hillar,Hillar,retired,Boardreader,no,no,listed_retired_immortal,2026_06_16_retired_immortals,MUME retired immortal list,in_game_retired_immortal_list,,view wizretired,List current as of 2026-06-16,502,Hillar is listed as retired a Boardreader.,medium,candidate,Copied by Lewis. Includes Boardreaders and honorary True Legend entry for Norsu.
immortal_2026_06_16_retired_immortals_hobbi_114_listed_retired_immortal,char_hobbi,Hobbi,Hobbi,Hobbi,retired,Maia,no,no,listed_retired_immortal,2026_06_16_retired_immortals,MUME retired immortal list,in_game_retired_immortal_list,,view wizretired,List current as of 2026-06-16,114,Hobbi is listed as retired a Maia.,medium,candidate,Copied by Lewis. Includes Boardreaders and honorary True Legend entry for Norsu.
immortal_2026_06_16_current_immortals_hobit_74_listed_current_immortal,char_hobit,Hobit,Hobit,Hobit,current,Maia,no,no,listed_current_immortal,2026_06_16_current_immortals,MUME current immortal list,in_game_immortal_list,,view wizlist,List current as of 2026-06-16,74,Hobit is listed as current a Maia.,medium,candidate,Copied by Lewis. (+m) means the immortal is also a Maiar Muddler / muddle code contributor.
immortal_2026_06_16_retired_immortals_hoho_247_listed_retired_immortal,char_hoho,Hoho,Hoho,Hoho,retired,Maia,no,no,listed_retired_immortal,2026_06_16_retired_immortals,MUME retired immortal list,in_game_retired_immortal_list,,view wizretired,List current as of 2026-06-16,247,Hoho is listed as retired a Maia.,medium,candidate,Copied by Lewis. Includes Boardreaders and honorary True Legend entry for Norsu.
immortal_2026_06_16_retired_immortals_holma_503_listed_retired_immortal,char_holma,Holma,Holma,Holma,retired,Boardreader,no,no,listed_retired_immortal,2026_06_16_retired_immortals,MUME retired immortal list,in_game_retired_immortal_list,,view wizretired,List current as of 2026-06-16,503,Holma is listed as retired a Boardreader.,medium,candidate,Copied by Lewis. Includes Boardreaders and honorary True Legend entry for Norsu.
immortal_2026_06_16_current_immortals_hoosier_75_listed_current_immortal,char_hoosier,Hoosier,Hoosier,Hoosier,current,Maia,no,no,listed_current_immortal,2026_06_16_current_immortals,MUME current immortal list,in_game_immortal_list,,view wizlist,List current as of 2026-06-16,75,Hoosier is listed as current a Maia.,medium,candidate,Copied by Lewis. (+m) means the immortal is also a Maiar Muddler / muddle code contributor.
immortal_2026_06_16_retired_immortals_hrym_504_listed_retired_immortal,char_hrym,Hrym,Hrym,Hrym,retired,Boardreader,no,no,listed_retired_immortal,2026_06_16_retired_immortals,MUME retired immortal list,in_game_retired_immortal_list,,view wizretired,List current as of 2026-06-16,504,Hrym is listed as retired a Boardreader.,medium,candidate,Copied by Lewis. Includes Boardreaders and honorary True Legend entry for Norsu.
immortal_2026_06_16_retired_immortals_huan_505_listed_retired_immortal,char_huan,Huan,Huan,Huan,retired,Boardreader,no,no,listed_retired_immortal,2026_06_16_retired_immortals,MUME retired immortal list,in_game_retired_immortal_list,,view wizretired,List current as of 2026-06-16,505,Huan is listed as retired a Boardreader.,medium,candidate,Copied by Lewis. Includes Boardreaders and honorary True Legend entry for Norsu.
immortal_2026_06_16_retired_immortals_humala_506_listed_retired_immortal,char_humala,Humala,Humala,Humala,retired,Boardreader,no,no,listed_retired_immortal,2026_06_16_retired_immortals,MUME retired immortal list,in_game_retired_immortal_list,,view wizretired,List current as of 2026-06-16,506,Humala is listed as retired a Boardreader.,medium,candidate,Copied by Lewis. Includes Boardreaders and honorary True Legend entry for Norsu.
immortal_2026_06_16_retired_immortals_humpty_507_listed_retired_immortal,char_humpty,Humpty,Humpty,Humpty,retired,Boardreader,no,no,listed_retired_immortal,2026_06_16_retired_immortals,MUME retired immortal list,in_game_retired_immortal_list,,view wizretired,List current as of 2026-06-16,507,Humpty is listed as retired a Boardreader.,medium,candidate,Copied by Lewis. Includes Boardreaders and honorary True Legend entry for Norsu.
immortal_2026_06_16_retired_immortals_hurin_508_listed_retired_immortal,char_húrin,Húrin,Húrin,Húrin,retired,Boardreader,no,no,listed_retired_immortal,2026_06_16_retired_immortals,MUME retired immortal list,in_game_retired_immortal_list,,view wizretired,List current as of 2026-06-16,508,Húrin is listed as retired a Boardreader.,medium,candidate,Copied by Lewis. Includes Boardreaders and honorary True Legend entry for Norsu.
immortal_2026_06_16_retired_immortals_huron_509_listed_retired_immortal,char_huron,Huron,Huron,Huron,retired,Boardreader,no,no,listed_retired_immortal,2026_06_16_retired_immortals,MUME retired immortal list,in_game_retired_immortal_list,,view wizretired,List current as of 2026-06-16,509,Huron is listed as retired a Boardreader.,medium,candidate,Copied by Lewis. Includes Boardreaders and honorary True Legend entry for Norsu.
immortal_2026_06_16_retired_immortals_hza_248_listed_retired_immortal,char_hza,Hza,Hza,Hza,retired,Maia,no,no,listed_retired_immortal,2026_06_16_retired_immortals,MUME retired immortal list,in_game_retired_immortal_list,,view wizretired,List current as of 2026-06-16,248,Hza is listed as retired a Maia.,medium,candidate,Copied by Lewis. Includes Boardreaders and honorary True Legend entry for Norsu.
immortal_2026_06_16_retired_immortals_idle_510_listed_retired_immortal,char_idle,Idle,Idle,Idle,retired,Boardreader,no,no,listed_retired_immortal,2026_06_16_retired_immortals,MUME retired immortal list,in_game_retired_immortal_list,,view wizretired,List current as of 2026-06-16,510,Idle is listed as retired a Boardreader.,medium,candidate,Copied by Lewis. Includes Boardreaders and honorary True Legend entry for Norsu.
immortal_2026_06_16_retired_immortals_ilie_6_listed_retired_immortal,char_ilie,Ilie,Ilie,Ilie,retired,Aratar,no,no,listed_retired_immortal,2026_06_16_retired_immortals,MUME retired immortal list,in_game_retired_immortal_list,,view wizretired,List current as of 2026-06-16,6,Ilie is listed as retired an Aratar.,medium,candidate,Copied by Lewis. Includes Boardreaders and honorary True Legend entry for Norsu.
immortal_2026_06_16_retired_immortals_illuen_511_listed_retired_immortal,char_illüen,Illüen,Illüen,Illüen,retired,Boardreader,no,no,listed_retired_immortal,2026_06_16_retired_immortals,MUME retired immortal list,in_game_retired_immortal_list,,view wizretired,List current as of 2026-06-16,511,Illüen is listed as retired a Boardreader.,medium,candidate,Copied by Lewis. Includes Boardreaders and honorary True Legend entry for Norsu.
immortal_2026_06_16_retired_immortals_illwe_512_listed_retired_immortal,char_illwe,Illwe,Illwe,Illwe,retired,Boardreader,no,no,listed_retired_immortal,2026_06_16_retired_immortals,MUME retired immortal list,in_game_retired_immortal_list,,view wizretired,List current as of 2026-06-16,512,Illwe is listed as retired a Boardreader.,medium,candidate,Copied by Lewis. Includes Boardreaders and honorary True Legend entry for Norsu.
immortal_2026_06_16_retired_immortals_iluvator_249_listed_retired_immortal,char_iluvator,Iluvator,Iluvator,Iluvator,retired,Maia,no,no,listed_retired_immortal,2026_06_16_retired_immortals,MUME retired immortal list,in_game_retired_immortal_list,,view wizretired,List current as of 2026-06-16,249,Iluvator is listed as retired a Maia.,medium,candidate,Copied by Lewis. Includes Boardreaders and honorary True Legend entry for Norsu.
immortal_2026_06_16_current_immortals_imago_5_listed_current_immortal,char_imago,Imago,Imago,Imago,current,Aratar,no,no,listed_current_immortal,2026_06_16_current_immortals,MUME current immortal list,in_game_immortal_list,,view wizlist,List current as of 2026-06-16,5,Imago is listed as current an Aratar.,medium,candidate,Copied by Lewis. (+m) means the immortal is also a Maiar Muddler / muddle code contributor.
immortal_2026_06_16_current_immortals_imatin_52_listed_current_immortal,char_imatin,Imatin,Imatin,Imatin,current,Maia,no,no,listed_current_immortal,2026_06_16_current_immortals,MUME current immortal list,in_game_immortal_list,,view wizlist,List current as of 2026-06-16,52,Imatin is listed as current a Maia.,medium,candidate,Copied by Lewis. (+m) means the immortal is also a Maiar Muddler / muddle code contributor.
immortal_2026_06_16_retired_immortals_imrahil_513_listed_retired_immortal,char_imrahil,Imrahil,Imrahil,Imrahil,retired,Boardreader,no,no,listed_retired_immortal,2026_06_16_retired_immortals,MUME retired immortal list,in_game_retired_immortal_list,,view wizretired,List current as of 2026-06-16,513,Imrahil is listed as retired a Boardreader.,medium,candidate,Copied by Lewis. Includes Boardreaders and honorary True Legend entry for Norsu.
immortal_2026_06_16_retired_immortals_incanus_24_listed_retired_immortal,char_incánus,Incánus,Incánus,Incánus,retired,Vala,no,no,listed_retired_immortal,2026_06_16_retired_immortals,MUME retired immortal list,in_game_retired_immortal_list,,view wizretired,List current as of 2026-06-16,24,Incánus is listed as retired a Vala.,medium,candidate,Copied by Lewis. Includes Boardreaders and honorary True Legend entry for Norsu.
immortal_2026_06_16_current_immortals_indigo_21_listed_current_immortal,char_indigo,Indigo,Indigo,Indigo,current,Maia,no,no,listed_current_immortal,2026_06_16_current_immortals,MUME current immortal list,in_game_immortal_list,,view wizlist,List current as of 2026-06-16,21,Indigo is listed as current a Maia.,medium,candidate,Copied by Lewis. (+m) means the immortal is also a Maiar Muddler / muddle code contributor.
immortal_2026_06_16_retired_immortals_indur_514_listed_retired_immortal,char_indur,Indur,Indur,Indur,retired,Boardreader,no,no,listed_retired_immortal,2026_06_16_retired_immortals,MUME retired immortal list,in_game_retired_immortal_list,,view wizretired,List current as of 2026-06-16,514,Indur is listed as retired a Boardreader.,medium,candidate,Copied by Lewis. Includes Boardreaders and honorary True Legend entry for Norsu.
immortal_2026_06_16_retired_immortals_inghorlas_515_listed_retired_immortal,char_inghorlas,Inghorlas,Inghorlas,Inghorlas,retired,Boardreader,no,no,listed_retired_immortal,2026_06_16_retired_immortals,MUME retired immortal list,in_game_retired_immortal_list,,view wizretired,List current as of 2026-06-16,515,Inghorlas is listed as retired a Boardreader.,medium,candidate,Copied by Lewis. Includes Boardreaders and honorary True Legend entry for Norsu.
immortal_2026_06_16_retired_immortals_ingtar_54_listed_retired_immortal,char_ingtar,Ingtar,Ingtar,Ingtar,retired,Vala,no,no,listed_retired_immortal,2026_06_16_retired_immortals,MUME retired immortal list,in_game_retired_immortal_list,,view wizretired,List current as of 2026-06-16,54,Ingtar is listed as retired a Vala.,medium,candidate,Copied by Lewis. Includes Boardreaders and honorary True Legend entry for Norsu.
immortal_2026_06_16_retired_immortals_innocent_516_listed_retired_immortal,char_innocent,Innocent,Innocent,Innocent,retired,Boardreader,no,no,listed_retired_immortal,2026_06_16_retired_immortals,MUME retired immortal list,in_game_retired_immortal_list,,view wizretired,List current as of 2026-06-16,516,Innocent is listed as retired a Boardreader.,medium,candidate,Copied by Lewis. Includes Boardreaders and honorary True Legend entry for Norsu.
immortal_2026_06_16_retired_immortals_inoue_517_listed_retired_immortal,char_inoue,Inoue,Inoue,Inoue,retired,Boardreader,no,no,listed_retired_immortal,2026_06_16_retired_immortals,MUME retired immortal list,in_game_retired_immortal_list,,view wizretired,List current as of 2026-06-16,517,Inoue is listed as retired a Boardreader.,medium,candidate,Copied by Lewis. Includes Boardreaders and honorary True Legend entry for Norsu.
immortal_2026_06_16_current_immortals_intense_37_listed_current_immortal,char_intense,Intense,Intense,Intense,current,Maia,no,no,listed_current_immortal,2026_06_16_current_immortals,MUME current immortal list,in_game_immortal_list,,view wizlist,List current as of 2026-06-16,37,Intense is listed as current a Maia.,medium,candidate,Copied by Lewis. (+m) means the immortal is also a Maiar Muddler / muddle code contributor.
immortal_2026_06_16_retired_immortals_iomene_518_listed_retired_immortal,char_ioméne,Ioméne,Ioméne,Ioméne,retired,Boardreader,no,no,listed_retired_immortal,2026_06_16_retired_immortals,MUME retired immortal list,in_game_retired_immortal_list,,view wizretired,List current as of 2026-06-16,518,Ioméne is listed as retired a Boardreader.,medium,candidate,Copied by Lewis. Includes Boardreaders and honorary True Legend entry for Norsu.
immortal_2026_06_16_retired_immortals_irikan_250_listed_retired_immortal,char_irikan,Irikan,Irikan,Irikan,retired,Maia,no,no,listed_retired_immortal,2026_06_16_retired_immortals,MUME retired immortal list,in_game_retired_immortal_list,,view wizretired,List current as of 2026-06-16,250,Irikan is listed as retired a Maia.,medium,candidate,Copied by Lewis. Includes Boardreaders and honorary True Legend entry for Norsu.
immortal_2026_06_16_retired_immortals_isengrim_519_listed_retired_immortal,char_isengrim,Isengrim,Isengrim,Isengrim,retired,Boardreader,no,no,listed_retired_immortal,2026_06_16_retired_immortals,MUME retired immortal list,in_game_retired_immortal_list,,view wizretired,List current as of 2026-06-16,519,Isengrim is listed as retired a Boardreader.,medium,candidate,Copied by Lewis. Includes Boardreaders and honorary True Legend entry for Norsu.
immortal_2026_06_16_retired_immortals_isildyr_115_listed_retired_immortal,char_isildyr,Isildyr,Isildyr,Isildyr,retired,Maia,no,no,listed_retired_immortal,2026_06_16_retired_immortals,MUME retired immortal list,in_game_retired_immortal_list,,view wizretired,List current as of 2026-06-16,115,Isildyr is listed as retired a Maia.,medium,candidate,Copied by Lewis. Includes Boardreaders and honorary True Legend entry for Norsu.
immortal_2026_06_16_current_immortals_isillome_76_listed_current_immortal,char_isillómë,Isillómë,Isillómë,Isillómë,current,Maia,no,no,listed_current_immortal,2026_06_16_current_immortals,MUME current immortal list,in_game_immortal_list,,view wizlist,List current as of 2026-06-16,76,Isillómë is listed as current a Maia.,medium,candidate,Copied by Lewis. (+m) means the immortal is also a Maiar Muddler / muddle code contributor.
immortal_2026_06_16_retired_immortals_isoldir_116_listed_retired_immortal,char_isóldir,Isóldir,Isóldir,Isóldir,retired,Maia,no,no,listed_retired_immortal,2026_06_16_retired_immortals,MUME retired immortal list,in_game_retired_immortal_list,,view wizretired,List current as of 2026-06-16,116,Isóldir is listed as retired a Maia.,medium,candidate,Copied by Lewis. Includes Boardreaders and honorary True Legend entry for Norsu.
immortal_2026_06_16_retired_immortals_iston_520_listed_retired_immortal,char_iston,Iston,Iston,Iston,retired,Boardreader,no,no,listed_retired_immortal,2026_06_16_retired_immortals,MUME retired immortal list,in_game_retired_immortal_list,,view wizretired,List current as of 2026-06-16,520,Iston is listed as retired a Boardreader.,medium,candidate,Copied by Lewis. Includes Boardreaders and honorary True Legend entry for Norsu.
immortal_2026_06_16_retired_immortals_ithaldir_521_listed_retired_immortal,char_ithaldir,Ithaldir,Ithaldir,Ithaldir,retired,Boardreader,no,no,listed_retired_immortal,2026_06_16_retired_immortals,MUME retired immortal list,in_game_retired_immortal_list,,view wizretired,List current as of 2026-06-16,521,Ithaldir is listed as retired a Boardreader.,medium,candidate,Copied by Lewis. Includes Boardreaders and honorary True Legend entry for Norsu.
immortal_2026_06_16_current_immortals_izual_77_listed_current_immortal,char_izual,Izual,Izual,Izual,current,Maia,no,no,listed_current_immortal,2026_06_16_current_immortals,MUME current immortal list,in_game_immortal_list,,view wizlist,List current as of 2026-06-16,77,Izual is listed as current a Maia.,medium,candidate,Copied by Lewis. (+m) means the immortal is also a Maiar Muddler / muddle code contributor.
immortal_2026_06_16_retired_immortals_izzy_522_listed_retired_immortal,char_izzy,Izzy,Izzy,Izzy,retired,Boardreader,no,no,listed_retired_immortal,2026_06_16_retired_immortals,MUME retired immortal list,in_game_retired_immortal_list,,view wizretired,List current as of 2026-06-16,522,Izzy is listed as retired a Boardreader.,medium,candidate,Copied by Lewis. Includes Boardreaders and honorary True Legend entry for Norsu.
immortal_2026_06_16_current_immortals_jab_38_listed_current_immortal,char_jab,Jab,Jab,Jab,current,Maia,no,no,listed_current_immortal,2026_06_16_current_immortals,MUME current immortal list,in_game_immortal_list,,view wizlist,List current as of 2026-06-16,38,Jab is listed as current a Maia.,medium,candidate,Copied by Lewis. (+m) means the immortal is also a Maiar Muddler / muddle code contributor.
immortal_2026_06_16_retired_immortals_jabba_117_listed_retired_immortal,char_jabba,Jabba,Jabba,Jabba,retired,Maia,no,no,listed_retired_immortal,2026_06_16_retired_immortals,MUME retired immortal list,in_game_retired_immortal_list,,view wizretired,List current as of 2026-06-16,117,Jabba is listed as retired a Maia.,medium,candidate,Copied by Lewis. Includes Boardreaders and honorary True Legend entry for Norsu.
immortal_2026_06_16_retired_immortals_jadon_523_listed_retired_immortal,char_jadon,Jadon,Jadon,Jadon,retired,Boardreader,no,no,listed_retired_immortal,2026_06_16_retired_immortals,MUME retired immortal list,in_game_retired_immortal_list,,view wizretired,List current as of 2026-06-16,523,Jadon is listed as retired a Boardreader.,medium,candidate,Copied by Lewis. Includes Boardreaders and honorary True Legend entry for Norsu.
immortal_2026_06_16_retired_immortals_jaelle_251_listed_retired_immortal,char_jaelle,Jaelle,Jaelle,Jaelle,retired,Maia,no,no,listed_retired_immortal,2026_06_16_retired_immortals,MUME retired immortal list,in_game_retired_immortal_list,,view wizretired,List current as of 2026-06-16,251,Jaelle is listed as retired a Maia.,medium,candidate,Copied by Lewis. Includes Boardreaders and honorary True Legend entry for Norsu.
immortal_2026_06_16_current_immortals_jahara_6_listed_current_immortal,char_jahara,Jahara,Jahara,Jahara,current,Aratar,no,no,listed_current_immortal,2026_06_16_current_immortals,MUME current immortal list,in_game_immortal_list,,view wizlist,List current as of 2026-06-16,6,Jahara is listed as current an Aratar.,medium,candidate,Copied by Lewis. (+m) means the immortal is also a Maiar Muddler / muddle code contributor.
immortal_2026_06_16_retired_immortals_jak_118_listed_retired_immortal,char_jak,Jak,Jak,Jak,retired,Maia,no,no,listed_retired_immortal,2026_06_16_retired_immortals,MUME retired immortal list,in_game_retired_immortal_list,,view wizretired,List current as of 2026-06-16,118,Jak is listed as retired a Maia.,medium,candidate,Copied by Lewis. Includes Boardreaders and honorary True Legend entry for Norsu.
immortal_2026_06_16_retired_immortals_janosik_524_listed_retired_immortal,char_janosik,Janosik,Janosik,Janosik,retired,Boardreader,no,no,listed_retired_immortal,2026_06_16_retired_immortals,MUME retired immortal list,in_game_retired_immortal_list,,view wizretired,List current as of 2026-06-16,524,Janosik is listed as retired a Boardreader.,medium,candidate,Copied by Lewis. Includes Boardreaders and honorary True Legend entry for Norsu.
immortal_2026_06_16_retired_immortals_jeridoc_525_listed_retired_immortal,char_jeridoc,Jeridoc,Jeridoc,Jeridoc,retired,Boardreader,no,no,listed_retired_immortal,2026_06_16_retired_immortals,MUME retired immortal list,in_game_retired_immortal_list,,view wizretired,List current as of 2026-06-16,525,Jeridoc is listed as retired a Boardreader.,medium,candidate,Copied by Lewis. Includes Boardreaders and honorary True Legend entry for Norsu.
immortal_2026_06_16_current_immortals_jerusha_78_listed_current_immortal,char_jerusha,Jerusha,Jerusha,Jerusha,current,Maia,no,no,listed_current_immortal,2026_06_16_current_immortals,MUME current immortal list,in_game_immortal_list,,view wizlist,List current as of 2026-06-16,78,Jerusha is listed as current a Maia.,medium,candidate,Copied by Lewis. (+m) means the immortal is also a Maiar Muddler / muddle code contributor.
immortal_2026_06_16_retired_immortals_johan_526_listed_retired_immortal,char_johan,Johan,Johan,Johan,retired,Boardreader,no,no,listed_retired_immortal,2026_06_16_retired_immortals,MUME retired immortal list,in_game_retired_immortal_list,,view wizretired,List current as of 2026-06-16,526,Johan is listed as retired a Boardreader.,medium,candidate,Copied by Lewis. Includes Boardreaders and honorary True Legend entry for Norsu.
immortal_2026_06_16_retired_immortals_jolen_527_listed_retired_immortal,char_jolen,Jolen,Jolen,Jolen,retired,Boardreader,no,no,listed_retired_immortal,2026_06_16_retired_immortals,MUME retired immortal list,in_game_retired_immortal_list,,view wizretired,List current as of 2026-06-16,527,Jolen is listed as retired a Boardreader.,medium,candidate,Copied by Lewis. Includes Boardreaders and honorary True Legend entry for Norsu.
immortal_2026_06_16_retired_immortals_kaen_528_listed_retired_immortal,char_kaen,Kaen,Kaen,Kaen,retired,Boardreader,no,no,listed_retired_immortal,2026_06_16_retired_immortals,MUME retired immortal list,in_game_retired_immortal_list,,view wizretired,List current as of 2026-06-16,528,Kaen is listed as retired a Boardreader.,medium,candidate,Copied by Lewis. Includes Boardreaders and honorary True Legend entry for Norsu.
immortal_2026_06_16_retired_immortals_kal_119_listed_retired_immortal,char_kal,Kal,Kal,Kal,retired,Maia,no,no,listed_retired_immortal,2026_06_16_retired_immortals,MUME retired immortal list,in_game_retired_immortal_list,,view wizretired,List current as of 2026-06-16,119,Kal is listed as retired a Maia.,medium,candidate,Copied by Lewis. Includes Boardreaders and honorary True Legend entry for Norsu.
immortal_2026_06_16_retired_immortals_kalev_25_listed_retired_immortal,char_kalev,Kalev,Kalev,Kalev,retired,Vala,no,no,listed_retired_immortal,2026_06_16_retired_immortals,MUME retired immortal list,in_game_retired_immortal_list,,view wizretired,List current as of 2026-06-16,25,Kalev is listed as retired a Vala.,medium,candidate,Copied by Lewis. Includes Boardreaders and honorary True Legend entry for Norsu.
immortal_2026_06_16_retired_immortals_kamlakh_529_listed_retired_immortal,char_kamlakh,Kamlakh,Kamlakh,Kamlakh,retired,Boardreader,no,no,listed_retired_immortal,2026_06_16_retired_immortals,MUME retired immortal list,in_game_retired_immortal_list,,view wizretired,List current as of 2026-06-16,529,Kamlakh is listed as retired a Boardreader.,medium,candidate,Copied by Lewis. Includes Boardreaders and honorary True Legend entry for Norsu.
immortal_2026_06_16_retired_immortals_kardrim_189_listed_retired_immortal,char_kardrim,Kardrim,Kardrim,Kardrim,retired,Maia,no,no,listed_retired_immortal,2026_06_16_retired_immortals,MUME retired immortal list,in_game_retired_immortal_list,,view wizretired,List current as of 2026-06-16,189,Kardrim is listed as retired a Maia.,medium,candidate,Copied by Lewis. Includes Boardreaders and honorary True Legend entry for Norsu.
immortal_2026_06_16_retired_immortals_karl_530_listed_retired_immortal,char_karl,Karl,Karl,Karl,retired,Boardreader,no,no,listed_retired_immortal,2026_06_16_retired_immortals,MUME retired immortal list,in_game_retired_immortal_list,,view wizretired,List current as of 2026-06-16,530,Karl is listed as retired a Boardreader.,medium,candidate,Copied by Lewis. Includes Boardreaders and honorary True Legend entry for Norsu.
immortal_2026_06_16_retired_immortals_karli_531_listed_retired_immortal,char_karli,Karli,Karli,Karli,retired,Boardreader,no,no,listed_retired_immortal,2026_06_16_retired_immortals,MUME retired immortal list,in_game_retired_immortal_list,,view wizretired,List current as of 2026-06-16,531,Karli is listed as retired a Boardreader.,medium,candidate,Copied by Lewis. Includes Boardreaders and honorary True Legend entry for Norsu.
immortal_2026_06_16_retired_immortals_karlsburg_190_listed_retired_immortal,char_karlsburg,Karlsburg,Karlsburg,Karlsburg,retired,Maia,no,no,listed_retired_immortal,2026_06_16_retired_immortals,MUME retired immortal list,in_game_retired_immortal_list,,view wizretired,List current as of 2026-06-16,190,Karlsburg is listed as retired a Maia.,medium,candidate,Copied by Lewis. Includes Boardreaders and honorary True Legend entry for Norsu.
immortal_2026_06_16_retired_immortals_karnak_120_listed_retired_immortal,char_karnak,Karnak,Karnak,Karnak,retired,Maia,no,no,listed_retired_immortal,2026_06_16_retired_immortals,MUME retired immortal list,in_game_retired_immortal_list,,view wizretired,List current as of 2026-06-16,120,Karnak is listed as retired a Maia.,medium,candidate,Copied by Lewis. Includes Boardreaders and honorary True Legend entry for Norsu.
immortal_2026_06_16_retired_immortals_karvane_532_listed_retired_immortal,char_karvane,Karvane,Karvane,Karvane,retired,Boardreader,no,no,listed_retired_immortal,2026_06_16_retired_immortals,MUME retired immortal list,in_game_retired_immortal_list,,view wizretired,List current as of 2026-06-16,532,Karvane is listed as retired a Boardreader.,medium,candidate,Copied by Lewis. Includes Boardreaders and honorary True Legend entry for Norsu.
immortal_2026_06_16_current_immortals_katje_39_listed_current_immortal,char_katje,Katje,Katje,Katje,current,Maia,no,no,listed_current_immortal,2026_06_16_current_immortals,MUME current immortal list,in_game_immortal_list,,view wizlist,List current as of 2026-06-16,39,Katje is listed as current a Maia.,medium,candidate,Copied by Lewis. (+m) means the immortal is also a Maiar Muddler / muddle code contributor.
immortal_2026_06_16_retired_immortals_katla_533_listed_retired_immortal,char_katla,Katla,Katla,Katla,retired,Boardreader,no,no,listed_retired_immortal,2026_06_16_retired_immortals,MUME retired immortal list,in_game_retired_immortal_list,,view wizretired,List current as of 2026-06-16,533,Katla is listed as retired a Boardreader.,medium,candidate,Copied by Lewis. Includes Boardreaders and honorary True Legend entry for Norsu.
immortal_2026_06_16_retired_immortals_kaznor_534_listed_retired_immortal,char_kaznor,Kaznor,Kaznor,Kaznor,retired,Boardreader,no,no,listed_retired_immortal,2026_06_16_retired_immortals,MUME retired immortal list,in_game_retired_immortal_list,,view wizretired,List current as of 2026-06-16,534,Kaznor is listed as retired a Boardreader.,medium,candidate,Copied by Lewis. Includes Boardreaders and honorary True Legend entry for Norsu.
immortal_2026_06_16_retired_immortals_kaztor_535_listed_retired_immortal,char_kaztor,Kaztor,Kaztor,Kaztor,retired,Boardreader,no,no,listed_retired_immortal,2026_06_16_retired_immortals,MUME retired immortal list,in_game_retired_immortal_list,,view wizretired,List current as of 2026-06-16,535,Kaztor is listed as retired a Boardreader.,medium,candidate,Copied by Lewis. Includes Boardreaders and honorary True Legend entry for Norsu.
immortal_2026_06_16_retired_immortals_ke_121_listed_retired_immortal,char_ke,Ke,Ke,Ke,retired,Maia,no,no,listed_retired_immortal,2026_06_16_retired_immortals,MUME retired immortal list,in_game_retired_immortal_list,,view wizretired,List current as of 2026-06-16,121,Ke is listed as retired a Maia.,medium,candidate,Copied by Lewis. Includes Boardreaders and honorary True Legend entry for Norsu.
immortal_2026_06_16_retired_immortals_kefka_536_listed_retired_immortal,char_kefka,Kefka,Kefka,Kefka,retired,Boardreader,no,no,listed_retired_immortal,2026_06_16_retired_immortals,MUME retired immortal list,in_game_retired_immortal_list,,view wizretired,List current as of 2026-06-16,536,Kefka is listed as retired a Boardreader.,medium,candidate,Copied by Lewis. Includes Boardreaders and honorary True Legend entry for Norsu.
immortal_2026_06_16_retired_immortals_keltic_55_listed_retired_immortal,char_keltic,Keltic,Keltic,Keltic,retired,Vala,no,no,listed_retired_immortal,2026_06_16_retired_immortals,MUME retired immortal list,in_game_retired_immortal_list,,view wizretired,List current as of 2026-06-16,55,Keltic is listed as retired a Vala.,medium,candidate,Copied by Lewis. Includes Boardreaders and honorary True Legend entry for Norsu.
immortal_2026_06_16_current_immortals_kenzu_79_listed_current_immortal,char_kenzu,Kenzu,Kenzu,Kenzu,current,Maia,no,no,listed_current_immortal,2026_06_16_current_immortals,MUME current immortal list,in_game_immortal_list,,view wizlist,List current as of 2026-06-16,79,Kenzu is listed as current a Maia.,medium,candidate,Copied by Lewis. (+m) means the immortal is also a Maiar Muddler / muddle code contributor.
immortal_2026_06_16_retired_immortals_keram_537_listed_retired_immortal,char_keram,Keram,Keram,Keram,retired,Boardreader,no,no,listed_retired_immortal,2026_06_16_retired_immortals,MUME retired immortal list,in_game_retired_immortal_list,,view wizretired,List current as of 2026-06-16,537,Keram is listed as retired a Boardreader.,medium,candidate,Copied by Lewis. Includes Boardreaders and honorary True Legend entry for Norsu.
immortal_2026_06_16_retired_immortals_kerf_538_listed_retired_immortal,char_kerf,Kerf,Kerf,Kerf,retired,Boardreader,no,no,listed_retired_immortal,2026_06_16_retired_immortals,MUME retired immortal list,in_game_retired_immortal_list,,view wizretired,List current as of 2026-06-16,538,Kerf is listed as retired a Boardreader.,medium,candidate,Copied by Lewis. Includes Boardreaders and honorary True Legend entry for Norsu.
immortal_2026_06_16_retired_immortals_kergon_539_listed_retired_immortal,char_kergon,Kergon,Kergon,Kergon,retired,Boardreader,no,no,listed_retired_immortal,2026_06_16_retired_immortals,MUME retired immortal list,in_game_retired_immortal_list,,view wizretired,List current as of 2026-06-16,539,Kergon is listed as retired a Boardreader.,medium,candidate,Copied by Lewis. Includes Boardreaders and honorary True Legend entry for Norsu.
immortal_2026_06_16_retired_immortals_kestrel_540_listed_retired_immortal,char_kestrel,Kestrel,Kestrel,Kestrel,retired,Boardreader,no,no,listed_retired_immortal,2026_06_16_retired_immortals,MUME retired immortal list,in_game_retired_immortal_list,,view wizretired,List current as of 2026-06-16,540,Kestrel is listed as retired a Boardreader.,medium,candidate,Copied by Lewis. Includes Boardreaders and honorary True Legend entry for Norsu.
immortal_2026_06_16_retired_immortals_khaldun_541_listed_retired_immortal,char_khaldun,Khaldun,Khaldun,Khaldun,retired,Boardreader,no,no,listed_retired_immortal,2026_06_16_retired_immortals,MUME retired immortal list,in_game_retired_immortal_list,,view wizretired,List current as of 2026-06-16,541,Khaldun is listed as retired a Boardreader.,medium,candidate,Copied by Lewis. Includes Boardreaders and honorary True Legend entry for Norsu.
immortal_2026_06_16_retired_immortals_khan_122_listed_retired_immortal,char_khan,Khan,Khan,Khan,retired,Maia,no,no,listed_retired_immortal,2026_06_16_retired_immortals,MUME retired immortal list,in_game_retired_immortal_list,,view wizretired,List current as of 2026-06-16,122,Khan is listed as retired a Maia.,medium,candidate,Copied by Lewis. Includes Boardreaders and honorary True Legend entry for Norsu.
immortal_2026_06_16_retired_immortals_khantar_542_listed_retired_immortal,char_khantar,Khantar,Khantar,Khantar,retired,Boardreader,no,no,listed_retired_immortal,2026_06_16_retired_immortals,MUME retired immortal list,in_game_retired_immortal_list,,view wizretired,List current as of 2026-06-16,542,Khantar is listed as retired a Boardreader.,medium,candidate,Copied by Lewis. Includes Boardreaders and honorary True Legend entry for Norsu.
immortal_2026_06_16_retired_immortals_khatog_543_listed_retired_immortal,char_khatog,Khatog,Khatog,Khatog,retired,Boardreader,no,no,listed_retired_immortal,2026_06_16_retired_immortals,MUME retired immortal list,in_game_retired_immortal_list,,view wizretired,List current as of 2026-06-16,543,Khatog is listed as retired a Boardreader.,medium,candidate,Copied by Lewis. Includes Boardreaders and honorary True Legend entry for Norsu.
immortal_2026_06_16_retired_immortals_khazander_123_listed_retired_immortal,char_khazander,Khazander,Khazander,Khazander,retired,Maia,no,no,listed_retired_immortal,2026_06_16_retired_immortals,MUME retired immortal list,in_game_retired_immortal_list,,view wizretired,List current as of 2026-06-16,123,Khazander is listed as retired a Maia.,medium,candidate,Copied by Lewis. Includes Boardreaders and honorary True Legend entry for Norsu.
immortal_2026_06_16_retired_immortals_kheldur_544_listed_retired_immortal,char_kheldur,Kheldur,Kheldur,Kheldur,retired,Boardreader,no,no,listed_retired_immortal,2026_06_16_retired_immortals,MUME retired immortal list,in_game_retired_immortal_list,,view wizretired,List current as of 2026-06-16,544,Kheldur is listed as retired a Boardreader.,medium,candidate,Copied by Lewis. Includes Boardreaders and honorary True Legend entry for Norsu.
immortal_2026_06_16_retired_immortals_khrun_545_listed_retired_immortal,char_khrun,Khrun,Khrun,Khrun,retired,Boardreader,no,no,listed_retired_immortal,2026_06_16_retired_immortals,MUME retired immortal list,in_game_retired_immortal_list,,view wizretired,List current as of 2026-06-16,545,Khrun is listed as retired a Boardreader.,medium,candidate,Copied by Lewis. Includes Boardreaders and honorary True Legend entry for Norsu.
immortal_2026_06_16_retired_immortals_khudum_546_listed_retired_immortal,char_khudum,Khudum,Khudum,Khudum,retired,Boardreader,no,no,listed_retired_immortal,2026_06_16_retired_immortals,MUME retired immortal list,in_game_retired_immortal_list,,view wizretired,List current as of 2026-06-16,546,Khudum is listed as retired a Boardreader.,medium,candidate,Copied by Lewis. Includes Boardreaders and honorary True Legend entry for Norsu.
immortal_2026_06_16_retired_immortals_killillwind_547_listed_retired_immortal,char_killillwind,Killillwind,Killillwind,Killillwind,retired,Boardreader,no,no,listed_retired_immortal,2026_06_16_retired_immortals,MUME retired immortal list,in_game_retired_immortal_list,,view wizretired,List current as of 2026-06-16,547,Killillwind is listed as retired a Boardreader.,medium,candidate,Copied by Lewis. Includes Boardreaders and honorary True Legend entry for Norsu.
immortal_2026_06_16_retired_immortals_kizh_548_listed_retired_immortal,char_kizh,Kizh,Kizh,Kizh,retired,Boardreader,no,no,listed_retired_immortal,2026_06_16_retired_immortals,MUME retired immortal list,in_game_retired_immortal_list,,view wizretired,List current as of 2026-06-16,548,Kizh is listed as retired a Boardreader.,medium,candidate,Copied by Lewis. Includes Boardreaders and honorary True Legend entry for Norsu.
immortal_2026_06_16_retired_immortals_kjell_549_listed_retired_immortal,char_kjell,Kjell,Kjell,Kjell,retired,Boardreader,no,no,listed_retired_immortal,2026_06_16_retired_immortals,MUME retired immortal list,in_game_retired_immortal_list,,view wizretired,List current as of 2026-06-16,549,Kjell is listed as retired a Boardreader.,medium,candidate,Copied by Lewis. Includes Boardreaders and honorary True Legend entry for Norsu.
immortal_2026_06_16_retired_immortals_kleftis_550_listed_retired_immortal,char_kleftis,Kleftis,Kleftis,Kleftis,retired,Boardreader,no,no,listed_retired_immortal,2026_06_16_retired_immortals,MUME retired immortal list,in_game_retired_immortal_list,,view wizretired,List current as of 2026-06-16,550,Kleftis is listed as retired a Boardreader.,medium,candidate,Copied by Lewis. Includes Boardreaders and honorary True Legend entry for Norsu.
immortal_2026_06_16_retired_immortals_koft_551_listed_retired_immortal,char_koft,Koft,Koft,Koft,retired,Boardreader,no,no,listed_retired_immortal,2026_06_16_retired_immortals,MUME retired immortal list,in_game_retired_immortal_list,,view wizretired,List current as of 2026-06-16,551,Koft is listed as retired a Boardreader.,medium,candidate,Copied by Lewis. Includes Boardreaders and honorary True Legend entry for Norsu.
immortal_2026_06_16_retired_immortals_kone_552_listed_retired_immortal,char_kone,Kone,Kone,Kone,retired,Boardreader,no,no,listed_retired_immortal,2026_06_16_retired_immortals,MUME retired immortal list,in_game_retired_immortal_list,,view wizretired,List current as of 2026-06-16,552,Kone is listed as retired a Boardreader.,medium,candidate,Copied by Lewis. Includes Boardreaders and honorary True Legend entry for Norsu.
immortal_2026_06_16_retired_immortals_kovenya_124_listed_retired_immortal,char_kovenya,Kovenya,Kovenya,Kovenya,retired,Maia,no,no,listed_retired_immortal,2026_06_16_retired_immortals,MUME retired immortal list,in_game_retired_immortal_list,,view wizretired,List current as of 2026-06-16,124,Kovenya is listed as retired a Maia.,medium,candidate,Copied by Lewis. Includes Boardreaders and honorary True Legend entry for Norsu.
immortal_2026_06_16_retired_immortals_kovik_553_listed_retired_immortal,char_kovik,Kovik,Kovik,Kovik,retired,Boardreader,no,no,listed_retired_immortal,2026_06_16_retired_immortals,MUME retired immortal list,in_game_retired_immortal_list,,view wizretired,List current as of 2026-06-16,553,Kovik is listed as retired a Boardreader.,medium,candidate,Copied by Lewis. Includes Boardreaders and honorary True Legend entry for Norsu.
immortal_2026_06_16_retired_immortals_kraag_554_listed_retired_immortal,char_kraag,Kraag,Kraag,Kraag,retired,Boardreader,no,no,listed_retired_immortal,2026_06_16_retired_immortals,MUME retired immortal list,in_game_retired_immortal_list,,view wizretired,List current as of 2026-06-16,554,Kraag is listed as retired a Boardreader.,medium,candidate,Copied by Lewis. Includes Boardreaders and honorary True Legend entry for Norsu.
immortal_2026_06_16_retired_immortals_krazy_252_listed_retired_immortal,char_krazy,Krazy,Krazy,Krazy,retired,Maia,no,no,listed_retired_immortal,2026_06_16_retired_immortals,MUME retired immortal list,in_game_retired_immortal_list,,view wizretired,List current as of 2026-06-16,252,Krazy is listed as retired a Maia.,medium,candidate,Copied by Lewis. Includes Boardreaders and honorary True Legend entry for Norsu.
immortal_2026_06_16_retired_immortals_kril_125_listed_retired_immortal,char_kril,Kril,Kril,Kril,retired,Maia,no,no,listed_retired_immortal,2026_06_16_retired_immortals,MUME retired immortal list,in_game_retired_immortal_list,,view wizretired,List current as of 2026-06-16,125,Kril is listed as retired a Maia.,medium,candidate,Copied by Lewis. Includes Boardreaders and honorary True Legend entry for Norsu.
immortal_2026_06_16_retired_immortals_kristian_555_listed_retired_immortal,char_kristian,Kristian,Kristian,Kristian,retired,Boardreader,no,no,listed_retired_immortal,2026_06_16_retired_immortals,MUME retired immortal list,in_game_retired_immortal_list,,view wizretired,List current as of 2026-06-16,555,Kristian is listed as retired a Boardreader.,medium,candidate,Copied by Lewis. Includes Boardreaders and honorary True Legend entry for Norsu.
immortal_2026_06_16_retired_immortals_kron_556_listed_retired_immortal,char_kron,Kron,Kron,Kron,retired,Boardreader,no,no,listed_retired_immortal,2026_06_16_retired_immortals,MUME retired immortal list,in_game_retired_immortal_list,,view wizretired,List current as of 2026-06-16,556,Kron is listed as retired a Boardreader.,medium,candidate,Copied by Lewis. Includes Boardreaders and honorary True Legend entry for Norsu.
immortal_2026_06_16_retired_immortals_kroz_26_listed_retired_immortal,char_kroz,Kroz,Kroz,Kroz,retired,Vala,no,no,listed_retired_immortal,2026_06_16_retired_immortals,MUME retired immortal list,in_game_retired_immortal_list,,view wizretired,List current as of 2026-06-16,26,Kroz is listed as retired a Vala.,medium,candidate,Copied by Lewis. Includes Boardreaders and honorary True Legend entry for Norsu.
immortal_2026_06_16_retired_immortals_kruel_557_listed_retired_immortal,char_kruel,Kruel,Kruel,Kruel,retired,Boardreader,no,no,listed_retired_immortal,2026_06_16_retired_immortals,MUME retired immortal list,in_game_retired_immortal_list,,view wizretired,List current as of 2026-06-16,557,Kruel is listed as retired a Boardreader.,medium,candidate,Copied by Lewis. Includes Boardreaders and honorary True Legend entry for Norsu.
immortal_2026_06_16_current_immortals_kuzdhin_80_listed_current_immortal,char_kuzdhin,Kuzdhin,Kuzdhin,Kuzdhin,current,Maia,no,no,listed_current_immortal,2026_06_16_current_immortals,MUME current immortal list,in_game_immortal_list,,view wizlist,List current as of 2026-06-16,80,Kuzdhin is listed as current a Maia.,medium,candidate,Copied by Lewis. (+m) means the immortal is also a Maiar Muddler / muddle code contributor.
immortal_2026_06_16_retired_immortals_kyratai_253_listed_retired_immortal,char_kyratai,Kyratai,Kyratai,Kyratai,retired,Maia,no,no,listed_retired_immortal,2026_06_16_retired_immortals,MUME retired immortal list,in_game_retired_immortal_list,,view wizretired,List current as of 2026-06-16,253,Kyratai is listed as retired a Maia.,medium,candidate,Copied by Lewis. Includes Boardreaders and honorary True Legend entry for Norsu.
immortal_2026_06_16_current_immortals_kyrill_81_listed_current_immortal,char_kyrill,Kyrill,Kyrill,Kyrill,current,Maia,no,no,listed_current_immortal,2026_06_16_current_immortals,MUME current immortal list,in_game_immortal_list,,view wizlist,List current as of 2026-06-16,81,Kyrill is listed as current a Maia.,medium,candidate,Copied by Lewis. (+m) means the immortal is also a Maiar Muddler / muddle code contributor.
immortal_2026_06_16_current_immortals_lamia_53_listed_current_immortal,char_lamia,Lamia,Lamia,Lamia,current,Maia,no,no,listed_current_immortal,2026_06_16_current_immortals,MUME current immortal list,in_game_immortal_list,,view wizlist,List current as of 2026-06-16,53,Lamia is listed as current a Maia.,medium,candidate,Copied by Lewis. (+m) means the immortal is also a Maiar Muddler / muddle code contributor.
immortal_2026_06_16_retired_immortals_lancelot_558_listed_retired_immortal,char_lancelot,Lancelot,Lancelot,Lancelot,retired,Boardreader,no,no,listed_retired_immortal,2026_06_16_retired_immortals,MUME retired immortal list,in_game_retired_immortal_list,,view wizretired,List current as of 2026-06-16,558,Lancelot is listed as retired a Boardreader.,medium,candidate,Copied by Lewis. Includes Boardreaders and honorary True Legend entry for Norsu.
immortal_2026_06_16_retired_immortals_lancot_559_listed_retired_immortal,char_lancot,Lancot,Lancot,Lancot,retired,Boardreader,no,no,listed_retired_immortal,2026_06_16_retired_immortals,MUME retired immortal list,in_game_retired_immortal_list,,view wizretired,List current as of 2026-06-16,559,Lancot is listed as retired a Boardreader.,medium,candidate,Copied by Lewis. Includes Boardreaders and honorary True Legend entry for Norsu.
immortal_2026_06_16_retired_immortals_landroval_560_listed_retired_immortal,char_landroval,Landroval,Landroval,Landroval,retired,Boardreader,no,no,listed_retired_immortal,2026_06_16_retired_immortals,MUME retired immortal list,in_game_retired_immortal_list,,view wizretired,List current as of 2026-06-16,560,Landroval is listed as retired a Boardreader.,medium,candidate,Copied by Lewis. Includes Boardreaders and honorary True Legend entry for Norsu.
immortal_2026_06_16_retired_immortals_larien_126_listed_retired_immortal,char_larien,Larien,Larien,Larien,retired,Maia,no,no,listed_retired_immortal,2026_06_16_retired_immortals,MUME retired immortal list,in_game_retired_immortal_list,,view wizretired,List current as of 2026-06-16,126,Larien is listed as retired a Maia.,medium,candidate,Copied by Lewis. Includes Boardreaders and honorary True Legend entry for Norsu.
immortal_2026_06_16_retired_immortals_laris_561_listed_retired_immortal,char_laris,Laris,Laris,Laris,retired,Boardreader,no,no,listed_retired_immortal,2026_06_16_retired_immortals,MUME retired immortal list,in_game_retired_immortal_list,,view wizretired,List current as of 2026-06-16,561,Laris is listed as retired a Boardreader.,medium,candidate,Copied by Lewis. Includes Boardreaders and honorary True Legend entry for Norsu.
immortal_2026_06_16_retired_immortals_larnach_562_listed_retired_immortal,char_larnach,Larnach,Larnach,Larnach,retired,Boardreader,no,no,listed_retired_immortal,2026_06_16_retired_immortals,MUME retired immortal list,in_game_retired_immortal_list,,view wizretired,List current as of 2026-06-16,562,Larnach is listed as retired a Boardreader.,medium,candidate,Copied by Lewis. Includes Boardreaders and honorary True Legend entry for Norsu.
immortal_2026_06_16_retired_immortals_lauryn_127_listed_retired_immortal,char_lauryn,Lauryn,Lauryn,Lauryn,retired,Maia,no,no,listed_retired_immortal,2026_06_16_retired_immortals,MUME retired immortal list,in_game_retired_immortal_list,,view wizretired,List current as of 2026-06-16,127,Lauryn is listed as retired a Maia.,medium,candidate,Copied by Lewis. Includes Boardreaders and honorary True Legend entry for Norsu.
immortal_2026_06_16_retired_immortals_lavabom_563_listed_retired_immortal,char_lavabom,Lavabom,Lavabom,Lavabom,retired,Boardreader,no,no,listed_retired_immortal,2026_06_16_retired_immortals,MUME retired immortal list,in_game_retired_immortal_list,,view wizretired,List current as of 2026-06-16,563,Lavabom is listed as retired a Boardreader.,medium,candidate,Copied by Lewis. Includes Boardreaders and honorary True Legend entry for Norsu.
immortal_2026_06_16_retired_immortals_leah_564_listed_retired_immortal,char_leah,Leah,Leah,Leah,retired,Boardreader,no,no,listed_retired_immortal,2026_06_16_retired_immortals,MUME retired immortal list,in_game_retired_immortal_list,,view wizretired,List current as of 2026-06-16,564,Leah is listed as retired a Boardreader.,medium,candidate,Copied by Lewis. Includes Boardreaders and honorary True Legend entry for Norsu.
immortal_2026_06_16_retired_immortals_lealana_565_listed_retired_immortal,char_lealana,Lealana,Lealana,Lealana,retired,Boardreader,no,no,listed_retired_immortal,2026_06_16_retired_immortals,MUME retired immortal list,in_game_retired_immortal_list,,view wizretired,List current as of 2026-06-16,565,Lealana is listed as retired a Boardreader.,medium,candidate,Copied by Lewis. Includes Boardreaders and honorary True Legend entry for Norsu.
immortal_2026_06_16_retired_immortals_lede_254_listed_retired_immortal,char_lede,Lede,Lede,Lede,retired,Maia,no,no,listed_retired_immortal,2026_06_16_retired_immortals,MUME retired immortal list,in_game_retired_immortal_list,,view wizretired,List current as of 2026-06-16,254,Lede is listed as retired a Maia.,medium,candidate,Copied by Lewis. Includes Boardreaders and honorary True Legend entry for Norsu.
immortal_2026_06_16_retired_immortals_leetah_191_listed_retired_immortal,char_leetah,Leetah,Leetah,Leetah,retired,Maia,no,no,listed_retired_immortal,2026_06_16_retired_immortals,MUME retired immortal list,in_game_retired_immortal_list,,view wizretired,List current as of 2026-06-16,191,Leetah is listed as retired a Maia.,medium,candidate,Copied by Lewis. Includes Boardreaders and honorary True Legend entry for Norsu.
immortal_2026_06_16_retired_immortals_leew_566_listed_retired_immortal,char_leew,Leew,Leew,Leew,retired,Boardreader,no,no,listed_retired_immortal,2026_06_16_retired_immortals,MUME retired immortal list,in_game_retired_immortal_list,,view wizretired,List current as of 2026-06-16,566,Leew is listed as retired a Boardreader.,medium,candidate,Copied by Lewis. Includes Boardreaders and honorary True Legend entry for Norsu.
immortal_2026_06_16_retired_immortals_legolas_567_listed_retired_immortal,char_legolas,Legolas,Legolas,Legolas,retired,Boardreader,no,no,listed_retired_immortal,2026_06_16_retired_immortals,MUME retired immortal list,in_game_retired_immortal_list,,view wizretired,List current as of 2026-06-16,567,Legolas is listed as retired a Boardreader.,medium,candidate,Copied by Lewis. Includes Boardreaders and honorary True Legend entry for Norsu.
immortal_2026_06_16_retired_immortals_legon_255_listed_retired_immortal,char_legon,Legon,Legon,Legon,retired,Maia,no,no,listed_retired_immortal,2026_06_16_retired_immortals,MUME retired immortal list,in_game_retired_immortal_list,,view wizretired,List current as of 2026-06-16,255,Legon is listed as retired a Maia.,medium,candidate,Copied by Lewis. Includes Boardreaders and honorary True Legend entry for Norsu.
immortal_2026_06_16_current_immortals_lehto_82_listed_current_immortal,char_lehto,Lehto,Lehto,Lehto,current,Maia,no,no,listed_current_immortal,2026_06_16_current_immortals,MUME current immortal list,in_game_immortal_list,,view wizlist,List current as of 2026-06-16,82,Lehto is listed as current a Maia.,medium,candidate,Copied by Lewis. (+m) means the immortal is also a Maiar Muddler / muddle code contributor.
immortal_2026_06_16_retired_immortals_leica_568_listed_retired_immortal,char_leica,Leica,Leica,Leica,retired,Boardreader,no,no,listed_retired_immortal,2026_06_16_retired_immortals,MUME retired immortal list,in_game_retired_immortal_list,,view wizretired,List current as of 2026-06-16,568,Leica is listed as retired a Boardreader.,medium,candidate,Copied by Lewis. Includes Boardreaders and honorary True Legend entry for Norsu.
immortal_2026_06_16_retired_immortals_lena_128_listed_retired_immortal,char_lena,Lena,Lena,Lena,retired,Maia,no,no,listed_retired_immortal,2026_06_16_retired_immortals,MUME retired immortal list,in_game_retired_immortal_list,,view wizretired,List current as of 2026-06-16,128,Lena is listed as retired a Maia.,medium,candidate,Copied by Lewis. Includes Boardreaders and honorary True Legend entry for Norsu.
immortal_2026_06_16_retired_immortals_leni_569_listed_retired_immortal,char_leni,Leni,Leni,Leni,retired,Boardreader,no,no,listed_retired_immortal,2026_06_16_retired_immortals,MUME retired immortal list,in_game_retired_immortal_list,,view wizretired,List current as of 2026-06-16,569,Leni is listed as retired a Boardreader.,medium,candidate,Copied by Lewis. Includes Boardreaders and honorary True Legend entry for Norsu.
immortal_2026_06_16_retired_immortals_lenore_570_listed_retired_immortal,char_lenore,Lenore,Lenore,Lenore,retired,Boardreader,no,no,listed_retired_immortal,2026_06_16_retired_immortals,MUME retired immortal list,in_game_retired_immortal_list,,view wizretired,List current as of 2026-06-16,570,Lenore is listed as retired a Boardreader.,medium,candidate,Copied by Lewis. Includes Boardreaders and honorary True Legend entry for Norsu.
immortal_2026_06_16_retired_immortals_lens_571_listed_retired_immortal,char_lens,Lens,Lens,Lens,retired,Boardreader,no,no,listed_retired_immortal,2026_06_16_retired_immortals,MUME retired immortal list,in_game_retired_immortal_list,,view wizretired,List current as of 2026-06-16,571,Lens is listed as retired a Boardreader.,medium,candidate,Copied by Lewis. Includes Boardreaders and honorary True Legend entry for Norsu.
immortal_2026_06_16_retired_immortals_liliah_73_listed_retired_immortal,char_liliah,Liliah,Liliah,Liliah,retired,Maia,no,no,listed_retired_immortal,2026_06_16_retired_immortals,MUME retired immortal list,in_game_retired_immortal_list,,view wizretired,List current as of 2026-06-16,73,Liliah is listed as retired a Maia.,medium,candidate,Copied by Lewis. Includes Boardreaders and honorary True Legend entry for Norsu.
immortal_2026_06_16_retired_immortals_lilith_572_listed_retired_immortal,char_lilith,Lilith,Lilith,Lilith,retired,Boardreader,no,no,listed_retired_immortal,2026_06_16_retired_immortals,MUME retired immortal list,in_game_retired_immortal_list,,view wizretired,List current as of 2026-06-16,572,Lilith is listed as retired a Boardreader.,medium,candidate,Copied by Lewis. Includes Boardreaders and honorary True Legend entry for Norsu.
immortal_2026_06_16_retired_immortals_lilja_256_listed_retired_immortal,char_lilja,Lilja,Lilja,Lilja,retired,Maia,no,no,listed_retired_immortal,2026_06_16_retired_immortals,MUME retired immortal list,in_game_retired_immortal_list,,view wizretired,List current as of 2026-06-16,256,Lilja is listed as retired a Maia.,medium,candidate,Copied by Lewis. Includes Boardreaders and honorary True Legend entry for Norsu.
immortal_2026_06_16_retired_immortals_lilleman_129_listed_retired_immortal,char_lilleman,LilleMan,LilleMan,LilleMan,retired,Maia,no,no,listed_retired_immortal,2026_06_16_retired_immortals,MUME retired immortal list,in_game_retired_immortal_list,,view wizretired,List current as of 2026-06-16,129,LilleMan is listed as retired a Maia.,medium,candidate,Copied by Lewis. Includes Boardreaders and honorary True Legend entry for Norsu.
immortal_2026_06_16_retired_immortals_ling_573_listed_retired_immortal,char_líng,Líng,Líng,Líng,retired,Boardreader,no,no,listed_retired_immortal,2026_06_16_retired_immortals,MUME retired immortal list,in_game_retired_immortal_list,,view wizretired,List current as of 2026-06-16,573,Líng is listed as retired a Boardreader.,medium,candidate,Copied by Lewis. Includes Boardreaders and honorary True Legend entry for Norsu.
immortal_2026_06_16_retired_immortals_lionheart_574_listed_retired_immortal,char_lionheart,Lionheart,Lionheart,Lionheart,retired,Boardreader,no,no,listed_retired_immortal,2026_06_16_retired_immortals,MUME retired immortal list,in_game_retired_immortal_list,,view wizretired,List current as of 2026-06-16,574,Lionheart is listed as retired a Boardreader.,medium,candidate,Copied by Lewis. Includes Boardreaders and honorary True Legend entry for Norsu.
immortal_2026_06_16_current_immortals_llywarch_40_listed_current_immortal,char_llywarch,Llywarch,Llywarch,Llywarch,current,Maia,no,no,listed_current_immortal,2026_06_16_current_immortals,MUME current immortal list,in_game_immortal_list,,view wizlist,List current as of 2026-06-16,40,Llywarch is listed as current a Maia.,medium,candidate,Copied by Lewis. (+m) means the immortal is also a Maiar Muddler / muddle code contributor.
immortal_2026_06_16_retired_immortals_loden_130_listed_retired_immortal,char_loden,Loden,Loden,Loden,retired,Maia,no,no,listed_retired_immortal,2026_06_16_retired_immortals,MUME retired immortal list,in_game_retired_immortal_list,,view wizretired,List current as of 2026-06-16,130,Loden is listed as retired a Maia.,medium,candidate,Copied by Lewis. Includes Boardreaders and honorary True Legend entry for Norsu.
immortal_2026_06_16_retired_immortals_loke_575_listed_retired_immortal,char_loke,Loke,Loke,Loke,retired,Boardreader,no,no,listed_retired_immortal,2026_06_16_retired_immortals,MUME retired immortal list,in_game_retired_immortal_list,,view wizretired,List current as of 2026-06-16,575,Loke is listed as retired a Boardreader.,medium,candidate,Copied by Lewis. Includes Boardreaders and honorary True Legend entry for Norsu.
immortal_2026_06_16_retired_immortals_lolatmi_576_listed_retired_immortal,char_lolatmi,Lolatmi,Lolatmi,Lolatmi,retired,Boardreader,no,no,listed_retired_immortal,2026_06_16_retired_immortals,MUME retired immortal list,in_game_retired_immortal_list,,view wizretired,List current as of 2026-06-16,576,Lolatmi is listed as retired a Boardreader.,medium,candidate,Copied by Lewis. Includes Boardreaders and honorary True Legend entry for Norsu.
immortal_2026_06_16_current_immortals_lome_83_listed_current_immortal,char_lómë,Lómë,Lómë,Lómë,current,Maia,no,no,listed_current_immortal,2026_06_16_current_immortals,MUME current immortal list,in_game_immortal_list,,view wizlist,List current as of 2026-06-16,83,Lómë is listed as current a Maia.,medium,candidate,Copied by Lewis. (+m) means the immortal is also a Maiar Muddler / muddle code contributor.
immortal_2026_06_16_retired_immortals_lomion_56_listed_retired_immortal,char_lomion,Lomion,Lomion,Lomion,retired,Vala,no,no,listed_retired_immortal,2026_06_16_retired_immortals,MUME retired immortal list,in_game_retired_immortal_list,,view wizretired,List current as of 2026-06-16,56,Lomion is listed as retired a Vala.,medium,candidate,Copied by Lewis. Includes Boardreaders and honorary True Legend entry for Norsu.
immortal_2026_06_16_retired_immortals_lone_131_listed_retired_immortal,char_lone,Lone,Lone,Lone,retired,Maia,no,no,listed_retired_immortal,2026_06_16_retired_immortals,MUME retired immortal list,in_game_retired_immortal_list,,view wizretired,List current as of 2026-06-16,131,Lone is listed as retired a Maia.,medium,candidate,Copied by Lewis. Includes Boardreaders and honorary True Legend entry for Norsu.
immortal_2026_06_16_retired_immortals_loomis_577_listed_retired_immortal,char_loomis,Loomis,Loomis,Loomis,retired,Boardreader,no,no,listed_retired_immortal,2026_06_16_retired_immortals,MUME retired immortal list,in_game_retired_immortal_list,,view wizretired,List current as of 2026-06-16,577,Loomis is listed as retired a Boardreader.,medium,candidate,Copied by Lewis. Includes Boardreaders and honorary True Legend entry for Norsu.
immortal_2026_06_16_retired_immortals_lorena_578_listed_retired_immortal,char_lorena,Lorena,Lorena,Lorena,retired,Boardreader,no,no,listed_retired_immortal,2026_06_16_retired_immortals,MUME retired immortal list,in_game_retired_immortal_list,,view wizretired,List current as of 2026-06-16,578,Lorena is listed as retired a Boardreader.,medium,candidate,Copied by Lewis. Includes Boardreaders and honorary True Legend entry for Norsu.
immortal_2026_06_16_retired_immortals_lorien_132_listed_retired_immortal,char_lorien,Lorien,Lorien,Lorien,retired,Maia,no,no,listed_retired_immortal,2026_06_16_retired_immortals,MUME retired immortal list,in_game_retired_immortal_list,,view wizretired,List current as of 2026-06-16,132,Lorien is listed as retired a Maia.,medium,candidate,Copied by Lewis. Includes Boardreaders and honorary True Legend entry for Norsu.
immortal_2026_06_16_retired_immortals_lospe_579_listed_retired_immortal,char_lospe,Lospe,Lospe,Lospe,retired,Boardreader,no,no,listed_retired_immortal,2026_06_16_retired_immortals,MUME retired immortal list,in_game_retired_immortal_list,,view wizretired,List current as of 2026-06-16,579,Lospe is listed as retired a Boardreader.,medium,candidate,Copied by Lewis. Includes Boardreaders and honorary True Legend entry for Norsu.
immortal_2026_06_16_retired_immortals_loy_580_listed_retired_immortal,char_loy,Loy,Loy,Loy,retired,Boardreader,no,no,listed_retired_immortal,2026_06_16_retired_immortals,MUME retired immortal list,in_game_retired_immortal_list,,view wizretired,List current as of 2026-06-16,580,Loy is listed as retired a Boardreader.,medium,candidate,Copied by Lewis. Includes Boardreaders and honorary True Legend entry for Norsu.
immortal_2026_06_16_retired_immortals_ludwig_133_listed_retired_immortal,char_ludwig,Ludwig,Ludwig,Ludwig,retired,Maia,no,no,listed_retired_immortal,2026_06_16_retired_immortals,MUME retired immortal list,in_game_retired_immortal_list,,view wizretired,List current as of 2026-06-16,133,Ludwig is listed as retired a Maia.,medium,candidate,Copied by Lewis. Includes Boardreaders and honorary True Legend entry for Norsu.
immortal_2026_06_16_retired_immortals_luineth_257_listed_retired_immortal,char_luineth,Luineth,Luineth,Luineth,retired,Maia,no,no,listed_retired_immortal,2026_06_16_retired_immortals,MUME retired immortal list,in_game_retired_immortal_list,,view wizretired,List current as of 2026-06-16,257,Luineth is listed as retired a Maia.,medium,candidate,Copied by Lewis. Includes Boardreaders and honorary True Legend entry for Norsu.
immortal_2026_06_16_retired_immortals_luinil_57_listed_retired_immortal,char_luinil,Luinil,Luinil,Luinil,retired,Vala,no,no,listed_retired_immortal,2026_06_16_retired_immortals,MUME retired immortal list,in_game_retired_immortal_list,,view wizretired,List current as of 2026-06-16,57,Luinil is listed as retired a Vala.,medium,candidate,Copied by Lewis. Includes Boardreaders and honorary True Legend entry for Norsu.
immortal_2026_06_16_retired_immortals_luke_581_listed_retired_immortal,char_luke,Luke,Luke,Luke,retired,Boardreader,no,no,listed_retired_immortal,2026_06_16_retired_immortals,MUME retired immortal list,in_game_retired_immortal_list,,view wizretired,List current as of 2026-06-16,581,Luke is listed as retired a Boardreader.,medium,candidate,Copied by Lewis. Includes Boardreaders and honorary True Legend entry for Norsu.
immortal_2026_06_16_retired_immortals_lynwen_582_listed_retired_immortal,char_lynwen,Lynwen,Lynwen,Lynwen,retired,Boardreader,no,no,listed_retired_immortal,2026_06_16_retired_immortals,MUME retired immortal list,in_game_retired_immortal_list,,view wizretired,List current as of 2026-06-16,582,Lynwen is listed as retired a Boardreader.,medium,candidate,Copied by Lewis. Includes Boardreaders and honorary True Legend entry for Norsu.
immortal_2026_06_16_retired_immortals_macabre_134_listed_retired_immortal,char_macabre,Macabre,Macabre,Macabre,retired,Maia,no,no,listed_retired_immortal,2026_06_16_retired_immortals,MUME retired immortal list,in_game_retired_immortal_list,,view wizretired,List current as of 2026-06-16,134,Macabre is listed as retired a Maia.,medium,candidate,Copied by Lewis. Includes Boardreaders and honorary True Legend entry for Norsu.
immortal_2026_06_16_retired_immortals_maedhros_58_listed_retired_immortal,char_maedhros,Maedhros,Maedhros,Maedhros,retired,Vala,no,no,listed_retired_immortal,2026_06_16_retired_immortals,MUME retired immortal list,in_game_retired_immortal_list,,view wizretired,List current as of 2026-06-16,58,Maedhros is listed as retired a Vala.,medium,candidate,Copied by Lewis. Includes Boardreaders and honorary True Legend entry for Norsu.
immortal_2026_06_16_retired_immortals_magicus_583_listed_retired_immortal,char_magicus,Magicus,Magicus,Magicus,retired,Boardreader,no,no,listed_retired_immortal,2026_06_16_retired_immortals,MUME retired immortal list,in_game_retired_immortal_list,,view wizretired,List current as of 2026-06-16,583,Magicus is listed as retired a Boardreader.,medium,candidate,Copied by Lewis. Includes Boardreaders and honorary True Legend entry for Norsu.
immortal_2026_06_16_retired_immortals_magnos_584_listed_retired_immortal,char_magnos,Magnos,Magnos,Magnos,retired,Boardreader,no,no,listed_retired_immortal,2026_06_16_retired_immortals,MUME retired immortal list,in_game_retired_immortal_list,,view wizretired,List current as of 2026-06-16,584,Magnos is listed as retired a Boardreader.,medium,candidate,Copied by Lewis. Includes Boardreaders and honorary True Legend entry for Norsu.
immortal_2026_06_16_retired_immortals_majesty_585_listed_retired_immortal,char_majesty,Majesty,Majesty,Majesty,retired,Boardreader,no,no,listed_retired_immortal,2026_06_16_retired_immortals,MUME retired immortal list,in_game_retired_immortal_list,,view wizretired,List current as of 2026-06-16,585,Majesty is listed as retired a Boardreader.,medium,candidate,Copied by Lewis. Includes Boardreaders and honorary True Legend entry for Norsu.
immortal_2026_06_16_retired_immortals_makar_27_listed_retired_immortal,char_makar,Makar,Makar,Makar,retired,Vala,no,no,listed_retired_immortal,2026_06_16_retired_immortals,MUME retired immortal list,in_game_retired_immortal_list,,view wizretired,List current as of 2026-06-16,27,Makar is listed as retired a Vala.,medium,candidate,Copied by Lewis. Includes Boardreaders and honorary True Legend entry for Norsu.
immortal_2026_06_16_retired_immortals_maldagor_586_listed_retired_immortal,char_maldagor,Maldagor,Maldagor,Maldagor,retired,Boardreader,no,no,listed_retired_immortal,2026_06_16_retired_immortals,MUME retired immortal list,in_game_retired_immortal_list,,view wizretired,List current as of 2026-06-16,586,Maldagor is listed as retired a Boardreader.,medium,candidate,Copied by Lewis. Includes Boardreaders and honorary True Legend entry for Norsu.
immortal_2026_06_16_retired_immortals_manatark_135_listed_retired_immortal,char_manatark,Manatark,Manatark,Manatark,retired,Maia,no,no,listed_retired_immortal,2026_06_16_retired_immortals,MUME retired immortal list,in_game_retired_immortal_list,,view wizretired,List current as of 2026-06-16,135,Manatark is listed as retired a Maia.,medium,candidate,Copied by Lewis. Includes Boardreaders and honorary True Legend entry for Norsu.
immortal_2026_06_16_retired_immortals_mandor_28_listed_retired_immortal,char_mandor,Mandor,Mandor,Mandor,retired,Vala,no,no,listed_retired_immortal,2026_06_16_retired_immortals,MUME retired immortal list,in_game_retired_immortal_list,,view wizretired,List current as of 2026-06-16,28,Mandor is listed as retired a Vala.,medium,candidate,Copied by Lewis. Includes Boardreaders and honorary True Legend entry for Norsu.
immortal_2026_06_16_retired_immortals_mandos_29_listed_retired_immortal,char_mandos,Mandos,Mandos,Mandos,retired,Vala,no,no,listed_retired_immortal,2026_06_16_retired_immortals,MUME retired immortal list,in_game_retired_immortal_list,,view wizretired,List current as of 2026-06-16,29,Mandos is listed as retired a Vala.,medium,candidate,Copied by Lewis. Includes Boardreaders and honorary True Legend entry for Norsu.
immortal_2026_06_16_retired_immortals_manse_587_listed_retired_immortal,char_manse,Manse,Manse,Manse,retired,Boardreader,no,no,listed_retired_immortal,2026_06_16_retired_immortals,MUME retired immortal list,in_game_retired_immortal_list,,view wizretired,List current as of 2026-06-16,587,Manse is listed as retired a Boardreader.,medium,candidate,Copied by Lewis. Includes Boardreaders and honorary True Legend entry for Norsu.
immortal_2026_06_16_current_immortals_manwe_2_listed_current_immortal,char_manwë,Manwë,Manwë,Manwë,current,Implementor,no,no,listed_current_immortal,2026_06_16_current_immortals,MUME current immortal list,in_game_immortal_list,,view wizlist,List current as of 2026-06-16,2,Manwë is listed as current an Implementor.,medium,candidate,Copied by Lewis. (+m) means the immortal is also a Maiar Muddler / muddle code contributor.
immortal_2026_06_16_retired_immortals_marathon_136_listed_retired_immortal,char_marathon,Marathon,Marathon,Marathon,retired,Maia,no,no,listed_retired_immortal,2026_06_16_retired_immortals,MUME retired immortal list,in_game_retired_immortal_list,,view wizretired,List current as of 2026-06-16,136,Marathon is listed as retired a Maia.,medium,candidate,Copied by Lewis. Includes Boardreaders and honorary True Legend entry for Norsu.
immortal_2026_06_16_retired_immortals_marcho_258_listed_retired_immortal,char_marcho,Marcho,Marcho,Marcho,retired,Maia,no,no,listed_retired_immortal,2026_06_16_retired_immortals,MUME retired immortal list,in_game_retired_immortal_list,,view wizretired,List current as of 2026-06-16,258,Marcho is listed as retired a Maia.,medium,candidate,Copied by Lewis. Includes Boardreaders and honorary True Legend entry for Norsu.
immortal_2026_06_16_current_immortals_marte_84_listed_current_immortal,char_marte,Marte,Marte,Marte,current,Maia,no,no,listed_current_immortal,2026_06_16_current_immortals,MUME current immortal list,in_game_immortal_list,,view wizlist,List current as of 2026-06-16,84,Marte is listed as current a Maia.,medium,candidate,Copied by Lewis. (+m) means the immortal is also a Maiar Muddler / muddle code contributor.
immortal_2026_06_16_retired_immortals_martijn_588_listed_retired_immortal,char_martijn,Martijn,Martijn,Martijn,retired,Boardreader,no,no,listed_retired_immortal,2026_06_16_retired_immortals,MUME retired immortal list,in_game_retired_immortal_list,,view wizretired,List current as of 2026-06-16,588,Martijn is listed as retired a Boardreader.,medium,candidate,Copied by Lewis. Includes Boardreaders and honorary True Legend entry for Norsu.
immortal_2026_06_16_retired_immortals_martyr_589_listed_retired_immortal,char_martyr,Martyr,Martyr,Martyr,retired,Boardreader,no,no,listed_retired_immortal,2026_06_16_retired_immortals,MUME retired immortal list,in_game_retired_immortal_list,,view wizretired,List current as of 2026-06-16,589,Martyr is listed as retired a Boardreader.,medium,candidate,Copied by Lewis. Includes Boardreaders and honorary True Legend entry for Norsu.
immortal_2026_06_16_retired_immortals_marvin_259_listed_retired_immortal,char_marvin,Marvin,Marvin,Marvin,retired,Maia,no,no,listed_retired_immortal,2026_06_16_retired_immortals,MUME retired immortal list,in_game_retired_immortal_list,,view wizretired,List current as of 2026-06-16,259,Marvin is listed as retired a Maia.,medium,candidate,Copied by Lewis. Includes Boardreaders and honorary True Legend entry for Norsu.
immortal_2026_06_16_retired_immortals_masq_260_listed_retired_immortal,char_masq,Masq,Masq,Masq,retired,Maia,no,no,listed_retired_immortal,2026_06_16_retired_immortals,MUME retired immortal list,in_game_retired_immortal_list,,view wizretired,List current as of 2026-06-16,260,Masq is listed as retired a Maia.,medium,candidate,Copied by Lewis. Includes Boardreaders and honorary True Legend entry for Norsu.
immortal_2026_06_16_retired_immortals_matarael_590_listed_retired_immortal,char_matarael,Matarael,Matarael,Matarael,retired,Boardreader,no,no,listed_retired_immortal,2026_06_16_retired_immortals,MUME retired immortal list,in_game_retired_immortal_list,,view wizretired,List current as of 2026-06-16,590,Matarael is listed as retired a Boardreader.,medium,candidate,Copied by Lewis. Includes Boardreaders and honorary True Legend entry for Norsu.
immortal_2026_06_16_retired_immortals_maverick_591_listed_retired_immortal,char_maverick,Maverick,Maverick,Maverick,retired,Boardreader,no,no,listed_retired_immortal,2026_06_16_retired_immortals,MUME retired immortal list,in_game_retired_immortal_list,,view wizretired,List current as of 2026-06-16,591,Maverick is listed as retired a Boardreader.,medium,candidate,Copied by Lewis. Includes Boardreaders and honorary True Legend entry for Norsu.
immortal_2026_06_16_retired_immortals_meneldil_261_listed_retired_immortal,char_meneldil,Meneldil,Meneldil,Meneldil,retired,Maia,no,no,listed_retired_immortal,2026_06_16_retired_immortals,MUME retired immortal list,in_game_retired_immortal_list,,view wizretired,List current as of 2026-06-16,261,Meneldil is listed as retired a Maia.,medium,candidate,Copied by Lewis. Includes Boardreaders and honorary True Legend entry for Norsu.
immortal_2026_06_16_retired_immortals_meneldor_592_listed_retired_immortal,char_meneldor,Meneldor,Meneldor,Meneldor,retired,Boardreader,no,no,listed_retired_immortal,2026_06_16_retired_immortals,MUME retired immortal list,in_game_retired_immortal_list,,view wizretired,List current as of 2026-06-16,592,Meneldor is listed as retired a Boardreader.,medium,candidate,Copied by Lewis. Includes Boardreaders and honorary True Legend entry for Norsu.
immortal_2026_06_16_retired_immortals_meneldur_593_listed_retired_immortal,char_meneldur,Meneldur,Meneldur,Meneldur,retired,Boardreader,no,no,listed_retired_immortal,2026_06_16_retired_immortals,MUME retired immortal list,in_game_retired_immortal_list,,view wizretired,List current as of 2026-06-16,593,Meneldur is listed as retired a Boardreader.,medium,candidate,Copied by Lewis. Includes Boardreaders and honorary True Legend entry for Norsu.
immortal_2026_06_16_retired_immortals_menelos_594_listed_retired_immortal,char_menelos,Menelos,Menelos,Menelos,retired,Boardreader,no,no,listed_retired_immortal,2026_06_16_retired_immortals,MUME retired immortal list,in_game_retired_immortal_list,,view wizretired,List current as of 2026-06-16,594,Menelos is listed as retired a Boardreader.,medium,candidate,Copied by Lewis. Includes Boardreaders and honorary True Legend entry for Norsu.
immortal_2026_06_16_retired_immortals_merg_595_listed_retired_immortal,char_merg,Merg,Merg,Merg,retired,Boardreader,no,no,listed_retired_immortal,2026_06_16_retired_immortals,MUME retired immortal list,in_game_retired_immortal_list,,view wizretired,List current as of 2026-06-16,595,Merg is listed as retired a Boardreader.,medium,candidate,Copied by Lewis. Includes Boardreaders and honorary True Legend entry for Norsu.
immortal_2026_06_16_retired_immortals_merlyn_137_listed_retired_immortal,char_merlyn,Merlyn,Merlyn,Merlyn,retired,Maia,no,no,listed_retired_immortal,2026_06_16_retired_immortals,MUME retired immortal list,in_game_retired_immortal_list,,view wizretired,List current as of 2026-06-16,137,Merlyn is listed as retired a Maia.,medium,candidate,Copied by Lewis. Includes Boardreaders and honorary True Legend entry for Norsu.
immortal_2026_06_16_retired_immortals_mezmeree_138_listed_retired_immortal,char_mezmeree,Mezmeree,Mezmeree,Mezmeree,retired,Maia,no,no,listed_retired_immortal,2026_06_16_retired_immortals,MUME retired immortal list,in_game_retired_immortal_list,,view wizretired,List current as of 2026-06-16,138,Mezmeree is listed as retired a Maia.,medium,candidate,Copied by Lewis. Includes Boardreaders and honorary True Legend entry for Norsu.
immortal_2026_06_16_retired_immortals_miax_596_listed_retired_immortal,char_miax,Miax,Miax,Miax,retired,Boardreader,no,no,listed_retired_immortal,2026_06_16_retired_immortals,MUME retired immortal list,in_game_retired_immortal_list,,view wizretired,List current as of 2026-06-16,596,Miax is listed as retired a Boardreader.,medium,candidate,Copied by Lewis. Includes Boardreaders and honorary True Legend entry for Norsu.
immortal_2026_06_16_retired_immortals_midnight_597_listed_retired_immortal,char_midnight,Midnight,Midnight,Midnight,retired,Boardreader,no,no,listed_retired_immortal,2026_06_16_retired_immortals,MUME retired immortal list,in_game_retired_immortal_list,,view wizretired,List current as of 2026-06-16,597,Midnight is listed as retired a Boardreader.,medium,candidate,Copied by Lewis. Includes Boardreaders and honorary True Legend entry for Norsu.
immortal_2026_06_16_retired_immortals_mig_598_listed_retired_immortal,char_mig,Mig,Mig,Mig,retired,Boardreader,no,no,listed_retired_immortal,2026_06_16_retired_immortals,MUME retired immortal list,in_game_retired_immortal_list,,view wizretired,List current as of 2026-06-16,598,Mig is listed as retired a Boardreader.,medium,candidate,Copied by Lewis. Includes Boardreaders and honorary True Legend entry for Norsu.
immortal_2026_06_16_retired_immortals_miho_599_listed_retired_immortal,char_miho,Miho,Miho,Miho,retired,Boardreader,no,no,listed_retired_immortal,2026_06_16_retired_immortals,MUME retired immortal list,in_game_retired_immortal_list,,view wizretired,List current as of 2026-06-16,599,Miho is listed as retired a Boardreader.,medium,candidate,Copied by Lewis. Includes Boardreaders and honorary True Legend entry for Norsu.
immortal_2026_06_16_retired_immortals_miia_600_listed_retired_immortal,char_miia,Miia,Miia,Miia,retired,Boardreader,no,no,listed_retired_immortal,2026_06_16_retired_immortals,MUME retired immortal list,in_game_retired_immortal_list,,view wizretired,List current as of 2026-06-16,600,Miia is listed as retired a Boardreader.,medium,candidate,Copied by Lewis. Includes Boardreaders and honorary True Legend entry for Norsu.
immortal_2026_06_16_retired_immortals_mim_139_listed_retired_immortal,char_mîm,Mîm,Mîm,Mîm,retired,Maia,no,no,listed_retired_immortal,2026_06_16_retired_immortals,MUME retired immortal list,in_game_retired_immortal_list,,view wizretired,List current as of 2026-06-16,139,Mîm is listed as retired a Maia.,medium,candidate,Copied by Lewis. Includes Boardreaders and honorary True Legend entry for Norsu.
immortal_2026_06_16_retired_immortals_mimbotu_601_listed_retired_immortal,char_mimbotu,Mimbotu,Mimbotu,Mimbotu,retired,Boardreader,no,no,listed_retired_immortal,2026_06_16_retired_immortals,MUME retired immortal list,in_game_retired_immortal_list,,view wizretired,List current as of 2026-06-16,601,Mimbotu is listed as retired a Boardreader.,medium,candidate,Copied by Lewis. Includes Boardreaders and honorary True Legend entry for Norsu.
immortal_2026_06_16_retired_immortals_mingz_602_listed_retired_immortal,char_mingz,Mingz,Mingz,Mingz,retired,Boardreader,no,no,listed_retired_immortal,2026_06_16_retired_immortals,MUME retired immortal list,in_game_retired_immortal_list,,view wizretired,List current as of 2026-06-16,602,Mingz is listed as retired a Boardreader.,medium,candidate,Copied by Lewis. Includes Boardreaders and honorary True Legend entry for Norsu.
immortal_2026_06_16_retired_immortals_ministry_140_listed_retired_immortal,char_ministry,Ministry,Ministry,Ministry,retired,Maia,no,no,listed_retired_immortal,2026_06_16_retired_immortals,MUME retired immortal list,in_game_retired_immortal_list,,view wizretired,List current as of 2026-06-16,140,Ministry is listed as retired a Maia.,medium,candidate,Copied by Lewis. Includes Boardreaders and honorary True Legend entry for Norsu.
immortal_2026_06_16_current_immortals_mint_7_listed_current_immortal,char_mint,Mint,Mint,Mint,current,Aratar,no,no,listed_current_immortal,2026_06_16_current_immortals,MUME current immortal list,in_game_immortal_list,,view wizlist,List current as of 2026-06-16,7,Mint is listed as current an Aratar.,medium,candidate,Copied by Lewis. (+m) means the immortal is also a Maiar Muddler / muddle code contributor.
immortal_2026_06_16_retired_immortals_mirabella_262_listed_retired_immortal,char_mirabella,Mirabella,Mirabella,Mirabella,retired,Maia,no,no,listed_retired_immortal,2026_06_16_retired_immortals,MUME retired immortal list,in_game_retired_immortal_list,,view wizretired,List current as of 2026-06-16,262,Mirabella is listed as retired a Maia.,medium,candidate,Copied by Lewis. Includes Boardreaders and honorary True Legend entry for Norsu.
immortal_2026_06_16_retired_immortals_mirimandil_603_listed_retired_immortal,char_mirimandil,Mirimandil,Mirimandil,Mirimandil,retired,Boardreader,no,no,listed_retired_immortal,2026_06_16_retired_immortals,MUME retired immortal list,in_game_retired_immortal_list,,view wizretired,List current as of 2026-06-16,603,Mirimandil is listed as retired a Boardreader.,medium,candidate,Copied by Lewis. Includes Boardreaders and honorary True Legend entry for Norsu.
immortal_2026_06_16_retired_immortals_miser_141_listed_retired_immortal,char_miser,Miser,Miser,Miser,retired,Maia,no,no,listed_retired_immortal,2026_06_16_retired_immortals,MUME retired immortal list,in_game_retired_immortal_list,,view wizretired,List current as of 2026-06-16,141,Miser is listed as retired a Maia.,medium,candidate,Copied by Lewis. Includes Boardreaders and honorary True Legend entry for Norsu.
immortal_2026_06_16_retired_immortals_mocny_142_listed_retired_immortal,char_mocny,Mocny,Mocny,Mocny,retired,Maia,no,no,listed_retired_immortal,2026_06_16_retired_immortals,MUME retired immortal list,in_game_retired_immortal_list,,view wizretired,List current as of 2026-06-16,142,Mocny is listed as retired a Maia.,medium,candidate,Copied by Lewis. Includes Boardreaders and honorary True Legend entry for Norsu.
immortal_2026_06_16_retired_immortals_moison_604_listed_retired_immortal,char_moison,Moison,Moison,Moison,retired,Boardreader,no,no,listed_retired_immortal,2026_06_16_retired_immortals,MUME retired immortal list,in_game_retired_immortal_list,,view wizretired,List current as of 2026-06-16,604,Moison is listed as retired a Boardreader.,medium,candidate,Copied by Lewis. Includes Boardreaders and honorary True Legend entry for Norsu.
immortal_2026_06_16_retired_immortals_monk_263_listed_retired_immortal,char_monk,Monk,Monk,Monk,retired,Maia,no,no,listed_retired_immortal,2026_06_16_retired_immortals,MUME retired immortal list,in_game_retired_immortal_list,,view wizretired,List current as of 2026-06-16,263,Monk is listed as retired a Maia.,medium,candidate,Copied by Lewis. Includes Boardreaders and honorary True Legend entry for Norsu.
immortal_2026_06_16_retired_immortals_moosh_605_listed_retired_immortal,char_moosh,Moosh,Moosh,Moosh,retired,Boardreader,no,no,listed_retired_immortal,2026_06_16_retired_immortals,MUME retired immortal list,in_game_retired_immortal_list,,view wizretired,List current as of 2026-06-16,605,Moosh is listed as retired a Boardreader.,medium,candidate,Copied by Lewis. Includes Boardreaders and honorary True Legend entry for Norsu.
immortal_2026_06_16_retired_immortals_mor_606_listed_retired_immortal,char_mor,Mor,Mor,Mor,retired,Boardreader,no,no,listed_retired_immortal,2026_06_16_retired_immortals,MUME retired immortal list,in_game_retired_immortal_list,,view wizretired,List current as of 2026-06-16,606,Mor is listed as retired a Boardreader.,medium,candidate,Copied by Lewis. Includes Boardreaders and honorary True Legend entry for Norsu.
immortal_2026_06_16_retired_immortals_morceleb_192_listed_retired_immortal,char_morceleb,Morceleb,Morceleb,Morceleb,retired,Maia,no,no,listed_retired_immortal,2026_06_16_retired_immortals,MUME retired immortal list,in_game_retired_immortal_list,,view wizretired,List current as of 2026-06-16,192,Morceleb is listed as retired a Maia.,medium,candidate,Copied by Lewis. Includes Boardreaders and honorary True Legend entry for Norsu.
immortal_2026_06_16_retired_immortals_mordin_607_listed_retired_immortal,char_mordin,Mordin,Mordin,Mordin,retired,Boardreader,no,no,listed_retired_immortal,2026_06_16_retired_immortals,MUME retired immortal list,in_game_retired_immortal_list,,view wizretired,List current as of 2026-06-16,607,Mordin is listed as retired a Boardreader.,medium,candidate,Copied by Lewis. Includes Boardreaders and honorary True Legend entry for Norsu.
immortal_2026_06_16_retired_immortals_mordril_608_listed_retired_immortal,char_mordril,Mordril,Mordril,Mordril,retired,Boardreader,no,no,listed_retired_immortal,2026_06_16_retired_immortals,MUME retired immortal list,in_game_retired_immortal_list,,view wizretired,List current as of 2026-06-16,608,Mordril is listed as retired a Boardreader.,medium,candidate,Copied by Lewis. Includes Boardreaders and honorary True Legend entry for Norsu.
immortal_2026_06_16_retired_immortals_morfizm_609_listed_retired_immortal,char_morfizm,Morfizm,Morfizm,Morfizm,retired,Boardreader,no,no,listed_retired_immortal,2026_06_16_retired_immortals,MUME retired immortal list,in_game_retired_immortal_list,,view wizretired,List current as of 2026-06-16,609,Morfizm is listed as retired a Boardreader.,medium,candidate,Copied by Lewis. Includes Boardreaders and honorary True Legend entry for Norsu.
immortal_2026_06_16_retired_immortals_morten_264_listed_retired_immortal,char_morten,Morten,Morten,Morten,retired,Maia,no,no,listed_retired_immortal,2026_06_16_retired_immortals,MUME retired immortal list,in_game_retired_immortal_list,,view wizretired,List current as of 2026-06-16,264,Morten is listed as retired a Maia.,medium,candidate,Copied by Lewis. Includes Boardreaders and honorary True Legend entry for Norsu.
immortal_2026_06_16_retired_immortals_moulder_610_listed_retired_immortal,char_moulder,Moulder,Moulder,Moulder,retired,Boardreader,no,no,listed_retired_immortal,2026_06_16_retired_immortals,MUME retired immortal list,in_game_retired_immortal_list,,view wizretired,List current as of 2026-06-16,610,Moulder is listed as retired a Boardreader.,medium,candidate,Copied by Lewis. Includes Boardreaders and honorary True Legend entry for Norsu.
immortal_2026_06_16_retired_immortals_mujahid_143_listed_retired_immortal,char_mujahid,Mujahid,Mujahid,Mujahid,retired,Maia,no,no,listed_retired_immortal,2026_06_16_retired_immortals,MUME retired immortal list,in_game_retired_immortal_list,,view wizretired,List current as of 2026-06-16,143,Mujahid is listed as retired a Maia.,medium,candidate,Copied by Lewis. Includes Boardreaders and honorary True Legend entry for Norsu.
immortal_2026_06_16_retired_immortals_murogor_611_listed_retired_immortal,char_murogor,Murogor,Murogor,Murogor,retired,Boardreader,no,no,listed_retired_immortal,2026_06_16_retired_immortals,MUME retired immortal list,in_game_retired_immortal_list,,view wizretired,List current as of 2026-06-16,611,Murogor is listed as retired a Boardreader.,medium,candidate,Copied by Lewis. Includes Boardreaders and honorary True Legend entry for Norsu.
immortal_2026_06_16_retired_immortals_muumi_612_listed_retired_immortal,char_muumi,Muumi,Muumi,Muumi,retired,Boardreader,no,no,listed_retired_immortal,2026_06_16_retired_immortals,MUME retired immortal list,in_game_retired_immortal_list,,view wizretired,List current as of 2026-06-16,612,Muumi is listed as retired a Boardreader.,medium,candidate,Copied by Lewis. Includes Boardreaders and honorary True Legend entry for Norsu.
immortal_2026_06_16_retired_immortals_myrador_613_listed_retired_immortal,char_myrador,Myrador,Myrador,Myrador,retired,Boardreader,no,no,listed_retired_immortal,2026_06_16_retired_immortals,MUME retired immortal list,in_game_retired_immortal_list,,view wizretired,List current as of 2026-06-16,613,Myrador is listed as retired a Boardreader.,medium,candidate,Copied by Lewis. Includes Boardreaders and honorary True Legend entry for Norsu.
immortal_2026_06_16_retired_immortals_nada_2_listed_retired_immortal,char_nada,Nada,Nada,Nada,retired,Implementor,no,no,listed_retired_immortal,2026_06_16_retired_immortals,MUME retired immortal list,in_game_retired_immortal_list,,view wizretired,List current as of 2026-06-16,2,Nada is listed as retired an Implementor.,medium,candidate,Copied by Lewis. Includes Boardreaders and honorary True Legend entry for Norsu.
immortal_2026_06_16_current_immortals_naga_22_listed_current_immortal,char_naga,Naga,Naga,Naga,current,Maia,no,no,listed_current_immortal,2026_06_16_current_immortals,MUME current immortal list,in_game_immortal_list,,view wizlist,List current as of 2026-06-16,22,Naga is listed as current a Maia.,medium,candidate,Copied by Lewis. (+m) means the immortal is also a Maiar Muddler / muddle code contributor.
immortal_2026_06_16_retired_immortals_najden_614_listed_retired_immortal,char_najden,Najden,Najden,Najden,retired,Boardreader,no,no,listed_retired_immortal,2026_06_16_retired_immortals,MUME retired immortal list,in_game_retired_immortal_list,,view wizretired,List current as of 2026-06-16,614,Najden is listed as retired a Boardreader.,medium,candidate,Copied by Lewis. Includes Boardreaders and honorary True Legend entry for Norsu.
immortal_2026_06_16_retired_immortals_nakki_615_listed_retired_immortal,char_nakki,Nakki,Nakki,Nakki,retired,Boardreader,no,no,listed_retired_immortal,2026_06_16_retired_immortals,MUME retired immortal list,in_game_retired_immortal_list,,view wizretired,List current as of 2026-06-16,615,Nakki is listed as retired a Boardreader.,medium,candidate,Copied by Lewis. Includes Boardreaders and honorary True Legend entry for Norsu.
immortal_2026_06_16_retired_immortals_naks_616_listed_retired_immortal,char_naks,Naks,Naks,Naks,retired,Boardreader,no,no,listed_retired_immortal,2026_06_16_retired_immortals,MUME retired immortal list,in_game_retired_immortal_list,,view wizretired,List current as of 2026-06-16,616,Naks is listed as retired a Boardreader.,medium,candidate,Copied by Lewis. Includes Boardreaders and honorary True Legend entry for Norsu.
immortal_2026_06_16_retired_immortals_nameless_617_listed_retired_immortal,char_nameless,Nameless,Nameless,Nameless,retired,Boardreader,no,no,listed_retired_immortal,2026_06_16_retired_immortals,MUME retired immortal list,in_game_retired_immortal_list,,view wizretired,List current as of 2026-06-16,617,Nameless is listed as retired a Boardreader.,medium,candidate,Copied by Lewis. Includes Boardreaders and honorary True Legend entry for Norsu.
immortal_2026_06_16_retired_immortals_namo_7_listed_retired_immortal,char_námo,Námo,Námo,Námo,retired,Aratar,no,no,listed_retired_immortal,2026_06_16_retired_immortals,MUME retired immortal list,in_game_retired_immortal_list,,view wizretired,List current as of 2026-06-16,7,Námo is listed as retired an Aratar.,medium,candidate,Copied by Lewis. Includes Boardreaders and honorary True Legend entry for Norsu.
immortal_2026_06_16_retired_immortals_narcissus_193_listed_retired_immortal,char_narcissus,Narcissus,Narcissus,Narcissus,retired,Maia,no,no,listed_retired_immortal,2026_06_16_retired_immortals,MUME retired immortal list,in_game_retired_immortal_list,,view wizretired,List current as of 2026-06-16,193,Narcissus is listed as retired a Maia.,medium,candidate,Copied by Lewis. Includes Boardreaders and honorary True Legend entry for Norsu.
immortal_2026_06_16_retired_immortals_narndir_265_listed_retired_immortal,char_narndir,Narndir,Narndir,Narndir,retired,Maia,no,no,listed_retired_immortal,2026_06_16_retired_immortals,MUME retired immortal list,in_game_retired_immortal_list,,view wizretired,List current as of 2026-06-16,265,Narndir is listed as retired a Maia.,medium,candidate,Copied by Lewis. Includes Boardreaders and honorary True Legend entry for Norsu.
immortal_2026_06_16_retired_immortals_narond_618_listed_retired_immortal,char_narond,Narond,Narond,Narond,retired,Boardreader,no,no,listed_retired_immortal,2026_06_16_retired_immortals,MUME retired immortal list,in_game_retired_immortal_list,,view wizretired,List current as of 2026-06-16,618,Narond is listed as retired a Boardreader.,medium,candidate,Copied by Lewis. Includes Boardreaders and honorary True Legend entry for Norsu.
immortal_2026_06_16_retired_immortals_naxis_619_listed_retired_immortal,char_naxis,Naxis,Naxis,Naxis,retired,Boardreader,no,no,listed_retired_immortal,2026_06_16_retired_immortals,MUME retired immortal list,in_game_retired_immortal_list,,view wizretired,List current as of 2026-06-16,619,Naxis is listed as retired a Boardreader.,medium,candidate,Copied by Lewis. Includes Boardreaders and honorary True Legend entry for Norsu.
immortal_2026_06_16_retired_immortals_nazir_620_listed_retired_immortal,char_nazir,Nazir,Nazir,Nazir,retired,Boardreader,no,no,listed_retired_immortal,2026_06_16_retired_immortals,MUME retired immortal list,in_game_retired_immortal_list,,view wizretired,List current as of 2026-06-16,620,Nazir is listed as retired a Boardreader.,medium,candidate,Copied by Lewis. Includes Boardreaders and honorary True Legend entry for Norsu.
immortal_2026_06_16_retired_immortals_neidoles_621_listed_retired_immortal,char_neidoles,Neidoles,Neidoles,Neidoles,retired,Boardreader,no,no,listed_retired_immortal,2026_06_16_retired_immortals,MUME retired immortal list,in_game_retired_immortal_list,,view wizretired,List current as of 2026-06-16,621,Neidoles is listed as retired a Boardreader.,medium,candidate,Copied by Lewis. Includes Boardreaders and honorary True Legend entry for Norsu.
immortal_2026_06_16_retired_immortals_neithan_622_listed_retired_immortal,char_neithan,Neithan,Neithan,Neithan,retired,Boardreader,no,no,listed_retired_immortal,2026_06_16_retired_immortals,MUME retired immortal list,in_game_retired_immortal_list,,view wizretired,List current as of 2026-06-16,622,Neithan is listed as retired a Boardreader.,medium,candidate,Copied by Lewis. Includes Boardreaders and honorary True Legend entry for Norsu.
immortal_2026_06_16_retired_immortals_neptune_623_listed_retired_immortal,char_neptune,Neptune,Neptune,Neptune,retired,Boardreader,no,no,listed_retired_immortal,2026_06_16_retired_immortals,MUME retired immortal list,in_game_retired_immortal_list,,view wizretired,List current as of 2026-06-16,623,Neptune is listed as retired a Boardreader.,medium,candidate,Copied by Lewis. Includes Boardreaders and honorary True Legend entry for Norsu.
immortal_2026_06_16_retired_immortals_newc_624_listed_retired_immortal,char_newc,Newc,Newc,Newc,retired,Boardreader,no,no,listed_retired_immortal,2026_06_16_retired_immortals,MUME retired immortal list,in_game_retired_immortal_list,,view wizretired,List current as of 2026-06-16,624,Newc is listed as retired a Boardreader.,medium,candidate,Copied by Lewis. Includes Boardreaders and honorary True Legend entry for Norsu.
immortal_2026_06_16_retired_immortals_niccolo_266_listed_retired_immortal,char_niccolo,Niccolo,Niccolo,Niccolo,retired,Maia,no,no,listed_retired_immortal,2026_06_16_retired_immortals,MUME retired immortal list,in_game_retired_immortal_list,,view wizretired,List current as of 2026-06-16,266,Niccolo is listed as retired a Maia.,medium,candidate,Copied by Lewis. Includes Boardreaders and honorary True Legend entry for Norsu.
immortal_2026_06_16_retired_immortals_nieat_625_listed_retired_immortal,char_níeat,Níeat,Níeat,Níeat,retired,Boardreader,no,no,listed_retired_immortal,2026_06_16_retired_immortals,MUME retired immortal list,in_game_retired_immortal_list,,view wizretired,List current as of 2026-06-16,625,Níeat is listed as retired a Boardreader.,medium,candidate,Copied by Lewis. Includes Boardreaders and honorary True Legend entry for Norsu.
immortal_2026_06_16_retired_immortals_nienor_8_listed_retired_immortal,char_nienor,Nienor,Nienor,Nienor,retired,Aratar,no,no,listed_retired_immortal,2026_06_16_retired_immortals,MUME retired immortal list,in_game_retired_immortal_list,,view wizretired,List current as of 2026-06-16,8,Nienor is listed as retired an Aratar.,medium,candidate,Copied by Lewis. Includes Boardreaders and honorary True Legend entry for Norsu.
immortal_2026_06_16_retired_immortals_nighthawk_267_listed_retired_immortal,char_nighthawk,Nighthawk,Nighthawk,Nighthawk,retired,Maia,no,no,listed_retired_immortal,2026_06_16_retired_immortals,MUME retired immortal list,in_game_retired_immortal_list,,view wizretired,List current as of 2026-06-16,267,Nighthawk is listed as retired a Maia.,medium,candidate,Copied by Lewis. Includes Boardreaders and honorary True Legend entry for Norsu.
immortal_2026_06_16_retired_immortals_nightshade_626_listed_retired_immortal,char_nightshade,Nightshade,Nightshade,Nightshade,retired,Boardreader,no,no,listed_retired_immortal,2026_06_16_retired_immortals,MUME retired immortal list,in_game_retired_immortal_list,,view wizretired,List current as of 2026-06-16,626,Nightshade is listed as retired a Boardreader.,medium,candidate,Copied by Lewis. Includes Boardreaders and honorary True Legend entry for Norsu.
immortal_2026_06_16_retired_immortals_nightstar_627_listed_retired_immortal,char_nightstar,Nightstar,Nightstar,Nightstar,retired,Boardreader,no,no,listed_retired_immortal,2026_06_16_retired_immortals,MUME retired immortal list,in_game_retired_immortal_list,,view wizretired,List current as of 2026-06-16,627,Nightstar is listed as retired a Boardreader.,medium,candidate,Copied by Lewis. Includes Boardreaders and honorary True Legend entry for Norsu.
immortal_2026_06_16_retired_immortals_niisku_628_listed_retired_immortal,char_niisku,Niisku,Niisku,Niisku,retired,Boardreader,no,no,listed_retired_immortal,2026_06_16_retired_immortals,MUME retired immortal list,in_game_retired_immortal_list,,view wizretired,List current as of 2026-06-16,628,Niisku is listed as retired a Boardreader.,medium,candidate,Copied by Lewis. Includes Boardreaders and honorary True Legend entry for Norsu.
immortal_2026_06_16_retired_immortals_njaa_629_listed_retired_immortal,char_njaa,Njaa,Njaa,Njaa,retired,Boardreader,no,no,listed_retired_immortal,2026_06_16_retired_immortals,MUME retired immortal list,in_game_retired_immortal_list,,view wizretired,List current as of 2026-06-16,629,Njaa is listed as retired a Boardreader.,medium,candidate,Copied by Lewis. Includes Boardreaders and honorary True Legend entry for Norsu.
immortal_2026_06_16_retired_immortals_noki_630_listed_retired_immortal,char_noki,Noki,Noki,Noki,retired,Boardreader,no,no,listed_retired_immortal,2026_06_16_retired_immortals,MUME retired immortal list,in_game_retired_immortal_list,,view wizretired,List current as of 2026-06-16,630,Noki is listed as retired a Boardreader.,medium,candidate,Copied by Lewis. Includes Boardreaders and honorary True Legend entry for Norsu.
immortal_2026_06_16_retired_immortals_nokiel_631_listed_retired_immortal,char_nokiel,Nokiel,Nokiel,Nokiel,retired,Boardreader,no,no,listed_retired_immortal,2026_06_16_retired_immortals,MUME retired immortal list,in_game_retired_immortal_list,,view wizretired,List current as of 2026-06-16,631,Nokiel is listed as retired a Boardreader.,medium,candidate,Copied by Lewis. Includes Boardreaders and honorary True Legend entry for Norsu.
immortal_2026_06_16_retired_immortals_nom_194_listed_retired_immortal,char_nom,Nom,Nom,Nom,retired,Maia,no,no,listed_retired_immortal,2026_06_16_retired_immortals,MUME retired immortal list,in_game_retired_immortal_list,,view wizretired,List current as of 2026-06-16,194,Nom is listed as retired a Maia.,medium,candidate,Copied by Lewis. Includes Boardreaders and honorary True Legend entry for Norsu.
immortal_2026_06_16_retired_immortals_norfyr_632_listed_retired_immortal,char_norfyr,Norfyr,Norfyr,Norfyr,retired,Boardreader,no,no,listed_retired_immortal,2026_06_16_retired_immortals,MUME retired immortal list,in_game_retired_immortal_list,,view wizretired,List current as of 2026-06-16,632,Norfyr is listed as retired a Boardreader.,medium,candidate,Copied by Lewis. Includes Boardreaders and honorary True Legend entry for Norsu.
immortal_2026_06_16_retired_immortals_nori_633_listed_retired_immortal,char_nori,Nori,Nori,Nori,retired,Boardreader,no,no,listed_retired_immortal,2026_06_16_retired_immortals,MUME retired immortal list,in_game_retired_immortal_list,,view wizretired,List current as of 2026-06-16,633,Nori is listed as retired a Boardreader.,medium,candidate,Copied by Lewis. Includes Boardreaders and honorary True Legend entry for Norsu.
immortal_2026_06_16_retired_immortals_norsu_799_honorary_immortal,char_norsu,Norsu,Norsu,Norsu,retired,True Legend,no,yes,honorary_immortal,2026_06_16_retired_immortals,MUME retired immortal list,in_game_retired_immortal_list,,view wizretired,List current as of 2026-06-16,799,Norsu is listed as retired a True Legend. honorary immortal marker present.,medium,candidate,First character to reach level 100; honorary immortal.
immortal_2026_06_16_retired_immortals_norton_634_listed_retired_immortal,char_norton,Norton,Norton,Norton,retired,Boardreader,no,no,listed_retired_immortal,2026_06_16_retired_immortals,MUME retired immortal list,in_game_retired_immortal_list,,view wizretired,List current as of 2026-06-16,634,Norton is listed as retired a Boardreader.,medium,candidate,Copied by Lewis. Includes Boardreaders and honorary True Legend entry for Norsu.
immortal_2026_06_16_retired_immortals_nugle_144_listed_retired_immortal,char_nugle,Nugle,Nugle,Nugle,retired,Maia,no,no,listed_retired_immortal,2026_06_16_retired_immortals,MUME retired immortal list,in_game_retired_immortal_list,,view wizretired,List current as of 2026-06-16,144,Nugle is listed as retired a Maia.,medium,candidate,Copied by Lewis. Includes Boardreaders and honorary True Legend entry for Norsu.
immortal_2026_06_16_retired_immortals_nukah_268_listed_retired_immortal,char_nukah,Nukah,Nukah,Nukah,retired,Maia,no,no,listed_retired_immortal,2026_06_16_retired_immortals,MUME retired immortal list,in_game_retired_immortal_list,,view wizretired,List current as of 2026-06-16,268,Nukah is listed as retired a Maia.,medium,candidate,Copied by Lewis. Includes Boardreaders and honorary True Legend entry for Norsu.
immortal_2026_06_16_retired_immortals_nymne_635_listed_retired_immortal,char_nymne,Nymne,Nymne,Nymne,retired,Boardreader,no,no,listed_retired_immortal,2026_06_16_retired_immortals,MUME retired immortal list,in_game_retired_immortal_list,,view wizretired,List current as of 2026-06-16,635,Nymne is listed as retired a Boardreader.,medium,candidate,Copied by Lewis. Includes Boardreaders and honorary True Legend entry for Norsu.
immortal_2026_06_16_retired_immortals_ociris_636_listed_retired_immortal,char_ociris,Ociris,Ociris,Ociris,retired,Boardreader,no,no,listed_retired_immortal,2026_06_16_retired_immortals,MUME retired immortal list,in_game_retired_immortal_list,,view wizretired,List current as of 2026-06-16,636,Ociris is listed as retired a Boardreader.,medium,candidate,Copied by Lewis. Includes Boardreaders and honorary True Legend entry for Norsu.
immortal_2026_06_16_current_immortals_octavia_85_listed_current_immortal,char_octavia,Octavia,Octavia,Octavia,current,Maia,no,no,listed_current_immortal,2026_06_16_current_immortals,MUME current immortal list,in_game_immortal_list,,view wizlist,List current as of 2026-06-16,85,Octavia is listed as current a Maia.,medium,candidate,Copied by Lewis. (+m) means the immortal is also a Maiar Muddler / muddle code contributor.
immortal_2026_06_16_retired_immortals_oin_59_listed_retired_immortal,char_óin,Óin,Óin,Óin,retired,Vala,no,no,listed_retired_immortal,2026_06_16_retired_immortals,MUME retired immortal list,in_game_retired_immortal_list,,view wizretired,List current as of 2026-06-16,59,Óin is listed as retired a Vala.,medium,candidate,Copied by Lewis. Includes Boardreaders and honorary True Legend entry for Norsu.
immortal_2026_06_16_current_immortals_oisin_54_listed_current_immortal,char_oisín,Oisín,Oisín,Oisín,current,Maia,no,no,listed_current_immortal,2026_06_16_current_immortals,MUME current immortal list,in_game_immortal_list,,view wizlist,List current as of 2026-06-16,54,Oisín is listed as current a Maia.,medium,candidate,Copied by Lewis. (+m) means the immortal is also a Maiar Muddler / muddle code contributor.
immortal_2026_06_16_retired_immortals_olin_637_listed_retired_immortal,char_ólin,Ólin,Ólin,Ólin,retired,Boardreader,no,no,listed_retired_immortal,2026_06_16_retired_immortals,MUME retired immortal list,in_game_retired_immortal_list,,view wizretired,List current as of 2026-06-16,637,Ólin is listed as retired a Boardreader.,medium,candidate,Copied by Lewis. Includes Boardreaders and honorary True Legend entry for Norsu.
immortal_2026_06_16_retired_immortals_olorin_145_listed_retired_immortal,char_olorin,Olorin,Olorin,Olorin,retired,Maia,no,no,listed_retired_immortal,2026_06_16_retired_immortals,MUME retired immortal list,in_game_retired_immortal_list,,view wizretired,List current as of 2026-06-16,145,Olorin is listed as retired a Maia.,medium,candidate,Copied by Lewis. Includes Boardreaders and honorary True Legend entry for Norsu.
immortal_2026_06_16_current_immortals_omega_86_listed_current_immortal,char_omega,Omega,Omega,Omega,current,Maia,no,no,listed_current_immortal,2026_06_16_current_immortals,MUME current immortal list,in_game_immortal_list,,view wizlist,List current as of 2026-06-16,86,Omega is listed as current a Maia.,medium,candidate,Copied by Lewis. (+m) means the immortal is also a Maiar Muddler / muddle code contributor.
immortal_2026_06_16_retired_immortals_omen_638_listed_retired_immortal,char_omen,Omen,Omen,Omen,retired,Boardreader,no,no,listed_retired_immortal,2026_06_16_retired_immortals,MUME retired immortal list,in_game_retired_immortal_list,,view wizretired,List current as of 2026-06-16,638,Omen is listed as retired a Boardreader.,medium,candidate,Copied by Lewis. Includes Boardreaders and honorary True Legend entry for Norsu.
immortal_2026_06_16_retired_immortals_one_639_listed_retired_immortal,char_one,One,One,One,retired,Boardreader,no,no,listed_retired_immortal,2026_06_16_retired_immortals,MUME retired immortal list,in_game_retired_immortal_list,,view wizretired,List current as of 2026-06-16,639,One is listed as retired a Boardreader.,medium,candidate,Copied by Lewis. Includes Boardreaders and honorary True Legend entry for Norsu.
immortal_2026_06_16_retired_immortals_opus_640_listed_retired_immortal,char_opus,Opus,Opus,Opus,retired,Boardreader,no,no,listed_retired_immortal,2026_06_16_retired_immortals,MUME retired immortal list,in_game_retired_immortal_list,,view wizretired,List current as of 2026-06-16,640,Opus is listed as retired a Boardreader.,medium,candidate,Copied by Lewis. Includes Boardreaders and honorary True Legend entry for Norsu.
immortal_2026_06_16_retired_immortals_ori_641_listed_retired_immortal,char_ori,Ori,Ori,Ori,retired,Boardreader,no,no,listed_retired_immortal,2026_06_16_retired_immortals,MUME retired immortal list,in_game_retired_immortal_list,,view wizretired,List current as of 2026-06-16,641,Ori is listed as retired a Boardreader.,medium,candidate,Copied by Lewis. Includes Boardreaders and honorary True Legend entry for Norsu.
immortal_2026_06_16_retired_immortals_orion_146_listed_retired_immortal,char_orion,Orion,Orion,Orion,retired,Maia,no,no,listed_retired_immortal,2026_06_16_retired_immortals,MUME retired immortal list,in_game_retired_immortal_list,,view wizretired,List current as of 2026-06-16,146,Orion is listed as retired a Maia.,medium,candidate,Copied by Lewis. Includes Boardreaders and honorary True Legend entry for Norsu.
immortal_2026_06_16_current_immortals_orlanth_15_listed_current_immortal,char_orlanth,Orlanth,Orlanth,Orlanth,current,Vala,no,no,listed_current_immortal,2026_06_16_current_immortals,MUME current immortal list,in_game_immortal_list,,view wizlist,List current as of 2026-06-16,15,Orlanth is listed as current a Vala.,medium,candidate,Copied by Lewis. (+m) means the immortal is also a Maiar Muddler / muddle code contributor.
immortal_2026_06_16_retired_immortals_orm_642_listed_retired_immortal,char_orm,Orm,Orm,Orm,retired,Boardreader,no,no,listed_retired_immortal,2026_06_16_retired_immortals,MUME retired immortal list,in_game_retired_immortal_list,,view wizretired,List current as of 2026-06-16,642,Orm is listed as retired a Boardreader.,medium,candidate,Copied by Lewis. Includes Boardreaders and honorary True Legend entry for Norsu.
immortal_2026_06_16_retired_immortals_orome_147_listed_retired_immortal,char_orome,Orome,Orome,Orome,retired,Maia,no,no,listed_retired_immortal,2026_06_16_retired_immortals,MUME retired immortal list,in_game_retired_immortal_list,,view wizretired,List current as of 2026-06-16,147,Orome is listed as retired a Maia.,medium,candidate,Copied by Lewis. Includes Boardreaders and honorary True Legend entry for Norsu.
immortal_2026_06_16_retired_immortals_oseler_643_listed_retired_immortal,char_öseler,Öseler,Öseler,Öseler,retired,Boardreader,no,no,listed_retired_immortal,2026_06_16_retired_immortals,MUME retired immortal list,in_game_retired_immortal_list,,view wizretired,List current as of 2026-06-16,643,Öseler is listed as retired a Boardreader.,medium,candidate,Copied by Lewis. Includes Boardreaders and honorary True Legend entry for Norsu.
immortal_2026_06_16_retired_immortals_osse_644_listed_retired_immortal,char_ossë,Ossë,Ossë,Ossë,retired,Boardreader,no,no,listed_retired_immortal,2026_06_16_retired_immortals,MUME retired immortal list,in_game_retired_immortal_list,,view wizretired,List current as of 2026-06-16,644,Ossë is listed as retired a Boardreader.,medium,candidate,Copied by Lewis. Includes Boardreaders and honorary True Legend entry for Norsu.
immortal_2026_06_16_retired_immortals_overlord_645_listed_retired_immortal,char_overlord,Overlord,Overlord,Overlord,retired,Boardreader,no,no,listed_retired_immortal,2026_06_16_retired_immortals,MUME retired immortal list,in_game_retired_immortal_list,,view wizretired,List current as of 2026-06-16,645,Overlord is listed as retired a Boardreader.,medium,candidate,Copied by Lewis. Includes Boardreaders and honorary True Legend entry for Norsu.
immortal_2026_06_16_retired_immortals_owin_646_listed_retired_immortal,char_owin,Owin,Owin,Owin,retired,Boardreader,no,no,listed_retired_immortal,2026_06_16_retired_immortals,MUME retired immortal list,in_game_retired_immortal_list,,view wizretired,List current as of 2026-06-16,646,Owin is listed as retired a Boardreader.,medium,candidate,Copied by Lewis. Includes Boardreaders and honorary True Legend entry for Norsu.
immortal_2026_06_16_retired_immortals_ozelot_647_listed_retired_immortal,char_ozelot,Ozelot,Ozelot,Ozelot,retired,Boardreader,no,no,listed_retired_immortal,2026_06_16_retired_immortals,MUME retired immortal list,in_game_retired_immortal_list,,view wizretired,List current as of 2026-06-16,647,Ozelot is listed as retired a Boardreader.,medium,candidate,Copied by Lewis. Includes Boardreaders and honorary True Legend entry for Norsu.
immortal_2026_06_16_retired_immortals_paladin_648_listed_retired_immortal,char_paladin,Paladin,Paladin,Paladin,retired,Boardreader,no,no,listed_retired_immortal,2026_06_16_retired_immortals,MUME retired immortal list,in_game_retired_immortal_list,,view wizretired,List current as of 2026-06-16,648,Paladin is listed as retired a Boardreader.,medium,candidate,Copied by Lewis. Includes Boardreaders and honorary True Legend entry for Norsu.
immortal_2026_06_16_retired_immortals_pallando_148_listed_retired_immortal,char_pallando,Pallando,Pallando,Pallando,retired,Maia,no,no,listed_retired_immortal,2026_06_16_retired_immortals,MUME retired immortal list,in_game_retired_immortal_list,,view wizretired,List current as of 2026-06-16,148,Pallando is listed as retired a Maia.,medium,candidate,Copied by Lewis. Includes Boardreaders and honorary True Legend entry for Norsu.
immortal_2026_06_16_retired_immortals_pandelume_649_listed_retired_immortal,char_pandelume,Pandelume,Pandelume,Pandelume,retired,Boardreader,no,no,listed_retired_immortal,2026_06_16_retired_immortals,MUME retired immortal list,in_game_retired_immortal_list,,view wizretired,List current as of 2026-06-16,649,Pandelume is listed as retired a Boardreader.,medium,candidate,Copied by Lewis. Includes Boardreaders and honorary True Legend entry for Norsu.
immortal_2026_06_16_retired_immortals_papa_650_listed_retired_immortal,char_papa,Papa,Papa,Papa,retired,Boardreader,no,no,listed_retired_immortal,2026_06_16_retired_immortals,MUME retired immortal list,in_game_retired_immortal_list,,view wizretired,List current as of 2026-06-16,650,Papa is listed as retired a Boardreader.,medium,candidate,Copied by Lewis. Includes Boardreaders and honorary True Legend entry for Norsu.
immortal_2026_06_16_retired_immortals_parador_269_listed_retired_immortal,char_parador,Parador,Parador,Parador,retired,Maia,no,no,listed_retired_immortal,2026_06_16_retired_immortals,MUME retired immortal list,in_game_retired_immortal_list,,view wizretired,List current as of 2026-06-16,269,Parador is listed as retired a Maia.,medium,candidate,Copied by Lewis. Includes Boardreaders and honorary True Legend entry for Norsu.
immortal_2026_06_16_retired_immortals_paras_149_listed_retired_immortal,char_paras,Paras,Paras,Paras,retired,Maia,no,no,listed_retired_immortal,2026_06_16_retired_immortals,MUME retired immortal list,in_game_retired_immortal_list,,view wizretired,List current as of 2026-06-16,149,Paras is listed as retired a Maia.,medium,candidate,Copied by Lewis. Includes Boardreaders and honorary True Legend entry for Norsu.
immortal_2026_06_16_retired_immortals_patriot_651_listed_retired_immortal,char_patriot,Patriot,Patriot,Patriot,retired,Boardreader,no,no,listed_retired_immortal,2026_06_16_retired_immortals,MUME retired immortal list,in_game_retired_immortal_list,,view wizretired,List current as of 2026-06-16,651,Patriot is listed as retired a Boardreader.,medium,candidate,Copied by Lewis. Includes Boardreaders and honorary True Legend entry for Norsu.
immortal_2026_06_16_retired_immortals_paunch_652_listed_retired_immortal,char_paunch,Paunch,Paunch,Paunch,retired,Boardreader,no,no,listed_retired_immortal,2026_06_16_retired_immortals,MUME retired immortal list,in_game_retired_immortal_list,,view wizretired,List current as of 2026-06-16,652,Paunch is listed as retired a Boardreader.,medium,candidate,Copied by Lewis. Includes Boardreaders and honorary True Legend entry for Norsu.
immortal_2026_06_16_retired_immortals_pendak_653_listed_retired_immortal,char_pendak,Pendak,Pendak,Pendak,retired,Boardreader,no,no,listed_retired_immortal,2026_06_16_retired_immortals,MUME retired immortal list,in_game_retired_immortal_list,,view wizretired,List current as of 2026-06-16,653,Pendak is listed as retired a Boardreader.,medium,candidate,Copied by Lewis. Includes Boardreaders and honorary True Legend entry for Norsu.
immortal_2026_06_16_retired_immortals_perrin_270_listed_retired_immortal,char_perrin,Perrin,Perrin,Perrin,retired,Maia,no,no,listed_retired_immortal,2026_06_16_retired_immortals,MUME retired immortal list,in_game_retired_immortal_list,,view wizretired,List current as of 2026-06-16,270,Perrin is listed as retired a Maia.,medium,candidate,Copied by Lewis. Includes Boardreaders and honorary True Legend entry for Norsu.
immortal_2026_06_16_retired_immortals_petrel_60_listed_retired_immortal,char_petrel,Petrel,Petrel,Petrel,retired,Vala,no,no,listed_retired_immortal,2026_06_16_retired_immortals,MUME retired immortal list,in_game_retired_immortal_list,,view wizretired,List current as of 2026-06-16,60,Petrel is listed as retired a Vala.,medium,candidate,Copied by Lewis. Includes Boardreaders and honorary True Legend entry for Norsu.
immortal_2026_06_16_retired_immortals_phier_61_listed_retired_immortal,char_phier,Phier,Phier,Phier,retired,Vala,no,no,listed_retired_immortal,2026_06_16_retired_immortals,MUME retired immortal list,in_game_retired_immortal_list,,view wizretired,List current as of 2026-06-16,61,Phier is listed as retired a Vala.,medium,candidate,Copied by Lewis. Includes Boardreaders and honorary True Legend entry for Norsu.
immortal_2026_06_16_retired_immortals_phishhead_654_listed_retired_immortal,char_phishhead,Phishhead,Phishhead,Phishhead,retired,Boardreader,no,no,listed_retired_immortal,2026_06_16_retired_immortals,MUME retired immortal list,in_game_retired_immortal_list,,view wizretired,List current as of 2026-06-16,654,Phishhead is listed as retired a Boardreader.,medium,candidate,Copied by Lewis. Includes Boardreaders and honorary True Legend entry for Norsu.
immortal_2026_06_16_retired_immortals_phloxy_195_listed_retired_immortal,char_phloxy,Phloxy,Phloxy,Phloxy,retired,Maia,no,no,listed_retired_immortal,2026_06_16_retired_immortals,MUME retired immortal list,in_game_retired_immortal_list,,view wizretired,List current as of 2026-06-16,195,Phloxy is listed as retired a Maia.,medium,candidate,Copied by Lewis. Includes Boardreaders and honorary True Legend entry for Norsu.
immortal_2026_06_16_retired_immortals_pif_655_listed_retired_immortal,char_pif,Pif,Pif,Pif,retired,Boardreader,no,no,listed_retired_immortal,2026_06_16_retired_immortals,MUME retired immortal list,in_game_retired_immortal_list,,view wizretired,List current as of 2026-06-16,655,Pif is listed as retired a Boardreader.,medium,candidate,Copied by Lewis. Includes Boardreaders and honorary True Legend entry for Norsu.
immortal_2026_06_16_retired_immortals_pikel_150_listed_retired_immortal,char_pikel,Pikel,Pikel,Pikel,retired,Maia,no,no,listed_retired_immortal,2026_06_16_retired_immortals,MUME retired immortal list,in_game_retired_immortal_list,,view wizretired,List current as of 2026-06-16,150,Pikel is listed as retired a Maia.,medium,candidate,Copied by Lewis. Includes Boardreaders and honorary True Legend entry for Norsu.
immortal_2026_06_16_current_immortals_pilois_16_listed_current_immortal,char_pilois,Pilois,Pilois,Pilois,current,Vala,no,no,listed_current_immortal,2026_06_16_current_immortals,MUME current immortal list,in_game_immortal_list,,view wizlist,List current as of 2026-06-16,16,Pilois is listed as current a Vala.,medium,candidate,Copied by Lewis. (+m) means the immortal is also a Maiar Muddler / muddle code contributor.
immortal_2026_06_16_retired_immortals_pils_271_listed_retired_immortal,char_pils,Pils,Pils,Pils,retired,Maia,no,no,listed_retired_immortal,2026_06_16_retired_immortals,MUME retired immortal list,in_game_retired_immortal_list,,view wizretired,List current as of 2026-06-16,271,Pils is listed as retired a Maia.,medium,candidate,Copied by Lewis. Includes Boardreaders and honorary True Legend entry for Norsu.
immortal_2026_06_16_retired_immortals_pilsner_656_listed_retired_immortal,char_pilsner,Pilsner,Pilsner,Pilsner,retired,Boardreader,no,no,listed_retired_immortal,2026_06_16_retired_immortals,MUME retired immortal list,in_game_retired_immortal_list,,view wizretired,List current as of 2026-06-16,656,Pilsner is listed as retired a Boardreader.,medium,candidate,Copied by Lewis. Includes Boardreaders and honorary True Legend entry for Norsu.
immortal_2026_06_16_retired_immortals_piter_657_listed_retired_immortal,char_piter,Piter,Piter,Piter,retired,Boardreader,no,no,listed_retired_immortal,2026_06_16_retired_immortals,MUME retired immortal list,in_game_retired_immortal_list,,view wizretired,List current as of 2026-06-16,657,Piter is listed as retired a Boardreader.,medium,candidate,Copied by Lewis. Includes Boardreaders and honorary True Legend entry for Norsu.
immortal_2026_06_16_retired_immortals_pong_658_listed_retired_immortal,char_pong,Pong,Pong,Pong,retired,Boardreader,no,no,listed_retired_immortal,2026_06_16_retired_immortals,MUME retired immortal list,in_game_retired_immortal_list,,view wizretired,List current as of 2026-06-16,658,Pong is listed as retired a Boardreader.,medium,candidate,Copied by Lewis. Includes Boardreaders and honorary True Legend entry for Norsu.
immortal_2026_06_16_current_immortals_porien_87_listed_current_immortal,char_porien,Porien,Porien,Porien,current,Maia,no,no,listed_current_immortal,2026_06_16_current_immortals,MUME current immortal list,in_game_immortal_list,,view wizlist,List current as of 2026-06-16,87,Porien is listed as current a Maia.,medium,candidate,Copied by Lewis. (+m) means the immortal is also a Maiar Muddler / muddle code contributor.
immortal_2026_06_16_retired_immortals_prabowo_659_listed_retired_immortal,char_prabowo,Prabowo,Prabowo,Prabowo,retired,Boardreader,no,no,listed_retired_immortal,2026_06_16_retired_immortals,MUME retired immortal list,in_game_retired_immortal_list,,view wizretired,List current as of 2026-06-16,659,Prabowo is listed as retired a Boardreader.,medium,candidate,Copied by Lewis. Includes Boardreaders and honorary True Legend entry for Norsu.
immortal_2026_06_16_retired_immortals_prami_660_listed_retired_immortal,char_prami,Prami,Prami,Prami,retired,Boardreader,no,no,listed_retired_immortal,2026_06_16_retired_immortals,MUME retired immortal list,in_game_retired_immortal_list,,view wizretired,List current as of 2026-06-16,660,Prami is listed as retired a Boardreader.,medium,candidate,Copied by Lewis. Includes Boardreaders and honorary True Legend entry for Norsu.
immortal_2026_06_16_retired_immortals_quack_661_listed_retired_immortal,char_quack,Quack,Quack,Quack,retired,Boardreader,no,no,listed_retired_immortal,2026_06_16_retired_immortals,MUME retired immortal list,in_game_retired_immortal_list,,view wizretired,List current as of 2026-06-16,661,Quack is listed as retired a Boardreader.,medium,candidate,Copied by Lewis. Includes Boardreaders and honorary True Legend entry for Norsu.
immortal_2026_06_16_retired_immortals_quende_662_listed_retired_immortal,char_quende,Quende,Quende,Quende,retired,Boardreader,no,no,listed_retired_immortal,2026_06_16_retired_immortals,MUME retired immortal list,in_game_retired_immortal_list,,view wizretired,List current as of 2026-06-16,662,Quende is listed as retired a Boardreader.,medium,candidate,Copied by Lewis. Includes Boardreaders and honorary True Legend entry for Norsu.
immortal_2026_06_16_retired_immortals_quic_663_listed_retired_immortal,char_quic,Quic,Quic,Quic,retired,Boardreader,no,no,listed_retired_immortal,2026_06_16_retired_immortals,MUME retired immortal list,in_game_retired_immortal_list,,view wizretired,List current as of 2026-06-16,663,Quic is listed as retired a Boardreader.,medium,candidate,Copied by Lewis. Includes Boardreaders and honorary True Legend entry for Norsu.
immortal_2026_06_16_retired_immortals_quillis_74_listed_retired_immortal,char_quillis,Quillis,Quillis,Quillis,retired,Maia,no,no,listed_retired_immortal,2026_06_16_retired_immortals,MUME retired immortal list,in_game_retired_immortal_list,,view wizretired,List current as of 2026-06-16,74,Quillis is listed as retired a Maia.,medium,candidate,Copied by Lewis. Includes Boardreaders and honorary True Legend entry for Norsu.
immortal_2026_06_16_current_immortals_qwait_88_listed_current_immortal,char_qwait,Qwait,Qwait,Qwait,current,Maia,no,no,listed_current_immortal,2026_06_16_current_immortals,MUME current immortal list,in_game_immortal_list,,view wizlist,List current as of 2026-06-16,88,Qwait is listed as current a Maia.,medium,candidate,Copied by Lewis. (+m) means the immortal is also a Maiar Muddler / muddle code contributor.
immortal_2026_06_16_retired_immortals_qwerty_151_listed_retired_immortal,char_qwerty,Qwerty,Qwerty,Qwerty,retired,Maia,no,no,listed_retired_immortal,2026_06_16_retired_immortals,MUME retired immortal list,in_game_retired_immortal_list,,view wizretired,List current as of 2026-06-16,151,Qwerty is listed as retired a Maia.,medium,candidate,Copied by Lewis. Includes Boardreaders and honorary True Legend entry for Norsu.
immortal_2026_06_16_current_immortals_raid_55_listed_current_immortal,char_raid,Raid,Raid,Raid,current,Maia,no,no,listed_current_immortal,2026_06_16_current_immortals,MUME current immortal list,in_game_immortal_list,,view wizlist,List current as of 2026-06-16,55,Raid is listed as current a Maia.,medium,candidate,Copied by Lewis. (+m) means the immortal is also a Maiar Muddler / muddle code contributor.
immortal_2026_06_16_retired_immortals_ramon_664_listed_retired_immortal,char_ramon,Ramon,Ramon,Ramon,retired,Boardreader,no,no,listed_retired_immortal,2026_06_16_retired_immortals,MUME retired immortal list,in_game_retired_immortal_list,,view wizretired,List current as of 2026-06-16,664,Ramon is listed as retired a Boardreader.,medium,candidate,Copied by Lewis. Includes Boardreaders and honorary True Legend entry for Norsu.
immortal_2026_06_16_current_immortals_rana_41_listed_current_immortal,char_rana,Rana,Rana,Rana,current,Maia,yes,no,listed_current_immortal,2026_06_16_current_immortals,MUME current immortal list,in_game_immortal_list,,view wizlist,List current as of 2026-06-16,41,Rana is listed as current a Maia. Maiar Muddler / code contributor marker present.,medium,candidate,Copied by Lewis. (+m) means the immortal is also a Maiar Muddler / muddle code contributor.
immortal_2026_06_16_retired_immortals_rangga_665_listed_retired_immortal,char_rangga,Rangga,Rangga,Rangga,retired,Boardreader,no,no,listed_retired_immortal,2026_06_16_retired_immortals,MUME retired immortal list,in_game_retired_immortal_list,,view wizretired,List current as of 2026-06-16,665,Rangga is listed as retired a Boardreader.,medium,candidate,Copied by Lewis. Includes Boardreaders and honorary True Legend entry for Norsu.
immortal_2026_06_16_retired_immortals_ranoc_666_listed_retired_immortal,char_ranoc,Ranoc,Ranoc,Ranoc,retired,Boardreader,no,no,listed_retired_immortal,2026_06_16_retired_immortals,MUME retired immortal list,in_game_retired_immortal_list,,view wizretired,List current as of 2026-06-16,666,Ranoc is listed as retired a Boardreader.,medium,candidate,Copied by Lewis. Includes Boardreaders and honorary True Legend entry for Norsu.
immortal_2026_06_16_retired_immortals_rashnak_75_listed_retired_immortal,char_rashnak,Rashnak,Rashnak,Rashnak,retired,Maia,no,no,listed_retired_immortal,2026_06_16_retired_immortals,MUME retired immortal list,in_game_retired_immortal_list,,view wizretired,List current as of 2026-06-16,75,Rashnak is listed as retired a Maia.,medium,candidate,Copied by Lewis. Includes Boardreaders and honorary True Legend entry for Norsu.
immortal_2026_06_16_current_immortals_rato_89_listed_current_immortal,char_rato,Rato,Rato,Rato,current,Maia,no,no,listed_current_immortal,2026_06_16_current_immortals,MUME current immortal list,in_game_immortal_list,,view wizlist,List current as of 2026-06-16,89,Rato is listed as current a Maia.,medium,candidate,Copied by Lewis. (+m) means the immortal is also a Maiar Muddler / muddle code contributor.
immortal_2026_06_16_retired_immortals_raudkael_667_listed_retired_immortal,char_raudkael,Raudkael,Raudkael,Raudkael,retired,Boardreader,no,no,listed_retired_immortal,2026_06_16_retired_immortals,MUME retired immortal list,in_game_retired_immortal_list,,view wizretired,List current as of 2026-06-16,667,Raudkael is listed as retired a Boardreader.,medium,candidate,Copied by Lewis. Includes Boardreaders and honorary True Legend entry for Norsu.
immortal_2026_06_16_retired_immortals_raul_668_listed_retired_immortal,char_raul,Raul,Raul,Raul,retired,Boardreader,no,no,listed_retired_immortal,2026_06_16_retired_immortals,MUME retired immortal list,in_game_retired_immortal_list,,view wizretired,List current as of 2026-06-16,668,Raul is listed as retired a Boardreader.,medium,candidate,Copied by Lewis. Includes Boardreaders and honorary True Legend entry for Norsu.
immortal_2026_06_16_retired_immortals_rayden_669_listed_retired_immortal,char_rayden,Rayden,Rayden,Rayden,retired,Boardreader,no,no,listed_retired_immortal,2026_06_16_retired_immortals,MUME retired immortal list,in_game_retired_immortal_list,,view wizretired,List current as of 2026-06-16,669,Rayden is listed as retired a Boardreader.,medium,candidate,Copied by Lewis. Includes Boardreaders and honorary True Legend entry for Norsu.
immortal_2026_06_16_retired_immortals_razer_670_listed_retired_immortal,char_razer,Razer,Razer,Razer,retired,Boardreader,no,no,listed_retired_immortal,2026_06_16_retired_immortals,MUME retired immortal list,in_game_retired_immortal_list,,view wizretired,List current as of 2026-06-16,670,Razer is listed as retired a Boardreader.,medium,candidate,Copied by Lewis. Includes Boardreaders and honorary True Legend entry for Norsu.
immortal_2026_06_16_retired_immortals_rebel_671_listed_retired_immortal,char_rebel,Rebel,Rebel,Rebel,retired,Boardreader,no,no,listed_retired_immortal,2026_06_16_retired_immortals,MUME retired immortal list,in_game_retired_immortal_list,,view wizretired,List current as of 2026-06-16,671,Rebel is listed as retired a Boardreader.,medium,candidate,Copied by Lewis. Includes Boardreaders and honorary True Legend entry for Norsu.
immortal_2026_06_16_retired_immortals_reddas_672_listed_retired_immortal,char_reddas,Reddas,Reddas,Reddas,retired,Boardreader,no,no,listed_retired_immortal,2026_06_16_retired_immortals,MUME retired immortal list,in_game_retired_immortal_list,,view wizretired,List current as of 2026-06-16,672,Reddas is listed as retired a Boardreader.,medium,candidate,Copied by Lewis. Includes Boardreaders and honorary True Legend entry for Norsu.
immortal_2026_06_16_retired_immortals_reider_673_listed_retired_immortal,char_reider,Reider,Reider,Reider,retired,Boardreader,no,no,listed_retired_immortal,2026_06_16_retired_immortals,MUME retired immortal list,in_game_retired_immortal_list,,view wizretired,List current as of 2026-06-16,673,Reider is listed as retired a Boardreader.,medium,candidate,Copied by Lewis. Includes Boardreaders and honorary True Legend entry for Norsu.
immortal_2026_06_16_retired_immortals_relkin_674_listed_retired_immortal,char_relkin,Relkin,Relkin,Relkin,retired,Boardreader,no,no,listed_retired_immortal,2026_06_16_retired_immortals,MUME retired immortal list,in_game_retired_immortal_list,,view wizretired,List current as of 2026-06-16,674,Relkin is listed as retired a Boardreader.,medium,candidate,Copied by Lewis. Includes Boardreaders and honorary True Legend entry for Norsu.
immortal_2026_06_16_retired_immortals_ren_76_listed_retired_immortal,char_ren,Ren,Ren,Ren,retired,Maia,no,no,listed_retired_immortal,2026_06_16_retired_immortals,MUME retired immortal list,in_game_retired_immortal_list,,view wizretired,List current as of 2026-06-16,76,Ren is listed as retired a Maia.,medium,candidate,Copied by Lewis. Includes Boardreaders and honorary True Legend entry for Norsu.
immortal_2026_06_16_retired_immortals_ressaven_62_listed_retired_immortal,char_ressaven,Ressaven,Ressaven,Ressaven,retired,Vala,no,no,listed_retired_immortal,2026_06_16_retired_immortals,MUME retired immortal list,in_game_retired_immortal_list,,view wizretired,List current as of 2026-06-16,62,Ressaven is listed as retired a Vala.,medium,candidate,Copied by Lewis. Includes Boardreaders and honorary True Legend entry for Norsu.
immortal_2026_06_16_retired_immortals_rhuler_675_listed_retired_immortal,char_rhuler,Rhuler,Rhuler,Rhuler,retired,Boardreader,no,no,listed_retired_immortal,2026_06_16_retired_immortals,MUME retired immortal list,in_game_retired_immortal_list,,view wizretired,List current as of 2026-06-16,675,Rhuler is listed as retired a Boardreader.,medium,candidate,Copied by Lewis. Includes Boardreaders and honorary True Legend entry for Norsu.
immortal_2026_06_16_retired_immortals_ria_272_listed_retired_immortal,char_ria,Ria,Ria,Ria,retired,Maia,no,no,listed_retired_immortal,2026_06_16_retired_immortals,MUME retired immortal list,in_game_retired_immortal_list,,view wizretired,List current as of 2026-06-16,272,Ria is listed as retired a Maia.,medium,candidate,Copied by Lewis. Includes Boardreaders and honorary True Legend entry for Norsu.
immortal_2026_06_16_retired_immortals_rick_676_listed_retired_immortal,char_rick,Rick,Rick,Rick,retired,Boardreader,no,no,listed_retired_immortal,2026_06_16_retired_immortals,MUME retired immortal list,in_game_retired_immortal_list,,view wizretired,List current as of 2026-06-16,676,Rick is listed as retired a Boardreader.,medium,candidate,Copied by Lewis. Includes Boardreaders and honorary True Legend entry for Norsu.
immortal_2026_06_16_retired_immortals_rik_152_listed_retired_immortal,char_rik,Rik,Rik,Rik,retired,Maia,no,no,listed_retired_immortal,2026_06_16_retired_immortals,MUME retired immortal list,in_game_retired_immortal_list,,view wizretired,List current as of 2026-06-16,152,Rik is listed as retired a Maia.,medium,candidate,Copied by Lewis. Includes Boardreaders and honorary True Legend entry for Norsu.
immortal_2026_06_16_current_immortals_rindell_90_listed_current_immortal,char_rindell,Rindell,Rindell,Rindell,current,Maia,no,no,listed_current_immortal,2026_06_16_current_immortals,MUME current immortal list,in_game_immortal_list,,view wizlist,List current as of 2026-06-16,90,Rindell is listed as current a Maia.,medium,candidate,Copied by Lewis. (+m) means the immortal is also a Maiar Muddler / muddle code contributor.
immortal_2026_06_16_retired_immortals_rivas_153_listed_retired_immortal,char_rivas,Rivas,Rivas,Rivas,retired,Maia,no,no,listed_retired_immortal,2026_06_16_retired_immortals,MUME retired immortal list,in_game_retired_immortal_list,,view wizretired,List current as of 2026-06-16,153,Rivas is listed as retired a Maia.,medium,candidate,Copied by Lewis. Includes Boardreaders and honorary True Legend entry for Norsu.
immortal_2026_06_16_retired_immortals_riven_677_listed_retired_immortal,char_riven,Riven,Riven,Riven,retired,Boardreader,no,no,listed_retired_immortal,2026_06_16_retired_immortals,MUME retired immortal list,in_game_retired_immortal_list,,view wizretired,List current as of 2026-06-16,677,Riven is listed as retired a Boardreader.,medium,candidate,Copied by Lewis. Includes Boardreaders and honorary True Legend entry for Norsu.
immortal_2026_06_16_retired_immortals_rob_678_listed_retired_immortal,char_rob,Rob,Rob,Rob,retired,Boardreader,no,no,listed_retired_immortal,2026_06_16_retired_immortals,MUME retired immortal list,in_game_retired_immortal_list,,view wizretired,List current as of 2026-06-16,678,Rob is listed as retired a Boardreader.,medium,candidate,Copied by Lewis. Includes Boardreaders and honorary True Legend entry for Norsu.
immortal_2026_06_16_retired_immortals_robit_679_listed_retired_immortal,char_robit,Robit,Robit,Robit,retired,Boardreader,no,no,listed_retired_immortal,2026_06_16_retired_immortals,MUME retired immortal list,in_game_retired_immortal_list,,view wizretired,List current as of 2026-06-16,679,Robit is listed as retired a Boardreader.,medium,candidate,Copied by Lewis. Includes Boardreaders and honorary True Legend entry for Norsu.
immortal_2026_06_16_current_immortals_rogon_8_listed_current_immortal,char_rogon,Rogon,Rogon,Rogon,current,Aratar,no,no,listed_current_immortal,2026_06_16_current_immortals,MUME current immortal list,in_game_immortal_list,,view wizlist,List current as of 2026-06-16,8,Rogon is listed as current an Aratar.,medium,candidate,Copied by Lewis. (+m) means the immortal is also a Maiar Muddler / muddle code contributor.
immortal_2026_06_16_retired_immortals_rohic_680_listed_retired_immortal,char_röhic,Röhic,Röhic,Röhic,retired,Boardreader,no,no,listed_retired_immortal,2026_06_16_retired_immortals,MUME retired immortal list,in_game_retired_immortal_list,,view wizretired,List current as of 2026-06-16,680,Röhic is listed as retired a Boardreader.,medium,candidate,Copied by Lewis. Includes Boardreaders and honorary True Legend entry for Norsu.
immortal_2026_06_16_retired_immortals_rokee_63_listed_retired_immortal,char_rokee,Rokee,Rokee,Rokee,retired,Vala,no,no,listed_retired_immortal,2026_06_16_retired_immortals,MUME retired immortal list,in_game_retired_immortal_list,,view wizretired,List current as of 2026-06-16,63,Rokee is listed as retired a Vala.,medium,candidate,Copied by Lewis. Includes Boardreaders and honorary True Legend entry for Norsu.
immortal_2026_06_16_retired_immortals_roman_681_listed_retired_immortal,char_roman,Roman,Roman,Roman,retired,Boardreader,no,no,listed_retired_immortal,2026_06_16_retired_immortals,MUME retired immortal list,in_game_retired_immortal_list,,view wizretired,List current as of 2026-06-16,681,Roman is listed as retired a Boardreader.,medium,candidate,Copied by Lewis. Includes Boardreaders and honorary True Legend entry for Norsu.
immortal_2026_06_16_current_immortals_romendacil_42_listed_current_immortal,char_rómendacil,Rómendacil,Rómendacil,Rómendacil,current,Maia,yes,no,listed_current_immortal,2026_06_16_current_immortals,MUME current immortal list,in_game_immortal_list,,view wizlist,List current as of 2026-06-16,42,Rómendacil is listed as current a Maia. Maiar Muddler / code contributor marker present.,medium,candidate,Copied by Lewis. (+m) means the immortal is also a Maiar Muddler / muddle code contributor.
immortal_2026_06_16_retired_immortals_roo_682_listed_retired_immortal,char_roo,Roo,Roo,Roo,retired,Boardreader,no,no,listed_retired_immortal,2026_06_16_retired_immortals,MUME retired immortal list,in_game_retired_immortal_list,,view wizretired,List current as of 2026-06-16,682,Roo is listed as retired a Boardreader.,medium,candidate,Copied by Lewis. Includes Boardreaders and honorary True Legend entry for Norsu.
immortal_2026_06_16_retired_immortals_rowin_683_listed_retired_immortal,char_rowin,Rowin,Rowin,Rowin,retired,Boardreader,no,no,listed_retired_immortal,2026_06_16_retired_immortals,MUME retired immortal list,in_game_retired_immortal_list,,view wizretired,List current as of 2026-06-16,683,Rowin is listed as retired a Boardreader.,medium,candidate,Copied by Lewis. Includes Boardreaders and honorary True Legend entry for Norsu.
immortal_2026_06_16_retired_immortals_rubius_30_listed_retired_immortal,char_rubius,Rubius,Rubius,Rubius,retired,Vala,no,no,listed_retired_immortal,2026_06_16_retired_immortals,MUME retired immortal list,in_game_retired_immortal_list,,view wizretired,List current as of 2026-06-16,30,Rubius is listed as retired a Vala.,medium,candidate,Copied by Lewis. Includes Boardreaders and honorary True Legend entry for Norsu.
immortal_2026_06_16_retired_immortals_rubrik_684_listed_retired_immortal,char_rubrik,Rubrik,Rubrik,Rubrik,retired,Boardreader,no,no,listed_retired_immortal,2026_06_16_retired_immortals,MUME retired immortal list,in_game_retired_immortal_list,,view wizretired,List current as of 2026-06-16,684,Rubrik is listed as retired a Boardreader.,medium,candidate,Copied by Lewis. Includes Boardreaders and honorary True Legend entry for Norsu.
immortal_2026_06_16_retired_immortals_rumil_685_listed_retired_immortal,char_rumil,Rumil,Rumil,Rumil,retired,Boardreader,no,no,listed_retired_immortal,2026_06_16_retired_immortals,MUME retired immortal list,in_game_retired_immortal_list,,view wizretired,List current as of 2026-06-16,685,Rumil is listed as retired a Boardreader.,medium,candidate,Copied by Lewis. Includes Boardreaders and honorary True Legend entry for Norsu.
immortal_2026_06_16_retired_immortals_rut_273_listed_retired_immortal,char_rut,Rut,Rut,Rut,retired,Maia,no,no,listed_retired_immortal,2026_06_16_retired_immortals,MUME retired immortal list,in_game_retired_immortal_list,,view wizretired,List current as of 2026-06-16,273,Rut is listed as retired a Maia.,medium,candidate,Copied by Lewis. Includes Boardreaders and honorary True Legend entry for Norsu.
immortal_2026_06_16_current_immortals_ryalnos_43_listed_current_immortal,char_ryalnos,Ryalnos,Ryalnos,Ryalnos,current,Maia,no,no,listed_current_immortal,2026_06_16_current_immortals,MUME current immortal list,in_game_immortal_list,,view wizlist,List current as of 2026-06-16,43,Ryalnos is listed as current a Maia.,medium,candidate,Copied by Lewis. (+m) means the immortal is also a Maiar Muddler / muddle code contributor.
immortal_2026_06_16_retired_immortals_ryubi_686_listed_retired_immortal,char_ryubi,Ryubi,Ryubi,Ryubi,retired,Boardreader,no,no,listed_retired_immortal,2026_06_16_retired_immortals,MUME retired immortal list,in_game_retired_immortal_list,,view wizretired,List current as of 2026-06-16,686,Ryubi is listed as retired a Boardreader.,medium,candidate,Copied by Lewis. Includes Boardreaders and honorary True Legend entry for Norsu.
immortal_2026_06_16_current_immortals_sabadon_44_listed_current_immortal,char_sabadon,Sabadon,Sabadon,Sabadon,current,Maia,no,no,listed_current_immortal,2026_06_16_current_immortals,MUME current immortal list,in_game_immortal_list,,view wizlist,List current as of 2026-06-16,44,Sabadon is listed as current a Maia.,medium,candidate,Copied by Lewis. (+m) means the immortal is also a Maiar Muddler / muddle code contributor.
immortal_2026_06_16_retired_immortals_sabat_687_listed_retired_immortal,char_sabat,Sabat,Sabat,Sabat,retired,Boardreader,no,no,listed_retired_immortal,2026_06_16_retired_immortals,MUME retired immortal list,in_game_retired_immortal_list,,view wizretired,List current as of 2026-06-16,687,Sabat is listed as retired a Boardreader.,medium,candidate,Copied by Lewis. Includes Boardreaders and honorary True Legend entry for Norsu.
immortal_2026_06_16_retired_immortals_sabbath_688_listed_retired_immortal,char_sabbath,Sabbath,Sabbath,Sabbath,retired,Boardreader,no,no,listed_retired_immortal,2026_06_16_retired_immortals,MUME retired immortal list,in_game_retired_immortal_list,,view wizretired,List current as of 2026-06-16,688,Sabbath is listed as retired a Boardreader.,medium,candidate,Copied by Lewis. Includes Boardreaders and honorary True Legend entry for Norsu.
immortal_2026_06_16_retired_immortals_sadet_154_listed_retired_immortal,char_sadet,Sadet,Sadet,Sadet,retired,Maia,no,no,listed_retired_immortal,2026_06_16_retired_immortals,MUME retired immortal list,in_game_retired_immortal_list,,view wizretired,List current as of 2026-06-16,154,Sadet is listed as retired a Maia.,medium,candidate,Copied by Lewis. Includes Boardreaders and honorary True Legend entry for Norsu.
immortal_2026_06_16_current_immortals_saeth_91_listed_current_immortal,char_saeth,Saeth,Saeth,Saeth,current,Maia,no,no,listed_current_immortal,2026_06_16_current_immortals,MUME current immortal list,in_game_immortal_list,,view wizlist,List current as of 2026-06-16,91,Saeth is listed as current a Maia.,medium,candidate,Copied by Lewis. (+m) means the immortal is also a Maiar Muddler / muddle code contributor.
immortal_2026_06_16_retired_immortals_sally_689_listed_retired_immortal,char_sally,Sally,Sally,Sally,retired,Boardreader,no,no,listed_retired_immortal,2026_06_16_retired_immortals,MUME retired immortal list,in_game_retired_immortal_list,,view wizretired,List current as of 2026-06-16,689,Sally is listed as retired a Boardreader.,medium,candidate,Copied by Lewis. Includes Boardreaders and honorary True Legend entry for Norsu.
immortal_2026_06_16_retired_immortals_salmar_690_listed_retired_immortal,char_salmar,Salmar,Salmar,Salmar,retired,Boardreader,no,no,listed_retired_immortal,2026_06_16_retired_immortals,MUME retired immortal list,in_game_retired_immortal_list,,view wizretired,List current as of 2026-06-16,690,Salmar is listed as retired a Boardreader.,medium,candidate,Copied by Lewis. Includes Boardreaders and honorary True Legend entry for Norsu.
immortal_2026_06_16_retired_immortals_samwe_691_listed_retired_immortal,char_samwe,Samwe,Samwe,Samwe,retired,Boardreader,no,no,listed_retired_immortal,2026_06_16_retired_immortals,MUME retired immortal list,in_game_retired_immortal_list,,view wizretired,List current as of 2026-06-16,691,Samwe is listed as retired a Boardreader.,medium,candidate,Copied by Lewis. Includes Boardreaders and honorary True Legend entry for Norsu.
immortal_2026_06_16_retired_immortals_sarin_692_listed_retired_immortal,char_sarin,Sarin,Sarin,Sarin,retired,Boardreader,no,no,listed_retired_immortal,2026_06_16_retired_immortals,MUME retired immortal list,in_game_retired_immortal_list,,view wizretired,List current as of 2026-06-16,692,Sarin is listed as retired a Boardreader.,medium,candidate,Copied by Lewis. Includes Boardreaders and honorary True Legend entry for Norsu.
immortal_2026_06_16_current_immortals_sarinda_45_listed_current_immortal,char_sarinda,Sarinda,Sarinda,Sarinda,current,Maia,no,no,listed_current_immortal,2026_06_16_current_immortals,MUME current immortal list,in_game_immortal_list,,view wizlist,List current as of 2026-06-16,45,Sarinda is listed as current a Maia.,medium,candidate,Copied by Lewis. (+m) means the immortal is also a Maiar Muddler / muddle code contributor.
immortal_2026_06_16_retired_immortals_sarmarnuna_693_listed_retired_immortal,char_sarmarnuna,Sarmarnuna,Sarmarnuna,Sarmarnuna,retired,Boardreader,no,no,listed_retired_immortal,2026_06_16_retired_immortals,MUME retired immortal list,in_game_retired_immortal_list,,view wizretired,List current as of 2026-06-16,693,Sarmarnuna is listed as retired a Boardreader.,medium,candidate,Copied by Lewis. Includes Boardreaders and honorary True Legend entry for Norsu.
immortal_2026_06_16_retired_immortals_savior_274_listed_retired_immortal,char_savior,Savior,Savior,Savior,retired,Maia,no,no,listed_retired_immortal,2026_06_16_retired_immortals,MUME retired immortal list,in_game_retired_immortal_list,,view wizretired,List current as of 2026-06-16,274,Savior is listed as retired a Maia.,medium,candidate,Copied by Lewis. Includes Boardreaders and honorary True Legend entry for Norsu.
immortal_2026_06_16_retired_immortals_savonn_694_listed_retired_immortal,char_savonn,Savonn,Savonn,Savonn,retired,Boardreader,no,no,listed_retired_immortal,2026_06_16_retired_immortals,MUME retired immortal list,in_game_retired_immortal_list,,view wizretired,List current as of 2026-06-16,694,Savonn is listed as retired a Boardreader.,medium,candidate,Copied by Lewis. Includes Boardreaders and honorary True Legend entry for Norsu.
immortal_2026_06_16_retired_immortals_scar_31_listed_retired_immortal,char_scar,Scar,Scar,Scar,retired,Vala,no,no,listed_retired_immortal,2026_06_16_retired_immortals,MUME retired immortal list,in_game_retired_immortal_list,,view wizretired,List current as of 2026-06-16,31,Scar is listed as retired a Vala.,medium,candidate,Copied by Lewis. Includes Boardreaders and honorary True Legend entry for Norsu.
immortal_2026_06_16_retired_immortals_schard_695_listed_retired_immortal,char_schard,Schard,Schard,Schard,retired,Boardreader,no,no,listed_retired_immortal,2026_06_16_retired_immortals,MUME retired immortal list,in_game_retired_immortal_list,,view wizretired,List current as of 2026-06-16,695,Schard is listed as retired a Boardreader.,medium,candidate,Copied by Lewis. Includes Boardreaders and honorary True Legend entry for Norsu.
immortal_2026_06_16_retired_immortals_science_196_listed_retired_immortal,char_science,Science,Science,Science,retired,Maia,no,no,listed_retired_immortal,2026_06_16_retired_immortals,MUME retired immortal list,in_game_retired_immortal_list,,view wizretired,List current as of 2026-06-16,196,Science is listed as retired a Maia.,medium,candidate,Copied by Lewis. Includes Boardreaders and honorary True Legend entry for Norsu.
immortal_2026_06_16_current_immortals_scio_92_listed_current_immortal,char_scio,Scio,Scio,Scio,current,Maia,no,no,listed_current_immortal,2026_06_16_current_immortals,MUME current immortal list,in_game_immortal_list,,view wizlist,List current as of 2026-06-16,92,Scio is listed as current a Maia.,medium,candidate,Copied by Lewis. (+m) means the immortal is also a Maiar Muddler / muddle code contributor.
immortal_2026_06_16_retired_immortals_scott_696_listed_retired_immortal,char_scott,Scott,Scott,Scott,retired,Boardreader,no,no,listed_retired_immortal,2026_06_16_retired_immortals,MUME retired immortal list,in_game_retired_immortal_list,,view wizretired,List current as of 2026-06-16,696,Scott is listed as retired a Boardreader.,medium,candidate,Copied by Lewis. Includes Boardreaders and honorary True Legend entry for Norsu.
immortal_2026_06_16_retired_immortals_scyld_697_listed_retired_immortal,char_scyld,Scyld,Scyld,Scyld,retired,Boardreader,no,no,listed_retired_immortal,2026_06_16_retired_immortals,MUME retired immortal list,in_game_retired_immortal_list,,view wizretired,List current as of 2026-06-16,697,Scyld is listed as retired a Boardreader.,medium,candidate,Copied by Lewis. Includes Boardreaders and honorary True Legend entry for Norsu.
immortal_2026_06_16_retired_immortals_securitate_155_listed_retired_immortal,char_securitate,Securitate,Securitate,Securitate,retired,Maia,no,no,listed_retired_immortal,2026_06_16_retired_immortals,MUME retired immortal list,in_game_retired_immortal_list,,view wizretired,List current as of 2026-06-16,155,Securitate is listed as retired a Maia.,medium,candidate,Copied by Lewis. Includes Boardreaders and honorary True Legend entry for Norsu.
immortal_2026_06_16_retired_immortals_sephrenio_698_listed_retired_immortal,char_sephrenio,Sephrenio,Sephrenio,Sephrenio,retired,Boardreader,no,no,listed_retired_immortal,2026_06_16_retired_immortals,MUME retired immortal list,in_game_retired_immortal_list,,view wizretired,List current as of 2026-06-16,698,Sephrenio is listed as retired a Boardreader.,medium,candidate,Copied by Lewis. Includes Boardreaders and honorary True Legend entry for Norsu.
immortal_2026_06_16_retired_immortals_seregon_699_listed_retired_immortal,char_seregon,Seregon,Seregon,Seregon,retired,Boardreader,no,no,listed_retired_immortal,2026_06_16_retired_immortals,MUME retired immortal list,in_game_retired_immortal_list,,view wizretired,List current as of 2026-06-16,699,Seregon is listed as retired a Boardreader.,medium,candidate,Copied by Lewis. Includes Boardreaders and honorary True Legend entry for Norsu.
immortal_2026_06_16_retired_immortals_serodi_700_listed_retired_immortal,char_serodi,Serodi,Serodi,Serodi,retired,Boardreader,no,no,listed_retired_immortal,2026_06_16_retired_immortals,MUME retired immortal list,in_game_retired_immortal_list,,view wizretired,List current as of 2026-06-16,700,Serodi is listed as retired a Boardreader.,medium,candidate,Copied by Lewis. Includes Boardreaders and honorary True Legend entry for Norsu.
immortal_2026_06_16_current_immortals_shaalak_93_listed_current_immortal,char_shaalak,Shaalak,Shaalak,Shaalak,current,Maia,no,no,listed_current_immortal,2026_06_16_current_immortals,MUME current immortal list,in_game_immortal_list,,view wizlist,List current as of 2026-06-16,93,Shaalak is listed as current a Maia.,medium,candidate,Copied by Lewis. (+m) means the immortal is also a Maiar Muddler / muddle code contributor.
immortal_2026_06_16_retired_immortals_shaedric_197_listed_retired_immortal,char_shaedric,Shaedric,Shaedric,Shaedric,retired,Maia,no,no,listed_retired_immortal,2026_06_16_retired_immortals,MUME retired immortal list,in_game_retired_immortal_list,,view wizretired,List current as of 2026-06-16,197,Shaedric is listed as retired a Maia.,medium,candidate,Copied by Lewis. Includes Boardreaders and honorary True Legend entry for Norsu.
immortal_2026_06_16_retired_immortals_shai_701_listed_retired_immortal,char_shai,Shai,Shai,Shai,retired,Boardreader,no,no,listed_retired_immortal,2026_06_16_retired_immortals,MUME retired immortal list,in_game_retired_immortal_list,,view wizretired,List current as of 2026-06-16,701,Shai is listed as retired a Boardreader.,medium,candidate,Copied by Lewis. Includes Boardreaders and honorary True Legend entry for Norsu.
immortal_2026_06_16_retired_immortals_shalott_275_listed_retired_immortal,char_shalott,Shalott,Shalott,Shalott,retired,Maia,no,no,listed_retired_immortal,2026_06_16_retired_immortals,MUME retired immortal list,in_game_retired_immortal_list,,view wizretired,List current as of 2026-06-16,275,Shalott is listed as retired a Maia.,medium,candidate,Copied by Lewis. Includes Boardreaders and honorary True Legend entry for Norsu.
immortal_2026_06_16_retired_immortals_shiara_702_listed_retired_immortal,char_shiara,Shiara,Shiara,Shiara,retired,Boardreader,no,no,listed_retired_immortal,2026_06_16_retired_immortals,MUME retired immortal list,in_game_retired_immortal_list,,view wizretired,List current as of 2026-06-16,702,Shiara is listed as retired a Boardreader.,medium,candidate,Copied by Lewis. Includes Boardreaders and honorary True Legend entry for Norsu.
immortal_2026_06_16_retired_immortals_shilior_703_listed_retired_immortal,char_shilior,Shilior,Shilior,Shilior,retired,Boardreader,no,no,listed_retired_immortal,2026_06_16_retired_immortals,MUME retired immortal list,in_game_retired_immortal_list,,view wizretired,List current as of 2026-06-16,703,Shilior is listed as retired a Boardreader.,medium,candidate,Copied by Lewis. Includes Boardreaders and honorary True Legend entry for Norsu.
immortal_2026_06_16_retired_immortals_shorn_198_listed_retired_immortal,char_shorn,Shorn,Shorn,Shorn,retired,Maia,no,no,listed_retired_immortal,2026_06_16_retired_immortals,MUME retired immortal list,in_game_retired_immortal_list,,view wizretired,List current as of 2026-06-16,198,Shorn is listed as retired a Maia.,medium,candidate,Copied by Lewis. Includes Boardreaders and honorary True Legend entry for Norsu.
immortal_2026_06_16_retired_immortals_shrouded_704_listed_retired_immortal,char_shrouded,Shrouded,Shrouded,Shrouded,retired,Boardreader,no,no,listed_retired_immortal,2026_06_16_retired_immortals,MUME retired immortal list,in_game_retired_immortal_list,,view wizretired,List current as of 2026-06-16,704,Shrouded is listed as retired a Boardreader.,medium,candidate,Copied by Lewis. Includes Boardreaders and honorary True Legend entry for Norsu.
immortal_2026_06_16_retired_immortals_shura_705_listed_retired_immortal,char_shura,Shura,Shura,Shura,retired,Boardreader,no,no,listed_retired_immortal,2026_06_16_retired_immortals,MUME retired immortal list,in_game_retired_immortal_list,,view wizretired,List current as of 2026-06-16,705,Shura is listed as retired a Boardreader.,medium,candidate,Copied by Lewis. Includes Boardreaders and honorary True Legend entry for Norsu.
immortal_2026_06_16_retired_immortals_siamir_706_listed_retired_immortal,char_siamir,Siamir,Siamir,Siamir,retired,Boardreader,no,no,listed_retired_immortal,2026_06_16_retired_immortals,MUME retired immortal list,in_game_retired_immortal_list,,view wizretired,List current as of 2026-06-16,706,Siamir is listed as retired a Boardreader.,medium,candidate,Copied by Lewis. Includes Boardreaders and honorary True Legend entry for Norsu.
immortal_2026_06_16_retired_immortals_silenoz_707_listed_retired_immortal,char_silenoz,Silenoz,Silenoz,Silenoz,retired,Boardreader,no,no,listed_retired_immortal,2026_06_16_retired_immortals,MUME retired immortal list,in_game_retired_immortal_list,,view wizretired,List current as of 2026-06-16,707,Silenoz is listed as retired a Boardreader.,medium,candidate,Copied by Lewis. Includes Boardreaders and honorary True Legend entry for Norsu.
immortal_2026_06_16_retired_immortals_silmaesul_708_listed_retired_immortal,char_silmaesul,Silmaesul,Silmaesul,Silmaesul,retired,Boardreader,no,no,listed_retired_immortal,2026_06_16_retired_immortals,MUME retired immortal list,in_game_retired_immortal_list,,view wizretired,List current as of 2026-06-16,708,Silmaesul is listed as retired a Boardreader.,medium,candidate,Copied by Lewis. Includes Boardreaders and honorary True Legend entry for Norsu.
immortal_2026_06_16_retired_immortals_silosseth_276_listed_retired_immortal,char_silosseth,Silosseth,Silosseth,Silosseth,retired,Maia,no,no,listed_retired_immortal,2026_06_16_retired_immortals,MUME retired immortal list,in_game_retired_immortal_list,,view wizretired,List current as of 2026-06-16,276,Silosseth is listed as retired a Maia.,medium,candidate,Copied by Lewis. Includes Boardreaders and honorary True Legend entry for Norsu.
immortal_2026_06_16_retired_immortals_silvermagi_709_listed_retired_immortal,char_silvermagi,Silvermagi,Silvermagi,Silvermagi,retired,Boardreader,no,no,listed_retired_immortal,2026_06_16_retired_immortals,MUME retired immortal list,in_game_retired_immortal_list,,view wizretired,List current as of 2026-06-16,709,Silvermagi is listed as retired a Boardreader.,medium,candidate,Copied by Lewis. Includes Boardreaders and honorary True Legend entry for Norsu.
immortal_2026_06_16_retired_immortals_silvershadow_710_listed_retired_immortal,char_silvershadow,Silvershadow,Silvershadow,Silvershadow,retired,Boardreader,no,no,listed_retired_immortal,2026_06_16_retired_immortals,MUME retired immortal list,in_game_retired_immortal_list,,view wizretired,List current as of 2026-06-16,710,Silvershadow is listed as retired a Boardreader.,medium,candidate,Copied by Lewis. Includes Boardreaders and honorary True Legend entry for Norsu.
immortal_2026_06_16_current_immortals_silvos_46_listed_current_immortal,char_silvos,Silvos,Silvos,Silvos,current,Maia,no,no,listed_current_immortal,2026_06_16_current_immortals,MUME current immortal list,in_game_immortal_list,,view wizlist,List current as of 2026-06-16,46,Silvos is listed as current a Maia.,medium,candidate,Copied by Lewis. (+m) means the immortal is also a Maiar Muddler / muddle code contributor.
immortal_2026_06_16_retired_immortals_sim_711_listed_retired_immortal,char_sim,Sim,Sim,Sim,retired,Boardreader,no,no,listed_retired_immortal,2026_06_16_retired_immortals,MUME retired immortal list,in_game_retired_immortal_list,,view wizretired,List current as of 2026-06-16,711,Sim is listed as retired a Boardreader.,medium,candidate,Copied by Lewis. Includes Boardreaders and honorary True Legend entry for Norsu.
immortal_2026_06_16_retired_immortals_singleton_712_listed_retired_immortal,char_singleton,Singleton,Singleton,Singleton,retired,Boardreader,no,no,listed_retired_immortal,2026_06_16_retired_immortals,MUME retired immortal list,in_game_retired_immortal_list,,view wizretired,List current as of 2026-06-16,712,Singleton is listed as retired a Boardreader.,medium,candidate,Copied by Lewis. Includes Boardreaders and honorary True Legend entry for Norsu.
immortal_2026_06_16_retired_immortals_sinprejic_199_listed_retired_immortal,char_sinprejic,Sinprejic,Sinprejic,Sinprejic,retired,Maia,no,no,listed_retired_immortal,2026_06_16_retired_immortals,MUME retired immortal list,in_game_retired_immortal_list,,view wizretired,List current as of 2026-06-16,199,Sinprejic is listed as retired a Maia.,medium,candidate,Copied by Lewis. Includes Boardreaders and honorary True Legend entry for Norsu.
immortal_2026_06_16_retired_immortals_siw_713_listed_retired_immortal,char_siw,Siw,Siw,Siw,retired,Boardreader,no,no,listed_retired_immortal,2026_06_16_retired_immortals,MUME retired immortal list,in_game_retired_immortal_list,,view wizretired,List current as of 2026-06-16,713,Siw is listed as retired a Boardreader.,medium,candidate,Copied by Lewis. Includes Boardreaders and honorary True Legend entry for Norsu.
immortal_2026_06_16_retired_immortals_skyhawk_277_listed_retired_immortal,char_skyhawk,Skyhawk,Skyhawk,Skyhawk,retired,Maia,no,no,listed_retired_immortal,2026_06_16_retired_immortals,MUME retired immortal list,in_game_retired_immortal_list,,view wizretired,List current as of 2026-06-16,277,Skyhawk is listed as retired a Maia.,medium,candidate,Copied by Lewis. Includes Boardreaders and honorary True Legend entry for Norsu.
immortal_2026_06_16_retired_immortals_slash_714_listed_retired_immortal,char_slash,Slash,Slash,Slash,retired,Boardreader,no,no,listed_retired_immortal,2026_06_16_retired_immortals,MUME retired immortal list,in_game_retired_immortal_list,,view wizretired,List current as of 2026-06-16,714,Slash is listed as retired a Boardreader.,medium,candidate,Copied by Lewis. Includes Boardreaders and honorary True Legend entry for Norsu.
immortal_2026_06_16_retired_immortals_sledgehammer_715_listed_retired_immortal,char_sledgehammer,SledgeHammer,SledgeHammer,SledgeHammer,retired,Boardreader,no,no,listed_retired_immortal,2026_06_16_retired_immortals,MUME retired immortal list,in_game_retired_immortal_list,,view wizretired,List current as of 2026-06-16,715,SledgeHammer is listed as retired a Boardreader.,medium,candidate,Copied by Lewis. Includes Boardreaders and honorary True Legend entry for Norsu.
immortal_2026_06_16_retired_immortals_smalls_278_listed_retired_immortal,char_smalls,Smalls,Smalls,Smalls,retired,Maia,no,no,listed_retired_immortal,2026_06_16_retired_immortals,MUME retired immortal list,in_game_retired_immortal_list,,view wizretired,List current as of 2026-06-16,278,Smalls is listed as retired a Maia.,medium,candidate,Copied by Lewis. Includes Boardreaders and honorary True Legend entry for Norsu.
immortal_2026_06_16_retired_immortals_smiling_716_listed_retired_immortal,char_smiling,Smiling,Smiling,Smiling,retired,Boardreader,no,no,listed_retired_immortal,2026_06_16_retired_immortals,MUME retired immortal list,in_game_retired_immortal_list,,view wizretired,List current as of 2026-06-16,716,Smiling is listed as retired a Boardreader.,medium,candidate,Copied by Lewis. Includes Boardreaders and honorary True Legend entry for Norsu.
immortal_2026_06_16_retired_immortals_smokey_717_listed_retired_immortal,char_smokey,Smokey,Smokey,Smokey,retired,Boardreader,no,no,listed_retired_immortal,2026_06_16_retired_immortals,MUME retired immortal list,in_game_retired_immortal_list,,view wizretired,List current as of 2026-06-16,717,Smokey is listed as retired a Boardreader.,medium,candidate,Copied by Lewis. Includes Boardreaders and honorary True Legend entry for Norsu.
immortal_2026_06_16_retired_immortals_sneaky_718_listed_retired_immortal,char_sneaky,Sneaky,Sneaky,Sneaky,retired,Boardreader,no,no,listed_retired_immortal,2026_06_16_retired_immortals,MUME retired immortal list,in_game_retired_immortal_list,,view wizretired,List current as of 2026-06-16,718,Sneaky is listed as retired a Boardreader.,medium,candidate,Copied by Lewis. Includes Boardreaders and honorary True Legend entry for Norsu.
immortal_2026_06_16_retired_immortals_snom_719_listed_retired_immortal,char_snom,Snom,Snom,Snom,retired,Boardreader,no,no,listed_retired_immortal,2026_06_16_retired_immortals,MUME retired immortal list,in_game_retired_immortal_list,,view wizretired,List current as of 2026-06-16,719,Snom is listed as retired a Boardreader.,medium,candidate,Copied by Lewis. Includes Boardreaders and honorary True Legend entry for Norsu.
immortal_2026_06_16_retired_immortals_snow_156_listed_retired_immortal,char_snow,Snow,Snow,Snow,retired,Maia,no,no,listed_retired_immortal,2026_06_16_retired_immortals,MUME retired immortal list,in_game_retired_immortal_list,,view wizretired,List current as of 2026-06-16,156,Snow is listed as retired a Maia.,medium,candidate,Copied by Lewis. Includes Boardreaders and honorary True Legend entry for Norsu.
immortal_2026_06_16_current_immortals_snowdrop_94_listed_current_immortal,char_snowdrop,Snowdrop,Snowdrop,Snowdrop,current,Maia,no,no,listed_current_immortal,2026_06_16_current_immortals,MUME current immortal list,in_game_immortal_list,,view wizlist,List current as of 2026-06-16,94,Snowdrop is listed as current a Maia.,medium,candidate,Copied by Lewis. (+m) means the immortal is also a Maiar Muddler / muddle code contributor.
immortal_2026_06_16_retired_immortals_soba_77_listed_retired_immortal,char_soba,Soba,Soba,Soba,retired,Maia,no,no,listed_retired_immortal,2026_06_16_retired_immortals,MUME retired immortal list,in_game_retired_immortal_list,,view wizretired,List current as of 2026-06-16,77,Soba is listed as retired a Maia.,medium,candidate,Copied by Lewis. Includes Boardreaders and honorary True Legend entry for Norsu.
immortal_2026_06_16_retired_immortals_someone_720_listed_retired_immortal,char_someone,Someone,Someone,Someone,retired,Boardreader,no,no,listed_retired_immortal,2026_06_16_retired_immortals,MUME retired immortal list,in_game_retired_immortal_list,,view wizretired,List current as of 2026-06-16,720,Someone is listed as retired a Boardreader.,medium,candidate,Copied by Lewis. Includes Boardreaders and honorary True Legend entry for Norsu.
immortal_2026_06_16_retired_immortals_spin_721_listed_retired_immortal,char_spin,Spin,Spin,Spin,retired,Boardreader,no,no,listed_retired_immortal,2026_06_16_retired_immortals,MUME retired immortal list,in_game_retired_immortal_list,,view wizretired,List current as of 2026-06-16,721,Spin is listed as retired a Boardreader.,medium,candidate,Copied by Lewis. Includes Boardreaders and honorary True Legend entry for Norsu.
immortal_2026_06_16_retired_immortals_sprocket_722_listed_retired_immortal,char_sprocket,Sprocket,Sprocket,Sprocket,retired,Boardreader,no,no,listed_retired_immortal,2026_06_16_retired_immortals,MUME retired immortal list,in_game_retired_immortal_list,,view wizretired,List current as of 2026-06-16,722,Sprocket is listed as retired a Boardreader.,medium,candidate,Copied by Lewis. Includes Boardreaders and honorary True Legend entry for Norsu.
immortal_2026_06_16_retired_immortals_spud_723_listed_retired_immortal,char_spud,Spud,Spud,Spud,retired,Boardreader,no,no,listed_retired_immortal,2026_06_16_retired_immortals,MUME retired immortal list,in_game_retired_immortal_list,,view wizretired,List current as of 2026-06-16,723,Spud is listed as retired a Boardreader.,medium,candidate,Copied by Lewis. Includes Boardreaders and honorary True Legend entry for Norsu.
immortal_2026_06_16_current_immortals_squiffy_95_listed_current_immortal,char_squiffy,Squiffy,Squiffy,Squiffy,current,Maia,no,no,listed_current_immortal,2026_06_16_current_immortals,MUME current immortal list,in_game_immortal_list,,view wizlist,List current as of 2026-06-16,95,Squiffy is listed as current a Maia.,medium,candidate,Copied by Lewis. (+m) means the immortal is also a Maiar Muddler / muddle code contributor.
immortal_2026_06_16_retired_immortals_squizz_32_listed_retired_immortal,char_squizz,Squizz,Squizz,Squizz,retired,Vala,no,no,listed_retired_immortal,2026_06_16_retired_immortals,MUME retired immortal list,in_game_retired_immortal_list,,view wizretired,List current as of 2026-06-16,32,Squizz is listed as retired a Vala.,medium,candidate,Copied by Lewis. Includes Boardreaders and honorary True Legend entry for Norsu.
immortal_2026_06_16_retired_immortals_stadi_724_listed_retired_immortal,char_stadi,Stadi,Stadi,Stadi,retired,Boardreader,no,no,listed_retired_immortal,2026_06_16_retired_immortals,MUME retired immortal list,in_game_retired_immortal_list,,view wizretired,List current as of 2026-06-16,724,Stadi is listed as retired a Boardreader.,medium,candidate,Copied by Lewis. Includes Boardreaders and honorary True Legend entry for Norsu.
immortal_2026_06_16_retired_immortals_staer_9_listed_retired_immortal,char_staer,Staer,Staer,Staer,retired,Aratar,no,no,listed_retired_immortal,2026_06_16_retired_immortals,MUME retired immortal list,in_game_retired_immortal_list,,view wizretired,List current as of 2026-06-16,9,Staer is listed as retired an Aratar.,medium,candidate,Copied by Lewis. Includes Boardreaders and honorary True Legend entry for Norsu.
immortal_2026_06_16_retired_immortals_steele_725_listed_retired_immortal,char_steele,Steele,Steele,Steele,retired,Boardreader,no,no,listed_retired_immortal,2026_06_16_retired_immortals,MUME retired immortal list,in_game_retired_immortal_list,,view wizretired,List current as of 2026-06-16,725,Steele is listed as retired a Boardreader.,medium,candidate,Copied by Lewis. Includes Boardreaders and honorary True Legend entry for Norsu.
immortal_2026_06_16_retired_immortals_stigur_726_listed_retired_immortal,char_stigur,Stigur,Stigur,Stigur,retired,Boardreader,no,no,listed_retired_immortal,2026_06_16_retired_immortals,MUME retired immortal list,in_game_retired_immortal_list,,view wizretired,List current as of 2026-06-16,726,Stigur is listed as retired a Boardreader.,medium,candidate,Copied by Lewis. Includes Boardreaders and honorary True Legend entry for Norsu.
immortal_2026_06_16_retired_immortals_stiletto_727_listed_retired_immortal,char_stiletto,Stiletto,Stiletto,Stiletto,retired,Boardreader,no,no,listed_retired_immortal,2026_06_16_retired_immortals,MUME retired immortal list,in_game_retired_immortal_list,,view wizretired,List current as of 2026-06-16,727,Stiletto is listed as retired a Boardreader.,medium,candidate,Copied by Lewis. Includes Boardreaders and honorary True Legend entry for Norsu.
immortal_2026_06_16_retired_immortals_stimpy_157_listed_retired_immortal,char_stimpy,Stimpy,Stimpy,Stimpy,retired,Maia,no,no,listed_retired_immortal,2026_06_16_retired_immortals,MUME retired immortal list,in_game_retired_immortal_list,,view wizretired,List current as of 2026-06-16,157,Stimpy is listed as retired a Maia.,medium,candidate,Copied by Lewis. Includes Boardreaders and honorary True Legend entry for Norsu.
immortal_2026_06_16_retired_immortals_stranger_728_listed_retired_immortal,char_stranger,Stranger,Stranger,Stranger,retired,Boardreader,no,no,listed_retired_immortal,2026_06_16_retired_immortals,MUME retired immortal list,in_game_retired_immortal_list,,view wizretired,List current as of 2026-06-16,728,Stranger is listed as retired a Boardreader.,medium,candidate,Copied by Lewis. Includes Boardreaders and honorary True Legend entry for Norsu.
immortal_2026_06_16_retired_immortals_stryker_729_listed_retired_immortal,char_stryker,Stryker,Stryker,Stryker,retired,Boardreader,no,no,listed_retired_immortal,2026_06_16_retired_immortals,MUME retired immortal list,in_game_retired_immortal_list,,view wizretired,List current as of 2026-06-16,729,Stryker is listed as retired a Boardreader.,medium,candidate,Copied by Lewis. Includes Boardreaders and honorary True Legend entry for Norsu.
immortal_2026_06_16_current_immortals_stukk_96_listed_current_immortal,char_stukk,Stukk,Stukk,Stukk,current,Maia,no,no,listed_current_immortal,2026_06_16_current_immortals,MUME current immortal list,in_game_immortal_list,,view wizlist,List current as of 2026-06-16,96,Stukk is listed as current a Maia.,medium,candidate,Copied by Lewis. (+m) means the immortal is also a Maiar Muddler / muddle code contributor.
immortal_2026_06_16_retired_immortals_sum_279_listed_retired_immortal,char_sum,Sum,Sum,Sum,retired,Maia,no,no,listed_retired_immortal,2026_06_16_retired_immortals,MUME retired immortal list,in_game_retired_immortal_list,,view wizretired,List current as of 2026-06-16,279,Sum is listed as retired a Maia.,medium,candidate,Copied by Lewis. Includes Boardreaders and honorary True Legend entry for Norsu.
immortal_2026_06_16_retired_immortals_sung_10_listed_retired_immortal,char_sung,Sung,Sung,Sung,retired,Aratar,no,no,listed_retired_immortal,2026_06_16_retired_immortals,MUME retired immortal list,in_game_retired_immortal_list,,view wizretired,List current as of 2026-06-16,10,Sung is listed as retired an Aratar.,medium,candidate,Copied by Lewis. Includes Boardreaders and honorary True Legend entry for Norsu.
immortal_2026_06_16_retired_immortals_svex_280_listed_retired_immortal,char_svex,Svex,Svex,Svex,retired,Maia,no,no,listed_retired_immortal,2026_06_16_retired_immortals,MUME retired immortal list,in_game_retired_immortal_list,,view wizretired,List current as of 2026-06-16,280,Svex is listed as retired a Maia.,medium,candidate,Copied by Lewis. Includes Boardreaders and honorary True Legend entry for Norsu.
immortal_2026_06_16_retired_immortals_swix_33_listed_retired_immortal,char_swix,Swix,Swix,Swix,retired,Vala,no,no,listed_retired_immortal,2026_06_16_retired_immortals,MUME retired immortal list,in_game_retired_immortal_list,,view wizretired,List current as of 2026-06-16,33,Swix is listed as retired a Vala.,medium,candidate,Copied by Lewis. Includes Boardreaders and honorary True Legend entry for Norsu.
immortal_2026_06_16_retired_immortals_swork_281_listed_retired_immortal,char_swork,Swork,Swork,Swork,retired,Maia,no,no,listed_retired_immortal,2026_06_16_retired_immortals,MUME retired immortal list,in_game_retired_immortal_list,,view wizretired,List current as of 2026-06-16,281,Swork is listed as retired a Maia.,medium,candidate,Copied by Lewis. Includes Boardreaders and honorary True Legend entry for Norsu.
immortal_2026_06_16_current_immortals_tabris_97_listed_current_immortal,char_tabris,Tabris,Tabris,Tabris,current,Maia,no,no,listed_current_immortal,2026_06_16_current_immortals,MUME current immortal list,in_game_immortal_list,,view wizlist,List current as of 2026-06-16,97,Tabris is listed as current a Maia.,medium,candidate,Copied by Lewis. (+m) means the immortal is also a Maiar Muddler / muddle code contributor.
immortal_2026_06_16_retired_immortals_tadej_730_listed_retired_immortal,char_tadej,Tadej,Tadej,Tadej,retired,Boardreader,no,no,listed_retired_immortal,2026_06_16_retired_immortals,MUME retired immortal list,in_game_retired_immortal_list,,view wizretired,List current as of 2026-06-16,730,Tadej is listed as retired a Boardreader.,medium,candidate,Copied by Lewis. Includes Boardreaders and honorary True Legend entry for Norsu.
immortal_2026_06_16_retired_immortals_talen_731_listed_retired_immortal,char_talen,Talen,Talen,Talen,retired,Boardreader,no,no,listed_retired_immortal,2026_06_16_retired_immortals,MUME retired immortal list,in_game_retired_immortal_list,,view wizretired,List current as of 2026-06-16,731,Talen is listed as retired a Boardreader.,medium,candidate,Copied by Lewis. Includes Boardreaders and honorary True Legend entry for Norsu.
immortal_2026_06_16_retired_immortals_talia_158_listed_retired_immortal,char_talia,Talia,Talia,Talia,retired,Maia,no,no,listed_retired_immortal,2026_06_16_retired_immortals,MUME retired immortal list,in_game_retired_immortal_list,,view wizretired,List current as of 2026-06-16,158,Talia is listed as retired a Maia.,medium,candidate,Copied by Lewis. Includes Boardreaders and honorary True Legend entry for Norsu.
immortal_2026_06_16_current_immortals_tamar_98_listed_current_immortal,char_tamar,Tamar,Tamar,Tamar,current,Maia,no,no,listed_current_immortal,2026_06_16_current_immortals,MUME current immortal list,in_game_immortal_list,,view wizlist,List current as of 2026-06-16,98,Tamar is listed as current a Maia.,medium,candidate,Copied by Lewis. (+m) means the immortal is also a Maiar Muddler / muddle code contributor.
immortal_2026_06_16_retired_immortals_tamerlane_732_listed_retired_immortal,char_tamerlane,Tamerlane,Tamerlane,Tamerlane,retired,Boardreader,no,no,listed_retired_immortal,2026_06_16_retired_immortals,MUME retired immortal list,in_game_retired_immortal_list,,view wizretired,List current as of 2026-06-16,732,Tamerlane is listed as retired a Boardreader.,medium,candidate,Copied by Lewis. Includes Boardreaders and honorary True Legend entry for Norsu.
immortal_2026_06_16_retired_immortals_tanith_733_listed_retired_immortal,char_tanith,Tanith,Tanith,Tanith,retired,Boardreader,no,no,listed_retired_immortal,2026_06_16_retired_immortals,MUME retired immortal list,in_game_retired_immortal_list,,view wizretired,List current as of 2026-06-16,733,Tanith is listed as retired a Boardreader.,medium,candidate,Copied by Lewis. Includes Boardreaders and honorary True Legend entry for Norsu.
immortal_2026_06_16_retired_immortals_tarnas_282_listed_retired_immortal,char_tarnas,Tarnas,Tarnas,Tarnas,retired,Maia,no,no,listed_retired_immortal,2026_06_16_retired_immortals,MUME retired immortal list,in_game_retired_immortal_list,,view wizretired,List current as of 2026-06-16,282,Tarnas is listed as retired a Maia.,medium,candidate,Copied by Lewis. Includes Boardreaders and honorary True Legend entry for Norsu.
immortal_2026_06_16_current_immortals_tavares_99_listed_current_immortal,char_tavares,Tavares,Tavares,Tavares,current,Maia,no,no,listed_current_immortal,2026_06_16_current_immortals,MUME current immortal list,in_game_immortal_list,,view wizlist,List current as of 2026-06-16,99,Tavares is listed as current a Maia.,medium,candidate,Copied by Lewis. (+m) means the immortal is also a Maiar Muddler / muddle code contributor.
immortal_2026_06_16_retired_immortals_tchans_734_listed_retired_immortal,char_tchans,Tchans,Tchans,Tchans,retired,Boardreader,no,no,listed_retired_immortal,2026_06_16_retired_immortals,MUME retired immortal list,in_game_retired_immortal_list,,view wizretired,List current as of 2026-06-16,734,Tchans is listed as retired a Boardreader.,medium,candidate,Copied by Lewis. Includes Boardreaders and honorary True Legend entry for Norsu.
immortal_2026_06_16_retired_immortals_telcontar_735_listed_retired_immortal,char_telcontar,Telcontar,Telcontar,Telcontar,retired,Boardreader,no,no,listed_retired_immortal,2026_06_16_retired_immortals,MUME retired immortal list,in_game_retired_immortal_list,,view wizretired,List current as of 2026-06-16,735,Telcontar is listed as retired a Boardreader.,medium,candidate,Copied by Lewis. Includes Boardreaders and honorary True Legend entry for Norsu.
immortal_2026_06_16_retired_immortals_tellah_736_listed_retired_immortal,char_tellah,Tellah,Tellah,Tellah,retired,Boardreader,no,no,listed_retired_immortal,2026_06_16_retired_immortals,MUME retired immortal list,in_game_retired_immortal_list,,view wizretired,List current as of 2026-06-16,736,Tellah is listed as retired a Boardreader.,medium,candidate,Copied by Lewis. Includes Boardreaders and honorary True Legend entry for Norsu.
immortal_2026_06_16_retired_immortals_temdor_737_listed_retired_immortal,char_temdor,Temdor,Temdor,Temdor,retired,Boardreader,no,no,listed_retired_immortal,2026_06_16_retired_immortals,MUME retired immortal list,in_game_retired_immortal_list,,view wizretired,List current as of 2026-06-16,737,Temdor is listed as retired a Boardreader.,medium,candidate,Copied by Lewis. Includes Boardreaders and honorary True Legend entry for Norsu.
immortal_2026_06_16_current_immortals_tempuntekija_100_listed_current_immortal,char_tempuntekijä,Tempuntekijä,Tempuntekijä,Tempuntekijä,current,Maia,no,no,listed_current_immortal,2026_06_16_current_immortals,MUME current immortal list,in_game_immortal_list,,view wizlist,List current as of 2026-06-16,100,Tempuntekijä is listed as current a Maia.,medium,candidate,Copied by Lewis. (+m) means the immortal is also a Maiar Muddler / muddle code contributor.
immortal_2026_06_16_retired_immortals_terdamon_200_listed_retired_immortal,char_terdamon,Terdamon,Terdamon,Terdamon,retired,Maia,no,no,listed_retired_immortal,2026_06_16_retired_immortals,MUME retired immortal list,in_game_retired_immortal_list,,view wizretired,List current as of 2026-06-16,200,Terdamon is listed as retired a Maia.,medium,candidate,Copied by Lewis. Includes Boardreaders and honorary True Legend entry for Norsu.
immortal_2026_06_16_retired_immortals_terilaen_159_listed_retired_immortal,char_teriláen,Teriláen,Teriláen,Teriláen,retired,Maia,no,no,listed_retired_immortal,2026_06_16_retired_immortals,MUME retired immortal list,in_game_retired_immortal_list,,view wizretired,List current as of 2026-06-16,159,Teriláen is listed as retired a Maia.,medium,candidate,Copied by Lewis. Includes Boardreaders and honorary True Legend entry for Norsu.
immortal_2026_06_16_retired_immortals_terminator_738_listed_retired_immortal,char_terminator,Terminator,Terminator,Terminator,retired,Boardreader,no,no,listed_retired_immortal,2026_06_16_retired_immortals,MUME retired immortal list,in_game_retired_immortal_list,,view wizretired,List current as of 2026-06-16,738,Terminator is listed as retired a Boardreader.,medium,candidate,Copied by Lewis. Includes Boardreaders and honorary True Legend entry for Norsu.
immortal_2026_06_16_retired_immortals_terwin_160_listed_retired_immortal,char_terwin,Terwin,Terwin,Terwin,retired,Maia,no,no,listed_retired_immortal,2026_06_16_retired_immortals,MUME retired immortal list,in_game_retired_immortal_list,,view wizretired,List current as of 2026-06-16,160,Terwin is listed as retired a Maia.,medium,candidate,Copied by Lewis. Includes Boardreaders and honorary True Legend entry for Norsu.
immortal_2026_06_16_retired_immortals_tessier_739_listed_retired_immortal,char_tessier,Tessier,Tessier,Tessier,retired,Boardreader,no,no,listed_retired_immortal,2026_06_16_retired_immortals,MUME retired immortal list,in_game_retired_immortal_list,,view wizretired,List current as of 2026-06-16,739,Tessier is listed as retired a Boardreader.,medium,candidate,Copied by Lewis. Includes Boardreaders and honorary True Legend entry for Norsu.
immortal_2026_06_16_retired_immortals_teya_740_listed_retired_immortal,char_teya,Teya,Teya,Teya,retired,Boardreader,no,no,listed_retired_immortal,2026_06_16_retired_immortals,MUME retired immortal list,in_game_retired_immortal_list,,view wizretired,List current as of 2026-06-16,740,Teya is listed as retired a Boardreader.,medium,candidate,Copied by Lewis. Includes Boardreaders and honorary True Legend entry for Norsu.
immortal_2026_06_16_retired_immortals_thanatos_161_listed_retired_immortal,char_thanatos,Thanatos,Thanatos,Thanatos,retired,Maia,no,no,listed_retired_immortal,2026_06_16_retired_immortals,MUME retired immortal list,in_game_retired_immortal_list,,view wizretired,List current as of 2026-06-16,161,Thanatos is listed as retired a Maia.,medium,candidate,Copied by Lewis. Includes Boardreaders and honorary True Legend entry for Norsu.
immortal_2026_06_16_retired_immortals_themys_741_listed_retired_immortal,char_themys,Themys,Themys,Themys,retired,Boardreader,no,no,listed_retired_immortal,2026_06_16_retired_immortals,MUME retired immortal list,in_game_retired_immortal_list,,view wizretired,List current as of 2026-06-16,741,Themys is listed as retired a Boardreader.,medium,candidate,Copied by Lewis. Includes Boardreaders and honorary True Legend entry for Norsu.
immortal_2026_06_16_retired_immortals_theomil_742_listed_retired_immortal,char_théomil,Théomil,Théomil,Théomil,retired,Boardreader,no,no,listed_retired_immortal,2026_06_16_retired_immortals,MUME retired immortal list,in_game_retired_immortal_list,,view wizretired,List current as of 2026-06-16,742,Théomil is listed as retired a Boardreader.,medium,candidate,Copied by Lewis. Includes Boardreaders and honorary True Legend entry for Norsu.
immortal_2026_06_16_current_immortals_thoirin_101_listed_current_immortal,char_thoirin,Thoirin,Thoirin,Thoirin,current,Maia,no,no,listed_current_immortal,2026_06_16_current_immortals,MUME current immortal list,in_game_immortal_list,,view wizlist,List current as of 2026-06-16,101,Thoirin is listed as current a Maia.,medium,candidate,Copied by Lewis. (+m) means the immortal is also a Maiar Muddler / muddle code contributor.
immortal_2026_06_16_retired_immortals_thor_34_listed_retired_immortal,char_thor,Thor,Thor,Thor,retired,Vala,no,no,listed_retired_immortal,2026_06_16_retired_immortals,MUME retired immortal list,in_game_retired_immortal_list,,view wizretired,List current as of 2026-06-16,34,Thor is listed as retired a Vala.,medium,candidate,Copied by Lewis. Includes Boardreaders and honorary True Legend entry for Norsu.
immortal_2026_06_16_retired_immortals_thorin_11_listed_retired_immortal,char_thorin,Thorin,Thorin,Thorin,retired,Aratar,no,no,listed_retired_immortal,2026_06_16_retired_immortals,MUME retired immortal list,in_game_retired_immortal_list,,view wizretired,List current as of 2026-06-16,11,Thorin is listed as retired an Aratar.,medium,candidate,Copied by Lewis. Includes Boardreaders and honorary True Legend entry for Norsu.
immortal_2026_06_16_retired_immortals_thoroner_743_listed_retired_immortal,char_thoroner,Thoroner,Thoroner,Thoroner,retired,Boardreader,no,no,listed_retired_immortal,2026_06_16_retired_immortals,MUME retired immortal list,in_game_retired_immortal_list,,view wizretired,List current as of 2026-06-16,743,Thoroner is listed as retired a Boardreader.,medium,candidate,Copied by Lewis. Includes Boardreaders and honorary True Legend entry for Norsu.
immortal_2026_06_16_retired_immortals_thran_162_listed_retired_immortal,char_thran,Thran,Thran,Thran,retired,Maia,no,no,listed_retired_immortal,2026_06_16_retired_immortals,MUME retired immortal list,in_game_retired_immortal_list,,view wizretired,List current as of 2026-06-16,162,Thran is listed as retired a Maia.,medium,candidate,Copied by Lewis. Includes Boardreaders and honorary True Legend entry for Norsu.
immortal_2026_06_16_retired_immortals_thrust_744_listed_retired_immortal,char_thrust,Thrust,Thrust,Thrust,retired,Boardreader,no,no,listed_retired_immortal,2026_06_16_retired_immortals,MUME retired immortal list,in_game_retired_immortal_list,,view wizretired,List current as of 2026-06-16,744,Thrust is listed as retired a Boardreader.,medium,candidate,Copied by Lewis. Includes Boardreaders and honorary True Legend entry for Norsu.
immortal_2026_06_16_retired_immortals_thuran_745_listed_retired_immortal,char_thuran,Thuran,Thuran,Thuran,retired,Boardreader,no,no,listed_retired_immortal,2026_06_16_retired_immortals,MUME retired immortal list,in_game_retired_immortal_list,,view wizretired,List current as of 2026-06-16,745,Thuran is listed as retired a Boardreader.,medium,candidate,Copied by Lewis. Includes Boardreaders and honorary True Legend entry for Norsu.
immortal_2026_06_16_retired_immortals_thuzzle_35_listed_retired_immortal,char_thuzzle,Thuzzle,Thuzzle,Thuzzle,retired,Vala,no,no,listed_retired_immortal,2026_06_16_retired_immortals,MUME retired immortal list,in_game_retired_immortal_list,,view wizretired,List current as of 2026-06-16,35,Thuzzle is listed as retired a Vala.,medium,candidate,Copied by Lewis. Includes Boardreaders and honorary True Legend entry for Norsu.
immortal_2026_06_16_current_immortals_tilwe_102_listed_current_immortal,char_tilwe,Tilwe,Tilwe,Tilwe,current,Maia,no,no,listed_current_immortal,2026_06_16_current_immortals,MUME current immortal list,in_game_immortal_list,,view wizlist,List current as of 2026-06-16,102,Tilwe is listed as current a Maia.,medium,candidate,Copied by Lewis. (+m) means the immortal is also a Maiar Muddler / muddle code contributor.
immortal_2026_06_16_retired_immortals_timbulimbu_746_listed_retired_immortal,char_timbulimbu,Timbulimbu,Timbulimbu,Timbulimbu,retired,Boardreader,no,no,listed_retired_immortal,2026_06_16_retired_immortals,MUME retired immortal list,in_game_retired_immortal_list,,view wizretired,List current as of 2026-06-16,746,Timbulimbu is listed as retired a Boardreader.,medium,candidate,Copied by Lewis. Includes Boardreaders and honorary True Legend entry for Norsu.
immortal_2026_06_16_current_immortals_timodeus_9_listed_current_immortal,char_timodeus,Timodeus,Timodeus,Timodeus,current,Aratar,no,no,listed_current_immortal,2026_06_16_current_immortals,MUME current immortal list,in_game_immortal_list,,view wizlist,List current as of 2026-06-16,9,Timodeus is listed as current an Aratar.,medium,candidate,Copied by Lewis. (+m) means the immortal is also a Maiar Muddler / muddle code contributor.
immortal_2026_06_16_retired_immortals_tinkerbell_64_listed_retired_immortal,char_tinkerbell,Tinkerbell,Tinkerbell,Tinkerbell,retired,Vala,no,no,listed_retired_immortal,2026_06_16_retired_immortals,MUME retired immortal list,in_game_retired_immortal_list,,view wizretired,List current as of 2026-06-16,64,Tinkerbell is listed as retired a Vala.,medium,candidate,Copied by Lewis. Includes Boardreaders and honorary True Legend entry for Norsu.
immortal_2026_06_16_retired_immortals_tinsal_283_listed_retired_immortal,char_tinsal,Tinsal,Tinsal,Tinsal,retired,Maia,no,no,listed_retired_immortal,2026_06_16_retired_immortals,MUME retired immortal list,in_game_retired_immortal_list,,view wizretired,List current as of 2026-06-16,283,Tinsal is listed as retired a Maia.,medium,candidate,Copied by Lewis. Includes Boardreaders and honorary True Legend entry for Norsu.
immortal_2026_06_16_retired_immortals_tippy_747_listed_retired_immortal,char_tippy,Tippy,Tippy,Tippy,retired,Boardreader,no,no,listed_retired_immortal,2026_06_16_retired_immortals,MUME retired immortal list,in_game_retired_immortal_list,,view wizretired,List current as of 2026-06-16,747,Tippy is listed as retired a Boardreader.,medium,candidate,Copied by Lewis. Includes Boardreaders and honorary True Legend entry for Norsu.
immortal_2026_06_16_retired_immortals_tirmenel_284_listed_retired_immortal,char_tirmenel,Tirmenel,Tirmenel,Tirmenel,retired,Maia,no,no,listed_retired_immortal,2026_06_16_retired_immortals,MUME retired immortal list,in_game_retired_immortal_list,,view wizretired,List current as of 2026-06-16,284,Tirmenel is listed as retired a Maia.,medium,candidate,Copied by Lewis. Includes Boardreaders and honorary True Legend entry for Norsu.
immortal_2026_06_16_retired_immortals_titus_748_listed_retired_immortal,char_titus,Titus,Titus,Titus,retired,Boardreader,no,no,listed_retired_immortal,2026_06_16_retired_immortals,MUME retired immortal list,in_game_retired_immortal_list,,view wizretired,List current as of 2026-06-16,748,Titus is listed as retired a Boardreader.,medium,candidate,Copied by Lewis. Includes Boardreaders and honorary True Legend entry for Norsu.
immortal_2026_06_16_retired_immortals_tlb_749_listed_retired_immortal,char_tlb,TLB,TLB,TLB,retired,Boardreader,no,no,listed_retired_immortal,2026_06_16_retired_immortals,MUME retired immortal list,in_game_retired_immortal_list,,view wizretired,List current as of 2026-06-16,749,TLB is listed as retired a Boardreader.,medium,candidate,Copied by Lewis. Includes Boardreaders and honorary True Legend entry for Norsu.
immortal_2026_06_16_current_immortals_toby_103_listed_current_immortal,char_toby,Toby,Toby,Toby,current,Maia,no,no,listed_current_immortal,2026_06_16_current_immortals,MUME current immortal list,in_game_immortal_list,,view wizlist,List current as of 2026-06-16,103,Toby is listed as current a Maia.,medium,candidate,Copied by Lewis. (+m) means the immortal is also a Maiar Muddler / muddle code contributor.
immortal_2026_06_16_retired_immortals_torak_750_listed_retired_immortal,char_torak,Torak,Torak,Torak,retired,Boardreader,no,no,listed_retired_immortal,2026_06_16_retired_immortals,MUME retired immortal list,in_game_retired_immortal_list,,view wizretired,List current as of 2026-06-16,750,Torak is listed as retired a Boardreader.,medium,candidate,Copied by Lewis. Includes Boardreaders and honorary True Legend entry for Norsu.
immortal_2026_06_16_retired_immortals_tram_285_listed_retired_immortal,char_tram,Tram,Tram,Tram,retired,Maia,no,no,listed_retired_immortal,2026_06_16_retired_immortals,MUME retired immortal list,in_game_retired_immortal_list,,view wizretired,List current as of 2026-06-16,285,Tram is listed as retired a Maia.,medium,candidate,Copied by Lewis. Includes Boardreaders and honorary True Legend entry for Norsu.
immortal_2026_06_16_retired_immortals_transergod_163_listed_retired_immortal,char_transergod,TranserGod,TranserGod,TranserGod,retired,Maia,no,no,listed_retired_immortal,2026_06_16_retired_immortals,MUME retired immortal list,in_game_retired_immortal_list,,view wizretired,List current as of 2026-06-16,163,TranserGod is listed as retired a Maia.,medium,candidate,Copied by Lewis. Includes Boardreaders and honorary True Legend entry for Norsu.
immortal_2026_06_16_retired_immortals_trent_78_listed_retired_immortal,char_trent,Trent,Trent,Trent,retired,Maia,no,no,listed_retired_immortal,2026_06_16_retired_immortals,MUME retired immortal list,in_game_retired_immortal_list,,view wizretired,List current as of 2026-06-16,78,Trent is listed as retired a Maia.,medium,candidate,Copied by Lewis. Includes Boardreaders and honorary True Legend entry for Norsu.
immortal_2026_06_16_retired_immortals_trexus_164_listed_retired_immortal,char_trexus,Trexus,Trexus,Trexus,retired,Maia,no,no,listed_retired_immortal,2026_06_16_retired_immortals,MUME retired immortal list,in_game_retired_immortal_list,,view wizretired,List current as of 2026-06-16,164,Trexus is listed as retired a Maia.,medium,candidate,Copied by Lewis. Includes Boardreaders and honorary True Legend entry for Norsu.
immortal_2026_06_16_retired_immortals_tsort_751_listed_retired_immortal,char_tsort,Tsort,Tsort,Tsort,retired,Boardreader,no,no,listed_retired_immortal,2026_06_16_retired_immortals,MUME retired immortal list,in_game_retired_immortal_list,,view wizretired,List current as of 2026-06-16,751,Tsort is listed as retired a Boardreader.,medium,candidate,Copied by Lewis. Includes Boardreaders and honorary True Legend entry for Norsu.
immortal_2026_06_16_retired_immortals_tulkas_12_listed_retired_immortal,char_tulkas,Tulkas,Tulkas,Tulkas,retired,Aratar,no,no,listed_retired_immortal,2026_06_16_retired_immortals,MUME retired immortal list,in_game_retired_immortal_list,,view wizretired,List current as of 2026-06-16,12,Tulkas is listed as retired an Aratar.,medium,candidate,Copied by Lewis. Includes Boardreaders and honorary True Legend entry for Norsu.
immortal_2026_06_16_retired_immortals_tuor_286_listed_retired_immortal,char_tuor,Tuor,Tuor,Tuor,retired,Maia,no,no,listed_retired_immortal,2026_06_16_retired_immortals,MUME retired immortal list,in_game_retired_immortal_list,,view wizretired,List current as of 2026-06-16,286,Tuor is listed as retired a Maia.,medium,candidate,Copied by Lewis. Includes Boardreaders and honorary True Legend entry for Norsu.
immortal_2026_06_16_retired_immortals_turmere_165_listed_retired_immortal,char_turmere,Turmere,Turmere,Turmere,retired,Maia,no,no,listed_retired_immortal,2026_06_16_retired_immortals,MUME retired immortal list,in_game_retired_immortal_list,,view wizretired,List current as of 2026-06-16,165,Turmere is listed as retired a Maia.,medium,candidate,Copied by Lewis. Includes Boardreaders and honorary True Legend entry for Norsu.
immortal_2026_06_16_retired_immortals_twibble_166_listed_retired_immortal,char_twibble,Twibble,Twibble,Twibble,retired,Maia,no,no,listed_retired_immortal,2026_06_16_retired_immortals,MUME retired immortal list,in_game_retired_immortal_list,,view wizretired,List current as of 2026-06-16,166,Twibble is listed as retired a Maia.,medium,candidate,Copied by Lewis. Includes Boardreaders and honorary True Legend entry for Norsu.
immortal_2026_06_16_retired_immortals_tylina_752_listed_retired_immortal,char_tylina,Tylina,Tylina,Tylina,retired,Boardreader,no,no,listed_retired_immortal,2026_06_16_retired_immortals,MUME retired immortal list,in_game_retired_immortal_list,,view wizretired,List current as of 2026-06-16,752,Tylina is listed as retired a Boardreader.,medium,candidate,Copied by Lewis. Includes Boardreaders and honorary True Legend entry for Norsu.
immortal_2026_06_16_retired_immortals_tyr_753_listed_retired_immortal,char_tyr,Tyr,Tyr,Tyr,retired,Boardreader,no,no,listed_retired_immortal,2026_06_16_retired_immortals,MUME retired immortal list,in_game_retired_immortal_list,,view wizretired,List current as of 2026-06-16,753,Tyr is listed as retired a Boardreader.,medium,candidate,Copied by Lewis. Includes Boardreaders and honorary True Legend entry for Norsu.
immortal_2026_06_16_retired_immortals_ugly_754_listed_retired_immortal,char_ugly,Ugly,Ugly,Ugly,retired,Boardreader,no,no,listed_retired_immortal,2026_06_16_retired_immortals,MUME retired immortal list,in_game_retired_immortal_list,,view wizretired,List current as of 2026-06-16,754,Ugly is listed as retired a Boardreader.,medium,candidate,Copied by Lewis. Includes Boardreaders and honorary True Legend entry for Norsu.
immortal_2026_06_16_retired_immortals_uinen_79_listed_retired_immortal,char_uinen,Uinen,Uinen,Uinen,retired,Maia,no,no,listed_retired_immortal,2026_06_16_retired_immortals,MUME retired immortal list,in_game_retired_immortal_list,,view wizretired,List current as of 2026-06-16,79,Uinen is listed as retired a Maia.,medium,candidate,Copied by Lewis. Includes Boardreaders and honorary True Legend entry for Norsu.
immortal_2026_06_16_retired_immortals_ulbo_755_listed_retired_immortal,char_ulbo,Ulbo,Ulbo,Ulbo,retired,Boardreader,no,no,listed_retired_immortal,2026_06_16_retired_immortals,MUME retired immortal list,in_game_retired_immortal_list,,view wizretired,List current as of 2026-06-16,755,Ulbo is listed as retired a Boardreader.,medium,candidate,Copied by Lewis. Includes Boardreaders and honorary True Legend entry for Norsu.
immortal_2026_06_16_retired_immortals_ulixes_756_listed_retired_immortal,char_ulixes,Ulixes,Ulixes,Ulixes,retired,Boardreader,no,no,listed_retired_immortal,2026_06_16_retired_immortals,MUME retired immortal list,in_game_retired_immortal_list,,view wizretired,List current as of 2026-06-16,756,Ulixes is listed as retired a Boardreader.,medium,candidate,Copied by Lewis. Includes Boardreaders and honorary True Legend entry for Norsu.
immortal_2026_06_16_retired_immortals_ulmo_167_listed_retired_immortal,char_ulmo,Ulmo,Ulmo,Ulmo,retired,Maia,no,no,listed_retired_immortal,2026_06_16_retired_immortals,MUME retired immortal list,in_game_retired_immortal_list,,view wizretired,List current as of 2026-06-16,167,Ulmo is listed as retired a Maia.,medium,candidate,Copied by Lewis. Includes Boardreaders and honorary True Legend entry for Norsu.
immortal_2026_06_16_retired_immortals_ulynn_757_listed_retired_immortal,char_ulynn,Ulynn,Ulynn,Ulynn,retired,Boardreader,no,no,listed_retired_immortal,2026_06_16_retired_immortals,MUME retired immortal list,in_game_retired_immortal_list,,view wizretired,List current as of 2026-06-16,757,Ulynn is listed as retired a Boardreader.,medium,candidate,Copied by Lewis. Includes Boardreaders and honorary True Legend entry for Norsu.
immortal_2026_06_16_retired_immortals_urdorf_758_listed_retired_immortal,char_urdorf,Urdorf,Urdorf,Urdorf,retired,Boardreader,no,no,listed_retired_immortal,2026_06_16_retired_immortals,MUME retired immortal list,in_game_retired_immortal_list,,view wizretired,List current as of 2026-06-16,758,Urdorf is listed as retired a Boardreader.,medium,candidate,Copied by Lewis. Includes Boardreaders and honorary True Legend entry for Norsu.
immortal_2026_06_16_retired_immortals_urso_759_listed_retired_immortal,char_urso,Urso,Urso,Urso,retired,Boardreader,no,no,listed_retired_immortal,2026_06_16_retired_immortals,MUME retired immortal list,in_game_retired_immortal_list,,view wizretired,List current as of 2026-06-16,759,Urso is listed as retired a Boardreader.,medium,candidate,Copied by Lewis. Includes Boardreaders and honorary True Legend entry for Norsu.
immortal_2026_06_16_retired_immortals_utu_201_listed_retired_immortal,char_utu,Utu,Utu,Utu,retired,Maia,no,no,listed_retired_immortal,2026_06_16_retired_immortals,MUME retired immortal list,in_game_retired_immortal_list,,view wizretired,List current as of 2026-06-16,201,Utu is listed as retired a Maia.,medium,candidate,Copied by Lewis. Includes Boardreaders and honorary True Legend entry for Norsu.
immortal_2026_06_16_retired_immortals_vagnar_287_listed_retired_immortal,char_vagnar,Vagnar,Vagnar,Vagnar,retired,Maia,no,no,listed_retired_immortal,2026_06_16_retired_immortals,MUME retired immortal list,in_game_retired_immortal_list,,view wizretired,List current as of 2026-06-16,287,Vagnar is listed as retired a Maia.,medium,candidate,Copied by Lewis. Includes Boardreaders and honorary True Legend entry for Norsu.
immortal_2026_06_16_retired_immortals_vai_760_listed_retired_immortal,char_vai,Vai,Vai,Vai,retired,Boardreader,no,no,listed_retired_immortal,2026_06_16_retired_immortals,MUME retired immortal list,in_game_retired_immortal_list,,view wizretired,List current as of 2026-06-16,760,Vai is listed as retired a Boardreader.,medium,candidate,Copied by Lewis. Includes Boardreaders and honorary True Legend entry for Norsu.
immortal_2026_06_16_retired_immortals_vaire_65_listed_retired_immortal,char_vairë,Vairë,Vairë,Vairë,retired,Vala,no,no,listed_retired_immortal,2026_06_16_retired_immortals,MUME retired immortal list,in_game_retired_immortal_list,,view wizretired,List current as of 2026-06-16,65,Vairë is listed as retired a Vala.,medium,candidate,Copied by Lewis. Includes Boardreaders and honorary True Legend entry for Norsu.
immortal_2026_06_16_retired_immortals_valdore_761_listed_retired_immortal,char_valdórë,Valdórë,Valdórë,Valdórë,retired,Boardreader,no,no,listed_retired_immortal,2026_06_16_retired_immortals,MUME retired immortal list,in_game_retired_immortal_list,,view wizretired,List current as of 2026-06-16,761,Valdórë is listed as retired a Boardreader.,medium,candidate,Copied by Lewis. Includes Boardreaders and honorary True Legend entry for Norsu.
immortal_2026_06_16_retired_immortals_valur_36_listed_retired_immortal,char_valur,Valur,Valur,Valur,retired,Vala,no,no,listed_retired_immortal,2026_06_16_retired_immortals,MUME retired immortal list,in_game_retired_immortal_list,,view wizretired,List current as of 2026-06-16,36,Valur is listed as retired a Vala.,medium,candidate,Copied by Lewis. Includes Boardreaders and honorary True Legend entry for Norsu.
immortal_2026_06_16_retired_immortals_vanidor_66_listed_retired_immortal,char_vanidor,Vanidor,Vanidor,Vanidor,retired,Vala,no,no,listed_retired_immortal,2026_06_16_retired_immortals,MUME retired immortal list,in_game_retired_immortal_list,,view wizretired,List current as of 2026-06-16,66,Vanidor is listed as retired a Vala.,medium,candidate,Copied by Lewis. Includes Boardreaders and honorary True Legend entry for Norsu.
immortal_2026_06_16_retired_immortals_varda_80_listed_retired_immortal,char_varda,Varda,Varda,Varda,retired,Maia,no,no,listed_retired_immortal,2026_06_16_retired_immortals,MUME retired immortal list,in_game_retired_immortal_list,,view wizretired,List current as of 2026-06-16,80,Varda is listed as retired a Maia.,medium,candidate,Copied by Lewis. Includes Boardreaders and honorary True Legend entry for Norsu.
immortal_2026_06_16_current_immortals_veladan_23_listed_current_immortal,char_veladan,Veladan,Veladan,Veladan,current,Maia,no,no,listed_current_immortal,2026_06_16_current_immortals,MUME current immortal list,in_game_immortal_list,,view wizlist,List current as of 2026-06-16,23,Veladan is listed as current a Maia.,medium,candidate,Copied by Lewis. (+m) means the immortal is also a Maiar Muddler / muddle code contributor.
immortal_2026_06_16_retired_immortals_velkin_762_listed_retired_immortal,char_velkin,Velkin,Velkin,Velkin,retired,Boardreader,no,no,listed_retired_immortal,2026_06_16_retired_immortals,MUME retired immortal list,in_game_retired_immortal_list,,view wizretired,List current as of 2026-06-16,762,Velkin is listed as retired a Boardreader.,medium,candidate,Copied by Lewis. Includes Boardreaders and honorary True Legend entry for Norsu.
immortal_2026_06_16_retired_immortals_vengeance_37_listed_retired_immortal,char_vengeance,Vengeance,Vengeance,Vengeance,retired,Vala,no,no,listed_retired_immortal,2026_06_16_retired_immortals,MUME retired immortal list,in_game_retired_immortal_list,,view wizretired,List current as of 2026-06-16,37,Vengeance is listed as retired a Vala.,medium,candidate,Copied by Lewis. Includes Boardreaders and honorary True Legend entry for Norsu.
immortal_2026_06_16_retired_immortals_verathos_288_listed_retired_immortal,char_vérathos,Vérathos,Vérathos,Vérathos,retired,Maia,no,no,listed_retired_immortal,2026_06_16_retired_immortals,MUME retired immortal list,in_game_retired_immortal_list,,view wizretired,List current as of 2026-06-16,288,Vérathos is listed as retired a Maia.,medium,candidate,Copied by Lewis. Includes Boardreaders and honorary True Legend entry for Norsu.
immortal_2026_06_16_retired_immortals_verona_763_listed_retired_immortal,char_verona,Verona,Verona,Verona,retired,Boardreader,no,no,listed_retired_immortal,2026_06_16_retired_immortals,MUME retired immortal list,in_game_retired_immortal_list,,view wizretired,List current as of 2026-06-16,763,Verona is listed as retired a Boardreader.,medium,candidate,Copied by Lewis. Includes Boardreaders and honorary True Legend entry for Norsu.
immortal_2026_06_16_retired_immortals_vico_764_listed_retired_immortal,char_vico,Vico,Vico,Vico,retired,Boardreader,no,no,listed_retired_immortal,2026_06_16_retired_immortals,MUME retired immortal list,in_game_retired_immortal_list,,view wizretired,List current as of 2026-06-16,764,Vico is listed as retired a Boardreader.,medium,candidate,Copied by Lewis. Includes Boardreaders and honorary True Legend entry for Norsu.
immortal_2026_06_16_retired_immortals_vierna_765_listed_retired_immortal,char_vierna,Vierna,Vierna,Vierna,retired,Boardreader,no,no,listed_retired_immortal,2026_06_16_retired_immortals,MUME retired immortal list,in_game_retired_immortal_list,,view wizretired,List current as of 2026-06-16,765,Vierna is listed as retired a Boardreader.,medium,candidate,Copied by Lewis. Includes Boardreaders and honorary True Legend entry for Norsu.
immortal_2026_06_16_retired_immortals_viggo_766_listed_retired_immortal,char_víggo,Víggo,Víggo,Víggo,retired,Boardreader,no,no,listed_retired_immortal,2026_06_16_retired_immortals,MUME retired immortal list,in_game_retired_immortal_list,,view wizretired,List current as of 2026-06-16,766,Víggo is listed as retired a Boardreader.,medium,candidate,Copied by Lewis. Includes Boardreaders and honorary True Legend entry for Norsu.
immortal_2026_06_16_retired_immortals_vigo_767_listed_retired_immortal,char_vigo,Vigo,Vigo,Vigo,retired,Boardreader,no,no,listed_retired_immortal,2026_06_16_retired_immortals,MUME retired immortal list,in_game_retired_immortal_list,,view wizretired,List current as of 2026-06-16,767,Vigo is listed as retired a Boardreader.,medium,candidate,Copied by Lewis. Includes Boardreaders and honorary True Legend entry for Norsu.
immortal_2026_06_16_current_immortals_viil_47_listed_current_immortal,char_viil,Viil,Viil,Viil,current,Maia,yes,no,listed_current_immortal,2026_06_16_current_immortals,MUME current immortal list,in_game_immortal_list,,view wizlist,List current as of 2026-06-16,47,Viil is listed as current a Maia. Maiar Muddler / code contributor marker present.,medium,candidate,Copied by Lewis. (+m) means the immortal is also a Maiar Muddler / muddle code contributor.
immortal_2026_06_16_retired_immortals_violith_768_listed_retired_immortal,char_violith,Violith,Violith,Violith,retired,Boardreader,no,no,listed_retired_immortal,2026_06_16_retired_immortals,MUME retired immortal list,in_game_retired_immortal_list,,view wizretired,List current as of 2026-06-16,768,Violith is listed as retired a Boardreader.,medium,candidate,Copied by Lewis. Includes Boardreaders and honorary True Legend entry for Norsu.
immortal_2026_06_16_retired_immortals_vivriel_13_listed_retired_immortal,char_vivriel,Vivriel,Vivriel,Vivriel,retired,Aratar,no,no,listed_retired_immortal,2026_06_16_retired_immortals,MUME retired immortal list,in_game_retired_immortal_list,,view wizretired,List current as of 2026-06-16,13,Vivriel is listed as retired an Aratar.,medium,candidate,Copied by Lewis. Includes Boardreaders and honorary True Legend entry for Norsu.
immortal_2026_06_16_retired_immortals_voile_289_listed_retired_immortal,char_voile,Voile,Voile,Voile,retired,Maia,no,no,listed_retired_immortal,2026_06_16_retired_immortals,MUME retired immortal list,in_game_retired_immortal_list,,view wizretired,List current as of 2026-06-16,289,Voile is listed as retired a Maia.,medium,candidate,Copied by Lewis. Includes Boardreaders and honorary True Legend entry for Norsu.
immortal_2026_06_16_current_immortals_volur_104_listed_current_immortal,char_võlur,Võlur,Võlur,Võlur,current,Maia,no,no,listed_current_immortal,2026_06_16_current_immortals,MUME current immortal list,in_game_immortal_list,,view wizlist,List current as of 2026-06-16,104,Võlur is listed as current a Maia.,medium,candidate,Copied by Lewis. (+m) means the immortal is also a Maiar Muddler / muddle code contributor.
immortal_2026_06_16_retired_immortals_vurogue_769_listed_retired_immortal,char_vürogue,Vürogue,Vürogue,Vürogue,retired,Boardreader,no,no,listed_retired_immortal,2026_06_16_retired_immortals,MUME retired immortal list,in_game_retired_immortal_list,,view wizretired,List current as of 2026-06-16,769,Vürogue is listed as retired a Boardreader.,medium,candidate,Copied by Lewis. Includes Boardreaders and honorary True Legend entry for Norsu.
immortal_2026_06_16_current_immortals_waba_10_listed_current_immortal,char_waba,Waba,Waba,Waba,current,Aratar,no,no,listed_current_immortal,2026_06_16_current_immortals,MUME current immortal list,in_game_immortal_list,,view wizlist,List current as of 2026-06-16,10,Waba is listed as current an Aratar.,medium,candidate,Copied by Lewis. (+m) means the immortal is also a Maiar Muddler / muddle code contributor.
immortal_2026_06_16_retired_immortals_ward_202_listed_retired_immortal,char_ward,Ward,Ward,Ward,retired,Maia,no,no,listed_retired_immortal,2026_06_16_retired_immortals,MUME retired immortal list,in_game_retired_immortal_list,,view wizretired,List current as of 2026-06-16,202,Ward is listed as retired a Maia.,medium,candidate,Copied by Lewis. Includes Boardreaders and honorary True Legend entry for Norsu.
immortal_2026_06_16_retired_immortals_ween_770_listed_retired_immortal,char_ween,Ween,Ween,Ween,retired,Boardreader,no,no,listed_retired_immortal,2026_06_16_retired_immortals,MUME retired immortal list,in_game_retired_immortal_list,,view wizretired,List current as of 2026-06-16,770,Ween is listed as retired a Boardreader.,medium,candidate,Copied by Lewis. Includes Boardreaders and honorary True Legend entry for Norsu.
immortal_2026_06_16_retired_immortals_werligh_168_listed_retired_immortal,char_werligh,Werligh,Werligh,Werligh,retired,Maia,no,no,listed_retired_immortal,2026_06_16_retired_immortals,MUME retired immortal list,in_game_retired_immortal_list,,view wizretired,List current as of 2026-06-16,168,Werligh is listed as retired a Maia.,medium,candidate,Copied by Lewis. Includes Boardreaders and honorary True Legend entry for Norsu.
immortal_2026_06_16_retired_immortals_wilderon_771_listed_retired_immortal,char_wilderon,Wilderon,Wilderon,Wilderon,retired,Boardreader,no,no,listed_retired_immortal,2026_06_16_retired_immortals,MUME retired immortal list,in_game_retired_immortal_list,,view wizretired,List current as of 2026-06-16,771,Wilderon is listed as retired a Boardreader.,medium,candidate,Copied by Lewis. Includes Boardreaders and honorary True Legend entry for Norsu.
immortal_2026_06_16_retired_immortals_windwalker_290_listed_retired_immortal,char_windwalker,Windwalker,Windwalker,Windwalker,retired,Maia,no,no,listed_retired_immortal,2026_06_16_retired_immortals,MUME retired immortal list,in_game_retired_immortal_list,,view wizretired,List current as of 2026-06-16,290,Windwalker is listed as retired a Maia.,medium,candidate,Copied by Lewis. Includes Boardreaders and honorary True Legend entry for Norsu.
immortal_2026_06_16_retired_immortals_wiz_772_listed_retired_immortal,char_wiz,Wiz,Wiz,Wiz,retired,Boardreader,no,no,listed_retired_immortal,2026_06_16_retired_immortals,MUME retired immortal list,in_game_retired_immortal_list,,view wizretired,List current as of 2026-06-16,772,Wiz is listed as retired a Boardreader.,medium,candidate,Copied by Lewis. Includes Boardreaders and honorary True Legend entry for Norsu.
immortal_2026_06_16_retired_immortals_wormtongue_773_listed_retired_immortal,char_wormtongue,Wormtongue,Wormtongue,Wormtongue,retired,Boardreader,no,no,listed_retired_immortal,2026_06_16_retired_immortals,MUME retired immortal list,in_game_retired_immortal_list,,view wizretired,List current as of 2026-06-16,773,Wormtongue is listed as retired a Boardreader.,medium,candidate,Copied by Lewis. Includes Boardreaders and honorary True Legend entry for Norsu.
immortal_2026_06_16_retired_immortals_wow_291_listed_retired_immortal,char_wow,Wow,Wow,Wow,retired,Maia,no,no,listed_retired_immortal,2026_06_16_retired_immortals,MUME retired immortal list,in_game_retired_immortal_list,,view wizretired,List current as of 2026-06-16,291,Wow is listed as retired a Maia.,medium,candidate,Copied by Lewis. Includes Boardreaders and honorary True Legend entry for Norsu.
immortal_2026_06_16_retired_immortals_wozak_169_listed_retired_immortal,char_wozak,Wozak,Wozak,Wozak,retired,Maia,no,no,listed_retired_immortal,2026_06_16_retired_immortals,MUME retired immortal list,in_game_retired_immortal_list,,view wizretired,List current as of 2026-06-16,169,Wozak is listed as retired a Maia.,medium,candidate,Copied by Lewis. Includes Boardreaders and honorary True Legend entry for Norsu.
immortal_2026_06_16_retired_immortals_wryak_774_listed_retired_immortal,char_wryak,Wryak,Wryak,Wryak,retired,Boardreader,no,no,listed_retired_immortal,2026_06_16_retired_immortals,MUME retired immortal list,in_game_retired_immortal_list,,view wizretired,List current as of 2026-06-16,774,Wryak is listed as retired a Boardreader.,medium,candidate,Copied by Lewis. Includes Boardreaders and honorary True Legend entry for Norsu.
immortal_2026_06_16_retired_immortals_wuji_775_listed_retired_immortal,char_wuji,Wuji,Wuji,Wuji,retired,Boardreader,no,no,listed_retired_immortal,2026_06_16_retired_immortals,MUME retired immortal list,in_game_retired_immortal_list,,view wizretired,List current as of 2026-06-16,775,Wuji is listed as retired a Boardreader.,medium,candidate,Copied by Lewis. Includes Boardreaders and honorary True Legend entry for Norsu.
immortal_2026_06_16_retired_immortals_wulfgart_776_listed_retired_immortal,char_wulfgart,Wulfgart,Wulfgart,Wulfgart,retired,Boardreader,no,no,listed_retired_immortal,2026_06_16_retired_immortals,MUME retired immortal list,in_game_retired_immortal_list,,view wizretired,List current as of 2026-06-16,776,Wulfgart is listed as retired a Boardreader.,medium,candidate,Copied by Lewis. Includes Boardreaders and honorary True Legend entry for Norsu.
immortal_2026_06_16_retired_immortals_xargon_777_listed_retired_immortal,char_xargon,Xargon,Xargon,Xargon,retired,Boardreader,no,no,listed_retired_immortal,2026_06_16_retired_immortals,MUME retired immortal list,in_game_retired_immortal_list,,view wizretired,List current as of 2026-06-16,777,Xargon is listed as retired a Boardreader.,medium,candidate,Copied by Lewis. Includes Boardreaders and honorary True Legend entry for Norsu.
immortal_2026_06_16_retired_immortals_xcrxx_778_listed_retired_immortal,char_xcrxx,Xcrxx,Xcrxx,Xcrxx,retired,Boardreader,no,no,listed_retired_immortal,2026_06_16_retired_immortals,MUME retired immortal list,in_game_retired_immortal_list,,view wizretired,List current as of 2026-06-16,778,Xcrxx is listed as retired a Boardreader.,medium,candidate,Copied by Lewis. Includes Boardreaders and honorary True Legend entry for Norsu.
immortal_2026_06_16_retired_immortals_xed_67_listed_retired_immortal,char_xed,Xed,Xed,Xed,retired,Vala,no,no,listed_retired_immortal,2026_06_16_retired_immortals,MUME retired immortal list,in_game_retired_immortal_list,,view wizretired,List current as of 2026-06-16,67,Xed is listed as retired a Vala.,medium,candidate,Copied by Lewis. Includes Boardreaders and honorary True Legend entry for Norsu.
immortal_2026_06_16_current_immortals_xellia_48_listed_current_immortal,char_xellia,Xellia,Xellia,Xellia,current,Maia,no,no,listed_current_immortal,2026_06_16_current_immortals,MUME current immortal list,in_game_immortal_list,,view wizlist,List current as of 2026-06-16,48,Xellia is listed as current a Maia.,medium,candidate,Copied by Lewis. (+m) means the immortal is also a Maiar Muddler / muddle code contributor.
immortal_2026_06_16_retired_immortals_xero_779_listed_retired_immortal,char_xero,Xero,Xero,Xero,retired,Boardreader,no,no,listed_retired_immortal,2026_06_16_retired_immortals,MUME retired immortal list,in_game_retired_immortal_list,,view wizretired,List current as of 2026-06-16,779,Xero is listed as retired a Boardreader.,medium,candidate,Copied by Lewis. Includes Boardreaders and honorary True Legend entry for Norsu.
immortal_2026_06_16_retired_immortals_xit_780_listed_retired_immortal,char_xit,Xit,Xit,Xit,retired,Boardreader,no,no,listed_retired_immortal,2026_06_16_retired_immortals,MUME retired immortal list,in_game_retired_immortal_list,,view wizretired,List current as of 2026-06-16,780,Xit is listed as retired a Boardreader.,medium,candidate,Copied by Lewis. Includes Boardreaders and honorary True Legend entry for Norsu.
immortal_2026_06_16_retired_immortals_yager_781_listed_retired_immortal,char_yager,Yager,Yager,Yager,retired,Boardreader,no,no,listed_retired_immortal,2026_06_16_retired_immortals,MUME retired immortal list,in_game_retired_immortal_list,,view wizretired,List current as of 2026-06-16,781,Yager is listed as retired a Boardreader.,medium,candidate,Copied by Lewis. Includes Boardreaders and honorary True Legend entry for Norsu.
immortal_2026_06_16_retired_immortals_yants_38_listed_retired_immortal,char_yants,Yants,Yants,Yants,retired,Vala,no,no,listed_retired_immortal,2026_06_16_retired_immortals,MUME retired immortal list,in_game_retired_immortal_list,,view wizretired,List current as of 2026-06-16,38,Yants is listed as retired a Vala.,medium,candidate,Copied by Lewis. Includes Boardreaders and honorary True Legend entry for Norsu.
immortal_2026_06_16_retired_immortals_yarin_782_listed_retired_immortal,char_yarin,Yarin,Yarin,Yarin,retired,Boardreader,no,no,listed_retired_immortal,2026_06_16_retired_immortals,MUME retired immortal list,in_game_retired_immortal_list,,view wizretired,List current as of 2026-06-16,782,Yarin is listed as retired a Boardreader.,medium,candidate,Copied by Lewis. Includes Boardreaders and honorary True Legend entry for Norsu.
immortal_2026_06_16_retired_immortals_yavanna_14_listed_retired_immortal,char_yavanna,Yavanna,Yavanna,Yavanna,retired,Aratar,no,no,listed_retired_immortal,2026_06_16_retired_immortals,MUME retired immortal list,in_game_retired_immortal_list,,view wizretired,List current as of 2026-06-16,14,Yavanna is listed as retired an Aratar.,medium,candidate,Copied by Lewis. Includes Boardreaders and honorary True Legend entry for Norsu.
immortal_2026_06_16_retired_immortals_ydy_783_listed_retired_immortal,char_ydy,Ydy,Ydy,Ydy,retired,Boardreader,no,no,listed_retired_immortal,2026_06_16_retired_immortals,MUME retired immortal list,in_game_retired_immortal_list,,view wizretired,List current as of 2026-06-16,783,Ydy is listed as retired a Boardreader.,medium,candidate,Copied by Lewis. Includes Boardreaders and honorary True Legend entry for Norsu.
immortal_2026_06_16_retired_immortals_yeoma_39_listed_retired_immortal,char_yeoma,Yeoma,Yeoma,Yeoma,retired,Vala,no,no,listed_retired_immortal,2026_06_16_retired_immortals,MUME retired immortal list,in_game_retired_immortal_list,,view wizretired,List current as of 2026-06-16,39,Yeoma is listed as retired a Vala.,medium,candidate,Copied by Lewis. Includes Boardreaders and honorary True Legend entry for Norsu.
immortal_2026_06_16_retired_immortals_yim_784_listed_retired_immortal,char_yim,Yim,Yim,Yim,retired,Boardreader,no,no,listed_retired_immortal,2026_06_16_retired_immortals,MUME retired immortal list,in_game_retired_immortal_list,,view wizretired,List current as of 2026-06-16,784,Yim is listed as retired a Boardreader.,medium,candidate,Copied by Lewis. Includes Boardreaders and honorary True Legend entry for Norsu.
immortal_2026_06_16_retired_immortals_yki_785_listed_retired_immortal,char_yki,Yki,Yki,Yki,retired,Boardreader,no,no,listed_retired_immortal,2026_06_16_retired_immortals,MUME retired immortal list,in_game_retired_immortal_list,,view wizretired,List current as of 2026-06-16,785,Yki is listed as retired a Boardreader.,medium,candidate,Copied by Lewis. Includes Boardreaders and honorary True Legend entry for Norsu.
immortal_2026_06_16_retired_immortals_yks_786_listed_retired_immortal,char_yks,Yks,Yks,Yks,retired,Boardreader,no,no,listed_retired_immortal,2026_06_16_retired_immortals,MUME retired immortal list,in_game_retired_immortal_list,,view wizretired,List current as of 2026-06-16,786,Yks is listed as retired a Boardreader.,medium,candidate,Copied by Lewis. Includes Boardreaders and honorary True Legend entry for Norsu.
immortal_2026_06_16_retired_immortals_ynket_787_listed_retired_immortal,char_ynket,Ynket,Ynket,Ynket,retired,Boardreader,no,no,listed_retired_immortal,2026_06_16_retired_immortals,MUME retired immortal list,in_game_retired_immortal_list,,view wizretired,List current as of 2026-06-16,787,Ynket is listed as retired a Boardreader.,medium,candidate,Copied by Lewis. Includes Boardreaders and honorary True Legend entry for Norsu.
immortal_2026_06_16_retired_immortals_yoda_170_listed_retired_immortal,char_yoda,Yoda,Yoda,Yoda,retired,Maia,no,no,listed_retired_immortal,2026_06_16_retired_immortals,MUME retired immortal list,in_game_retired_immortal_list,,view wizretired,List current as of 2026-06-16,170,Yoda is listed as retired a Maia.,medium,candidate,Copied by Lewis. Includes Boardreaders and honorary True Legend entry for Norsu.
immortal_2026_06_16_retired_immortals_yorick_40_listed_retired_immortal,char_yorick,Yorick,Yorick,Yorick,retired,Vala,no,no,listed_retired_immortal,2026_06_16_retired_immortals,MUME retired immortal list,in_game_retired_immortal_list,,view wizretired,List current as of 2026-06-16,40,Yorick is listed as retired a Vala.,medium,candidate,Copied by Lewis. Includes Boardreaders and honorary True Legend entry for Norsu.
immortal_2026_06_16_retired_immortals_ytinas_788_listed_retired_immortal,char_ytinas,Ytinas,Ytinas,Ytinas,retired,Boardreader,no,no,listed_retired_immortal,2026_06_16_retired_immortals,MUME retired immortal list,in_game_retired_immortal_list,,view wizretired,List current as of 2026-06-16,788,Ytinas is listed as retired a Boardreader.,medium,candidate,Copied by Lewis. Includes Boardreaders and honorary True Legend entry for Norsu.
immortal_2026_06_16_retired_immortals_yudh_171_listed_retired_immortal,char_yudh,Yudh,Yudh,Yudh,retired,Maia,no,no,listed_retired_immortal,2026_06_16_retired_immortals,MUME retired immortal list,in_game_retired_immortal_list,,view wizretired,List current as of 2026-06-16,171,Yudh is listed as retired a Maia.,medium,candidate,Copied by Lewis. Includes Boardreaders and honorary True Legend entry for Norsu.
immortal_2026_06_16_retired_immortals_yukie_789_listed_retired_immortal,char_yukie,Yukie,Yukie,Yukie,retired,Boardreader,no,no,listed_retired_immortal,2026_06_16_retired_immortals,MUME retired immortal list,in_game_retired_immortal_list,,view wizretired,List current as of 2026-06-16,789,Yukie is listed as retired a Boardreader.,medium,candidate,Copied by Lewis. Includes Boardreaders and honorary True Legend entry for Norsu.
immortal_2026_06_16_retired_immortals_zachariah_790_listed_retired_immortal,char_zachariah,Zachariah,Zachariah,Zachariah,retired,Boardreader,no,no,listed_retired_immortal,2026_06_16_retired_immortals,MUME retired immortal list,in_game_retired_immortal_list,,view wizretired,List current as of 2026-06-16,790,Zachariah is listed as retired a Boardreader.,medium,candidate,Copied by Lewis. Includes Boardreaders and honorary True Legend entry for Norsu.
immortal_2026_06_16_retired_immortals_zakath_15_listed_retired_immortal,char_zakath,Zakath,Zakath,Zakath,retired,Aratar,no,no,listed_retired_immortal,2026_06_16_retired_immortals,MUME retired immortal list,in_game_retired_immortal_list,,view wizretired,List current as of 2026-06-16,15,Zakath is listed as retired an Aratar.,medium,candidate,Copied by Lewis. Includes Boardreaders and honorary True Legend entry for Norsu.
immortal_2026_06_16_retired_immortals_zarangal_16_listed_retired_immortal,char_zarangal,Zarangal,Zarangal,Zarangal,retired,Aratar,no,no,listed_retired_immortal,2026_06_16_retired_immortals,MUME retired immortal list,in_game_retired_immortal_list,,view wizretired,List current as of 2026-06-16,16,Zarangal is listed as retired an Aratar.,medium,candidate,Copied by Lewis. Includes Boardreaders and honorary True Legend entry for Norsu.
immortal_2026_06_16_retired_immortals_zarhuk_203_listed_retired_immortal,char_zarhuk,Zarhuk,Zarhuk,Zarhuk,retired,Maia,no,no,listed_retired_immortal,2026_06_16_retired_immortals,MUME retired immortal list,in_game_retired_immortal_list,,view wizretired,List current as of 2026-06-16,203,Zarhuk is listed as retired a Maia.,medium,candidate,Copied by Lewis. Includes Boardreaders and honorary True Legend entry for Norsu.
immortal_2026_06_16_current_immortals_zathras_49_listed_current_immortal,char_zathras,Zathras,Zathras,Zathras,current,Maia,no,no,listed_current_immortal,2026_06_16_current_immortals,MUME current immortal list,in_game_immortal_list,,view wizlist,List current as of 2026-06-16,49,Zathras is listed as current a Maia.,medium,candidate,Copied by Lewis. (+m) means the immortal is also a Maiar Muddler / muddle code contributor.
immortal_2026_06_16_retired_immortals_zemael_172_listed_retired_immortal,char_zemael,Zemael,Zemael,Zemael,retired,Maia,no,no,listed_retired_immortal,2026_06_16_retired_immortals,MUME retired immortal list,in_game_retired_immortal_list,,view wizretired,List current as of 2026-06-16,172,Zemael is listed as retired a Maia.,medium,candidate,Copied by Lewis. Includes Boardreaders and honorary True Legend entry for Norsu.
immortal_2026_06_16_retired_immortals_zen_791_listed_retired_immortal,char_zen,Zen,Zen,Zen,retired,Boardreader,no,no,listed_retired_immortal,2026_06_16_retired_immortals,MUME retired immortal list,in_game_retired_immortal_list,,view wizretired,List current as of 2026-06-16,791,Zen is listed as retired a Boardreader.,medium,candidate,Copied by Lewis. Includes Boardreaders and honorary True Legend entry for Norsu.
immortal_2026_06_16_retired_immortals_zenon_792_listed_retired_immortal,char_zenon,Zenon,Zenon,Zenon,retired,Boardreader,no,no,listed_retired_immortal,2026_06_16_retired_immortals,MUME retired immortal list,in_game_retired_immortal_list,,view wizretired,List current as of 2026-06-16,792,Zenon is listed as retired a Boardreader.,medium,candidate,Copied by Lewis. Includes Boardreaders and honorary True Legend entry for Norsu.
immortal_2026_06_16_retired_immortals_zerototh_793_listed_retired_immortal,char_zerototh,Zerototh,Zerototh,Zerototh,retired,Boardreader,no,no,listed_retired_immortal,2026_06_16_retired_immortals,MUME retired immortal list,in_game_retired_immortal_list,,view wizretired,List current as of 2026-06-16,793,Zerototh is listed as retired a Boardreader.,medium,candidate,Copied by Lewis. Includes Boardreaders and honorary True Legend entry for Norsu.
immortal_2026_06_16_retired_immortals_zeus_794_listed_retired_immortal,char_zeus,Zeus,Zeus,Zeus,retired,Boardreader,no,no,listed_retired_immortal,2026_06_16_retired_immortals,MUME retired immortal list,in_game_retired_immortal_list,,view wizretired,List current as of 2026-06-16,794,Zeus is listed as retired a Boardreader.,medium,candidate,Copied by Lewis. Includes Boardreaders and honorary True Legend entry for Norsu.
immortal_2026_06_16_retired_immortals_zhot_795_listed_retired_immortal,char_zhot,Zhot,Zhot,Zhot,retired,Boardreader,no,no,listed_retired_immortal,2026_06_16_retired_immortals,MUME retired immortal list,in_game_retired_immortal_list,,view wizretired,List current as of 2026-06-16,795,Zhot is listed as retired a Boardreader.,medium,candidate,Copied by Lewis. Includes Boardreaders and honorary True Legend entry for Norsu.
immortal_2026_06_16_retired_immortals_zimri_796_listed_retired_immortal,char_zimri,Zimri,Zimri,Zimri,retired,Boardreader,no,no,listed_retired_immortal,2026_06_16_retired_immortals,MUME retired immortal list,in_game_retired_immortal_list,,view wizretired,List current as of 2026-06-16,796,Zimri is listed as retired a Boardreader.,medium,candidate,Copied by Lewis. Includes Boardreaders and honorary True Legend entry for Norsu.
immortal_2026_06_16_retired_immortals_zing_292_listed_retired_immortal,char_zing,Zing,Zing,Zing,retired,Maia,no,no,listed_retired_immortal,2026_06_16_retired_immortals,MUME retired immortal list,in_game_retired_immortal_list,,view wizretired,List current as of 2026-06-16,292,Zing is listed as retired a Maia.,medium,candidate,Copied by Lewis. Includes Boardreaders and honorary True Legend entry for Norsu.
immortal_2026_06_16_retired_immortals_zlam_797_listed_retired_immortal,char_zlam,Zlam,Zlam,Zlam,retired,Boardreader,no,no,listed_retired_immortal,2026_06_16_retired_immortals,MUME retired immortal list,in_game_retired_immortal_list,,view wizretired,List current as of 2026-06-16,797,Zlam is listed as retired a Boardreader.,medium,candidate,Copied by Lewis. Includes Boardreaders and honorary True Legend entry for Norsu.
immortal_2026_06_16_retired_immortals_zlinduq_798_listed_retired_immortal,char_zlinduq,Zlinduq,Zlinduq,Zlinduq,retired,Boardreader,no,no,listed_retired_immortal,2026_06_16_retired_immortals,MUME retired immortal list,in_game_retired_immortal_list,,view wizretired,List current as of 2026-06-16,798,Zlinduq is listed as retired a Boardreader.,medium,candidate,Copied by Lewis. Includes Boardreaders and honorary True Legend entry for Norsu.
immortal_2026_06_16_retired_immortals_zolt_173_listed_retired_immortal,char_zolt,Zolt,Zolt,Zolt,retired,Maia,no,no,listed_retired_immortal,2026_06_16_retired_immortals,MUME retired immortal list,in_game_retired_immortal_list,,view wizretired,List current as of 2026-06-16,173,Zolt is listed as retired a Maia.,medium,candidate,Copied by Lewis. Includes Boardreaders and honorary True Legend entry for Norsu.
immortal_2026_06_16_retired_immortals_zun_174_listed_retired_immortal,char_zun,Zun,Zun,Zun,retired,Maia,no,no,listed_retired_immortal,2026_06_16_retired_immortals,MUME retired immortal list,in_game_retired_immortal_list,,view wizretired,List current as of 2026-06-16,174,Zun is listed as retired a Maia.,medium,candidate,Copied by Lewis. Includes Boardreaders and honorary True Legend entry for Norsu.
