character_id,character_name,player_id,player_main_handle,player_known_by,player_real_name,player_link_type,player_link_status,player_link_confidence,player_link_evidence_id,player_link_notes,immortal_list_status,immortal_list_category,is_maiar_muddler,honorary_immortal,immortal_list_source_id,immortal_list_source_name,immortal_list_source_date_context,immortal_list_evidence_id,immortal_list_review_status,immortal_list_notes,source_whois_id,source_descriptor,derived_race,derived_subrace,derived_faction,derived_faction_confidence,derived_base_class,derived_who_class_group,derived_class_title,derived_class_confidence,derived_class_skill_notes,derived_class_level_restriction_notes,derived_class_race_restriction_notes,derived_class_alignment_restriction_notes,derived_gender,derived_gender_confidence,derived_immortal_rank,derived_immortal_code,derived_immortal_role,classification_status,classification_notes,candidate_whois_rows,review_needed
char_aalio,Aalio,player_0003,Burb,Burb,,listed_same_player,accepted,medium,evidence_player_group_0003,,,,,,,,,,,,whois_aalio_1780895175,Fallohide Hero,Hobbit,Fallohide,Free Peoples,medium,General,General,Hero,medium,,,,,,,,,,classified,race_term=Fallohide | class_title=Hero | who_class_group=General | class_confidence=medium,2,no
char_aalok,Aalok,player_0092,Basha,Basha,,listed_same_player,accepted,medium,evidence_player_group_0092,,,,,,,,,,,,,,,,,,,,,,,,,,,,,,,no_whois_classification,No classification row found,0,yes
char_aaz,Aaz,player_0200,Helga,Helga [Aleks],Aleks,listed_same_player,accepted,medium,evidence_player_group_0200,,,,,,,,,,,,whois_aaz_1780897622,Tarkhnarb Champion,Orc,Tarkhnarb,Minions of Sauron,high,General,General,Champion,medium,,,,,,,,,,classified,race_term=Tarkhnarb | class_title=Champion | who_class_group=General | class_confidence=medium,3,no
char_abraxas,Abraxas,player_0106,Rael,Rael [Dario],Dario,listed_same_player,accepted,medium,evidence_player_group_0106,,,,,,,,,,,,whois_abraxas_1780898720,Dwarf,Dwarf,,Free Peoples,medium,,,,,,,,,,,,,,race_only,race_term=Dwarf | base_class_unknown,1,no
char_acheron,Acheron,player_0058,Steele,Steele [Dan],Dan,listed_same_player,accepted,medium,evidence_player_group_0058,,,,,,,,,,,,whois_acheron_1780898725,Sindarin Champion,Elf,Sindarin,Free Peoples,medium,General,General,Champion,medium,,,,,,,,,,classified,race_term=Sindarin | class_title=Champion | who_class_group=General | class_confidence=medium,1,no
char_achilles,Achilles,player_0002,Ajax,Ajax,,listed_same_player,accepted,medium,evidence_player_group_0002,,,,,,,,,,,,whois_achilles_1780898731,Dúnadan Hero,Man,Dúnedain,Free Peoples,medium,General,General,Hero,medium,,,,,,,,,,classified,race_term=Dúnadan | class_title=Hero | who_class_group=General | class_confidence=medium,1,no
char_adama,Adama,player_0185,Buggar,Buggar [Adam],Adam,listed_same_player,accepted,medium,evidence_player_group_0185,,,,,,,,,,,,,,,,,,,,,,,,,,,,,,,no_whois_classification,No classification row found,0,yes
char_adanedhel,Adanedhel,player_0038,Sabadon,Sabadon,,listed_same_player,accepted,medium,evidence_player_group_0038,,,,,,,,,,,,whois_adanedhel_1780898742,Man,Man,,Free Peoples,medium,,,,,,,,,,,,,,race_only,race_term=Man | base_class_unknown,1,no
char_adorable,Adorable,player_0063,Ling,Ling,,listed_same_player,accepted,medium,evidence_player_group_0063,,,,,,,,,,,,,,,,,,,,,,,,,,,,,,,no_whois_classification,No classification row found,0,yes
char_aegon,Aegon,player_0103,Edvard,Edvard [Aron],Aron,listed_same_player,accepted,medium,evidence_player_group_0103,,,,,,,,,,,,whois_aegon_1780899052,Man,Man,,Free Peoples,medium,,,,,,,,,,,,,,race_only,race_term=Man | base_class_unknown,1,no
char_aew,Aew,player_0194,Morfizm,Morfizm [Dmitry],Dmitry,listed_same_player,accepted,medium,evidence_player_group_0194,,,,,,,,,,,,whois_aew_1780899058,Elf,Elf,,Free Peoples,medium,,,,,,,,,,,,,,race_only,race_term=Elf | base_class_unknown,1,no
char_agan,Agan,player_0079,Feon,Feon [Johan],Johan,listed_same_player,accepted,medium,evidence_player_group_0079,,,,,,,,,,,,whois_agân_1780899063,Tarkhnarb Shaman,Orc,Tarkhnarb,Minions of Sauron,high,Cleric,Cleric,Shaman,low,,,,,,,,,,classified,race_term=Tarkhnarb | class_title=Shaman | who_class_group=Cleric | class_confidence=low,1,no
char_agannalo,Agannalo,player_0131,Feagil,Feagil,,listed_same_player,accepted,medium,evidence_player_group_0131,,,,,,,,,,,,,,,,,,,,,,,,,,,,,,,no_whois_classification,No classification row found,0,yes
char_agannardu,Agannardu,player_0030,Manatark,Manatark [Kaido],Kaido,listed_same_player,accepted,medium,evidence_player_group_0030,,,,,,,,,,,,whois_agannardu_1780899074,Black Númenórean,Man,Black Númenórean,Minions of Sauron,high,,,,,,,,,,,,,,race_only,race_term=Black Númenórean | base_class_unknown,1,no
char_agarakhor,Agarakhor,player_0047,Idun,Idun,,listed_same_player,accepted,medium,evidence_player_group_0047,,,,,,,,,,,,whois_agarakhor_1780899080,Black Númenórean Warlock,Man,Black Númenórean,Minions of Sauron,high,Magic-user,Magic-user,Warlock,high,,,,,male,medium,,,,classified,race_term=Black Númenórean | class_title=Warlock | who_class_group=Magic-user | class_confidence=high,1,no
char_agarde,Agarde,player_0065,Wryak,Wryak [Tapio],Tapio,listed_same_player,accepted,medium,evidence_player_group_0065,,,,,,,,,,,,,,,,,,,,,,,,,,,,,,,no_whois_classification,No classification row found,0,yes
char_agattax,Agattax,player_0172,Agattax,Agattax [Robin],Robin,listed_same_player,accepted,medium,evidence_player_group_0172,,,,,,,,,,,,,,,,,,,,,,,,,,,,,,,no_whois_classification,No classification row found,0,yes
char_agent,Agent,player_0016,Namo,Namo,,listed_same_player,accepted,medium,evidence_player_group_0016,,,,,,,,,,,,,,,,,,,,,,,,,,,,,,,no_whois_classification,No classification row found,0,yes
char_aglar,Aglar,player_0095,Haista,Haista,,listed_same_player,accepted,medium,evidence_player_group_0095,,,,,,,,,,,,whois_aglar_1780899102,Dwarven Battlemaster,Dwarf,,Free Peoples,medium,Warrior,Warrior,Battlemaster,high,,,,,,,,,,classified,race_term=Dwarven | class_title=Battlemaster | who_class_group=Warrior | class_confidence=high,1,no
char_agonor,Agonor,player_0043,Lehto,Lehto,,listed_same_player,accepted,medium,evidence_player_group_0043,,,,,,,,,,,,whois_agonor_1780899107,Dwarven Battlemaster,Dwarf,,Free Peoples,medium,Warrior,Warrior,Battlemaster,high,,,,,,,,,,classified,race_term=Dwarven | class_title=Battlemaster | who_class_group=Warrior | class_confidence=high,1,no
char_aiele,Aiele,player_0188,Aiele,Aiele [Joel],Joel,listed_same_player,accepted,medium,evidence_player_group_0188,,retired,Maia,no,no,2026_06_16_retired_immortals,MUME retired immortal list,List current as of 2026-06-16,immortal_2026_06_16_retired_immortals_aiele_204_listed_retired_immortal,candidate,Copied by Lewis. Includes Boardreaders and honorary True Legend entry for Norsu.,whois_aielë_1780899113,Maia,Maia,,Immortals,high,Cartographer,Cartographer,Cartographer,high,,,,,,,Maia,M,Cartographer,immortal,immortal_term=Maia | race_term=Maia,1,no
char_ainafea,Ainafea,player_0158,Ainafea,Ainafea,,listed_same_player,accepted,medium,evidence_player_group_0158,,,,,,,,,,,,,,,,,,,,,,,,,,,,,,,no_whois_classification,No classification row found,0,yes
char_ainairos,Ainairos,player_0037,Bobbie,Bobbie,,listed_same_player,accepted,medium,evidence_player_group_0037,,,,,,,,,,,,,,,,,,,,,,,,,,,,,,,no_whois_classification,No classification row found,0,yes
char_ajax,Ajax,player_0002,Ajax,Ajax,,listed_same_player,accepted,medium,evidence_player_group_0002,,retired,Boardreader,no,no,2026_06_16_retired_immortals,MUME retired immortal list,List current as of 2026-06-16,immortal_2026_06_16_retired_immortals_ajax_307_listed_retired_immortal,candidate,Copied by Lewis. Includes Boardreaders and honorary True Legend entry for Norsu.,whois_ajax_1780899129,Maia,Maia,,Immortals,high,,,,,,,,,,,Maia,M,,immortal,immortal_term=Maia | race_term=Maia,1,no
char_akhorahil,Akhorahil,player_0036,Atlas,Atlas,,listed_same_player,accepted,medium,evidence_player_group_0036,,,,,,,,,,,,whois_akhorahil_1780899135,Black Númenórean Priest,Man,Black Númenórean,Minions of Sauron,high,Cleric,Cleric,Priest,high,,,,,,,,,,classified,race_term=Black Númenórean | class_title=Priest | who_class_group=Cleric | class_confidence=high,1,no
char_albundy,AlBundy,player_0109,Nighthawk,Nighthawk,,listed_same_player,accepted,medium,evidence_player_group_0109,,,,,,,,,,,,,,,,,,,,,,,,,,,,,,,no_whois_classification,No classification row found,0,yes
char_alantir,Alantir,player_0051,Alantir,Alantir,,listed_same_player,accepted,medium,evidence_player_group_0051,,retired,Maia,no,no,2026_06_16_retired_immortals,MUME retired immortal list,List current as of 2026-06-16,immortal_2026_06_16_retired_immortals_alantir_82_listed_retired_immortal,candidate,Copied by Lewis. Includes Boardreaders and honorary True Legend entry for Norsu.,whois_alantir_1780899146,Maia,Maia,,Immortals,high,Wright,Wright,Wright,high,,,,,,,Maia,M,Wright,immortal,immortal_term=Maia | race_term=Maia,2,no
char_alazar,Alazar,player_0201,Omen,Omen [Alexander],Alexander,listed_same_player,accepted,medium,evidence_player_group_0201,,,,,,,,,,,,whois_alázar_1780899152,Half-elven Patriarch,Half-Elf,,Free Peoples,medium,Cleric,Cleric,Patriarch,high,,,,,male,high,,,,classified,race_term=Half-elven | class_title=Patriarch | who_class_group=Cleric | class_confidence=high,1,no
char_alcion,Alcion,player_0035,Fankil,Fankil [Alexander],Alexander,listed_same_player,accepted,medium,evidence_player_group_0035,,,,,,,,,,,,whois_alcion_1780899157,Sindarin Adventurer,Elf,Sindarin,Free Peoples,medium,General,General,Adventurer,medium,,,,,,,,,,classified,race_term=Sindarin | class_title=Adventurer | who_class_group=General | class_confidence=medium,1,no
char_alderik,Alderik,player_0136,Francis,Francis,,listed_same_player,accepted,medium,evidence_player_group_0136,,,,,,,,,,,,whois_alderik_1780899163,Elf,Elf,,Free Peoples,medium,,,,,,,,,,,,,,race_only,race_term=Elf | base_class_unknown,1,no
char_alf,Alf,player_0006,Chavez,Chavez,,listed_same_player,accepted,medium,evidence_player_group_0006,,,,,,,,,,,,whois_alf_1780899168,Half-Elf,Half-Elf,,Free Peoples,medium,,,,,,,,,,,,,,race_only,race_term=Half-Elf | base_class_unknown,1,no
char_alfank,Alfank,player_0081,Vassago,Vassago,,listed_same_player,accepted,medium,evidence_player_group_0081,,,,,,,,,,,,whois_alfank_1780899174,Dwarf,Dwarf,,Free Peoples,medium,,,,,,,,,,,,,,race_only,race_term=Dwarf | base_class_unknown,1,no
char_alfo,Alfo,player_0163,Leave,Leave,,listed_same_player,accepted,medium,evidence_player_group_0163,,,,,,,,,,,,whois_alfo_1780899179,Elf,Elf,,Free Peoples,medium,,,,,,,,,,,,,,race_only,race_term=Elf | base_class_unknown,1,no
char_alfrim,Alfrim,player_0044,Perago,Perago,,listed_same_player,accepted,medium,evidence_player_group_0044,,,,,,,,,,,,whois_alfrim_1780899237,Elf,Elf,,Free Peoples,medium,,,,,,,,,,,,,,race_only,race_term=Elf | base_class_unknown,1,no
char_algaron,Algaron,player_0021,Cormac,Cormac,,listed_same_player,accepted,medium,evidence_player_group_0021,,,,,,,,,,,,whois_algaron_1780899243,Silvan Hero,Elf,Silvan,Free Peoples,medium,General,General,Hero,medium,,,,,,,,,,classified,race_term=Silvan | class_title=Hero | who_class_group=General | class_confidence=medium,1,no
char_alhadar,Alhadar,player_0038,Sabadon,Sabadon,,listed_same_player,accepted,medium,evidence_player_group_0038,,,,,,,,,,,,whois_alhádar_1780899248,Elf,Elf,,Free Peoples,medium,,,,,,,,,,,,,,race_only,race_term=Elf | base_class_unknown,1,no
char_ali,Ali,player_0198,Fisben,Fisben [Gleb],Gleb,listed_same_player,accepted,medium,evidence_player_group_0198,,,,,,,,,,,,whois_ali_1780899254,Firebeard Battlemaster,Dwarf,Firebeard,Free Peoples,medium,Warrior,Warrior,Battlemaster,high,,,,,,,,,,classified,race_term=Firebeard | class_title=Battlemaster | who_class_group=Warrior | class_confidence=high,1,no
char_alicia,Alicia,player_0063,Ling,Ling,,listed_same_player,accepted,medium,evidence_player_group_0063,,,,,,,,,,,,whois_alicia_1780899259,Dwarven Weaponsmistress,Dwarf,,Free Peoples,medium,Warrior,Warrior,Weaponsmistress,high,Unknown percent in at least two weapon skills,,,,female,high,,,,classified,race_term=Dwarven | class_title=Weaponsmistress | who_class_group=Warrior | class_confidence=high | skill_notes=Unknown percent in at least two weapon skills,1,no
char_alizee,Alizee,player_0096,Voile,Voile,,listed_same_player,accepted,medium,evidence_player_group_0096,,,,,,,,,,,,whois_alizee_1780899265,Sindarin Adventurer,Elf,Sindarin,Free Peoples,medium,General,General,Adventurer,medium,,,,,,,,,,classified,race_term=Sindarin | class_title=Adventurer | who_class_group=General | class_confidence=medium,1,no
char_alkar,Alkar,player_0017,Alkar,Alkar,,listed_same_player,accepted,medium,evidence_player_group_0017,,retired,Vala,no,no,2026_06_16_retired_immortals,MUME retired immortal list,List current as of 2026-06-16,immortal_2026_06_16_retired_immortals_alkar_17_listed_retired_immortal,candidate,Copied by Lewis. Includes Boardreaders and honorary True Legend entry for Norsu.,whois_alkar_1780899270,Vala,Vala,,Immortals,high,Mudller,Mudller,Mudller,high,,,,,,,Vala,V,Mudller,immortal,immortal_term=Vala | race_term=Vala,2,no
char_almarian,Almarian,,,,,,,,,,current,Maia,no,no,2026_06_16_current_immortals,MUME current immortal list,List current as of 2026-06-16,immortal_2026_06_16_current_immortals_almarian_17_listed_current_immortal,candidate,Copied by Lewis. (+m) means the immortal is also a Maiar Muddler / muddle code contributor.,whois_almarian_1780899276,Maia,Maia,,Immortals,high,Shaper,Shaper,Shaper,high,,,,,,,Maia,M,Shaper,immortal,immortal_term=Maia | race_term=Maia,1,no
char_alvedon,Alvedon,player_0010,Zaber,Zaber,,listed_same_player,accepted,medium,evidence_player_group_0010,,,,,,,,,,,,whois_alvedon_1780899281,Sindarin Witch,Elf,Sindarin,Free Peoples,medium,Magic-user,Magic-user,Witch,high,,,,,female,high,,,,classified,race_term=Sindarin | class_title=Witch | who_class_group=Magic-user | class_confidence=high,1,no
char_alweon,Alweon,player_0026,Alweon,Alweon,,listed_same_player,accepted,medium,evidence_player_group_0026,,,,,,,,,,,,whois_alwëon_1780899287,Noldorin Sage,Elf,Noldorin,Free Peoples,medium,Magic-user,Magic-user,Sage,high,,,,,,,,,,classified,race_term=Noldorin | class_title=Sage | who_class_group=Magic-user | class_confidence=high,1,no
char_amandil,Amandil,player_0060,Amandil,Amandil,,listed_same_player,accepted,medium,evidence_player_group_0060,,retired,Vala,no,no,2026_06_16_retired_immortals,MUME retired immortal list,List current as of 2026-06-16,immortal_2026_06_16_retired_immortals_amandil_41_listed_retired_immortal,candidate,Copied by Lewis. Includes Boardreaders and honorary True Legend entry for Norsu.,whois_amandil_1780899292,Vala,Vala,,Immortals,high,Architect,Architect,Architect,high,,,,,,,Vala,V,Architect,immortal,immortal_term=Vala | race_term=Vala,2,no
char_amantest,Amantest,player_0060,Amandil,Amandil,,listed_same_player,accepted,medium,evidence_player_group_0060,,,,,,,,,,,,,,,,,,,,,,,,,,,,,,,no_whois_classification,No classification row found,0,yes
char_amarant,Amarant,player_0126,Deris,Deris,,listed_same_player,accepted,medium,evidence_player_group_0126,,,,,,,,,,,,whois_amarant_1780899303,Half-elven Champion,Half-Elf,,Free Peoples,medium,General,General,Champion,medium,,,,,,,,,,classified,race_term=Half-elven | class_title=Champion | who_class_group=General | class_confidence=medium,1,no
char_amarie,Amarie,player_0046,Filibert,Filibert,,listed_same_player,accepted,medium,evidence_player_group_0046,,,,,,,,,,,,whois_amàrië_1780899309,Elf,Elf,,Free Peoples,medium,,,,,,,,,,,,,,race_only,race_term=Elf | base_class_unknown,1,no
char_ambolt,Ambolt,player_0054,Deor,Deor,,listed_same_player,accepted,medium,evidence_player_group_0054,,,,,,,,,,,,whois_ambolt_1780899314,Dwarf,Dwarf,,Free Peoples,medium,,,,,,,,,,,,,,race_only,race_term=Dwarf | base_class_unknown,1,no
char_amdir,Amdir,player_0058,Steele,Steele [Dan],Dan,listed_same_player,accepted,medium,evidence_player_group_0058,,,,,,,,,,,,whois_amdír_1780899320,Sindarin Hunter,Elf,Sindarin,Free Peoples,medium,Thief,Thief,Hunter,medium,,,,,,,,,,classified,race_term=Sindarin | class_title=Hunter | who_class_group=Thief | class_confidence=medium,1,no
char_amelia,Amelia,player_0139,Naga,Naga,,listed_same_player,accepted,medium,evidence_player_group_0139,,,,,,,,,,,,whois_amelia_1780899325,Noldorin Mistress of Healing,Elf,Noldorin,Free Peoples,medium,Cleric,Cleric,Mistress of Healing,high,,,,,female,high,,,,classified,race_term=Noldorin | class_title=Mistress of Healing | who_class_group=Cleric | class_confidence=high,1,no
char_anaconda,Anaconda,player_0103,Edvard,Edvard [Aron],Aron,listed_same_player,accepted,medium,evidence_player_group_0103,,,,,,,,,,,,whois_anaconda_1780899331,Orc,Orc,,Minions of Sauron,high,,,,,,,,,,,,,,race_only,race_term=Orc | base_class_unknown,1,no
char_anardil,Anardil,player_0188,Aiele,Aiele [Joel],Joel,listed_same_player,accepted,medium,evidence_player_group_0188,,,,,,,,,,,,whois_anardil_1780899336,Dúnadan Warden,Man,Dúnedain,Free Peoples,medium,Warrior,Warrior,Warden,high,75% Bash,,,,,,,,,classified,race_term=Dúnadan | class_title=Warden | who_class_group=Warrior | class_confidence=high | skill_notes=75% Bash,1,no
char_ancalimon,Ancalimon,player_0014,Gothmog,Gothmog [Petter],Petter,listed_same_player,accepted,medium,evidence_player_group_0014,,,,,,,,,,,,whois_ancalimon_1780899342,Man,Man,,Free Peoples,medium,,,,,,,,,,,,,,race_only,race_term=Man | base_class_unknown,1,no
char_ancra,Ancra,player_0181,Ancra,Ancra [Harry],Harry,listed_same_player,accepted,medium,evidence_player_group_0181,,,,,,,,,,,,,,,,,,,,,,,,,,,,,,,no_whois_classification,No classification row found,0,yes
char_andarion,Andarion,player_0113,Nardhal,Nardhal,,listed_same_player,accepted,medium,evidence_player_group_0113,,,,,,,,,,,,,,,,,,,,,,,,,,,,,,,no_whois_classification,No classification row found,0,yes
char_andore,Andore,player_0130,Hate,Hate,,listed_same_player,accepted,medium,evidence_player_group_0130,,,,,,,,,,,,whois_andore_1780899358,Cave Troll Warrior,Troll,Cave Troll,Minions of Sauron,high,Warrior,Warrior,Warrior,medium,,,,,,,,,,classified,race_term=Cave Troll | class_title=Warrior | who_class_group=Warrior | class_confidence=medium,1,no
char_andris,Andris,player_0012,Axel,Axel [Axel],Axel,listed_same_player,accepted,medium,evidence_player_group_0012,,,,,,,,,,,,whois_andris_1780899364,Dwarven Battlemaster,Dwarf,,Free Peoples,medium,Warrior,Warrior,Battlemaster,high,,,,,,,,,,classified,race_term=Dwarven | class_title=Battlemaster | who_class_group=Warrior | class_confidence=high,1,no
char_anezka,Anezka,player_0180,Evandaar,Evandaar [Daniel],Daniel,listed_same_player,accepted,medium,evidence_player_group_0180,,,,,,,,,,,,whois_anézka_1780899369,Black Númenórean,Man,Black Númenórean,Minions of Sauron,high,,,,,,,,,,,,,,race_only,race_term=Black Númenórean | base_class_unknown,1,no
char_angrenfea,Angrenfea,player_0174,Angrenfea,Angrenfea [Toivo],Toivo,listed_same_player,accepted,medium,evidence_player_group_0174,,,,,,,,,,,,,,,,,,,,,,,,,,,,,,,no_whois_classification,No classification row found,0,yes
char_anneilbalkassoon,AnneilBalkassoon,player_0109,Nighthawk,Nighthawk,,listed_same_player,accepted,medium,evidence_player_group_0109,,,,,,,,,,,,whois_anneilbalkassoon_1780899380,Troll,Troll,,Minions of Sauron,high,,,,,,,,,,,,,,race_only,race_term=Troll | base_class_unknown,1,no
char_anner,Anner,player_0054,Deor,Deor,,listed_same_player,accepted,medium,evidence_player_group_0054,,,,,,,,,,,,whois_anner_1780899386,Orc,Orc,,Minions of Sauron,high,,,,,,,,,,,,,,race_only,race_term=Orc | base_class_unknown,1,no
char_annesh,Annesh,player_0034,Nazgum,Nazgum,,listed_same_player,accepted,medium,evidence_player_group_0034,,,,,,,,,,,,,,,,,,,,,,,,,,,,,,,no_whois_classification,No classification row found,0,yes
char_anolad,Anolad,player_0034,Nazgum,Nazgum,,listed_same_player,accepted,medium,evidence_player_group_0034,,current,Maia,no,no,2026_06_16_current_immortals,MUME current immortal list,List current as of 2026-06-16,immortal_2026_06_16_current_immortals_anolad_56_listed_current_immortal,candidate,Copied by Lewis. (+m) means the immortal is also a Maiar Muddler / muddle code contributor.,whois_anólad_1780899397,discord bot is a Maia,Maia,,Immortals,high,Cartographer,Cartographer,Cartographer,high,,,,,,,Maia,M,Cartographer,immortal,immortal_term=Maia | race_term=Maia | unmatched=discord bot is a,1,no
char_anselmo,Anselmo,player_0038,Sabadon,Sabadon,,listed_same_player,accepted,medium,evidence_player_group_0038,,,,,,,,,,,,whois_anselmo_1780899402,Troll,Troll,,Minions of Sauron,high,,,,,,,,,,,,,,race_only,race_term=Troll | base_class_unknown,1,no
char_antar,Antar,player_0057,Kenzu,Kenzu,,listed_same_player,accepted,medium,evidence_player_group_0057,,,,,,,,,,,,whois_antar_1780899408,Beorning Hero,Man,Beorning,Free Peoples,medium,General,General,Hero,medium,,,,,,,,,,classified,race_term=Beorning | class_title=Hero | who_class_group=General | class_confidence=medium,1,no
char_anton,Anton,player_0208,Anton,Anton [Anton],Anton,listed_same_player,accepted,medium,evidence_player_group_0208,,,,,,,,,,,,whois_anton_1780899413,Silvan Wizard,Elf,Silvan,Free Peoples,medium,Magic-user,Magic-user,Wizard,high,,,,,,,,,,classified,race_term=Silvan | class_title=Wizard | who_class_group=Magic-user | class_confidence=high,1,no
char_aragil,Aragil,player_0034,Nazgum,Nazgum,,listed_same_player,accepted,medium,evidence_player_group_0034,,,,,,,,,,,,whois_aragil_1780899419,Half-Elf,Half-Elf,,Free Peoples,medium,,,,,,,,,,,,,,race_only,race_term=Half-Elf | base_class_unknown,1,no
char_araglas,Araglas,player_0008,Fingeror,Fingeror [Jocke],Jocke,listed_same_player,accepted,medium,evidence_player_group_0008,,,,,,,,,,,,whois_araglas_1780899424,Man,Man,,Free Peoples,medium,,,,,,,,,,,,,,race_only,race_term=Man | base_class_unknown,1,no
char_arakon,Arakon,player_0133,Jerpa,Jerpa,,listed_same_player,accepted,medium,evidence_player_group_0133,,,,,,,,,,,,whois_arakon_1780899430,Beorning Hero,Man,Beorning,Free Peoples,medium,General,General,Hero,medium,,,,,,,,,,classified,race_term=Beorning | class_title=Hero | who_class_group=General | class_confidence=medium,1,no
char_aram,Aram,player_0111,Aram,Aram,,listed_same_player,accepted,medium,evidence_player_group_0111,,,,,,,,,,,,whois_aram_1780899435,Eriadorian Hero,Man,Eriadorian,Free Peoples,medium,General,General,Hero,medium,,,,,,,,,,classified,race_term=Eriadorian | class_title=Hero | who_class_group=General | class_confidence=medium,1,no
char_aranka,Aranka,player_0020,Bubla,Bubla,,listed_same_player,accepted,medium,evidence_player_group_0020,,,,,,,,,,,,whois_aranka_1780899441,Dwarf,Dwarf,,Free Peoples,medium,,,,,,,,,,,,,,race_only,race_term=Dwarf | base_class_unknown,1,no
char_ardent,Ardent,player_0057,Kenzu,Kenzu,,listed_same_player,accepted,medium,evidence_player_group_0057,,,,,,,,,,,,whois_ardent_1780899446,Dwarven Patriarch,Dwarf,,Free Peoples,medium,Cleric,Cleric,Patriarch,high,,,,,male,high,,,,classified,race_term=Dwarven | class_title=Patriarch | who_class_group=Cleric | class_confidence=high,1,no
char_arelia,Arelia,player_0186,Hanr,Hanr,,listed_same_player,accepted,medium,evidence_player_group_0186,,,,,,,,,,,,whois_arelia_1780899452,Sindarin Witch,Elf,Sindarin,Free Peoples,medium,Magic-user,Magic-user,Witch,high,,,,,female,high,,,,classified,race_term=Sindarin | class_title=Witch | who_class_group=Magic-user | class_confidence=high,1,no
char_ares,Ares,player_0107,Ares,Ares,,listed_same_player,accepted,medium,evidence_player_group_0107,,retired,Boardreader,no,no,2026_06_16_retired_immortals,MUME retired immortal list,List current as of 2026-06-16,immortal_2026_06_16_retired_immortals_ares_324_listed_retired_immortal,candidate,Copied by Lewis. Includes Boardreaders and honorary True Legend entry for Norsu.,whois_ares_1780899458,Maia,Maia,,Immortals,high,,,,,,,,,,,Maia,M,,immortal,immortal_term=Maia | race_term=Maia,2,no
char_arglebargle,Arglebargle,player_0058,Steele,Steele [Dan],Dan,listed_same_player,accepted,medium,evidence_player_group_0058,,,,,,,,,,,,whois_arglebargle_1780899463,Tarkhnarb Shaman,Orc,Tarkhnarb,Minions of Sauron,high,Cleric,Cleric,Shaman,low,,,,,,,,,,classified,race_term=Tarkhnarb | class_title=Shaman | who_class_group=Cleric | class_confidence=low,1,no
char_arhar,Arhar,player_0193,Ariala,Ariala [Sandman],Sandman,listed_same_player,accepted,medium,evidence_player_group_0193,,,,,,,,,,,,whois_arhar_1780899469,Noldorin Hero,Elf,Noldorin,Free Peoples,medium,General,General,Hero,medium,,,,,,,,,,classified,race_term=Noldorin | class_title=Hero | who_class_group=General | class_confidence=medium,1,no
char_ariakan,Ariakan,player_0111,Aram,Aram,,listed_same_player,accepted,medium,evidence_player_group_0111,,,,,,,,,,,,,,,,,,,,,,,,,,,,,,,no_whois_classification,No classification row found,0,yes
char_ariala,Ariala,player_0193,Ariala,Ariala [Sandman],Sandman,listed_same_player,accepted,medium,evidence_player_group_0193,,,,,,,,,,,,,,,,,,,,,,,,,,,,,,,no_whois_classification,No classification row found,0,yes
char_aris,Aris,player_0091,Aris,Aris,,listed_same_player,accepted,medium,evidence_player_group_0091,,retired,Boardreader,no,no,2026_06_16_retired_immortals,MUME retired immortal list,List current as of 2026-06-16,immortal_2026_06_16_retired_immortals_aris_328_listed_retired_immortal,candidate,Copied by Lewis. Includes Boardreaders and honorary True Legend entry for Norsu.,whois_aris_1780899485,Maia,Maia,,Immortals,high,,,,,,,,,,,Maia,M,,immortal,immortal_term=Maia | race_term=Maia,2,no
char_arkady,Arkady,player_0120,Nerf,Nerf,,listed_same_player,accepted,medium,evidence_player_group_0120,,,,,,,,,,,,,,,,,,,,,,,,,,,,,,,no_whois_classification,No classification row found,0,yes
char_arkine,Arkine,player_0138,Lochdale,Lochdale [Donal],Donal,listed_same_player,accepted,medium,evidence_player_group_0138,,,,,,,,,,,,whois_arkine_1780899496,Tarkhnarb Soldier,Orc,Tarkhnarb,Minions of Sauron,high,Warrior,Warrior,Soldier,high,,,,,,,,,,classified,race_term=Tarkhnarb | class_title=Soldier | who_class_group=Warrior | class_confidence=high,1,no
char_arla,Arla,player_0171,Lurken,Lurken [Simon],Simon,listed_same_player,accepted,medium,evidence_player_group_0171,,retired,Vala,no,no,2026_06_16_retired_immortals,MUME retired immortal list,List current as of 2026-06-16,immortal_2026_06_16_retired_immortals_arla_20_listed_retired_immortal,candidate,Copied by Lewis. Includes Boardreaders and honorary True Legend entry for Norsu.,whois_arla_1780899502,Vala,Vala,,Immortals,high,Mudller,Mudller,Mudller,high,,,,,,,Vala,V,Mudller,immortal,immortal_term=Vala | race_term=Vala,2,no
char_arn,Arn,player_0109,Nighthawk,Nighthawk,,listed_same_player,accepted,medium,evidence_player_group_0109,,,,,,,,,,,,whois_arn_1780899507,Eriadorian Soldier,Man,Eriadorian,Free Peoples,medium,Warrior,Warrior,Soldier,high,,,,,,,,,,classified,race_term=Eriadorian | class_title=Soldier | who_class_group=Warrior | class_confidence=high,1,no
char_arnoc,Arnoc,player_0175,Vaab,Vaab [Joey],Joey,listed_same_player,accepted,medium,evidence_player_group_0175,,,,,,,,,,,,,,,,,,,,,,,,,,,,,,,no_whois_classification,No classification row found,0,yes
char_aros,Aros,player_0066,Tram,Tram,,listed_same_player,accepted,medium,evidence_player_group_0066,,,,,,,,,,,,,,,,,,,,,,,,,,,,,,,no_whois_classification,No classification row found,0,yes
char_arte,Arte,player_0013,Farin,Farin,,listed_same_player,accepted,medium,evidence_player_group_0013,,,,,,,,,,,,whois_arte_1780902662,Eriadorian Battlemaster,Man,Eriadorian,Free Peoples,medium,Warrior,Warrior,Battlemaster,high,,,,,,,,,,classified,race_term=Eriadorian | class_title=Battlemaster | who_class_group=Warrior | class_confidence=high,1,no
char_artigor,Artigor,player_0130,Hate,Hate,,listed_same_player,accepted,medium,evidence_player_group_0130,,,,,,,,,,,,,,,,,,,,,,,,,,,,,,,no_whois_classification,No classification row found,0,yes
char_asanda,Asanda,player_0172,Agattax,Agattax [Robin],Robin,listed_same_player,accepted,medium,evidence_player_group_0172,,,,,,,,,,,,,,,,,,,,,,,,,,,,,,,no_whois_classification,No classification row found,0,yes
char_aschit,Aschit,player_0056,Aschit,Aschit,,listed_same_player,accepted,medium,evidence_player_group_0056,,,,,,,,,,,,whois_aschit_1780902678,Rohirric Hunter,Man,Rohirrim,Free Peoples,medium,Thief,Thief,Hunter,medium,,,,,,,,,,classified,race_term=Rohirric | class_title=Hunter | who_class_group=Thief | class_confidence=medium,1,no
char_aseff,Aseff,player_0150,Aseff,Aseff,,listed_same_player,accepted,medium,evidence_player_group_0150,,,,,,,,,,,,,,,,,,,,,,,,,,,,,,,no_whois_classification,No classification row found,0,yes
char_ashmash,Ashmash,player_0136,Francis,Francis,,listed_same_player,accepted,medium,evidence_player_group_0136,,,,,,,,,,,,whois_ashmash_1780902689,Tarkhnarb Champion,Orc,Tarkhnarb,Minions of Sauron,high,General,General,Champion,medium,,,,,,,,,,classified,race_term=Tarkhnarb | class_title=Champion | who_class_group=General | class_confidence=medium,1,no
char_asmandeus,Asmandeus,player_0099,Asmandeus,Asmandeus,,listed_same_player,accepted,medium,evidence_player_group_0099,,,,,,,,,,,,whois_asmandeus_1780902695,Elf,Elf,,Free Peoples,medium,,,,,,,,,,,,,,race_only,race_term=Elf | base_class_unknown,1,no
char_assa,Assa,player_0095,Haista,Haista,,listed_same_player,accepted,medium,evidence_player_group_0095,,,,,,,,,,,,,,,,,,,,,,,,,,,,,,,no_whois_classification,No classification row found,0,yes
char_astar,Astar,player_0192,Moonshade,Moonshade [Alex],Alex,listed_same_player,accepted,medium,evidence_player_group_0192,,,,,,,,,,,,,,,,,,,,,,,,,,,,,,,no_whois_classification,No classification row found,0,yes
char_athela,Athela,player_0165,Athela,Athela,,listed_same_player,accepted,medium,evidence_player_group_0165,,,,,,,,,,,,whois_athela_1780902711,Silvan Ranger,Elf,Silvan,Free Peoples,medium,General,General,Ranger,medium,High Track; exact requirement uncertain and probably not 100%+,,,,,,,,,classified,race_term=Silvan | class_title=Ranger | who_class_group=General | class_confidence=medium | skill_notes=High Track; exact requirement uncertain and probably not 100%+,1,no
char_atlas,Atlas,player_0036,Atlas,Atlas,,listed_same_player,accepted,medium,evidence_player_group_0036,,retired,Maia,no,no,2026_06_16_retired_immortals,MUME retired immortal list,List current as of 2026-06-16,immortal_2026_06_16_retired_immortals_atlas_210_listed_retired_immortal,candidate,Copied by Lewis. Includes Boardreaders and honorary True Legend entry for Norsu.,whois_atlas_1780902717,Maia,Maia,,Immortals,high,Cartographer,Cartographer,Cartographer,high,,,,,,,Maia,M,Cartographer,immortal,immortal_term=Maia | race_term=Maia,2,no
char_audi,Audi,player_0219,Risca,Risca,,listed_same_player,accepted,medium,evidence_player_group_0219,,,,,,,,,,,,,,,,,,,,,,,,,,,,,,,no_whois_classification,No classification row found,0,yes
char_auriane,Auriane,player_0062,Auriane,Auriane [Bob],Bob,listed_same_player,accepted,medium,evidence_player_group_0062,,retired,Boardreader,no,no,2026_06_16_retired_immortals,MUME retired immortal list,List current as of 2026-06-16,immortal_2026_06_16_retired_immortals_auriane_333_listed_retired_immortal,candidate,Copied by Lewis. Includes Boardreaders and honorary True Legend entry for Norsu.,whois_auriane_1780902728,Maia,Maia,,Immortals,high,,,,,,,,,,,Maia,M,,immortal,immortal_term=Maia | race_term=Maia,2,no
char_ausir,Ausir,player_0125,Ausir,Ausir,,listed_same_player,accepted,medium,evidence_player_group_0125,,retired,Vala,no,no,2026_06_16_retired_immortals,MUME retired immortal list,List current as of 2026-06-16,immortal_2026_06_16_retired_immortals_ausir_43_listed_retired_immortal,candidate,Copied by Lewis. Includes Boardreaders and honorary True Legend entry for Norsu.,whois_ausir_1780902733,Vala,Vala,,Immortals,high,Architect,Architect,Architect,high,,,,,,,Vala,V,Architect,immortal,immortal_term=Vala | race_term=Vala,2,no
char_avenir,Avenir,player_0214,Avenir,Avenir,,listed_same_player,accepted,medium,evidence_player_group_0214,,,,,,,,,,,,whois_avenir_1780902739,Man,Man,,Free Peoples,medium,,,,,,,,,,,,,,race_only,race_term=Man | base_class_unknown,1,no
char_awesome,Awesome,player_0108,Toe,Toe,,listed_same_player,accepted,medium,evidence_player_group_0108,,,,,,,,,,,,whois_awesome_1780902744,Hill Troll Warrior,Troll,Hill Troll,Minions of Sauron,high,Warrior,Warrior,Warrior,medium,,,,,,,,,,classified,race_term=Hill Troll | class_title=Warrior | who_class_group=Warrior | class_confidence=medium,1,no
char_axel,Axel,player_0012,Axel,Axel [Axel],Axel,listed_same_player,accepted,medium,evidence_player_group_0012,,retired,Vala,no,no,2026_06_16_retired_immortals,MUME retired immortal list,List current as of 2026-06-16,immortal_2026_06_16_retired_immortals_axel_22_listed_retired_immortal,candidate,Copied by Lewis. Includes Boardreaders and honorary True Legend entry for Norsu.,whois_axel_1780902750,Vala,Vala,,Immortals,high,Mudller,Mudller,Mudller,high,,,,,,,Vala,V,Mudller,immortal,immortal_term=Vala | race_term=Vala,2,no
char_azalyn,Azalyn,player_0139,Naga,Naga,,listed_same_player,accepted,medium,evidence_player_group_0139,,,,,,,,,,,,whois_azalyn_1780902755,Noldorin Scholar,Elf,Noldorin,Free Peoples,medium,Magic-user,Magic-user,Scholar,high,,,,,,,,,,classified,race_term=Noldorin | class_title=Scholar | who_class_group=Magic-user | class_confidence=high,1,no
char_azazello,Azazello,player_0195,Porien,Porien [Dmitry],Dmitry,listed_same_player,accepted,medium,evidence_player_group_0195,,,,,,,,,,,,whois_azazello_1780833778,Tarkhnarb Champion,Orc,Tarkhnarb,Minions of Sauron,high,General,General,Champion,medium,,,,,,,,,,classified,race_term=Tarkhnarb | class_title=Champion | who_class_group=General | class_confidence=medium,1,no
char_azazhel,Azazhel,player_0001,Rogon,Rogon,,listed_same_player,accepted,medium,evidence_player_group_0001,,,,,,,,,,,,whois_azazhel_1780902761,Tarkhnarb Rider,Orc,Tarkhnarb,Minions of Sauron,high,General,General,Rider,medium,90% Ride,,,,,,,,,classified,race_term=Tarkhnarb | class_title=Rider | who_class_group=General | class_confidence=medium | skill_notes=90% Ride,1,no
char_azg,Azg,player_0098,Dragor,Dragor,,listed_same_player,accepted,medium,evidence_player_group_0098,,,,,,,,,,,,whois_azg_1780902766,Orc,Orc,,Minions of Sauron,high,,,,,,,,,,,,,,race_only,race_term=Orc | base_class_unknown,1,no
char_azhal,Azhal,player_0071,Marre,Marre [Martin],Martin,listed_same_player,accepted,medium,evidence_player_group_0071,,,,,,,,,,,,,,,,,,,,,,,,,,,,,,,no_whois_classification,No classification row found,0,yes
char_azmodan,Azmodan,player_0093,Valir,Valir [Raul],Raul,listed_same_player,accepted,medium,evidence_player_group_0093,,,,,,,,,,,,whois_azmodan_1780902777,Tarkhnarb Battlemaster,Orc,Tarkhnarb,Minions of Sauron,high,Warrior,Warrior,Battlemaster,high,,,,,,,,,,classified,race_term=Tarkhnarb | class_title=Battlemaster | who_class_group=Warrior | class_confidence=high,1,no
char_azylic,Azylic,player_0124,Sloo,Sloo,,listed_same_player,accepted,medium,evidence_player_group_0124,,,,,,,,,,,,,,,,,,,,,,,,,,,,,,,no_whois_classification,No classification row found,0,yes
char_baalrukh,Baalrukh,player_0128,Bornack,Bornack [Fredrik],Fredrik,listed_same_player,accepted,medium,evidence_player_group_0128,,,,,,,,,,,,whois_baalrukh_1780902788,Tarkhnarb Warrior,Orc,Tarkhnarb,Minions of Sauron,high,Warrior,Warrior,Warrior,medium,,,,,,,,,,classified,race_term=Tarkhnarb | class_title=Warrior | who_class_group=Warrior | class_confidence=medium,1,no
char_babai,Babai,player_0197,Zmej,Zmej [Leha],Leha,listed_same_player,accepted,medium,evidence_player_group_0197,,,,,,,,,,,,whois_babai_1780902794,Dwarf,Dwarf,,Free Peoples,medium,,,,,,,,,,,,,,race_only,race_term=Dwarf | base_class_unknown,1,no
char_backfire,Backfire,player_0108,Toe,Toe,,listed_same_player,accepted,medium,evidence_player_group_0108,,,,,,,,,,,,,,,,,,,,,,,,,,,,,,,no_whois_classification,No classification row found,0,yes
char_badur,Badur,player_0201,Omen,Omen [Alexander],Alexander,listed_same_player,accepted,medium,evidence_player_group_0201,,,,,,,,,,,,whois_badur_1780902805,Dwarf,Dwarf,,Free Peoples,medium,,,,,,,,,,,,,,race_only,race_term=Dwarf | base_class_unknown,1,no
char_bagger,Bagger,player_0074,Tardeer,Tardeer [Silverberg],Silverberg,listed_same_player,accepted,medium,evidence_player_group_0074,,,,,,,,,,,,whois_bagger_1780902810,Dwarf,Dwarf,,Free Peoples,medium,,,,,,,,,,,,,,race_only,race_term=Dwarf | base_class_unknown,1,no
char_baghtru,Baghtru,player_0119,Zeus,Zeus,,listed_same_player,accepted,medium,evidence_player_group_0119,,,,,,,,,,,,whois_baghtru_1780902816,Orkish Veteran,Orc,,Minions of Sauron,high,Warrior,Warrior,Veteran,high,,,,,,,,,,classified,race_term=Orkish | class_title=Veteran | who_class_group=Warrior | class_confidence=high,1,no
char_bah,Bah,player_0023,Bah,Bah [Jan],Jan,listed_same_player,accepted,medium,evidence_player_group_0023,,,,,,,,,,,,whois_bah_1780902821,Orc,Orc,,Minions of Sauron,high,,,,,,,,,,,,,,race_only,race_term=Orc | base_class_unknown,1,no
char_bairanax,Bairanax,player_0023,Bah,Bah [Jan],Jan,listed_same_player,accepted,medium,evidence_player_group_0023,,retired,Boardreader,no,no,2026_06_16_retired_immortals,MUME retired immortal list,List current as of 2026-06-16,immortal_2026_06_16_retired_immortals_bairanax_338_listed_retired_immortal,candidate,Copied by Lewis. Includes Boardreaders and honorary True Legend entry for Norsu.,whois_bairanax_1780902827,Maia,Maia,,Immortals,high,,,,,,,,,,,Maia,M,,immortal,immortal_term=Maia | race_term=Maia,1,no
char_bajun,Bajun,player_0220,Strine,Strine,,listed_same_player,accepted,medium,evidence_player_group_0220,,,,,,,,,,,,whois_bajun_1780902832,Silvan Mercenary,Elf,Silvan,Free Peoples,medium,Warrior,Warrior,Mercenary,low,,,,,,,,,,classified,race_term=Silvan | class_title=Mercenary | who_class_group=Warrior | class_confidence=low,1,no
char_balder,Balder,player_0121,Merlin,Merlin,,listed_same_player,accepted,medium,evidence_player_group_0121,,,,,,,,,,,,whois_balder_1780902838,Hobbit,Hobbit,,Free Peoples,medium,,,,,,,,,,,,,,race_only,race_term=Hobbit | base_class_unknown,1,no
char_baldwin,Baldwin,player_0061,Siroth,Siroth,,listed_same_player,accepted,medium,evidence_player_group_0061,,,,,,,,,,,,whois_baldwin_1780902843,Dwarf,Dwarf,,Free Peoples,medium,,,,,,,,,,,,,,race_only,race_term=Dwarf | base_class_unknown,1,no
char_baldy,Baldy,player_0086,Squiffy,Squiffy,,listed_same_player,accepted,medium,evidence_player_group_0086,,,,,,,,,,,,whois_baldy_1780902849,Black Númenórean Priest,Man,Black Númenórean,Minions of Sauron,high,Cleric,Cleric,Priest,high,,,,,,,,,,classified,race_term=Black Númenórean | class_title=Priest | who_class_group=Cleric | class_confidence=high,1,no
char_balin,Balin,player_0008,Fingeror,Fingeror [Jocke],Jocke,listed_same_player,accepted,medium,evidence_player_group_0008,,,,,,,,,,,,whois_balin_1780902854,Dwarven Battlemaster,Dwarf,,Free Peoples,medium,Warrior,Warrior,Battlemaster,high,,,,,,,,,,classified,race_term=Dwarven | class_title=Battlemaster | who_class_group=Warrior | class_confidence=high,1,no
char_balthazar,Balthazar,player_0083,Goretongue,Goretongue [Jeremiah],Jeremiah,listed_same_player,accepted,medium,evidence_player_group_0083,,,,,,,,,,,,whois_balthazar_1780902860,Black Númenórean Wizard,Man,Black Númenórean,Minions of Sauron,high,Magic-user,Magic-user,Wizard,high,,,,,,,,,,classified,race_term=Black Númenórean | class_title=Wizard | who_class_group=Magic-user | class_confidence=high,1,no
char_baltimor,Baltimor,player_0193,Ariala,Ariala [Sandman],Sandman,listed_same_player,accepted,medium,evidence_player_group_0193,,,,,,,,,,,,,,,,,,,,,,,,,,,,,,,no_whois_classification,No classification row found,0,yes
char_bambi,Bambi,player_0036,Atlas,Atlas,,listed_same_player,accepted,medium,evidence_player_group_0036,,,,,,,,,,,,whois_bambi_1780902871,Hill Troll Fighter,Troll,Hill Troll,Minions of Sauron,high,Warrior,Warrior,Fighter,low,,,,,,,,,,classified,race_term=Hill Troll | class_title=Fighter | who_class_group=Warrior | class_confidence=low,1,no
char_bamsefar,Bamsefar,player_0103,Edvard,Edvard [Aron],Aron,listed_same_player,accepted,medium,evidence_player_group_0103,,,,,,,,,,,,,,,,,,,,,,,,,,,,,,,no_whois_classification,No classification row found,0,yes
char_baphomet,Baphomet,player_0083,Goretongue,Goretongue [Jeremiah],Jeremiah,listed_same_player,accepted,medium,evidence_player_group_0083,,,,,,,,,,,,whois_baphomet_1780902882,Black Númenórean Envoy,Man,Black Númenórean,Minions of Sauron,high,General,General,Envoy,medium,,,,,,,,,,classified,race_term=Black Númenórean | class_title=Envoy | who_class_group=General | class_confidence=medium,1,no
char_baraban,Baraban,player_0212,Rabarbar,Rabarbar [Mihail],Mihail,listed_same_player,accepted,medium,evidence_player_group_0212,,,,,,,,,,,,,,,,,,,,,,,,,,,,,,,no_whois_classification,No classification row found,0,yes
char_baradul,Baradul,player_0178,Nagoroth,Nagoroth [Steve],Steve,listed_same_player,accepted,medium,evidence_player_group_0178,,,,,,,,,,,,whois_baradul_1780902893,Dwarven Fighter,Dwarf,,Free Peoples,medium,Warrior,Warrior,Fighter,low,,,,,,,,,,classified,race_term=Dwarven | class_title=Fighter | who_class_group=Warrior | class_confidence=low,1,no
char_barak,Barak,player_0003,Burb,Burb,,listed_same_player,accepted,medium,evidence_player_group_0003,,,,,,,,,,,,whois_barak_1780902898,Dwarven Hero,Dwarf,,Free Peoples,medium,General,General,Hero,medium,,,,,,,,,,classified,race_term=Dwarven | class_title=Hero | who_class_group=General | class_confidence=medium,1,no
char_baresark,Baresark,player_0004,Wow,Wow,,listed_same_player,accepted,medium,evidence_player_group_0004,,,,,,,,,,,,whois_baresark_1780902904,Tarkhnarb Battlemaster,Orc,Tarkhnarb,Minions of Sauron,high,Warrior,Warrior,Battlemaster,high,,,,,,,,,,classified,race_term=Tarkhnarb | class_title=Battlemaster | who_class_group=Warrior | class_confidence=high,1,no
char_barlok,Barlok,player_0038,Sabadon,Sabadon,,listed_same_player,accepted,medium,evidence_player_group_0038,,,,,,,,,,,,whois_barlok_1780902909,Dwarf,Dwarf,,Free Peoples,medium,,,,,,,,,,,,,,race_only,race_term=Dwarf | base_class_unknown,1,no
char_barnes,Barnes,player_0038,Sabadon,Sabadon,,listed_same_player,accepted,medium,evidence_player_group_0038,,,,,,,,,,,,whois_barnes_1780902915,Beorning Adventurer,Man,Beorning,Free Peoples,medium,General,General,Adventurer,medium,,,,,,,,,,classified,race_term=Beorning | class_title=Adventurer | who_class_group=General | class_confidence=medium,1,no
char_basha,Basha,player_0092,Basha,Basha,,listed_same_player,accepted,medium,evidence_player_group_0092,,,,,,,,,,,,whois_basha_1780902920,Hill Troll Wrecker,Troll,Hill Troll,Minions of Sauron,high,Warrior,Warrior,Wrecker,low,,,,,,,,,,classified,race_term=Hill Troll | class_title=Wrecker | who_class_group=Warrior | class_confidence=low,1,no
char_bashy,Bashy,player_0131,Feagil,Feagil,,listed_same_player,accepted,medium,evidence_player_group_0131,,,,,,,,,,,,,,,,,,,,,,,,,,,,,,,no_whois_classification,No classification row found,0,yes
char_basta,Basta,player_0074,Tardeer,Tardeer [Silverberg],Silverberg,listed_same_player,accepted,medium,evidence_player_group_0074,,,,,,,,,,,,whois_basta_1780902931,Orc,Orc,,Minions of Sauron,high,,,,,,,,,,,,,,race_only,race_term=Orc | base_class_unknown,1,no
char_bastantor,Bastantor,player_0110,Fredde,Fredde [Fredde],Fredde,listed_same_player,accepted,medium,evidence_player_group_0110,,,,,,,,,,,,whois_bastantor_1780902937,Dwarf,Dwarf,,Free Peoples,medium,,,,,,,,,,,,,,race_only,race_term=Dwarf | base_class_unknown,1,no
char_bastion,Bastion,player_0001,Rogon,Rogon,,listed_same_player,accepted,medium,evidence_player_group_0001,,,,,,,,,,,,whois_bastion_1780902942,Elf,Elf,,Free Peoples,medium,,,,,,,,,,,,,,race_only,race_term=Elf | base_class_unknown,1,no
char_batar,Batar,player_0115,Marillion,Marillion,,listed_same_player,accepted,medium,evidence_player_group_0115,,,,,,,,,,,,,,,,,,,,,,,,,,,,,,,no_whois_classification,No classification row found,0,yes
char_bates,Bates,player_0109,Nighthawk,Nighthawk,,listed_same_player,accepted,medium,evidence_player_group_0109,,,,,,,,,,,,whois_bates_1780902953,Tarkhnarb Shaman,Orc,Tarkhnarb,Minions of Sauron,high,Cleric,Cleric,Shaman,low,,,,,,,,,,classified,race_term=Tarkhnarb | class_title=Shaman | who_class_group=Cleric | class_confidence=low,1,no
char_batpoop,Batpoop,player_0222,Mukami,Mukami,,listed_same_player,accepted,medium,evidence_player_group_0222,,,,,,,,,,,,whois_batpoop_1780902959,Cave Troll Wrecker,Troll,Cave Troll,Minions of Sauron,high,Warrior,Warrior,Wrecker,low,,,,,,,,,,classified,race_term=Cave Troll | class_title=Wrecker | who_class_group=Warrior | class_confidence=low,1,no
char_baurk,Baurk,player_0110,Fredde,Fredde [Fredde],Fredde,listed_same_player,accepted,medium,evidence_player_group_0110,,,,,,,,,,,,whois_baûrk_1780902964,Tarkhnarb Rider,Orc,Tarkhnarb,Minions of Sauron,high,General,General,Rider,medium,90% Ride,,,,,,,,,classified,race_term=Tarkhnarb | class_title=Rider | who_class_group=General | class_confidence=medium | skill_notes=90% Ride,1,no
char_bearclaw,Bearclaw,player_0177,Bearclaw,Bearclaw,,listed_same_player,accepted,medium,evidence_player_group_0177,,,,,,,,,,,,,,,,,,,,,,,,,,,,,,,no_whois_classification,No classification row found,0,yes
char_bearnas,Bearnas,player_0199,Roman,Roman [Roman],Roman,listed_same_player,accepted,medium,evidence_player_group_0199,,,,,,,,,,,,whois_bearnas_1780902975,Elf,Elf,,Free Peoples,medium,,,,,,,,,,,,,,race_only,race_term=Elf | base_class_unknown,1,no
char_beastly,Beastly,player_0028,Enforcer,Enforcer [Ert],Ert,listed_same_player,accepted,medium,evidence_player_group_0028,,,,,,,,,,,,whois_beastly_1780902981,Cave Troll Fighter,Troll,Cave Troll,Minions of Sauron,high,Warrior,Warrior,Fighter,low,,,,,,,,,,classified,race_term=Cave Troll | class_title=Fighter | who_class_group=Warrior | class_confidence=low,1,no
char_beat,Beat,player_0217,Beat,Beat [Joosep],Joosep,listed_same_player,accepted,medium,evidence_player_group_0217,,,,,,,,,,,,whois_beat_1780902986,Troll,Troll,,Minions of Sauron,high,,,,,,,,,,,,,,race_only,race_term=Troll | base_class_unknown,1,no
char_beleghir,Beleghir,player_0150,Aseff,Aseff,,listed_same_player,accepted,medium,evidence_player_group_0150,,,,,,,,,,,,whois_beleghir_1780902992,Dwarven Battlemaster,Dwarf,,Free Peoples,medium,Warrior,Warrior,Battlemaster,high,,,,,,,,,,classified,race_term=Dwarven | class_title=Battlemaster | who_class_group=Warrior | class_confidence=high,2,no
char_belemoth,Belemoth,player_0049,Haazheel,Haazheel,,listed_same_player,accepted,medium,evidence_player_group_0049,,,,,,,,,,,,,,,,,,,,,,,,,,,,,,,no_whois_classification,No classification row found,0,yes
char_belind,Belind,player_0061,Siroth,Siroth,,listed_same_player,accepted,medium,evidence_player_group_0061,,,,,,,,,,,,,,,,,,,,,,,,,,,,,,,no_whois_classification,No classification row found,0,yes
char_bellows,Bellows,player_0155,Bellows,Bellows [Matt],Matt,listed_same_player,accepted,medium,evidence_player_group_0155,,,,,,,,,,,,whois_bellows_1780903008,Dwarven Warrior,Dwarf,,Free Peoples,medium,Warrior,Warrior,Warrior,medium,,,,,,,,,,classified,race_term=Dwarven | class_title=Warrior | who_class_group=Warrior | class_confidence=medium,1,no
char_belrun,Belrun,player_0199,Roman,Roman [Roman],Roman,listed_same_player,accepted,medium,evidence_player_group_0199,,,,,,,,,,,,whois_belrun_1780903014,Orc,Orc,,Minions of Sauron,high,,,,,,,,,,,,,,race_only,race_term=Orc | base_class_unknown,1,no
char_beltira,Beltira,player_0176,Beltira,Beltira [Erik],Erik,listed_same_player,accepted,medium,evidence_player_group_0176,,,,,,,,,,,,whois_beltira_1780903019,Sindarin Hero,Elf,Sindarin,Free Peoples,medium,General,General,Hero,medium,,,,,,,,,,classified,race_term=Sindarin | class_title=Hero | who_class_group=General | class_confidence=medium,1,no
char_belzagar,Belzagar,player_0030,Manatark,Manatark [Kaido],Kaido,listed_same_player,accepted,medium,evidence_player_group_0030,,,,,,,,,,,,whois_bêlzagar_1780903025,Black Númenórean Envoy,Man,Black Númenórean,Minions of Sauron,high,General,General,Envoy,medium,,,,,,,,,,classified,race_term=Black Númenórean | class_title=Envoy | who_class_group=General | class_confidence=medium,1,no
char_belzedin,Belzedin,player_0161,Halir,Halir,,listed_same_player,accepted,medium,evidence_player_group_0161,,,,,,,,,,,,,,,,,,,,,,,,,,,,,,,no_whois_classification,No classification row found,0,yes
char_beogul,Beogul,player_0134,Chauncey,Chauncey,,listed_same_player,accepted,medium,evidence_player_group_0134,,,,,,,,,,,,whois_bëogul_1780903036,Beorning Warrior,Man,Beorning,Free Peoples,medium,Warrior,Warrior,Warrior,medium,,,,,,,,,,classified,race_term=Beorning | class_title=Warrior | who_class_group=Warrior | class_confidence=medium,1,no
char_beorel,Beorel,player_0159,Beorel,Beorel,,listed_same_player,accepted,medium,evidence_player_group_0159,,,,,,,,,,,,whois_beorel_1780903041,Man,Man,,Free Peoples,medium,,,,,,,,,,,,,,race_only,race_term=Man | base_class_unknown,1,no
char_beowulf,Beowulf,player_0023,Bah,Bah [Jan],Jan,listed_same_player,accepted,medium,evidence_player_group_0023,,,,,,,,,,,,whois_beowulf_1780903047,Man,Man,,Free Peoples,medium,,,,,,,,,,,,,,race_only,race_term=Man | base_class_unknown,1,no
char_beremon,Beremon,player_0074,Tardeer,Tardeer [Silverberg],Silverberg,listed_same_player,accepted,medium,evidence_player_group_0074,,,,,,,,,,,,whois_beremon_1780903053,Half-Elf,Half-Elf,,Free Peoples,medium,,,,,,,,,,,,,,race_only,race_term=Half-Elf | base_class_unknown,1,no
char_berg,Berg,player_0109,Nighthawk,Nighthawk,,listed_same_player,accepted,medium,evidence_player_group_0109,,,,,,,,,,,,whois_berg_1780903058,"not a mage, cleric, or Swedish is a level twenty-six Black Númenórean Ranger",Man,Black Númenórean,Minions of Sauron,high,General,General,Ranger,medium,High Track; exact requirement uncertain and probably not 100%+,,,,,,,,,parser_suspect_or_custom_descriptor,"race_term=Black Númenórean | class_title=Ranger | who_class_group=General | class_confidence=medium | skill_notes=High Track; exact requirement uncertain and probably not 100%+ | unmatched=not a mage, cleric, or Swedish is a level twenty-six",1,yes
char_berin,Berin,player_0021,Cormac,Cormac,,listed_same_player,accepted,medium,evidence_player_group_0021,,,,,,,,,,,,whois_berin_1780903064,Noldorin Wizard,Elf,Noldorin,Free Peoples,medium,Magic-user,Magic-user,Wizard,high,,,,,,,,,,classified,race_term=Noldorin | class_title=Wizard | who_class_group=Magic-user | class_confidence=high,1,no
char_berlal,Berlal,player_0175,Vaab,Vaab [Joey],Joey,listed_same_player,accepted,medium,evidence_player_group_0175,,,,,,,,,,,,,,,,,,,,,,,,,,,,,,,no_whois_classification,No classification row found,0,yes
char_beruska,Beruska,player_0021,Cormac,Cormac,,listed_same_player,accepted,medium,evidence_player_group_0021,,,,,,,,,,,,whois_beruska_1780903075,Dwarf,Dwarf,,Free Peoples,medium,,,,,,,,,,,,,,race_only,race_term=Dwarf | base_class_unknown,1,no
char_betty,Betty,player_0155,Bellows,Bellows [Matt],Matt,listed_same_player,accepted,medium,evidence_player_group_0155,,,,,,,,,,,,whois_betty_1780903080,Beorning Champion,Man,Beorning,Free Peoples,medium,General,General,Champion,medium,,,,,,,,,,classified,race_term=Beorning | class_title=Champion | who_class_group=General | class_confidence=medium,1,no
char_bian,Bian,player_0208,Anton,Anton [Anton],Anton,listed_same_player,accepted,medium,evidence_player_group_0208,,,,,,,,,,,,whois_bian_1780903086,Hobbit,Hobbit,,Free Peoples,medium,,,,,,,,,,,,,,race_only,race_term=Hobbit | base_class_unknown,1,no
char_bianca,Bianca,player_0094,Almarian,Almarian,,listed_same_player,accepted,medium,evidence_player_group_0094,,,,,,,,,,,,whois_bianca_1780903091,Dúnadan Adventurer,Man,Dúnedain,Free Peoples,medium,General,General,Adventurer,medium,,,,,,,,,,classified,race_term=Dúnadan | class_title=Adventurer | who_class_group=General | class_confidence=medium,1,no
char_bianthor,Bianthor,player_0028,Enforcer,Enforcer [Ert],Ert,listed_same_player,accepted,medium,evidence_player_group_0028,,,,,,,,,,,,whois_bianthor_1780903097,Rohirric Hero,Man,Rohirrim,Free Peoples,medium,General,General,Hero,medium,,,,,,,,,,classified,race_term=Rohirric | class_title=Hero | who_class_group=General | class_confidence=medium,1,no
char_bifur,Bifur,player_0061,Siroth,Siroth,,listed_same_player,accepted,medium,evidence_player_group_0061,,,,,,,,,,,,whois_bifur_1780903102,Dwarven Hero,Dwarf,,Free Peoples,medium,General,General,Hero,medium,,,,,,,,,,classified,race_term=Dwarven | class_title=Hero | who_class_group=General | class_confidence=medium,1,no
char_bigge,Bigge,player_0004,Wow,Wow,,listed_same_player,accepted,medium,evidence_player_group_0004,,,,,,,,,,,,,,,,,,,,,,,,,,,,,,,no_whois_classification,No classification row found,0,yes
char_bigger,Bigger,player_0076,Bigger,Bigger [Jakob],Jakob,listed_same_player,accepted,medium,evidence_player_group_0076,,,,,,,,,,,,whois_bigger_1780903113,Dwarf,Dwarf,,Free Peoples,medium,,,,,,,,,,,,,,race_only,race_term=Dwarf | base_class_unknown,1,no
char_bijec,Bijec,player_0022,Moonparent,Moonparent [David],David,listed_same_player,accepted,medium,evidence_player_group_0022,,,,,,,,,,,,whois_bijec_1780903119,Orc,Orc,,Minions of Sauron,high,,,,,,,,,,,,,,race_only,race_term=Orc | base_class_unknown,1,no
char_bimulo,Bimulo,player_0162,Hudson,Hudson,,listed_same_player,accepted,medium,evidence_player_group_0162,,,,,,,,,,,,,,,,,,,,,,,,,,,,,,,no_whois_classification,No classification row found,0,yes
char_bishn_k,Bishn�k,player_0154,Bishn�k,Bishn�k [Eric],Eric,listed_same_player,accepted,medium,evidence_player_group_0154,,,,,,,,,,,,,,,,,,,,,,,,,,,,,,,no_whois_classification,No classification row found,0,yes
char_bizarre,Bizarre,player_0004,Wow,Wow,,listed_same_player,accepted,medium,evidence_player_group_0004,,,,,,,,,,,,whois_bizarre_1780903136,Half-elven Heroine,Half-Elf,,Free Peoples,medium,General,General,Heroine,medium,,,,,female,high,,,,classified,race_term=Half-elven | class_title=Heroine | who_class_group=General | class_confidence=medium,1,no
char_bjorn,Bjorn,player_0075,Bjorn,Bjorn [Bjorn],Bjorn,listed_same_player,accepted,medium,evidence_player_group_0075,,current,Maia,no,no,2026_06_16_current_immortals,MUME current immortal list,List current as of 2026-06-16,immortal_2026_06_16_current_immortals_bjorn_50_listed_current_immortal,candidate,Copied by Lewis. (+m) means the immortal is also a Maiar Muddler / muddle code contributor.,whois_björn_1780903141,Maia,Maia,,Immortals,high,Builder,Builder,Builder,high,,,,,,,Maia,M,Builder,immortal,immortal_term=Maia | race_term=Maia,1,no
char_blackfoot,Blackfoot,player_0083,Goretongue,Goretongue [Jeremiah],Jeremiah,listed_same_player,accepted,medium,evidence_player_group_0083,,,,,,,,,,,,whois_blackfoot_1780903147,Tarkhnarb Rider,Orc,Tarkhnarb,Minions of Sauron,high,General,General,Rider,medium,90% Ride,,,,,,,,,classified,race_term=Tarkhnarb | class_title=Rider | who_class_group=General | class_confidence=medium | skill_notes=90% Ride,1,no
char_blackthorne,Blackthorne,player_0008,Fingeror,Fingeror [Jocke],Jocke,listed_same_player,accepted,medium,evidence_player_group_0008,,,,,,,,,,,,,,,,,,,,,,,,,,,,,,,no_whois_classification,No classification row found,0,yes
char_blizzard,Blizzard,player_0068,Elrik,Elrik,,listed_same_player,accepted,medium,evidence_player_group_0068,,,,,,,,,,,,whois_blizzard_1780903158,Dwarven Scholar,Dwarf,,Free Peoples,medium,Magic-user,Magic-user,Scholar,high,,,,,,,,,,classified,race_term=Dwarven | class_title=Scholar | who_class_group=Magic-user | class_confidence=high,1,no
char_blizzardo,Blizzardo,player_0096,Voile,Voile,,listed_same_player,accepted,medium,evidence_player_group_0096,,,,,,,,,,,,,,,,,,,,,,,,,,,,,,,no_whois_classification,No classification row found,0,yes
char_blob,Blob,player_0155,Bellows,Bellows [Matt],Matt,listed_same_player,accepted,medium,evidence_player_group_0155,,,,,,,,,,,,whois_blob_1780903169,Troll,Troll,,Minions of Sauron,high,,,,,,,,,,,,,,race_only,race_term=Troll | base_class_unknown,1,no
char_bloha,Bloha,player_0200,Helga,Helga [Aleks],Aleks,listed_same_player,accepted,medium,evidence_player_group_0200,,,,,,,,,,,,,,,,,,,,,,,,,,,,,,,no_whois_classification,No classification row found,0,yes
char_bluebell,Bluebell,player_0047,Idun,Idun,,listed_same_player,accepted,medium,evidence_player_group_0047,,,,,,,,,,,,whois_bluebell_1780903180,Fallohide Warrior,Hobbit,Fallohide,Free Peoples,medium,Warrior,Warrior,Warrior,medium,,,,,,,,,,classified,race_term=Fallohide | class_title=Warrior | who_class_group=Warrior | class_confidence=medium,1,no
char_blyn,Blyn,player_0199,Roman,Roman [Roman],Roman,listed_same_player,accepted,medium,evidence_player_group_0199,,,,,,,,,,,,whois_blyn_1780903185,Elf,Elf,,Free Peoples,medium,,,,,,,,,,,,,,race_only,race_term=Elf | base_class_unknown,1,no
char_blysk,Blysk,player_0089,Lothlori,Lothlori,,listed_same_player,accepted,medium,evidence_player_group_0089,,,,,,,,,,,,,,,,,,,,,,,,,,,,,,,no_whois_classification,No classification row found,0,yes
char_bobba,Bobba,player_0037,Bobbie,Bobbie,,listed_same_player,accepted,medium,evidence_player_group_0037,,,,,,,,,,,,whois_bobba_1780903196,Black Númenórean Magician,Man,Black Númenórean,Minions of Sauron,high,Magic-user,Magic-user,Magician,low,,,,,,,,,,classified,race_term=Black Númenórean | class_title=Magician | who_class_group=Magic-user | class_confidence=low,1,no
char_bobbie,Bobbie,player_0037,Bobbie,Bobbie,,listed_same_player,accepted,medium,evidence_player_group_0037,,retired,Boardreader,no,no,2026_06_16_retired_immortals,MUME retired immortal list,List current as of 2026-06-16,immortal_2026_06_16_retired_immortals_bobbie_354_listed_retired_immortal,candidate,Copied by Lewis. Includes Boardreaders and honorary True Legend entry for Norsu.,whois_bobbie_1780907112,Maia,Maia,,Immortals,high,,,,,,,,,,,Maia,M,,immortal,immortal_term=Maia | race_term=Maia,2,no
char_bodhran,Bodhran,player_0166,Bodhran,Bodhran,,listed_same_player,accepted,medium,evidence_player_group_0166,,,,,,,,,,,,whois_bodhran_1780907117,Half-Elf,Half-Elf,,Free Peoples,medium,,,,,,,,,,,,,,race_only,race_term=Half-Elf | base_class_unknown,1,no
char_bodycast,Bodycast,player_0218,Bodycast,Bodycast,,listed_same_player,accepted,medium,evidence_player_group_0218,,,,,,,,,,,,whois_bodycast_1780907123,Cave Troll Fighter,Troll,Cave Troll,Minions of Sauron,high,Warrior,Warrior,Fighter,low,,,,,,,,,,classified,race_term=Cave Troll | class_title=Fighter | who_class_group=Warrior | class_confidence=low,1,no
char_bogger,Bogger,player_0075,Bjorn,Bjorn [Bjorn],Bjorn,listed_same_player,accepted,medium,evidence_player_group_0075,,,,,,,,,,,,whois_bogger_1780907128,Broadbeam Fighter,Dwarf,Broadbeam,Free Peoples,medium,Warrior,Warrior,Fighter,low,,,,,,,,,,classified,race_term=Broadbeam | class_title=Fighter | who_class_group=Warrior | class_confidence=low,2,no
char_bogodur,Bogodur,player_0212,Rabarbar,Rabarbar [Mihail],Mihail,listed_same_player,accepted,medium,evidence_player_group_0212,,,,,,,,,,,,,,,,,,,,,,,,,,,,,,,no_whois_classification,No classification row found,0,yes
char_bohemond,Bohemond,player_0049,Haazheel,Haazheel,,listed_same_player,accepted,medium,evidence_player_group_0049,,,,,,,,,,,,,,,,,,,,,,,,,,,,,,,no_whois_classification,No classification row found,0,yes
char_bok,Bok,player_0144,Jones,Jones,,listed_same_player,accepted,medium,evidence_player_group_0144,,,,,,,,,,,,whois_bök_1780907145,Firebeard Hero,Dwarf,Firebeard,Free Peoples,medium,General,General,Hero,medium,,,,,,,,,,classified,race_term=Firebeard | class_title=Hero | who_class_group=General | class_confidence=medium,1,no
char_bomir,Bomir,player_0026,Alweon,Alweon,,listed_same_player,accepted,medium,evidence_player_group_0026,,,,,,,,,,,,whois_bómir_1780907150,Rohirric Hero,Man,Rohirrim,Free Peoples,medium,General,General,Hero,medium,,,,,,,,,,classified,race_term=Rohirric | class_title=Hero | who_class_group=General | class_confidence=medium,1,no
char_bonebiter,Bonebiter,player_0022,Moonparent,Moonparent [David],David,listed_same_player,accepted,medium,evidence_player_group_0022,,,,,,,,,,,,whois_bonebiter_1780907156,Half-Elf,Half-Elf,,Free Peoples,medium,,,,,,,,,,,,,,race_only,race_term=Half-Elf | base_class_unknown,1,no
char_boomer,Boomer,player_0094,Almarian,Almarian,,listed_same_player,accepted,medium,evidence_player_group_0094,,,,,,,,,,,,whois_boomer_1780907161,Orc,Orc,,Minions of Sauron,high,,,,,,,,,,,,,,race_only,race_term=Orc | base_class_unknown,1,no
char_boot,Boot,player_0166,Bodhran,Bodhran,,listed_same_player,accepted,medium,evidence_player_group_0166,,,,,,,,,,,,whois_boot_1780907167,Fallohide Priest,Hobbit,Fallohide,Free Peoples,medium,Cleric,Cleric,Priest,high,,,,,,,,,,classified,race_term=Fallohide | class_title=Priest | who_class_group=Cleric | class_confidence=high,1,no
char_bootyho,Bootyho,player_0216,Grunge,Grunge,,listed_same_player,accepted,medium,evidence_player_group_0216,,,,,,,,,,,,whois_bootyho_1780907172,Black Númenórean Witch,Man,Black Númenórean,Minions of Sauron,high,Magic-user,Magic-user,Witch,high,,,,,female,high,,,,classified,race_term=Black Númenórean | class_title=Witch | who_class_group=Magic-user | class_confidence=high,1,no
char_borek,Borek,player_0012,Axel,Axel [Axel],Axel,listed_same_player,accepted,medium,evidence_player_group_0012,,,,,,,,,,,,,,,,,,,,,,,,,,,,,,,no_whois_classification,No classification row found,0,yes
char_borgash,Borgash,player_0174,Angrenfea,Angrenfea [Toivo],Toivo,listed_same_player,accepted,medium,evidence_player_group_0174,,,,,,,,,,,,,,,,,,,,,,,,,,,,,,,no_whois_classification,No classification row found,0,yes
char_bornack,Bornack,player_0128,Bornack,Bornack [Fredrik],Fredrik,listed_same_player,accepted,medium,evidence_player_group_0128,,,,,,,,,,,,whois_bornack_1780907189,Eriadorian Patriarch,Man,Eriadorian,Free Peoples,medium,Cleric,Cleric,Patriarch,high,,,,,male,high,,,,classified,race_term=Eriadorian | class_title=Patriarch | who_class_group=Cleric | class_confidence=high,1,no
char_boroda,Boroda,player_0215,Boroda,Boroda,,listed_same_player,accepted,medium,evidence_player_group_0215,,,,,,,,,,,,,,,,,,,,,,,,,,,,,,,no_whois_classification,No classification row found,0,yes
char_borodjavka,Borodjavka,player_0196,Zomb,Zomb [Andrjuha],Andrjuha,listed_same_player,accepted,medium,evidence_player_group_0196,,,,,,,,,,,,whois_borodjavka_1780907200,Orc,Orc,,Minions of Sauron,high,,,,,,,,,,,,,,race_only,race_term=Orc | base_class_unknown,1,no
char_botesia,Botesia,player_0216,Grunge,Grunge,,listed_same_player,accepted,medium,evidence_player_group_0216,,,,,,,,,,,,whois_botesia_1780907205,Dúnadan Wizard,Man,Dúnedain,Free Peoples,medium,Magic-user,Magic-user,Wizard,high,,,,,,,,,,classified,race_term=Dúnadan | class_title=Wizard | who_class_group=Magic-user | class_confidence=high,1,no
char_bounty,Bounty,player_0087,Bounty,Bounty,,listed_same_player,accepted,medium,evidence_player_group_0087,,,,,,,,,,,,,,,,,,,,,,,,,,,,,,,no_whois_classification,No classification row found,0,yes
char_braddock,Braddock,player_0057,Kenzu,Kenzu,,listed_same_player,accepted,medium,evidence_player_group_0057,,,,,,,,,,,,whois_brâddóck_1780907216,Tarkhnarb Rider,Orc,Tarkhnarb,Minions of Sauron,high,General,General,Rider,medium,90% Ride,,,,,,,,,classified,race_term=Tarkhnarb | class_title=Rider | who_class_group=General | class_confidence=medium | skill_notes=90% Ride,2,no
char_bramba,Bramba,player_0172,Agattax,Agattax [Robin],Robin,listed_same_player,accepted,medium,evidence_player_group_0172,,,,,,,,,,,,,,,,,,,,,,,,,,,,,,,no_whois_classification,No classification row found,0,yes
char_brash,Brash,player_0098,Dragor,Dragor,,listed_same_player,accepted,medium,evidence_player_group_0098,,,,,,,,,,,,whois_brash_1780907227,Tarkhnarb Fighter,Orc,Tarkhnarb,Minions of Sauron,high,Warrior,Warrior,Fighter,low,,,,,,,,,,classified,race_term=Tarkhnarb | class_title=Fighter | who_class_group=Warrior | class_confidence=low,1,no
char_brask,Brask,player_0096,Voile,Voile,,listed_same_player,accepted,medium,evidence_player_group_0096,,,,,,,,,,,,whois_brask_1780907233,Beorning Adventurer,Man,Beorning,Free Peoples,medium,General,General,Adventurer,medium,,,,,,,,,,classified,race_term=Beorning | class_title=Adventurer | who_class_group=General | class_confidence=medium,1,no
char_breaux,Breaux,player_0076,Bigger,Bigger [Jakob],Jakob,listed_same_player,accepted,medium,evidence_player_group_0076,,,,,,,,,,,,whois_breaux_1780907238,Orc,Orc,,Minions of Sauron,high,,,,,,,,,,,,,,race_only,race_term=Orc | base_class_unknown,1,no
char_britney,Britney,player_0105,Crysania,Crysania,,listed_same_player,accepted,medium,evidence_player_group_0105,,,,,,,,,,,,whois_britney_1780907244,"not a girl, not yet a woman is an Orc",Man,,Free Peoples,medium,,,,,,,,,,,,,,parser_suspect_or_custom_descriptor,"race_term=Woman | unmatched=not a girl, not yet a is an Orc | base_class_unknown",1,yes
char_brog,Brog,player_0034,Nazgum,Nazgum,,listed_same_player,accepted,medium,evidence_player_group_0034,,,,,,,,,,,,whois_brog_1780907249,Dwarven Battlemaster,Dwarf,,Free Peoples,medium,Warrior,Warrior,Battlemaster,high,,,,,,,,,,classified,race_term=Dwarven | class_title=Battlemaster | who_class_group=Warrior | class_confidence=high,1,no
char_brogan,Brogan,player_0092,Basha,Basha,,listed_same_player,accepted,medium,evidence_player_group_0092,,,,,,,,,,,,whois_brogan_1780907255,Beorning Hero,Man,Beorning,Free Peoples,medium,General,General,Hero,medium,,,,,,,,,,classified,race_term=Beorning | class_title=Hero | who_class_group=General | class_confidence=medium,1,no
char_bromir,Bromir,player_0107,Ares,Ares,,listed_same_player,accepted,medium,evidence_player_group_0107,,,,,,,,,,,,whois_bromir_1780907260,Dwarf,Dwarf,,Free Peoples,medium,,,,,,,,,,,,,,race_only,race_term=Dwarf | base_class_unknown,1,no
char_broom,Broom,player_0065,Wryak,Wryak [Tapio],Tapio,listed_same_player,accepted,medium,evidence_player_group_0065,,,,,,,,,,,,whois_broom_1780907266,Hill Troll Warrior,Troll,Hill Troll,Minions of Sauron,high,Warrior,Warrior,Warrior,medium,,,,,,,,,,classified,race_term=Hill Troll | class_title=Warrior | who_class_group=Warrior | class_confidence=medium,1,no
char_brugan,Brugan,player_0012,Axel,Axel [Axel],Axel,listed_same_player,accepted,medium,evidence_player_group_0012,,,,,,,,,,,,,,,,,,,,,,,,,,,,,,,no_whois_classification,No classification row found,0,yes
char_bruise,Bruise,player_0177,Bearclaw,Bearclaw,,listed_same_player,accepted,medium,evidence_player_group_0177,,,,,,,,,,,,whois_bruise_1780907277,Orc,Orc,,Minions of Sauron,high,,,,,,,,,,,,,,race_only,race_term=Orc | base_class_unknown,1,no
char_brumbur,Brumbur,player_0184,Elistan,Elistan,,listed_same_player,accepted,medium,evidence_player_group_0184,,,,,,,,,,,,whois_brumbur_1780907283,Dwarf,Dwarf,,Free Peoples,medium,,,,,,,,,,,,,,race_only,race_term=Dwarf | base_class_unknown,1,no
char_bruni,Bruni,player_0186,Hanr,Hanr,,listed_same_player,accepted,medium,evidence_player_group_0186,,,,,,,,,,,,whois_bruni_1780907288,Dwarven Patriarch,Dwarf,,Free Peoples,medium,Cleric,Cleric,Patriarch,high,,,,,male,high,,,,classified,race_term=Dwarven | class_title=Patriarch | who_class_group=Cleric | class_confidence=high,1,no
char_brutte,Brutte,player_0096,Voile,Voile,,listed_same_player,accepted,medium,evidence_player_group_0096,,,,,,,,,,,,whois_brutte_1780907294,Troll,Troll,,Minions of Sauron,high,,,,,,,,,,,,,,race_only,race_term=Troll | base_class_unknown,1,no
char_brutux,Brutux,player_0217,Beat,Beat [Joosep],Joosep,listed_same_player,accepted,medium,evidence_player_group_0217,,,,,,,,,,,,whois_brutux_1780907299,Cave Troll Brute,Troll,Cave Troll,Minions of Sauron,high,Warrior,Warrior,Brute,low,,,,,,,,,,classified,race_term=Cave Troll | class_title=Brute | who_class_group=Warrior | class_confidence=low,1,no
char_brynhilde,Brynhilde,player_0002,Ajax,Ajax,,listed_same_player,accepted,medium,evidence_player_group_0002,,,,,,,,,,,,whois_brynhilde_1780907305,Dwarf,Dwarf,,Free Peoples,medium,,,,,,,,,,,,,,race_only,race_term=Dwarf | base_class_unknown,1,no
char_bubla,Bubla,player_0020,Bubla,Bubla,,listed_same_player,accepted,medium,evidence_player_group_0020,,retired,Boardreader,no,no,2026_06_16_retired_immortals,MUME retired immortal list,List current as of 2026-06-16,immortal_2026_06_16_retired_immortals_bubla_362_listed_retired_immortal,candidate,Copied by Lewis. Includes Boardreaders and honorary True Legend entry for Norsu.,whois_bubla_1780907310,Maia,Maia,,Immortals,high,,,,,,,,,,,Maia,M,,immortal,immortal_term=Maia | race_term=Maia,2,no
char_bubu,Bubu,player_0020,Bubla,Bubla,,listed_same_player,accepted,medium,evidence_player_group_0020,,,,,,,,,,,,whois_bubu_1780907316,Man,Man,,Free Peoples,medium,,,,,,,,,,,,,,race_only,race_term=Man | base_class_unknown,1,no
char_buffer,Buffer,player_0109,Nighthawk,Nighthawk,,listed_same_player,accepted,medium,evidence_player_group_0109,,,,,,,,,,,,whois_buffer_1780907322,Dwarven Axemaster,Dwarf,,Free Peoples,medium,Warrior,Warrior,Axemaster,high,100% cleaving weapons,,,,,,,,,classified,race_term=Dwarven | class_title=Axemaster | who_class_group=Warrior | class_confidence=high | skill_notes=100% cleaving weapons,1,no
char_buggar,Buggar,player_0185,Buggar,Buggar [Adam],Adam,listed_same_player,accepted,medium,evidence_player_group_0185,,,,,,,,,,,,whois_buggar_1780907327,Dwarven Fighter,Dwarf,,Free Peoples,medium,Warrior,Warrior,Fighter,low,,,,,,,,,,classified,race_term=Dwarven | class_title=Fighter | who_class_group=Warrior | class_confidence=low,1,no
char_buliwyf,Buliwyf,player_0002,Ajax,Ajax,,listed_same_player,accepted,medium,evidence_player_group_0002,,,,,,,,,,,,,,,,,,,,,,,,,,,,,,,no_whois_classification,No classification row found,0,yes
char_bulldozer,Bulldozer,player_0088,Bulldozer,Bulldozer,,listed_same_player,accepted,medium,evidence_player_group_0088,,,,,,,,,,,,whois_bulldozer_1780907338,Mountain Troll Warrior,Troll,Mountain Troll,Minions of Sauron,high,Warrior,Warrior,Warrior,medium,,,,,,,,,,classified,race_term=Mountain Troll | class_title=Warrior | who_class_group=Warrior | class_confidence=medium,1,no
char_bullebu,Bullebu,player_0072,Valamir,Valamir [Ole],Ole,listed_same_player,accepted,medium,evidence_player_group_0072,,,,,,,,,,,,whois_bullebu_1780907344,Elf,Elf,,Free Peoples,medium,,,,,,,,,,,,,,race_only,race_term=Elf | base_class_unknown,1,no
char_buller,Buller,player_0079,Feon,Feon [Johan],Johan,listed_same_player,accepted,medium,evidence_player_group_0079,,,,,,,,,,,,whois_buller_1780907349,Mountain Troll Warrior,Troll,Mountain Troll,Minions of Sauron,high,Warrior,Warrior,Warrior,medium,,,,,,,,,,classified,race_term=Mountain Troll | class_title=Warrior | who_class_group=Warrior | class_confidence=medium,1,no
char_bum,Bum,player_0020,Bubla,Bubla,,listed_same_player,accepted,medium,evidence_player_group_0020,,,,,,,,,,,,whois_bum_1780907355,Dwarf,Dwarf,,Free Peoples,medium,,,,,,,,,,,,,,race_only,race_term=Dwarf | base_class_unknown,1,no
char_bumbur,Bumbur,player_0047,Idun,Idun,,listed_same_player,accepted,medium,evidence_player_group_0047,,,,,,,,,,,,whois_bumbur_1780907360,Dwarf,Dwarf,,Free Peoples,medium,,,,,,,,,,,,,,race_only,race_term=Dwarf | base_class_unknown,1,no
char_burb,Burb,player_0003,Burb,Burb,,listed_same_player,accepted,medium,evidence_player_group_0003,,retired,Boardreader,no,no,2026_06_16_retired_immortals,MUME retired immortal list,List current as of 2026-06-16,immortal_2026_06_16_retired_immortals_burb_364_listed_retired_immortal,candidate,Copied by Lewis. Includes Boardreaders and honorary True Legend entry for Norsu.,whois_burb_1780907366,tired of resting is a Maia,Maia,,Immortals,high,,,,,,,,,,,Maia,M,,immortal,immortal_term=Maia | race_term=Maia | unmatched=tired of resting is a,2,no
char_burghul,Burghul,player_0047,Idun,Idun,,listed_same_player,accepted,medium,evidence_player_group_0047,,,,,,,,,,,,whois_burghul_1780907371,Tarkhnarb Shaman,Orc,Tarkhnarb,Minions of Sauron,high,Cleric,Cleric,Shaman,low,,,,,,,,,,classified,race_term=Tarkhnarb | class_title=Shaman | who_class_group=Cleric | class_confidence=low,1,no
char_burk,Burk,player_0092,Basha,Basha,,listed_same_player,accepted,medium,evidence_player_group_0092,,,,,,,,,,,,whois_burk_1780907377,Longbeard Chieftain,Dwarf,Longbeard,Free Peoples,medium,General,General,Chieftain,medium,90%-100% Leadership,,,,,,,,,classified,race_term=Longbeard | class_title=Chieftain | who_class_group=General | class_confidence=medium | skill_notes=90%-100% Leadership,1,no
char_burok,Burok,player_0058,Steele,Steele [Dan],Dan,listed_same_player,accepted,medium,evidence_player_group_0058,,,,,,,,,,,,,,,,,,,,,,,,,,,,,,,no_whois_classification,No classification row found,0,yes
char_burst,Burst,player_0171,Lurken,Lurken [Simon],Simon,listed_same_player,accepted,medium,evidence_player_group_0171,,,,,,,,,,,,whois_burst_1780907388,Eriadorian Bodyguard,Man,Eriadorian,Free Peoples,medium,Warrior,Warrior,Bodyguard,high,80% Rescue,,,,,,,,,classified,race_term=Eriadorian | class_title=Bodyguard | who_class_group=Warrior | class_confidence=high | skill_notes=80% Rescue,1,no
char_burzum,Burzum,player_0216,Grunge,Grunge,,listed_same_player,accepted,medium,evidence_player_group_0216,,,,,,,,,,,,whois_burzum_1780907393,Orc,Orc,,Minions of Sauron,high,,,,,,,,,,,,,,race_only,race_term=Orc | base_class_unknown,1,no
char_butrus,Butrus,player_0069,Pilsner,Pilsner [Jurek],Jurek,listed_same_player,accepted,medium,evidence_player_group_0069,,,,,,,,,,,,whois_butrus_1780907399,Noldorin Wizard,Elf,Noldorin,Free Peoples,medium,Magic-user,Magic-user,Wizard,high,,,,,,,,,,classified,race_term=Noldorin | class_title=Wizard | who_class_group=Magic-user | class_confidence=high,1,no
char_butter,Butter,player_0010,Zaber,Zaber,,listed_same_player,accepted,medium,evidence_player_group_0010,,,,,,,,,,,,whois_butter_1780907404,Dwarven Battlemaster,Dwarf,,Free Peoples,medium,Warrior,Warrior,Battlemaster,high,,,,,,,,,,classified,race_term=Dwarven | class_title=Battlemaster | who_class_group=Warrior | class_confidence=high,1,no
char_byleist,Byleist,player_0038,Sabadon,Sabadon,,listed_same_player,accepted,medium,evidence_player_group_0038,,,,,,,,,,,,,,,,,,,,,,,,,,,,,,,no_whois_classification,No classification row found,0,yes
char_cagim,Cagim,player_0070,Heldo,Heldo [Jens],Jens,listed_same_player,accepted,medium,evidence_player_group_0070,,,,,,,,,,,,,,,,,,,,,,,,,,,,,,,no_whois_classification,No classification row found,0,yes
char_calan,Calan,player_0065,Wryak,Wryak [Tapio],Tapio,listed_same_player,accepted,medium,evidence_player_group_0065,,,,,,,,,,,,whois_calan_1780907421,Dwarven Warden,Dwarf,,Free Peoples,medium,Warrior,Warrior,Warden,high,75% Bash,,,,,,,,,classified,race_term=Dwarven | class_title=Warden | who_class_group=Warrior | class_confidence=high | skill_notes=75% Bash,1,no
char_caldor,Caldor,player_0068,Elrik,Elrik,,listed_same_player,accepted,medium,evidence_player_group_0068,,,,,,,,,,,,,,,,,,,,,,,,,,,,,,,no_whois_classification,No classification row found,0,yes
char_calrandir,Calrandir,player_0075,Bjorn,Bjorn [Bjorn],Bjorn,listed_same_player,accepted,medium,evidence_player_group_0075,,,,,,,,,,,,whois_calrandir_1780907432,Dúnadan Ranger,Man,Dúnedain,Free Peoples,medium,General,General,Ranger,medium,High Track; exact requirement uncertain and probably not 100%+,,,,,,,,,classified,race_term=Dúnadan | class_title=Ranger | who_class_group=General | class_confidence=medium | skill_notes=High Track; exact requirement uncertain and probably not 100%+,1,no
char_calvin,Calvin,player_0046,Filibert,Filibert,,listed_same_player,accepted,medium,evidence_player_group_0046,,,,,,,,,,,,whois_calvin_1780907437,Beorning Hero,Man,Beorning,Free Peoples,medium,General,General,Hero,medium,,,,,,,,,,classified,race_term=Beorning | class_title=Hero | who_class_group=General | class_confidence=medium,1,no
char_caman,Caman,player_0051,Alantir,Alantir,,listed_same_player,accepted,medium,evidence_player_group_0051,,,,,,,,,,,,whois_camân_1780907443,Elf,Elf,,Free Peoples,medium,,,,,,,,,,,,,,race_only,race_term=Elf | base_class_unknown,1,no
char_candid,Candid,player_0190,Gray,Gray [Gray],Gray,listed_same_player,accepted,medium,evidence_player_group_0190,,,,,,,,,,,,whois_candid_1780832128,Noldorin Scout,Elf,Noldorin,Free Peoples,medium,Thief,Thief,Scout,high,,,,,,,,,,classified,race_term=Noldorin | class_title=Scout | who_class_group=Thief | class_confidence=high,3,no
char_cano,Cano,player_0187,Cano,Cano [Tanel],Tanel,listed_same_player,accepted,medium,evidence_player_group_0187,,,,,,,,,,,,whois_cano_1780907448,Elf,Elf,,Free Peoples,medium,,,,,,,,,,,,,,race_only,race_term=Elf | base_class_unknown,1,no
char_caolin,Caolin,player_0091,Aris,Aris,,listed_same_player,accepted,medium,evidence_player_group_0091,,,,,,,,,,,,,,,,,,,,,,,,,,,,,,,no_whois_classification,No classification row found,0,yes
char_capiche,Capiche,player_0112,Reef,Reef,,listed_same_player,accepted,medium,evidence_player_group_0112,,,,,,,,,,,,whois_capiche_1780907459,Mountain Troll Warrior,Troll,Mountain Troll,Minions of Sauron,high,Warrior,Warrior,Warrior,medium,,,,,,,,,,classified,race_term=Mountain Troll | class_title=Warrior | who_class_group=Warrior | class_confidence=medium,1,no
char_carak,Carak,player_0007,Diamonium,Diamonium,,listed_same_player,accepted,medium,evidence_player_group_0007,,,,,,,,,,,,whois_carak_1780907465,Orc,Orc,,Minions of Sauron,high,,,,,,,,,,,,,,race_only,race_term=Orc | base_class_unknown,1,no
char_caress,Caress,player_0003,Burb,Burb,,listed_same_player,accepted,medium,evidence_player_group_0003,,,,,,,,,,,,whois_caress_1780907470,Tarkhnarb Champion,Orc,Tarkhnarb,Minions of Sauron,high,General,General,Champion,medium,,,,,,,,,,classified,race_term=Tarkhnarb | class_title=Champion | who_class_group=General | class_confidence=medium,1,no
char_carib,Carib,player_0123,Gattling,Gattling,,listed_same_player,accepted,medium,evidence_player_group_0123,,,,,,,,,,,,whois_carib_1780907476,Orc,Orc,,Minions of Sauron,high,,,,,,,,,,,,,,race_only,race_term=Orc | base_class_unknown,1,no
char_carl,Carl,player_0121,Merlin,Merlin,,listed_same_player,accepted,medium,evidence_player_group_0121,,,,,,,,,,,,whois_carl_1780907481,Troll,Troll,,Minions of Sauron,high,,,,,,,,,,,,,,race_only,race_term=Troll | base_class_unknown,1,no
char_carniminimmiel,Carniminimmiel,player_0002,Ajax,Ajax,,listed_same_player,accepted,medium,evidence_player_group_0002,,,,,,,,,,,,,,,,,,,,,,,,,,,,,,,no_whois_classification,No classification row found,0,yes
char_casque,Casque,player_0096,Voile,Voile,,listed_same_player,accepted,medium,evidence_player_group_0096,,,,,,,,,,,,whois_casque_1780907493,Black Númenórean Wizard,Man,Black Númenórean,Minions of Sauron,high,Magic-user,Magic-user,Wizard,high,,,,,,,,,,classified,race_term=Black Númenórean | class_title=Wizard | who_class_group=Magic-user | class_confidence=high,1,no
char_cavalera,Cavalera,player_0038,Sabadon,Sabadon,,listed_same_player,accepted,medium,evidence_player_group_0038,,,,,,,,,,,,whois_cavalera_1780907498,Orc,Orc,,Minions of Sauron,high,,,,,,,,,,,,,,race_only,race_term=Orc | base_class_unknown,1,no
char_cele,Cele,player_0091,Aris,Aris,,listed_same_player,accepted,medium,evidence_player_group_0091,,,,,,,,,,,,whois_cele_1780907504,Troll,Troll,,Minions of Sauron,high,,,,,,,,,,,,,,race_only,race_term=Troll | base_class_unknown,1,no
char_celedon,Celedon,player_0100,Quillis,Quillis,,listed_same_player,accepted,medium,evidence_player_group_0100,,,,,,,,,,,,whois_celedon_1780907509,Elf,Elf,,Free Peoples,medium,,,,,,,,,,,,,,race_only,race_term=Elf | base_class_unknown,1,no
char_celegrim,Celegrim,player_0038,Sabadon,Sabadon,,listed_same_player,accepted,medium,evidence_player_group_0038,,,,,,,,,,,,,,,,,,,,,,,,,,,,,,,no_whois_classification,No classification row found,0,yes
char_celo,Celo,player_0152,Celo,Celo,,listed_same_player,accepted,medium,evidence_player_group_0152,,,,,,,,,,,,,,,,,,,,,,,,,,,,,,,no_whois_classification,No classification row found,0,yes
char_celorfilas,Celorfilas,player_0098,Dragor,Dragor,,listed_same_player,accepted,medium,evidence_player_group_0098,,,,,,,,,,,,whois_celórfilas_1780907526,Noldorin Hero,Elf,Noldorin,Free Peoples,medium,General,General,Hero,medium,,,,,,,,,,classified,race_term=Noldorin | class_title=Hero | who_class_group=General | class_confidence=medium,1,no
char_celt,Celt,player_0175,Vaab,Vaab [Joey],Joey,listed_same_player,accepted,medium,evidence_player_group_0175,,,,,,,,,,,,,,,,,,,,,,,,,,,,,,,no_whois_classification,No classification row found,0,yes
char_cen,Cen,player_0007,Diamonium,Diamonium,,listed_same_player,accepted,medium,evidence_player_group_0007,,,,,,,,,,,,whois_cen_1780907537,Orc,Orc,,Minions of Sauron,high,,,,,,,,,,,,,,race_only,race_term=Orc | base_class_unknown,1,no
char_cenedra,Cenedra,player_0176,Beltira,Beltira [Erik],Erik,listed_same_player,accepted,medium,evidence_player_group_0176,,,,,,,,,,,,whois_cénedra_1780907542,Hobbit,Hobbit,,Free Peoples,medium,,,,,,,,,,,,,,race_only,race_term=Hobbit | base_class_unknown,1,no
char_centurion,Centurion,player_0193,Ariala,Ariala [Sandman],Sandman,listed_same_player,accepted,medium,evidence_player_group_0193,,,,,,,,,,,,whois_centurion_1780907548,Dwarven Hero,Dwarf,,Free Peoples,medium,General,General,Hero,medium,,,,,,,,,,classified,race_term=Dwarven | class_title=Hero | who_class_group=General | class_confidence=medium,1,no
char_cerion,Cerion,player_0187,Cano,Cano [Tanel],Tanel,listed_same_player,accepted,medium,evidence_player_group_0187,,,,,,,,,,,,whois_cérion_1780907553,Elf,Elf,,Free Peoples,medium,,,,,,,,,,,,,,race_only,race_term=Elf | base_class_unknown,1,no
char_cerleg,Cerleg,player_0202,Cerleg,Cerleg [Alex],Alex,listed_same_player,accepted,medium,evidence_player_group_0202,,,,,,,,,,,,,,,,,,,,,,,,,,,,,,,no_whois_classification,No classification row found,0,yes
char_cervotoc,Cervotoc,player_0020,Bubla,Bubla,,listed_same_player,accepted,medium,evidence_player_group_0020,,,,,,,,,,,,,,,,,,,,,,,,,,,,,,,no_whois_classification,No classification row found,0,yes
char_chak,Chak,player_0013,Farin,Farin,,listed_same_player,accepted,medium,evidence_player_group_0013,,,,,,,,,,,,whois_chak_1780907570,Tarkhnarb Battlemaster,Orc,Tarkhnarb,Minions of Sauron,high,Warrior,Warrior,Battlemaster,high,,,,,,,,,,classified,race_term=Tarkhnarb | class_title=Battlemaster | who_class_group=Warrior | class_confidence=high,1,no
char_chang,Chang,player_0064,Saeth,Saeth [Wojtek],Wojtek,listed_same_player,accepted,medium,evidence_player_group_0064,,,,,,,,,,,,,,,,,,,,,,,,,,,,,,,no_whois_classification,No classification row found,0,yes
char_chauncey,Chauncey,player_0134,Chauncey,Chauncey,,listed_same_player,accepted,medium,evidence_player_group_0134,,retired,Maia,no,no,2026_06_16_retired_immortals,MUME retired immortal list,List current as of 2026-06-16,immortal_2026_06_16_retired_immortals_chauncey_218_listed_retired_immortal,candidate,Copied by Lewis. Includes Boardreaders and honorary True Legend entry for Norsu.,whois_chauncey_1780907581,Maia,Maia,,Immortals,high,Cartographer,Cartographer,Cartographer,high,,,,,,,Maia,M,Cartographer,immortal,immortal_term=Maia | race_term=Maia,2,no
char_chavez,Chavez,player_0006,Chavez,Chavez,,listed_same_player,accepted,medium,evidence_player_group_0006,,retired,Maia,no,no,2026_06_16_retired_immortals,MUME retired immortal list,List current as of 2026-06-16,immortal_2026_06_16_retired_immortals_chavez_219_listed_retired_immortal,candidate,Copied by Lewis. Includes Boardreaders and honorary True Legend entry for Norsu.,whois_chavez_1780907586,Maia,Maia,,Immortals,high,Cartographer,Cartographer,Cartographer,high,,,,,,,Maia,M,Cartographer,immortal,immortal_term=Maia | race_term=Maia,2,no
char_chazan,Chazan,player_0028,Enforcer,Enforcer [Ert],Ert,listed_same_player,accepted,medium,evidence_player_group_0028,,,,,,,,,,,,whois_chazan_1780907592,Firebeard Hero,Dwarf,Firebeard,Free Peoples,medium,General,General,Hero,medium,,,,,,,,,,classified,race_term=Firebeard | class_title=Hero | who_class_group=General | class_confidence=medium,1,no
char_chelios,Chelios,player_0038,Sabadon,Sabadon,,listed_same_player,accepted,medium,evidence_player_group_0038,,,,,,,,,,,,whois_chelíos_1780907597,Elf,Elf,,Free Peoples,medium,,,,,,,,,,,,,,race_only,race_term=Elf | base_class_unknown,1,no
char_chen,Chen,player_0064,Saeth,Saeth [Wojtek],Wojtek,listed_same_player,accepted,medium,evidence_player_group_0064,,,,,,,,,,,,whois_chen_1780907603,Sindarin Hero,Elf,Sindarin,Free Peoples,medium,General,General,Hero,medium,,,,,,,,,,classified,race_term=Sindarin | class_title=Hero | who_class_group=General | class_confidence=medium,1,no
char_cherish,Cherish,player_0094,Almarian,Almarian,,listed_same_player,accepted,medium,evidence_player_group_0094,,,,,,,,,,,,whois_cherish_1780907608,Orkish Snaga,Orc,,Minions of Sauron,high,,,Snaga,low,,,,,,,,,,generic_title_no_class,race_term=Orkish | class_title=Snaga | class_confidence=low | base_class_unknown,1,no
char_chewer,Chewer,player_0028,Enforcer,Enforcer [Ert],Ert,listed_same_player,accepted,medium,evidence_player_group_0028,,,,,,,,,,,,whois_chewer_1780907614,Cave Troll Wrecker,Troll,Cave Troll,Minions of Sauron,high,Warrior,Warrior,Wrecker,low,,,,,,,,,,classified,race_term=Cave Troll | class_title=Wrecker | who_class_group=Warrior | class_confidence=low,1,no
char_chikarhayshi,Chikarhayshi,player_0062,Auriane,Auriane [Bob],Bob,listed_same_player,accepted,medium,evidence_player_group_0062,,,,,,,,,,,,,,,,,,,,,,,,,,,,,,,no_whois_classification,No classification row found,0,yes
char_chogall,Chogall,player_0036,Atlas,Atlas,,listed_same_player,accepted,medium,evidence_player_group_0036,,,,,,,,,,,,whois_chógâll_1780907625,Tarkhnarb Shaman,Orc,Tarkhnarb,Minions of Sauron,high,Cleric,Cleric,Shaman,low,,,,,,,,,,classified,race_term=Tarkhnarb | class_title=Shaman | who_class_group=Cleric | class_confidence=low,1,no
char_chudwicki,Chudwicki,player_0138,Lochdale,Lochdale [Donal],Donal,listed_same_player,accepted,medium,evidence_player_group_0138,,,,,,,,,,,,whois_chudwicki_1780907630,Orc,Orc,,Minions of Sauron,high,,,,,,,,,,,,,,race_only,race_term=Orc | base_class_unknown,1,no
char_cidar,Cidar,player_0076,Bigger,Bigger [Jakob],Jakob,listed_same_player,accepted,medium,evidence_player_group_0076,,,,,,,,,,,,whois_cidar_1780907636,Elf,Elf,,Free Peoples,medium,,,,,,,,,,,,,,race_only,race_term=Elf | base_class_unknown,1,no
char_ciluras,Ciluras,player_0083,Goretongue,Goretongue [Jeremiah],Jeremiah,listed_same_player,accepted,medium,evidence_player_group_0083,,,,,,,,,,,,whois_cilúrâs_1780907641,Tarkhnarb Veteran,Orc,Tarkhnarb,Minions of Sauron,high,Warrior,Warrior,Veteran,high,,,,,,,,,,classified,race_term=Tarkhnarb | class_title=Veteran | who_class_group=Warrior | class_confidence=high,1,no
char_cilya,Cilya,player_0065,Wryak,Wryak [Tapio],Tapio,listed_same_player,accepted,medium,evidence_player_group_0065,,,,,,,,,,,,,,,,,,,,,,,,,,,,,,,no_whois_classification,No classification row found,0,yes
char_cinsovinsh,Cinsovinsh,player_0087,Bounty,Bounty,,listed_same_player,accepted,medium,evidence_player_group_0087,,,,,,,,,,,,,,,,,,,,,,,,,,,,,,,no_whois_classification,No classification row found,0,yes
char_ciryatan,Ciryatan,player_0047,Idun,Idun,,listed_same_player,accepted,medium,evidence_player_group_0047,,,,,,,,,,,,whois_ciryatan_1780907658,Dúnadan Warrior,Man,Dúnedain,Free Peoples,medium,Warrior,Warrior,Warrior,medium,,,,,,,,,,classified,race_term=Dúnadan | class_title=Warrior | who_class_group=Warrior | class_confidence=medium,1,no
char_clangedin,Clangedin,player_0119,Zeus,Zeus,,listed_same_player,accepted,medium,evidence_player_group_0119,,,,,,,,,,,,whois_clangedin_1780907664,Dwarf,Dwarf,,Free Peoples,medium,,,,,,,,,,,,,,race_only,race_term=Dwarf | base_class_unknown,1,no
char_clericii,Clericii,player_0022,Moonparent,Moonparent [David],David,listed_same_player,accepted,medium,evidence_player_group_0022,,,,,,,,,,,,whois_clericii_1780907669,Half-Elf,Half-Elf,,Free Peoples,medium,,,,,,,,,,,,,,race_only,race_term=Half-Elf | base_class_unknown,1,no
char_cootafides,Cootafides,player_0135,Temegl,Temegl,,listed_same_player,accepted,medium,evidence_player_group_0135,,,,,,,,,,,,,,,,,,,,,,,,,,,,,,,no_whois_classification,No classification row found,0,yes
char_core,Core,,,,,,,,,,,,,,,,,,,,whois_core_1780907680,Tarkhnarb Veteran,Orc,Tarkhnarb,Minions of Sauron,high,Warrior,Warrior,Veteran,high,,,,,,,,,,classified,race_term=Tarkhnarb | class_title=Veteran | who_class_group=Warrior | class_confidence=high,1,no
char_cormac,Cormac,player_0021,Cormac,Cormac,,listed_same_player,accepted,medium,evidence_player_group_0021,,retired,Boardreader,no,no,2026_06_16_retired_immortals,MUME retired immortal list,List current as of 2026-06-16,immortal_2026_06_16_retired_immortals_cormac_383_listed_retired_immortal,candidate,Copied by Lewis. Includes Boardreaders and honorary True Legend entry for Norsu.,whois_cormac_1780907686,Maia,Maia,,Immortals,high,,,,,,,,,,,Maia,M,,immortal,immortal_term=Maia | race_term=Maia,2,no
char_corvin,Corvin,player_0190,Gray,Gray [Gray],Gray,listed_same_player,accepted,medium,evidence_player_group_0190,,,,,,,,,,,,whois_corvin_1780831178,Silvan Hunter,Elf,Silvan,Free Peoples,medium,Thief,Thief,Hunter,medium,,,,,,,,,,classified,race_term=Silvan | class_title=Hunter | who_class_group=Thief | class_confidence=medium,1,no
char_cotc,Cotc,player_0179,Delfi,Delfi [Per],Per,listed_same_player,accepted,medium,evidence_player_group_0179,,,,,,,,,,,,,,,,,,,,,,,,,,,,,,,no_whois_classification,No classification row found,0,yes
char_cruel,Cruel,player_0103,Edvard,Edvard [Aron],Aron,listed_same_player,accepted,medium,evidence_player_group_0103,,,,,,,,,,,,whois_cruel_1780907697,Tarkhnarb Champion,Orc,Tarkhnarb,Minions of Sauron,high,General,General,Champion,medium,,,,,,,,,,classified,race_term=Tarkhnarb | class_title=Champion | who_class_group=General | class_confidence=medium,1,no
char_cruggo,Cruggo,player_0012,Axel,Axel [Axel],Axel,listed_same_player,accepted,medium,evidence_player_group_0012,,,,,,,,,,,,whois_cruggo_1780907702,Mountain Troll Warrior,Troll,Mountain Troll,Minions of Sauron,high,Warrior,Warrior,Warrior,medium,,,,,,,,,,classified,race_term=Mountain Troll | class_title=Warrior | who_class_group=Warrior | class_confidence=medium,1,no
char_cryl,Cryl,player_0166,Bodhran,Bodhran,,listed_same_player,accepted,medium,evidence_player_group_0166,,,,,,,,,,,,whois_cryl_1780907708,Sindarin Enchanter,Elf,Sindarin,Free Peoples,medium,Magic-user,Magic-user,Enchanter,low,,,,,male,medium,,,,classified,race_term=Sindarin | class_title=Enchanter | who_class_group=Magic-user | class_confidence=low,1,no
char_crysania,Crysania,player_0105,Crysania,Crysania,,listed_same_player,accepted,medium,evidence_player_group_0105,,retired,Boardreader,no,no,2026_06_16_retired_immortals,MUME retired immortal list,List current as of 2026-06-16,immortal_2026_06_16_retired_immortals_crysania_388_listed_retired_immortal,candidate,Copied by Lewis. Includes Boardreaders and honorary True Legend entry for Norsu.,whois_crysania_1780907713,Maia,Maia,,Immortals,high,,,,,,,,,,,Maia,M,,immortal,immortal_term=Maia | race_term=Maia,2,no
char_cufdrup,Cufdrup,player_0216,Grunge,Grunge,,listed_same_player,accepted,medium,evidence_player_group_0216,,,,,,,,,,,,whois_cufdrup_1780907719,Orc,Orc,,Minions of Sauron,high,,,,,,,,,,,,,,race_only,race_term=Orc | base_class_unknown,1,no
char_cur,Cur,player_0055,Cur,Cur [Vigfus],Vigfus,listed_same_player,accepted,medium,evidence_player_group_0055,,,,,,,,,,,,whois_cur_1780907724,Man,Man,,Free Peoples,medium,,,,,,,,,,,,,,race_only,race_term=Man | base_class_unknown,1,no
char_curufin,Curufin,player_0046,Filibert,Filibert,,listed_same_player,accepted,medium,evidence_player_group_0046,,,,,,,,,,,,whois_curufin_1780907730,Noldorin Burglar,Elf,Noldorin,Free Peoples,medium,Thief,Thief,Burglar,low,,,,,,,,,,classified,race_term=Noldorin | class_title=Burglar | who_class_group=Thief | class_confidence=low,1,no
char_curufinwe,Curufinwe,player_0131,Feagil,Feagil,,listed_same_player,accepted,medium,evidence_player_group_0131,,,,,,,,,,,,whois_curufinwë_1780907735,Elf,Elf,,Free Peoples,medium,,,,,,,,,,,,,,race_only,race_term=Elf | base_class_unknown,1,no
char_cyclaw,Cyclaw,player_0124,Sloo,Sloo,,listed_same_player,accepted,medium,evidence_player_group_0124,,,,,,,,,,,,,,,,,,,,,,,,,,,,,,,no_whois_classification,No classification row found,0,yes
char_cylas,Cylas,player_0166,Bodhran,Bodhran,,listed_same_player,accepted,medium,evidence_player_group_0166,,,,,,,,,,,,whois_cylas_1780907746,Sindarin Hero,Elf,Sindarin,Free Peoples,medium,General,General,Hero,medium,,,,,,,,,,classified,race_term=Sindarin | class_title=Hero | who_class_group=General | class_confidence=medium,1,no
char_cymoril,Cymoril,player_0165,Athela,Athela,,listed_same_player,accepted,medium,evidence_player_group_0165,,,,,,,,,,,,whois_cymoril_1780907752,Noldorin Adventurer,Elf,Noldorin,Free Peoples,medium,General,General,Adventurer,medium,,,,,,,,,,classified,race_term=Noldorin | class_title=Adventurer | who_class_group=General | class_confidence=medium,1,no
char_cyrano,Cyrano,player_0053,Hoho,Hoho,,listed_same_player,accepted,medium,evidence_player_group_0053,,,,,,,,,,,,whois_cyrano_1780907757,Man,Man,,Free Peoples,medium,,,,,,,,,,,,,,race_only,race_term=Man | base_class_unknown,1,no
char_daalil,Daalil,player_0135,Temegl,Temegl,,listed_same_player,accepted,medium,evidence_player_group_0135,,,,,,,,,,,,,,,,,,,,,,,,,,,,,,,no_whois_classification,No classification row found,0,yes
char_daddy,Daddy,player_0053,Hoho,Hoho,,listed_same_player,accepted,medium,evidence_player_group_0053,,,,,,,,,,,,whois_daddy_1780907768,Troll,Troll,,Minions of Sauron,high,,,,,,,,,,,,,,race_only,race_term=Troll | base_class_unknown,1,no
char_daevia,Daevia,player_0085,Daevia,Daevia,,listed_same_player,accepted,medium,evidence_player_group_0085,,,,,,,,,,,,,,,,,,,,,,,,,,,,,,,no_whois_classification,No classification row found,0,yes
char_dafur,Dafur,player_0158,Ainafea,Ainafea,,listed_same_player,accepted,medium,evidence_player_group_0158,,,,,,,,,,,,whois_dafur_1780907779,Dwarf,Dwarf,,Free Peoples,medium,,,,,,,,,,,,,,race_only,race_term=Dwarf | base_class_unknown,1,no
char_dakkon,Dakkon,player_0046,Filibert,Filibert,,listed_same_player,accepted,medium,evidence_player_group_0046,,,,,,,,,,,,whois_dakkon_1780907785,Dwarven Hero,Dwarf,,Free Peoples,medium,General,General,Hero,medium,,,,,,,,,,classified,race_term=Dwarven | class_title=Hero | who_class_group=General | class_confidence=medium,1,no
char_dalamar,Dalamar,player_0003,Burb,Burb,,listed_same_player,accepted,medium,evidence_player_group_0003,,,,,,,,,,,,whois_dalamar_1780907790,Black Númenórean,Man,Black Númenórean,Minions of Sauron,high,,,,,,,,,,,,,,race_only,race_term=Black Númenórean | base_class_unknown,1,no
char_dalmorg,Dalmorg,player_0113,Nardhal,Nardhal,,listed_same_player,accepted,medium,evidence_player_group_0113,,,,,,,,,,,,,,,,,,,,,,,,,,,,,,,no_whois_classification,No classification row found,0,yes
char_danath,Danath,player_0036,Atlas,Atlas,,listed_same_player,accepted,medium,evidence_player_group_0036,,,,,,,,,,,,whois_danath_1780907801,Dúnadan Chieftain,Man,Dúnedain,Free Peoples,medium,General,General,Chieftain,medium,90%-100% Leadership,,,,,,,,,classified,race_term=Dúnadan | class_title=Chieftain | who_class_group=General | class_confidence=medium | skill_notes=90%-100% Leadership,1,no
char_danzig,Danzig,player_0103,Edvard,Edvard [Aron],Aron,listed_same_player,accepted,medium,evidence_player_group_0103,,,,,,,,,,,,whois_danzig_1780907807,Dwarf,Dwarf,,Free Peoples,medium,,,,,,,,,,,,,,race_only,race_term=Dwarf | base_class_unknown,1,no
char_daren,Daren,player_0209,Daren,Daren,,listed_same_player,accepted,medium,evidence_player_group_0209,,,,,,,,,,,,,,,,,,,,,,,,,,,,,,,no_whois_classification,No classification row found,0,yes
char_darkun,Darkun,player_0008,Fingeror,Fingeror [Jocke],Jocke,listed_same_player,accepted,medium,evidence_player_group_0008,,,,,,,,,,,,whois_darkun_1780907818,Black Númenórean,Man,Black Númenórean,Minions of Sauron,high,,,,,,,,,,,,,,race_only,race_term=Black Númenórean | base_class_unknown,1,no
char_darkwind,Darkwind,player_0070,Heldo,Heldo [Jens],Jens,listed_same_player,accepted,medium,evidence_player_group_0070,,,,,,,,,,,,,,,,,,,,,,,,,,,,,,,no_whois_classification,No classification row found,0,yes
char_darq,Darq,player_0062,Auriane,Auriane [Bob],Bob,listed_same_player,accepted,medium,evidence_player_group_0062,,,,,,,,,,,,,,,,,,,,,,,,,,,,,,,no_whois_classification,No classification row found,0,yes
char_david,David,player_0067,David,David [David],David,listed_same_player,accepted,medium,evidence_player_group_0067,,retired,Boardreader,no,no,2026_06_16_retired_immortals,MUME retired immortal list,List current as of 2026-06-16,immortal_2026_06_16_retired_immortals_david_400_listed_retired_immortal,candidate,Copied by Lewis. Includes Boardreaders and honorary True Legend entry for Norsu.,whois_david_1780907834,"very bizarre, and he is a Maia",Maia,,Immortals,high,,,,,,,,,,,Maia,M,,immortal,"immortal_term=Maia | race_term=Maia | unmatched=very bizarre, and he is a",1,no
char_dax,Dax,player_0079,Feon,Feon [Johan],Johan,listed_same_player,accepted,medium,evidence_player_group_0079,,,,,,,,,,,,whois_dax_1780907840,Tarkhnarb Veteran,Orc,Tarkhnarb,Minions of Sauron,high,Warrior,Warrior,Veteran,high,,,,,,,,,,classified,race_term=Tarkhnarb | class_title=Veteran | who_class_group=Warrior | class_confidence=high,1,no
char_daz,Daz,player_0045,Rza,Rza,,listed_same_player,accepted,medium,evidence_player_group_0045,,,,,,,,,,,,whois_daz_1780907845,Dwarven Battlemaster,Dwarf,,Free Peoples,medium,Warrior,Warrior,Battlemaster,high,,,,,,,,,,classified,race_term=Dwarven | class_title=Battlemaster | who_class_group=Warrior | class_confidence=high,1,no
char_dazzle,Dazzle,player_0094,Almarian,Almarian,,listed_same_player,accepted,medium,evidence_player_group_0094,,,,,,,,,,,,whois_dazzle_1780907851,Orc,Orc,,Minions of Sauron,high,,,,,,,,,,,,,,race_only,race_term=Orc | base_class_unknown,1,no
char_deacon,Deacon,player_0149,Miser,Miser,,listed_same_player,accepted,medium,evidence_player_group_0149,,,,,,,,,,,,whois_deacon_1780907856,Tarkhnarb Necromancer,Orc,Tarkhnarb,Minions of Sauron,high,Cleric,Cleric,Necromancer,high,,,,,,,,,,classified,race_term=Tarkhnarb | class_title=Necromancer | who_class_group=Cleric | class_confidence=high,1,no
char_death,Death,player_0003,Burb,Burb,,listed_same_player,accepted,medium,evidence_player_group_0003,,,,,,,,,,,,whois_death_1780907862,Tarkhnarb Weaponsmistress,Orc,Tarkhnarb,Minions of Sauron,high,Warrior,Warrior,Weaponsmistress,high,Unknown percent in at least two weapon skills,,,,female,high,,,,classified,race_term=Tarkhnarb | class_title=Weaponsmistress | who_class_group=Warrior | class_confidence=high | skill_notes=Unknown percent in at least two weapon skills,1,no
char_deathwind,Deathwind,player_0003,Burb,Burb,,listed_same_player,accepted,medium,evidence_player_group_0003,,,,,,,,,,,,whois_deathwind_1780907867,Black Númenórean,Man,Black Númenórean,Minions of Sauron,high,,,,,,,,,,,,,,race_only,race_term=Black Númenórean | base_class_unknown,1,no
char_deavon,Deavon,player_0067,David,David [David],David,listed_same_player,accepted,medium,evidence_player_group_0067,,,,,,,,,,,,whois_deavon_1780907873,Elf,Elf,,Free Peoples,medium,,,,,,,,,,,,,,race_only,race_term=Elf | base_class_unknown,1,no
char_decoy,Decoy,player_0024,Decoy,Decoy [Peter],Peter,listed_same_player,accepted,medium,evidence_player_group_0024,,,,,,,,,,,,whois_decoy_1780907878,Orc,Orc,,Minions of Sauron,high,,,,,,,,,,,,,,race_only,race_term=Orc | base_class_unknown,1,no
char_deedoo,Deedoo,player_0182,Pumuckl,Pumuckl,,listed_same_player,accepted,medium,evidence_player_group_0182,,,,,,,,,,,,whois_deedoo_1780907884,Elf,Elf,,Free Peoples,medium,,,,,,,,,,,,,,race_only,race_term=Elf | base_class_unknown,1,no
char_deemon,Deemon,player_0048,Draggor,Draggor,,listed_same_player,accepted,medium,evidence_player_group_0048,,,,,,,,,,,,whois_deemon_1780907890,Hill Troll Softskin,Troll,Hill Troll,Minions of Sauron,high,,,Softskin,low,,,,,,,,,,generic_title_no_class,race_term=Hill Troll | class_title=Softskin | class_confidence=low | base_class_unknown,1,no
char_delandir,Delandir,player_0198,Fisben,Fisben [Gleb],Gleb,listed_same_player,accepted,medium,evidence_player_group_0198,,,,,,,,,,,,,,,,,,,,,,,,,,,,,,,no_whois_classification,No classification row found,0,yes
char_delegat,Delegat,player_0221,Delegat,Delegat,,listed_same_player,accepted,medium,evidence_player_group_0221,,,,,,,,,,,,,,,,,,,,,,,,,,,,,,,no_whois_classification,No classification row found,0,yes
char_delfi,Delfi,player_0179,Delfi,Delfi [Per],Per,listed_same_player,accepted,medium,evidence_player_group_0179,,,,,,,,,,,,,,,,,,,,,,,,,,,,,,,no_whois_classification,No classification row found,0,yes
char_delicate,Delicate,player_0059,Tia,Tia,,listed_same_player,accepted,medium,evidence_player_group_0059,,,,,,,,,,,,,,,,,,,,,,,,,,,,,,,no_whois_classification,No classification row found,0,yes
char_dell,Dell,player_0201,Omen,Omen [Alexander],Alexander,listed_same_player,accepted,medium,evidence_player_group_0201,,,,,,,,,,,,whois_dell_1780907917,Tarkhnarb Battlemaster,Orc,Tarkhnarb,Minions of Sauron,high,Warrior,Warrior,Battlemaster,high,,,,,,,,,,classified,race_term=Tarkhnarb | class_title=Battlemaster | who_class_group=Warrior | class_confidence=high,1,no
char_dement,Dement,player_0020,Bubla,Bubla,,listed_same_player,accepted,medium,evidence_player_group_0020,,,,,,,,,,,,whois_dement_1780907923,Orc,Orc,,Minions of Sauron,high,,,,,,,,,,,,,,race_only,race_term=Orc | base_class_unknown,1,no
char_demsie,Demsie,player_0116,Kazeena,Kazeena,,listed_same_player,accepted,medium,evidence_player_group_0116,,,,,,,,,,,,,,,,,,,,,,,,,,,,,,,no_whois_classification,No classification row found,0,yes
char_deor,Deor,player_0054,Deor,Deor,,listed_same_player,accepted,medium,evidence_player_group_0054,,retired,Vala,no,no,2026_06_16_retired_immortals,MUME retired immortal list,List current as of 2026-06-16,immortal_2026_06_16_retired_immortals_deor_47_listed_retired_immortal,candidate,Copied by Lewis. Includes Boardreaders and honorary True Legend entry for Norsu.,whois_déor_1780907934,Vala,Vala,,Immortals,high,Architect,Architect,Architect,high,,,,,,,Vala,V,Architect,immortal,immortal_term=Vala | race_term=Vala,1,no
char_deris,Deris,player_0126,Deris,Deris,,listed_same_player,accepted,medium,evidence_player_group_0126,,,,,,,,,,,,,,,,,,,,,,,,,,,,,,,no_whois_classification,No classification row found,0,yes
char_desastre,Desastre,player_0096,Voile,Voile,,listed_same_player,accepted,medium,evidence_player_group_0096,,,,,,,,,,,,whois_desastre_1780907945,coming your way is a level thirty-five Tarkhnarb Necromancer,Orc,Tarkhnarb,Minions of Sauron,high,Cleric,Cleric,Necromancer,high,,,,,,,,,,parser_suspect_or_custom_descriptor,race_term=Tarkhnarb | class_title=Necromancer | who_class_group=Cleric | class_confidence=high | unmatched=coming your way is a level thirty-five,1,yes
char_devastator,Devastator,player_0062,Auriane,Auriane [Bob],Bob,listed_same_player,accepted,medium,evidence_player_group_0062,,,,,,,,,,,,whois_devastator_1780833721,Mountain Troll Softskin,Troll,Mountain Troll,Minions of Sauron,high,,,Softskin,low,,,,,,,,,,generic_title_no_class,race_term=Mountain Troll | class_title=Softskin | class_confidence=low | base_class_unknown,1,no
char_devran,Devran,player_0060,Amandil,Amandil,,listed_same_player,accepted,medium,evidence_player_group_0060,,,,,,,,,,,,whois_devran_1780907950,Tarkhnarb Necromancer,Orc,Tarkhnarb,Minions of Sauron,high,Cleric,Cleric,Necromancer,high,,,,,,,,,,classified,race_term=Tarkhnarb | class_title=Necromancer | who_class_group=Cleric | class_confidence=high,1,no
char_dharazor,Dharazor,player_0096,Voile,Voile,,listed_same_player,accepted,medium,evidence_player_group_0096,,,,,,,,,,,,whois_dhàrazor_1780907956,Dwarf,Dwarf,,Free Peoples,medium,,,,,,,,,,,,,,race_only,race_term=Dwarf | base_class_unknown,1,no
char_diamonium,Diamonium,player_0007,Diamonium,Diamonium,,listed_same_player,accepted,medium,evidence_player_group_0007,,,,,,,,,,,,whois_diamonium_1780907961,Orc,Orc,,Minions of Sauron,high,,,,,,,,,,,,,,race_only,race_term=Orc | base_class_unknown,1,no
char_dif,Dif,player_0053,Hoho,Hoho,,listed_same_player,accepted,medium,evidence_player_group_0053,,,,,,,,,,,,,,,,,,,,,,,,,,,,,,,no_whois_classification,No classification row found,0,yes
char_digital,Digital,player_0092,Basha,Basha,,listed_same_player,accepted,medium,evidence_player_group_0092,,,,,,,,,,,,whois_digital_1780907972,Tarkhnarb Champion,Orc,Tarkhnarb,Minions of Sauron,high,General,General,Champion,medium,,,,,,,,,,classified,race_term=Tarkhnarb | class_title=Champion | who_class_group=General | class_confidence=medium,2,no
char_dimmu,Dimmu,player_0048,Draggor,Draggor,,listed_same_player,accepted,medium,evidence_player_group_0048,,,,,,,,,,,,whois_dimmu_1780907978,Troll,Troll,,Minions of Sauron,high,,,,,,,,,,,,,,race_only,race_term=Troll | base_class_unknown,1,no
char_dino,Dino,player_0068,Elrik,Elrik,,listed_same_player,accepted,medium,evidence_player_group_0068,,,,,,,,,,,,whois_dino_1780907983,Silvan Hero,Elf,Silvan,Free Peoples,medium,General,General,Hero,medium,,,,,,,,,,classified,race_term=Silvan | class_title=Hero | who_class_group=General | class_confidence=medium,1,no
char_disembowel,Disembowel,player_0038,Sabadon,Sabadon,,listed_same_player,accepted,medium,evidence_player_group_0038,,,,,,,,,,,,whois_disembowel_1780907989,"strangling back, seething black is an Orc",Orc,,Minions of Sauron,high,,,,,,,,,,,,,,race_only,"race_term=Orc | unmatched=strangling back, seething black is an | base_class_unknown",1,no
char_dispater,Dispater,player_0083,Goretongue,Goretongue [Jeremiah],Jeremiah,listed_same_player,accepted,medium,evidence_player_group_0083,,,,,,,,,,,,whois_dispater_1780907994,Orc,Orc,,Minions of Sauron,high,,,,,,,,,,,,,,race_only,race_term=Orc | base_class_unknown,1,no
char_dizz,Dizz,player_0183,Dizz,Dizz [Tomas],Tomas,listed_same_player,accepted,medium,evidence_player_group_0183,,,,,,,,,,,,whois_dizz_1780908000,Tarkhnarb Champion,Orc,Tarkhnarb,Minions of Sauron,high,General,General,Champion,medium,,,,,,,,,,classified,race_term=Tarkhnarb | class_title=Champion | who_class_group=General | class_confidence=medium,1,no
char_djinn,Djinn,player_0143,Djinn,Djinn,,listed_same_player,accepted,medium,evidence_player_group_0143,,retired,Maia,no,no,2026_06_16_retired_immortals,MUME retired immortal list,List current as of 2026-06-16,immortal_2026_06_16_retired_immortals_djinn_224_listed_retired_immortal,candidate,Copied by Lewis. Includes Boardreaders and honorary True Legend entry for Norsu.,whois_djinn_1780908005,Maia,Maia,,Immortals,high,Cartographer,Cartographer,Cartographer,high,,,,,,,Maia,M,Cartographer,immortal,immortal_term=Maia | race_term=Maia,2,no
char_dliador,Dliador,player_0138,Lochdale,Lochdale [Donal],Donal,listed_same_player,accepted,medium,evidence_player_group_0138,,,,,,,,,,,,whois_dliador_1780908011,Sindarin Warlock,Elf,Sindarin,Free Peoples,medium,Magic-user,Magic-user,Warlock,high,,,,,male,medium,,,,classified,race_term=Sindarin | class_title=Warlock | who_class_group=Magic-user | class_confidence=high,1,no
char_dodge,Dodge,player_0023,Bah,Bah [Jan],Jan,listed_same_player,accepted,medium,evidence_player_group_0023,,,,,,,,,,,,whois_dodge_1780908016,Troll,Troll,,Minions of Sauron,high,,,,,,,,,,,,,,race_only,race_term=Troll | base_class_unknown,1,no
char_doh,Doh,player_0113,Nardhal,Nardhal,,listed_same_player,accepted,medium,evidence_player_group_0113,,,,,,,,,,,,whois_doh_1780908022,Troll,Troll,,Minions of Sauron,high,,,,,,,,,,,,,,race_only,race_term=Troll | base_class_unknown,1,no
char_dolengur,Dolengur,player_0007,Diamonium,Diamonium,,listed_same_player,accepted,medium,evidence_player_group_0007,,,,,,,,,,,,whois_dolengur_1780908028,Tarkhnarb Champion,Orc,Tarkhnarb,Minions of Sauron,high,General,General,Champion,medium,,,,,,,,,,classified,race_term=Tarkhnarb | class_title=Champion | who_class_group=General | class_confidence=medium,1,no
char_dolik,Dolik,player_0069,Pilsner,Pilsner [Jurek],Jurek,listed_same_player,accepted,medium,evidence_player_group_0069,,,,,,,,,,,,whois_dolik_1780908033,Tarkhnarb Champion,Orc,Tarkhnarb,Minions of Sauron,high,General,General,Champion,medium,,,,,,,,,,classified,race_term=Tarkhnarb | class_title=Champion | who_class_group=General | class_confidence=medium,1,no
char_dombur,Dombur,player_0139,Naga,Naga,,listed_same_player,accepted,medium,evidence_player_group_0139,,,,,,,,,,,,whois_dombur_1780908039,Dwarven Battlemaster,Dwarf,,Free Peoples,medium,Warrior,Warrior,Battlemaster,high,,,,,,,,,,classified,race_term=Dwarven | class_title=Battlemaster | who_class_group=Warrior | class_confidence=high,1,no
char_domine,Domine,player_0092,Basha,Basha,,listed_same_player,accepted,medium,evidence_player_group_0092,,,,,,,,,,,,,,,,,,,,,,,,,,,,,,,no_whois_classification,No classification row found,0,yes
char_dominic,Dominic,player_0152,Celo,Celo,,listed_same_player,accepted,medium,evidence_player_group_0152,,,,,,,,,,,,whois_dominic_1780908050,Half-elven Hero,Half-Elf,,Free Peoples,medium,General,General,Hero,medium,,,,,,,,,,classified,race_term=Half-elven | class_title=Hero | who_class_group=General | class_confidence=medium,1,no
char_done,Done,player_0113,Nardhal,Nardhal,,listed_same_player,accepted,medium,evidence_player_group_0113,,,,,,,,,,,,whois_dône_1780908055,Dwarf,Dwarf,,Free Peoples,medium,,,,,,,,,,,,,,race_only,race_term=Dwarf | base_class_unknown,1,no
char_donk,Donk,player_0014,Gothmog,Gothmog [Petter],Petter,listed_same_player,accepted,medium,evidence_player_group_0014,,,,,,,,,,,,whois_donk_1780908061,Orc,Orc,,Minions of Sauron,high,,,,,,,,,,,,,,race_only,race_term=Orc | base_class_unknown,1,no
char_donovan,Donovan,player_0024,Decoy,Decoy [Peter],Peter,listed_same_player,accepted,medium,evidence_player_group_0024,,,,,,,,,,,,whois_donovan_1780908066,Black Númenórean,Man,Black Númenórean,Minions of Sauron,high,,,,,,,,,,,,,,race_only,race_term=Black Númenórean | base_class_unknown,1,no
char_donutello,Donutello,player_0104,Donutello,Donutello,,listed_same_player,accepted,medium,evidence_player_group_0104,,retired,Maia,no,no,2026_06_16_retired_immortals,MUME retired immortal list,List current as of 2026-06-16,immortal_2026_06_16_retired_immortals_donutello_225_listed_retired_immortal,candidate,Copied by Lewis. Includes Boardreaders and honorary True Legend entry for Norsu.,whois_donutello_1780908072,Maia,Maia,,Immortals,high,Cartographer,Cartographer,Cartographer,high,,,,,,,Maia,M,Cartographer,immortal,immortal_term=Maia | race_term=Maia,2,no
char_doomer,Doomer,player_0184,Elistan,Elistan,,listed_same_player,accepted,medium,evidence_player_group_0184,,,,,,,,,,,,whois_doomer_1780908078,Orc,Orc,,Minions of Sauron,high,,,,,,,,,,,,,,race_only,race_term=Orc | base_class_unknown,1,no
char_dorak,Dorak,player_0065,Wryak,Wryak [Tapio],Tapio,listed_same_player,accepted,medium,evidence_player_group_0065,,,,,,,,,,,,,,,,,,,,,,,,,,,,,,,no_whois_classification,No classification row found,0,yes
char_doreth,Doreth,player_0107,Ares,Ares,,listed_same_player,accepted,medium,evidence_player_group_0107,,,,,,,,,,,,whois_doreth_1780908089,Dwarf,Dwarf,,Free Peoples,medium,,,,,,,,,,,,,,race_only,race_term=Dwarf | base_class_unknown,1,no
char_dorfl,Dorfl,player_0146,Dorfl,Dorfl,,listed_same_player,accepted,medium,evidence_player_group_0146,,,,,,,,,,,,whois_dorfl_1780908094,Dwarven Veteran,Dwarf,,Free Peoples,medium,Warrior,Warrior,Veteran,high,,,,,,,,,,classified,race_term=Dwarven | class_title=Veteran | who_class_group=Warrior | class_confidence=high,1,no
char_dork,Dork,player_0001,Rogon,Rogon,,listed_same_player,accepted,medium,evidence_player_group_0001,,,,,,,,,,,,whois_dork_1780908100,Cave Troll Softskin,Troll,Cave Troll,Minions of Sauron,high,,,Softskin,low,,,,,,,,,,generic_title_no_class,race_term=Cave Troll | class_title=Softskin | class_confidence=low | base_class_unknown,1,no
char_dorolff,Dorolff,player_0157,Dorolff,Dorolff,,listed_same_player,accepted,medium,evidence_player_group_0157,,,,,,,,,,,,whois_dorolff_1780908105,Dwarven Battlemaster,Dwarf,,Free Peoples,medium,Warrior,Warrior,Battlemaster,high,,,,,,,,,,classified,race_term=Dwarven | class_title=Battlemaster | who_class_group=Warrior | class_confidence=high,1,no
char_draaz,Draaz,player_0067,David,David [David],David,listed_same_player,accepted,medium,evidence_player_group_0067,,,,,,,,,,,,whois_draaz_1780908111,Tarkhnarb Warg-rider,Orc,Tarkhnarb,Minions of Sauron,high,Warrior,Warrior,Warg-rider,low,,,,,,,,,,classified,race_term=Tarkhnarb | class_title=Warg-rider | who_class_group=Warrior | class_confidence=low,1,no
char_draca,Draca,player_0048,Draggor,Draggor,,listed_same_player,accepted,medium,evidence_player_group_0048,,,,,,,,,,,,whois_draca_1780908116,Cave Troll Warrior,Troll,Cave Troll,Minions of Sauron,high,Warrior,Warrior,Warrior,medium,,,,,,,,,,classified,race_term=Cave Troll | class_title=Warrior | who_class_group=Warrior | class_confidence=medium,1,no
char_draccon,Draccon,player_0048,Draggor,Draggor,,listed_same_player,accepted,medium,evidence_player_group_0048,,,,,,,,,,,,whois_draccon_1780908122,Tarkhnarb Warrior,Orc,Tarkhnarb,Minions of Sauron,high,Warrior,Warrior,Warrior,medium,,,,,,,,,,classified,race_term=Tarkhnarb | class_title=Warrior | who_class_group=Warrior | class_confidence=medium,1,no
char_dracolich,Dracolich,player_0004,Wow,Wow,,listed_same_player,accepted,medium,evidence_player_group_0004,,,,,,,,,,,,whois_dracolich_1780908127,Orc,Orc,,Minions of Sauron,high,,,,,,,,,,,,,,race_only,race_term=Orc | base_class_unknown,1,no
char_draconis,Draconis,player_0048,Draggor,Draggor,,listed_same_player,accepted,medium,evidence_player_group_0048,,,,,,,,,,,,whois_draconis_1780908133,Silvan Warlock,Elf,Silvan,Free Peoples,medium,Magic-user,Magic-user,Warlock,high,,,,,male,medium,,,,classified,race_term=Silvan | class_title=Warlock | who_class_group=Magic-user | class_confidence=high,1,no
char_dracul,Dracul,player_0103,Edvard,Edvard [Aron],Aron,listed_same_player,accepted,medium,evidence_player_group_0103,,,,,,,,,,,,,,,,,,,,,,,,,,,,,,,no_whois_classification,No classification row found,0,yes
char_dragan,Dragan,player_0005,Praiodan,Praiodan [Tomas],Tomas,listed_same_player,accepted,medium,evidence_player_group_0005,,,,,,,,,,,,whois_dragan_1780908144,Man,Man,,Free Peoples,medium,,,,,,,,,,,,,,race_only,race_term=Man | base_class_unknown,1,no
char_dragg,Dragg,player_0103,Edvard,Edvard [Aron],Aron,listed_same_player,accepted,medium,evidence_player_group_0103,,,,,,,,,,,,whois_drägg_1780908149,Dwarven Weaponsmaster,Dwarf,,Free Peoples,medium,Warrior,Warrior,Weaponsmaster,high,Unknown percent in at least two weapon skills,,,,,,,,,classified,race_term=Dwarven | class_title=Weaponsmaster | who_class_group=Warrior | class_confidence=high | skill_notes=Unknown percent in at least two weapon skills,1,no
char_draggor,Draggor,player_0048,Draggor,Draggor,,listed_same_player,accepted,medium,evidence_player_group_0048,,,,,,,,,,,,,,,,,,,,,,,,,,,,,,,no_whois_classification,No classification row found,0,yes
char_draggy,Draggy,player_0048,Draggor,Draggor,,listed_same_player,accepted,medium,evidence_player_group_0048,,,,,,,,,,,,whois_draggy_1780908160,Mountain Troll Warrior,Troll,Mountain Troll,Minions of Sauron,high,Warrior,Warrior,Warrior,medium,,,,,,,,,,classified,race_term=Mountain Troll | class_title=Warrior | who_class_group=Warrior | class_confidence=medium,1,no
char_draghkar,Draghkar,player_0137,Tear,Tear,,listed_same_player,accepted,medium,evidence_player_group_0137,,,,,,,,,,,,,,,,,,,,,,,,,,,,,,,no_whois_classification,No classification row found,0,yes
char_draglador,Draglador,player_0048,Draggor,Draggor,,listed_same_player,accepted,medium,evidence_player_group_0048,,,,,,,,,,,,whois_draglador_1780908171,Half-elven Healer,Half-Elf,,Free Peoples,medium,Cleric,Cleric,Healer,high,,,,,,,,,,classified,race_term=Half-elven | class_title=Healer | who_class_group=Cleric | class_confidence=high,1,no
char_dragor,Dragor,player_0098,Dragor,Dragor,,listed_same_player,accepted,medium,evidence_player_group_0098,,,,,,,,,,,,whois_dragor_1780908177,Half-elven Priest,Half-Elf,,Free Peoples,medium,Cleric,Cleric,Priest,high,,,,,,,,,,classified,race_term=Half-elven | class_title=Priest | who_class_group=Cleric | class_confidence=high,1,no
char_dragoth,Dragoth,player_0024,Decoy,Decoy [Peter],Peter,listed_same_player,accepted,medium,evidence_player_group_0024,,,,,,,,,,,,whois_dragóth_1780908182,Tarkhnarb Veteran,Orc,Tarkhnarb,Minions of Sauron,high,Warrior,Warrior,Veteran,high,,,,,,,,,,classified,race_term=Tarkhnarb | class_title=Veteran | who_class_group=Warrior | class_confidence=high,1,no
char_dramon,Dramon,player_0067,David,David [David],David,listed_same_player,accepted,medium,evidence_player_group_0067,,,,,,,,,,,,whois_dramon_1780908188,Orc,Orc,,Minions of Sauron,high,,,,,,,,,,,,,,race_only,race_term=Orc | base_class_unknown,1,no
char_dranj,Dranj,player_0215,Boroda,Boroda,,listed_same_player,accepted,medium,evidence_player_group_0215,,,,,,,,,,,,,,,,,,,,,,,,,,,,,,,no_whois_classification,No classification row found,0,yes
char_draupner,Draupner,player_0103,Edvard,Edvard [Aron],Aron,listed_same_player,accepted,medium,evidence_player_group_0103,,,,,,,,,,,,whois_draupner_1780908199,Dwarf,Dwarf,,Free Peoples,medium,,,,,,,,,,,,,,race_only,race_term=Dwarf | base_class_unknown,1,no
char_drax,Drax,player_0048,Draggor,Draggor,,listed_same_player,accepted,medium,evidence_player_group_0048,,,,,,,,,,,,whois_drax_1780908204,Black Númenórean Warlock,Man,Black Númenórean,Minions of Sauron,high,Magic-user,Magic-user,Warlock,high,,,,,male,medium,,,,classified,race_term=Black Númenórean | class_title=Warlock | who_class_group=Magic-user | class_confidence=high,1,no
char_drayl,Drayl,player_0065,Wryak,Wryak [Tapio],Tapio,listed_same_player,accepted,medium,evidence_player_group_0065,,,,,,,,,,,,,,,,,,,,,,,,,,,,,,,no_whois_classification,No classification row found,0,yes
char_drazgan,Drazgan,player_0185,Buggar,Buggar [Adam],Adam,listed_same_player,accepted,medium,evidence_player_group_0185,,,,,,,,,,,,,,,,,,,,,,,,,,,,,,,no_whois_classification,No classification row found,0,yes
char_dreamweaver,Dreamweaver,player_0029,Faint,Faint,,listed_same_player,accepted,medium,evidence_player_group_0029,,,,,,,,,,,,whois_dreamweaver_1780908221,Sindarin Warlock,Elf,Sindarin,Free Peoples,medium,Magic-user,Magic-user,Warlock,high,,,,,male,medium,,,,classified,race_term=Sindarin | class_title=Warlock | who_class_group=Magic-user | class_confidence=high,1,no
char_drengist,Drengist,player_0039,Drengist,Drengist,,listed_same_player,accepted,medium,evidence_player_group_0039,,,,,,,,,,,,whois_drengist_1780908226,Orc,Orc,,Minions of Sauron,high,,,,,,,,,,,,,,race_only,race_term=Orc | base_class_unknown,1,no
char_drenical,Drenical,player_0051,Alantir,Alantir,,listed_same_player,accepted,medium,evidence_player_group_0051,,,,,,,,,,,,whois_drenical_1780908232,Dwarven Hero,Dwarf,,Free Peoples,medium,General,General,Hero,medium,,,,,,,,,,classified,race_term=Dwarven | class_title=Hero | who_class_group=General | class_confidence=medium,1,no
char_dreth,Dreth,player_0029,Faint,Faint,,listed_same_player,accepted,medium,evidence_player_group_0029,,,,,,,,,,,,,,,,,,,,,,,,,,,,,,,no_whois_classification,No classification row found,0,yes
char_drijian,Drijian,player_0098,Dragor,Dragor,,listed_same_player,accepted,medium,evidence_player_group_0098,,,,,,,,,,,,whois_drijian_1780908243,Sindarin Hero,Elf,Sindarin,Free Peoples,medium,General,General,Hero,medium,,,,,,,,,,classified,race_term=Sindarin | class_title=Hero | who_class_group=General | class_confidence=medium,1,no
char_drimdul,Drimdul,player_0067,David,David [David],David,listed_same_player,accepted,medium,evidence_player_group_0067,,,,,,,,,,,,whois_drimdul_1780908248,Orc,Orc,,Minions of Sauron,high,,,,,,,,,,,,,,race_only,race_term=Orc | base_class_unknown,1,no
char_drohm,Drohm,player_0103,Edvard,Edvard [Aron],Aron,listed_same_player,accepted,medium,evidence_player_group_0103,,,,,,,,,,,,whois_drohm_1780908254,Orc,Orc,,Minions of Sauron,high,,,,,,,,,,,,,,race_only,race_term=Orc | base_class_unknown,1,no
char_drokk,Drokk,player_0033,Ginlon,Ginlon,,listed_same_player,accepted,medium,evidence_player_group_0033,,,,,,,,,,,,whois_drokk_1780908259,Orc,Orc,,Minions of Sauron,high,,,,,,,,,,,,,,race_only,race_term=Orc | base_class_unknown,1,no
char_drow,Drow,player_0107,Ares,Ares,,listed_same_player,accepted,medium,evidence_player_group_0107,,,,,,,,,,,,whois_drow_1780908265,Elf,Elf,,Free Peoples,medium,,,,,,,,,,,,,,race_only,race_term=Elf | base_class_unknown,1,no
char_drugar,Drugar,player_0027,Drugar,Drugar,,listed_same_player,accepted,medium,evidence_player_group_0027,,retired,Maia,no,no,2026_06_16_retired_immortals,MUME retired immortal list,List current as of 2026-06-16,immortal_2026_06_16_retired_immortals_drugar_226_listed_retired_immortal,candidate,Copied by Lewis. Includes Boardreaders and honorary True Legend entry for Norsu.,whois_drugar_1780908270,Maia,Maia,,Immortals,high,Cartographer,Cartographer,Cartographer,high,,,,,,,Maia,M,Cartographer,immortal,immortal_term=Maia | race_term=Maia,2,no
char_druin,Druin,player_0195,Porien,Porien [Dmitry],Dmitry,listed_same_player,accepted,medium,evidence_player_group_0195,,,,,,,,,,,,whois_druin_1780908276,Dwarf,Dwarf,,Free Peoples,medium,,,,,,,,,,,,,,race_only,race_term=Dwarf | base_class_unknown,1,no
char_dryg,Dryg,player_0121,Merlin,Merlin,,listed_same_player,accepted,medium,evidence_player_group_0121,,,,,,,,,,,,whois_dryg_1780908281,Orc,Orc,,Minions of Sauron,high,,,,,,,,,,,,,,race_only,race_term=Orc | base_class_unknown,1,no
char_dugmok,Dugmok,player_0012,Axel,Axel [Axel],Axel,listed_same_player,accepted,medium,evidence_player_group_0012,,,,,,,,,,,,whois_dugmôk_1780908287,Tarkhnarb Necromancer,Orc,Tarkhnarb,Minions of Sauron,high,Cleric,Cleric,Necromancer,high,,,,,,,,,,classified,race_term=Tarkhnarb | class_title=Necromancer | who_class_group=Cleric | class_confidence=high,1,no
char_dunlop,Dunlop,player_0076,Bigger,Bigger [Jakob],Jakob,listed_same_player,accepted,medium,evidence_player_group_0076,,,,,,,,,,,,whois_dûnlop_1780908292,Elf,Elf,,Free Peoples,medium,,,,,,,,,,,,,,race_only,race_term=Elf | base_class_unknown,1,no
char_dural,Dural,player_0065,Wryak,Wryak [Tapio],Tapio,listed_same_player,accepted,medium,evidence_player_group_0065,,,,,,,,,,,,whois_dural_1780908298,Dwarven Champion,Dwarf,,Free Peoples,medium,General,General,Champion,medium,,,,,,,,,,classified,race_term=Dwarven | class_title=Champion | who_class_group=General | class_confidence=medium,1,no
char_durandir,Durandir,player_0185,Buggar,Buggar [Adam],Adam,listed_same_player,accepted,medium,evidence_player_group_0185,,,,,,,,,,,,,,,,,,,,,,,,,,,,,,,no_whois_classification,No classification row found,0,yes
char_durcano,Durcano,player_0173,Durcano,Durcano [Remo],Remo,listed_same_player,accepted,medium,evidence_player_group_0173,,,,,,,,,,,,whois_durcano_1780908309,Tarkhnarb Fighter,Orc,Tarkhnarb,Minions of Sauron,high,Warrior,Warrior,Fighter,low,,,,,,,,,,classified,race_term=Tarkhnarb | class_title=Fighter | who_class_group=Warrior | class_confidence=low,1,no
char_duriel,Duriel,player_0088,Bulldozer,Bulldozer,,listed_same_player,accepted,medium,evidence_player_group_0088,,,,,,,,,,,,whois_duriel_1780908315,Black Númenórean Wizard,Man,Black Númenórean,Minions of Sauron,high,Magic-user,Magic-user,Wizard,high,,,,,,,,,,classified,race_term=Black Númenórean | class_title=Wizard | who_class_group=Magic-user | class_confidence=high,1,no
char_durlak,Durlak,player_0060,Amandil,Amandil,,listed_same_player,accepted,medium,evidence_player_group_0060,,,,,,,,,,,,whois_dûrlak_1780908320,Orc,Orc,,Minions of Sauron,high,,,,,,,,,,,,,,race_only,race_term=Orc | base_class_unknown,1,no
char_dushegub,Dushegub,player_0199,Roman,Roman [Roman],Roman,listed_same_player,accepted,medium,evidence_player_group_0199,,,,,,,,,,,,whois_dushegub_1780908326,Dwarf,Dwarf,,Free Peoples,medium,,,,,,,,,,,,,,race_only,race_term=Dwarf | base_class_unknown,1,no
char_duvel,Duvel,player_0062,Auriane,Auriane [Bob],Bob,listed_same_player,accepted,medium,evidence_player_group_0062,,,,,,,,,,,,,,,,,,,,,,,,,,,,,,,no_whois_classification,No classification row found,0,yes
char_dwar,Dwar,player_0046,Filibert,Filibert,,listed_same_player,accepted,medium,evidence_player_group_0046,,,,,,,,,,,,whois_dwar_1780908337,Black Númenórean Wizard,Man,Black Númenórean,Minions of Sauron,high,Magic-user,Magic-user,Wizard,high,,,,,,,,,,classified,race_term=Black Númenórean | class_title=Wizard | who_class_group=Magic-user | class_confidence=high,1,no
char_dwimmer,Dwimmer,player_0035,Fankil,Fankil [Alexander],Alexander,listed_same_player,accepted,medium,evidence_player_group_0035,,,,,,,,,,,,whois_dwimmer_1780908342,Tarkhnarb Champion,Orc,Tarkhnarb,Minions of Sauron,high,General,General,Champion,medium,,,,,,,,,,classified,race_term=Tarkhnarb | class_title=Champion | who_class_group=General | class_confidence=medium,1,no
char_dwogin,Dwogin,player_0012,Axel,Axel [Axel],Axel,listed_same_player,accepted,medium,evidence_player_group_0012,,,,,,,,,,,,whois_dwogin_1780908348,Dwarven Warrior,Dwarf,,Free Peoples,medium,Warrior,Warrior,Warrior,medium,,,,,,,,,,classified,race_term=Dwarven | class_title=Warrior | who_class_group=Warrior | class_confidence=medium,1,no
char_dynamit,Dynamit,player_0037,Bobbie,Bobbie,,listed_same_player,accepted,medium,evidence_player_group_0037,,,,,,,,,,,,whois_dynamit_1780908353,Dwarf,Dwarf,,Free Peoples,medium,,,,,,,,,,,,,,race_only,race_term=Dwarf | base_class_unknown,1,no
char_eale,Eale,player_0113,Nardhal,Nardhal,,listed_same_player,accepted,medium,evidence_player_group_0113,,,,,,,,,,,,,,,,,,,,,,,,,,,,,,,no_whois_classification,No classification row found,0,yes
char_earand,Earand,player_0057,Kenzu,Kenzu,,listed_same_player,accepted,medium,evidence_player_group_0057,,,,,,,,,,,,whois_ëárand_1780908364,Half-Elf,Half-Elf,,Free Peoples,medium,,,,,,,,,,,,,,race_only,race_term=Half-Elf | base_class_unknown,2,no
char_earnur,Earnur,player_0018,Feanor,Feanor,,listed_same_player,accepted,medium,evidence_player_group_0018,,,,,,,,,,,,whois_eärnur_1780908370,Black Númenórean,Man,Black Númenórean,Minions of Sauron,high,,,,,,,,,,,,,,race_only,race_term=Black Númenórean | base_class_unknown,1,no
char_eawian,Eawian,player_0113,Nardhal,Nardhal,,listed_same_player,accepted,medium,evidence_player_group_0113,,,,,,,,,,,,,,,,,,,,,,,,,,,,,,,no_whois_classification,No classification row found,0,yes
char_echo,Echo,player_0114,Echo,Echo,,listed_same_player,accepted,medium,evidence_player_group_0114,,,,,,,,,,,,whois_echo_1780908381,Cave Troll Brute,Troll,Cave Troll,Minions of Sauron,high,Warrior,Warrior,Brute,low,,,,,,,,,,classified,race_term=Cave Troll | class_title=Brute | who_class_group=Warrior | class_confidence=low,1,no
char_eckhart,Eckhart,player_0188,Aiele,Aiele [Joel],Joel,listed_same_player,accepted,medium,evidence_player_group_0188,,,,,,,,,,,,whois_eckhart_1780908386,Dúnadan Veteran,Man,Dúnedain,Free Peoples,medium,Warrior,Warrior,Veteran,high,,,,,,,,,,classified,race_term=Dúnadan | class_title=Veteran | who_class_group=Warrior | class_confidence=high,1,no
char_eder,Eder,player_0182,Pumuckl,Pumuckl,,listed_same_player,accepted,medium,evidence_player_group_0182,,,,,,,,,,,,whois_eder_1780908392,Dwarf,Dwarf,,Free Peoples,medium,,,,,,,,,,,,,,race_only,race_term=Dwarf | base_class_unknown,1,no
char_edrahil,Edrahil,player_0057,Kenzu,Kenzu,,listed_same_player,accepted,medium,evidence_player_group_0057,,,,,,,,,,,,whois_edrahil_1780908397,Elf,Elf,,Free Peoples,medium,,,,,,,,,,,,,,race_only,race_term=Elf | base_class_unknown,1,no
char_edvard,Edvard,player_0103,Edvard,Edvard [Aron],Aron,listed_same_player,accepted,medium,evidence_player_group_0103,,retired,Boardreader,no,no,2026_06_16_retired_immortals,MUME retired immortal list,List current as of 2026-06-16,immortal_2026_06_16_retired_immortals_edvard_419_listed_retired_immortal,candidate,Copied by Lewis. Includes Boardreaders and honorary True Legend entry for Norsu.,whois_edvard_1780908403,Maia,Maia,,Immortals,high,,,,,,,,,,,Maia,M,,immortal,immortal_term=Maia | race_term=Maia,2,no
char_eggrat,Eggrat,player_0051,Alantir,Alantir,,listed_same_player,accepted,medium,evidence_player_group_0051,,,,,,,,,,,,whois_eggrât_1780908408,Orc,Orc,,Minions of Sauron,high,,,,,,,,,,,,,,race_only,race_term=Orc | base_class_unknown,1,no
char_eggraz,Eggraz,player_0050,Simba,Simba,,listed_same_player,accepted,medium,evidence_player_group_0050,,,,,,,,,,,,,,,,,,,,,,,,,,,,,,,no_whois_classification,No classification row found,0,yes
char_eher,Eher,player_0091,Aris,Aris,,listed_same_player,accepted,medium,evidence_player_group_0091,,,,,,,,,,,,,,,,,,,,,,,,,,,,,,,no_whois_classification,No classification row found,0,yes
char_ehhe,Ehhe,player_0054,Deor,Deor,,listed_same_player,accepted,medium,evidence_player_group_0054,,,,,,,,,,,,,,,,,,,,,,,,,,,,,,,no_whois_classification,No classification row found,0,yes
char_eidolon,Eidolon,player_0181,Ancra,Ancra [Harry],Harry,listed_same_player,accepted,medium,evidence_player_group_0181,,,,,,,,,,,,whois_eidolon_1780908430,Orc,Orc,,Minions of Sauron,high,,,,,,,,,,,,,,race_only,race_term=Orc | base_class_unknown,1,no
char_eileen,Eileen,player_0001,Rogon,Rogon,,listed_same_player,accepted,medium,evidence_player_group_0001,,,,,,,,,,,,whois_eileen_1780908436,Elf,Elf,,Free Peoples,medium,,,,,,,,,,,,,,race_only,race_term=Elf | base_class_unknown,1,no
char_eirin,Eirin,player_0181,Ancra,Ancra [Harry],Harry,listed_same_player,accepted,medium,evidence_player_group_0181,,,,,,,,,,,,,,,,,,,,,,,,,,,,,,,no_whois_classification,No classification row found,0,yes
char_eladamri,Eladamri,player_0143,Djinn,Djinn,,listed_same_player,accepted,medium,evidence_player_group_0143,,,,,,,,,,,,whois_eladamri_1780908447,Elf,Elf,,Free Peoples,medium,,,,,,,,,,,,,,race_only,race_term=Elf | base_class_unknown,1,no
char_elajt,Elajt,player_0070,Heldo,Heldo [Jens],Jens,listed_same_player,accepted,medium,evidence_player_group_0070,,,,,,,,,,,,,,,,,,,,,,,,,,,,,,,no_whois_classification,No classification row found,0,yes
char_elavar,Elavar,player_0028,Enforcer,Enforcer [Ert],Ert,listed_same_player,accepted,medium,evidence_player_group_0028,,,,,,,,,,,,whois_elavar_1780908458,Noldorin Wizard,Elf,Noldorin,Free Peoples,medium,Magic-user,Magic-user,Wizard,high,,,,,,,,,,classified,race_term=Noldorin | class_title=Wizard | who_class_group=Magic-user | class_confidence=high,1,no
char_elaviel,Elaviel,player_0020,Bubla,Bubla,,listed_same_player,accepted,medium,evidence_player_group_0020,,,,,,,,,,,,whois_elaviel_1780908463,Silvan Warrior,Elf,Silvan,Free Peoples,medium,Warrior,Warrior,Warrior,medium,,,,,,,,,,classified,race_term=Silvan | class_title=Warrior | who_class_group=Warrior | class_confidence=medium,1,no
char_elayne,Elayne,player_0142,Ethar,Ethar,,listed_same_player,accepted,medium,evidence_player_group_0142,,,,,,,,,,,,,,,,,,,,,,,,,,,,,,,no_whois_classification,No classification row found,0,yes
char_eldale,Eldale,player_0115,Marillion,Marillion,,listed_same_player,accepted,medium,evidence_player_group_0115,,,,,,,,,,,,whois_eldale_1780908474,Hobbit,Hobbit,,Free Peoples,medium,,,,,,,,,,,,,,race_only,race_term=Hobbit | base_class_unknown,1,no
char_eldan,Eldan,player_0013,Farin,Farin,,listed_same_player,accepted,medium,evidence_player_group_0013,,,,,,,,,,,,whois_eldan_1780908480,Half-elven Patriarch,Half-Elf,,Free Peoples,medium,Cleric,Cleric,Patriarch,high,,,,,male,high,,,,classified,race_term=Half-elven | class_title=Patriarch | who_class_group=Cleric | class_confidence=high,1,no
char_eldarion,Eldarion,player_0036,Atlas,Atlas,,listed_same_player,accepted,medium,evidence_player_group_0036,,,,,,,,,,,,whois_eldarion_1780908485,Half-elven Ranger,Half-Elf,,Free Peoples,medium,General,General,Ranger,medium,High Track; exact requirement uncertain and probably not 100%+,,,,,,,,,classified,race_term=Half-elven | class_title=Ranger | who_class_group=General | class_confidence=medium | skill_notes=High Track; exact requirement uncertain and probably not 100%+,1,no
char_elden,Elden,player_0031,Swork,Swork,,listed_same_player,accepted,medium,evidence_player_group_0031,,,,,,,,,,,,whois_elden_1780908491,Half-elven Patriarch,Half-Elf,,Free Peoples,medium,Cleric,Cleric,Patriarch,high,,,,,male,high,,,,classified,race_term=Half-elven | class_title=Patriarch | who_class_group=Cleric | class_confidence=high,1,no
char_eldrasil,Eldrasil,player_0096,Voile,Voile,,listed_same_player,accepted,medium,evidence_player_group_0096,,,,,,,,,,,,whois_eldrasil_1780908496,Elf,Elf,,Free Peoples,medium,,,,,,,,,,,,,,race_only,race_term=Elf | base_class_unknown,1,no
char_eldrenil,Eldrenil,player_0017,Alkar,Alkar,,listed_same_player,accepted,medium,evidence_player_group_0017,,,,,,,,,,,,whois_eldrenil_1780908502,Sindarin Wizard,Elf,Sindarin,Free Peoples,medium,Magic-user,Magic-user,Wizard,high,,,,,,,,,,classified,race_term=Sindarin | class_title=Wizard | who_class_group=Magic-user | class_confidence=high,1,no
char_elebor,Elebor,player_0042,Zhagrat,Zhagrat,,listed_same_player,accepted,medium,evidence_player_group_0042,,,,,,,,,,,,whois_elebor_1780908507,Dúnadan Hero,Man,Dúnedain,Free Peoples,medium,General,General,Hero,medium,,,,,,,,,,classified,race_term=Dúnadan | class_title=Hero | who_class_group=General | class_confidence=medium,1,no
char_elemur,Elemur,player_0161,Halir,Halir,,listed_same_player,accepted,medium,evidence_player_group_0161,,,,,,,,,,,,,,,,,,,,,,,,,,,,,,,no_whois_classification,No classification row found,0,yes
char_elendur,Elendur,player_0052,Salmar,Salmar,,listed_same_player,accepted,medium,evidence_player_group_0052,,,,,,,,,,,,whois_elendur_1780908518,Half-Elf,Half-Elf,,Free Peoples,medium,,,,,,,,,,,,,,race_only,race_term=Half-Elf | base_class_unknown,1,no
char_elenril,Elenril,player_0172,Agattax,Agattax [Robin],Robin,listed_same_player,accepted,medium,evidence_player_group_0172,,,,,,,,,,,,whois_elenrìl_1780908524,Elf,Elf,,Free Peoples,medium,,,,,,,,,,,,,,race_only,race_term=Elf | base_class_unknown,1,no
char_elenwe,Elenwe,player_0159,Beorel,Beorel,,listed_same_player,accepted,medium,evidence_player_group_0159,,,,,,,,,,,,whois_elenwë_1780908530,Elf,Elf,,Free Peoples,medium,,,,,,,,,,,,,,race_only,race_term=Elf | base_class_unknown,1,no
char_elestir,Elestir,player_0005,Praiodan,Praiodan [Tomas],Tomas,listed_same_player,accepted,medium,evidence_player_group_0005,,,,,,,,,,,,whois_elestir_1780908535,Elf,Elf,,Free Peoples,medium,,,,,,,,,,,,,,race_only,race_term=Elf | base_class_unknown,1,no
char_eletherion,Eletherion,player_0019,Luke,Luke,,listed_same_player,accepted,medium,evidence_player_group_0019,,,,,,,,,,,,whois_eletherion_1780908541,Beorning Battlemaster,Man,Beorning,Free Peoples,medium,Warrior,Warrior,Battlemaster,high,,,,,,,,,,classified,race_term=Beorning | class_title=Battlemaster | who_class_group=Warrior | class_confidence=high,1,no
char_elfwyn,Elfwyn,player_0047,Idun,Idun,,listed_same_player,accepted,medium,evidence_player_group_0047,,,,,,,,,,,,whois_elfwyn_1780908546,Rohirric Rider,Man,Rohirrim,Free Peoples,medium,General,General,Rider,medium,90% Ride,,,,,,,,,classified,race_term=Rohirric | class_title=Rider | who_class_group=General | class_confidence=medium | skill_notes=90% Ride,1,no
char_elian,Elian,player_0201,Omen,Omen [Alexander],Alexander,listed_same_player,accepted,medium,evidence_player_group_0201,,,,,,,,,,,,whois_elian_1780908552,Elf,Elf,,Free Peoples,medium,,,,,,,,,,,,,,race_only,race_term=Elf | base_class_unknown,1,no
char_elirion,Elirion,player_0125,Ausir,Ausir,,listed_same_player,accepted,medium,evidence_player_group_0125,,,,,,,,,,,,whois_elirion_1780908557,Dúnadan Battlemaster,Man,Dúnedain,Free Peoples,medium,Warrior,Warrior,Battlemaster,high,,,,,,,,,,classified,race_term=Dúnadan | class_title=Battlemaster | who_class_group=Warrior | class_confidence=high,1,no
char_elistan,Elistan,player_0184,Elistan,Elistan,,listed_same_player,accepted,medium,evidence_player_group_0184,,retired,Boardreader,no,no,2026_06_16_retired_immortals,MUME retired immortal list,List current as of 2026-06-16,immortal_2026_06_16_retired_immortals_elistan_427_listed_retired_immortal,candidate,Copied by Lewis. Includes Boardreaders and honorary True Legend entry for Norsu.,whois_elistan_1780908563,Maia,Maia,,Immortals,high,,,,,,,,,,,Maia,M,,immortal,immortal_term=Maia | race_term=Maia,2,no
char_eliwe,Eliwe,player_0158,Ainafea,Ainafea,,listed_same_player,accepted,medium,evidence_player_group_0158,,,,,,,,,,,,,,,,,,,,,,,,,,,,,,,no_whois_classification,No classification row found,0,yes
char_ellara,Ellara,player_0119,Zeus,Zeus,,listed_same_player,accepted,medium,evidence_player_group_0119,,,,,,,,,,,,whois_ellara_1780908574,Half-Elf,Half-Elf,,Free Peoples,medium,,,,,,,,,,,,,,race_only,race_term=Half-Elf | base_class_unknown,1,no
char_elle,Elle,player_0025,Lowyn,Lowyn,,listed_same_player,accepted,medium,evidence_player_group_0025,,,,,,,,,,,,whois_elle_1780908579,Sindarin Matriarch,Elf,Sindarin,Free Peoples,medium,Cleric,Cleric,Matriarch,high,,,,,female,high,,,,classified,race_term=Sindarin | class_title=Matriarch | who_class_group=Cleric | class_confidence=high,1,no
char_elleth,Elleth,player_0095,Haista,Haista,,listed_same_player,accepted,medium,evidence_player_group_0095,,,,,,,,,,,,whois_elleth_1780908585,Elf,Elf,,Free Peoples,medium,,,,,,,,,,,,,,race_only,race_term=Elf | base_class_unknown,1,no
char_elmir,Elmir,player_0037,Bobbie,Bobbie,,listed_same_player,accepted,medium,evidence_player_group_0037,,,,,,,,,,,,whois_elmir_1780908590,Man,Man,,Free Peoples,medium,,,,,,,,,,,,,,race_only,race_term=Man | base_class_unknown,1,no
char_elmo,Elmo,player_0101,Healy,Healy,,listed_same_player,accepted,medium,evidence_player_group_0101,,,,,,,,,,,,whois_elmo_1780908596,Dwarven Battlemaster,Dwarf,,Free Peoples,medium,Warrior,Warrior,Battlemaster,high,,,,,,,,,,classified,race_term=Dwarven | class_title=Battlemaster | who_class_group=Warrior | class_confidence=high,1,no
char_eloin,Eloin,player_0167,Eloin,Eloin,,listed_same_player,accepted,medium,evidence_player_group_0167,,,,,,,,,,,,whois_eloin_1780908601,Sindarin Bodyguard,Elf,Sindarin,Free Peoples,medium,Warrior,Warrior,Bodyguard,high,80% Rescue,,,,,,,,,classified,race_term=Sindarin | class_title=Bodyguard | who_class_group=Warrior | class_confidence=high | skill_notes=80% Rescue,1,no
char_elrik,Elrik,player_0068,Elrik,Elrik,,listed_same_player,accepted,medium,evidence_player_group_0068,,,,,,,,,,,,whois_elrik_1780908607,Black Númenórean,Man,Black Númenórean,Minions of Sauron,high,,,,,,,,,,,,,,race_only,race_term=Black Númenórean | base_class_unknown,1,no
char_elroh,Elroh,player_0031,Swork,Swork,,listed_same_player,accepted,medium,evidence_player_group_0031,,,,,,,,,,,,whois_elroh_1780908612,Silvan Hero,Elf,Silvan,Free Peoples,medium,General,General,Hero,medium,,,,,,,,,,classified,race_term=Silvan | class_title=Hero | who_class_group=General | class_confidence=medium,1,no
char_elrun,Elrun,player_0199,Roman,Roman [Roman],Roman,listed_same_player,accepted,medium,evidence_player_group_0199,,,,,,,,,,,,whois_elrun_1780908618,Elf,Elf,,Free Peoples,medium,,,,,,,,,,,,,,race_only,race_term=Elf | base_class_unknown,1,no
char_elsurion,Elsurion,player_0005,Praiodan,Praiodan [Tomas],Tomas,listed_same_player,accepted,medium,evidence_player_group_0005,,,,,,,,,,,,whois_elsurion_1780908623,Half-elven Patriarch,Half-Elf,,Free Peoples,medium,Cleric,Cleric,Patriarch,high,,,,,male,high,,,,classified,race_term=Half-elven | class_title=Patriarch | who_class_group=Cleric | class_confidence=high,1,no
char_eluchil,Eluchil,player_0018,Feanor,Feanor,,listed_same_player,accepted,medium,evidence_player_group_0018,,,,,,,,,,,,whois_eluchíl_1780908629,Half-Elf,Half-Elf,,Free Peoples,medium,,,,,,,,,,,,,,race_only,race_term=Half-Elf | base_class_unknown,1,no
char_elumir,Elumir,player_0061,Siroth,Siroth,,listed_same_player,accepted,medium,evidence_player_group_0061,,,,,,,,,,,,whois_elumïr_1780908634,Half-elven Priest,Half-Elf,,Free Peoples,medium,Cleric,Cleric,Priest,high,,,,,,,,,,classified,race_term=Half-elven | class_title=Priest | who_class_group=Cleric | class_confidence=high,1,no
char_emroth,Emroth,player_0061,Siroth,Siroth,,listed_same_player,accepted,medium,evidence_player_group_0061,,,,,,,,,,,,whois_emroth_1780908640,Man,Man,,Free Peoples,medium,,,,,,,,,,,,,,race_only,race_term=Man | base_class_unknown,1,no
char_endor,Endor,player_0179,Delfi,Delfi [Per],Per,listed_same_player,accepted,medium,evidence_player_group_0179,,retired,Boardreader,no,no,2026_06_16_retired_immortals,MUME retired immortal list,List current as of 2026-06-16,immortal_2026_06_16_retired_immortals_endor_431_listed_retired_immortal,candidate,Copied by Lewis. Includes Boardreaders and honorary True Legend entry for Norsu.,whois_endor_1780908645,Maia,Maia,,Immortals,high,,,,,,,,,,,Maia,M,,immortal,immortal_term=Maia | race_term=Maia,2,no
char_endur,Endur,player_0098,Dragor,Dragor,,listed_same_player,accepted,medium,evidence_player_group_0098,,,,,,,,,,,,whois_endur_1780908651,Dúnadan Hero,Man,Dúnedain,Free Peoples,medium,General,General,Hero,medium,,,,,,,,,,classified,race_term=Dúnadan | class_title=Hero | who_class_group=General | class_confidence=medium,1,no
char_enforcer,Enforcer,player_0028,Enforcer,Enforcer [Ert],Ert,listed_same_player,accepted,medium,evidence_player_group_0028,,retired,Boardreader,no,no,2026_06_16_retired_immortals,MUME retired immortal list,List current as of 2026-06-16,immortal_2026_06_16_retired_immortals_enforcer_433_listed_retired_immortal,candidate,Copied by Lewis. Includes Boardreaders and honorary True Legend entry for Norsu.,whois_enforcer_1780908656,Maia,Maia,,Immortals,high,,,,,,,,,,,Maia,M,,immortal,immortal_term=Maia | race_term=Maia,2,no
char_engelbert,Engelbert,player_0031,Swork,Swork,,listed_same_player,accepted,medium,evidence_player_group_0031,,,,,,,,,,,,whois_engelbert_1780908662,Silvan Warlock,Elf,Silvan,Free Peoples,medium,Magic-user,Magic-user,Warlock,high,,,,,male,medium,,,,classified,race_term=Silvan | class_title=Warlock | who_class_group=Magic-user | class_confidence=high,1,no
char_ennor,Ennor,player_0195,Porien,Porien [Dmitry],Dmitry,listed_same_player,accepted,medium,evidence_player_group_0195,,,,,,,,,,,,whois_ennor_1780908667,Dwarf,Dwarf,,Free Peoples,medium,,,,,,,,,,,,,,race_only,race_term=Dwarf | base_class_unknown,1,no
char_enso,Enso,player_0188,Aiele,Aiele [Joel],Joel,listed_same_player,accepted,medium,evidence_player_group_0188,,,,,,,,,,,,,,,,,,,,,,,,,,,,,,,no_whois_classification,No classification row found,0,yes
char_equinoxe,Equinoxe,player_0062,Auriane,Auriane [Bob],Bob,listed_same_player,accepted,medium,evidence_player_group_0062,,,,,,,,,,,,whois_equínôxë_1780908678,Orkish Battlemistress,Orc,,Minions of Sauron,high,Warrior,Warrior,Battlemistress,high,,,,,female,high,,,,classified,race_term=Orkish | class_title=Battlemistress | who_class_group=Warrior | class_confidence=high,1,no
char_eral,Eral,player_0065,Wryak,Wryak [Tapio],Tapio,listed_same_player,accepted,medium,evidence_player_group_0065,,,,,,,,,,,,whois_eral_1780908684,Noldorin Wizard,Elf,Noldorin,Free Peoples,medium,Magic-user,Magic-user,Wizard,high,,,,,,,,,,classified,race_term=Noldorin | class_title=Wizard | who_class_group=Magic-user | class_confidence=high,1,no
char_erebos,Erebos,player_0023,Bah,Bah [Jan],Jan,listed_same_player,accepted,medium,evidence_player_group_0023,,,,,,,,,,,,whois_erebos_1780908689,Dwarven Hero,Dwarf,,Free Peoples,medium,General,General,Hero,medium,,,,,,,,,,classified,race_term=Dwarven | class_title=Hero | who_class_group=General | class_confidence=medium,1,no
char_erewiel,Erewiel,player_0117,Irogla,Irogla,,listed_same_player,accepted,medium,evidence_player_group_0117,,,,,,,,,,,,,,,,,,,,,,,,,,,,,,,no_whois_classification,No classification row found,0,yes
char_eric,Eric,player_0216,Grunge,Grunge,,listed_same_player,accepted,medium,evidence_player_group_0216,,,,,,,,,,,,whois_eric_1780908700,Black Númenórean,Man,Black Númenórean,Minions of Sauron,high,,,,,,,,,,,,,,race_only,race_term=Black Númenórean | base_class_unknown,1,no
char_erkzup,Erkzup,player_0135,Temegl,Temegl,,listed_same_player,accepted,medium,evidence_player_group_0135,,,,,,,,,,,,,,,,,,,,,,,,,,,,,,,no_whois_classification,No classification row found,0,yes
char_ermon,Ermon,player_0035,Fankil,Fankil [Alexander],Alexander,listed_same_player,accepted,medium,evidence_player_group_0035,,,,,,,,,,,,whois_ermon_1780908711,Dúnadan Chieftain,Man,Dúnedain,Free Peoples,medium,General,General,Chieftain,medium,90%-100% Leadership,,,,,,,,,classified,race_term=Dúnadan | class_title=Chieftain | who_class_group=General | class_confidence=medium | skill_notes=90%-100% Leadership,1,no
char_ernst,Ernst,player_0174,Angrenfea,Angrenfea [Toivo],Toivo,listed_same_player,accepted,medium,evidence_player_group_0174,,,,,,,,,,,,whois_ernst_1780908717,Man,Man,,Free Peoples,medium,,,,,,,,,,,,,,race_only,race_term=Man | base_class_unknown,1,no
char_erowyn,Erowyn,player_0159,Beorel,Beorel,,listed_same_player,accepted,medium,evidence_player_group_0159,,,,,,,,,,,,whois_erowyn_1780908722,Man,Man,,Free Peoples,medium,,,,,,,,,,,,,,race_only,race_term=Man | base_class_unknown,1,no
char_erudhil,Erudhil,player_0018,Feanor,Feanor,,listed_same_player,accepted,medium,evidence_player_group_0018,,,,,,,,,,,,whois_erudhil_1780908728,Black Númenórean Wizard,Man,Black Númenórean,Minions of Sauron,high,Magic-user,Magic-user,Wizard,high,,,,,,,,,,classified,race_term=Black Númenórean | class_title=Wizard | who_class_group=Magic-user | class_confidence=high,1,no
char_escape,Escape,player_0108,Toe,Toe,,listed_same_player,accepted,medium,evidence_player_group_0108,,,,,,,,,,,,whois_escape_1780908733,Dwarven Axemaster,Dwarf,,Free Peoples,medium,Warrior,Warrior,Axemaster,high,100% cleaving weapons,,,,,,,,,classified,race_term=Dwarven | class_title=Axemaster | who_class_group=Warrior | class_confidence=high | skill_notes=100% cleaving weapons,1,no
char_estel,Estel,player_0192,Moonshade,Moonshade [Alex],Alex,listed_same_player,accepted,medium,evidence_player_group_0192,,,,,,,,,,,,whois_estel_1780908739,Elf,Elf,,Free Peoples,medium,,,,,,,,,,,,,,race_only,race_term=Elf | base_class_unknown,1,no
char_eternal,Eternal,player_0105,Crysania,Crysania,,listed_same_player,accepted,medium,evidence_player_group_0105,,,,,,,,,,,,whois_eternal_1780908744,Half-Elf,Half-Elf,,Free Peoples,medium,,,,,,,,,,,,,,race_only,race_term=Half-Elf | base_class_unknown,1,no
char_ethar,Ethar,player_0142,Ethar,Ethar,,listed_same_player,accepted,medium,evidence_player_group_0142,,,,,,,,,,,,whois_ethar_1780908750,Dúnadan Wizard,Man,Dúnedain,Free Peoples,medium,Magic-user,Magic-user,Wizard,high,,,,,,,,,,classified,race_term=Dúnadan | class_title=Wizard | who_class_group=Magic-user | class_confidence=high,1,no
char_ethne,Ethne,player_0103,Edvard,Edvard [Aron],Aron,listed_same_player,accepted,medium,evidence_player_group_0103,,,,,,,,,,,,whois_ethne_1780908755,Elf,Elf,,Free Peoples,medium,,,,,,,,,,,,,,race_only,race_term=Elf | base_class_unknown,1,no
char_eto,Eto,player_0194,Morfizm,Morfizm [Dmitry],Dmitry,listed_same_player,accepted,medium,evidence_player_group_0194,,,,,,,,,,,,whois_eto_1780908761,Fallohide Scout,Hobbit,Fallohide,Free Peoples,medium,Thief,Thief,Scout,high,,,,,,,,,,classified,race_term=Fallohide | class_title=Scout | who_class_group=Thief | class_confidence=high,1,no
char_etopal,Etopal,player_0109,Nighthawk,Nighthawk,,listed_same_player,accepted,medium,evidence_player_group_0109,,,,,,,,,,,,whois_etopal_1780908766,Hobbit,Hobbit,,Free Peoples,medium,,,,,,,,,,,,,,race_only,race_term=Hobbit | base_class_unknown,1,no
char_evandaar,Evandaar,player_0180,Evandaar,Evandaar [Daniel],Daniel,listed_same_player,accepted,medium,evidence_player_group_0180,,current,Maia,no,no,2026_06_16_current_immortals,MUME current immortal list,List current as of 2026-06-16,immortal_2026_06_16_current_immortals_evandaar_70_listed_current_immortal,candidate,Copied by Lewis. (+m) means the immortal is also a Maiar Muddler / muddle code contributor.,whois_evandaar_1780908772,Maia,Maia,,Immortals,high,Cartographer,Cartographer,Cartographer,high,,,,,,,Maia,M,Cartographer,immortal,immortal_term=Maia | race_term=Maia,2,no
char_everhate,Everhate,player_0002,Ajax,Ajax,,listed_same_player,accepted,medium,evidence_player_group_0002,,,,,,,,,,,,whois_everhate_1780908777,Tarkhnarb Battlemistress,Orc,Tarkhnarb,Minions of Sauron,high,Warrior,Warrior,Battlemistress,high,,,,,female,high,,,,classified,race_term=Tarkhnarb | class_title=Battlemistress | who_class_group=Warrior | class_confidence=high,1,no
char_exiled,Exiled,player_0044,Perago,Perago,,listed_same_player,accepted,medium,evidence_player_group_0044,,,,,,,,,,,,whois_exiled_1780908783,Elf,Elf,,Free Peoples,medium,,,,,,,,,,,,,,race_only,race_term=Elf | base_class_unknown,1,no
char_fable,Fable,player_0094,Almarian,Almarian,,listed_same_player,accepted,medium,evidence_player_group_0094,,,,,,,,,,,,whois_fable_1780908788,Orkish Snaga,Orc,,Minions of Sauron,high,,,Snaga,low,,,,,,,,,,generic_title_no_class,race_term=Orkish | class_title=Snaga | class_confidence=low | base_class_unknown,1,no
char_faelandir,Faelandir,player_0074,Tardeer,Tardeer [Silverberg],Silverberg,listed_same_player,accepted,medium,evidence_player_group_0074,,,,,,,,,,,,,,,,,,,,,,,,,,,,,,,no_whois_classification,No classification row found,0,yes
char_fahil,Fahil,player_0175,Vaab,Vaab [Joey],Joey,listed_same_player,accepted,medium,evidence_player_group_0175,,,,,,,,,,,,,,,,,,,,,,,,,,,,,,,no_whois_classification,No classification row found,0,yes
char_faint,Faint,player_0029,Faint,Faint,,listed_same_player,accepted,medium,evidence_player_group_0029,,retired,Boardreader,no,no,2026_06_16_retired_immortals,MUME retired immortal list,List current as of 2026-06-16,immortal_2026_06_16_retired_immortals_faint_443_listed_retired_immortal,candidate,Copied by Lewis. Includes Boardreaders and honorary True Legend entry for Norsu.,whois_faint_1780908805,Maia,Maia,,Immortals,high,,,,,,,,,,,Maia,M,,immortal,immortal_term=Maia | race_term=Maia,2,no
char_fairy,Fairy,player_0003,Burb,Burb,,listed_same_player,accepted,medium,evidence_player_group_0003,,,,,,,,,,,,whois_fairy_1780908810,Sindarin Witch,Elf,Sindarin,Free Peoples,medium,Magic-user,Magic-user,Witch,high,,,,,female,high,,,,classified,race_term=Sindarin | class_title=Witch | who_class_group=Magic-user | class_confidence=high,1,no
char_falanor,Falanor,player_0201,Omen,Omen [Alexander],Alexander,listed_same_player,accepted,medium,evidence_player_group_0201,,,,,,,,,,,,whois_falanor_1780908816,Silvan Healer,Elf,Silvan,Free Peoples,medium,Cleric,Cleric,Healer,high,,,,,,,,,,classified,race_term=Silvan | class_title=Healer | who_class_group=Cleric | class_confidence=high,1,no
char_falathrim,Falathrim,player_0035,Fankil,Fankil [Alexander],Alexander,listed_same_player,accepted,medium,evidence_player_group_0035,,,,,,,,,,,,,,,,,,,,,,,,,,,,,,,no_whois_classification,No classification row found,0,yes
char_faldir,Faldir,player_0020,Bubla,Bubla,,listed_same_player,accepted,medium,evidence_player_group_0020,,,,,,,,,,,,whois_faldir_1780908827,Eriadorian Ranger,Man,Eriadorian,Free Peoples,medium,General,General,Ranger,medium,High Track; exact requirement uncertain and probably not 100%+,,,,,,,,,classified,race_term=Eriadorian | class_title=Ranger | who_class_group=General | class_confidence=medium | skill_notes=High Track; exact requirement uncertain and probably not 100%+,1,no
char_falemir,Falemir,player_0050,Simba,Simba,,listed_same_player,accepted,medium,evidence_player_group_0050,,,,,,,,,,,,,,,,,,,,,,,,,,,,,,,no_whois_classification,No classification row found,0,yes
char_falenor,Falenor,player_0048,Draggor,Draggor,,listed_same_player,accepted,medium,evidence_player_group_0048,,,,,,,,,,,,whois_falenor_1780908838,Silvan Rider,Elf,Silvan,Free Peoples,medium,General,General,Rider,medium,90% Ride,,,,,,,,,classified,race_term=Silvan | class_title=Rider | who_class_group=General | class_confidence=medium | skill_notes=90% Ride,1,no
char_famas,Famas,player_0038,Sabadon,Sabadon,,listed_same_player,accepted,medium,evidence_player_group_0038,,,,,,,,,,,,,,,,,,,,,,,,,,,,,,,no_whois_classification,No classification row found,0,yes
char_famine,Famine,player_0131,Feagil,Feagil,,listed_same_player,accepted,medium,evidence_player_group_0131,,,,,,,,,,,,whois_famine_1780908849,Black Númenórean Mercenary,Man,Black Númenórean,Minions of Sauron,high,Warrior,Warrior,Mercenary,low,,,,,,,,,,classified,race_term=Black Númenórean | class_title=Mercenary | who_class_group=Warrior | class_confidence=low,1,no
char_fankil,Fankil,player_0035,Fankil,Fankil [Alexander],Alexander,listed_same_player,accepted,medium,evidence_player_group_0035,,current,Maia,no,no,2026_06_16_current_immortals,MUME current immortal list,List current as of 2026-06-16,immortal_2026_06_16_current_immortals_fankil_20_listed_current_immortal,candidate,Copied by Lewis. (+m) means the immortal is also a Maiar Muddler / muddle code contributor.,whois_fankil_1780908854,Maia,Maia,,Immortals,high,Shaper,Shaper,Shaper,high,,,,,,,Maia,M,Shaper,immortal,immortal_term=Maia | race_term=Maia,2,no
char_faradoc,Faradoc,player_0017,Alkar,Alkar,,listed_same_player,accepted,medium,evidence_player_group_0017,,,,,,,,,,,,whois_faradoc_1780908860,Hobbit,Hobbit,,Free Peoples,medium,,,,,,,,,,,,,,race_only,race_term=Hobbit | base_class_unknown,1,no
char_faramin,Faramin,player_0018,Feanor,Feanor,,listed_same_player,accepted,medium,evidence_player_group_0018,,,,,,,,,,,,whois_faramin_1780908865,Dúnadan Healer,Man,Dúnedain,Free Peoples,medium,Cleric,Cleric,Healer,high,,,,,,,,,,classified,race_term=Dúnadan | class_title=Healer | who_class_group=Cleric | class_confidence=high,1,no
char_fardin,Fardin,player_0061,Siroth,Siroth,,listed_same_player,accepted,medium,evidence_player_group_0061,,,,,,,,,,,,,,,,,,,,,,,,,,,,,,,no_whois_classification,No classification row found,0,yes
char_farin,Farin,player_0013,Farin,Farin,,listed_same_player,accepted,medium,evidence_player_group_0013,,retired,Boardreader,no,no,2026_06_16_retired_immortals,MUME retired immortal list,List current as of 2026-06-16,immortal_2026_06_16_retired_immortals_farin_444_listed_retired_immortal,candidate,Copied by Lewis. Includes Boardreaders and honorary True Legend entry for Norsu.,whois_farin_1780908876,Maia,Maia,,Immortals,high,,,,,,,,,,,Maia,M,,immortal,immortal_term=Maia | race_term=Maia,2,no
char_farion,Farion,player_0004,Wow,Wow,,listed_same_player,accepted,medium,evidence_player_group_0004,,,,,,,,,,,,whois_farion_1780908882,Elf,Elf,,Free Peoples,medium,,,,,,,,,,,,,,race_only,race_term=Elf | base_class_unknown,1,no
char_feagil,Feagil,player_0131,Feagil,Feagil,,listed_same_player,accepted,medium,evidence_player_group_0131,,retired,Maia,no,no,2026_06_16_retired_immortals,MUME retired immortal list,List current as of 2026-06-16,immortal_2026_06_16_retired_immortals_feagil_235_listed_retired_immortal,candidate,Copied by Lewis. Includes Boardreaders and honorary True Legend entry for Norsu.,whois_fëagil_1780908887,Maia,Maia,,Immortals,high,Cartographer,Cartographer,Cartographer,high,,,,,,,Maia,M,Cartographer,immortal,immortal_term=Maia | race_term=Maia,1,no
char_feagor,Feagor,player_0007,Diamonium,Diamonium,,listed_same_player,accepted,medium,evidence_player_group_0007,,,,,,,,,,,,whois_fëagor_1780908893,Half-Elf,Half-Elf,,Free Peoples,medium,,,,,,,,,,,,,,race_only,race_term=Half-Elf | base_class_unknown,1,no
char_feagwath,Feagwath,player_0036,Atlas,Atlas,,listed_same_player,accepted,medium,evidence_player_group_0036,,,,,,,,,,,,whois_féagwath_1780908898,Black Númenórean,Man,Black Númenórean,Minions of Sauron,high,,,,,,,,,,,,,,race_only,race_term=Black Númenórean | base_class_unknown,1,no
char_feanor,Feanor,player_0018,Feanor,Feanor,,listed_same_player,accepted,medium,evidence_player_group_0018,,retired,Vala,no,no,2026_06_16_retired_immortals,MUME retired immortal list,List current as of 2026-06-16,immortal_2026_06_16_retired_immortals_feanor_50_listed_retired_immortal,candidate,Copied by Lewis. Includes Boardreaders and honorary True Legend entry for Norsu.,whois_fëanor_1780908904,Vala,Vala,,Immortals,high,Architect,Architect,Architect,high,,,,,,,Vala,V,Architect,immortal,immortal_term=Vala | race_term=Vala,1,no
char_fear,Fear,player_0028,Enforcer,Enforcer [Ert],Ert,listed_same_player,accepted,medium,evidence_player_group_0028,,,,,,,,,,,,whois_fear_1780908909,Troll,Troll,,Minions of Sauron,high,,,,,,,,,,,,,,race_only,race_term=Troll | base_class_unknown,1,no
char_fearan,Fearan,player_0017,Alkar,Alkar,,listed_same_player,accepted,medium,evidence_player_group_0017,,,,,,,,,,,,whois_fëaran_1780908915,Elf,Elf,,Free Peoples,medium,,,,,,,,,,,,,,race_only,race_term=Elf | base_class_unknown,1,no
char_fearendil,Fearendil,player_0205,Fearendil,Fearendil [Dmitry],Dmitry,listed_same_player,accepted,medium,evidence_player_group_0205,,,,,,,,,,,,whois_feärendil_1780908920,Noldorin Scout,Elf,Noldorin,Free Peoples,medium,Thief,Thief,Scout,high,,,,,,,,,,classified,race_term=Noldorin | class_title=Scout | who_class_group=Thief | class_confidence=high,1,no
char_fearless,Fearless,player_0081,Vassago,Vassago,,listed_same_player,accepted,medium,evidence_player_group_0081,,,,,,,,,,,,whois_fearless_1780908926,Tarkhnarb Fighter,Orc,Tarkhnarb,Minions of Sauron,high,Warrior,Warrior,Fighter,low,,,,,,,,,,classified,race_term=Tarkhnarb | class_title=Fighter | who_class_group=Warrior | class_confidence=low,1,no
char_fearsome,Fearsome,player_0114,Echo,Echo,,listed_same_player,accepted,medium,evidence_player_group_0114,,,,,,,,,,,,,,,,,,,,,,,,,,,,,,,no_whois_classification,No classification row found,0,yes
char_fenir,Fenir,player_0158,Ainafea,Ainafea,,listed_same_player,accepted,medium,evidence_player_group_0158,,,,,,,,,,,,whois_fenir_1780908937,Man,Man,,Free Peoples,medium,,,,,,,,,,,,,,race_only,race_term=Man | base_class_unknown,1,no
char_feon,Feon,player_0079,Feon,Feon [Johan],Johan,listed_same_player,accepted,medium,evidence_player_group_0079,,retired,Boardreader,no,no,2026_06_16_retired_immortals,MUME retired immortal list,List current as of 2026-06-16,immortal_2026_06_16_retired_immortals_feon_450_listed_retired_immortal,candidate,Copied by Lewis. Includes Boardreaders and honorary True Legend entry for Norsu.,whois_feon_1780908942,Maia,Maia,,Immortals,high,,,,,,,,,,,Maia,M,,immortal,immortal_term=Maia | race_term=Maia,2,no
char_feorwyn,Feorwyn,player_0139,Naga,Naga,,listed_same_player,accepted,medium,evidence_player_group_0139,,,,,,,,,,,,whois_feorwyn_1780908948,Rohirric Rider,Man,Rohirrim,Free Peoples,medium,General,General,Rider,medium,90% Ride,,,,,,,,,classified,race_term=Rohirric | class_title=Rider | who_class_group=General | class_confidence=medium | skill_notes=90% Ride,1,no
char_feriand,Feriand,player_0006,Chavez,Chavez,,listed_same_player,accepted,medium,evidence_player_group_0006,,,,,,,,,,,,whois_feriand_1780908953,Harfoot Hero,Hobbit,Harfoot,Free Peoples,medium,General,General,Hero,medium,,,,,,,,,,classified,race_term=Harfoot | class_title=Hero | who_class_group=General | class_confidence=medium,1,no
char_fero,Fero,player_0020,Bubla,Bubla,,listed_same_player,accepted,medium,evidence_player_group_0020,,,,,,,,,,,,whois_fero_1780908959,Dwarf,Dwarf,,Free Peoples,medium,,,,,,,,,,,,,,race_only,race_term=Dwarf | base_class_unknown,1,no
char_ferska,Ferska,player_0031,Swork,Swork,,listed_same_player,accepted,medium,evidence_player_group_0031,,,,,,,,,,,,whois_ferska_1780908964,Rohirric Sage,Man,Rohirrim,Free Peoples,medium,Magic-user,Magic-user,Sage,high,,,,,,,,,,classified,race_term=Rohirric | class_title=Sage | who_class_group=Magic-user | class_confidence=high,1,no
char_fiend,Fiend,player_0028,Enforcer,Enforcer [Ert],Ert,listed_same_player,accepted,medium,evidence_player_group_0028,,,,,,,,,,,,whois_fiend_1780908970,Tarkhnarb Battlemaster,Orc,Tarkhnarb,Minions of Sauron,high,Warrior,Warrior,Battlemaster,high,,,,,,,,,,classified,race_term=Tarkhnarb | class_title=Battlemaster | who_class_group=Warrior | class_confidence=high,1,no
char_fierce,Fierce,player_0001,Rogon,Rogon,,listed_same_player,accepted,medium,evidence_player_group_0001,,,,,,,,,,,,whois_fierce_1780908975,point is a level forty Cave Troll Warrior,Troll,Cave Troll,Minions of Sauron,high,Warrior,Warrior,Warrior,medium,,,,,,,,,,parser_suspect_or_custom_descriptor,race_term=Cave Troll | class_title=Warrior | who_class_group=Warrior | class_confidence=medium | unmatched=point is a level forty,1,yes
char_filia,Filia,player_0139,Naga,Naga,,listed_same_player,accepted,medium,evidence_player_group_0139,,,,,,,,,,,,whois_filia_1780908981,Beorning Sentry,Man,Beorning,Free Peoples,medium,,,,,,,,,,,,,,race_only,race_term=Beorning | unmatched=Sentry | base_class_unknown,1,no
char_filibert,Filibert,player_0046,Filibert,Filibert,,listed_same_player,accepted,medium,evidence_player_group_0046,,retired,Boardreader,no,no,2026_06_16_retired_immortals,MUME retired immortal list,List current as of 2026-06-16,immortal_2026_06_16_retired_immortals_filibert_455_listed_retired_immortal,candidate,Copied by Lewis. Includes Boardreaders and honorary True Legend entry for Norsu.,whois_filibert_1780908986,Maia,Maia,,Immortals,high,,,,,,,,,,,Maia,M,,immortal,immortal_term=Maia | race_term=Maia,2,no
char_filth,Filth,player_0003,Burb,Burb,,listed_same_player,accepted,medium,evidence_player_group_0003,,,,,,,,,,,,,,,,,,,,,,,,,,,,,,,no_whois_classification,No classification row found,0,yes
char_finadriel,Finadriel,player_0195,Porien,Porien [Dmitry],Dmitry,listed_same_player,accepted,medium,evidence_player_group_0195,,,,,,,,,,,,whois_finadriel_1780908997,Elf,Elf,,Free Peoples,medium,,,,,,,,,,,,,,race_only,race_term=Elf | base_class_unknown,1,no
char_findo,Findo,player_0201,Omen,Omen [Alexander],Alexander,listed_same_player,accepted,medium,evidence_player_group_0201,,,,,,,,,,,,whois_findo_1780909003,Elf,Elf,,Free Peoples,medium,,,,,,,,,,,,,,race_only,race_term=Elf | base_class_unknown,1,no
char_finduilas,Finduilas,player_0052,Salmar,Salmar,,listed_same_player,accepted,medium,evidence_player_group_0052,,,,,,,,,,,,whois_finduilas_1780909008,Elf,Elf,,Free Peoples,medium,,,,,,,,,,,,,,race_only,race_term=Elf | base_class_unknown,1,no
char_fingeror,Fingeror,player_0008,Fingeror,Fingeror [Jocke],Jocke,listed_same_player,accepted,medium,evidence_player_group_0008,,,,,,,,,,,,whois_fingéror_1780909014,Sindarin Hero,Elf,Sindarin,Free Peoples,medium,General,General,Hero,medium,,,,,,,,,,classified,race_term=Sindarin | class_title=Hero | who_class_group=General | class_confidence=medium,1,no
char_fiolas,Fiolas,player_0072,Valamir,Valamir [Ole],Ole,listed_same_player,accepted,medium,evidence_player_group_0072,,,,,,,,,,,,,,,,,,,,,,,,,,,,,,,no_whois_classification,No classification row found,0,yes
char_firewalker,Firewalker,player_0224,Firewalker,Firewalker,,listed_same_player,accepted,medium,evidence_player_group_0224,,,,,,,,,,,,whois_firewalker_1780909025,Elf,Elf,,Free Peoples,medium,,,,,,,,,,,,,,race_only,race_term=Elf | base_class_unknown,1,no
char_fisben,Fisben,player_0198,Fisben,Fisben [Gleb],Gleb,listed_same_player,accepted,medium,evidence_player_group_0198,,,,,,,,,,,,whois_fisben_1780909030,Elf,Elf,,Free Peoples,medium,,,,,,,,,,,,,,race_only,race_term=Elf | base_class_unknown,1,no
char_flanker,Flanker,player_0087,Bounty,Bounty,,listed_same_player,accepted,medium,evidence_player_group_0087,,,,,,,,,,,,,,,,,,,,,,,,,,,,,,,no_whois_classification,No classification row found,0,yes
char_floi,Floi,player_0107,Ares,Ares,,listed_same_player,accepted,medium,evidence_player_group_0107,,,,,,,,,,,,whois_flói_1780909041,Longbeard Hero,Dwarf,Longbeard,Free Peoples,medium,General,General,Hero,medium,,,,,,,,,,classified,race_term=Longbeard | class_title=Hero | who_class_group=General | class_confidence=medium,1,no
char_foad,Foad,player_0179,Delfi,Delfi [Per],Per,listed_same_player,accepted,medium,evidence_player_group_0179,,,,,,,,,,,,,,,,,,,,,,,,,,,,,,,no_whois_classification,No classification row found,0,yes
char_folko,Folko,player_0199,Roman,Roman [Roman],Roman,listed_same_player,accepted,medium,evidence_player_group_0199,,,,,,,,,,,,whois_folko_1780909052,Stoor Hero,Hobbit,Stoor,Free Peoples,medium,General,General,Hero,medium,,,,,,,,,,classified,race_term=Stoor | class_title=Hero | who_class_group=General | class_confidence=medium,1,no
char_fong,Fong,player_0064,Saeth,Saeth [Wojtek],Wojtek,listed_same_player,accepted,medium,evidence_player_group_0064,,,,,,,,,,,,whois_fong_1780909058,Silvan Adventurer,Elf,Silvan,Free Peoples,medium,General,General,Adventurer,medium,,,,,,,,,,classified,race_term=Silvan | class_title=Adventurer | who_class_group=General | class_confidence=medium,1,no
char_forin,Forin,player_0047,Idun,Idun,,listed_same_player,accepted,medium,evidence_player_group_0047,,,,,,,,,,,,whois_forin_1780909063,Dwarven Warrior,Dwarf,,Free Peoples,medium,Warrior,Warrior,Warrior,medium,,,,,,,,,,classified,race_term=Dwarven | class_title=Warrior | who_class_group=Warrior | class_confidence=medium,1,no
char_forrest,Forrest,player_0134,Chauncey,Chauncey,,listed_same_player,accepted,medium,evidence_player_group_0134,,,,,,,,,,,,whois_forrest_1780909069,Stoor Burglar,Hobbit,Stoor,Free Peoples,medium,Thief,Thief,Burglar,low,,,,,,,,,,classified,race_term=Stoor | class_title=Burglar | who_class_group=Thief | class_confidence=low,1,no
char_fortran,Fortran,player_0208,Anton,Anton [Anton],Anton,listed_same_player,accepted,medium,evidence_player_group_0208,,,,,,,,,,,,whois_fortran_1780909074,Half-elven Priest,Half-Elf,,Free Peoples,medium,Cleric,Cleric,Priest,high,,,,,,,,,,classified,race_term=Half-elven | class_title=Priest | who_class_group=Cleric | class_confidence=high,1,no
char_forve,Forve,player_0200,Helga,Helga [Aleks],Aleks,listed_same_player,accepted,medium,evidence_player_group_0200,,,,,,,,,,,,whois_forve_1780909080,Half-elven Hero,Half-Elf,,Free Peoples,medium,General,General,Hero,medium,,,,,,,,,,classified,race_term=Half-elven | class_title=Hero | who_class_group=General | class_confidence=medium,1,no
char_fragir,Fragir,player_0021,Cormac,Cormac,,listed_same_player,accepted,medium,evidence_player_group_0021,,,,,,,,,,,,whois_fragir_1780909085,Dwarven Priest,Dwarf,,Free Peoples,medium,Cleric,Cleric,Priest,high,,,,,,,,,,classified,race_term=Dwarven | class_title=Priest | who_class_group=Cleric | class_confidence=high,2,no
char_francis,Francis,player_0136,Francis,Francis,,listed_same_player,accepted,medium,evidence_player_group_0136,,,,,,,,,,,,whois_francis_1780909091,Dwarf,Dwarf,,Free Peoples,medium,,,,,,,,,,,,,,race_only,race_term=Dwarf | base_class_unknown,1,no
char_fredde,Fredde,player_0110,Fredde,Fredde [Fredde],Fredde,listed_same_player,accepted,medium,evidence_player_group_0110,,retired,Maia,no,no,2026_06_16_retired_immortals,MUME retired immortal list,List current as of 2026-06-16,immortal_2026_06_16_retired_immortals_fredde_240_listed_retired_immortal,candidate,Copied by Lewis. Includes Boardreaders and honorary True Legend entry for Norsu.,whois_fredde_1780909097,Maia,Maia,,Immortals,high,Cartographer,Cartographer,Cartographer,high,,,,,,,Maia,M,Cartographer,immortal,immortal_term=Maia | race_term=Maia,2,no
char_freight,Freight,player_0148,Ytinas,Ytinas,,listed_same_player,accepted,medium,evidence_player_group_0148,,,,,,,,,,,,whois_freight_1780909102,Cave Troll Wrecker,Troll,Cave Troll,Minions of Sauron,high,Warrior,Warrior,Wrecker,low,,,,,,,,,,classified,race_term=Cave Troll | class_title=Wrecker | who_class_group=Warrior | class_confidence=low,1,no
char_friar,Friar,player_0155,Bellows,Bellows [Matt],Matt,listed_same_player,accepted,medium,evidence_player_group_0155,,,,,,,,,,,,whois_friar_1780909108,Hobbit,Hobbit,,Free Peoples,medium,,,,,,,,,,,,,,race_only,race_term=Hobbit | base_class_unknown,1,no
char_frink,Frink,player_0220,Strine,Strine,,listed_same_player,accepted,medium,evidence_player_group_0220,,,,,,,,,,,,whois_frink_1780909113,Troll,Troll,,Minions of Sauron,high,,,,,,,,,,,,,,race_only,race_term=Troll | base_class_unknown,1,no
char_friso,Friso,player_0136,Francis,Francis,,listed_same_player,accepted,medium,evidence_player_group_0136,,,,,,,,,,,,,,,,,,,,,,,,,,,,,,,no_whois_classification,No classification row found,0,yes
char_frukghash,Frukghash,player_0098,Dragor,Dragor,,listed_same_player,accepted,medium,evidence_player_group_0098,,,,,,,,,,,,,,,,,,,,,,,,,,,,,,,no_whois_classification,No classification row found,0,yes
char_fubar,Fubar,player_0100,Quillis,Quillis,,listed_same_player,accepted,medium,evidence_player_group_0100,,,,,,,,,,,,whois_fubar_1780909130,Troll,Troll,,Minions of Sauron,high,,,,,,,,,,,,,,race_only,race_term=Troll | base_class_unknown,1,no
char_fui,Fui,player_0125,Ausir,Ausir,,listed_same_player,accepted,medium,evidence_player_group_0125,,,,,,,,,,,,whois_fui_1780909135,Orc,Orc,,Minions of Sauron,high,,,,,,,,,,,,,,race_only,race_term=Orc | base_class_unknown,1,no
char_fuor,Fuor,player_0017,Alkar,Alkar,,listed_same_player,accepted,medium,evidence_player_group_0017,,,,,,,,,,,,whois_fuor_1780909141,Dúnadan Priest,Man,Dúnedain,Free Peoples,medium,Cleric,Cleric,Priest,high,,,,,,,,,,classified,race_term=Dúnadan | class_title=Priest | who_class_group=Cleric | class_confidence=high,1,no
char_furfoot,Furfoot,player_0037,Bobbie,Bobbie,,listed_same_player,accepted,medium,evidence_player_group_0037,,,,,,,,,,,,whois_furfoot_1780909146,Hobbit,Hobbit,,Free Peoples,medium,,,,,,,,,,,,,,race_only,race_term=Hobbit | base_class_unknown,1,no
char_gabil,Gabil,player_0131,Feagil,Feagil,,listed_same_player,accepted,medium,evidence_player_group_0131,,,,,,,,,,,,,,,,,,,,,,,,,,,,,,,no_whois_classification,No classification row found,0,yes
char_gad,Gad,player_0202,Cerleg,Cerleg [Alex],Alex,listed_same_player,accepted,medium,evidence_player_group_0202,,,,,,,,,,,,,,,,,,,,,,,,,,,,,,,no_whois_classification,No classification row found,0,yes
char_gadmac,Gadmac,player_0012,Axel,Axel [Axel],Axel,listed_same_player,accepted,medium,evidence_player_group_0012,,,,,,,,,,,,,,,,,,,,,,,,,,,,,,,no_whois_classification,No classification row found,0,yes
char_gage,Gage,player_0100,Quillis,Quillis,,listed_same_player,accepted,medium,evidence_player_group_0100,,,,,,,,,,,,whois_gage_1780909169,Dwarf,Dwarf,,Free Peoples,medium,,,,,,,,,,,,,,race_only,race_term=Dwarf | base_class_unknown,1,no
char_galadon,Galadon,player_0060,Amandil,Amandil,,listed_same_player,accepted,medium,evidence_player_group_0060,,,,,,,,,,,,whois_galádon_1780909174,Elf,Elf,,Free Peoples,medium,,,,,,,,,,,,,,race_only,race_term=Elf | base_class_unknown,1,no
char_galerech,Galerech,player_0142,Ethar,Ethar,,listed_same_player,accepted,medium,evidence_player_group_0142,,,,,,,,,,,,whois_galerech_1780909180,Noldorin Master Healer,Elf,Noldorin,Free Peoples,medium,Cleric,Cleric,Master Healer,high,,,,,,,,,,classified,race_term=Noldorin | class_title=Master Healer | who_class_group=Cleric | class_confidence=high,1,no
char_galowyn,Galowyn,player_0101,Healy,Healy,,listed_same_player,accepted,medium,evidence_player_group_0101,,,,,,,,,,,,whois_galowyn_1780909185,Noldorin Battlemaster,Elf,Noldorin,Free Peoples,medium,Warrior,Warrior,Battlemaster,high,,,,,,,,,,classified,race_term=Noldorin | class_title=Battlemaster | who_class_group=Warrior | class_confidence=high,1,no
char_galurin,Galurin,player_0154,Bishn�k,Bishn�k [Eric],Eric,listed_same_player,accepted,medium,evidence_player_group_0154,,,,,,,,,,,,whois_galurin_1780909191,Elf,Elf,,Free Peoples,medium,,,,,,,,,,,,,,race_only,race_term=Elf | base_class_unknown,1,no
char_gamak,Gamak,player_0004,Wow,Wow,,listed_same_player,accepted,medium,evidence_player_group_0004,,,,,,,,,,,,whois_gamak_1780909197,Orc,Orc,,Minions of Sauron,high,,,,,,,,,,,,,,race_only,race_term=Orc | base_class_unknown,1,no
char_gamli,Gamli,player_0153,Gloha,Gloha,,listed_same_player,accepted,medium,evidence_player_group_0153,,,,,,,,,,,,whois_gamli_1780909202,Broadbeam Soldier,Dwarf,Broadbeam,Free Peoples,medium,Warrior,Warrior,Soldier,high,,,,,,,,,,classified,race_term=Broadbeam | class_title=Soldier | who_class_group=Warrior | class_confidence=high,1,no
char_gamram,Gamram,player_0168,Linar,Linar,,listed_same_player,accepted,medium,evidence_player_group_0168,,,,,,,,,,,,whois_gamram_1780909208,Dwarven Ranger,Dwarf,,Free Peoples,medium,General,General,Ranger,medium,High Track; exact requirement uncertain and probably not 100%+,,,,,,,,,classified,race_term=Dwarven | class_title=Ranger | who_class_group=General | class_confidence=medium | skill_notes=High Track; exact requirement uncertain and probably not 100%+,1,no
char_garkan,Garkan,player_0115,Marillion,Marillion,,listed_same_player,accepted,medium,evidence_player_group_0115,,,,,,,,,,,,,,,,,,,,,,,,,,,,,,,no_whois_classification,No classification row found,0,yes
char_gattling,Gattling,player_0123,Gattling,Gattling,,listed_same_player,accepted,medium,evidence_player_group_0123,,retired,Maia,no,no,2026_06_16_retired_immortals,MUME retired immortal list,List current as of 2026-06-16,immortal_2026_06_16_retired_immortals_gattling_105_listed_retired_immortal,candidate,Copied by Lewis. Includes Boardreaders and honorary True Legend entry for Norsu.,whois_gattling_1780909219,Maia,Maia,,Immortals,high,Wright,Wright,Wright,high,,,,,,,Maia,M,Wright,immortal,immortal_term=Maia | race_term=Maia,2,no
char_gauldoth,Gauldoth,player_0198,Fisben,Fisben [Gleb],Gleb,listed_same_player,accepted,medium,evidence_player_group_0198,,,,,,,,,,,,whois_gauldoth_1780909224,Tarkhnarb Champion,Orc,Tarkhnarb,Minions of Sauron,high,General,General,Champion,medium,,,,,,,,,,classified,race_term=Tarkhnarb | class_title=Champion | who_class_group=General | class_confidence=medium,1,no
char_gaurhir,Gaurhir,player_0083,Goretongue,Goretongue [Jeremiah],Jeremiah,listed_same_player,accepted,medium,evidence_player_group_0083,,,,,,,,,,,,whois_gaurhir_1780909230,Tarkhnarb Warg-rider,Orc,Tarkhnarb,Minions of Sauron,high,Warrior,Warrior,Warg-rider,low,,,,,,,,,,classified,race_term=Tarkhnarb | class_title=Warg-rider | who_class_group=Warrior | class_confidence=low,1,no
char_gaurog,Gaurog,player_0083,Goretongue,Goretongue [Jeremiah],Jeremiah,listed_same_player,accepted,medium,evidence_player_group_0083,,,,,,,,,,,,whois_gaurog_1780909235,Orkish Murderer,Orc,,Minions of Sauron,high,Thief,Thief,Murderer,medium,,,,,,,,,,classified,race_term=Orkish | class_title=Murderer | who_class_group=Thief | class_confidence=medium,1,no
char_gauruk,Gauruk,player_0159,Beorel,Beorel,,listed_same_player,accepted,medium,evidence_player_group_0159,,,,,,,,,,,,whois_gauruk_1780909241,Tarkhnarb Shaman,Orc,Tarkhnarb,Minions of Sauron,high,Cleric,Cleric,Shaman,low,,,,,,,,,,classified,race_term=Tarkhnarb | class_title=Shaman | who_class_group=Cleric | class_confidence=low,1,no
char_gaylord,Gaylord,player_0086,Squiffy,Squiffy,,listed_same_player,accepted,medium,evidence_player_group_0086,,,,,,,,,,,,,,,,,,,,,,,,,,,,,,,no_whois_classification,No classification row found,0,yes
char_gazel,Gazel,player_0199,Roman,Roman [Roman],Roman,listed_same_player,accepted,medium,evidence_player_group_0199,,,,,,,,,,,,whois_gazel_1780909252,Orc,Orc,,Minions of Sauron,high,,,,,,,,,,,,,,race_only,race_term=Orc | base_class_unknown,1,no
char_geirrodr,Geirrodr,player_0047,Idun,Idun,,listed_same_player,accepted,medium,evidence_player_group_0047,,,,,,,,,,,,whois_geirrödr_1780909258,Cave Troll Warrior,Troll,Cave Troll,Minions of Sauron,high,Warrior,Warrior,Warrior,medium,,,,,,,,,,classified,race_term=Cave Troll | class_title=Warrior | who_class_group=Warrior | class_confidence=medium,1,no
char_gelion,Gelion,player_0114,Echo,Echo,,listed_same_player,accepted,medium,evidence_player_group_0114,,,,,,,,,,,,,,,,,,,,,,,,,,,,,,,no_whois_classification,No classification row found,0,yes
char_gena,Gena,player_0164,Gobakapp,Gobakapp,,listed_same_player,accepted,medium,evidence_player_group_0164,,,,,,,,,,,,,,,,,,,,,,,,,,,,,,,no_whois_classification,No classification row found,0,yes
char_gereb,Gereb,player_0038,Sabadon,Sabadon,,listed_same_player,accepted,medium,evidence_player_group_0038,,,,,,,,,,,,whois_gereb_1780909274,Man,Man,,Free Peoples,medium,,,,,,,,,,,,,,race_only,race_term=Man | base_class_unknown,1,no
char_geri,Geri,player_0001,Rogon,Rogon,,listed_same_player,accepted,medium,evidence_player_group_0001,,,,,,,,,,,,whois_geri_1780909280,Orc,Orc,,Minions of Sauron,high,,,,,,,,,,,,,,race_only,race_term=Orc | base_class_unknown,1,no
char_ghostly,Ghostly,player_0015,Ghostly,Ghostly,,listed_same_player,accepted,medium,evidence_player_group_0015,,retired,Vala,no,no,2026_06_16_retired_immortals,MUME retired immortal list,List current as of 2026-06-16,immortal_2026_06_16_retired_immortals_ghostly_52_listed_retired_immortal,candidate,Copied by Lewis. Includes Boardreaders and honorary True Legend entry for Norsu.,whois_ghostly_1780909285,Vala,Vala,,Immortals,high,Architect,Architect,Architect,high,,,,,,,Vala,V,Architect,immortal,immortal_term=Vala | race_term=Vala,2,no
char_ghourne,Ghourne,player_0126,Deris,Deris,,listed_same_player,accepted,medium,evidence_player_group_0126,,,,,,,,,,,,,,,,,,,,,,,,,,,,,,,no_whois_classification,No classification row found,0,yes
char_gilcon,Gilcon,player_0104,Donutello,Donutello,,listed_same_player,accepted,medium,evidence_player_group_0104,,,,,,,,,,,,whois_gilcon_1780909297,Noldorin Wizard,Elf,Noldorin,Free Peoples,medium,Magic-user,Magic-user,Wizard,high,,,,,,,,,,classified,race_term=Noldorin | class_title=Wizard | who_class_group=Magic-user | class_confidence=high,1,no
char_gildur,Gildur,player_0052,Salmar,Salmar,,listed_same_player,accepted,medium,evidence_player_group_0052,,,,,,,,,,,,whois_gildur_1780909302,Half-Elf,Half-Elf,,Free Peoples,medium,,,,,,,,,,,,,,race_only,race_term=Half-Elf | base_class_unknown,1,no
char_gilmandir,Gilmandir,player_0137,Tear,Tear,,listed_same_player,accepted,medium,evidence_player_group_0137,,,,,,,,,,,,whois_gilmándir_1780909308,Elf,Elf,,Free Peoples,medium,,,,,,,,,,,,,,race_only,race_term=Elf | base_class_unknown,1,no
char_gilmas,Gilmas,player_0067,David,David [David],David,listed_same_player,accepted,medium,evidence_player_group_0067,,,,,,,,,,,,,,,,,,,,,,,,,,,,,,,no_whois_classification,No classification row found,0,yes
char_gilror,Gilror,player_0058,Steele,Steele [Dan],Dan,listed_same_player,accepted,medium,evidence_player_group_0058,,,,,,,,,,,,,,,,,,,,,,,,,,,,,,,no_whois_classification,No classification row found,0,yes
char_gimilzor,Gimilzor,player_0159,Beorel,Beorel,,listed_same_player,accepted,medium,evidence_player_group_0159,,,,,,,,,,,,whois_gimilzór_1780909324,Black Númenórean,Man,Black Númenórean,Minions of Sauron,high,,,,,,,,,,,,,,race_only,race_term=Black Númenórean | base_class_unknown,1,no
char_gimlung,Gimlung,player_0161,Halir,Halir,,listed_same_player,accepted,medium,evidence_player_group_0161,,,,,,,,,,,,whois_gimlung_1780909330,Dwarf,Dwarf,,Free Peoples,medium,,,,,,,,,,,,,,race_only,race_term=Dwarf | base_class_unknown,1,no
char_ginlon,Ginlon,player_0033,Ginlon,Ginlon,,listed_same_player,accepted,medium,evidence_player_group_0033,,,,,,,,,,,,whois_ginlon_1780909336,Elf,Elf,,Free Peoples,medium,,,,,,,,,,,,,,race_only,race_term=Elf | base_class_unknown,1,no
char_giralion,Giralion,player_0047,Idun,Idun,,listed_same_player,accepted,medium,evidence_player_group_0047,,,,,,,,,,,,,,,,,,,,,,,,,,,,,,,no_whois_classification,No classification row found,0,yes
char_girando,Girando,player_0012,Axel,Axel [Axel],Axel,listed_same_player,accepted,medium,evidence_player_group_0012,,,,,,,,,,,,whois_girando_1780909347,Black Númenórean Wizard,Man,Black Númenórean,Minions of Sauron,high,Magic-user,Magic-user,Wizard,high,,,,,,,,,,classified,race_term=Black Númenórean | class_title=Wizard | who_class_group=Magic-user | class_confidence=high,1,no
char_girithol,Girithol,player_0147,Girithol,Girithol,,listed_same_player,accepted,medium,evidence_player_group_0147,,,,,,,,,,,,whois_girithol_1780909353,Half-elven Rider,Half-Elf,,Free Peoples,medium,General,General,Rider,medium,90% Ride,,,,,,,,,classified,race_term=Half-elven | class_title=Rider | who_class_group=General | class_confidence=medium | skill_notes=90% Ride,1,no
char_glabthrak,Glabthrak,player_0038,Sabadon,Sabadon,,listed_same_player,accepted,medium,evidence_player_group_0038,,,,,,,,,,,,,,,,,,,,,,,,,,,,,,,no_whois_classification,No classification row found,0,yes
char_glabur,Glabur,player_0078,Khozdul,Khozdul [Calle],Calle,listed_same_player,accepted,medium,evidence_player_group_0078,,,,,,,,,,,,,,,,,,,,,,,,,,,,,,,no_whois_classification,No classification row found,0,yes
char_glader,Glader,player_0159,Beorel,Beorel,,listed_same_player,accepted,medium,evidence_player_group_0159,,,,,,,,,,,,,,,,,,,,,,,,,,,,,,,no_whois_classification,No classification row found,0,yes
char_gladush,Gladush,player_0052,Salmar,Salmar,,listed_same_player,accepted,medium,evidence_player_group_0052,,,,,,,,,,,,whois_gladush_1780909375,Tarkhnarb Warrior,Orc,Tarkhnarb,Minions of Sauron,high,Warrior,Warrior,Warrior,medium,,,,,,,,,,classified,race_term=Tarkhnarb | class_title=Warrior | who_class_group=Warrior | class_confidence=medium,1,no
char_glamduril,Glamduril,player_0161,Halir,Halir,,listed_same_player,accepted,medium,evidence_player_group_0161,,,,,,,,,,,,whois_glamduril_1780909380,Noldorin Sentry,Elf,Noldorin,Free Peoples,medium,,,,,,,,,,,,,,race_only,race_term=Noldorin | unmatched=Sentry | base_class_unknown,2,no
char_glaran,Glaran,player_0028,Enforcer,Enforcer [Ert],Ert,listed_same_player,accepted,medium,evidence_player_group_0028,,,,,,,,,,,,whois_glaran_1780909386,Dwarf,Dwarf,,Free Peoples,medium,,,,,,,,,,,,,,race_only,race_term=Dwarf | base_class_unknown,1,no
char_glaref,Glaref,player_0081,Vassago,Vassago,,listed_same_player,accepted,medium,evidence_player_group_0081,,,,,,,,,,,,whois_glaref_1780909391,Half-elven Warlock,Half-Elf,,Free Peoples,medium,Magic-user,Magic-user,Warlock,high,,,,,male,medium,,,,classified,race_term=Half-elven | class_title=Warlock | who_class_group=Magic-user | class_confidence=high,1,no
char_glebus,Glebus,player_0198,Fisben,Fisben [Gleb],Gleb,listed_same_player,accepted,medium,evidence_player_group_0198,,,,,,,,,,,,,,,,,,,,,,,,,,,,,,,no_whois_classification,No classification row found,0,yes
char_glendale,Glendale,player_0138,Lochdale,Lochdale [Donal],Donal,listed_same_player,accepted,medium,evidence_player_group_0138,,,,,,,,,,,,whois_glendale_1780909403,Eriadorian Hero,Man,Eriadorian,Free Peoples,medium,General,General,Hero,medium,,,,,,,,,,classified,race_term=Eriadorian | class_title=Hero | who_class_group=General | class_confidence=medium,1,no
char_glenn,Glenn,player_0110,Fredde,Fredde [Fredde],Fredde,listed_same_player,accepted,medium,evidence_player_group_0110,,,,,,,,,,,,whois_glenn_1780909408,Black Númenórean,Man,Black Númenórean,Minions of Sauron,high,,,,,,,,,,,,,,race_only,race_term=Black Númenórean | base_class_unknown,1,no
char_glithraril,Glithraril,player_0183,Dizz,Dizz [Tomas],Tomas,listed_same_player,accepted,medium,evidence_player_group_0183,,,,,,,,,,,,whois_glithraril_1780909414,Elf,Elf,,Free Peoples,medium,,,,,,,,,,,,,,race_only,race_term=Elf | base_class_unknown,1,no
char_globur,Globur,player_0072,Valamir,Valamir [Ole],Ole,listed_same_player,accepted,medium,evidence_player_group_0072,,,,,,,,,,,,whois_globur_1780909419,Dwarf,Dwarf,,Free Peoples,medium,,,,,,,,,,,,,,race_only,race_term=Dwarf | base_class_unknown,1,no
char_gloha,Gloha,player_0153,Gloha,Gloha,,listed_same_player,accepted,medium,evidence_player_group_0153,,,,,,,,,,,,,,,,,,,,,,,,,,,,,,,no_whois_classification,No classification row found,0,yes
char_glubur,Glubur,player_0077,Winzy,Winzy [Oscar],Oscar,listed_same_player,accepted,medium,evidence_player_group_0077,,,,,,,,,,,,whois_glubur_1780909431,Dwarf,Dwarf,,Free Peoples,medium,,,,,,,,,,,,,,race_only,race_term=Dwarf | base_class_unknown,1,no
char_gobakapp,Gobakapp,player_0164,Gobakapp,Gobakapp,,listed_same_player,accepted,medium,evidence_player_group_0164,,,,,,,,,,,,,,,,,,,,,,,,,,,,,,,no_whois_classification,No classification row found,0,yes
char_gobbler,Gobbler,player_0129,Liliah,Liliah,,listed_same_player,accepted,medium,evidence_player_group_0129,,,,,,,,,,,,whois_gobbler_1780909442,Troll,Troll,,Minions of Sauron,high,,,,,,,,,,,,,,race_only,race_term=Troll | base_class_unknown,1,no
char_goldor,Goldor,player_0068,Elrik,Elrik,,listed_same_player,accepted,medium,evidence_player_group_0068,,,,,,,,,,,,whois_goldor_1780909447,Dwarven Hero,Dwarf,,Free Peoples,medium,General,General,Hero,medium,,,,,,,,,,classified,race_term=Dwarven | class_title=Hero | who_class_group=General | class_confidence=medium,1,no
char_goliat,Goliat,player_0108,Toe,Toe,,listed_same_player,accepted,medium,evidence_player_group_0108,,,,,,,,,,,,whois_goliat_1780909453,Fallohide Priest,Hobbit,Fallohide,Free Peoples,medium,Cleric,Cleric,Priest,high,,,,,,,,,,classified,race_term=Fallohide | class_title=Priest | who_class_group=Cleric | class_confidence=high,1,no
char_gomen,Gomen,player_0102,Naredhel,Naredhel,,listed_same_player,accepted,medium,evidence_player_group_0102,,,,,,,,,,,,,,,,,,,,,,,,,,,,,,,no_whois_classification,No classification row found,0,yes
char_gondgurth,Gondgurth,player_0007,Diamonium,Diamonium,,listed_same_player,accepted,medium,evidence_player_group_0007,,,,,,,,,,,,,,,,,,,,,,,,,,,,,,,no_whois_classification,No classification row found,0,yes
char_goretongue,Goretongue,player_0083,Goretongue,Goretongue [Jeremiah],Jeremiah,listed_same_player,accepted,medium,evidence_player_group_0083,,,,,,,,,,,,whois_goretongue_1780909469,Mountain Troll Wrecker,Troll,Mountain Troll,Minions of Sauron,high,Warrior,Warrior,Wrecker,low,,,,,,,,,,classified,race_term=Mountain Troll | class_title=Wrecker | who_class_group=Warrior | class_confidence=low,1,no
char_gorlach,Gorlach,player_0047,Idun,Idun,,listed_same_player,accepted,medium,evidence_player_group_0047,,,,,,,,,,,,whois_gorlach_1780909475,Tarkhnarb Rider,Orc,Tarkhnarb,Minions of Sauron,high,General,General,Rider,medium,90% Ride,,,,,,,,,classified,race_term=Tarkhnarb | class_title=Rider | who_class_group=General | class_confidence=medium | skill_notes=90% Ride,1,no
char_gorshak,Gorshak,player_0088,Bulldozer,Bulldozer,,listed_same_player,accepted,medium,evidence_player_group_0088,,,,,,,,,,,,whois_gorshak_1780909481,Tarkhnarb Rider,Orc,Tarkhnarb,Minions of Sauron,high,General,General,Rider,medium,90% Ride,,,,,,,,,classified,race_term=Tarkhnarb | class_title=Rider | who_class_group=General | class_confidence=medium | skill_notes=90% Ride,1,no
char_gothia,Gothia,player_0096,Voile,Voile,,listed_same_player,accepted,medium,evidence_player_group_0096,,,,,,,,,,,,whois_gothia_1780909486,Orc,Orc,,Minions of Sauron,high,,,,,,,,,,,,,,race_only,race_term=Orc | base_class_unknown,1,no
char_gothmog,Gothmog,player_0014,Gothmog,Gothmog [Petter],Petter,listed_same_player,accepted,medium,evidence_player_group_0014,,retired,Vala,no,no,2026_06_16_retired_immortals,MUME retired immortal list,List current as of 2026-06-16,immortal_2026_06_16_retired_immortals_gothmog_23_listed_retired_immortal,candidate,Copied by Lewis. Includes Boardreaders and honorary True Legend entry for Norsu.,whois_gothmog_1780909492,Vala,Vala,,Immortals,high,Mudller,Mudller,Mudller,high,,,,,,,Vala,V,Mudller,immortal,immortal_term=Vala | race_term=Vala,2,no
char_grab,Grab,player_0051,Alantir,Alantir,,listed_same_player,accepted,medium,evidence_player_group_0051,,,,,,,,,,,,,,,,,,,,,,,,,,,,,,,no_whois_classification,No classification row found,0,yes
char_gradash,Gradash,player_0052,Salmar,Salmar,,listed_same_player,accepted,medium,evidence_player_group_0052,,,,,,,,,,,,whois_gradash_1780909503,Tarkhnarb Archer,Orc,Tarkhnarb,Minions of Sauron,high,Thief,Thief,Archer,medium,Unknown percent Missile,,,,,,,,,classified,race_term=Tarkhnarb | class_title=Archer | who_class_group=Thief | class_confidence=medium | skill_notes=Unknown percent Missile,1,no
char_grak,Grak,player_0126,Deris,Deris,,listed_same_player,accepted,medium,evidence_player_group_0126,,,,,,,,,,,,whois_grak_1780909509,Tarkhnarb Battlemaster,Orc,Tarkhnarb,Minions of Sauron,high,Warrior,Warrior,Battlemaster,high,,,,,,,,,,classified,race_term=Tarkhnarb | class_title=Battlemaster | who_class_group=Warrior | class_confidence=high,1,no
char_grakk,Grakk,player_0098,Dragor,Dragor,,listed_same_player,accepted,medium,evidence_player_group_0098,,,,,,,,,,,,,,,,,,,,,,,,,,,,,,,no_whois_classification,No classification row found,0,yes
char_grand,Grand,player_0217,Beat,Beat [Joosep],Joosep,listed_same_player,accepted,medium,evidence_player_group_0217,,,,,,,,,,,,whois_grand_1780909520,Tarkhnarb Champion,Orc,Tarkhnarb,Minions of Sauron,high,General,General,Champion,medium,,,,,,,,,,classified,race_term=Tarkhnarb | class_title=Champion | who_class_group=General | class_confidence=medium,1,no
char_grang,Grang,player_0220,Strine,Strine,,listed_same_player,accepted,medium,evidence_player_group_0220,,,,,,,,,,,,,,,,,,,,,,,,,,,,,,,no_whois_classification,No classification row found,0,yes
char_granite,Granite,player_0018,Feanor,Feanor,,listed_same_player,accepted,medium,evidence_player_group_0018,,,,,,,,,,,,whois_granite_1780909531,Hill Troll Warrior,Troll,Hill Troll,Minions of Sauron,high,Warrior,Warrior,Warrior,medium,,,,,,,,,,classified,race_term=Hill Troll | class_title=Warrior | who_class_group=Warrior | class_confidence=medium,1,no
char_granvil,Granvil,player_0086,Squiffy,Squiffy,,listed_same_player,accepted,medium,evidence_player_group_0086,,,,,,,,,,,,whois_granvil_1780909536,Black Númenórean Envoy,Man,Black Númenórean,Minions of Sauron,high,General,General,Envoy,medium,,,,,,,,,,classified,race_term=Black Númenórean | class_title=Envoy | who_class_group=General | class_confidence=medium,1,no
char_grashnak,Grashnak,player_0052,Salmar,Salmar,,listed_same_player,accepted,medium,evidence_player_group_0052,,,,,,,,,,,,whois_grashnak_1780909542,Orc,Orc,,Minions of Sauron,high,,,,,,,,,,,,,,race_only,race_term=Orc | base_class_unknown,1,no
char_graugh,Graugh,player_0018,Feanor,Feanor,,listed_same_player,accepted,medium,evidence_player_group_0018,,,,,,,,,,,,whois_graugh_1780909547,Tarkhnarb Rider,Orc,Tarkhnarb,Minions of Sauron,high,General,General,Rider,medium,90% Ride,,,,,,,,,classified,race_term=Tarkhnarb | class_title=Rider | who_class_group=General | class_confidence=medium | skill_notes=90% Ride,2,no
char_gray,Gray,player_0190,Gray,Gray [Gray],Gray,listed_same_player,accepted,medium,evidence_player_group_0190,,,,,,,,,,,,whois_gray_1780820809,Noldorin Wizard,Elf,Noldorin,Free Peoples,medium,Magic-user,Magic-user,Wizard,high,,,,,,,,,,classified,race_term=Noldorin | class_title=Wizard | who_class_group=Magic-user | class_confidence=high,2,no
char_greed,Greed,player_0057,Kenzu,Kenzu,,listed_same_player,accepted,medium,evidence_player_group_0057,,,,,,,,,,,,whois_greed_1780909553,Dwarven Hero,Dwarf,,Free Peoples,medium,General,General,Hero,medium,,,,,,,,,,classified,race_term=Dwarven | class_title=Hero | who_class_group=General | class_confidence=medium,1,no
char_greoldreth,Greoldreth,player_0049,Haazheel,Haazheel,,listed_same_player,accepted,medium,evidence_player_group_0049,,,,,,,,,,,,,,,,,,,,,,,,,,,,,,,no_whois_classification,No classification row found,0,yes
char_grez,Grez,player_0001,Rogon,Rogon,,listed_same_player,accepted,medium,evidence_player_group_0001,,,,,,,,,,,,whois_grez_1780909564,Half-Elf,Half-Elf,,Free Peoples,medium,,,,,,,,,,,,,,race_only,race_term=Half-Elf | base_class_unknown,1,no
char_gringo,Gringo,player_0038,Sabadon,Sabadon,,listed_same_player,accepted,medium,evidence_player_group_0038,,,,,,,,,,,,whois_gringo_1780909569,Hobbit,Hobbit,,Free Peoples,medium,,,,,,,,,,,,,,race_only,race_term=Hobbit | base_class_unknown,1,no
char_grino,Grino,player_0199,Roman,Roman [Roman],Roman,listed_same_player,accepted,medium,evidence_player_group_0199,,,,,,,,,,,,whois_grino_1780832337,Black Númenórean,Man,Black Númenórean,Minions of Sauron,high,,,,,,,,,,,,,,race_only,race_term=Black Númenórean | base_class_unknown,1,no
char_gris,Gris,player_0072,Valamir,Valamir [Ole],Ole,listed_same_player,accepted,medium,evidence_player_group_0072,,,,,,,,,,,,whois_gris_1780909575,Half-Elf,Half-Elf,,Free Peoples,medium,,,,,,,,,,,,,,race_only,race_term=Half-Elf | base_class_unknown,1,no
char_grishelda,Grishelda,player_0058,Steele,Steele [Dan],Dan,listed_same_player,accepted,medium,evidence_player_group_0058,,,,,,,,,,,,whois_grishelda_1780909580,Morruhk Adventurer,Orc,Morruhk,Minions of Sauron,high,General,General,Adventurer,medium,,,,,,,,,,classified,race_term=Morruhk | class_title=Adventurer | who_class_group=General | class_confidence=medium,1,no
char_grishnak_shag,Grishnak(Shag),player_0015,Ghostly,Ghostly,,listed_same_player,accepted,medium,evidence_player_group_0015,,,,,,,,,,,,,,,,,,,,,,,,,,,,,,,no_whois_classification,No classification row found,0,yes
char_grishtar,Grishtar,player_0070,Heldo,Heldo [Jens],Jens,listed_same_player,accepted,medium,evidence_player_group_0070,,,,,,,,,,,,,,,,,,,,,,,,,,,,,,,no_whois_classification,No classification row found,0,yes
char_grok,Grok,player_0058,Steele,Steele [Dan],Dan,listed_same_player,accepted,medium,evidence_player_group_0058,,,,,,,,,,,,whois_gròk_1780909597,Dwarven Bodyguard,Dwarf,,Free Peoples,medium,Warrior,Warrior,Bodyguard,high,80% Rescue,,,,,,,,,classified,race_term=Dwarven | class_title=Bodyguard | who_class_group=Warrior | class_confidence=high | skill_notes=80% Rescue,1,no
char_grom,Grom,player_0036,Atlas,Atlas,,listed_same_player,accepted,medium,evidence_player_group_0036,,,,,,,,,,,,whois_grom_1780909603,Tarkhnarb Battlemaster,Orc,Tarkhnarb,Minions of Sauron,high,Warrior,Warrior,Battlemaster,high,,,,,,,,,,classified,race_term=Tarkhnarb | class_title=Battlemaster | who_class_group=Warrior | class_confidence=high,1,no
char_gromk,Gromk,player_0076,Bigger,Bigger [Jakob],Jakob,listed_same_player,accepted,medium,evidence_player_group_0076,,,,,,,,,,,,,,,,,,,,,,,,,,,,,,,no_whois_classification,No classification row found,0,yes
char_grukh,Grukh,player_0037,Bobbie,Bobbie,,listed_same_player,accepted,medium,evidence_player_group_0037,,,,,,,,,,,,whois_grukh_1780909614,Troll,Troll,,Minions of Sauron,high,,,,,,,,,,,,,,race_only,race_term=Troll | base_class_unknown,1,no
char_grul,Grul,player_0014,Gothmog,Gothmog [Petter],Petter,listed_same_player,accepted,medium,evidence_player_group_0014,,,,,,,,,,,,whois_grul_1780909619,Troll,Troll,,Minions of Sauron,high,,,,,,,,,,,,,,race_only,race_term=Troll | base_class_unknown,1,no
char_grume,Grume,player_0014,Gothmog,Gothmog [Petter],Petter,listed_same_player,accepted,medium,evidence_player_group_0014,,,,,,,,,,,,,,,,,,,,,,,,,,,,,,,no_whois_classification,No classification row found,0,yes
char_grumph,Grumph,player_0058,Steele,Steele [Dan],Dan,listed_same_player,accepted,medium,evidence_player_group_0058,,,,,,,,,,,,whois_grumph_1780909630,Dwarf,Dwarf,,Free Peoples,medium,,,,,,,,,,,,,,race_only,race_term=Dwarf | base_class_unknown,1,no
char_grunganator,Grunganator,player_0216,Grunge,Grunge,,listed_same_player,accepted,medium,evidence_player_group_0216,,,,,,,,,,,,whois_grunganator_1780909636,Dwarven Battlemaster,Dwarf,,Free Peoples,medium,Warrior,Warrior,Battlemaster,high,,,,,,,,,,classified,race_term=Dwarven | class_title=Battlemaster | who_class_group=Warrior | class_confidence=high,1,no
char_grunge,Grunge,player_0216,Grunge,Grunge,,listed_same_player,accepted,medium,evidence_player_group_0216,,retired,Boardreader,no,no,2026_06_16_retired_immortals,MUME retired immortal list,List current as of 2026-06-16,immortal_2026_06_16_retired_immortals_grunge_487_listed_retired_immortal,candidate,Copied by Lewis. Includes Boardreaders and honorary True Legend entry for Norsu.,whois_grunge_1780909642,Maia,Maia,,Immortals,high,,,,,,,,,,,Maia,M,,immortal,immortal_term=Maia | race_term=Maia,2,no
char_gruuk,Gruuk,player_0017,Alkar,Alkar,,listed_same_player,accepted,medium,evidence_player_group_0017,,,,,,,,,,,,,,,,,,,,,,,,,,,,,,,no_whois_classification,No classification row found,0,yes
char_gruumsh,Gruumsh,player_0119,Zeus,Zeus,,listed_same_player,accepted,medium,evidence_player_group_0119,,,,,,,,,,,,whois_gruumsh_1780909653,Orc,Orc,,Minions of Sauron,high,,,,,,,,,,,,,,race_only,race_term=Orc | base_class_unknown,1,no
char_grymsh,Grymsh,player_0030,Manatark,Manatark [Kaido],Kaido,listed_same_player,accepted,medium,evidence_player_group_0030,,,,,,,,,,,,whois_grymsh_1780909658,Orc,Orc,,Minions of Sauron,high,,,,,,,,,,,,,,race_only,race_term=Orc | base_class_unknown,1,no
char_grytash,Grytash,player_0075,Bjorn,Bjorn [Bjorn],Bjorn,listed_same_player,accepted,medium,evidence_player_group_0075,,,,,,,,,,,,whois_grytash_1780909664,Orc,Orc,,Minions of Sauron,high,,,,,,,,,,,,,,race_only,race_term=Orc | base_class_unknown,1,no
char_grythar,Grythar,player_0065,Wryak,Wryak [Tapio],Tapio,listed_same_player,accepted,medium,evidence_player_group_0065,,,,,,,,,,,,whois_grythar_1780909670,Tarkhnarb Veteran,Orc,Tarkhnarb,Minions of Sauron,high,Warrior,Warrior,Veteran,high,,,,,,,,,,classified,race_term=Tarkhnarb | class_title=Veteran | who_class_group=Warrior | class_confidence=high,1,no
char_guglunk,Guglunk,player_0031,Swork,Swork,,listed_same_player,accepted,medium,evidence_player_group_0031,,,,,,,,,,,,whois_guglunk_1780909675,Tarkhnarb Necromancer,Orc,Tarkhnarb,Minions of Sauron,high,Cleric,Cleric,Necromancer,high,,,,,,,,,,classified,race_term=Tarkhnarb | class_title=Necromancer | who_class_group=Cleric | class_confidence=high,1,no
char_guido,Guido,player_0170,Guido,Guido,,listed_same_player,accepted,medium,evidence_player_group_0170,,,,,,,,,,,,whois_guido_1780909681,Man,Man,,Free Peoples,medium,,,,,,,,,,,,,,race_only,race_term=Man | base_class_unknown,1,no
char_gulag,Gulag,player_0047,Idun,Idun,,listed_same_player,accepted,medium,evidence_player_group_0047,,,,,,,,,,,,whois_gulag_1780909686,back where he belongs is a level forty-four Tarkhnarb Soldier,Orc,Tarkhnarb,Minions of Sauron,high,Warrior,Warrior,Soldier,high,,,,,,,,,,parser_suspect_or_custom_descriptor,race_term=Tarkhnarb | class_title=Soldier | who_class_group=Warrior | class_confidence=high | unmatched=back where he belongs is a level forty-four,1,yes
char_gundor,Gundor,player_0060,Amandil,Amandil,,listed_same_player,accepted,medium,evidence_player_group_0060,,,,,,,,,,,,whois_gundor_1780909692,Dúnadan Battlemaster,Man,Dúnedain,Free Peoples,medium,Warrior,Warrior,Battlemaster,high,,,,,,,,,,classified,race_term=Dúnadan | class_title=Battlemaster | who_class_group=Warrior | class_confidence=high,1,no
char_gurgel,Gurgel,player_0071,Marre,Marre [Martin],Martin,listed_same_player,accepted,medium,evidence_player_group_0071,,,,,,,,,,,,,,,,,,,,,,,,,,,,,,,no_whois_classification,No classification row found,0,yes
char_guthol,Guthol,player_0050,Simba,Simba,,listed_same_player,accepted,medium,evidence_player_group_0050,,,,,,,,,,,,,,,,,,,,,,,,,,,,,,,no_whois_classification,No classification row found,0,yes
char_gwira,Gwira,player_0004,Wow,Wow,,listed_same_player,accepted,medium,evidence_player_group_0004,,,,,,,,,,,,whois_gwira_1780909709,Rohirric Battlemaster,Man,Rohirrim,Free Peoples,medium,Warrior,Warrior,Battlemaster,high,,,,,,,,,,classified,race_term=Rohirric | class_title=Battlemaster | who_class_group=Warrior | class_confidence=high,1,no
char_haazheel,Haazheel,player_0049,Haazheel,Haazheel,,listed_same_player,accepted,medium,evidence_player_group_0049,,,,,,,,,,,,,,,,,,,,,,,,,,,,,,,no_whois_classification,No classification row found,0,yes
char_hairfoot,Hairfoot,player_0031,Swork,Swork,,listed_same_player,accepted,medium,evidence_player_group_0031,,,,,,,,,,,,whois_hairfoot_1780909720,Fallohide Scout,Hobbit,Fallohide,Free Peoples,medium,Thief,Thief,Scout,high,,,,,,,,,,classified,race_term=Fallohide | class_title=Scout | who_class_group=Thief | class_confidence=high,1,no
char_haisam,Haisam,player_0198,Fisben,Fisben [Gleb],Gleb,listed_same_player,accepted,medium,evidence_player_group_0198,,,,,,,,,,,,,,,,,,,,,,,,,,,,,,,no_whois_classification,No classification row found,0,yes
char_haista,Haista,player_0095,Haista,Haista,,listed_same_player,accepted,medium,evidence_player_group_0095,,,,,,,,,,,,,,,,,,,,,,,,,,,,,,,no_whois_classification,No classification row found,0,yes
char_haity,Haity,player_0191,Haity,Haity [Haity],Haity,listed_same_player,accepted,medium,evidence_player_group_0191,,,,,,,,,,,,whois_haity_1780909737,Noldorin Matriarch,Elf,Noldorin,Free Peoples,medium,Cleric,Cleric,Matriarch,high,,,,,female,high,,,,classified,race_term=Noldorin | class_title=Matriarch | who_class_group=Cleric | class_confidence=high,1,no
char_haladdin,Haladdin,player_0199,Roman,Roman [Roman],Roman,listed_same_player,accepted,medium,evidence_player_group_0199,,,,,,,,,,,,whois_haladdin_1780909742,Black Númenórean,Man,Black Númenórean,Minions of Sauron,high,,,,,,,,,,,,,,race_only,race_term=Black Númenórean | base_class_unknown,1,no
char_halas,Halas,player_0158,Ainafea,Ainafea,,listed_same_player,accepted,medium,evidence_player_group_0158,,,,,,,,,,,,whois_hälas_1780909748,Elf,Elf,,Free Peoples,medium,,,,,,,,,,,,,,race_only,race_term=Elf | base_class_unknown,1,no
char_haldor,Haldor,player_0029,Faint,Faint,,listed_same_player,accepted,medium,evidence_player_group_0029,,,,,,,,,,,,whois_haldor_1780909754,Noldorin Warden,Elf,Noldorin,Free Peoples,medium,Warrior,Warrior,Warden,high,75% Bash,,,,,,,,,classified,race_term=Noldorin | class_title=Warden | who_class_group=Warrior | class_confidence=high | skill_notes=75% Bash,1,no
char_halir,Halir,player_0161,Halir,Halir,,listed_same_player,accepted,medium,evidence_player_group_0161,,,,,,,,,,,,,,,,,,,,,,,,,,,,,,,no_whois_classification,No classification row found,0,yes
char_hamfist,Hamfist,player_0087,Bounty,Bounty,,listed_same_player,accepted,medium,evidence_player_group_0087,,,,,,,,,,,,whois_hamfist_1780909765,Hobbit,Hobbit,,Free Peoples,medium,,,,,,,,,,,,,,race_only,race_term=Hobbit | base_class_unknown,1,no
char_hamlas,Hamlas,player_0098,Dragor,Dragor,,listed_same_player,accepted,medium,evidence_player_group_0098,,,,,,,,,,,,,,,,,,,,,,,,,,,,,,,no_whois_classification,No classification row found,0,yes
char_hannibal,Hannibal,player_0103,Edvard,Edvard [Aron],Aron,listed_same_player,accepted,medium,evidence_player_group_0103,,,,,,,,,,,,whois_hannibal_1780909776,at the gates is a level forty Tarkhnarb Warg-rider,Orc,Tarkhnarb,Minions of Sauron,high,Warrior,Warrior,Warg-rider,low,,,,,,,,,,parser_suspect_or_custom_descriptor,race_term=Tarkhnarb | class_title=Warg-rider | who_class_group=Warrior | class_confidence=low | unmatched=at the gates is a level forty,1,yes
char_hanr,Hanr,player_0186,Hanr,Hanr,,listed_same_player,accepted,medium,evidence_player_group_0186,,,,,,,,,,,,whois_hanr_1780909782,Dwarven Warden,Dwarf,,Free Peoples,medium,Warrior,Warrior,Warden,high,75% Bash,,,,,,,,,classified,race_term=Dwarven | class_title=Warden | who_class_group=Warrior | class_confidence=high | skill_notes=75% Bash,1,no
char_harakiri,Harakiri,player_0062,Auriane,Auriane [Bob],Bob,listed_same_player,accepted,medium,evidence_player_group_0062,,,,,,,,,,,,whois_harakiri_1780909787,Elf,Elf,,Free Peoples,medium,,,,,,,,,,,,,,race_only,race_term=Elf | base_class_unknown,1,no
char_hark,Hark,player_0101,Healy,Healy,,listed_same_player,accepted,medium,evidence_player_group_0101,,,,,,,,,,,,whois_hark_1780909793,Orc,Orc,,Minions of Sauron,high,,,,,,,,,,,,,,race_only,race_term=Orc | base_class_unknown,1,no
char_harowen,Harowen,player_0036,Atlas,Atlas,,listed_same_player,accepted,medium,evidence_player_group_0036,,,,,,,,,,,,whois_harowen_1780909799,Black Númenórean,Man,Black Númenórean,Minions of Sauron,high,,,,,,,,,,,,,,race_only,race_term=Black Númenórean | base_class_unknown,1,no
char_hashtak,Hashtak,player_0072,Valamir,Valamir [Ole],Ole,listed_same_player,accepted,medium,evidence_player_group_0072,,,,,,,,,,,,whois_hashtak_1780909804,Orc,Orc,,Minions of Sauron,high,,,,,,,,,,,,,,race_only,race_term=Orc | base_class_unknown,1,no
char_hasta,Hasta,player_0076,Bigger,Bigger [Jakob],Jakob,listed_same_player,accepted,medium,evidence_player_group_0076,,,,,,,,,,,,,,,,,,,,,,,,,,,,,,,no_whois_classification,No classification row found,0,yes
char_hatch,Hatch,player_0192,Moonshade,Moonshade [Alex],Alex,listed_same_player,accepted,medium,evidence_player_group_0192,,,,,,,,,,,,whois_hatch_1780909815,Hill Troll Warrior,Troll,Hill Troll,Minions of Sauron,high,Warrior,Warrior,Warrior,medium,,,,,,,,,,classified,race_term=Hill Troll | class_title=Warrior | who_class_group=Warrior | class_confidence=medium,1,no
char_hate,Hate,player_0130,Hate,Hate,,listed_same_player,accepted,medium,evidence_player_group_0130,,,,,,,,,,,,whois_hate_1780909821,Black Númenórean Warlock,Man,Black Númenórean,Minions of Sauron,high,Magic-user,Magic-user,Warlock,high,,,,,male,medium,,,,classified,race_term=Black Númenórean | class_title=Warlock | who_class_group=Magic-user | class_confidence=high,1,no
char_hated,Hated,player_0223,Hated,Hated,,listed_same_player,accepted,medium,evidence_player_group_0223,,,,,,,,,,,,whois_hated_1780909826,Dúnadan Adventurer,Man,Dúnedain,Free Peoples,medium,General,General,Adventurer,medium,,,,,,,,,,classified,race_term=Dúnadan | class_title=Adventurer | who_class_group=General | class_confidence=medium,1,no
char_hatred,Hatred,player_0129,Liliah,Liliah,,listed_same_player,accepted,medium,evidence_player_group_0129,,,,,,,,,,,,whois_hatred_1780909832,Orc,Orc,,Minions of Sauron,high,,,,,,,,,,,,,,race_only,race_term=Orc | base_class_unknown,2,no
char_hazel,Hazel,player_0094,Almarian,Almarian,,listed_same_player,accepted,medium,evidence_player_group_0094,,,,,,,,,,,,whois_hazel_1780909837,Half-Elf,Half-Elf,,Free Peoples,medium,,,,,,,,,,,,,,race_only,race_term=Half-Elf | base_class_unknown,1,no
char_healer,Healer,player_0031,Swork,Swork,,listed_same_player,accepted,medium,evidence_player_group_0031,,,,,,,,,,,,whois_healer_1780909843,Beorning Rider,Man,Beorning,Free Peoples,medium,General,General,Rider,medium,90% Ride,,,,,,,,,classified,race_term=Beorning | class_title=Rider | who_class_group=General | class_confidence=medium | skill_notes=90% Ride,1,no
char_healy,Healy,player_0101,Healy,Healy,,listed_same_player,accepted,medium,evidence_player_group_0101,,,,,,,,,,,,,,,,,,,,,,,,,,,,,,,no_whois_classification,No classification row found,0,yes
char_heather,Heather,player_0038,Sabadon,Sabadon,,listed_same_player,accepted,medium,evidence_player_group_0038,,,,,,,,,,,,,,,,,,,,,,,,,,,,,,,no_whois_classification,No classification row found,0,yes
char_heldo,Heldo,player_0070,Heldo,Heldo [Jens],Jens,listed_same_player,accepted,medium,evidence_player_group_0070,,,,,,,,,,,,,,,,,,,,,,,,,,,,,,,no_whois_classification,No classification row found,0,yes
char_hele,Hele,player_0168,Linar,Linar,,listed_same_player,accepted,medium,evidence_player_group_0168,,,,,,,,,,,,whois_hele_1780909866,Fallohide Footpad,Hobbit,Fallohide,Free Peoples,medium,Thief,Thief,Footpad,high,,,,,,,,,,classified,race_term=Fallohide | class_title=Footpad | who_class_group=Thief | class_confidence=high,1,no
char_helga,Helga,player_0200,Helga,Helga [Aleks],Aleks,listed_same_player,accepted,medium,evidence_player_group_0200,,,,,,,,,,,,whois_helga_1780909871,Half-Elf,Half-Elf,,Free Peoples,medium,,,,,,,,,,,,,,race_only,race_term=Half-Elf | base_class_unknown,1,no
char_helios,Helios,player_0090,Rayden,Rayden,,listed_same_player,accepted,medium,evidence_player_group_0090,,,,,,,,,,,,whois_helios_1780911691,Elf,Elf,,Free Peoples,medium,,,,,,,,,,,,,,race_only,race_term=Elf | base_class_unknown,1,no
char_henduil,Henduil,player_0213,Sibur,Sibur [Maxim],Maxim,listed_same_player,accepted,medium,evidence_player_group_0213,,,,,,,,,,,,,,,,,,,,,,,,,,,,,,,no_whois_classification,No classification row found,0,yes
char_hercule,Hercule,player_0064,Saeth,Saeth [Wojtek],Wojtek,listed_same_player,accepted,medium,evidence_player_group_0064,,,,,,,,,,,,whois_hercule_1780911702,Broadbeam Adventurer,Dwarf,Broadbeam,Free Peoples,medium,General,General,Adventurer,medium,,,,,,,,,,classified,race_term=Broadbeam | class_title=Adventurer | who_class_group=General | class_confidence=medium,1,no
char_herman,Herman,player_0061,Siroth,Siroth,,listed_same_player,accepted,medium,evidence_player_group_0061,,,,,,,,,,,,whois_herman_1780911707,Hill Troll Brute,Troll,Hill Troll,Minions of Sauron,high,Warrior,Warrior,Brute,low,,,,,,,,,,classified,race_term=Hill Troll | class_title=Brute | who_class_group=Warrior | class_confidence=low,1,no
char_herold,Herold,player_0006,Chavez,Chavez,,listed_same_player,accepted,medium,evidence_player_group_0006,,,,,,,,,,,,whois_héróld_1780911713,Rohirric Patriarch,Man,Rohirrim,Free Peoples,medium,Cleric,Cleric,Patriarch,high,,,,,male,high,,,,classified,race_term=Rohirric | class_title=Patriarch | who_class_group=Cleric | class_confidence=high,1,no
char_hex,Hex,player_0092,Basha,Basha,,listed_same_player,accepted,medium,evidence_player_group_0092,,,,,,,,,,,,whois_hex_1780911718,Dúnadan Quickblade,Man,Dúnedain,Free Peoples,medium,Thief,Thief,Quickblade,high,,,,,,,,,,classified,race_term=Dúnadan | class_title=Quickblade | who_class_group=Thief | class_confidence=high,1,no
char_hobit,Hobit,player_0092,Basha,Basha,,listed_same_player,accepted,medium,evidence_player_group_0092,,current,Maia,no,no,2026_06_16_current_immortals,MUME current immortal list,List current as of 2026-06-16,immortal_2026_06_16_current_immortals_hobit_74_listed_current_immortal,candidate,Copied by Lewis. (+m) means the immortal is also a Maiar Muddler / muddle code contributor.,whois_hobit_1780911724,Maia,Maia,,Immortals,high,Cartographer,Cartographer,Cartographer,high,,,,,,,Maia,M,Cartographer,immortal,immortal_term=Maia | race_term=Maia,2,no
char_hoeth,Hoeth,player_0125,Ausir,Ausir,,listed_same_player,accepted,medium,evidence_player_group_0125,,,,,,,,,,,,whois_hoeth_1780911729,Half-Elf,Half-Elf,,Free Peoples,medium,,,,,,,,,,,,,,race_only,race_term=Half-Elf | base_class_unknown,1,no
char_hoho,Hoho,player_0053,Hoho,Hoho,,listed_same_player,accepted,medium,evidence_player_group_0053,,retired,Maia,no,no,2026_06_16_retired_immortals,MUME retired immortal list,List current as of 2026-06-16,immortal_2026_06_16_retired_immortals_hoho_247_listed_retired_immortal,candidate,Copied by Lewis. Includes Boardreaders and honorary True Legend entry for Norsu.,whois_hoho_1780911735,Maia,Maia,,Immortals,high,Cartographer,Cartographer,Cartographer,high,,,,,,,Maia,M,Cartographer,immortal,immortal_term=Maia | race_term=Maia,2,no
char_holg,Holg,player_0192,Moonshade,Moonshade [Alex],Alex,listed_same_player,accepted,medium,evidence_player_group_0192,,,,,,,,,,,,,,,,,,,,,,,,,,,,,,,no_whois_classification,No classification row found,0,yes
char_holy,Holy,player_0192,Moonshade,Moonshade [Alex],Alex,listed_same_player,accepted,medium,evidence_player_group_0192,,,,,,,,,,,,whois_holy_1780911746,Orc,Orc,,Minions of Sauron,high,,,,,,,,,,,,,,race_only,race_term=Orc | base_class_unknown,1,no
char_horgy,Horgy,player_0098,Dragor,Dragor,,listed_same_player,accepted,medium,evidence_player_group_0098,,,,,,,,,,,,,,,,,,,,,,,,,,,,,,,no_whois_classification,No classification row found,0,yes
char_horstats,Horstats,player_0038,Sabadon,Sabadon,,listed_same_player,accepted,medium,evidence_player_group_0038,,,,,,,,,,,,whois_horstats_1780911757,Orc,Orc,,Minions of Sauron,high,,,,,,,,,,,,,,race_only,race_term=Orc | base_class_unknown,1,no
char_horus,Horus,player_0128,Bornack,Bornack [Fredrik],Fredrik,listed_same_player,accepted,medium,evidence_player_group_0128,,,,,,,,,,,,whois_horus_1780911763,Tarkhnarb Veteran,Orc,Tarkhnarb,Minions of Sauron,high,Warrior,Warrior,Veteran,high,,,,,,,,,,classified,race_term=Tarkhnarb | class_title=Veteran | who_class_group=Warrior | class_confidence=high,1,no
char_hovado,Hovado,player_0069,Pilsner,Pilsner [Jurek],Jurek,listed_same_player,accepted,medium,evidence_player_group_0069,,,,,,,,,,,,whois_hovado_1780911768,Tarkhnarb Battlemaster,Orc,Tarkhnarb,Minions of Sauron,high,Warrior,Warrior,Battlemaster,high,,,,,,,,,,classified,race_term=Tarkhnarb | class_title=Battlemaster | who_class_group=Warrior | class_confidence=high,1,no
char_hrive,Hrive,player_0047,Idun,Idun,,listed_same_player,accepted,medium,evidence_player_group_0047,,,,,,,,,,,,,,,,,,,,,,,,,,,,,,,no_whois_classification,No classification row found,0,yes
char_hrolth,Hrolth,player_0058,Steele,Steele [Dan],Dan,listed_same_player,accepted,medium,evidence_player_group_0058,,,,,,,,,,,,,,,,,,,,,,,,,,,,,,,no_whois_classification,No classification row found,0,yes
char_hrothgar,Hrothgar,player_0002,Ajax,Ajax,,listed_same_player,accepted,medium,evidence_player_group_0002,,,,,,,,,,,,,,,,,,,,,,,,,,,,,,,no_whois_classification,No classification row found,0,yes
char_hrym,Hrym,player_0187,Cano,Cano [Tanel],Tanel,listed_same_player,accepted,medium,evidence_player_group_0187,,retired,Boardreader,no,no,2026_06_16_retired_immortals,MUME retired immortal list,List current as of 2026-06-16,immortal_2026_06_16_retired_immortals_hrym_504_listed_retired_immortal,candidate,Copied by Lewis. Includes Boardreaders and honorary True Legend entry for Norsu.,whois_hrym_1780911791,Maia,Maia,,Immortals,high,,,,,,,,,,,Maia,M,,immortal,immortal_term=Maia | race_term=Maia,2,no
char_hudson,Hudson,player_0162,Hudson,Hudson,,listed_same_player,accepted,medium,evidence_player_group_0162,,,,,,,,,,,,whois_hudson_1780911796,Hobbit,Hobbit,,Free Peoples,medium,,,,,,,,,,,,,,race_only,race_term=Hobbit | base_class_unknown,1,no
char_hugo,Hugo,player_0008,Fingeror,Fingeror [Jocke],Jocke,listed_same_player,accepted,medium,evidence_player_group_0008,,,,,,,,,,,,whois_hugo_1780911802,Dwarf,Dwarf,,Free Peoples,medium,,,,,,,,,,,,,,race_only,race_term=Dwarf | base_class_unknown,1,no
char_huher,Huher,player_0020,Bubla,Bubla,,listed_same_player,accepted,medium,evidence_player_group_0020,,,,,,,,,,,,whois_huher_1780911808,Dwarven Battlemaster,Dwarf,,Free Peoples,medium,Warrior,Warrior,Battlemaster,high,,,,,,,,,,classified,race_term=Dwarven | class_title=Battlemaster | who_class_group=Warrior | class_confidence=high,1,no
char_hukor,Hukor,player_0046,Filibert,Filibert,,listed_same_player,accepted,medium,evidence_player_group_0046,,,,,,,,,,,,,,,,,,,,,,,,,,,,,,,no_whois_classification,No classification row found,0,yes
char_hunchback,Hunchback,player_0047,Idun,Idun,,listed_same_player,accepted,medium,evidence_player_group_0047,,,,,,,,,,,,whois_hunchback_1780911819,Hill Troll Fighter,Troll,Hill Troll,Minions of Sauron,high,Warrior,Warrior,Fighter,low,,,,,,,,,,classified,race_term=Hill Troll | class_title=Fighter | who_class_group=Warrior | class_confidence=low,1,no
char_hurar,Hurar,player_0065,Wryak,Wryak [Tapio],Tapio,listed_same_player,accepted,medium,evidence_player_group_0065,,,,,,,,,,,,,,,,,,,,,,,,,,,,,,,no_whois_classification,No classification row found,0,yes
char_hwarang,Hwarang,player_0064,Saeth,Saeth [Wojtek],Wojtek,listed_same_player,accepted,medium,evidence_player_group_0064,,,,,,,,,,,,whois_hwarang_1780911830,Tarkhnarb Champion,Orc,Tarkhnarb,Minions of Sauron,high,General,General,Champion,medium,,,,,,,,,,classified,race_term=Tarkhnarb | class_title=Champion | who_class_group=General | class_confidence=medium,1,no
char_hwoarang,Hwoarang,player_0023,Bah,Bah [Jan],Jan,listed_same_player,accepted,medium,evidence_player_group_0023,,,,,,,,,,,,whois_hwoarang_1780911836,Man,Man,,Free Peoples,medium,,,,,,,,,,,,,,race_only,race_term=Man | base_class_unknown,1,no
char_hybrid,Hybrid,player_0052,Salmar,Salmar,,listed_same_player,accepted,medium,evidence_player_group_0052,,,,,,,,,,,,whois_hybrid_1780911842,Mountain Troll Warrior,Troll,Mountain Troll,Minions of Sauron,high,Warrior,Warrior,Warrior,medium,,,,,,,,,,classified,race_term=Mountain Troll | class_title=Warrior | who_class_group=Warrior | class_confidence=medium,1,no
char_hyung,Hyung,player_0064,Saeth,Saeth [Wojtek],Wojtek,listed_same_player,accepted,medium,evidence_player_group_0064,,,,,,,,,,,,,,,,,,,,,,,,,,,,,,,no_whois_classification,No classification row found,0,yes
char_hyurk,Hyurk,player_0065,Wryak,Wryak [Tapio],Tapio,listed_same_player,accepted,medium,evidence_player_group_0065,,,,,,,,,,,,,,,,,,,,,,,,,,,,,,,no_whois_classification,No classification row found,0,yes
char_ibis,Ibis,player_0207,Ibis,Ibis,,listed_same_player,accepted,medium,evidence_player_group_0207,,,,,,,,,,,,whois_ibis_1780911859,Dwarf,Dwarf,,Free Peoples,medium,,,,,,,,,,,,,,race_only,race_term=Dwarf | base_class_unknown,1,no
char_iblis,Iblis,player_0100,Quillis,Quillis,,listed_same_player,accepted,medium,evidence_player_group_0100,,,,,,,,,,,,,,,,,,,,,,,,,,,,,,,no_whois_classification,No classification row found,0,yes
char_ibrahim,Ibrahim,player_0040,Shadrach,Shadrach,,listed_same_player,accepted,medium,evidence_player_group_0040,,,,,,,,,,,,whois_ibrahim_1780911870,Dwarven Axemaster,Dwarf,,Free Peoples,medium,Warrior,Warrior,Axemaster,high,100% cleaving weapons,,,,,,,,,classified,race_term=Dwarven | class_title=Axemaster | who_class_group=Warrior | class_confidence=high | skill_notes=100% cleaving weapons,1,no
char_ickabod,Ickabod,player_0013,Farin,Farin,,listed_same_player,accepted,medium,evidence_player_group_0013,,,,,,,,,,,,whois_ickabod_1780911875,Black Númenórean Mercenary,Man,Black Númenórean,Minions of Sauron,high,Warrior,Warrior,Mercenary,low,,,,,,,,,,classified,race_term=Black Númenórean | class_title=Mercenary | who_class_group=Warrior | class_confidence=low,1,no
char_idun,Idun,player_0047,Idun,Idun,,listed_same_player,accepted,medium,evidence_player_group_0047,,,,,,,,,,,,,,,,,,,,,,,,,,,,,,,no_whois_classification,No classification row found,0,yes
char_ieras,Ieras,player_0035,Fankil,Fankil [Alexander],Alexander,listed_same_player,accepted,medium,evidence_player_group_0035,,,,,,,,,,,,,,,,,,,,,,,,,,,,,,,no_whois_classification,No classification row found,0,yes
char_ike,Ike,player_0058,Steele,Steele [Dan],Dan,listed_same_player,accepted,medium,evidence_player_group_0058,,,,,,,,,,,,whois_ike_1780911892,Hobbit,Hobbit,,Free Peoples,medium,,,,,,,,,,,,,,race_only,race_term=Hobbit | base_class_unknown,1,no
char_ilgamar,Ilgamar,player_0058,Steele,Steele [Dan],Dan,listed_same_player,accepted,medium,evidence_player_group_0058,,,,,,,,,,,,,,,,,,,,,,,,,,,,,,,no_whois_classification,No classification row found,0,yes
char_iljrure,Iljrure,player_0034,Nazgum,Nazgum,,listed_same_player,accepted,medium,evidence_player_group_0034,,,,,,,,,,,,,,,,,,,,,,,,,,,,,,,no_whois_classification,No classification row found,0,yes
char_illusia,Illusia,player_0155,Bellows,Bellows [Matt],Matt,listed_same_player,accepted,medium,evidence_player_group_0155,,,,,,,,,,,,,,,,,,,,,,,,,,,,,,,no_whois_classification,No classification row found,0,yes
char_illyas,Illyas,player_0153,Gloha,Gloha,,listed_same_player,accepted,medium,evidence_player_group_0153,,,,,,,,,,,,whois_illyas_1780911914,Eriadorian Priest,Man,Eriadorian,Free Peoples,medium,Cleric,Cleric,Priest,high,,,,,,,,,,classified,race_term=Eriadorian | class_title=Priest | who_class_group=Cleric | class_confidence=high,1,no
char_ilmacil,Ilmacil,player_0079,Feon,Feon [Johan],Johan,listed_same_player,accepted,medium,evidence_player_group_0079,,,,,,,,,,,,,,,,,,,,,,,,,,,,,,,no_whois_classification,No classification row found,0,yes
char_ilmarin,Ilmarin,player_0125,Ausir,Ausir,,listed_same_player,accepted,medium,evidence_player_group_0125,,,,,,,,,,,,whois_ilmarin_1780911925,Elf,Elf,,Free Peoples,medium,,,,,,,,,,,,,,race_only,race_term=Elf | base_class_unknown,1,no
char_imlach,Imlach,player_0029,Faint,Faint,,listed_same_player,accepted,medium,evidence_player_group_0029,,,,,,,,,,,,whois_imlach_1780911931,Half-elven Champion,Half-Elf,,Free Peoples,medium,General,General,Champion,medium,,,,,,,,,,classified,race_term=Half-elven | class_title=Champion | who_class_group=General | class_confidence=medium,1,no
char_imlis,Imlis,player_0159,Beorel,Beorel,,listed_same_player,accepted,medium,evidence_player_group_0159,,,,,,,,,,,,,,,,,,,,,,,,,,,,,,,no_whois_classification,No classification row found,0,yes
char_implithura,Implithura,player_0066,Tram,Tram,,listed_same_player,accepted,medium,evidence_player_group_0066,,,,,,,,,,,,,,,,,,,,,,,,,,,,,,,no_whois_classification,No classification row found,0,yes
char_imrazor,Imrazor,player_0038,Sabadon,Sabadon,,listed_same_player,accepted,medium,evidence_player_group_0038,,,,,,,,,,,,whois_imrazôr_1780911948,Black Númenórean,Man,Black Númenórean,Minions of Sauron,high,,,,,,,,,,,,,,race_only,race_term=Black Númenórean | base_class_unknown,1,no
char_indra,Indra,player_0063,Ling,Ling,,listed_same_player,accepted,medium,evidence_player_group_0063,,,,,,,,,,,,whois_indra_1780911954,Rohirric Bodyguard,Man,Rohirrim,Free Peoples,medium,Warrior,Warrior,Bodyguard,high,80% Rescue,,,,,,,,,classified,race_term=Rohirric | class_title=Bodyguard | who_class_group=Warrior | class_confidence=high | skill_notes=80% Rescue,1,no
char_ingold,Ingold,player_0052,Salmar,Salmar,,listed_same_player,accepted,medium,evidence_player_group_0052,,,,,,,,,,,,whois_ingold_1780911959,Man,Man,,Free Peoples,medium,,,,,,,,,,,,,,race_only,race_term=Man | base_class_unknown,1,no
char_ingwe,Ingwe,player_0046,Filibert,Filibert,,listed_same_player,accepted,medium,evidence_player_group_0046,,,,,,,,,,,,whois_ingwë_1780911965,Noldorin Battlemaster,Elf,Noldorin,Free Peoples,medium,Warrior,Warrior,Battlemaster,high,,,,,,,,,,classified,race_term=Noldorin | class_title=Battlemaster | who_class_group=Warrior | class_confidence=high,1,no
char_innuendo,Innuendo,player_0028,Enforcer,Enforcer [Ert],Ert,listed_same_player,accepted,medium,evidence_player_group_0028,,,,,,,,,,,,whois_innuendo_1780911970,Half-elven Hero,Half-Elf,,Free Peoples,medium,General,General,Hero,medium,,,,,,,,,,classified,race_term=Half-elven | class_title=Hero | who_class_group=General | class_confidence=medium,1,no
char_insane,Insane,player_0028,Enforcer,Enforcer [Ert],Ert,listed_same_player,accepted,medium,evidence_player_group_0028,,,,,,,,,,,,whois_insane_1780911976,Hill Troll Wrecker,Troll,Hill Troll,Minions of Sauron,high,Warrior,Warrior,Wrecker,low,,,,,,,,,,classified,race_term=Hill Troll | class_title=Wrecker | who_class_group=Warrior | class_confidence=low,1,no
char_inziladun,Inziladun,player_0060,Amandil,Amandil,,listed_same_player,accepted,medium,evidence_player_group_0060,,,,,,,,,,,,whois_inziladûn_1780911981,Black Númenórean,Man,Black Númenórean,Minions of Sauron,high,,,,,,,,,,,,,,race_only,race_term=Black Númenórean | base_class_unknown,1,no
char_iolo,Iolo,player_0130,Hate,Hate,,listed_same_player,accepted,medium,evidence_player_group_0130,,,,,,,,,,,,whois_iolo_1780911987,Silvan Ranger,Elf,Silvan,Free Peoples,medium,General,General,Ranger,medium,High Track; exact requirement uncertain and probably not 100%+,,,,,,,,,classified,race_term=Silvan | class_title=Ranger | who_class_group=General | class_confidence=medium | skill_notes=High Track; exact requirement uncertain and probably not 100%+,1,no
char_ior,Ior,player_0103,Edvard,Edvard [Aron],Aron,listed_same_player,accepted,medium,evidence_player_group_0103,,,,,,,,,,,,whois_ior_1780911993,Hill Troll Brute,Troll,Hill Troll,Minions of Sauron,high,Warrior,Warrior,Brute,low,,,,,,,,,,classified,race_term=Hill Troll | class_title=Brute | who_class_group=Warrior | class_confidence=low,1,no
char_iorlas,Iorlas,player_0035,Fankil,Fankil [Alexander],Alexander,listed_same_player,accepted,medium,evidence_player_group_0035,,,,,,,,,,,,whois_iorlas_1780911998,Rohirric Adventurer,Man,Rohirrim,Free Peoples,medium,General,General,Adventurer,medium,,,,,,,,,,classified,race_term=Rohirric | class_title=Adventurer | who_class_group=General | class_confidence=medium,1,no
char_iranon,Iranon,player_0054,Deor,Deor,,listed_same_player,accepted,medium,evidence_player_group_0054,,,,,,,,,,,,whois_iranon_1780912004,Black Númenórean,Man,Black Númenórean,Minions of Sauron,high,,,,,,,,,,,,,,race_only,race_term=Black Númenórean | base_class_unknown,1,no
char_irogla,Irogla,player_0117,Irogla,Irogla,,listed_same_player,accepted,medium,evidence_player_group_0117,,,,,,,,,,,,,,,,,,,,,,,,,,,,,,,no_whois_classification,No classification row found,0,yes
char_irv,Irv,player_0048,Draggor,Draggor,,listed_same_player,accepted,medium,evidence_player_group_0048,,,,,,,,,,,,whois_irv_1780912015,Tarkhnarb Assassin,Orc,Tarkhnarb,Minions of Sauron,high,Thief,Thief,Assassin,high,,,,,,,,,,classified,race_term=Tarkhnarb | class_title=Assassin | who_class_group=Thief | class_confidence=high,1,no
char_ishant,Ishant,player_0132,Shagrath,Shagrath,,listed_same_player,accepted,medium,evidence_player_group_0132,,,,,,,,,,,,whois_ishant_1780912021,Elf,Elf,,Free Peoples,medium,,,,,,,,,,,,,,race_only,race_term=Elf | base_class_unknown,1,no
char_isolde,Isolde,player_0011,Lancelot,Lancelot [Andreas],Andreas,listed_same_player,accepted,medium,evidence_player_group_0011,,,,,,,,,,,,whois_isolde_1780912026,Eriadorian Heroine,Man,Eriadorian,Free Peoples,medium,General,General,Heroine,medium,,,,,female,high,,,,classified,race_term=Eriadorian | class_title=Heroine | who_class_group=General | class_confidence=medium,1,no
char_itallicus,Itallicus,player_0111,Aram,Aram,,listed_same_player,accepted,medium,evidence_player_group_0111,,,,,,,,,,,,,,,,,,,,,,,,,,,,,,,no_whois_classification,No classification row found,0,yes
char_ithilagos,Ithilagos,player_0036,Atlas,Atlas,,listed_same_player,accepted,medium,evidence_player_group_0036,,,,,,,,,,,,whois_ithilagos_1780912037,Sindarin Battlemaster,Elf,Sindarin,Free Peoples,medium,Warrior,Warrior,Battlemaster,high,,,,,,,,,,classified,race_term=Sindarin | class_title=Battlemaster | who_class_group=Warrior | class_confidence=high,1,no
char_ithy,Ithy,player_0029,Faint,Faint,,listed_same_player,accepted,medium,evidence_player_group_0029,,,,,,,,,,,,,,,,,,,,,,,,,,,,,,,no_whois_classification,No classification row found,0,yes
char_itil,Itil,player_0192,Moonshade,Moonshade [Alex],Alex,listed_same_player,accepted,medium,evidence_player_group_0192,,,,,,,,,,,,whois_itil_1780912048,Half-Elf,Half-Elf,,Free Peoples,medium,,,,,,,,,,,,,,race_only,race_term=Half-Elf | base_class_unknown,1,no
char_ivanushka,Ivanushka,player_0198,Fisben,Fisben [Gleb],Gleb,listed_same_player,accepted,medium,evidence_player_group_0198,,,,,,,,,,,,whois_ivanushka_1780912054,Black Númenórean,Man,Black Númenórean,Minions of Sauron,high,,,,,,,,,,,,,,race_only,race_term=Black Númenórean | base_class_unknown,1,no
char_iwain,Iwain,player_0005,Praiodan,Praiodan [Tomas],Tomas,listed_same_player,accepted,medium,evidence_player_group_0005,,,,,,,,,,,,whois_iwain_1780912059,Man,Man,,Free Peoples,medium,,,,,,,,,,,,,,race_only,race_term=Man | base_class_unknown,1,no
char_iyachtu,Iyachtu,player_0119,Zeus,Zeus,,listed_same_player,accepted,medium,evidence_player_group_0119,,,,,,,,,,,,whois_iyachtu_1780912065,Tarkhnarb Veteran,Orc,Tarkhnarb,Minions of Sauron,high,Warrior,Warrior,Veteran,high,,,,,,,,,,classified,race_term=Tarkhnarb | class_title=Veteran | who_class_group=Warrior | class_confidence=high,1,no
char_jaagern,Jaagern,player_0076,Bigger,Bigger [Jakob],Jakob,listed_same_player,accepted,medium,evidence_player_group_0076,,,,,,,,,,,,whois_jaagern_1780912071,Elf,Elf,,Free Peoples,medium,,,,,,,,,,,,,,race_only,race_term=Elf | base_class_unknown,1,no
char_jabba,Jabba,player_0108,Toe,Toe,,listed_same_player,accepted,medium,evidence_player_group_0108,,retired,Maia,no,no,2026_06_16_retired_immortals,MUME retired immortal list,List current as of 2026-06-16,immortal_2026_06_16_retired_immortals_jabba_117_listed_retired_immortal,candidate,Copied by Lewis. Includes Boardreaders and honorary True Legend entry for Norsu.,whois_jabba_1780912076,Maia,Maia,,Immortals,high,Wright,Wright,Wright,high,,,,,,,Maia,M,Wright,immortal,immortal_term=Maia | race_term=Maia,2,no
char_jadon,Jadon,player_0169,Jadon,Jadon,,listed_same_player,accepted,medium,evidence_player_group_0169,,retired,Boardreader,no,no,2026_06_16_retired_immortals,MUME retired immortal list,List current as of 2026-06-16,immortal_2026_06_16_retired_immortals_jadon_523_listed_retired_immortal,candidate,Copied by Lewis. Includes Boardreaders and honorary True Legend entry for Norsu.,whois_jadon_1780912082,the Kaoolest is a Maia,Maia,,Immortals,high,,,,,,,,,,,Maia,M,,immortal,immortal_term=Maia | race_term=Maia | unmatched=the Kaoolest is a,2,no
char_jamie,Jamie,player_0024,Decoy,Decoy [Peter],Peter,listed_same_player,accepted,medium,evidence_player_group_0024,,,,,,,,,,,,whois_jamie_1780912087,Cave Troll Softskin,Troll,Cave Troll,Minions of Sauron,high,,,Softskin,low,,,,,,,,,,generic_title_no_class,race_term=Cave Troll | class_title=Softskin | class_confidence=low | base_class_unknown,1,no
char_jandor,Jandor,player_0219,Risca,Risca,,listed_same_player,accepted,medium,evidence_player_group_0219,,,,,,,,,,,,whois_jandor_1780912093,Dwarven Hero,Dwarf,,Free Peoples,medium,General,General,Hero,medium,,,,,,,,,,classified,race_term=Dwarven | class_title=Hero | who_class_group=General | class_confidence=medium,1,no
char_janosh,Janosh,player_0035,Fankil,Fankil [Alexander],Alexander,listed_same_player,accepted,medium,evidence_player_group_0035,,,,,,,,,,,,whois_janosh_1780912099,Mountain Troll Brute,Troll,Mountain Troll,Minions of Sauron,high,Warrior,Warrior,Brute,low,,,,,,,,,,classified,race_term=Mountain Troll | class_title=Brute | who_class_group=Warrior | class_confidence=low,1,no
char_jarhala,Jarhala,player_0116,Kazeena,Kazeena,,listed_same_player,accepted,medium,evidence_player_group_0116,,,,,,,,,,,,,,,,,,,,,,,,,,,,,,,no_whois_classification,No classification row found,0,yes
char_jarlaxle,Jarlaxle,player_0146,Dorfl,Dorfl,,listed_same_player,accepted,medium,evidence_player_group_0146,,,,,,,,,,,,whois_jarlaxle_1780912110,Tarkhnarb Soldier,Orc,Tarkhnarb,Minions of Sauron,high,Warrior,Warrior,Soldier,high,,,,,,,,,,classified,race_term=Tarkhnarb | class_title=Soldier | who_class_group=Warrior | class_confidence=high,1,no
char_jaron,Jaron,player_0115,Marillion,Marillion,,listed_same_player,accepted,medium,evidence_player_group_0115,,,,,,,,,,,,,,,,,,,,,,,,,,,,,,,no_whois_classification,No classification row found,0,yes
char_jatte,Jatte,player_0071,Marre,Marre [Martin],Martin,listed_same_player,accepted,medium,evidence_player_group_0071,,,,,,,,,,,,whois_jätte_1780912121,Cave Troll Adventurer,Troll,Cave Troll,Minions of Sauron,high,General,General,Adventurer,medium,,,,,,,,,,classified,race_term=Cave Troll | class_title=Adventurer | who_class_group=General | class_confidence=medium,1,no
char_jauer,Jauer,player_0075,Bjorn,Bjorn [Bjorn],Bjorn,listed_same_player,accepted,medium,evidence_player_group_0075,,,,,,,,,,,,whois_jauer_1780912127,Orc,Orc,,Minions of Sauron,high,,,,,,,,,,,,,,race_only,race_term=Orc | base_class_unknown,2,no
char_jaws,Jaws,player_0011,Lancelot,Lancelot [Andreas],Andreas,listed_same_player,accepted,medium,evidence_player_group_0011,,,,,,,,,,,,whois_jaws_1780912132,Man,Man,,Free Peoples,medium,,,,,,,,,,,,,,race_only,race_term=Man | base_class_unknown,1,no
char_jeakoth,Jeakoth,player_0147,Girithol,Girithol,,listed_same_player,accepted,medium,evidence_player_group_0147,,,,,,,,,,,,whois_jeakoth_1780912138,Dwarf,Dwarf,,Free Peoples,medium,,,,,,,,,,,,,,race_only,race_term=Dwarf | base_class_unknown,1,no
char_jeffbob,Jeffbob,player_0072,Valamir,Valamir [Ole],Ole,listed_same_player,accepted,medium,evidence_player_group_0072,,,,,,,,,,,,,,,,,,,,,,,,,,,,,,,no_whois_classification,No classification row found,0,yes
char_jelly,Jelly,player_0192,Moonshade,Moonshade [Alex],Alex,listed_same_player,accepted,medium,evidence_player_group_0192,,,,,,,,,,,,whois_jelly_1780912149,Orc,Orc,,Minions of Sauron,high,,,,,,,,,,,,,,race_only,race_term=Orc | base_class_unknown,1,no
char_jensu,Jensu,player_0116,Kazeena,Kazeena,,listed_same_player,accepted,medium,evidence_player_group_0116,,,,,,,,,,,,,,,,,,,,,,,,,,,,,,,no_whois_classification,No classification row found,0,yes
char_jeran,Jeran,player_0115,Marillion,Marillion,,listed_same_player,accepted,medium,evidence_player_group_0115,,,,,,,,,,,,whois_jeran_1780912160,Dwarf,Dwarf,,Free Peoples,medium,,,,,,,,,,,,,,race_only,race_term=Dwarf | base_class_unknown,1,no
char_jerle,Jerle,player_0219,Risca,Risca,,listed_same_player,accepted,medium,evidence_player_group_0219,,,,,,,,,,,,whois_jerle_1780912165,Elf,Elf,,Free Peoples,medium,,,,,,,,,,,,,,race_only,race_term=Elf | base_class_unknown,1,no
char_jerpa,Jerpa,player_0133,Jerpa,Jerpa,,listed_same_player,accepted,medium,evidence_player_group_0133,,,,,,,,,,,,,,,,,,,,,,,,,,,,,,,no_whois_classification,No classification row found,0,yes
char_jheran,Jheran,player_0012,Axel,Axel [Axel],Axel,listed_same_player,accepted,medium,evidence_player_group_0012,,,,,,,,,,,,whois_jheran_1780912176,Black Númenórean Ranger,Man,Black Númenórean,Minions of Sauron,high,General,General,Ranger,medium,High Track; exact requirement uncertain and probably not 100%+,,,,,,,,,classified,race_term=Black Númenórean | class_title=Ranger | who_class_group=General | class_confidence=medium | skill_notes=High Track; exact requirement uncertain and probably not 100%+,1,no
char_jimbo,Jimbo,player_0013,Farin,Farin,,listed_same_player,accepted,medium,evidence_player_group_0013,,,,,,,,,,,,whois_jimbo_1780912182,Fallohide Warden,Hobbit,Fallohide,Free Peoples,medium,Warrior,Warrior,Warden,high,75% Bash,,,,,,,,,classified,race_term=Fallohide | class_title=Warden | who_class_group=Warrior | class_confidence=high | skill_notes=75% Bash,1,no
char_joan,Joan,player_0180,Evandaar,Evandaar [Daniel],Daniel,listed_same_player,accepted,medium,evidence_player_group_0180,,,,,,,,,,,,whois_joan_1780912188,Woman,Man,,Free Peoples,medium,,,,,,,,,,,,,,race_only,race_term=Woman | base_class_unknown,1,no
char_johannes,Johannes,player_0036,Atlas,Atlas,,listed_same_player,accepted,medium,evidence_player_group_0036,,,,,,,,,,,,whois_johannes_1780912193,Dúnadan Apprentice,Man,Dúnedain,Free Peoples,medium,Magic-user,Magic-user,Apprentice,low,,,,,,,,,,classified,race_term=Dúnadan | class_title=Apprentice | who_class_group=Magic-user | class_confidence=low,1,no
char_johhaidii,Johhaidii,player_0166,Bodhran,Bodhran,,listed_same_player,accepted,medium,evidence_player_group_0166,,,,,,,,,,,,whois_johhaidii_1780912199,Hill Troll Wrecker,Troll,Hill Troll,Minions of Sauron,high,Warrior,Warrior,Wrecker,low,,,,,,,,,,classified,race_term=Hill Troll | class_title=Wrecker | who_class_group=Warrior | class_confidence=low,1,no
char_johnie,Johnie,player_0194,Morfizm,Morfizm [Dmitry],Dmitry,listed_same_player,accepted,medium,evidence_player_group_0194,,,,,,,,,,,,whois_johnie_1780912205,Rohirric Fighter,Man,Rohirrim,Free Peoples,medium,Warrior,Warrior,Fighter,low,,,,,,,,,,classified,race_term=Rohirric | class_title=Fighter | who_class_group=Warrior | class_confidence=low,1,no
char_joker,Joker,player_0108,Toe,Toe,,listed_same_player,accepted,medium,evidence_player_group_0108,,,,,,,,,,,,whois_joker_1780912210,Orc,Orc,,Minions of Sauron,high,,,,,,,,,,,,,,race_only,race_term=Orc | base_class_unknown,1,no
char_jon,Jon,player_0006,Chavez,Chavez,,listed_same_player,accepted,medium,evidence_player_group_0006,,,,,,,,,,,,whois_jon_1780912216,Hobbit,Hobbit,,Free Peoples,medium,,,,,,,,,,,,,,race_only,race_term=Hobbit | base_class_unknown,1,no
char_jones,Jones,player_0144,Jones,Jones,,listed_same_player,accepted,medium,evidence_player_group_0144,,,,,,,,,,,,whois_jones_1780912221,Mountain Troll Fighter,Troll,Mountain Troll,Minions of Sauron,high,Warrior,Warrior,Fighter,low,,,,,,,,,,classified,race_term=Mountain Troll | class_title=Fighter | who_class_group=Warrior | class_confidence=low,1,no
char_joponen,Joponen,player_0071,Marre,Marre [Martin],Martin,listed_same_player,accepted,medium,evidence_player_group_0071,,,,,,,,,,,,whois_jopónen_1780912227,Black Númenórean,Man,Black Númenórean,Minions of Sauron,high,,,,,,,,,,,,,,race_only,race_term=Black Númenórean | base_class_unknown,1,no
char_jube,Jube,player_0004,Wow,Wow,,listed_same_player,accepted,medium,evidence_player_group_0004,,,,,,,,,,,,whois_jube_1780912233,Orc,Orc,,Minions of Sauron,high,,,,,,,,,,,,,,race_only,race_term=Orc | base_class_unknown,1,no
char_juggles,Juggles,player_0155,Bellows,Bellows [Matt],Matt,listed_same_player,accepted,medium,evidence_player_group_0155,,,,,,,,,,,,,,,,,,,,,,,,,,,,,,,no_whois_classification,No classification row found,0,yes
char_junbao,Junbao,player_0064,Saeth,Saeth [Wojtek],Wojtek,listed_same_player,accepted,medium,evidence_player_group_0064,,,,,,,,,,,,whois_junbao_1780912244,Elf,Elf,,Free Peoples,medium,,,,,,,,,,,,,,race_only,race_term=Elf | base_class_unknown,1,no
char_juss,Juss,player_0170,Guido,Guido,,listed_same_player,accepted,medium,evidence_player_group_0170,,,,,,,,,,,,,,,,,,,,,,,,,,,,,,,no_whois_classification,No classification row found,0,yes
char_kade,Kade,player_0169,Jadon,Jadon,,listed_same_player,accepted,medium,evidence_player_group_0169,,,,,,,,,,,,whois_kade_1780912255,Silvan Quickblade,Elf,Silvan,Free Peoples,medium,Thief,Thief,Quickblade,high,,,,,,,,,,classified,race_term=Silvan | class_title=Quickblade | who_class_group=Thief | class_confidence=high,1,no
char_kakarot,Kakarot,player_0084,Kakarot,Kakarot,,listed_same_player,accepted,medium,evidence_player_group_0084,,,,,,,,,,,,,,,,,,,,,,,,,,,,,,,no_whois_classification,No classification row found,0,yes
char_kalevala,Kalevala,player_0179,Delfi,Delfi [Per],Per,listed_same_player,accepted,medium,evidence_player_group_0179,,,,,,,,,,,,,,,,,,,,,,,,,,,,,,,no_whois_classification,No classification row found,0,yes
char_kalkano,Kalkano,player_0150,Aseff,Aseff,,listed_same_player,accepted,medium,evidence_player_group_0150,,,,,,,,,,,,whois_kalkano_1780912272,Half-elven Patriarch,Half-Elf,,Free Peoples,medium,Cleric,Cleric,Patriarch,high,,,,,male,high,,,,classified,race_term=Half-elven | class_title=Patriarch | who_class_group=Cleric | class_confidence=high,1,no
char_kalus,Kalus,player_0100,Quillis,Quillis,,listed_same_player,accepted,medium,evidence_player_group_0100,,,,,,,,,,,,whois_kalus_1780912277,Harfoot Ranger,Hobbit,Harfoot,Free Peoples,medium,General,General,Ranger,medium,High Track; exact requirement uncertain and probably not 100%+,,,,,,,,,classified,race_term=Harfoot | class_title=Ranger | who_class_group=General | class_confidence=medium | skill_notes=High Track; exact requirement uncertain and probably not 100%+,1,no
char_kami,Kami,player_0102,Naredhel,Naredhel,,listed_same_player,accepted,medium,evidence_player_group_0102,,,,,,,,,,,,whois_kami_1780912283,Silvan Scholar,Elf,Silvan,Free Peoples,medium,Magic-user,Magic-user,Scholar,high,,,,,,,,,,classified,race_term=Silvan | class_title=Scholar | who_class_group=Magic-user | class_confidence=high,1,no
char_kamikaze,Kamikaze,player_0108,Toe,Toe,,listed_same_player,accepted,medium,evidence_player_group_0108,,,,,,,,,,,,whois_kamikaze_1780912289,Noldorin Adventurer,Elf,Noldorin,Free Peoples,medium,General,General,Adventurer,medium,,,,,,,,,,classified,race_term=Noldorin | class_title=Adventurer | who_class_group=General | class_confidence=medium,1,no
char_kamlakh,Kamlakh,player_0206,Kamlakh,Kamlakh [Victoria],Victoria,listed_same_player,accepted,medium,evidence_player_group_0206,,retired,Boardreader,no,no,2026_06_16_retired_immortals,MUME retired immortal list,List current as of 2026-06-16,immortal_2026_06_16_retired_immortals_kamlakh_529_listed_retired_immortal,candidate,Copied by Lewis. Includes Boardreaders and honorary True Legend entry for Norsu.,whois_kamlakh_1780912294,about 14 years old is a Maia,Maia,,Immortals,high,,,,,,,,,,,Maia,M,,immortal,immortal_term=Maia | race_term=Maia | unmatched=about 14 years old is a,2,no
char_kaool,Kaool,player_0169,Jadon,Jadon,,listed_same_player,accepted,medium,evidence_player_group_0169,,,,,,,,,,,,whois_kaool_1780912300,Cave Troll Warrior,Troll,Cave Troll,Minions of Sauron,high,Warrior,Warrior,Warrior,medium,,,,,,,,,,classified,race_term=Cave Troll | class_title=Warrior | who_class_group=Warrior | class_confidence=medium,1,no
char_kardagash,Kardagash,player_0125,Ausir,Ausir,,listed_same_player,accepted,medium,evidence_player_group_0125,,,,,,,,,,,,whois_kardagash_1780912306,Orc,Orc,,Minions of Sauron,high,,,,,,,,,,,,,,race_only,race_term=Orc | base_class_unknown,1,no
char_karelin,Karelin,player_0038,Sabadon,Sabadon,,listed_same_player,accepted,medium,evidence_player_group_0038,,,,,,,,,,,,whois_karelin_1780912311,Troll,Troll,,Minions of Sauron,high,,,,,,,,,,,,,,race_only,race_term=Troll | base_class_unknown,1,no
char_kasach,Kasach,player_0110,Fredde,Fredde [Fredde],Fredde,listed_same_player,accepted,medium,evidence_player_group_0110,,,,,,,,,,,,whois_kasach_1780912317,Tarkhnarb Champion,Orc,Tarkhnarb,Minions of Sauron,high,General,General,Champion,medium,,,,,,,,,,classified,race_term=Tarkhnarb | class_title=Champion | who_class_group=General | class_confidence=medium,1,no
char_kassler,Kassler,player_0075,Bjorn,Bjorn [Bjorn],Bjorn,listed_same_player,accepted,medium,evidence_player_group_0075,,,,,,,,,,,,whois_kassler_1780912322,Dwarven Battlemaster,Dwarf,,Free Peoples,medium,Warrior,Warrior,Battlemaster,high,,,,,,,,,,classified,race_term=Dwarven | class_title=Battlemaster | who_class_group=Warrior | class_confidence=high,1,no
char_kazadoe,Kazadoe,player_0196,Zomb,Zomb [Andrjuha],Andrjuha,listed_same_player,accepted,medium,evidence_player_group_0196,,,,,,,,,,,,whois_kazadoe_1780912328,Half-Elf,Half-Elf,,Free Peoples,medium,,,,,,,,,,,,,,race_only,race_term=Half-Elf | base_class_unknown,1,no
char_kazan,Kazan,player_0115,Marillion,Marillion,,listed_same_player,accepted,medium,evidence_player_group_0115,,,,,,,,,,,,,,,,,,,,,,,,,,,,,,,no_whois_classification,No classification row found,0,yes
char_kazeena,Kazeena,player_0116,Kazeena,Kazeena,,listed_same_player,accepted,medium,evidence_player_group_0116,,,,,,,,,,,,,,,,,,,,,,,,,,,,,,,no_whois_classification,No classification row found,0,yes
char_kazzey,Kazzey,player_0116,Kazeena,Kazeena,,listed_same_player,accepted,medium,evidence_player_group_0116,,,,,,,,,,,,,,,,,,,,,,,,,,,,,,,no_whois_classification,No classification row found,0,yes
char_keldorn,Keldorn,player_0081,Vassago,Vassago,,listed_same_player,accepted,medium,evidence_player_group_0081,,,,,,,,,,,,whois_keldorn_1780912350,Man,Man,,Free Peoples,medium,,,,,,,,,,,,,,race_only,race_term=Man | base_class_unknown,1,no
char_keno,Keno,player_0166,Bodhran,Bodhran,,listed_same_player,accepted,medium,evidence_player_group_0166,,,,,,,,,,,,whois_keno_1780912356,Fallohide Hero,Hobbit,Fallohide,Free Peoples,medium,General,General,Hero,medium,,,,,,,,,,classified,race_term=Fallohide | class_title=Hero | who_class_group=General | class_confidence=medium,1,no
char_kenzu,Kenzu,player_0057,Kenzu,Kenzu,,listed_same_player,accepted,medium,evidence_player_group_0057,,current,Maia,no,no,2026_06_16_current_immortals,MUME current immortal list,List current as of 2026-06-16,immortal_2026_06_16_current_immortals_kenzu_79_listed_current_immortal,candidate,Copied by Lewis. (+m) means the immortal is also a Maiar Muddler / muddle code contributor.,whois_kenzu_1780912361,prowling Arda is a Maia,Maia,,Immortals,high,Cartographer,Cartographer,Cartographer,high,,,,,,,Maia,M,Cartographer,immortal,immortal_term=Maia | race_term=Maia | unmatched=prowling Arda is a,2,no
char_kess,Kess,player_0122,Toin,Toin,,listed_same_player,accepted,medium,evidence_player_group_0122,,,,,,,,,,,,whois_kess_1780912367,Dwarf,Dwarf,,Free Peoples,medium,,,,,,,,,,,,,,race_only,race_term=Dwarf | base_class_unknown,1,no
char_kessfare,Kessfare,player_0057,Kenzu,Kenzu,,listed_same_player,accepted,medium,evidence_player_group_0057,,,,,,,,,,,,whois_kessfare_1780912373,Dwarf,Dwarf,,Free Peoples,medium,,,,,,,,,,,,,,race_only,race_term=Dwarf | base_class_unknown,1,no
char_kesslar,Kesslar,player_0035,Fankil,Fankil [Alexander],Alexander,listed_same_player,accepted,medium,evidence_player_group_0035,,,,,,,,,,,,whois_kesslar_1780912378,Dwarven Mercenary,Dwarf,,Free Peoples,medium,Warrior,Warrior,Mercenary,low,,,,,,,,,,classified,race_term=Dwarven | class_title=Mercenary | who_class_group=Warrior | class_confidence=low,1,no
char_kesslik,Kesslik,player_0002,Ajax,Ajax,,listed_same_player,accepted,medium,evidence_player_group_0002,,,,,,,,,,,,whois_kesslik_1780912384,Dwarf,Dwarf,,Free Peoples,medium,,,,,,,,,,,,,,race_only,race_term=Dwarf | base_class_unknown,1,no
char_kesslin,Kesslin,player_0017,Alkar,Alkar,,listed_same_player,accepted,medium,evidence_player_group_0017,,,,,,,,,,,,whois_kesslin_1780912389,Dwarf,Dwarf,,Free Peoples,medium,,,,,,,,,,,,,,race_only,race_term=Dwarf | base_class_unknown,1,no
char_kessloth,Kessloth,player_0134,Chauncey,Chauncey,,listed_same_player,accepted,medium,evidence_player_group_0134,,,,,,,,,,,,whois_kessloth_1780912395,Dwarven Axemaster,Dwarf,,Free Peoples,medium,Warrior,Warrior,Axemaster,high,100% cleaving weapons,,,,,,,,,classified,race_term=Dwarven | class_title=Axemaster | who_class_group=Warrior | class_confidence=high | skill_notes=100% cleaving weapons,1,no
char_kesstor,Kesstor,player_0122,Toin,Toin,,listed_same_player,accepted,medium,evidence_player_group_0122,,,,,,,,,,,,whois_kesstor_1780912400,Dwarven Chieftain,Dwarf,,Free Peoples,medium,General,General,Chieftain,medium,90%-100% Leadership,,,,,,,,,classified,race_term=Dwarven | class_title=Chieftain | who_class_group=General | class_confidence=medium | skill_notes=90%-100% Leadership,1,no
char_kestrel,Kestrel,player_0155,Bellows,Bellows [Matt],Matt,listed_same_player,accepted,medium,evidence_player_group_0155,,retired,Boardreader,no,no,2026_06_16_retired_immortals,MUME retired immortal list,List current as of 2026-06-16,immortal_2026_06_16_retired_immortals_kestrel_540_listed_retired_immortal,candidate,Copied by Lewis. Includes Boardreaders and honorary True Legend entry for Norsu.,whois_kestrel_1780912406,Maia,Maia,,Immortals,high,,,,,,,,,,,Maia,M,,immortal,immortal_term=Maia | race_term=Maia,2,no
char_khad,Khad,player_0013,Farin,Farin,,listed_same_player,accepted,medium,evidence_player_group_0013,,,,,,,,,,,,whois_khad_1780912412,Dwarven Battlemaster,Dwarf,,Free Peoples,medium,Warrior,Warrior,Battlemaster,high,,,,,,,,,,classified,race_term=Dwarven | class_title=Battlemaster | who_class_group=Warrior | class_confidence=high,1,no
char_khadum,Khadum,player_0174,Angrenfea,Angrenfea [Toivo],Toivo,listed_same_player,accepted,medium,evidence_player_group_0174,,,,,,,,,,,,,,,,,,,,,,,,,,,,,,,no_whois_classification,No classification row found,0,yes
char_khakis,Khakis,player_0169,Jadon,Jadon,,listed_same_player,accepted,medium,evidence_player_group_0169,,,,,,,,,,,,whois_khakis_1780912423,Dwarven Battlemaster,Dwarf,,Free Peoples,medium,Warrior,Warrior,Battlemaster,high,,,,,,,,,,classified,race_term=Dwarven | class_title=Battlemaster | who_class_group=Warrior | class_confidence=high,1,no
char_khamasin,Khamasin,player_0118,Khamasin,Khamasin,,listed_same_player,accepted,medium,evidence_player_group_0118,,,,,,,,,,,,whois_khamasin_1780912429,Orkish Cut-Throat,Orc,,Minions of Sauron,high,Thief,Thief,Cut-Throat,medium,,,Possibly orc-only; uncertain,,,,,,,classified,race_term=Orkish | class_title=Cut-Throat | who_class_group=Thief | class_confidence=medium | race_restriction=Possibly orc-only; uncertain,1,no
char_khamil,Khamil,player_0069,Pilsner,Pilsner [Jurek],Jurek,listed_same_player,accepted,medium,evidence_player_group_0069,,,,,,,,,,,,whois_khamil_1780912434,Black Númenórean Patriarch,Man,Black Númenórean,Minions of Sauron,high,Cleric,Cleric,Patriarch,high,,,,,male,high,,,,classified,race_term=Black Númenórean | class_title=Patriarch | who_class_group=Cleric | class_confidence=high,1,no
char_khandar,Khandar,player_0113,Nardhal,Nardhal,,listed_same_player,accepted,medium,evidence_player_group_0113,,,,,,,,,,,,,,,,,,,,,,,,,,,,,,,no_whois_classification,No classification row found,0,yes
char_kharas,Kharas,player_0119,Zeus,Zeus,,listed_same_player,accepted,medium,evidence_player_group_0119,,,,,,,,,,,,whois_kharas_1780912446,Dwarf,Dwarf,,Free Peoples,medium,,,,,,,,,,,,,,race_only,race_term=Dwarf | base_class_unknown,1,no
char_khawin,Khawin,player_0128,Bornack,Bornack [Fredrik],Fredrik,listed_same_player,accepted,medium,evidence_player_group_0128,,,,,,,,,,,,whois_khawin_1780912451,Man,Man,,Free Peoples,medium,,,,,,,,,,,,,,race_only,race_term=Man | base_class_unknown,1,no
char_khazdul,Khazdul,player_0072,Valamir,Valamir [Ole],Ole,listed_same_player,accepted,medium,evidence_player_group_0072,,,,,,,,,,,,whois_khazdul_1780912457,Dwarf,Dwarf,,Free Peoples,medium,,,,,,,,,,,,,,race_only,race_term=Dwarf | base_class_unknown,1,no
char_khelben,Khelben,player_0119,Zeus,Zeus,,listed_same_player,accepted,medium,evidence_player_group_0119,,,,,,,,,,,,whois_khelben_1780912462,Dúnadan Wizard,Man,Dúnedain,Free Peoples,medium,Magic-user,Magic-user,Wizard,high,,,,,,,,,,classified,race_term=Dúnadan | class_title=Wizard | who_class_group=Magic-user | class_confidence=high,1,no
char_khelek,Khelek,player_0017,Alkar,Alkar,,listed_same_player,accepted,medium,evidence_player_group_0017,,,,,,,,,,,,whois_khelek_1780912468,Dwarf,Dwarf,,Free Peoples,medium,,,,,,,,,,,,,,race_only,race_term=Dwarf | base_class_unknown,1,no
char_khim,Khim,player_0035,Fankil,Fankil [Alexander],Alexander,listed_same_player,accepted,medium,evidence_player_group_0035,,,,,,,,,,,,whois_khím_1780912474,Dwarven Hero,Dwarf,,Free Peoples,medium,General,General,Hero,medium,,,,,,,,,,classified,race_term=Dwarven | class_title=Hero | who_class_group=General | class_confidence=medium,1,no
char_khird,Khird,player_0050,Simba,Simba,,listed_same_player,accepted,medium,evidence_player_group_0050,,,,,,,,,,,,,,,,,,,,,,,,,,,,,,,no_whois_classification,No classification row found,0,yes
char_khodum,Khodum,player_0207,Ibis,Ibis,,listed_same_player,accepted,medium,evidence_player_group_0207,,,,,,,,,,,,,,,,,,,,,,,,,,,,,,,no_whois_classification,No classification row found,0,yes
char_khozdul,Khozdul,player_0078,Khozdul,Khozdul [Calle],Calle,listed_same_player,accepted,medium,evidence_player_group_0078,,,,,,,,,,,,whois_khozdul_1780912490,Dwarf,Dwarf,,Free Peoples,medium,,,,,,,,,,,,,,race_only,race_term=Dwarf | base_class_unknown,1,no
char_khreth,Khreth,player_0129,Liliah,Liliah,,listed_same_player,accepted,medium,evidence_player_group_0129,,,,,,,,,,,,whois_khreth_1780912496,Orc,Orc,,Minions of Sauron,high,,,,,,,,,,,,,,race_only,race_term=Orc | base_class_unknown,1,no
char_khuka,Khuka,player_0170,Guido,Guido,,listed_same_player,accepted,medium,evidence_player_group_0170,,,,,,,,,,,,,,,,,,,,,,,,,,,,,,,no_whois_classification,No classification row found,0,yes
char_khzandros,Khzandros,player_0096,Voile,Voile,,listed_same_player,accepted,medium,evidence_player_group_0096,,,,,,,,,,,,whois_khzandros_1780912507,Dwarven Battlemaster,Dwarf,,Free Peoples,medium,Warrior,Warrior,Battlemaster,high,,,,,,,,,,classified,race_term=Dwarven | class_title=Battlemaster | who_class_group=Warrior | class_confidence=high,1,no
char_kiki,Kiki,player_0091,Aris,Aris,,listed_same_player,accepted,medium,evidence_player_group_0091,,,,,,,,,,,,whois_kiki_1780912512,Hobbit,Hobbit,,Free Peoples,medium,,,,,,,,,,,,,,race_only,race_term=Hobbit | base_class_unknown,1,no
char_kilimanjaro,Kilimanjaro,player_0038,Sabadon,Sabadon,,listed_same_player,accepted,medium,evidence_player_group_0038,,,,,,,,,,,,,,,,,,,,,,,,,,,,,,,no_whois_classification,No classification row found,0,yes
char_kilin,Kilin,player_0004,Wow,Wow,,listed_same_player,accepted,medium,evidence_player_group_0004,,,,,,,,,,,,whois_kilin_1780912524,Dwarven Hero,Dwarf,,Free Peoples,medium,General,General,Hero,medium,,,,,,,,,,classified,race_term=Dwarven | class_title=Hero | who_class_group=General | class_confidence=medium,1,no
char_killdare,Killdare,player_0165,Athela,Athela,,listed_same_player,accepted,medium,evidence_player_group_0165,,,,,,,,,,,,whois_killdare_1780912529,Black Númenórean Witch,Man,Black Númenórean,Minions of Sauron,high,Magic-user,Magic-user,Witch,high,,,,,female,high,,,,classified,race_term=Black Númenórean | class_title=Witch | who_class_group=Magic-user | class_confidence=high,1,no
char_kingpool,Kingpool,player_0066,Tram,Tram,,listed_same_player,accepted,medium,evidence_player_group_0066,,,,,,,,,,,,whois_kingpool_1780912535,Dwarf,Dwarf,,Free Peoples,medium,,,,,,,,,,,,,,race_only,race_term=Dwarf | base_class_unknown,1,no
char_kinson,Kinson,player_0219,Risca,Risca,,listed_same_player,accepted,medium,evidence_player_group_0219,,,,,,,,,,,,whois_kinson_1780912540,Orc,Orc,,Minions of Sauron,high,,,,,,,,,,,,,,race_only,race_term=Orc | base_class_unknown,1,no
char_kiska,Kiska,player_0194,Morfizm,Morfizm [Dmitry],Dmitry,listed_same_player,accepted,medium,evidence_player_group_0194,,,,,,,,,,,,whois_kiska_1780912546,Elf,Elf,,Free Peoples,medium,,,,,,,,,,,,,,race_only,race_term=Elf | base_class_unknown,1,no
char_kitto,Kitto,player_0094,Almarian,Almarian,,listed_same_player,accepted,medium,evidence_player_group_0094,,,,,,,,,,,,whois_kitto_1780912551,Beorning Battlemaster,Man,Beorning,Free Peoples,medium,Warrior,Warrior,Battlemaster,high,,,,,,,,,,classified,race_term=Beorning | class_title=Battlemaster | who_class_group=Warrior | class_confidence=high,1,no
char_kloker,Kloker,player_0060,Amandil,Amandil,,listed_same_player,accepted,medium,evidence_player_group_0060,,,,,,,,,,,,whois_kloker_1780912557,Dwarf,Dwarf,,Free Peoples,medium,,,,,,,,,,,,,,race_only,race_term=Dwarf | base_class_unknown,1,no
char_knold,Knold,player_0158,Ainafea,Ainafea,,listed_same_player,accepted,medium,evidence_player_group_0158,,,,,,,,,,,,,,,,,,,,,,,,,,,,,,,no_whois_classification,No classification row found,0,yes
char_kobold,Kobold,player_0173,Durcano,Durcano [Remo],Remo,listed_same_player,accepted,medium,evidence_player_group_0173,,,,,,,,,,,,whois_kobold_1780912568,Orc,Orc,,Minions of Sauron,high,,,,,,,,,,,,,,race_only,race_term=Orc | base_class_unknown,1,no
char_kocano,Kocano,player_0173,Durcano,Durcano [Remo],Remo,listed_same_player,accepted,medium,evidence_player_group_0173,,,,,,,,,,,,whois_kocano_1780961981,Zaugurz Orc,Orc,Zaugurz,Renegade Zaugurz,high,,,,,,,,,,,,,,race_only,race_term=Zaugurz | base_class_unknown,1,no
char_kochurma,Kochurma,player_0195,Porien,Porien [Dmitry],Dmitry,listed_same_player,accepted,medium,evidence_player_group_0195,,,,,,,,,,,,whois_kochurma_1780912580,Orc,Orc,,Minions of Sauron,high,,,,,,,,,,,,,,race_only,race_term=Orc | base_class_unknown,1,no
char_koer,Koer,player_0200,Helga,Helga [Aleks],Aleks,listed_same_player,accepted,medium,evidence_player_group_0200,,,,,,,,,,,,,,,,,,,,,,,,,,,,,,,no_whois_classification,No classification row found,0,yes
char_koff,Koff,player_0105,Crysania,Crysania,,listed_same_player,accepted,medium,evidence_player_group_0105,,,,,,,,,,,,whois_koff_1780912591,Noldorin Bodyguard,Elf,Noldorin,Free Peoples,medium,Warrior,Warrior,Bodyguard,high,80% Rescue,,,,,,,,,classified,race_term=Noldorin | class_title=Bodyguard | who_class_group=Warrior | class_confidence=high | skill_notes=80% Rescue,1,no
char_kogan,Kogan,player_0156,Kogan,Kogan,,listed_same_player,accepted,medium,evidence_player_group_0156,,,,,,,,,,,,whois_kogan_1780912597,Dwarven Hero,Dwarf,,Free Peoples,medium,General,General,Hero,medium,,,,,,,,,,classified,race_term=Dwarven | class_title=Hero | who_class_group=General | class_confidence=medium,1,no
char_korax,Korax,player_0005,Praiodan,Praiodan [Tomas],Tomas,listed_same_player,accepted,medium,evidence_player_group_0005,,,,,,,,,,,,whois_korax_1780912602,Dwarf,Dwarf,,Free Peoples,medium,,,,,,,,,,,,,,race_only,race_term=Dwarf | base_class_unknown,1,no
char_korek,Korek,player_0188,Aiele,Aiele [Joel],Joel,listed_same_player,accepted,medium,evidence_player_group_0188,,,,,,,,,,,,whois_korek_1780912608,Tarkhnarb Rider,Orc,Tarkhnarb,Minions of Sauron,high,General,General,Rider,medium,90% Ride,,,,,,,,,classified,race_term=Tarkhnarb | class_title=Rider | who_class_group=General | class_confidence=medium | skill_notes=90% Ride,1,no
char_korf,Korf,player_0220,Strine,Strine,,listed_same_player,accepted,medium,evidence_player_group_0220,,,,,,,,,,,,whois_korf_1780912614,Dwarven Hero,Dwarf,,Free Peoples,medium,General,General,Hero,medium,,,,,,,,,,classified,race_term=Dwarven | class_title=Hero | who_class_group=General | class_confidence=medium,1,no
char_korin,Korin,player_0047,Idun,Idun,,listed_same_player,accepted,medium,evidence_player_group_0047,,,,,,,,,,,,whois_korin_1780912619,Dwarven Warden,Dwarf,,Free Peoples,medium,Warrior,Warrior,Warden,high,75% Bash,,,,,,,,,classified,race_term=Dwarven | class_title=Warden | who_class_group=Warrior | class_confidence=high | skill_notes=75% Bash,1,no
char_kostej,Kostej,player_0019,Luke,Luke,,listed_same_player,accepted,medium,evidence_player_group_0019,,,,,,,,,,,,whois_kostêj_1780912625,Tarkhnarb Assassin,Orc,Tarkhnarb,Minions of Sauron,high,Thief,Thief,Assassin,high,,,,,,,,,,classified,race_term=Tarkhnarb | class_title=Assassin | who_class_group=Thief | class_confidence=high,1,no
char_kotta,Kotta,player_0110,Fredde,Fredde [Fredde],Fredde,listed_same_player,accepted,medium,evidence_player_group_0110,,,,,,,,,,,,whois_kötta_1780912631,Troll,Troll,,Minions of Sauron,high,,,,,,,,,,,,,,race_only,race_term=Troll | base_class_unknown,1,no
char_kovie,Kovie,player_0003,Burb,Burb,,listed_same_player,accepted,medium,evidence_player_group_0003,,,,,,,,,,,,whois_kovie_1780912636,Tarkhnarb Champion,Orc,Tarkhnarb,Minions of Sauron,high,General,General,Champion,medium,,,,,,,,,,classified,race_term=Tarkhnarb | class_title=Champion | who_class_group=General | class_confidence=medium,1,no
char_koza,Koza,player_0069,Pilsner,Pilsner [Jurek],Jurek,listed_same_player,accepted,medium,evidence_player_group_0069,,,,,,,,,,,,whois_koza_1780912642,Dwarven Axemistress,Dwarf,,Free Peoples,medium,Warrior,Warrior,Axemistress,high,100% cleaving weapons,,,,female,high,,,,classified,race_term=Dwarven | class_title=Axemistress | who_class_group=Warrior | class_confidence=high | skill_notes=100% cleaving weapons,1,no
char_kozel,Kozel,player_0023,Bah,Bah [Jan],Jan,listed_same_player,accepted,medium,evidence_player_group_0023,,,,,,,,,,,,whois_kozel_1780912647,Dwarf,Dwarf,,Free Peoples,medium,,,,,,,,,,,,,,race_only,race_term=Dwarf | base_class_unknown,1,no
char_kraal,Kraal,player_0065,Wryak,Wryak [Tapio],Tapio,listed_same_player,accepted,medium,evidence_player_group_0065,,,,,,,,,,,,whois_kraal_1780912653,Tarkhnarb Assassin,Orc,Tarkhnarb,Minions of Sauron,high,Thief,Thief,Assassin,high,,,,,,,,,,classified,race_term=Tarkhnarb | class_title=Assassin | who_class_group=Thief | class_confidence=high,1,no
char_krax,Krax,player_0160,Krax,Krax,,listed_same_player,accepted,medium,evidence_player_group_0160,,,,,,,,,,,,whois_krax_1780912659,Dwarven Hero,Dwarf,,Free Peoples,medium,General,General,Hero,medium,,,,,,,,,,classified,race_term=Dwarven | class_title=Hero | who_class_group=General | class_confidence=medium,1,no
char_kreil,Kreil,player_0080,Venal,Venal,,listed_same_player,accepted,medium,evidence_player_group_0080,,,,,,,,,,,,,,,,,,,,,,,,,,,,,,,no_whois_classification,No classification row found,0,yes
char_krkavec,Krkavec,player_0140,Spud,Spud,,listed_same_player,accepted,medium,evidence_player_group_0140,,,,,,,,,,,,whois_krkavec_1780912670,Orc,Orc,,Minions of Sauron,high,,,,,,,,,,,,,,race_only,race_term=Orc | base_class_unknown,1,no
char_kroom,Kroom,player_0166,Bodhran,Bodhran,,listed_same_player,accepted,medium,evidence_player_group_0166,,,,,,,,,,,,whois_kroom_1780912675,Tarkhnarb Adventurer,Orc,Tarkhnarb,Minions of Sauron,high,General,General,Adventurer,medium,,,,,,,,,,classified,race_term=Tarkhnarb | class_title=Adventurer | who_class_group=General | class_confidence=medium,1,no
char_krossen,Krossen,player_0035,Fankil,Fankil [Alexander],Alexander,listed_same_player,accepted,medium,evidence_player_group_0035,,,,,,,,,,,,whois_krossen_1780912681,Mountain Troll Warrior,Troll,Mountain Troll,Minions of Sauron,high,Warrior,Warrior,Warrior,medium,,,,,,,,,,classified,race_term=Mountain Troll | class_title=Warrior | who_class_group=Warrior | class_confidence=medium,1,no
char_krubb,Krubb,player_0073,Thoirin,Thoirin [Mans],Mans,listed_same_player,accepted,medium,evidence_player_group_0073,,,,,,,,,,,,whois_krubb_1780912686,Tarkhnarb Assassin,Orc,Tarkhnarb,Minions of Sauron,high,Thief,Thief,Assassin,high,,,,,,,,,,classified,race_term=Tarkhnarb | class_title=Assassin | who_class_group=Thief | class_confidence=high,1,no
char_kuku,Kuku,player_0020,Bubla,Bubla,,listed_same_player,accepted,medium,evidence_player_group_0020,,,,,,,,,,,,whois_kuku_1780912692,Eriadorian Warden,Man,Eriadorian,Free Peoples,medium,Warrior,Warrior,Warden,high,75% Bash,,,,,,,,,classified,race_term=Eriadorian | class_title=Warden | who_class_group=Warrior | class_confidence=high | skill_notes=75% Bash,1,no
char_kulgan,Kulgan,player_0008,Fingeror,Fingeror [Jocke],Jocke,listed_same_player,accepted,medium,evidence_player_group_0008,,,,,,,,,,,,whois_kulgan_1780912698,Elf,Elf,,Free Peoples,medium,,,,,,,,,,,,,,race_only,race_term=Elf | base_class_unknown,1,no
char_kunduk,Kunduk,player_0200,Helga,Helga [Aleks],Aleks,listed_same_player,accepted,medium,evidence_player_group_0200,,,,,,,,,,,,whois_kunduk_1780912703,Orc,Orc,,Minions of Sauron,high,,,,,,,,,,,,,,race_only,race_term=Orc | base_class_unknown,1,no
char_kurast,Kurast,player_0081,Vassago,Vassago,,listed_same_player,accepted,medium,evidence_player_group_0081,,,,,,,,,,,,,,,,,,,,,,,,,,,,,,,no_whois_classification,No classification row found,0,yes
char_kurdran,Kurdran,player_0036,Atlas,Atlas,,listed_same_player,accepted,medium,evidence_player_group_0036,,,,,,,,,,,,whois_kurdran_1780912715,Dwarven Scholar,Dwarf,,Free Peoples,medium,Magic-user,Magic-user,Scholar,high,,,,,,,,,,classified,race_term=Dwarven | class_title=Scholar | who_class_group=Magic-user | class_confidence=high,1,no
char_kurva,Kurva,player_0069,Pilsner,Pilsner [Jurek],Jurek,listed_same_player,accepted,medium,evidence_player_group_0069,,,,,,,,,,,,whois_kurva_1780912720,Tarkhnarb Champion,Orc,Tarkhnarb,Minions of Sauron,high,General,General,Champion,medium,,,,,,,,,,classified,race_term=Tarkhnarb | class_title=Champion | who_class_group=General | class_confidence=medium,1,no
char_kviea,Kviea,player_0156,Kogan,Kogan,,listed_same_player,accepted,medium,evidence_player_group_0156,,,,,,,,,,,,,,,,,,,,,,,,,,,,,,,no_whois_classification,No classification row found,0,yes
char_kylm,Kylm,player_0004,Wow,Wow,,listed_same_player,accepted,medium,evidence_player_group_0004,,,,,,,,,,,,whois_kylm_1780912732,Black Númenórean,Man,Black Númenórean,Minions of Sauron,high,,,,,,,,,,,,,,race_only,race_term=Black Númenórean | base_class_unknown,1,no
char_labero,Labero,player_0014,Gothmog,Gothmog [Petter],Petter,listed_same_player,accepted,medium,evidence_player_group_0014,,,,,,,,,,,,whois_labero_1780833736,Black Númenórean Sage,Man,Black Númenórean,Minions of Sauron,high,Magic-user,Magic-user,Sage,high,,,,,,,,,,classified,race_term=Black Númenórean | class_title=Sage | who_class_group=Magic-user | class_confidence=high,1,no
char_lada,Lada,player_0203,Lada,Lada [Ilona],Ilona,listed_same_player,accepted,medium,evidence_player_group_0203,,,,,,,,,,,,,,,,,,,,,,,,,,,,,,,no_whois_classification,No classification row found,0,yes
char_lairathim,Lairathim,player_0108,Toe,Toe,,listed_same_player,accepted,medium,evidence_player_group_0108,,,,,,,,,,,,whois_lâirâthim_1780912743,Black Númenórean,Man,Black Númenórean,Minions of Sauron,high,,,,,,,,,,,,,,race_only,race_term=Black Númenórean | base_class_unknown,1,no
char_lakh,Lakh,player_0079,Feon,Feon [Johan],Johan,listed_same_player,accepted,medium,evidence_player_group_0079,,,,,,,,,,,,,,,,,,,,,,,,,,,,,,,no_whois_classification,No classification row found,0,yes
char_lakon,Lakon,player_0079,Feon,Feon [Johan],Johan,listed_same_player,accepted,medium,evidence_player_group_0079,,,,,,,,,,,,whois_lakon_1780912754,Orc,Orc,,Minions of Sauron,high,,,,,,,,,,,,,,race_only,race_term=Orc | base_class_unknown,1,no
char_lalloree,Lalloree,player_0069,Pilsner,Pilsner [Jurek],Jurek,listed_same_player,accepted,medium,evidence_player_group_0069,,,,,,,,,,,,whois_lalloree_1780912760,Black Númenórean Witch,Man,Black Númenórean,Minions of Sauron,high,Magic-user,Magic-user,Witch,high,,,,,female,high,,,,classified,race_term=Black Númenórean | class_title=Witch | who_class_group=Magic-user | class_confidence=high,1,no
char_lalok,Lalok,player_0022,Moonparent,Moonparent [David],David,listed_same_player,accepted,medium,evidence_player_group_0022,,,,,,,,,,,,whois_lalok_1780912765,Orc,Orc,,Minions of Sauron,high,,,,,,,,,,,,,,race_only,race_term=Orc | base_class_unknown,1,no
char_lammas,Lammas,player_0105,Crysania,Crysania,,listed_same_player,accepted,medium,evidence_player_group_0105,,,,,,,,,,,,,,,,,,,,,,,,,,,,,,,no_whois_classification,No classification row found,0,yes
char_lammoth,Lammoth,player_0095,Haista,Haista,,listed_same_player,accepted,medium,evidence_player_group_0095,,,,,,,,,,,,whois_lammoth_1780912776,Orc,Orc,,Minions of Sauron,high,,,,,,,,,,,,,,race_only,race_term=Orc | base_class_unknown,1,no
char_lana,Lana,player_0028,Enforcer,Enforcer [Ert],Ert,listed_same_player,accepted,medium,evidence_player_group_0028,,,,,,,,,,,,whois_lana_1780912782,Orc,Orc,,Minions of Sauron,high,,,,,,,,,,,,,,race_only,race_term=Orc | base_class_unknown,1,no
char_lancelot,Lancelot,player_0011,Lancelot,Lancelot [Andreas],Andreas,listed_same_player,accepted,medium,evidence_player_group_0011,,retired,Boardreader,no,no,2026_06_16_retired_immortals,MUME retired immortal list,List current as of 2026-06-16,immortal_2026_06_16_retired_immortals_lancelot_558_listed_retired_immortal,candidate,Copied by Lewis. Includes Boardreaders and honorary True Legend entry for Norsu.,whois_lancelot_1780912787,Maia,Maia,,Immortals,high,,,,,,,,,,,Maia,M,,immortal,immortal_term=Maia | race_term=Maia,2,no
char_langolier,Langolier,player_0178,Nagoroth,Nagoroth [Steve],Steve,listed_same_player,accepted,medium,evidence_player_group_0178,,,,,,,,,,,,whois_langolier_1780912793,Dwarven Axemaster,Dwarf,,Free Peoples,medium,Warrior,Warrior,Axemaster,high,100% cleaving weapons,,,,,,,,,classified,race_term=Dwarven | class_title=Axemaster | who_class_group=Warrior | class_confidence=high | skill_notes=100% cleaving weapons,1,no
char_lasombra,Lasombra,player_0132,Shagrath,Shagrath,,listed_same_player,accepted,medium,evidence_player_group_0132,,,,,,,,,,,,,,,,,,,,,,,,,,,,,,,no_whois_classification,No classification row found,0,yes
char_lathos,Lathos,player_0035,Fankil,Fankil [Alexander],Alexander,listed_same_player,accepted,medium,evidence_player_group_0035,,,,,,,,,,,,whois_lathos_1780912804,Elf,Elf,,Free Peoples,medium,,,,,,,,,,,,,,race_only,race_term=Elf | base_class_unknown,1,no
char_laurelin,Laurelin,player_0125,Ausir,Ausir,,listed_same_player,accepted,medium,evidence_player_group_0125,,,,,,,,,,,,whois_laurelin_1780912810,Elf,Elf,,Free Peoples,medium,,,,,,,,,,,,,,race_only,race_term=Elf | base_class_unknown,1,no
char_lavendel,Lavendel,player_0096,Voile,Voile,,listed_same_player,accepted,medium,evidence_player_group_0096,,,,,,,,,,,,whois_lavendel_1780912816,Noldorin Priestess,Elf,Noldorin,Free Peoples,medium,Cleric,Cleric,Priestess,high,,,,,female,high,,,,classified,race_term=Noldorin | class_title=Priestess | who_class_group=Cleric | class_confidence=high,1,no
char_lazy,Lazy,player_0109,Nighthawk,Nighthawk,,listed_same_player,accepted,medium,evidence_player_group_0109,,,,,,,,,,,,whois_lazy_1780912821,Tarkhnarb Warg-rider,Orc,Tarkhnarb,Minions of Sauron,high,Warrior,Warrior,Warg-rider,low,,,,,,,,,,classified,race_term=Tarkhnarb | class_title=Warg-rider | who_class_group=Warrior | class_confidence=low,1,no
char_leagel,Leagel,player_0010,Zaber,Zaber,,listed_same_player,accepted,medium,evidence_player_group_0010,,,,,,,,,,,,whois_leagel_1780912827,Half-Elf,Half-Elf,,Free Peoples,medium,,,,,,,,,,,,,,race_only,race_term=Half-Elf | base_class_unknown,1,no
char_leave,Leave,player_0163,Leave,Leave,,listed_same_player,accepted,medium,evidence_player_group_0163,,,,,,,,,,,,,,,,,,,,,,,,,,,,,,,no_whois_classification,No classification row found,0,yes
char_lefali,Lefali,player_0145,Rebeka,Rebeka,,listed_same_player,accepted,medium,evidence_player_group_0145,,,,,,,,,,,,whois_lefali_1780912838,Elf,Elf,,Free Peoples,medium,,,,,,,,,,,,,,race_only,race_term=Elf | base_class_unknown,1,no
char_leffe,Leffe,player_0024,Decoy,Decoy [Peter],Peter,listed_same_player,accepted,medium,evidence_player_group_0024,,,,,,,,,,,,whois_leffe_1780912843,Mountain Troll Softskin,Troll,Mountain Troll,Minions of Sauron,high,,,Softskin,low,,,,,,,,,,generic_title_no_class,race_term=Mountain Troll | class_title=Softskin | class_confidence=low | base_class_unknown,1,no
char_legion,Legion,player_0036,Atlas,Atlas,,listed_same_player,accepted,medium,evidence_player_group_0036,,,,,,,,,,,,whois_légion_1780912849,Noldorin Hero,Elf,Noldorin,Free Peoples,medium,General,General,Hero,medium,,,,,,,,,,classified,race_term=Noldorin | class_title=Hero | who_class_group=General | class_confidence=medium,1,no
char_lehto,Lehto,player_0043,Lehto,Lehto,,listed_same_player,accepted,medium,evidence_player_group_0043,,current,Maia,no,no,2026_06_16_current_immortals,MUME current immortal list,List current as of 2026-06-16,immortal_2026_06_16_current_immortals_lehto_82_listed_current_immortal,candidate,Copied by Lewis. (+m) means the immortal is also a Maiar Muddler / muddle code contributor.,whois_lehto_1780912855,Maia,Maia,,Immortals,high,Cartographer,Cartographer,Cartographer,high,,,,,,,Maia,M,Cartographer,immortal,immortal_term=Maia | race_term=Maia,2,no
char_lei,Lei,player_0167,Eloin,Eloin,,listed_same_player,accepted,medium,evidence_player_group_0167,,,,,,,,,,,,whois_lei_1780912860,Tarkhnarb Veteran,Orc,Tarkhnarb,Minions of Sauron,high,Warrior,Warrior,Veteran,high,,,,,,,,,,classified,race_term=Tarkhnarb | class_title=Veteran | who_class_group=Warrior | class_confidence=high,1,no
char_lenwe,Lenwe,player_0045,Rza,Rza,,listed_same_player,accepted,medium,evidence_player_group_0045,,,,,,,,,,,,whois_lenwë_1780912866,Noldorin Wizard,Elf,Noldorin,Free Peoples,medium,Magic-user,Magic-user,Wizard,high,,,,,,,,,,classified,race_term=Noldorin | class_title=Wizard | who_class_group=Magic-user | class_confidence=high,1,no
char_lepra,Lepra,player_0020,Bubla,Bubla,,listed_same_player,accepted,medium,evidence_player_group_0020,,,,,,,,,,,,,,,,,,,,,,,,,,,,,,,no_whois_classification,No classification row found,0,yes
char_lerian,Lerian,player_0051,Alantir,Alantir,,listed_same_player,accepted,medium,evidence_player_group_0051,,,,,,,,,,,,whois_lerian_1780912878,Man,Man,,Free Peoples,medium,,,,,,,,,,,,,,race_only,race_term=Man | base_class_unknown,1,no
char_liart,Liart,player_0011,Lancelot,Lancelot [Andreas],Andreas,listed_same_player,accepted,medium,evidence_player_group_0011,,,,,,,,,,,,whois_liart_1780912883,Orc,Orc,,Minions of Sauron,high,,,,,,,,,,,,,,race_only,race_term=Orc | base_class_unknown,1,no
char_libresse,Libresse,player_0006,Chavez,Chavez,,listed_same_player,accepted,medium,evidence_player_group_0006,,,,,,,,,,,,,,,,,,,,,,,,,,,,,,,no_whois_classification,No classification row found,0,yes
char_lief,Lief,player_0057,Kenzu,Kenzu,,listed_same_player,accepted,medium,evidence_player_group_0057,,,,,,,,,,,,whois_líëf_1780912894,Dwarf,Dwarf,,Free Peoples,medium,,,,,,,,,,,,,,race_only,race_term=Dwarf | base_class_unknown,1,no
char_liliah,Liliah,player_0129,Liliah,Liliah,,listed_same_player,accepted,medium,evidence_player_group_0129,,retired,Maia,no,no,2026_06_16_retired_immortals,MUME retired immortal list,List current as of 2026-06-16,immortal_2026_06_16_retired_immortals_liliah_73_listed_retired_immortal,candidate,Copied by Lewis. Includes Boardreaders and honorary True Legend entry for Norsu.,whois_liliah_1780912900,Maia,Maia,,Immortals,high,Shaper,Shaper,Shaper,high,,,,,,,Maia,M,Shaper,immortal,immortal_term=Maia | race_term=Maia,2,no
char_lilladde,Lilladde,player_0011,Lancelot,Lancelot [Andreas],Andreas,listed_same_player,accepted,medium,evidence_player_group_0011,,,,,,,,,,,,whois_lilladde_1780912906,Hobbit,Hobbit,,Free Peoples,medium,,,,,,,,,,,,,,race_only,race_term=Hobbit | base_class_unknown,1,no
char_lillian,Lillian,player_0004,Wow,Wow,,listed_same_player,accepted,medium,evidence_player_group_0004,,,,,,,,,,,,whois_lillian_1780912911,Elf,Elf,,Free Peoples,medium,,,,,,,,,,,,,,race_only,race_term=Elf | base_class_unknown,1,no
char_lilljempa,Lilljempa,player_0070,Heldo,Heldo [Jens],Jens,listed_same_player,accepted,medium,evidence_player_group_0070,,,,,,,,,,,,whois_lilljempa_1780912917,Hobbit,Hobbit,,Free Peoples,medium,,,,,,,,,,,,,,race_only,race_term=Hobbit | base_class_unknown,1,no
char_lillmarre,Lillmarre,player_0071,Marre,Marre [Martin],Martin,listed_same_player,accepted,medium,evidence_player_group_0071,,,,,,,,,,,,whois_lillmarre_1780912922,Hobbit,Hobbit,,Free Peoples,medium,,,,,,,,,,,,,,race_only,race_term=Hobbit | base_class_unknown,1,no
char_lina,Lina,player_0139,Naga,Naga,,listed_same_player,accepted,medium,evidence_player_group_0139,,,,,,,,,,,,whois_lina_1780912928,Noldorin Witch,Elf,Noldorin,Free Peoples,medium,Magic-user,Magic-user,Witch,high,,,,,female,high,,,,classified,race_term=Noldorin | class_title=Witch | who_class_group=Magic-user | class_confidence=high,1,no
char_linar,Linar,player_0168,Linar,Linar,,listed_same_player,accepted,medium,evidence_player_group_0168,,,,,,,,,,,,,,,,,,,,,,,,,,,,,,,no_whois_classification,No classification row found,0,yes
char_linara,Linara,player_0139,Naga,Naga,,listed_same_player,accepted,medium,evidence_player_group_0139,,,,,,,,,,,,whois_linara_1780912939,Black Númenórean Scholar,Man,Black Númenórean,Minions of Sauron,high,Magic-user,Magic-user,Scholar,high,,,,,,,,,,classified,race_term=Black Númenórean | class_title=Scholar | who_class_group=Magic-user | class_confidence=high,1,no
char_ling,Ling,player_0063,Ling,Ling,,listed_same_player,accepted,medium,evidence_player_group_0063,,retired,Boardreader,no,no,2026_06_16_retired_immortals,MUME retired immortal list,List current as of 2026-06-16,immortal_2026_06_16_retired_immortals_ling_573_listed_retired_immortal,candidate,Copied by Lewis. Includes Boardreaders and honorary True Legend entry for Norsu.,whois_líng_1780912945,Maia,Maia,,Immortals,high,,,,,,,,,,,Maia,M,,immortal,immortal_term=Maia | race_term=Maia,2,no
char_lirathe,Lirathe,player_0135,Temegl,Temegl,,listed_same_player,accepted,medium,evidence_player_group_0135,,,,,,,,,,,,,,,,,,,,,,,,,,,,,,,no_whois_classification,No classification row found,0,yes
char_lisp,Lisp,player_0208,Anton,Anton [Anton],Anton,listed_same_player,accepted,medium,evidence_player_group_0208,,,,,,,,,,,,whois_lisp_1780912956,Dwarf,Dwarf,,Free Peoples,medium,,,,,,,,,,,,,,race_only,race_term=Dwarf | base_class_unknown,1,no
char_liten,Liten,player_0008,Fingeror,Fingeror [Jocke],Jocke,listed_same_player,accepted,medium,evidence_player_group_0008,,,,,,,,,,,,whois_liten_1780912962,Tarkhnarb Champion,Orc,Tarkhnarb,Minions of Sauron,high,General,General,Champion,medium,,,,,,,,,,classified,race_term=Tarkhnarb | class_title=Champion | who_class_group=General | class_confidence=medium,1,no
char_litovel,Litovel,player_0019,Luke,Luke,,listed_same_player,accepted,medium,evidence_player_group_0019,,,,,,,,,,,,whois_litovel_1780912967,Dwarven Battlemistress,Dwarf,,Free Peoples,medium,Warrior,Warrior,Battlemistress,high,,,,,female,high,,,,classified,race_term=Dwarven | class_title=Battlemistress | who_class_group=Warrior | class_confidence=high,1,no
char_llort,Llort,player_0109,Nighthawk,Nighthawk,,listed_same_player,accepted,medium,evidence_player_group_0109,,,,,,,,,,,,whois_llort_1780912973,Cave Troll Warrior,Troll,Cave Troll,Minions of Sauron,high,Warrior,Warrior,Warrior,medium,,,,,,,,,,classified,race_term=Cave Troll | class_title=Warrior | who_class_group=Warrior | class_confidence=medium,1,no
char_lochdale,Lochdale,player_0138,Lochdale,Lochdale [Donal],Donal,listed_same_player,accepted,medium,evidence_player_group_0138,,,,,,,,,,,,whois_lochdale_1780912979,Hobbit,Hobbit,,Free Peoples,medium,,,,,,,,,,,,,,race_only,race_term=Hobbit | base_class_unknown,1,no
char_lokomotiva,Lokomotiva,player_0019,Luke,Luke,,listed_same_player,accepted,medium,evidence_player_group_0019,,,,,,,,,,,,whois_lokomotiva_1780912984,Cave Troll Warrior,Troll,Cave Troll,Minions of Sauron,high,Warrior,Warrior,Warrior,medium,,,,,,,,,,classified,race_term=Cave Troll | class_title=Warrior | who_class_group=Warrior | class_confidence=medium,1,no
char_lol,Lol,player_0023,Bah,Bah [Jan],Jan,listed_same_player,accepted,medium,evidence_player_group_0023,,,,,,,,,,,,whois_lol_1780912990,Elf,Elf,,Free Peoples,medium,,,,,,,,,,,,,,race_only,race_term=Elf | base_class_unknown,1,no
char_lombur,Lombur,player_0128,Bornack,Bornack [Fredrik],Fredrik,listed_same_player,accepted,medium,evidence_player_group_0128,,,,,,,,,,,,whois_lombur_1780912996,Firebeard Axemaster,Dwarf,Firebeard,Free Peoples,medium,Warrior,Warrior,Axemaster,high,100% cleaving weapons,,,,,,,,,classified,race_term=Firebeard | class_title=Axemaster | who_class_group=Warrior | class_confidence=high | skill_notes=100% cleaving weapons,1,no
char_lomek,Lomek,player_0113,Nardhal,Nardhal,,listed_same_player,accepted,medium,evidence_player_group_0113,,,,,,,,,,,,whois_lomek_1780913001,Hobbit,Hobbit,,Free Peoples,medium,,,,,,,,,,,,,,race_only,race_term=Hobbit | base_class_unknown,1,no
char_lorduk,Lorduk,player_0217,Beat,Beat [Joosep],Joosep,listed_same_player,accepted,medium,evidence_player_group_0217,,,,,,,,,,,,whois_lorduk_1780913007,Troll,Troll,,Minions of Sauron,high,,,,,,,,,,,,,,race_only,race_term=Troll | base_class_unknown,2,no
char_lore,Lore,player_0097,Moonglum,Moonglum,,listed_same_player,accepted,medium,evidence_player_group_0097,,,,,,,,,,,,whois_lore_1780913013,Elf,Elf,,Free Peoples,medium,,,,,,,,,,,,,,race_only,race_term=Elf | base_class_unknown,1,no
char_lote,Lote,player_0186,Hanr,Hanr,,listed_same_player,accepted,medium,evidence_player_group_0186,,,,,,,,,,,,whois_lótë_1780913019,Silvan Matriarch,Elf,Silvan,Free Peoples,medium,Cleric,Cleric,Matriarch,high,,,,,female,high,,,,classified,race_term=Silvan | class_title=Matriarch | who_class_group=Cleric | class_confidence=high,1,no
char_lothar,Lothar,player_0217,Beat,Beat [Joosep],Joosep,listed_same_player,accepted,medium,evidence_player_group_0217,,,,,,,,,,,,whois_lothar_1780913025,Mountain Troll Brute,Troll,Mountain Troll,Minions of Sauron,high,Warrior,Warrior,Brute,low,,,,,,,,,,classified,race_term=Mountain Troll | class_title=Brute | who_class_group=Warrior | class_confidence=low,1,no
char_lotheila,Lotheila,player_0089,Lothlori,Lothlori,,listed_same_player,accepted,medium,evidence_player_group_0089,,,,,,,,,,,,whois_lotheila_1780913030,Black Númenórean,Man,Black Númenórean,Minions of Sauron,high,,,,,,,,,,,,,,race_only,race_term=Black Númenórean | base_class_unknown,1,no
char_lothlahn,Lothlahn,player_0037,Bobbie,Bobbie,,listed_same_player,accepted,medium,evidence_player_group_0037,,,,,,,,,,,,whois_lothlahn_1780913036,Elf,Elf,,Free Peoples,medium,,,,,,,,,,,,,,race_only,race_term=Elf | base_class_unknown,1,no
char_lothlori,Lothlori,player_0089,Lothlori,Lothlori,,listed_same_player,accepted,medium,evidence_player_group_0089,,,,,,,,,,,,whois_lothlori_1780913041,Elf,Elf,,Free Peoples,medium,,,,,,,,,,,,,,race_only,race_term=Elf | base_class_unknown,1,no
char_lowanda,Lowanda,player_0139,Naga,Naga,,listed_same_player,accepted,medium,evidence_player_group_0139,,,,,,,,,,,,whois_lowanda_1780913047,Silvan Bodyguard,Elf,Silvan,Free Peoples,medium,Warrior,Warrior,Bodyguard,high,80% Rescue,,,,,,,,,classified,race_term=Silvan | class_title=Bodyguard | who_class_group=Warrior | class_confidence=high | skill_notes=80% Rescue,1,no
char_lowyn,Lowyn,player_0025,Lowyn,Lowyn,,listed_same_player,accepted,medium,evidence_player_group_0025,,,,,,,,,,,,whois_lowyn_1780913052,Rohirric Rider,Man,Rohirrim,Free Peoples,medium,General,General,Rider,medium,90% Ride,,,,,,,,,classified,race_term=Rohirric | class_title=Rider | who_class_group=General | class_confidence=medium | skill_notes=90% Ride,1,no
char_luber,Luber,player_0047,Idun,Idun,,listed_same_player,accepted,medium,evidence_player_group_0047,,,,,,,,,,,,whois_luber_1780913058,Dwarven Veteran,Dwarf,,Free Peoples,medium,Warrior,Warrior,Veteran,high,,,,,,,,,,classified,race_term=Dwarven | class_title=Veteran | who_class_group=Warrior | class_confidence=high,1,no
char_luckless,Luckless,player_0109,Nighthawk,Nighthawk,,listed_same_player,accepted,medium,evidence_player_group_0109,,,,,,,,,,,,whois_luckless_1780913064,Orc,Orc,,Minions of Sauron,high,,,,,,,,,,,,,,race_only,race_term=Orc | base_class_unknown,1,no
char_luingil,Luingil,player_0185,Buggar,Buggar [Adam],Adam,listed_same_player,accepted,medium,evidence_player_group_0185,,,,,,,,,,,,,,,,,,,,,,,,,,,,,,,no_whois_classification,No classification row found,0,yes
char_luke,Luke,player_0019,Luke,Luke,,listed_same_player,accepted,medium,evidence_player_group_0019,,retired,Boardreader,no,no,2026_06_16_retired_immortals,MUME retired immortal list,List current as of 2026-06-16,immortal_2026_06_16_retired_immortals_luke_581_listed_retired_immortal,candidate,Copied by Lewis. Includes Boardreaders and honorary True Legend entry for Norsu.,whois_luke_1780913075,Maia,Maia,,Immortals,high,,,,,,,,,,,Maia,M,,immortal,immortal_term=Maia | race_term=Maia,2,no
char_lurken,Lurken,player_0171,Lurken,Lurken [Simon],Simon,listed_same_player,accepted,medium,evidence_player_group_0171,,,,,,,,,,,,whois_lurken_1780913081,Black Númenórean Mercenary,Man,Black Númenórean,Minions of Sauron,high,Warrior,Warrior,Mercenary,low,,,,,,,,,,classified,race_term=Black Númenórean | class_title=Mercenary | who_class_group=Warrior | class_confidence=low,1,no
char_lutien,Lutien,player_0194,Morfizm,Morfizm [Dmitry],Dmitry,listed_same_player,accepted,medium,evidence_player_group_0194,,,,,,,,,,,,whois_lutien_1780913086,Noldorin Priestess,Elf,Noldorin,Free Peoples,medium,Cleric,Cleric,Priestess,high,,,,,female,high,,,,classified,race_term=Noldorin | class_title=Priestess | who_class_group=Cleric | class_confidence=high,1,no
char_luvette,Luvette,player_0012,Axel,Axel [Axel],Axel,listed_same_player,accepted,medium,evidence_player_group_0012,,,,,,,,,,,,whois_luvette_1780913092,Beorning Battlemistress,Man,Beorning,Free Peoples,medium,Warrior,Warrior,Battlemistress,high,,,,,female,high,,,,classified,race_term=Beorning | class_title=Battlemistress | who_class_group=Warrior | class_confidence=high,2,no
char_maal,Maal,player_0061,Siroth,Siroth,,listed_same_player,accepted,medium,evidence_player_group_0061,,,,,,,,,,,,whois_maal_1780913097,Tarkhnarb Champion,Orc,Tarkhnarb,Minions of Sauron,high,General,General,Champion,medium,,,,,,,,,,classified,race_term=Tarkhnarb | class_title=Champion | who_class_group=General | class_confidence=medium,1,no
char_mabel,Mabel,player_0034,Nazgum,Nazgum,,listed_same_player,accepted,medium,evidence_player_group_0034,,,,,,,,,,,,whois_mabel_1780913103,Orkish Pilferer,Orc,,Minions of Sauron,high,Thief,Thief,Pilferer,low,,,,,,,,,,classified,race_term=Orkish | class_title=Pilferer | who_class_group=Thief | class_confidence=low,1,no
char_macke,Macke,player_0035,Fankil,Fankil [Alexander],Alexander,listed_same_player,accepted,medium,evidence_player_group_0035,,,,,,,,,,,,whois_macke_1780913109,Mountain Troll Softskin,Troll,Mountain Troll,Minions of Sauron,high,,,Softskin,low,,,,,,,,,,generic_title_no_class,race_term=Mountain Troll | class_title=Softskin | class_confidence=low | base_class_unknown,1,no
char_macros,Macros,player_0008,Fingeror,Fingeror [Jocke],Jocke,listed_same_player,accepted,medium,evidence_player_group_0008,,,,,,,,,,,,whois_macros_1780913114,Black Númenórean Mercenary,Man,Black Númenórean,Minions of Sauron,high,Warrior,Warrior,Mercenary,low,,,,,,,,,,classified,race_term=Black Númenórean | class_title=Mercenary | who_class_group=Warrior | class_confidence=low,1,no
char_madcat,Madcat,player_0031,Swork,Swork,,listed_same_player,accepted,medium,evidence_player_group_0031,,,,,,,,,,,,whois_madcat_1780913120,Tarkhnarb Assassin,Orc,Tarkhnarb,Minions of Sauron,high,Thief,Thief,Assassin,high,,,,,,,,,,classified,race_term=Tarkhnarb | class_title=Assassin | who_class_group=Thief | class_confidence=high,1,no
char_maeglor,Maeglor,player_0017,Alkar,Alkar,,listed_same_player,accepted,medium,evidence_player_group_0017,,,,,,,,,,,,whois_maeglor_1780913126,Elf,Elf,,Free Peoples,medium,,,,,,,,,,,,,,race_only,race_term=Elf | base_class_unknown,1,no
char_maegnas,Maegnas,player_0049,Haazheel,Haazheel,,listed_same_player,accepted,medium,evidence_player_group_0049,,,,,,,,,,,,whois_maegnas_1780913131,"my name, I am the spider's bane! is a level thirty Noldorin Rider",Elf,Noldorin,Free Peoples,medium,General,General,Rider,medium,90% Ride,,,,,,,,,parser_suspect_or_custom_descriptor,"race_term=Noldorin | class_title=Rider | who_class_group=General | class_confidence=medium | skill_notes=90% Ride | unmatched=my name, I am the spider's bane! is a level thirty",1,yes
char_magi,Magi,player_0108,Toe,Toe,,listed_same_player,accepted,medium,evidence_player_group_0108,,,,,,,,,,,,whois_magi_1780913137,Sindarin Heroine,Elf,Sindarin,Free Peoples,medium,General,General,Heroine,medium,,,,,female,high,,,,classified,race_term=Sindarin | class_title=Heroine | who_class_group=General | class_confidence=medium,1,no
char_magica,Magica,player_0063,Ling,Ling,,listed_same_player,accepted,medium,evidence_player_group_0063,,,,,,,,,,,,whois_magíca_1780913143,Elf,Elf,,Free Peoples,medium,,,,,,,,,,,,,,race_only,race_term=Elf | base_class_unknown,1,no
char_maglor,Maglor,player_0018,Feanor,Feanor,,listed_same_player,accepted,medium,evidence_player_group_0018,,,,,,,,,,,,whois_maglor_1780913148,Elf,Elf,,Free Peoples,medium,,,,,,,,,,,,,,race_only,race_term=Elf | base_class_unknown,1,no
char_magnolia,Magnolia,player_0009,Snick,Snick [Johan],Johan,listed_same_player,accepted,medium,evidence_player_group_0009,,,,,,,,,,,,whois_magnolia_1780913154,Woman,Man,,Free Peoples,medium,,,,,,,,,,,,,,race_only,race_term=Woman | base_class_unknown,1,no
char_mahyr,Mahyr,player_0012,Axel,Axel [Axel],Axel,listed_same_player,accepted,medium,evidence_player_group_0012,,,,,,,,,,,,whois_mahyr_1780913160,Silvan Scout,Elf,Silvan,Free Peoples,medium,Thief,Thief,Scout,high,,,,,,,,,,classified,race_term=Silvan | class_title=Scout | who_class_group=Thief | class_confidence=high,1,no
char_malach,Malach,player_0095,Haista,Haista,,listed_same_player,accepted,medium,evidence_player_group_0095,,,,,,,,,,,,whois_malach_1780913165,Man,Man,,Free Peoples,medium,,,,,,,,,,,,,,race_only,race_term=Man | base_class_unknown,1,no
char_malak,Malak,player_0026,Alweon,Alweon,,listed_same_player,accepted,medium,evidence_player_group_0026,,,,,,,,,,,,whois_mâlak_1780913171,Orc,Orc,,Minions of Sauron,high,,,,,,,,,,,,,,race_only,race_term=Orc | base_class_unknown,1,no
char_malus,Malus,player_0029,Faint,Faint,,listed_same_player,accepted,medium,evidence_player_group_0029,,,,,,,,,,,,whois_malus_1780962004,Zaugurz Orc,Orc,Zaugurz,Renegade Zaugurz,high,,,,,,,,,,,,,,race_only,race_term=Zaugurz | base_class_unknown,2,no
char_malysh,Malysh,player_0207,Ibis,Ibis,,listed_same_player,accepted,medium,evidence_player_group_0207,,,,,,,,,,,,whois_malysh_1780913182,Dwarf,Dwarf,,Free Peoples,medium,,,,,,,,,,,,,,race_only,race_term=Dwarf | base_class_unknown,1,no
char_mammoth,Mammoth,player_0006,Chavez,Chavez,,listed_same_player,accepted,medium,evidence_player_group_0006,,,,,,,,,,,,whois_mammoth_1780913187,Tarkhnarb Adventurer,Orc,Tarkhnarb,Minions of Sauron,high,General,General,Adventurer,medium,,,,,,,,,,classified,race_term=Tarkhnarb | class_title=Adventurer | who_class_group=General | class_confidence=medium,1,no
char_mamut,Mamut,player_0069,Pilsner,Pilsner [Jurek],Jurek,listed_same_player,accepted,medium,evidence_player_group_0069,,,,,,,,,,,,whois_mamut_1780913193,Mountain Troll Wrecker,Troll,Mountain Troll,Minions of Sauron,high,Warrior,Warrior,Wrecker,low,,,,,,,,,,classified,race_term=Mountain Troll | class_title=Wrecker | who_class_group=Warrior | class_confidence=low,1,no
char_mamutice,Mamutice,player_0069,Pilsner,Pilsner [Jurek],Jurek,listed_same_player,accepted,medium,evidence_player_group_0069,,,,,,,,,,,,whois_mamutice_1780913199,Cave Troll Warrior,Troll,Cave Troll,Minions of Sauron,high,Warrior,Warrior,Warrior,medium,,,,,,,,,,classified,race_term=Cave Troll | class_title=Warrior | who_class_group=Warrior | class_confidence=medium,1,no
char_manaja,Manaja,player_0006,Chavez,Chavez,,listed_same_player,accepted,medium,evidence_player_group_0006,,,,,,,,,,,,whois_manaja_1780913204,Sindarin Wizard,Elf,Sindarin,Free Peoples,medium,Magic-user,Magic-user,Wizard,high,,,,,,,,,,classified,race_term=Sindarin | class_title=Wizard | who_class_group=Magic-user | class_confidence=high,1,no
char_manatark,Manatark,player_0030,Manatark,Manatark [Kaido],Kaido,listed_same_player,accepted,medium,evidence_player_group_0030,,retired,Maia,no,no,2026_06_16_retired_immortals,MUME retired immortal list,List current as of 2026-06-16,immortal_2026_06_16_retired_immortals_manatark_135_listed_retired_immortal,candidate,Copied by Lewis. Includes Boardreaders and honorary True Legend entry for Norsu.,whois_manatark_1780913210,done whining for now is a Maia,Maia,,Immortals,high,Wright,Wright,Wright,high,,,,,,,Maia,M,Wright,immortal,immortal_term=Maia | race_term=Maia | unmatched=done whining for now is a,2,no
char_manic,Manic,player_0046,Filibert,Filibert,,listed_same_player,accepted,medium,evidence_player_group_0046,,,,,,,,,,,,whois_manic_1780913215,Tarkhnarb Battlemaster,Orc,Tarkhnarb,Minions of Sauron,high,Warrior,Warrior,Battlemaster,high,,,,,,,,,,classified,race_term=Tarkhnarb | class_title=Battlemaster | who_class_group=Warrior | class_confidence=high,1,no
char_manne,Manne,player_0103,Edvard,Edvard [Aron],Aron,listed_same_player,accepted,medium,evidence_player_group_0103,,,,,,,,,,,,,,,,,,,,,,,,,,,,,,,no_whois_classification,No classification row found,0,yes
char_marhault,Marhault,player_0111,Aram,Aram,,listed_same_player,accepted,medium,evidence_player_group_0111,,,,,,,,,,,,,,,,,,,,,,,,,,,,,,,no_whois_classification,No classification row found,0,yes
char_marillion,Marillion,player_0115,Marillion,Marillion,,listed_same_player,accepted,medium,evidence_player_group_0115,,,,,,,,,,,,whois_marillion_1780913232,Black Númenórean Adventurer,Man,Black Númenórean,Minions of Sauron,high,General,General,Adventurer,medium,,,,,,,,,,classified,race_term=Black Númenórean | class_title=Adventurer | who_class_group=General | class_confidence=medium,1,no
char_marko,Marko,player_0031,Swork,Swork,,listed_same_player,accepted,medium,evidence_player_group_0031,,,,,,,,,,,,whois_marko_1780913238,Dwarf,Dwarf,,Free Peoples,medium,,,,,,,,,,,,,,race_only,race_term=Dwarf | base_class_unknown,1,no
char_marras,Marras,player_0187,Cano,Cano [Tanel],Tanel,listed_same_player,accepted,medium,evidence_player_group_0187,,,,,,,,,,,,whois_marras_1780913243,Hobbit,Hobbit,,Free Peoples,medium,,,,,,,,,,,,,,race_only,race_term=Hobbit | base_class_unknown,1,no
char_marre,Marre,player_0071,Marre,Marre [Martin],Martin,listed_same_player,accepted,medium,evidence_player_group_0071,,,,,,,,,,,,,,,,,,,,,,,,,,,,,,,no_whois_classification,No classification row found,0,yes
char_marroc,Marroc,player_0188,Aiele,Aiele [Joel],Joel,listed_same_player,accepted,medium,evidence_player_group_0188,,,,,,,,,,,,whois_marroc_1780913255,Hobbit,Hobbit,,Free Peoples,medium,,,,,,,,,,,,,,race_only,race_term=Hobbit | base_class_unknown,1,no
char_martijn,Martijn,player_0157,Dorolff,Dorolff,,listed_same_player,accepted,medium,evidence_player_group_0157,,retired,Boardreader,no,no,2026_06_16_retired_immortals,MUME retired immortal list,List current as of 2026-06-16,immortal_2026_06_16_retired_immortals_martijn_588_listed_retired_immortal,candidate,Copied by Lewis. Includes Boardreaders and honorary True Legend entry for Norsu.,whois_martijn_1780913260,always glad to help is a Maia,Maia,,Immortals,high,,,,,,,,,,,Maia,M,,immortal,immortal_term=Maia | race_term=Maia | unmatched=always glad to help is a,2,no
char_mastah,Mastah,player_0141,Mastah,Mastah [Christian],Christian,listed_same_player,accepted,medium,evidence_player_group_0141,,,,,,,,,,,,whois_mastah_1780913266,Troll,Troll,,Minions of Sauron,high,,,,,,,,,,,,,,race_only,race_term=Troll | base_class_unknown,1,no
char_mato,Mato,player_0001,Rogon,Rogon,,listed_same_player,accepted,medium,evidence_player_group_0001,,,,,,,,,,,,whois_mato_1780913271,Dwarven Hero,Dwarf,,Free Peoples,medium,General,General,Hero,medium,,,,,,,,,,classified,race_term=Dwarven | class_title=Hero | who_class_group=General | class_confidence=medium,1,no
char_mauna,Mauna,player_0179,Delfi,Delfi [Per],Per,listed_same_player,accepted,medium,evidence_player_group_0179,,,,,,,,,,,,,,,,,,,,,,,,,,,,,,,no_whois_classification,No classification row found,0,yes
char_maverick,Maverick,player_0152,Celo,Celo,,listed_same_player,accepted,medium,evidence_player_group_0152,,retired,Boardreader,no,no,2026_06_16_retired_immortals,MUME retired immortal list,List current as of 2026-06-16,immortal_2026_06_16_retired_immortals_maverick_591_listed_retired_immortal,candidate,Copied by Lewis. Includes Boardreaders and honorary True Legend entry for Norsu.,whois_maverick_1780913283,Maia,Maia,,Immortals,high,,,,,,,,,,,Maia,M,,immortal,immortal_term=Maia | race_term=Maia,2,no
char_mazai,Mazai,player_0199,Roman,Roman [Roman],Roman,listed_same_player,accepted,medium,evidence_player_group_0199,,,,,,,,,,,,whois_mazai_1780913288,Half-Elf,Half-Elf,,Free Peoples,medium,,,,,,,,,,,,,,race_only,race_term=Half-Elf | base_class_unknown,1,no
char_mazrim,Mazrim,,,,,,,,,,,,,,,,,,,,whois_mazrim_1780913294,Orc,Orc,,Minions of Sauron,high,,,,,,,,,,,,,,race_only,race_term=Orc | base_class_unknown,1,no
char_mazza,Mazza,player_0082,Relim,Relim,,listed_same_player,accepted,medium,evidence_player_group_0082,,,,,,,,,,,,whois_mazza_1780913299,Black Númenórean,Man,Black Númenórean,Minions of Sauron,high,,,,,,,,,,,,,,race_only,race_term=Black Númenórean | base_class_unknown,1,no
char_mecra,Mecra,player_0153,Gloha,Gloha,,listed_same_player,accepted,medium,evidence_player_group_0153,,,,,,,,,,,,,,,,,,,,,,,,,,,,,,,no_whois_classification,No classification row found,0,yes
char_meeka,Meeka,player_0094,Almarian,Almarian,,listed_same_player,accepted,medium,evidence_player_group_0094,,,,,,,,,,,,,,,,,,,,,,,,,,,,,,,no_whois_classification,No classification row found,0,yes
char_mehter,Mehter,player_0003,Burb,Burb,,listed_same_player,accepted,medium,evidence_player_group_0003,,,,,,,,,,,,whois_mehter_1780913316,Rohirric Healer,Man,Rohirrim,Free Peoples,medium,Cleric,Cleric,Healer,high,,,,,,,,,,classified,race_term=Rohirric | class_title=Healer | who_class_group=Cleric | class_confidence=high,1,no
char_mekul,Mekul,player_0213,Sibur,Sibur [Maxim],Maxim,listed_same_player,accepted,medium,evidence_player_group_0213,,,,,,,,,,,,,,,,,,,,,,,,,,,,,,,no_whois_classification,No classification row found,0,yes
char_melanchre,Melanchre,player_0155,Bellows,Bellows [Matt],Matt,listed_same_player,accepted,medium,evidence_player_group_0155,,,,,,,,,,,,,,,,,,,,,,,,,,,,,,,no_whois_classification,No classification row found,0,yes
char_melinda,Melinda,player_0063,Ling,Ling,,listed_same_player,accepted,medium,evidence_player_group_0063,,,,,,,,,,,,whois_melinda_1780913333,Black Númenórean,Man,Black Númenórean,Minions of Sauron,high,,,,,,,,,,,,,,race_only,race_term=Black Númenórean | base_class_unknown,2,no
char_meliza,Meliza,player_0141,Mastah,Mastah [Christian],Christian,listed_same_player,accepted,medium,evidence_player_group_0141,,,,,,,,,,,,whois_meliza_1780913339,Tarkhnarb Shaman,Orc,Tarkhnarb,Minions of Sauron,high,Cleric,Cleric,Shaman,low,,,,,,,,,,classified,race_term=Tarkhnarb | class_title=Shaman | who_class_group=Cleric | class_confidence=low,1,no
char_meneldur,Meneldur,player_0127,Almarian,Almarian,,listed_same_player,accepted,medium,evidence_player_group_0127,,retired,Boardreader,no,no,2026_06_16_retired_immortals,MUME retired immortal list,List current as of 2026-06-16,immortal_2026_06_16_retired_immortals_meneldur_593_listed_retired_immortal,candidate,Copied by Lewis. Includes Boardreaders and honorary True Legend entry for Norsu.,whois_meneldur_1781576783,Maia,Maia,,Immortals,high,Shaper,Shaper,Shaper,high,,,,,,,Maia,M,Shaper,immortal,immortal_term=Maia | race_term=Maia,2,no
char_mengaz,Mengaz,player_0161,Halir,Halir,,listed_same_player,accepted,medium,evidence_player_group_0161,,,,,,,,,,,,,,,,,,,,,,,,,,,,,,,no_whois_classification,No classification row found,0,yes
char_mephistofel,Mephistofel,player_0197,Zmej,Zmej [Leha],Leha,listed_same_player,accepted,medium,evidence_player_group_0197,,,,,,,,,,,,whois_mephistofel_1780913356,Orc,Orc,,Minions of Sauron,high,,,,,,,,,,,,,,race_only,race_term=Orc | base_class_unknown,1,no
char_mercurius,Mercurius,player_0062,Auriane,Auriane [Bob],Bob,listed_same_player,accepted,medium,evidence_player_group_0062,,,,,,,,,,,,whois_mercurius_1780913362,Silvan Hero,Elf,Silvan,Free Peoples,medium,General,General,Hero,medium,,,,,,,,,,classified,race_term=Silvan | class_title=Hero | who_class_group=General | class_confidence=medium,1,no
char_meriadoc,Meriadoc,player_0046,Filibert,Filibert,,listed_same_player,accepted,medium,evidence_player_group_0046,,,,,,,,,,,,whois_meriadoc_1780913367,Harfoot Hero,Hobbit,Harfoot,Free Peoples,medium,General,General,Hero,medium,,,,,,,,,,classified,race_term=Harfoot | class_title=Hero | who_class_group=General | class_confidence=medium,1,no
char_meril,Meril,player_0096,Voile,Voile,,listed_same_player,accepted,medium,evidence_player_group_0096,,,,,,,,,,,,whois_meril_1780913373,Man,Man,,Free Peoples,medium,,,,,,,,,,,,,,race_only,race_term=Man | base_class_unknown,1,no
char_merimac,Merimac,player_0036,Atlas,Atlas,,listed_same_player,accepted,medium,evidence_player_group_0036,,,,,,,,,,,,whois_merimac_1780913378,Stoor Hero,Hobbit,Stoor,Free Peoples,medium,General,General,Hero,medium,,,,,,,,,,classified,race_term=Stoor | class_title=Hero | who_class_group=General | class_confidence=medium,1,no
char_merlin,Merlin,player_0121,Merlin,Merlin,,listed_same_player,accepted,medium,evidence_player_group_0121,,,,,,,,,,,,,,,,,,,,,,,,,,,,,,,no_whois_classification,No classification row found,0,yes
char_merlyn,Merlyn,player_0189,Merlyn,Merlyn [Maxim],Maxim,listed_same_player,accepted,medium,evidence_player_group_0189,,retired,Maia,no,no,2026_06_16_retired_immortals,MUME retired immortal list,List current as of 2026-06-16,immortal_2026_06_16_retired_immortals_merlyn_137_listed_retired_immortal,candidate,Copied by Lewis. Includes Boardreaders and honorary True Legend entry for Norsu.,whois_merlyn_1780913390,Maia,Maia,,Immortals,high,Wright,Wright,Wright,high,,,,,,,Maia,M,Wright,immortal,immortal_term=Maia | race_term=Maia,2,no
char_mess,Mess,player_0029,Faint,Faint,,listed_same_player,accepted,medium,evidence_player_group_0029,,,,,,,,,,,,whois_mess_1780913395,Mountain Troll Softskin,Troll,Mountain Troll,Minions of Sauron,high,,,Softskin,low,,,,,,,,,,generic_title_no_class,race_term=Mountain Troll | class_title=Softskin | class_confidence=low | base_class_unknown,1,no
char_mestan,Mestan,player_0070,Heldo,Heldo [Jens],Jens,listed_same_player,accepted,medium,evidence_player_group_0070,,,,,,,,,,,,,,,,,,,,,,,,,,,,,,,no_whois_classification,No classification row found,0,yes
char_meteor,Meteor,player_0062,Auriane,Auriane [Bob],Bob,listed_same_player,accepted,medium,evidence_player_group_0062,,,,,,,,,,,,,,,,,,,,,,,,,,,,,,,no_whois_classification,No classification row found,0,yes
char_mhur,Mhur,player_0181,Ancra,Ancra [Harry],Harry,listed_same_player,accepted,medium,evidence_player_group_0181,,,,,,,,,,,,,,,,,,,,,,,,,,,,,,,no_whois_classification,No classification row found,0,yes
char_mikala,Mikala,player_0054,Deor,Deor,,listed_same_player,accepted,medium,evidence_player_group_0054,,,,,,,,,,,,whois_mikala_1780913418,Half-Elf,Half-Elf,,Free Peoples,medium,,,,,,,,,,,,,,race_only,race_term=Half-Elf | base_class_unknown,1,no
char_mikke,Mikke,player_0096,Voile,Voile,,listed_same_player,accepted,medium,evidence_player_group_0096,,,,,,,,,,,,whois_mikke_1780913424,Hobbit,Hobbit,,Free Peoples,medium,,,,,,,,,,,,,,race_only,race_term=Hobbit | base_class_unknown,1,no
char_miko,Miko,player_0064,Saeth,Saeth [Wojtek],Wojtek,listed_same_player,accepted,medium,evidence_player_group_0064,,,,,,,,,,,,whois_miko_1780913429,Tarkhnarb Adventurer,Orc,Tarkhnarb,Minions of Sauron,high,General,General,Adventurer,medium,,,,,,,,,,classified,race_term=Tarkhnarb | class_title=Adventurer | who_class_group=General | class_confidence=medium,1,no
char_milena,Milena,player_0024,Decoy,Decoy [Peter],Peter,listed_same_player,accepted,medium,evidence_player_group_0024,,,,,,,,,,,,whois_milena_1780913435,Orc,Orc,,Minions of Sauron,high,,,,,,,,,,,,,,race_only,race_term=Orc | base_class_unknown,1,no
char_miler,Miler,player_0082,Relim,Relim,,listed_same_player,accepted,medium,evidence_player_group_0082,,,,,,,,,,,,whois_miler_1780913441,Orc,Orc,,Minions of Sauron,high,,,,,,,,,,,,,,race_only,race_term=Orc | base_class_unknown,1,no
char_millen,Millen,player_0067,David,David [David],David,listed_same_player,accepted,medium,evidence_player_group_0067,,,,,,,,,,,,,,,,,,,,,,,,,,,,,,,no_whois_classification,No classification row found,0,yes
char_milzok,Milzok,player_0176,Beltira,Beltira [Erik],Erik,listed_same_player,accepted,medium,evidence_player_group_0176,,,,,,,,,,,,whois_milzok_1780913452,Dwarf,Dwarf,,Free Peoples,medium,,,,,,,,,,,,,,race_only,race_term=Dwarf | base_class_unknown,1,no
char_minastir,Minastir,player_0047,Idun,Idun,,listed_same_player,accepted,medium,evidence_player_group_0047,,,,,,,,,,,,,,,,,,,,,,,,,,,,,,,no_whois_classification,No classification row found,0,yes
char_minos,Minos,player_0166,Bodhran,Bodhran,,listed_same_player,accepted,medium,evidence_player_group_0166,,,,,,,,,,,,,,,,,,,,,,,,,,,,,,,no_whois_classification,No classification row found,0,yes
char_minuial,Minuial,player_0047,Idun,Idun,,listed_same_player,accepted,medium,evidence_player_group_0047,,,,,,,,,,,,,,,,,,,,,,,,,,,,,,,no_whois_classification,No classification row found,0,yes
char_miriamele,Miriamele,player_0047,Idun,Idun,,listed_same_player,accepted,medium,evidence_player_group_0047,,,,,,,,,,,,whois_miriamele_1780913474,Silvan Wizard,Elf,Silvan,Free Peoples,medium,Magic-user,Magic-user,Wizard,high,,,,,,,,,,classified,race_term=Silvan | class_title=Wizard | who_class_group=Magic-user | class_confidence=high,1,no
char_miser,Miser,player_0149,Miser,Miser,,listed_same_player,accepted,medium,evidence_player_group_0149,,retired,Maia,no,no,2026_06_16_retired_immortals,MUME retired immortal list,List current as of 2026-06-16,immortal_2026_06_16_retired_immortals_miser_141_listed_retired_immortal,candidate,Copied by Lewis. Includes Boardreaders and honorary True Legend entry for Norsu.,whois_miser_1780913480,Maia,Maia,,Immortals,high,Wright,Wright,Wright,high,,,,,,,Maia,M,Wright,immortal,immortal_term=Maia | race_term=Maia,2,no
char_misery,Misery,player_0069,Pilsner,Pilsner [Jurek],Jurek,listed_same_player,accepted,medium,evidence_player_group_0069,,,,,,,,,,,,whois_misery_1780913485,Black Númenórean Sage,Man,Black Númenórean,Minions of Sauron,high,Magic-user,Magic-user,Sage,high,,,,,,,,,,classified,race_term=Black Númenórean | class_title=Sage | who_class_group=Magic-user | class_confidence=high,2,no
char_mishrak,Mishrak,player_0141,Mastah,Mastah [Christian],Christian,listed_same_player,accepted,medium,evidence_player_group_0141,,,,,,,,,,,,whois_mishrak_1780913491,Orc,Orc,,Minions of Sauron,high,,,,,,,,,,,,,,race_only,race_term=Orc | base_class_unknown,1,no
char_mitch,Mitch,player_0067,David,David [David],David,listed_same_player,accepted,medium,evidence_player_group_0067,,,,,,,,,,,,whois_mitch_1780913497,Rohirric Soldier,Man,Rohirrim,Free Peoples,medium,Warrior,Warrior,Soldier,high,,,,,,,,,,classified,race_term=Rohirric | class_title=Soldier | who_class_group=Warrior | class_confidence=high,1,no
char_mithrellas,Mithrellas,player_0058,Steele,Steele [Dan],Dan,listed_same_player,accepted,medium,evidence_player_group_0058,,,,,,,,,,,,whois_mithrellas_1780913502,Silvan Heroine,Elf,Silvan,Free Peoples,medium,General,General,Heroine,medium,,,,,female,high,,,,classified,race_term=Silvan | class_title=Heroine | who_class_group=General | class_confidence=medium,1,no
char_miyahk,Miyahk,player_0176,Beltira,Beltira [Erik],Erik,listed_same_player,accepted,medium,evidence_player_group_0176,,,,,,,,,,,,whois_mìyáhk_1780913508,Dwarven Warden,Dwarf,,Free Peoples,medium,Warrior,Warrior,Warden,high,75% Bash,,,,,,,,,classified,race_term=Dwarven | class_title=Warden | who_class_group=Warrior | class_confidence=high | skill_notes=75% Bash,1,no
char_moandor,Moandor,player_0049,Haazheel,Haazheel,,listed_same_player,accepted,medium,evidence_player_group_0049,,,,,,,,,,,,,,,,,,,,,,,,,,,,,,,no_whois_classification,No classification row found,0,yes
char_moby,Moby,player_0140,Spud,Spud,,listed_same_player,accepted,medium,evidence_player_group_0140,,,,,,,,,,,,whois_moby_1780913519,Orc,Orc,,Minions of Sauron,high,,,,,,,,,,,,,,race_only,race_term=Orc | base_class_unknown,1,no
char_mochomurka,Mochomurka,player_0019,Luke,Luke,,listed_same_player,accepted,medium,evidence_player_group_0019,,,,,,,,,,,,whois_mochomurka_1780833863,Black Númenórean Warlock,Man,Black Númenórean,Minions of Sauron,high,Magic-user,Magic-user,Warlock,high,,,,,male,medium,,,,classified,race_term=Black Númenórean | class_title=Warlock | who_class_group=Magic-user | class_confidence=high,1,no
char_moci,Moci,player_0194,Morfizm,Morfizm [Dmitry],Dmitry,listed_same_player,accepted,medium,evidence_player_group_0194,,,,,,,,,,,,whois_moci_1780913525,Dwarven Axemaster,Dwarf,,Free Peoples,medium,Warrior,Warrior,Axemaster,high,100% cleaving weapons,,,,,,,,,classified,race_term=Dwarven | class_title=Axemaster | who_class_group=Warrior | class_confidence=high | skill_notes=100% cleaving weapons,1,no
char_mogshak,Mogshak,player_0147,Girithol,Girithol,,listed_same_player,accepted,medium,evidence_player_group_0147,,,,,,,,,,,,,,,,,,,,,,,,,,,,,,,no_whois_classification,No classification row found,0,yes
char_mojo,Mojo,player_0161,Halir,Halir,,listed_same_player,accepted,medium,evidence_player_group_0161,,,,,,,,,,,,whois_mojo_1780913536,Tarkhnarb Snaga,Orc,Tarkhnarb,Minions of Sauron,high,,,Snaga,low,,,,,,,,,,generic_title_no_class,race_term=Tarkhnarb | class_title=Snaga | class_confidence=low | base_class_unknown,1,no
char_molak,Molak,player_0142,Ethar,Ethar,,listed_same_player,accepted,medium,evidence_player_group_0142,,,,,,,,,,,,whois_molak_1780913542,Tarkhnarb Battlemaster,Orc,Tarkhnarb,Minions of Sauron,high,Warrior,Warrior,Battlemaster,high,,,,,,,,,,classified,race_term=Tarkhnarb | class_title=Battlemaster | who_class_group=Warrior | class_confidence=high,1,no
char_moloko,Moloko,player_0095,Haista,Haista,,listed_same_player,accepted,medium,evidence_player_group_0095,,,,,,,,,,,,whois_moloko_1780913548,Tarkhnarb Battlemaster,Orc,Tarkhnarb,Minions of Sauron,high,Warrior,Warrior,Battlemaster,high,,,,,,,,,,classified,race_term=Tarkhnarb | class_title=Battlemaster | who_class_group=Warrior | class_confidence=high,1,no
char_molor,Molor,player_0200,Helga,Helga [Aleks],Aleks,listed_same_player,accepted,medium,evidence_player_group_0200,,,,,,,,,,,,whois_molor_1780913553,Silvan Adventurer,Elf,Silvan,Free Peoples,medium,General,General,Adventurer,medium,,,,,,,,,,classified,race_term=Silvan | class_title=Adventurer | who_class_group=General | class_confidence=medium,1,no
char_monet,Monet,player_0166,Bodhran,Bodhran,,listed_same_player,accepted,medium,evidence_player_group_0166,,,,,,,,,,,,,,,,,,,,,,,,,,,,,,,no_whois_classification,No classification row found,0,yes
char_monster,Monster,player_0069,Pilsner,Pilsner [Jurek],Jurek,listed_same_player,accepted,medium,evidence_player_group_0069,,,,,,,,,,,,whois_monster_1780913565,Cave Troll Warrior,Troll,Cave Troll,Minions of Sauron,high,Warrior,Warrior,Warrior,medium,,,,,,,,,,classified,race_term=Cave Troll | class_title=Warrior | who_class_group=Warrior | class_confidence=medium,1,no
char_moonglum,Moonglum,player_0097,Moonglum,Moonglum,,listed_same_player,accepted,medium,evidence_player_group_0097,,,,,,,,,,,,whois_moonglum_1780913570,Black Númenórean,Man,Black Númenórean,Minions of Sauron,high,,,,,,,,,,,,,,race_only,race_term=Black Númenórean | base_class_unknown,1,no
char_moonparent,Moonparent,player_0022,Moonparent,Moonparent [David],David,listed_same_player,accepted,medium,evidence_player_group_0022,,,,,,,,,,,,whois_moonparent_1780913576,Tarkhnarb Necromancer,Orc,Tarkhnarb,Minions of Sauron,high,Cleric,Cleric,Necromancer,high,,,,,,,,,,classified,race_term=Tarkhnarb | class_title=Necromancer | who_class_group=Cleric | class_confidence=high,1,no
char_moonshade,Moonshade,player_0192,Moonshade,Moonshade [Alex],Alex,listed_same_player,accepted,medium,evidence_player_group_0192,,,,,,,,,,,,whois_moonshade_1780913581,Elf,Elf,,Free Peoples,medium,,,,,,,,,,,,,,race_only,race_term=Elf | base_class_unknown,1,no
char_moortek,Moortek,player_0176,Beltira,Beltira [Erik],Erik,listed_same_player,accepted,medium,evidence_player_group_0176,,,,,,,,,,,,whois_moortek_1780913587,Orc,Orc,,Minions of Sauron,high,,,,,,,,,,,,,,race_only,race_term=Orc | base_class_unknown,1,no
char_morannon,Morannon,player_0038,Sabadon,Sabadon,,listed_same_player,accepted,medium,evidence_player_group_0038,,,,,,,,,,,,whois_morannon_1780913592,Harfoot Necromancer,Hobbit,Harfoot,Free Peoples,medium,Cleric,Cleric,Necromancer,high,,,,,,,,,,classified,race_term=Harfoot | class_title=Necromancer | who_class_group=Cleric | class_confidence=high,1,no
char_morbet,Morbet,player_0165,Athela,Athela,,listed_same_player,accepted,medium,evidence_player_group_0165,,,,,,,,,,,,whois_morbet_1780913598,Tarkhnarb Battlemaster,Orc,Tarkhnarb,Minions of Sauron,high,Warrior,Warrior,Battlemaster,high,,,,,,,,,,classified,race_term=Tarkhnarb | class_title=Battlemaster | who_class_group=Warrior | class_confidence=high,1,no
char_morbid,Morbid,player_0028,Enforcer,Enforcer [Ert],Ert,listed_same_player,accepted,medium,evidence_player_group_0028,,,,,,,,,,,,whois_morbid_1780913604,Tarkhnarb Champion,Orc,Tarkhnarb,Minions of Sauron,high,General,General,Champion,medium,,,,,,,,,,classified,race_term=Tarkhnarb | class_title=Champion | who_class_group=General | class_confidence=medium,1,no
char_mordak,Mordak,player_0141,Mastah,Mastah [Christian],Christian,listed_same_player,accepted,medium,evidence_player_group_0141,,,,,,,,,,,,whois_mordak_1780913609,Tarkhnarb Champion,Orc,Tarkhnarb,Minions of Sauron,high,General,General,Champion,medium,,,,,,,,,,classified,race_term=Tarkhnarb | class_title=Champion | who_class_group=General | class_confidence=medium,1,no
char_morfizm,Morfizm,player_0194,Morfizm,Morfizm [Dmitry],Dmitry,listed_same_player,accepted,medium,evidence_player_group_0194,,retired,Boardreader,no,no,2026_06_16_retired_immortals,MUME retired immortal list,List current as of 2026-06-16,immortal_2026_06_16_retired_immortals_morfizm_609_listed_retired_immortal,candidate,Copied by Lewis. Includes Boardreaders and honorary True Legend entry for Norsu.,whois_morfizm_1780913615,Maia,Maia,,Immortals,high,,,,,,,,,,,Maia,M,,immortal,immortal_term=Maia | race_term=Maia,2,no
char_morgil,Morgil,player_0185,Buggar,Buggar [Adam],Adam,listed_same_player,accepted,medium,evidence_player_group_0185,,,,,,,,,,,,,,,,,,,,,,,,,,,,,,,no_whois_classification,No classification row found,0,yes
char_morgulduin,Morgulduin,player_0007,Diamonium,Diamonium,,listed_same_player,accepted,medium,evidence_player_group_0007,,,,,,,,,,,,whois_morgulduin_1780913626,Orc,Orc,,Minions of Sauron,high,,,,,,,,,,,,,,race_only,race_term=Orc | base_class_unknown,1,no
char_morholt,Morholt,player_0089,Lothlori,Lothlori,,listed_same_player,accepted,medium,evidence_player_group_0089,,,,,,,,,,,,whois_morholt_1780913632,Black Númenórean,Man,Black Númenórean,Minions of Sauron,high,,,,,,,,,,,,,,race_only,race_term=Black Númenórean | base_class_unknown,1,no
char_morholth,Morholth,player_0089,Lothlori,Lothlori,,listed_same_player,accepted,medium,evidence_player_group_0089,,,,,,,,,,,,whois_morholth_1780913638,Black Númenórean,Man,Black Númenórean,Minions of Sauron,high,,,,,,,,,,,,,,race_only,race_term=Black Númenórean | base_class_unknown,1,no
char_morog,Morog,player_0097,Moonglum,Moonglum,,listed_same_player,accepted,medium,evidence_player_group_0097,,,,,,,,,,,,whois_morog_1780913644,Orc,Orc,,Minions of Sauron,high,,,,,,,,,,,,,,race_only,race_term=Orc | base_class_unknown,1,no
char_moroz,Moroz,player_0199,Roman,Roman [Roman],Roman,listed_same_player,accepted,medium,evidence_player_group_0199,,,,,,,,,,,,whois_moroz_1780913649,Orc,Orc,,Minions of Sauron,high,,,,,,,,,,,,,,race_only,race_term=Orc | base_class_unknown,1,no
char_morphine,Morphine,player_0216,Grunge,Grunge,,listed_same_player,accepted,medium,evidence_player_group_0216,,,,,,,,,,,,whois_morphine_1780913655,Orc,Orc,,Minions of Sauron,high,,,,,,,,,,,,,,race_only,race_term=Orc | base_class_unknown,1,no
char_mors,Mors,player_0134,Chauncey,Chauncey,,listed_same_player,accepted,medium,evidence_player_group_0134,,,,,,,,,,,,whois_mors_1780913660,Orc,Orc,,Minions of Sauron,high,,,,,,,,,,,,,,race_only,race_term=Orc | base_class_unknown,1,no
char_morthe,Morthe,player_0089,Lothlori,Lothlori,,listed_same_player,accepted,medium,evidence_player_group_0089,,,,,,,,,,,,whois_morthe_1780913666,Dwarf,Dwarf,,Free Peoples,medium,,,,,,,,,,,,,,race_only,race_term=Dwarf | base_class_unknown,1,no
char_morticus,Morticus,player_0048,Draggor,Draggor,,listed_same_player,accepted,medium,evidence_player_group_0048,,,,,,,,,,,,whois_morticus_1780913672,Silvan Rider,Elf,Silvan,Free Peoples,medium,General,General,Rider,medium,90% Ride,,,,,,,,,classified,race_term=Silvan | class_title=Rider | who_class_group=General | class_confidence=medium | skill_notes=90% Ride,1,no
char_mortie,Mortie,player_0067,David,David [David],David,listed_same_player,accepted,medium,evidence_player_group_0067,,,,,,,,,,,,whois_mortie_1780913677,Orc,Orc,,Minions of Sauron,high,,,,,,,,,,,,,,race_only,race_term=Orc | base_class_unknown,1,no
char_mortis,Mortis,player_0132,Shagrath,Shagrath,,listed_same_player,accepted,medium,evidence_player_group_0132,,,,,,,,,,,,whois_mortis_1780913683,Black Númenórean,Man,Black Númenórean,Minions of Sauron,high,,,,,,,,,,,,,,race_only,race_term=Black Númenórean | base_class_unknown,1,no
char_mortti,Mortti,player_0105,Crysania,Crysania,,listed_same_player,accepted,medium,evidence_player_group_0105,,,,,,,,,,,,whois_mortti_1780913688,Hobbit,Hobbit,,Free Peoples,medium,,,,,,,,,,,,,,race_only,race_term=Hobbit | base_class_unknown,1,no
char_mosaren,Mosaren,player_0060,Amandil,Amandil,,listed_same_player,accepted,medium,evidence_player_group_0060,,,,,,,,,,,,whois_mosaren_1780913694,Mountain Troll Warrior,Troll,Mountain Troll,Minions of Sauron,high,Warrior,Warrior,Warrior,medium,,,,,,,,,,classified,race_term=Mountain Troll | class_title=Warrior | who_class_group=Warrior | class_confidence=medium,1,no
char_mosco,Mosco,player_0079,Feon,Feon [Johan],Johan,listed_same_player,accepted,medium,evidence_player_group_0079,,,,,,,,,,,,whois_mosco_1780913700,Hobbit,Hobbit,,Free Peoples,medium,,,,,,,,,,,,,,race_only,race_term=Hobbit | base_class_unknown,1,no
char_mouthofsauron,MouthOfSauron,player_0015,Ghostly,Ghostly,,listed_same_player,accepted,medium,evidence_player_group_0015,,,,,,,,,,,,whois_mouthofsauron_1780913705,Black Númenórean,Man,Black Númenórean,Minions of Sauron,high,,,,,,,,,,,,,,race_only,race_term=Black Númenórean | base_class_unknown,1,no
char_movin,Movin,player_0075,Bjorn,Bjorn [Bjorn],Bjorn,listed_same_player,accepted,medium,evidence_player_group_0075,,,,,,,,,,,,whois_movin_1780913711,Hobbit,Hobbit,,Free Peoples,medium,,,,,,,,,,,,,,race_only,race_term=Hobbit | base_class_unknown,1,no
char_mrazik,Mrazik,player_0145,Rebeka,Rebeka,,listed_same_player,accepted,medium,evidence_player_group_0145,,,,,,,,,,,,,,,,,,,,,,,,,,,,,,,no_whois_classification,No classification row found,0,yes
char_mrsh,Mrsh,player_0018,Feanor,Feanor,,listed_same_player,accepted,medium,evidence_player_group_0018,,,,,,,,,,,,whois_mrsh_1780913722,Tarkhnarb Warrior,Orc,Tarkhnarb,Minions of Sauron,high,Warrior,Warrior,Warrior,medium,,,,,,,,,,classified,race_term=Tarkhnarb | class_title=Warrior | who_class_group=Warrior | class_confidence=medium,1,no
char_mrsina,Mrsina,player_0069,Pilsner,Pilsner [Jurek],Jurek,listed_same_player,accepted,medium,evidence_player_group_0069,,,,,,,,,,,,whois_mrsina_1780913728,Tarkhnarb Champion,Orc,Tarkhnarb,Minions of Sauron,high,General,General,Champion,medium,,,,,,,,,,classified,race_term=Tarkhnarb | class_title=Champion | who_class_group=General | class_confidence=medium,1,no
char_mruah,Mruah,player_0165,Athela,Athela,,listed_same_player,accepted,medium,evidence_player_group_0165,,,,,,,,,,,,,,,,,,,,,,,,,,,,,,,no_whois_classification,No classification row found,0,yes
char_mrwhite,Mrwhite,player_0108,Toe,Toe,,listed_same_player,accepted,medium,evidence_player_group_0108,,,,,,,,,,,,,,,,,,,,,,,,,,,,,,,no_whois_classification,No classification row found,0,yes
char_much,Much,player_0176,Beltira,Beltira [Erik],Erik,listed_same_player,accepted,medium,evidence_player_group_0176,,,,,,,,,,,,whois_much_1780913746,Man,Man,,Free Peoples,medium,,,,,,,,,,,,,,race_only,race_term=Man | base_class_unknown,1,no
char_muck,Muck,player_0043,Lehto,Lehto,,listed_same_player,accepted,medium,evidence_player_group_0043,,,,,,,,,,,,whois_muck_1780913751,Noldorin Sage,Elf,Noldorin,Free Peoples,medium,Magic-user,Magic-user,Sage,high,,,,,,,,,,classified,race_term=Noldorin | class_title=Sage | who_class_group=Magic-user | class_confidence=high,1,no
char_mugorad,Mugorad,player_0012,Axel,Axel [Axel],Axel,listed_same_player,accepted,medium,evidence_player_group_0012,,,,,,,,,,,,whois_mugorad_1780913757,Black Númenórean Sage,Man,Black Númenórean,Minions of Sauron,high,Magic-user,Magic-user,Sage,high,,,,,,,,,,classified,race_term=Black Númenórean | class_title=Sage | who_class_group=Magic-user | class_confidence=high,1,no
char_muhugar,Muhugar,player_0065,Wryak,Wryak [Tapio],Tapio,listed_same_player,accepted,medium,evidence_player_group_0065,,,,,,,,,,,,,,,,,,,,,,,,,,,,,,,no_whois_classification,No classification row found,0,yes
char_muhv,Muhv,player_0006,Chavez,Chavez,,listed_same_player,accepted,medium,evidence_player_group_0006,,,,,,,,,,,,,,,,,,,,,,,,,,,,,,,no_whois_classification,No classification row found,0,yes
char_mukami,Mukami,player_0222,Mukami,Mukami,,listed_same_player,accepted,medium,evidence_player_group_0222,,,,,,,,,,,,whois_mukami_1780913774,Rohirric Battlemaster,Man,Rohirrim,Free Peoples,medium,Warrior,Warrior,Battlemaster,high,,,,,,,,,,classified,race_term=Rohirric | class_title=Battlemaster | who_class_group=Warrior | class_confidence=high,1,no
char_mulgrim,Mulgrim,player_0097,Moonglum,Moonglum,,listed_same_player,accepted,medium,evidence_player_group_0097,,,,,,,,,,,,whois_mulgrim_1780913780,Man,Man,,Free Peoples,medium,,,,,,,,,,,,,,race_only,race_term=Man | base_class_unknown,1,no
char_mumma,Mumma,player_0071,Marre,Marre [Martin],Martin,listed_same_player,accepted,medium,evidence_player_group_0071,,,,,,,,,,,,whois_mumma_1780913785,Elf,Elf,,Free Peoples,medium,,,,,,,,,,,,,,race_only,race_term=Elf | base_class_unknown,1,no
char_mummo,Mummo,player_0043,Lehto,Lehto,,listed_same_player,accepted,medium,evidence_player_group_0043,,,,,,,,,,,,whois_mummo_1780913791,Tarkhnarb Veteran,Orc,Tarkhnarb,Minions of Sauron,high,Warrior,Warrior,Veteran,high,,,,,,,,,,classified,race_term=Tarkhnarb | class_title=Veteran | who_class_group=Warrior | class_confidence=high,1,no
char_murdress,Murdress,player_0063,Ling,Ling,,listed_same_player,accepted,medium,evidence_player_group_0063,,,,,,,,,,,,,,,,,,,,,,,,,,,,,,,no_whois_classification,No classification row found,0,yes
char_murghaz,Murghaz,player_0040,Shadrach,Shadrach,,listed_same_player,accepted,medium,evidence_player_group_0040,,,,,,,,,,,,,,,,,,,,,,,,,,,,,,,no_whois_classification,No classification row found,0,yes
char_murumutt,Murumutt,player_0081,Vassago,Vassago,,listed_same_player,accepted,medium,evidence_player_group_0081,,,,,,,,,,,,,,,,,,,,,,,,,,,,,,,no_whois_classification,No classification row found,0,yes
char_murzilka,Murzilka,player_0199,Roman,Roman [Roman],Roman,listed_same_player,accepted,medium,evidence_player_group_0199,,,,,,,,,,,,whois_murzilka_1780913813,Orc,Orc,,Minions of Sauron,high,,,,,,,,,,,,,,race_only,race_term=Orc | base_class_unknown,1,no
char_mylene,Mylene,player_0001,Rogon,Rogon,,listed_same_player,accepted,medium,evidence_player_group_0001,,,,,,,,,,,,whois_mylene_1780913818,Goddess! is an Elf,Elf,,Free Peoples,medium,,,,,,,,,,,,,,race_only,race_term=Elf | unmatched=Goddess! is an | base_class_unknown,1,no
char_myth,Myth,player_0029,Faint,Faint,,listed_same_player,accepted,medium,evidence_player_group_0029,,,,,,,,,,,,whois_myth_1780913824,Half-elven Scholar,Half-Elf,,Free Peoples,medium,Magic-user,Magic-user,Scholar,high,,,,,,,,,,classified,race_term=Half-elven | class_title=Scholar | who_class_group=Magic-user | class_confidence=high,1,no
char_nacs,Nacs,player_0081,Vassago,Vassago,,listed_same_player,accepted,medium,evidence_player_group_0081,,,,,,,,,,,,whois_nacs_1780913830,Orc,Orc,,Minions of Sauron,high,,,,,,,,,,,,,,race_only,race_term=Orc | base_class_unknown,1,no
char_naed,Naed,player_0113,Nardhal,Nardhal,,listed_same_player,accepted,medium,evidence_player_group_0113,,,,,,,,,,,,,,,,,,,,,,,,,,,,,,,no_whois_classification,No classification row found,0,yes
char_naga,Naga,player_0139,Naga,Naga,,listed_same_player,accepted,medium,evidence_player_group_0139,,current,Maia,no,no,2026_06_16_current_immortals,MUME current immortal list,List current as of 2026-06-16,immortal_2026_06_16_current_immortals_naga_22_listed_current_immortal,candidate,Copied by Lewis. (+m) means the immortal is also a Maiar Muddler / muddle code contributor.,whois_naga_1780913841,Maia,Maia,,Immortals,high,Shaper,Shaper,Shaper,high,,,,,,,Maia,M,Shaper,immortal,immortal_term=Maia | race_term=Maia,3,no
char_naghar,Naghar,player_0113,Nardhal,Nardhal,,listed_same_player,accepted,medium,evidence_player_group_0113,,,,,,,,,,,,,,,,,,,,,,,,,,,,,,,no_whois_classification,No classification row found,0,yes
char_nagoroth,Nagoroth,player_0178,Nagoroth,Nagoroth [Steve],Steve,listed_same_player,accepted,medium,evidence_player_group_0178,,,,,,,,,,,,whois_nagoroth_1780913854,Dwarven Battlemaster,Dwarf,,Free Peoples,medium,Warrior,Warrior,Battlemaster,high,,,,,,,,,,classified,race_term=Dwarven | class_title=Battlemaster | who_class_group=Warrior | class_confidence=high,1,no
char_nain,Nain,player_0014,Gothmog,Gothmog [Petter],Petter,listed_same_player,accepted,medium,evidence_player_group_0014,,,,,,,,,,,,whois_náin_1780913863,Dwarf,Dwarf,,Free Peoples,medium,,,,,,,,,,,,,,race_only,race_term=Dwarf | base_class_unknown,1,no
char_naksitrall,Naksitrall,player_0007,Diamonium,Diamonium,,listed_same_player,accepted,medium,evidence_player_group_0007,,,,,,,,,,,,whois_naksitrall_1780913872,Black Númenórean,Man,Black Númenórean,Minions of Sauron,high,,,,,,,,,,,,,,race_only,race_term=Black Númenórean | base_class_unknown,1,no
char_naksur,Naksur,player_0181,Ancra,Ancra [Harry],Harry,listed_same_player,accepted,medium,evidence_player_group_0181,,,,,,,,,,,,whois_naksur_1780913879,Orc,Orc,,Minions of Sauron,high,,,,,,,,,,,,,,race_only,race_term=Orc | base_class_unknown,1,no
char_naldor,Naldor,player_0004,Wow,Wow,,listed_same_player,accepted,medium,evidence_player_group_0004,,,,,,,,,,,,whois_naldor_1780913885,Silvan Battlemaster,Elf,Silvan,Free Peoples,medium,Warrior,Warrior,Battlemaster,high,,,,,,,,,,classified,race_term=Silvan | class_title=Battlemaster | who_class_group=Warrior | class_confidence=high,1,no
char_nali,Nali,player_0004,Wow,Wow,,listed_same_player,accepted,medium,evidence_player_group_0004,,,,,,,,,,,,whois_nali_1780913891,Stoor Adventurer,Hobbit,Stoor,Free Peoples,medium,General,General,Adventurer,medium,,,,,,,,,,classified,race_term=Stoor | class_title=Adventurer | who_class_group=General | class_confidence=medium,1,no
char_namo,Namo,player_0016,Namo,Namo,,listed_same_player,accepted,medium,evidence_player_group_0016,,retired,Aratar,no,no,2026_06_16_retired_immortals,MUME retired immortal list,List current as of 2026-06-16,immortal_2026_06_16_retired_immortals_namo_7_listed_retired_immortal,candidate,Copied by Lewis. Includes Boardreaders and honorary True Legend entry for Norsu.,whois_námo_1780913897,"Vala, one of the Aratar",Vala,,Immortals,high,,,,,,,,,,,Arata,A,,immortal,immortal_term=one of the Aratar | race_term=Vala,1,no
char_naomi,Naomi,player_0141,Mastah,Mastah [Christian],Christian,listed_same_player,accepted,medium,evidence_player_group_0141,,,,,,,,,,,,whois_naomi_1780913904,Black Númenórean Witch,Man,Black Númenórean,Minions of Sauron,high,Magic-user,Magic-user,Witch,high,,,,,female,high,,,,classified,race_term=Black Númenórean | class_title=Witch | who_class_group=Magic-user | class_confidence=high,1,no
char_nardhal,Nardhal,player_0113,Nardhal,Nardhal,,listed_same_player,accepted,medium,evidence_player_group_0113,,,,,,,,,,,,,,,,,,,,,,,,,,,,,,,no_whois_classification,No classification row found,0,yes
char_naredhel,Naredhel,player_0102,Naredhel,Naredhel,,listed_same_player,accepted,medium,evidence_player_group_0102,,,,,,,,,,,,,,,,,,,,,,,,,,,,,,,no_whois_classification,No classification row found,0,yes
char_narf,Narf,player_0154,Bishn�k,Bishn�k [Eric],Eric,listed_same_player,accepted,medium,evidence_player_group_0154,,,,,,,,,,,,,,,,,,,,,,,,,,,,,,,no_whois_classification,No classification row found,0,yes
char_nari,Nari,player_0017,Alkar,Alkar,,listed_same_player,accepted,medium,evidence_player_group_0017,,,,,,,,,,,,whois_nari_1780913927,Dwarven Warden,Dwarf,,Free Peoples,medium,Warrior,Warrior,Warden,high,75% Bash,,,,,,,,,classified,race_term=Dwarven | class_title=Warden | who_class_group=Warrior | class_confidence=high | skill_notes=75% Bash,1,no
char_naroc,Naroc,player_0209,Daren,Daren,,listed_same_player,accepted,medium,evidence_player_group_0209,,,,,,,,,,,,,,,,,,,,,,,,,,,,,,,no_whois_classification,No classification row found,0,yes
char_narttu,Narttu,player_0105,Crysania,Crysania,,listed_same_player,accepted,medium,evidence_player_group_0105,,,,,,,,,,,,,,,,,,,,,,,,,,,,,,,no_whois_classification,No classification row found,0,yes
char_nat,Nat,player_0045,Rza,Rza,,listed_same_player,accepted,medium,evidence_player_group_0045,,,,,,,,,,,,,,,,,,,,,,,,,,,,,,,no_whois_classification,No classification row found,0,yes
char_natash,Natash,player_0148,Ytinas,Ytinas,,listed_same_player,accepted,medium,evidence_player_group_0148,,,,,,,,,,,,whois_natash_1780913949,Silvan Scout,Elf,Silvan,Free Peoples,medium,Thief,Thief,Scout,high,,,,,,,,,,classified,race_term=Silvan | class_title=Scout | who_class_group=Thief | class_confidence=high,1,no
char_nazalbeth,Nazalbeth,player_0031,Swork,Swork,,listed_same_player,accepted,medium,evidence_player_group_0031,,,,,,,,,,,,whois_nazalbeth_1780913955,Black Númenórean Wizard,Man,Black Númenórean,Minions of Sauron,high,Magic-user,Magic-user,Wizard,high,,,,,,,,,,classified,race_term=Black Númenórean | class_title=Wizard | who_class_group=Magic-user | class_confidence=high,1,no
char_nazghol,Nazghol,player_0110,Fredde,Fredde [Fredde],Fredde,listed_same_player,accepted,medium,evidence_player_group_0110,,,,,,,,,,,,whois_nazghol_1780913960,Orc,Orc,,Minions of Sauron,high,,,,,,,,,,,,,,race_only,race_term=Orc | base_class_unknown,1,no
char_nazghul,Nazghul,player_0022,Moonparent,Moonparent [David],David,listed_same_player,accepted,medium,evidence_player_group_0022,,,,,,,,,,,,whois_nazghûl_1780913966,Orc,Orc,,Minions of Sauron,high,,,,,,,,,,,,,,race_only,race_term=Orc | base_class_unknown,1,no
char_nazgoroth,Nazgoroth,player_0185,Buggar,Buggar [Adam],Adam,listed_same_player,accepted,medium,evidence_player_group_0185,,,,,,,,,,,,,,,,,,,,,,,,,,,,,,,no_whois_classification,No classification row found,0,yes
char_nazgum,Nazgum,player_0034,Nazgum,Nazgum,,listed_same_player,accepted,medium,evidence_player_group_0034,,,,,,,,,,,,whois_nazgúm_1780913977,Tarkhnarb Champion,Orc,Tarkhnarb,Minions of Sauron,high,General,General,Champion,medium,,,,,,,,,,classified,race_term=Tarkhnarb | class_title=Champion | who_class_group=General | class_confidence=medium,1,no
char_nazkuk,Nazkuk,player_0169,Jadon,Jadon,,listed_same_player,accepted,medium,evidence_player_group_0169,,,,,,,,,,,,whois_nazkuk_1780913983,Tarkhnarb Murderer,Orc,Tarkhnarb,Minions of Sauron,high,Thief,Thief,Murderer,medium,,,,,,,,,,classified,race_term=Tarkhnarb | class_title=Murderer | who_class_group=Thief | class_confidence=medium,1,no
char_nele,Nele,player_0004,Wow,Wow,,listed_same_player,accepted,medium,evidence_player_group_0004,,,,,,,,,,,,whois_nele_1780913988,Dúnadan Warden,Man,Dúnedain,Free Peoples,medium,Warrior,Warrior,Warden,high,75% Bash,,,,,,,,,classified,race_term=Dúnadan | class_title=Warden | who_class_group=Warrior | class_confidence=high | skill_notes=75% Bash,1,no
char_nemil,Nemil,player_0018,Feanor,Feanor,,listed_same_player,accepted,medium,evidence_player_group_0018,,,,,,,,,,,,whois_nemil_1780913994,Fallohide Ranger,Hobbit,Fallohide,Free Peoples,medium,General,General,Ranger,medium,High Track; exact requirement uncertain and probably not 100%+,,,,,,,,,classified,race_term=Fallohide | class_title=Ranger | who_class_group=General | class_confidence=medium | skill_notes=High Track; exact requirement uncertain and probably not 100%+,1,no
char_neo,Neo,player_0134,Chauncey,Chauncey,,listed_same_player,accepted,medium,evidence_player_group_0134,,,,,,,,,,,,whois_neo_1780914000,Beginning to Believe... is a level forty-one Dwarven Weaponsmaster,Dwarf,,Free Peoples,medium,Warrior,Warrior,Weaponsmaster,high,Unknown percent in at least two weapon skills,,,,,,,,,parser_suspect_or_custom_descriptor,race_term=Dwarven | class_title=Weaponsmaster | who_class_group=Warrior | class_confidence=high | skill_notes=Unknown percent in at least two weapon skills | unmatched=Beginning to Believe... is a level forty-one,1,yes
char_nerf,Nerf,player_0120,Nerf,Nerf,,listed_same_player,accepted,medium,evidence_player_group_0120,,,,,,,,,,,,whois_nerf_1780914005,Cave Troll Brute,Troll,Cave Troll,Minions of Sauron,high,Warrior,Warrior,Brute,low,,,,,,,,,,classified,race_term=Cave Troll | class_title=Brute | who_class_group=Warrior | class_confidence=low,1,no
char_nestha,Nestha,player_0130,Hate,Hate,,listed_same_player,accepted,medium,evidence_player_group_0130,,,,,,,,,,,,,,,,,,,,,,,,,,,,,,,no_whois_classification,No classification row found,0,yes
char_neverborn,Neverborn,player_0011,Lancelot,Lancelot [Andreas],Andreas,listed_same_player,accepted,medium,evidence_player_group_0011,,,,,,,,,,,,,,,,,,,,,,,,,,,,,,,no_whois_classification,No classification row found,0,yes
char_newmie,Newmie,player_0103,Edvard,Edvard [Aron],Aron,listed_same_player,accepted,medium,evidence_player_group_0103,,,,,,,,,,,,whois_newmie_1780914022,Beorning Bodyguard,Man,Beorning,Free Peoples,medium,Warrior,Warrior,Bodyguard,high,80% Rescue,,,,,,,,,classified,race_term=Beorning | class_title=Bodyguard | who_class_group=Warrior | class_confidence=high | skill_notes=80% Rescue,1,no
char_neziel,Neziel,player_0043,Lehto,Lehto,,listed_same_player,accepted,medium,evidence_player_group_0043,,,,,,,,,,,,whois_néziel_1780914028,Tarkhnarb Murderess,Orc,Tarkhnarb,Minions of Sauron,high,Thief,Thief,Murderess,medium,,,,,female,high,,,,classified,race_term=Tarkhnarb | class_title=Murderess | who_class_group=Thief | class_confidence=medium,1,no
char_nibble,Nibble,player_0081,Vassago,Vassago,,listed_same_player,accepted,medium,evidence_player_group_0081,,,,,,,,,,,,whois_nibble_1780914033,Elf,Elf,,Free Peoples,medium,,,,,,,,,,,,,,race_only,race_term=Elf | base_class_unknown,1,no
char_niflam,Niflam,player_0106,Rael,Rael [Dario],Dario,listed_same_player,accepted,medium,evidence_player_group_0106,,,,,,,,,,,,,,,,,,,,,,,,,,,,,,,no_whois_classification,No classification row found,0,yes
char_nigal,Nigal,player_0004,Wow,Wow,,listed_same_player,accepted,medium,evidence_player_group_0004,,,,,,,,,,,,,,,,,,,,,,,,,,,,,,,no_whois_classification,No classification row found,0,yes
char_nighthawk,Nighthawk,player_0109,Nighthawk,Nighthawk,,listed_same_player,accepted,medium,evidence_player_group_0109,,retired,Maia,no,no,2026_06_16_retired_immortals,MUME retired immortal list,List current as of 2026-06-16,immortal_2026_06_16_retired_immortals_nighthawk_267_listed_retired_immortal,candidate,Copied by Lewis. Includes Boardreaders and honorary True Legend entry for Norsu.,whois_nighthawk_1780914051,Maia,Maia,,Immortals,high,Cartographer,Cartographer,Cartographer,high,,,,,,,Maia,M,Cartographer,immortal,immortal_term=Maia | race_term=Maia,2,no
char_nightwolf,Nightwolf,player_0182,Pumuckl,Pumuckl,,listed_same_player,accepted,medium,evidence_player_group_0182,,,,,,,,,,,,whois_nightwolf_1780914056,Dwarf,Dwarf,,Free Peoples,medium,,,,,,,,,,,,,,race_only,race_term=Dwarf | base_class_unknown,1,no
char_niilit,Niilit,player_0212,Rabarbar,Rabarbar [Mihail],Mihail,listed_same_player,accepted,medium,evidence_player_group_0212,,,,,,,,,,,,,,,,,,,,,,,,,,,,,,,no_whois_classification,No classification row found,0,yes
char_nimir,Nimir,player_0079,Feon,Feon [Johan],Johan,listed_same_player,accepted,medium,evidence_player_group_0079,,,,,,,,,,,,whois_nimîr_1780914068,Silvan Priest,Elf,Silvan,Free Peoples,medium,Cleric,Cleric,Priest,high,,,,,,,,,,classified,race_term=Silvan | class_title=Priest | who_class_group=Cleric | class_confidence=high,1,no
char_nimraphel,Nimraphel,player_0052,Salmar,Salmar,,listed_same_player,accepted,medium,evidence_player_group_0052,,,,,,,,,,,,,,,,,,,,,,,,,,,,,,,no_whois_classification,No classification row found,0,yes
char_nimroth,Nimroth,player_0061,Siroth,Siroth,,listed_same_player,accepted,medium,evidence_player_group_0061,,,,,,,,,,,,whois_nimroth_1780914079,Sindarin Hero,Elf,Sindarin,Free Peoples,medium,General,General,Hero,medium,,,,,,,,,,classified,race_term=Sindarin | class_title=Hero | who_class_group=General | class_confidence=medium,1,no
char_nithr,Nithr,player_0052,Salmar,Salmar,,listed_same_player,accepted,medium,evidence_player_group_0052,,,,,,,,,,,,whois_nithr_1780914084,Elf,Elf,,Free Peoples,medium,,,,,,,,,,,,,,race_only,race_term=Elf | base_class_unknown,1,no
char_nogir,Nogir,player_0069,Pilsner,Pilsner [Jurek],Jurek,listed_same_player,accepted,medium,evidence_player_group_0069,,,,,,,,,,,,whois_nogir_1780914090,warrior. is a level fifty-six Orkish Champion,Orc,,Minions of Sauron,high,General,General,Champion,medium,,,,,,,,,,parser_suspect_or_custom_descriptor,race_term=Orkish | class_title=Champion | who_class_group=General | class_confidence=medium | unmatched=warrior. is a level fifty-six,1,yes
char_nogon,Nogon,player_0175,Vaab,Vaab [Joey],Joey,listed_same_player,accepted,medium,evidence_player_group_0175,,,,,,,,,,,,whois_nogon_1780914096,Dúnadan Adventurer,Man,Dúnedain,Free Peoples,medium,General,General,Adventurer,medium,,,,,,,,,,classified,race_term=Dúnadan | class_title=Adventurer | who_class_group=General | class_confidence=medium,1,no
char_nomad,Nomad,player_0173,Durcano,Durcano [Remo],Remo,listed_same_player,accepted,medium,evidence_player_group_0173,,,,,,,,,,,,whois_nomad_1780914101,Tarkhnarb Necromancer,Orc,Tarkhnarb,Minions of Sauron,high,Cleric,Cleric,Necromancer,high,,,,,,,,,,classified,race_term=Tarkhnarb | class_title=Necromancer | who_class_group=Cleric | class_confidence=high,1,no
char_nooka,Nooka,player_0139,Naga,Naga,,listed_same_player,accepted,medium,evidence_player_group_0139,,,,,,,,,,,,whois_nooka_1780914107,Cave Troll Warrior,Troll,Cave Troll,Minions of Sauron,high,Warrior,Warrior,Warrior,medium,,,,,,,,,,classified,race_term=Cave Troll | class_title=Warrior | who_class_group=Warrior | class_confidence=medium,1,no
char_norrland,Norrland,player_0103,Edvard,Edvard [Aron],Aron,listed_same_player,accepted,medium,evidence_player_group_0103,,,,,,,,,,,,whois_norrland_1780914113,Tarkhnarb Snaga,Orc,Tarkhnarb,Minions of Sauron,high,,,Snaga,low,,,,,,,,,,generic_title_no_class,race_term=Tarkhnarb | class_title=Snaga | class_confidence=low | base_class_unknown,1,no
char_norsu,Norsu,player_0001,Rogon,Rogon,,listed_same_player,accepted,medium,evidence_player_group_0001,,retired,True Legend,no,yes,2026_06_16_retired_immortals,MUME retired immortal list,List current as of 2026-06-16,immortal_2026_06_16_retired_immortals_norsu_799_honorary_immortal,candidate,First character to reach level 100; honorary immortal.,whois_norsu_1780833799,Tarkhnarb Champion,Orc,Tarkhnarb,Minions of Sauron,high,General,General,Champion,medium,,,,,,,,,,classified,race_term=Tarkhnarb | class_title=Champion | who_class_group=General | class_confidence=medium,2,no
char_nothing,Nothing,player_0200,Helga,Helga [Aleks],Aleks,listed_same_player,accepted,medium,evidence_player_group_0200,,,,,,,,,,,,,,,,,,,,,,,,,,,,,,,no_whois_classification,No classification row found,0,yes
char_notorga,Notorga,player_0141,Mastah,Mastah [Christian],Christian,listed_same_player,accepted,medium,evidence_player_group_0141,,,,,,,,,,,,whois_notorga_1780914124,Orc,Orc,,Minions of Sauron,high,,,,,,,,,,,,,,race_only,race_term=Orc | base_class_unknown,1,no
char_nowyr,Nowyr,player_0061,Siroth,Siroth,,listed_same_player,accepted,medium,evidence_player_group_0061,,,,,,,,,,,,whois_nowyr_1780914130,Rohirric Mercenary,Man,Rohirrim,Free Peoples,medium,Warrior,Warrior,Mercenary,low,,,,,,,,,,classified,race_term=Rohirric | class_title=Mercenary | who_class_group=Warrior | class_confidence=low,1,no
char_nuri,Nuri,player_0192,Moonshade,Moonshade [Alex],Alex,listed_same_player,accepted,medium,evidence_player_group_0192,,,,,,,,,,,,whois_nûri_1780914135,Dwarf,Dwarf,,Free Peoples,medium,,,,,,,,,,,,,,race_only,race_term=Dwarf | base_class_unknown,1,no
char_nushenak,Nushenak,player_0029,Faint,Faint,,listed_same_player,accepted,medium,evidence_player_group_0029,,,,,,,,,,,,whois_nushènak_1780914141,Black Númenórean,Man,Black Númenórean,Minions of Sauron,high,,,,,,,,,,,,,,race_only,race_term=Black Númenórean | base_class_unknown,1,no
char_nuzo,Nuzo,player_0149,Miser,Miser,,listed_same_player,accepted,medium,evidence_player_group_0149,,,,,,,,,,,,whois_nuzo_1780914147,Black Númenórean Ranger,Man,Black Númenórean,Minions of Sauron,high,General,General,Ranger,medium,High Track; exact requirement uncertain and probably not 100%+,,,,,,,,,classified,race_term=Black Númenórean | class_title=Ranger | who_class_group=General | class_confidence=medium | skill_notes=High Track; exact requirement uncertain and probably not 100%+,1,no
char_occult,Occult,player_0104,Donutello,Donutello,,listed_same_player,accepted,medium,evidence_player_group_0104,,,,,,,,,,,,whois_occult_1780914153,Half-elf,Half-Elf,,Free Peoples,medium,,,,,,,,,,,,,,race_only,race_term=Half-Elf | base_class_unknown,1,no
char_oceanborn,Oceanborn,player_0048,Draggor,Draggor,,listed_same_player,accepted,medium,evidence_player_group_0048,,,,,,,,,,,,whois_oceanborn_1780914158,Dúnadan Battlemistress,Man,Dúnedain,Free Peoples,medium,Warrior,Warrior,Battlemistress,high,,,,,female,high,,,,classified,race_term=Dúnadan | class_title=Battlemistress | who_class_group=Warrior | class_confidence=high,1,no
char_ochra,Ochra,player_0129,Liliah,Liliah,,listed_same_player,accepted,medium,evidence_player_group_0129,,,,,,,,,,,,whois_ochrâ_1780914164,Orc,Orc,,Minions of Sauron,high,,,,,,,,,,,,,,race_only,race_term=Orc | base_class_unknown,1,no
char_octavian,Octavian,player_0071,Marre,Marre [Martin],Martin,listed_same_player,accepted,medium,evidence_player_group_0071,,,,,,,,,,,,,,,,,,,,,,,,,,,,,,,no_whois_classification,No classification row found,0,yes
char_odamees,Odamees,player_0081,Vassago,Vassago,,listed_same_player,accepted,medium,evidence_player_group_0081,,,,,,,,,,,,,,,,,,,,,,,,,,,,,,,no_whois_classification,No classification row found,0,yes
char_odium,Odium,player_0169,Jadon,Jadon,,listed_same_player,accepted,medium,evidence_player_group_0169,,,,,,,,,,,,whois_odium_1780914181,Black Númenórean Wanderer,Man,Black Númenórean,Minions of Sauron,high,,,Wanderer,low,,,,,,,,,,generic_title_no_class,race_term=Black Númenórean | class_title=Wanderer | class_confidence=low | base_class_unknown,1,no
char_oggy,Oggy,player_0071,Marre,Marre [Martin],Martin,listed_same_player,accepted,medium,evidence_player_group_0071,,,,,,,,,,,,whois_oggy_1780914186,Elf,Elf,,Free Peoples,medium,,,,,,,,,,,,,,race_only,race_term=Elf | base_class_unknown,1,no
char_oguga,Oguga,player_0107,Ares,Ares,,listed_same_player,accepted,medium,evidence_player_group_0107,,,,,,,,,,,,whois_oguga_1780914193,Dwarf,Dwarf,,Free Peoples,medium,,,,,,,,,,,,,,race_only,race_term=Dwarf | base_class_unknown,1,no
char_ogyf,Ogyf,player_0036,Atlas,Atlas,,listed_same_player,accepted,medium,evidence_player_group_0036,,,,,,,,,,,,whois_ogyf_1780914198,Rohirric Rider,Man,Rohirrim,Free Peoples,medium,General,General,Rider,medium,90% Ride,,,,,,,,,classified,race_term=Rohirric | class_title=Rider | who_class_group=General | class_confidence=medium | skill_notes=90% Ride,1,no
char_ohthepain,OhThePain,player_0038,Sabadon,Sabadon,,listed_same_player,accepted,medium,evidence_player_group_0038,,,,,,,,,,,,whois_ohthepain_1780914204,Black Númenórean,Man,Black Númenórean,Minions of Sauron,high,,,,,,,,,,,,,,race_only,race_term=Black Númenórean | base_class_unknown,1,no
char_oiri,Oiri,player_0194,Morfizm,Morfizm [Dmitry],Dmitry,listed_same_player,accepted,medium,evidence_player_group_0194,,,,,,,,,,,,whois_oiri_1780914210,Noldorin Hero,Elf,Noldorin,Free Peoples,medium,General,General,Hero,medium,,,,,,,,,,classified,race_term=Noldorin | class_title=Hero | who_class_group=General | class_confidence=medium,1,no
char_olevipoeg,Olevipoeg,player_0170,Guido,Guido,,listed_same_player,accepted,medium,evidence_player_group_0170,,,,,,,,,,,,,,,,,,,,,,,,,,,,,,,no_whois_classification,No classification row found,0,yes
char_olmer,Olmer,player_0200,Helga,Helga [Aleks],Aleks,listed_same_player,accepted,medium,evidence_player_group_0200,,,,,,,,,,,,whois_olmer_1780914221,Black Númenórean,Man,Black Númenórean,Minions of Sauron,high,,,,,,,,,,,,,,race_only,race_term=Black Númenórean | base_class_unknown,1,no
char_olorion,Olorion,player_0079,Feon,Feon [Johan],Johan,listed_same_player,accepted,medium,evidence_player_group_0079,,,,,,,,,,,,whois_olórion_1780914226,Sindarin Master Healer,Elf,Sindarin,Free Peoples,medium,Cleric,Cleric,Master Healer,high,,,,,,,,,,classified,race_term=Sindarin | class_title=Master Healer | who_class_group=Cleric | class_confidence=high,1,no
char_olos,Olos,player_0114,Echo,Echo,,listed_same_player,accepted,medium,evidence_player_group_0114,,,,,,,,,,,,,,,,,,,,,,,,,,,,,,,no_whois_classification,No classification row found,0,yes
char_omega,Omega,player_0062,Auriane,Auriane [Bob],Bob,listed_same_player,accepted,medium,evidence_player_group_0062,,current,Maia,no,no,2026_06_16_current_immortals,MUME current immortal list,List current as of 2026-06-16,immortal_2026_06_16_current_immortals_omega_86_listed_current_immortal,candidate,Copied by Lewis. (+m) means the immortal is also a Maiar Muddler / muddle code contributor.,whois_omega_1780914238,Maia,Maia,,Immortals,high,Cartographer,Cartographer,Cartographer,high,,,,,,,Maia,M,Cartographer,immortal,immortal_term=Maia | race_term=Maia,2,no
char_omen,Omen,player_0201,Omen,Omen [Alexander],Alexander,listed_same_player,accepted,medium,evidence_player_group_0201,,retired,Boardreader,no,no,2026_06_16_retired_immortals,MUME retired immortal list,List current as of 2026-06-16,immortal_2026_06_16_retired_immortals_omen_638_listed_retired_immortal,candidate,Copied by Lewis. Includes Boardreaders and honorary True Legend entry for Norsu.,whois_omen_1780914243,Maia,Maia,,Immortals,high,,,,,,,,,,,Maia,M,,immortal,immortal_term=Maia | race_term=Maia,2,no
char_onatah,Onatah,player_0046,Filibert,Filibert,,listed_same_player,accepted,medium,evidence_player_group_0046,,,,,,,,,,,,whois_onatah_1780914249,Hill Troll Fighter,Troll,Hill Troll,Minions of Sauron,high,Warrior,Warrior,Fighter,low,,,,,,,,,,classified,race_term=Hill Troll | class_title=Fighter | who_class_group=Warrior | class_confidence=low,1,no
char_onyx,Onyx,player_0003,Burb,Burb,,listed_same_player,accepted,medium,evidence_player_group_0003,,,,,,,,,,,,whois_onyx_1780914255,Rohirric Heroine,Man,Rohirrim,Free Peoples,medium,General,General,Heroine,medium,,,,,female,high,,,,classified,race_term=Rohirric | class_title=Heroine | who_class_group=General | class_confidence=medium,1,no
char_orcbash,Orcbash,player_0109,Nighthawk,Nighthawk,,listed_same_player,accepted,medium,evidence_player_group_0109,,,,,,,,,,,,whois_orcbash_1780914260,Tarkhnarb Warg-rider,Orc,Tarkhnarb,Minions of Sauron,high,Warrior,Warrior,Warg-rider,low,,,,,,,,,,classified,race_term=Tarkhnarb | class_title=Warg-rider | who_class_group=Warrior | class_confidence=low,1,no
char_orcobal,Orcobal,player_0035,Fankil,Fankil [Alexander],Alexander,listed_same_player,accepted,medium,evidence_player_group_0035,,,,,,,,,,,,whois_orcobal_1780914266,Tarkhnarb Veteran,Orc,Tarkhnarb,Minions of Sauron,high,Warrior,Warrior,Veteran,high,,,,,,,,,,classified,race_term=Tarkhnarb | class_title=Veteran | who_class_group=Warrior | class_confidence=high,1,no
char_oregon,Oregon,player_0082,Relim,Relim,,listed_same_player,accepted,medium,evidence_player_group_0082,,,,,,,,,,,,,,,,,,,,,,,,,,,,,,,no_whois_classification,No classification row found,0,yes
char_orf,Orf,player_0058,Steele,Steele [Dan],Dan,listed_same_player,accepted,medium,evidence_player_group_0058,,,,,,,,,,,,,,,,,,,,,,,,,,,,,,,no_whois_classification,No classification row found,0,yes
char_orikas,Orikas,player_0031,Swork,Swork,,listed_same_player,accepted,medium,evidence_player_group_0031,,,,,,,,,,,,whois_orikas_1780914283,Half-Elf,Half-Elf,,Free Peoples,medium,,,,,,,,,,,,,,race_only,race_term=Half-Elf | base_class_unknown,1,no
char_orkanoid,Orkanoid,player_0190,Gray,Gray [Gray],Gray,listed_same_player,accepted,medium,evidence_player_group_0190,,,,,,,,,,,,whois_orkanoid_1780832511,Orkish Archer,Orc,,Minions of Sauron,high,Thief,Thief,Archer,medium,Unknown percent Missile,,,,,,,,,classified,race_term=Orkish | class_title=Archer | who_class_group=Thief | class_confidence=medium | skill_notes=Unknown percent Missile,1,no
char_orodreth,Orodreth,player_0014,Gothmog,Gothmog [Petter],Petter,listed_same_player,accepted,medium,evidence_player_group_0014,,,,,,,,,,,,whois_orodreth_1780914288,Elf,Elf,,Free Peoples,medium,,,,,,,,,,,,,,race_only,race_term=Elf | base_class_unknown,2,no
char_oscarmeyer,Oscarmeyer,player_0056,Aschit,Aschit,,listed_same_player,accepted,medium,evidence_player_group_0056,,,,,,,,,,,,whois_oscarmeyer_1780914294,Black Númenórean Murderer,Man,Black Númenórean,Minions of Sauron,high,Thief,Thief,Murderer,medium,,,,,,,,,,classified,race_term=Black Númenórean | class_title=Murderer | who_class_group=Thief | class_confidence=medium,1,no
char_osilin,Osilin,player_0166,Bodhran,Bodhran,,listed_same_player,accepted,medium,evidence_player_group_0166,,,,,,,,,,,,whois_osilin_1780914300,Black Númenórean Envoy,Man,Black Númenórean,Minions of Sauron,high,General,General,Envoy,medium,,,,,,,,,,classified,race_term=Black Númenórean | class_title=Envoy | who_class_group=General | class_confidence=medium,1,no
char_ostravar,Ostravar,player_0020,Bubla,Bubla,,listed_same_player,accepted,medium,evidence_player_group_0020,,,,,,,,,,,,,,,,,,,,,,,,,,,,,,,no_whois_classification,No classification row found,0,yes
char_ostu,Ostu,player_0192,Moonshade,Moonshade [Alex],Alex,listed_same_player,accepted,medium,evidence_player_group_0192,,,,,,,,,,,,whois_ôstu_1780914311,Elf,Elf,,Free Peoples,medium,,,,,,,,,,,,,,race_only,race_term=Elf | base_class_unknown,1,no
char_oualid,Oualid,player_0121,Merlin,Merlin,,listed_same_player,accepted,medium,evidence_player_group_0121,,,,,,,,,,,,,,,,,,,,,,,,,,,,,,,no_whois_classification,No classification row found,0,yes
char_ozgun,Ozgun,player_0076,Bigger,Bigger [Jakob],Jakob,listed_same_player,accepted,medium,evidence_player_group_0076,,,,,,,,,,,,,,,,,,,,,,,,,,,,,,,no_whois_classification,No classification row found,0,yes
char_ozon,Ozon,player_0069,Pilsner,Pilsner [Jurek],Jurek,listed_same_player,accepted,medium,evidence_player_group_0069,,,,,,,,,,,,whois_ozon_1780914328,Black Númenórean Envoy,Man,Black Númenórean,Minions of Sauron,high,General,General,Envoy,medium,,,,,,,,,,classified,race_term=Black Númenórean | class_title=Envoy | who_class_group=General | class_confidence=medium,1,no
char_padla,Padla,player_0200,Helga,Helga [Aleks],Aleks,listed_same_player,accepted,medium,evidence_player_group_0200,,,,,,,,,,,,,,,,,,,,,,,,,,,,,,,no_whois_classification,No classification row found,0,yes
char_pagan,Pagan,player_0048,Draggor,Draggor,,listed_same_player,accepted,medium,evidence_player_group_0048,,,,,,,,,,,,whois_pagan_1780914340,Man,Man,,Free Peoples,medium,,,,,,,,,,,,,,race_only,race_term=Man | base_class_unknown,1,no
char_pahan,Pahan,player_0197,Zmej,Zmej [Leha],Leha,listed_same_player,accepted,medium,evidence_player_group_0197,,,,,,,,,,,,,,,,,,,,,,,,,,,,,,,no_whois_classification,No classification row found,0,yes
char_paka,Paka,player_0031,Swork,Swork,,listed_same_player,accepted,medium,evidence_player_group_0031,,,,,,,,,,,,whois_paka_1780914351,Dwarven Battlemaster,Dwarf,,Free Peoples,medium,Warrior,Warrior,Battlemaster,high,,,,,,,,,,classified,race_term=Dwarven | class_title=Battlemaster | who_class_group=Warrior | class_confidence=high,1,no
char_pandion,Pandion,player_0001,Rogon,Rogon,,listed_same_player,accepted,medium,evidence_player_group_0001,,,,,,,,,,,,whois_pandion_1780914357,Man,Man,,Free Peoples,medium,,,,,,,,,,,,,,race_only,race_term=Man | base_class_unknown,1,no
char_paque,Paque,player_0082,Relim,Relim,,listed_same_player,accepted,medium,evidence_player_group_0082,,,,,,,,,,,,,,,,,,,,,,,,,,,,,,,no_whois_classification,No classification row found,0,yes
char_pasta,Pasta,player_0075,Bjorn,Bjorn [Bjorn],Bjorn,listed_same_player,accepted,medium,evidence_player_group_0075,,,,,,,,,,,,whois_pasta_1780914368,Orc,Orc,,Minions of Sauron,high,,,,,,,,,,,,,,race_only,race_term=Orc | base_class_unknown,1,no
char_patty,Patty,player_0013,Farin,Farin,,listed_same_player,accepted,medium,evidence_player_group_0013,,,,,,,,,,,,whois_patty_1780914374,Hill Troll Wrecker,Troll,Hill Troll,Minions of Sauron,high,Warrior,Warrior,Wrecker,low,,,,,,,,,,classified,race_term=Hill Troll | class_title=Wrecker | who_class_group=Warrior | class_confidence=low,1,no
char_pepa,Pepa,player_0069,Pilsner,Pilsner [Jurek],Jurek,listed_same_player,accepted,medium,evidence_player_group_0069,,,,,,,,,,,,whois_pepa_1780914379,Orkish Champion,Orc,,Minions of Sauron,high,General,General,Champion,medium,,,,,,,,,,classified,race_term=Orkish | class_title=Champion | who_class_group=General | class_confidence=medium,1,no
char_perago,Perago,player_0044,Perago,Perago,,listed_same_player,accepted,medium,evidence_player_group_0044,,,,,,,,,,,,whois_perago_1780914385,Hobbit,Hobbit,,Free Peoples,medium,,,,,,,,,,,,,,race_only,race_term=Hobbit | base_class_unknown,1,no
char_perl,Perl,player_0208,Anton,Anton [Anton],Anton,listed_same_player,accepted,medium,evidence_player_group_0208,,,,,,,,,,,,whois_perl_1780914391,Dwarf,Dwarf,,Free Peoples,medium,,,,,,,,,,,,,,race_only,race_term=Dwarf | base_class_unknown,1,no
char_perun,Perun,player_0202,Cerleg,Cerleg [Alex],Alex,listed_same_player,accepted,medium,evidence_player_group_0202,,,,,,,,,,,,,,,,,,,,,,,,,,,,,,,no_whois_classification,No classification row found,0,yes
char_pestilence,Pestilence,player_0055,Cur,Cur [Vigfus],Vigfus,listed_same_player,accepted,medium,evidence_player_group_0055,,,,,,,,,,,,whois_pestilence_1780914402,Tarkhnarb Snaga,Orc,Tarkhnarb,Minions of Sauron,high,,,Snaga,low,,,,,,,,,,generic_title_no_class,race_term=Tarkhnarb | class_title=Snaga | class_confidence=low | base_class_unknown,1,no
char_petrus,Petrus,player_0096,Voile,Voile,,listed_same_player,accepted,medium,evidence_player_group_0096,,,,,,,,,,,,,,,,,,,,,,,,,,,,,,,no_whois_classification,No classification row found,0,yes
char_pheare,Pheare,player_0022,Moonparent,Moonparent [David],David,listed_same_player,accepted,medium,evidence_player_group_0022,,,,,,,,,,,,whois_pheare_1780914414,Black Númenórean,Man,Black Númenórean,Minions of Sauron,high,,,,,,,,,,,,,,race_only,race_term=Black Númenórean | base_class_unknown,1,no
char_photon,Photon,player_0112,Reef,Reef,,listed_same_player,accepted,medium,evidence_player_group_0112,,,,,,,,,,,,whois_photon_1780914419,Orc,Orc,,Minions of Sauron,high,,,,,,,,,,,,,,race_only,race_term=Orc | base_class_unknown,1,no
char_piastr,Piastr,player_0198,Fisben,Fisben [Gleb],Gleb,listed_same_player,accepted,medium,evidence_player_group_0198,,,,,,,,,,,,whois_piastr_1780914425,Orc,Orc,,Minions of Sauron,high,,,,,,,,,,,,,,race_only,race_term=Orc | base_class_unknown,1,no
char_pickle,Pickle,player_0086,Squiffy,Squiffy,,listed_same_player,accepted,medium,evidence_player_group_0086,,,,,,,,,,,,whois_pickle_1780914431,Orc,Orc,,Minions of Sauron,high,,,,,,,,,,,,,,race_only,race_term=Orc | base_class_unknown,1,no
char_pilsner,Pilsner,player_0069,Pilsner,Pilsner [Jurek],Jurek,listed_same_player,accepted,medium,evidence_player_group_0069,,retired,Boardreader,no,no,2026_06_16_retired_immortals,MUME retired immortal list,List current as of 2026-06-16,immortal_2026_06_16_retired_immortals_pilsner_656_listed_retired_immortal,candidate,Copied by Lewis. Includes Boardreaders and honorary True Legend entry for Norsu.,whois_pilsner_1780914437,Maia,Maia,,Immortals,high,,,,,,,,,,,Maia,M,,immortal,immortal_term=Maia | race_term=Maia,2,no
char_pinhead,Pinhead,player_0004,Wow,Wow,,listed_same_player,accepted,medium,evidence_player_group_0004,,,,,,,,,,,,,,,,,,,,,,,,,,,,,,,no_whois_classification,No classification row found,0,yes
char_pinion,Pinion,player_0126,Deris,Deris,,listed_same_player,accepted,medium,evidence_player_group_0126,,,,,,,,,,,,whois_pinion_1780914449,Black Númenórean,Man,Black Númenórean,Minions of Sauron,high,,,,,,,,,,,,,,race_only,race_term=Black Númenórean | base_class_unknown,2,no
char_piow,Piow,player_0118,Khamasin,Khamasin,,listed_same_player,accepted,medium,evidence_player_group_0118,,,,,,,,,,,,whois_piow_1780914454,Orkish Champion,Orc,,Minions of Sauron,high,General,General,Champion,medium,,,,,,,,,,classified,race_term=Orkish | class_title=Champion | who_class_group=General | class_confidence=medium,1,no
char_plancy,Plancy,player_0174,Angrenfea,Angrenfea [Toivo],Toivo,listed_same_player,accepted,medium,evidence_player_group_0174,,,,,,,,,,,,,,,,,,,,,,,,,,,,,,,no_whois_classification,No classification row found,0,yes
char_plato,Plato,player_0134,Chauncey,Chauncey,,listed_same_player,accepted,medium,evidence_player_group_0134,,,,,,,,,,,,,,,,,,,,,,,,,,,,,,,no_whois_classification,No classification row found,0,yes
char_plch,Plch,player_0019,Luke,Luke,,listed_same_player,accepted,medium,evidence_player_group_0019,,,,,,,,,,,,whois_plch_1780914472,Sindarin Scholar,Elf,Sindarin,Free Peoples,medium,Magic-user,Magic-user,Scholar,high,,,,,,,,,,classified,race_term=Sindarin | class_title=Scholar | who_class_group=Magic-user | class_confidence=high,1,no
char_plohish,Plohish,player_0199,Roman,Roman [Roman],Roman,listed_same_player,accepted,medium,evidence_player_group_0199,,,,,,,,,,,,whois_plohish_1780914477,Hobbit,Hobbit,,Free Peoples,medium,,,,,,,,,,,,,,race_only,race_term=Hobbit | base_class_unknown,1,no
char_polydeukes,Polydeukes,player_0081,Vassago,Vassago,,listed_same_player,accepted,medium,evidence_player_group_0081,,,,,,,,,,,,whois_polydeukes_1780914483,Black Númenórean,Man,Black Númenórean,Minions of Sauron,high,,,,,,,,,,,,,,race_only,race_term=Black Númenórean | base_class_unknown,1,no
char_pomfrit,Pomfrit,player_0036,Atlas,Atlas,,listed_same_player,accepted,medium,evidence_player_group_0036,,,,,,,,,,,,whois_pomfrit_1780914489,Fallohide Patriarch,Hobbit,Fallohide,Free Peoples,medium,Cleric,Cleric,Patriarch,high,,,,,male,high,,,,classified,race_term=Fallohide | class_title=Patriarch | who_class_group=Cleric | class_confidence=high,1,no
char_pontiac,Pontiac,player_0165,Athela,Athela,,listed_same_player,accepted,medium,evidence_player_group_0165,,,,,,,,,,,,,,,,,,,,,,,,,,,,,,,no_whois_classification,No classification row found,0,yes
char_pontu,Pontu,player_0144,Jones,Jones,,listed_same_player,accepted,medium,evidence_player_group_0144,,,,,,,,,,,,,,,,,,,,,,,,,,,,,,,no_whois_classification,No classification row found,0,yes
char_popeye,Popeye,player_0165,Athela,Athela,,listed_same_player,accepted,medium,evidence_player_group_0165,,,,,,,,,,,,whois_popeye_1780914506,Fallohide Hunter,Hobbit,Fallohide,Free Peoples,medium,Thief,Thief,Hunter,medium,,,,,,,,,,classified,race_term=Fallohide | class_title=Hunter | who_class_group=Thief | class_confidence=medium,1,no
char_poppis,Poppis,player_0151,Poppis,Poppis,,listed_same_player,accepted,medium,evidence_player_group_0151,,,,,,,,,,,,whois_poppis_1780914512,Half-Elf,Half-Elf,,Free Peoples,medium,,,,,,,,,,,,,,race_only,race_term=Half-Elf | base_class_unknown,1,no
char_porien,Porien,player_0195,Porien,Porien [Dmitry],Dmitry,listed_same_player,accepted,medium,evidence_player_group_0195,,current,Maia,no,no,2026_06_16_current_immortals,MUME current immortal list,List current as of 2026-06-16,immortal_2026_06_16_current_immortals_porien_87_listed_current_immortal,candidate,Copied by Lewis. (+m) means the immortal is also a Maiar Muddler / muddle code contributor.,whois_porien_1780833903,Maia,Maia,,Immortals,high,Cartographer,Cartographer,Cartographer,high,,,,,,,Maia,M,Cartographer,immortal,immortal_term=Maia | race_term=Maia,2,no
char_posh,Posh,player_0001,Rogon,Rogon,,listed_same_player,accepted,medium,evidence_player_group_0001,,,,,,,,,,,,whois_posh_1780914835,Orc,Orc,,Minions of Sauron,high,,,,,,,,,,,,,,race_only,race_term=Orc | base_class_unknown,1,no
char_potgins,Potgins,player_0174,Angrenfea,Angrenfea [Toivo],Toivo,listed_same_player,accepted,medium,evidence_player_group_0174,,,,,,,,,,,,,,,,,,,,,,,,,,,,,,,no_whois_classification,No classification row found,0,yes
char_praiodan,Praiodan,player_0005,Praiodan,Praiodan [Tomas],Tomas,listed_same_player,accepted,medium,evidence_player_group_0005,,,,,,,,,,,,whois_praiodan_1780914846,Half-Elf,Half-Elf,,Free Peoples,medium,,,,,,,,,,,,,,race_only,race_term=Half-Elf | base_class_unknown,1,no
char_prcek,Prcek,player_0069,Pilsner,Pilsner [Jurek],Jurek,listed_same_player,accepted,medium,evidence_player_group_0069,,,,,,,,,,,,whois_prcek_1780914852,Dwarven Hero,Dwarf,,Free Peoples,medium,General,General,Hero,medium,,,,,,,,,,classified,race_term=Dwarven | class_title=Hero | who_class_group=General | class_confidence=medium,1,no
char_pretty,Pretty,player_0023,Bah,Bah [Jan],Jan,listed_same_player,accepted,medium,evidence_player_group_0023,,,,,,,,,,,,whois_pretty_1780914858,Troll,Troll,,Minions of Sauron,high,,,,,,,,,,,,,,race_only,race_term=Troll | base_class_unknown,1,no
char_prey,Prey,player_0008,Fingeror,Fingeror [Jocke],Jocke,listed_same_player,accepted,medium,evidence_player_group_0008,,,,,,,,,,,,whois_prey_1780914863,Tarkhnarb Champion,Orc,Tarkhnarb,Minions of Sauron,high,General,General,Champion,medium,,,,,,,,,,classified,race_term=Tarkhnarb | class_title=Champion | who_class_group=General | class_confidence=medium,1,no
char_prima,Prima,player_0108,Toe,Toe,,listed_same_player,accepted,medium,evidence_player_group_0108,,,,,,,,,,,,whois_prima_1780914869,Troll,Troll,,Minions of Sauron,high,,,,,,,,,,,,,,race_only,race_term=Troll | base_class_unknown,1,no
char_prist,Prist,player_0093,Valir,Valir [Raul],Raul,listed_same_player,accepted,medium,evidence_player_group_0093,,,,,,,,,,,,whois_prist_1780914875,Black Númenórean Warlock,Man,Black Númenórean,Minions of Sauron,high,Magic-user,Magic-user,Warlock,high,,,,,male,medium,,,,classified,race_term=Black Númenórean | class_title=Warlock | who_class_group=Magic-user | class_confidence=high,1,no
char_prosit,Prosit,player_0079,Feon,Feon [Johan],Johan,listed_same_player,accepted,medium,evidence_player_group_0079,,,,,,,,,,,,whois_prosit_1780914880,Dwarven Warden,Dwarf,,Free Peoples,medium,Warrior,Warrior,Warden,high,75% Bash,,,,,,,,,classified,race_term=Dwarven | class_title=Warden | who_class_group=Warrior | class_confidence=high | skill_notes=75% Bash,1,no
char_psycho,Psycho,player_0103,Edvard,Edvard [Aron],Aron,listed_same_player,accepted,medium,evidence_player_group_0103,,,,,,,,,,,,whois_psycho_1780914886,Black Númenórean Burglar,Man,Black Númenórean,Minions of Sauron,high,Thief,Thief,Burglar,low,,,,,,,,,,classified,race_term=Black Númenórean | class_title=Burglar | who_class_group=Thief | class_confidence=low,1,no
char_puar,Puar,player_0102,Naredhel,Naredhel,,listed_same_player,accepted,medium,evidence_player_group_0102,,,,,,,,,,,,,,,,,,,,,,,,,,,,,,,no_whois_classification,No classification row found,0,yes
char_pumuckl,Pumuckl,player_0182,Pumuckl,Pumuckl,,listed_same_player,accepted,medium,evidence_player_group_0182,,,,,,,,,,,,whois_pumuckl_1780914897,Silvan Battlemaster,Elf,Silvan,Free Peoples,medium,Warrior,Warrior,Battlemaster,high,,,,,,,,,,classified,race_term=Silvan | class_title=Battlemaster | who_class_group=Warrior | class_confidence=high,1,no
char_purkmistr,Purkmistr,player_0011,Lancelot,Lancelot [Andreas],Andreas,listed_same_player,accepted,medium,evidence_player_group_0011,,,,,,,,,,,,,,,,,,,,,,,,,,,,,,,no_whois_classification,No classification row found,0,yes
char_qiuram,Qiuram,player_0159,Beorel,Beorel,,listed_same_player,accepted,medium,evidence_player_group_0159,,,,,,,,,,,,,,,,,,,,,,,,,,,,,,,no_whois_classification,No classification row found,0,yes
char_quible,Quible,player_0086,Squiffy,Squiffy,,listed_same_player,accepted,medium,evidence_player_group_0086,,,,,,,,,,,,,,,,,,,,,,,,,,,,,,,no_whois_classification,No classification row found,0,yes
char_quillis,Quillis,player_0100,Quillis,Quillis,,listed_same_player,accepted,medium,evidence_player_group_0100,,retired,Maia,no,no,2026_06_16_retired_immortals,MUME retired immortal list,List current as of 2026-06-16,immortal_2026_06_16_retired_immortals_quillis_74_listed_retired_immortal,candidate,Copied by Lewis. Includes Boardreaders and honorary True Legend entry for Norsu.,whois_quillis_1780914920,new dad now! is a Maia,Maia,,Immortals,high,Shaper,Shaper,Shaper,high,,,,,,,Maia,M,Shaper,immortal,immortal_term=Maia | race_term=Maia | unmatched=new dad now! is a,2,no
char_quin,Quin,player_0036,Atlas,Atlas,,listed_same_player,accepted,medium,evidence_player_group_0036,,,,,,,,,,,,whois_quin_1780914925,Harfoot Veteran,Hobbit,Harfoot,Free Peoples,medium,Warrior,Warrior,Veteran,high,,,,,,,,,,classified,race_term=Harfoot | class_title=Veteran | who_class_group=Warrior | class_confidence=high,1,no
char_qul,Qul,player_0035,Fankil,Fankil [Alexander],Alexander,listed_same_player,accepted,medium,evidence_player_group_0035,,,,,,,,,,,,whois_qul_1780914931,Hobbit,Hobbit,,Free Peoples,medium,,,,,,,,,,,,,,race_only,race_term=Hobbit | base_class_unknown,1,no
char_qwestus,Qwestus,player_0136,Francis,Francis,,listed_same_player,accepted,medium,evidence_player_group_0136,,,,,,,,,,,,whois_qwestus_1780914937,Orc,Orc,,Minions of Sauron,high,,,,,,,,,,,,,,race_only,race_term=Orc | base_class_unknown,1,no
char_qwestux,Qwestux,player_0136,Francis,Francis,,listed_same_player,accepted,medium,evidence_player_group_0136,,,,,,,,,,,,,,,,,,,,,,,,,,,,,,,no_whois_classification,No classification row found,0,yes
char_rabarbar,Rabarbar,player_0212,Rabarbar,Rabarbar [Mihail],Mihail,listed_same_player,accepted,medium,evidence_player_group_0212,,,,,,,,,,,,,,,,,,,,,,,,,,,,,,,no_whois_classification,No classification row found,0,yes
char_rackhir,Rackhir,player_0128,Bornack,Bornack [Fredrik],Fredrik,listed_same_player,accepted,medium,evidence_player_group_0128,,,,,,,,,,,,whois_rackhir_1780914954,Dúnadan Patriarch,Man,Dúnedain,Free Peoples,medium,Cleric,Cleric,Patriarch,high,,,,,male,high,,,,classified,race_term=Dúnadan | class_title=Patriarch | who_class_group=Cleric | class_confidence=high,1,no
char_radbug,Radbug,player_0008,Fingeror,Fingeror [Jocke],Jocke,listed_same_player,accepted,medium,evidence_player_group_0008,,,,,,,,,,,,whois_radbug_1780914959,Tarkhnarb Shaman,Orc,Tarkhnarb,Minions of Sauron,high,Cleric,Cleric,Shaman,low,,,,,,,,,,classified,race_term=Tarkhnarb | class_title=Shaman | who_class_group=Cleric | class_confidence=low,1,no
char_radegast,Radegast,player_0217,Beat,Beat [Joosep],Joosep,listed_same_player,accepted,medium,evidence_player_group_0217,,,,,,,,,,,,whois_radegast_1780914965,Dwarf,Dwarf,,Free Peoples,medium,,,,,,,,,,,,,,race_only,race_term=Dwarf | base_class_unknown,1,no
char_rael,Rael,player_0106,Rael,Rael [Dario],Dario,listed_same_player,accepted,medium,evidence_player_group_0106,,,,,,,,,,,,whois_rael_1780914971,Hobbit,Hobbit,,Free Peoples,medium,,,,,,,,,,,,,,race_only,race_term=Hobbit | base_class_unknown,1,no
char_rafa,Rafa,player_0153,Gloha,Gloha,,listed_same_player,accepted,medium,evidence_player_group_0153,,,,,,,,,,,,whois_rafa_1780914976,Hobbit,Hobbit,,Free Peoples,medium,,,,,,,,,,,,,,race_only,race_term=Hobbit | base_class_unknown,1,no
char_rage,Rage,player_0100,Quillis,Quillis,,listed_same_player,accepted,medium,evidence_player_group_0100,,,,,,,,,,,,whois_rage_1780914982,Tarkhnarb Necromancer,Orc,Tarkhnarb,Minions of Sauron,high,Cleric,Cleric,Necromancer,high,,,,,,,,,,classified,race_term=Tarkhnarb | class_title=Necromancer | who_class_group=Cleric | class_confidence=high,1,no
char_ragface,Ragface,player_0028,Enforcer,Enforcer [Ert],Ert,listed_same_player,accepted,medium,evidence_player_group_0028,,,,,,,,,,,,whois_ragface_1780914988,Black Númenórean,Man,Black Númenórean,Minions of Sauron,high,,,,,,,,,,,,,,race_only,race_term=Black Númenórean | base_class_unknown,1,no
char_ragnwald,Ragnwald,player_0103,Edvard,Edvard [Aron],Aron,listed_same_player,accepted,medium,evidence_player_group_0103,,,,,,,,,,,,,,,,,,,,,,,,,,,,,,,no_whois_classification,No classification row found,0,yes
char_rahz,Rahz,player_0095,Haista,Haista,,listed_same_player,accepted,medium,evidence_player_group_0095,,,,,,,,,,,,whois_rahz_1780914999,Mountain Troll Warrior,Troll,Mountain Troll,Minions of Sauron,high,Warrior,Warrior,Warrior,medium,,,,,,,,,,classified,race_term=Mountain Troll | class_title=Warrior | who_class_group=Warrior | class_confidence=medium,1,no
char_raichu,Raichu,player_0062,Auriane,Auriane [Bob],Bob,listed_same_player,accepted,medium,evidence_player_group_0062,,,,,,,,,,,,whois_raichu_1780915005,Mountain Troll Brute,Troll,Mountain Troll,Minions of Sauron,high,Warrior,Warrior,Brute,low,,,,,,,,,,classified,race_term=Mountain Troll | class_title=Brute | who_class_group=Warrior | class_confidence=low,1,no
char_rain,Rain,player_0085,Daevia,Daevia,,listed_same_player,accepted,medium,evidence_player_group_0085,,,,,,,,,,,,whois_râin_1780915011,Half-elven Hero,Half-Elf,,Free Peoples,medium,General,General,Hero,medium,,,,,,,,,,classified,race_term=Half-elven | class_title=Hero | who_class_group=General | class_confidence=medium,1,no
char_rakot,Rakot,player_0189,Merlyn,Merlyn [Maxim],Maxim,listed_same_player,accepted,medium,evidence_player_group_0189,,,,,,,,,,,,,,,,,,,,,,,,,,,,,,,no_whois_classification,No classification row found,0,yes
char_ramangth,Ramangth,player_0098,Dragor,Dragor,,listed_same_player,accepted,medium,evidence_player_group_0098,,,,,,,,,,,,whois_ramangth_1780915022,Black Númenórean Wanderer,Man,Black Númenórean,Minions of Sauron,high,,,Wanderer,low,,,,,,,,,,generic_title_no_class,race_term=Black Númenórean | class_title=Wanderer | class_confidence=low | base_class_unknown,1,no
char_ramiris,Ramiris,player_0012,Axel,Axel [Axel],Axel,listed_same_player,accepted,medium,evidence_player_group_0012,,,,,,,,,,,,whois_ramiris_1780915027,Elf,Elf,,Free Peoples,medium,,,,,,,,,,,,,,race_only,race_term=Elf | base_class_unknown,1,no
char_ramtir,Ramtir,player_0035,Fankil,Fankil [Alexander],Alexander,listed_same_player,accepted,medium,evidence_player_group_0035,,,,,,,,,,,,whois_ramtir_1780915033,Tarkhnarb Warg-rider,Orc,Tarkhnarb,Minions of Sauron,high,Warrior,Warrior,Warg-rider,low,,,,,,,,,,classified,race_term=Tarkhnarb | class_title=Warg-rider | who_class_group=Warrior | class_confidence=low,1,no
char_ranax,Ranax,player_0023,Bah,Bah [Jan],Jan,listed_same_player,accepted,medium,evidence_player_group_0023,,,,,,,,,,,,whois_ranax_1780915039,Orc,Orc,,Minions of Sauron,high,,,,,,,,,,,,,,race_only,race_term=Orc | base_class_unknown,1,no
char_rancid,Rancid,player_0111,Aram,Aram,,listed_same_player,accepted,medium,evidence_player_group_0111,,,,,,,,,,,,whois_rancid_1780915044,Orc,Orc,,Minions of Sauron,high,,,,,,,,,,,,,,race_only,race_term=Orc | base_class_unknown,1,no
char_rancor,Rancor,player_0026,Alweon,Alweon,,listed_same_player,accepted,medium,evidence_player_group_0026,,,,,,,,,,,,whois_rancör_1780915050,Mountain Troll Fighter,Troll,Mountain Troll,Minions of Sauron,high,Warrior,Warrior,Fighter,low,,,,,,,,,,classified,race_term=Mountain Troll | class_title=Fighter | who_class_group=Warrior | class_confidence=low,1,no
char_ranhith,Ranhith,player_0158,Ainafea,Ainafea,,listed_same_player,accepted,medium,evidence_player_group_0158,,,,,,,,,,,,whois_ranhith_1780915056,Silvan Hunter,Elf,Silvan,Free Peoples,medium,Thief,Thief,Hunter,medium,,,,,,,,,,classified,race_term=Silvan | class_title=Hunter | who_class_group=Thief | class_confidence=medium,1,no
char_rankin,Rankin,player_0086,Squiffy,Squiffy,,listed_same_player,accepted,medium,evidence_player_group_0086,,,,,,,,,,,,,,,,,,,,,,,,,,,,,,,no_whois_classification,No classification row found,0,yes
char_ranna,Ranna,player_0139,Naga,Naga,,listed_same_player,accepted,medium,evidence_player_group_0139,,,,,,,,,,,,whois_ranna_1780915067,Orc,Orc,,Minions of Sauron,high,,,,,,,,,,,,,,race_only,race_term=Orc | base_class_unknown,1,no
char_rashnak,Rashnak,player_0032,Rashnak,Rashnak,,listed_same_player,accepted,medium,evidence_player_group_0032,,retired,Maia,no,no,2026_06_16_retired_immortals,MUME retired immortal list,List current as of 2026-06-16,immortal_2026_06_16_retired_immortals_rashnak_75_listed_retired_immortal,candidate,Copied by Lewis. Includes Boardreaders and honorary True Legend entry for Norsu.,whois_rashnak_1780915073,Maia,Maia,,Immortals,high,Shaper,Shaper,Shaper,high,,,,,,,Maia,M,Shaper,immortal,immortal_term=Maia | race_term=Maia,2,no
char_rasputin,Rasputin,player_0022,Moonparent,Moonparent [David],David,listed_same_player,accepted,medium,evidence_player_group_0022,,,,,,,,,,,,whois_rasputin_1780915078,Elf,Elf,,Free Peoples,medium,,,,,,,,,,,,,,race_only,race_term=Elf | base_class_unknown,1,no
char_rasta,Rasta,player_0072,Valamir,Valamir [Ole],Ole,listed_same_player,accepted,medium,evidence_player_group_0072,,,,,,,,,,,,whois_rasta_1780915084,Orc,Orc,,Minions of Sauron,high,,,,,,,,,,,,,,race_only,race_term=Orc | base_class_unknown,1,no
char_rastik,Rastik,player_0048,Draggor,Draggor,,listed_same_player,accepted,medium,evidence_player_group_0048,,,,,,,,,,,,whois_rästik_1780915089,Silvan Scout,Elf,Silvan,Free Peoples,medium,Thief,Thief,Scout,high,,,,,,,,,,classified,race_term=Silvan | class_title=Scout | who_class_group=Thief | class_confidence=high,1,no
char_ratark,Ratark,player_0070,Heldo,Heldo [Jens],Jens,listed_same_player,accepted,medium,evidence_player_group_0070,,,,,,,,,,,,,,,,,,,,,,,,,,,,,,,no_whois_classification,No classification row found,0,yes
char_raudo,Raudo,player_0106,Rael,Rael [Dario],Dario,listed_same_player,accepted,medium,evidence_player_group_0106,,,,,,,,,,,,whois_raudo_1780915101,Elf,Elf,,Free Peoples,medium,,,,,,,,,,,,,,race_only,race_term=Elf | base_class_unknown,1,no
char_rauko,Rauko,player_0220,Strine,Strine,,listed_same_player,accepted,medium,evidence_player_group_0220,,,,,,,,,,,,whois_rauko_1780915106,Tarkhnarb Battlemaster,Orc,Tarkhnarb,Minions of Sauron,high,Warrior,Warrior,Battlemaster,high,,,,,,,,,,classified,race_term=Tarkhnarb | class_title=Battlemaster | who_class_group=Warrior | class_confidence=high,1,no
char_raun,Raun,player_0112,Reef,Reef,,listed_same_player,accepted,medium,evidence_player_group_0112,,,,,,,,,,,,whois_raun_1780915112,Orc,Orc,,Minions of Sauron,high,,,,,,,,,,,,,,race_only,race_term=Orc | base_class_unknown,1,no
char_ravendark,Ravendark,player_0030,Manatark,Manatark [Kaido],Kaido,listed_same_player,accepted,medium,evidence_player_group_0030,,,,,,,,,,,,whois_ravendark_1780915118,Black Númenórean Mercenary,Man,Black Númenórean,Minions of Sauron,high,Warrior,Warrior,Mercenary,low,,,,,,,,,,classified,race_term=Black Númenórean | class_title=Mercenary | who_class_group=Warrior | class_confidence=low,1,no
char_ray,Ray,player_0198,Fisben,Fisben [Gleb],Gleb,listed_same_player,accepted,medium,evidence_player_group_0198,,,,,,,,,,,,whois_ray_1780915123,Troll,Troll,,Minions of Sauron,high,,,,,,,,,,,,,,race_only,race_term=Troll | base_class_unknown,1,no
char_rayden,Rayden,player_0090,Rayden,Rayden,,listed_same_player,accepted,medium,evidence_player_group_0090,,retired,Boardreader,no,no,2026_06_16_retired_immortals,MUME retired immortal list,List current as of 2026-06-16,immortal_2026_06_16_retired_immortals_rayden_669_listed_retired_immortal,candidate,Copied by Lewis. Includes Boardreaders and honorary True Legend entry for Norsu.,whois_rayden_1780915129,Maia,Maia,,Immortals,high,,,,,,,,,,,Maia,M,,immortal,immortal_term=Maia | race_term=Maia,2,no
char_razamazar,Razamazar,player_0082,Relim,Relim,,listed_same_player,accepted,medium,evidence_player_group_0082,,,,,,,,,,,,whois_razamazar_1780915135,Mountain Troll Fighter,Troll,Mountain Troll,Minions of Sauron,high,Warrior,Warrior,Fighter,low,,,,,,,,,,classified,race_term=Mountain Troll | class_title=Fighter | who_class_group=Warrior | class_confidence=low,1,no
char_raze,Raze,,,,,,,,,,,,,,,,,,,,whois_raze_1780915140,Orc,Orc,,Minions of Sauron,high,,,,,,,,,,,,,,race_only,race_term=Orc | base_class_unknown,1,no
char_razoor,Razoor,player_0180,Evandaar,Evandaar [Daniel],Daniel,listed_same_player,accepted,medium,evidence_player_group_0180,,,,,,,,,,,,whois_razoor_1780915146,Troll,Troll,,Minions of Sauron,high,,,,,,,,,,,,,,race_only,race_term=Troll | base_class_unknown,1,no
char_reaper,Reaper,player_0003,Burb,Burb,,listed_same_player,accepted,medium,evidence_player_group_0003,,,,,,,,,,,,whois_reaper_1780915151,Silvan Heroine,Elf,Silvan,Free Peoples,medium,General,General,Heroine,medium,,,,,female,high,,,,classified,race_term=Silvan | class_title=Heroine | who_class_group=General | class_confidence=medium,1,no
char_rebeka,Rebeka,player_0145,Rebeka,Rebeka,,listed_same_player,accepted,medium,evidence_player_group_0145,,,,,,,,,,,,,,,,,,,,,,,,,,,,,,,no_whois_classification,No classification row found,0,yes
char_reef,Reef,player_0112,Reef,Reef,,listed_same_player,accepted,medium,evidence_player_group_0112,,,,,,,,,,,,whois_reef_1780915164,Mountain Troll Warrior,Troll,Mountain Troll,Minions of Sauron,high,Warrior,Warrior,Warrior,medium,,,,,,,,,,classified,race_term=Mountain Troll | class_title=Warrior | who_class_group=Warrior | class_confidence=medium,1,no
char_regin,Regin,player_0067,David,David [David],David,listed_same_player,accepted,medium,evidence_player_group_0067,,,,,,,,,,,,whois_regin_1780915172,Dwarf,Dwarf,,Free Peoples,medium,,,,,,,,,,,,,,race_only,race_term=Dwarf | base_class_unknown,1,no
char_reijki,Reijki,player_0157,Dorolff,Dorolff,,listed_same_player,accepted,medium,evidence_player_group_0157,,,,,,,,,,,,whois_reijki_1780915180,Noldorin Warden,Elf,Noldorin,Free Peoples,medium,Warrior,Warrior,Warden,high,75% Bash,,,,,,,,,classified,race_term=Noldorin | class_title=Warden | who_class_group=Warrior | class_confidence=high | skill_notes=75% Bash,1,no
char_reikor,Reikor,player_0072,Valamir,Valamir [Ole],Ole,listed_same_player,accepted,medium,evidence_player_group_0072,,,,,,,,,,,,,,,,,,,,,,,,,,,,,,,no_whois_classification,No classification row found,0,yes
char_relim,Relim,player_0082,Relim,Relim,,listed_same_player,accepted,medium,evidence_player_group_0082,,,,,,,,,,,,whois_relim_1780833876,Man,Man,,Free Peoples,medium,,,,,,,,,,,,,,race_only,race_term=Man | base_class_unknown,1,no
char_remorse,Remorse,player_0063,Ling,Ling,,listed_same_player,accepted,medium,evidence_player_group_0063,,,,,,,,,,,,,,,,,,,,,,,,,,,,,,,no_whois_classification,No classification row found,0,yes
char_rend,Rend,player_0100,Quillis,Quillis,,listed_same_player,accepted,medium,evidence_player_group_0100,,,,,,,,,,,,whois_rend_1780915197,Tarkhnarb Champion,Orc,Tarkhnarb,Minions of Sauron,high,General,General,Champion,medium,,,,,,,,,,classified,race_term=Tarkhnarb | class_title=Champion | who_class_group=General | class_confidence=medium,1,no
char_rendra,Rendra,player_0179,Delfi,Delfi [Per],Per,listed_same_player,accepted,medium,evidence_player_group_0179,,,,,,,,,,,,whois_réndra_1780915203,Silvan Matriarch,Elf,Silvan,Free Peoples,medium,Cleric,Cleric,Matriarch,high,,,,,female,high,,,,classified,race_term=Silvan | class_title=Matriarch | who_class_group=Cleric | class_confidence=high,1,no
char_reno,Reno,player_0042,Zhagrat,Zhagrat,,listed_same_player,accepted,medium,evidence_player_group_0042,,,,,,,,,,,,whois_reno_1780915208,Hobbit,Hobbit,,Free Peoples,medium,,,,,,,,,,,,,,race_only,race_term=Hobbit | base_class_unknown,1,no
char_rentera,Rentera,player_0160,Krax,Krax,,listed_same_player,accepted,medium,evidence_player_group_0160,,,,,,,,,,,,whois_rentera_1780915214,Elf,Elf,,Free Peoples,medium,,,,,,,,,,,,,,race_only,race_term=Elf | base_class_unknown,1,no
char_revenan,Revenan,player_0051,Alantir,Alantir,,listed_same_player,accepted,medium,evidence_player_group_0051,,,,,,,,,,,,whois_revenan_1780915220,Elf,Elf,,Free Peoples,medium,,,,,,,,,,,,,,race_only,race_term=Elf | base_class_unknown,1,no
char_rhand,Rhand,player_0119,Zeus,Zeus,,listed_same_player,accepted,medium,evidence_player_group_0119,,,,,,,,,,,,whois_rhand_1780915225,Dúnadan Ranger,Man,Dúnedain,Free Peoples,medium,General,General,Ranger,medium,High Track; exact requirement uncertain and probably not 100%+,,,,,,,,,classified,race_term=Dúnadan | class_title=Ranger | who_class_group=General | class_confidence=medium | skill_notes=High Track; exact requirement uncertain and probably not 100%+,1,no
char_rhobe,Rhobe,player_0119,Zeus,Zeus,,listed_same_player,accepted,medium,evidence_player_group_0119,,,,,,,,,,,,whois_rhobe_1780915231,Orc,Orc,,Minions of Sauron,high,,,,,,,,,,,,,,race_only,race_term=Orc | base_class_unknown,1,no
char_rhodry,Rhodry,player_0011,Lancelot,Lancelot [Andreas],Andreas,listed_same_player,accepted,medium,evidence_player_group_0011,,,,,,,,,,,,whois_rhodry_1780915237,Half-elven Master Healer,Half-Elf,,Free Peoples,medium,Cleric,Cleric,Master Healer,high,,,,,,,,,,classified,race_term=Half-elven | class_title=Master Healer | who_class_group=Cleric | class_confidence=high,1,no
char_rhombuc,Rhombuc,player_0012,Axel,Axel [Axel],Axel,listed_same_player,accepted,medium,evidence_player_group_0012,,,,,,,,,,,,whois_rhômbuc_1780915242,Orc,Orc,,Minions of Sauron,high,,,,,,,,,,,,,,race_only,race_term=Orc | base_class_unknown,1,no
char_rhuarc,Rhuarc,player_0098,Dragor,Dragor,,listed_same_player,accepted,medium,evidence_player_group_0098,,,,,,,,,,,,whois_rhuarc_1780915248,Dwarven Warrior,Dwarf,,Free Peoples,medium,Warrior,Warrior,Warrior,medium,,,,,,,,,,classified,race_term=Dwarven | class_title=Warrior | who_class_group=Warrior | class_confidence=medium,1,no
char_rhuka,Rhuka,player_0037,Bobbie,Bobbie,,listed_same_player,accepted,medium,evidence_player_group_0037,,,,,,,,,,,,whois_rhuka_1780915254,Orc,Orc,,Minions of Sauron,high,,,,,,,,,,,,,,race_only,race_term=Orc | base_class_unknown,1,no
char_ric,Ric,player_0109,Nighthawk,Nighthawk,,listed_same_player,accepted,medium,evidence_player_group_0109,,,,,,,,,,,,whois_ric_1780915260,Silvan Ranger,Elf,Silvan,Free Peoples,medium,General,General,Ranger,medium,High Track; exact requirement uncertain and probably not 100%+,,,,,,,,,classified,race_term=Silvan | class_title=Ranger | who_class_group=General | class_confidence=medium | skill_notes=High Track; exact requirement uncertain and probably not 100%+,1,no
char_riekor,Riekor,player_0072,Valamir,Valamir [Ole],Ole,listed_same_player,accepted,medium,evidence_player_group_0072,,,,,,,,,,,,whois_riekor_1780915265,Black Númenórean,Man,Black Númenórean,Minions of Sauron,high,,,,,,,,,,,,,,race_only,race_term=Black Númenórean | base_class_unknown,1,no
char_rik,Rik,player_0136,Francis,Francis,,listed_same_player,accepted,medium,evidence_player_group_0136,,retired,Maia,no,no,2026_06_16_retired_immortals,MUME retired immortal list,List current as of 2026-06-16,immortal_2026_06_16_retired_immortals_rik_152_listed_retired_immortal,candidate,Copied by Lewis. Includes Boardreaders and honorary True Legend entry for Norsu.,whois_rik_1780833974,Maia,Maia,,Immortals,high,Wright,Wright,Wright,high,,,,,,,Maia,M,Wright,immortal,immortal_term=Maia | race_term=Maia,4,no
char_rimnark,Rimnark,player_0038,Sabadon,Sabadon,,listed_same_player,accepted,medium,evidence_player_group_0038,,,,,,,,,,,,,,,,,,,,,,,,,,,,,,,no_whois_classification,No classification row found,0,yes
char_rio,Rio,player_0199,Roman,Roman [Roman],Roman,listed_same_player,accepted,medium,evidence_player_group_0199,,,,,,,,,,,,whois_rio_1780915277,Elf,Elf,,Free Peoples,medium,,,,,,,,,,,,,,race_only,race_term=Elf | base_class_unknown,1,no
char_riordan,Riordan,player_0100,Quillis,Quillis,,listed_same_player,accepted,medium,evidence_player_group_0100,,,,,,,,,,,,whois_riordan_1780915283,Elf,Elf,,Free Peoples,medium,,,,,,,,,,,,,,race_only,race_term=Elf | base_class_unknown,1,no
char_rippin,Rippin,player_0148,Ytinas,Ytinas,,listed_same_player,accepted,medium,evidence_player_group_0148,,,,,,,,,,,,whois_rippin_1780915288,Fallohide Bodyguard,Hobbit,Fallohide,Free Peoples,medium,Warrior,Warrior,Bodyguard,high,80% Rescue,,,,,,,,,classified,race_term=Fallohide | class_title=Bodyguard | who_class_group=Warrior | class_confidence=high | skill_notes=80% Rescue,1,no
char_risca,Risca,player_0219,Risca,Risca,,listed_same_player,accepted,medium,evidence_player_group_0219,,,,,,,,,,,,whois_rìsca_1780915294,Dúnadan Hero,Man,Dúnedain,Free Peoples,medium,General,General,Hero,medium,,,,,,,,,,classified,race_term=Dúnadan | class_title=Hero | who_class_group=General | class_confidence=medium,1,no
char_risp,Risp,player_0151,Poppis,Poppis,,listed_same_player,accepted,medium,evidence_player_group_0151,,,,,,,,,,,,whois_risp_1780915300,Half-elven Wizard,Half-Elf,,Free Peoples,medium,Magic-user,Magic-user,Wizard,high,,,,,,,,,,classified,race_term=Half-elven | class_title=Wizard | who_class_group=Magic-user | class_confidence=high,1,no
char_rivet,Rivet,player_0091,Aris,Aris,,listed_same_player,accepted,medium,evidence_player_group_0091,,,,,,,,,,,,whois_rivet_1780915305,Tarkhnarb Murderer,Orc,Tarkhnarb,Minions of Sauron,high,Thief,Thief,Murderer,medium,,,,,,,,,,classified,race_term=Tarkhnarb | class_title=Murderer | who_class_group=Thief | class_confidence=medium,1,no
char_roadkill,Roadkill,player_0055,Cur,Cur [Vigfus],Vigfus,listed_same_player,accepted,medium,evidence_player_group_0055,,,,,,,,,,,,,,,,,,,,,,,,,,,,,,,no_whois_classification,No classification row found,0,yes
char_rockfish,Rockfish,player_0080,Venal,Venal,,listed_same_player,accepted,medium,evidence_player_group_0080,,,,,,,,,,,,,,,,,,,,,,,,,,,,,,,no_whois_classification,No classification row found,0,yes
char_rodan,Rodan,player_0021,Cormac,Cormac,,listed_same_player,accepted,medium,evidence_player_group_0021,,,,,,,,,,,,,,,,,,,,,,,,,,,,,,,no_whois_classification,No classification row found,0,yes
char_rodothlim,Rodothlim,player_0125,Ausir,Ausir,,listed_same_player,accepted,medium,evidence_player_group_0125,,,,,,,,,,,,whois_rodothlim_1780915328,Half-Elf,Half-Elf,,Free Peoples,medium,,,,,,,,,,,,,,race_only,race_term=Half-Elf | base_class_unknown,1,no
char_rogon,Rogon,player_0001,Rogon,Rogon,,listed_same_player,accepted,medium,evidence_player_group_0001,,current,Aratar,no,no,2026_06_16_current_immortals,MUME current immortal list,List current as of 2026-06-16,immortal_2026_06_16_current_immortals_rogon_8_listed_current_immortal,candidate,Copied by Lewis. (+m) means the immortal is also a Maiar Muddler / muddle code contributor.,whois_rogon_1780915334,"Vala, one of the Aratar",Vala,,Immortals,high,,,,,,,,,,,Arata,A,,immortal,immortal_term=one of the Aratar | race_term=Vala,2,no
char_rohic,Rohic,player_0211,Rohic,Rohic [Rohik],Rohik,listed_same_player,accepted,medium,evidence_player_group_0211,,retired,Boardreader,no,no,2026_06_16_retired_immortals,MUME retired immortal list,List current as of 2026-06-16,immortal_2026_06_16_retired_immortals_rohic_680_listed_retired_immortal,candidate,Copied by Lewis. Includes Boardreaders and honorary True Legend entry for Norsu.,whois_röhic_1780915340,Maia,Maia,,Immortals,high,,,,,,,,,,,Maia,M,,immortal,immortal_term=Maia | race_term=Maia,1,no
char_rohick,Rohick,player_0211,Rohic,Rohic [Rohik],Rohik,listed_same_player,accepted,medium,evidence_player_group_0211,,,,,,,,,,,,whois_röhick_1780915345,Hobbit,Hobbit,,Free Peoples,medium,,,,,,,,,,,,,,race_only,race_term=Hobbit | base_class_unknown,1,no
char_rohik,Rohik,player_0211,Rohic,Rohic [Rohik],Rohik,listed_same_player,accepted,medium,evidence_player_group_0211,,,,,,,,,,,,whois_röhik_1780915351,Hobbit,Hobbit,,Free Peoples,medium,,,,,,,,,,,,,,race_only,race_term=Hobbit | base_class_unknown,1,no
char_roman,Roman,player_0199,Roman,Roman [Roman],Roman,listed_same_player,accepted,medium,evidence_player_group_0199,,retired,Boardreader,no,no,2026_06_16_retired_immortals,MUME retired immortal list,List current as of 2026-06-16,immortal_2026_06_16_retired_immortals_roman_681_listed_retired_immortal,candidate,Copied by Lewis. Includes Boardreaders and honorary True Legend entry for Norsu.,whois_roman_1780915357,Maia,Maia,,Immortals,high,,,,,,,,,,,Maia,M,,immortal,immortal_term=Maia | race_term=Maia,2,no
char_romin,Romin,player_0075,Bjorn,Bjorn [Bjorn],Bjorn,listed_same_player,accepted,medium,evidence_player_group_0075,,,,,,,,,,,,whois_romin_1780915362,Dwarven Priest,Dwarf,,Free Peoples,medium,Cleric,Cleric,Priest,high,,,,,,,,,,classified,race_term=Dwarven | class_title=Priest | who_class_group=Cleric | class_confidence=high,1,no
char_ronin,Ronin,player_0064,Saeth,Saeth [Wojtek],Wojtek,listed_same_player,accepted,medium,evidence_player_group_0064,,,,,,,,,,,,whois_ronin_1780915368,Dwarf,Dwarf,,Free Peoples,medium,,,,,,,,,,,,,,race_only,race_term=Dwarf | base_class_unknown,1,no
char_rorka,Rorka,player_0139,Naga,Naga,,listed_same_player,accepted,medium,evidence_player_group_0139,,,,,,,,,,,,whois_rorka_1780915373,looking for a great title! is a level twenty-two Tarkhnarb Murderess,Orc,Tarkhnarb,Minions of Sauron,high,Thief,Thief,Murderess,medium,,,,,female,high,,,,parser_suspect_or_custom_descriptor,race_term=Tarkhnarb | class_title=Murderess | who_class_group=Thief | class_confidence=medium | unmatched=looking for a great title! is a level twenty-two,1,yes
char_rot,Rot,player_0058,Steele,Steele [Dan],Dan,listed_same_player,accepted,medium,evidence_player_group_0058,,,,,,,,,,,,,,,,,,,,,,,,,,,,,,,no_whois_classification,No classification row found,0,yes
char_rotho,Rotho,player_0154,Bishn�k,Bishn�k [Eric],Eric,listed_same_player,accepted,medium,evidence_player_group_0154,,,,,,,,,,,,whois_rotho_1780915385,Stoor Bodyguard,Hobbit,Stoor,Free Peoples,medium,Warrior,Warrior,Bodyguard,high,80% Rescue,,,,,,,,,classified,race_term=Stoor | class_title=Bodyguard | who_class_group=Warrior | class_confidence=high | skill_notes=80% Rescue,2,no
char_rotmos,Rotmos,player_0072,Valamir,Valamir [Ole],Ole,listed_same_player,accepted,medium,evidence_player_group_0072,,,,,,,,,,,,,,,,,,,,,,,,,,,,,,,no_whois_classification,No classification row found,0,yes
char_roxik,Roxik,player_0211,Rohic,Rohic [Rohik],Rohik,listed_same_player,accepted,medium,evidence_player_group_0211,,,,,,,,,,,,,,,,,,,,,,,,,,,,,,,no_whois_classification,No classification row found,0,yes
char_royal,Royal,player_0189,Merlyn,Merlyn [Maxim],Maxim,listed_same_player,accepted,medium,evidence_player_group_0189,,,,,,,,,,,,whois_royal_1780915402,Mountain Troll Brute,Troll,Mountain Troll,Minions of Sauron,high,Warrior,Warrior,Brute,low,,,,,,,,,,classified,race_term=Mountain Troll | class_title=Brute | who_class_group=Warrior | class_confidence=low,1,no
char_rugorn,Rugorn,player_0036,Atlas,Atlas,,listed_same_player,accepted,medium,evidence_player_group_0036,,,,,,,,,,,,whois_rugorn_1780915408,Beorning Scout,Man,Beorning,Free Peoples,medium,Thief,Thief,Scout,high,,,,,,,,,,classified,race_term=Beorning | class_title=Scout | who_class_group=Thief | class_confidence=high,1,no
char_rukan,Rukan,player_0065,Wryak,Wryak [Tapio],Tapio,listed_same_player,accepted,medium,evidence_player_group_0065,,,,,,,,,,,,,,,,,,,,,,,,,,,,,,,no_whois_classification,No classification row found,0,yes
char_rulla,Rulla,player_0176,Beltira,Beltira [Erik],Erik,listed_same_player,accepted,medium,evidence_player_group_0176,,,,,,,,,,,,whois_rulla_1780915419,Fallohide Scout,Hobbit,Fallohide,Free Peoples,medium,Thief,Thief,Scout,high,,,,,,,,,,classified,race_term=Fallohide | class_title=Scout | who_class_group=Thief | class_confidence=high,1,no
char_rumble,Rumble,player_0161,Halir,Halir,,listed_same_player,accepted,medium,evidence_player_group_0161,,,,,,,,,,,,whois_rumble_1780915424,Cave Troll Wrecker,Troll,Cave Troll,Minions of Sauron,high,Warrior,Warrior,Wrecker,low,,,,,,,,,,classified,race_term=Cave Troll | class_title=Wrecker | who_class_group=Warrior | class_confidence=low,1,no
char_rumptsais,Rumptsais,player_0165,Athela,Athela,,listed_same_player,accepted,medium,evidence_player_group_0165,,,,,,,,,,,,whois_rumptsais_1780915430,Tarkhnarb Cut-Throat,Orc,Tarkhnarb,Minions of Sauron,high,Thief,Thief,Cut-Throat,medium,,,Possibly orc-only; uncertain,,,,,,,classified,race_term=Tarkhnarb | class_title=Cut-Throat | who_class_group=Thief | class_confidence=medium | race_restriction=Possibly orc-only; uncertain,1,no
char_runk,Runk,player_0098,Dragor,Dragor,,listed_same_player,accepted,medium,evidence_player_group_0098,,,,,,,,,,,,,,,,,,,,,,,,,,,,,,,no_whois_classification,No classification row found,0,yes
char_ruul,Ruul,player_0013,Farin,Farin,,listed_same_player,accepted,medium,evidence_player_group_0013,,,,,,,,,,,,whois_ruul_1780915442,Tarkhnarb Necromancer,Orc,Tarkhnarb,Minions of Sauron,high,Cleric,Cleric,Necromancer,high,,,,,,,,,,classified,race_term=Tarkhnarb | class_title=Necromancer | who_class_group=Cleric | class_confidence=high,1,no
char_ryu,Ryu,player_0058,Steele,Steele [Dan],Dan,listed_same_player,accepted,medium,evidence_player_group_0058,,,,,,,,,,,,whois_ryu_1780915447,Hobbit,Hobbit,,Free Peoples,medium,,,,,,,,,,,,,,race_only,race_term=Hobbit | base_class_unknown,1,no
char_rza,Rza,player_0045,Rza,Rza,,listed_same_player,accepted,medium,evidence_player_group_0045,,,,,,,,,,,,whois_rza_1780915453,Dwarf,Dwarf,,Free Peoples,medium,,,,,,,,,,,,,,race_only,race_term=Dwarf | base_class_unknown,1,no
char_s_in,S in,player_0152,Celo,Celo,,listed_same_player,accepted,medium,evidence_player_group_0152,,,,,,,,,,,,,,,,,,,,,,,,,,,,,,,no_whois_classification,No classification row found,0,yes
char_sabadon,Sabadon,player_0038,Sabadon,Sabadon,,listed_same_player,accepted,medium,evidence_player_group_0038,,current,Maia,no,no,2026_06_16_current_immortals,MUME current immortal list,List current as of 2026-06-16,immortal_2026_06_16_current_immortals_sabadon_44_listed_current_immortal,candidate,Copied by Lewis. (+m) means the immortal is also a Maiar Muddler / muddle code contributor.,whois_sabadon_1780915464,Maia,Maia,,Immortals,high,Wright,Wright,Wright,high,,,,,,,Maia,M,Wright,immortal,immortal_term=Maia | race_term=Maia,2,no
char_saber,Saber,player_0100,Quillis,Quillis,,listed_same_player,accepted,medium,evidence_player_group_0100,,,,,,,,,,,,whois_saber_1780915470,Dwarf,Dwarf,,Free Peoples,medium,,,,,,,,,,,,,,race_only,race_term=Dwarf | base_class_unknown,1,no
char_sabish,Sabish,player_0166,Bodhran,Bodhran,,listed_same_player,accepted,medium,evidence_player_group_0166,,,,,,,,,,,,whois_sabish_1780915476,Orkish Battlemaster,Orc,,Minions of Sauron,high,Warrior,Warrior,Battlemaster,high,,,,,,,,,,classified,race_term=Orkish | class_title=Battlemaster | who_class_group=Warrior | class_confidence=high,1,no
char_sabu,Sabu,player_0092,Basha,Basha,,listed_same_player,accepted,medium,evidence_player_group_0092,,,,,,,,,,,,,,,,,,,,,,,,,,,,,,,no_whois_classification,No classification row found,0,yes
char_saemo,Saemo,player_0192,Moonshade,Moonshade [Alex],Alex,listed_same_player,accepted,medium,evidence_player_group_0192,,,,,,,,,,,,whois_saemo_1780915487,hiding in shadows is a Hobbit,Hobbit,,Free Peoples,medium,,,,,,,,,,,,,,race_only,race_term=Hobbit | unmatched=hiding in shadows is a | base_class_unknown,1,no
char_saeth,Saeth,player_0064,Saeth,Saeth [Wojtek],Wojtek,listed_same_player,accepted,medium,evidence_player_group_0064,,current,Maia,no,no,2026_06_16_current_immortals,MUME current immortal list,List current as of 2026-06-16,immortal_2026_06_16_current_immortals_saeth_91_listed_current_immortal,candidate,Copied by Lewis. (+m) means the immortal is also a Maiar Muddler / muddle code contributor.,whois_saeth_1780915493,Maia,Maia,,Immortals,high,Cartographer,Cartographer,Cartographer,high,,,,,,,Maia,M,Cartographer,immortal,immortal_term=Maia | race_term=Maia,2,no
char_sai,Sai,player_0094,Almarian,Almarian,,listed_same_player,accepted,medium,evidence_player_group_0094,,,,,,,,,,,,,,,,,,,,,,,,,,,,,,,no_whois_classification,No classification row found,0,yes
char_saint,Saint,player_0007,Diamonium,Diamonium,,listed_same_player,accepted,medium,evidence_player_group_0007,,,,,,,,,,,,whois_saint_1780915504,Dúnadan Scholar,Man,Dúnedain,Free Peoples,medium,Magic-user,Magic-user,Scholar,high,,,,,,,,,,classified,race_term=Dúnadan | class_title=Scholar | who_class_group=Magic-user | class_confidence=high,1,no
char_sakuolts,Sakuolts,player_0091,Aris,Aris,,listed_same_player,accepted,medium,evidence_player_group_0091,,,,,,,,,,,,whois_sakuolts_1780915509,Half-elf,Half-Elf,,Free Peoples,medium,,,,,,,,,,,,,,race_only,race_term=Half-Elf | base_class_unknown,1,no
char_sakura,Sakura,player_0139,Naga,Naga,,listed_same_player,accepted,medium,evidence_player_group_0139,,,,,,,,,,,,whois_sakura_1780915515,Sindarin Scholar,Elf,Sindarin,Free Peoples,medium,Magic-user,Magic-user,Scholar,high,,,,,,,,,,classified,race_term=Sindarin | class_title=Scholar | who_class_group=Magic-user | class_confidence=high,1,no
char_salas,Salas,player_0033,Ginlon,Ginlon,,listed_same_player,accepted,medium,evidence_player_group_0033,,,,,,,,,,,,,,,,,,,,,,,,,,,,,,,no_whois_classification,No classification row found,0,yes
char_salmar,Salmar,player_0052,Salmar,Salmar,,listed_same_player,accepted,medium,evidence_player_group_0052,,retired,Boardreader,no,no,2026_06_16_retired_immortals,MUME retired immortal list,List current as of 2026-06-16,immortal_2026_06_16_retired_immortals_salmar_690_listed_retired_immortal,candidate,Copied by Lewis. Includes Boardreaders and honorary True Legend entry for Norsu.,whois_salmar_1780915526,Maia,Maia,,Immortals,high,,,,,,,,,,,Maia,M,,immortal,immortal_term=Maia | race_term=Maia,2,no
char_salta,Salta,player_0060,Amandil,Amandil,,listed_same_player,accepted,medium,evidence_player_group_0060,,,,,,,,,,,,whois_salta_1780915532,Orc,Orc,,Minions of Sauron,high,,,,,,,,,,,,,,race_only,race_term=Orc | base_class_unknown,1,no
char_san,San,player_0192,Moonshade,Moonshade [Alex],Alex,listed_same_player,accepted,medium,evidence_player_group_0192,,,,,,,,,,,,whois_san_1780915538,Dúnadan Battlemaster,Man,Dúnedain,Free Peoples,medium,Warrior,Warrior,Battlemaster,high,,,,,,,,,,classified,race_term=Dúnadan | class_title=Battlemaster | who_class_group=Warrior | class_confidence=high,1,no
char_santana,Santana,player_0190,Gray,Gray [Gray],Gray,listed_same_player,accepted,medium,evidence_player_group_0190,,,,,,,,,,,,whois_santana_1780831482,Tarkhnarb Assassin,Orc,Tarkhnarb,Minions of Sauron,high,Thief,Thief,Assassin,high,,,,,,,,,,classified,race_term=Tarkhnarb | class_title=Assassin | who_class_group=Thief | class_confidence=high,1,no
char_sarah,Sarah,player_0001,Rogon,Rogon,,listed_same_player,accepted,medium,evidence_player_group_0001,,,,,,,,,,,,whois_sarah_1780915543,Elf,Elf,,Free Peoples,medium,,,,,,,,,,,,,,race_only,race_term=Elf | base_class_unknown,1,no
char_sardaukar,Sardaukar,player_0028,Enforcer,Enforcer [Ert],Ert,listed_same_player,accepted,medium,evidence_player_group_0028,,,,,,,,,,,,whois_sardaukar_1780915549,Orc,Orc,,Minions of Sauron,high,,,,,,,,,,,,,,race_only,race_term=Orc | base_class_unknown,1,no
char_scaramanga,Scaramanga,player_0070,Heldo,Heldo [Jens],Jens,listed_same_player,accepted,medium,evidence_player_group_0070,,,,,,,,,,,,,,,,,,,,,,,,,,,,,,,no_whois_classification,No classification row found,0,yes
char_schmidt,Schmidt,player_0057,Kenzu,Kenzu,,listed_same_player,accepted,medium,evidence_player_group_0057,,,,,,,,,,,,whois_schmidt_1780915560,Half-elven Chieftain,Half-Elf,,Free Peoples,medium,General,General,Chieftain,medium,90%-100% Leadership,,,,,,,,,classified,race_term=Half-elven | class_title=Chieftain | who_class_group=General | class_confidence=medium | skill_notes=90%-100% Leadership,1,no
char_scorn,Scorn,player_0017,Alkar,Alkar,,listed_same_player,accepted,medium,evidence_player_group_0017,,,,,,,,,,,,whois_scorn_1780915566,Tarkhnarb Battlemaster,Orc,Tarkhnarb,Minions of Sauron,high,Warrior,Warrior,Battlemaster,high,,,,,,,,,,classified,race_term=Tarkhnarb | class_title=Battlemaster | who_class_group=Warrior | class_confidence=high,1,no
char_scorpio,Scorpio,player_0201,Omen,Omen [Alexander],Alexander,listed_same_player,accepted,medium,evidence_player_group_0201,,,,,,,,,,,,whois_scorpio_1780915571,Elf,Elf,,Free Peoples,medium,,,,,,,,,,,,,,race_only,race_term=Elf | base_class_unknown,1,no
char_scotty,Scotty,player_0109,Nighthawk,Nighthawk,,listed_same_player,accepted,medium,evidence_player_group_0109,,,,,,,,,,,,whois_scotty_1780915577,Elf,Elf,,Free Peoples,medium,,,,,,,,,,,,,,race_only,race_term=Elf | base_class_unknown,1,no
char_scrape,Scrape,player_0027,Drugar,Drugar,,listed_same_player,accepted,medium,evidence_player_group_0027,,,,,,,,,,,,whois_scrape_1780915583,Dwarven Chieftain,Dwarf,,Free Peoples,medium,General,General,Chieftain,medium,90%-100% Leadership,,,,,,,,,classified,race_term=Dwarven | class_title=Chieftain | who_class_group=General | class_confidence=medium | skill_notes=90%-100% Leadership,1,no
char_scythe,Scythe,player_0088,Bulldozer,Bulldozer,,listed_same_player,accepted,medium,evidence_player_group_0088,,,,,,,,,,,,,,,,,,,,,,,,,,,,,,,no_whois_classification,No classification row found,0,yes
char_seek,Seek,player_0110,Fredde,Fredde [Fredde],Fredde,listed_same_player,accepted,medium,evidence_player_group_0110,,,,,,,,,,,,whois_seek_1780915594,Tarkhnarb Footpad,Orc,Tarkhnarb,Minions of Sauron,high,Thief,Thief,Footpad,high,,,,,,,,,,classified,race_term=Tarkhnarb | class_title=Footpad | who_class_group=Thief | class_confidence=high,1,no
char_seethe,Seethe,player_0153,Gloha,Gloha,,listed_same_player,accepted,medium,evidence_player_group_0153,,,,,,,,,,,,whois_seethe_1780915600,Orc,Orc,,Minions of Sauron,high,,,,,,,,,,,,,,race_only,race_term=Orc | base_class_unknown,1,no
char_sehanine,Sehanine,player_0119,Zeus,Zeus,,listed_same_player,accepted,medium,evidence_player_group_0119,,,,,,,,,,,,whois_sehanine_1780915606,Elf,Elf,,Free Peoples,medium,,,,,,,,,,,,,,race_only,race_term=Elf | base_class_unknown,1,no
char_selde,Selde,player_0217,Beat,Beat [Joosep],Joosep,listed_same_player,accepted,medium,evidence_player_group_0217,,,,,,,,,,,,,,,,,,,,,,,,,,,,,,,no_whois_classification,No classification row found,0,yes
char_semirhage,Semirhage,player_0119,Zeus,Zeus,,listed_same_player,accepted,medium,evidence_player_group_0119,,,,,,,,,,,,whois_semirhage_1780915617,Black Númenórean,Man,Black Númenórean,Minions of Sauron,high,,,,,,,,,,,,,,race_only,race_term=Black Númenórean | base_class_unknown,1,no
char_serate,Serate,player_0013,Farin,Farin,,listed_same_player,accepted,medium,evidence_player_group_0013,,,,,,,,,,,,whois_serate_1780915622,Tarkhnarb Scout,Orc,Tarkhnarb,Minions of Sauron,high,Thief,Thief,Scout,high,,,,,,,,,,classified,race_term=Tarkhnarb | class_title=Scout | who_class_group=Thief | class_confidence=high,1,no
char_serion,Serion,player_0037,Bobbie,Bobbie,,listed_same_player,accepted,medium,evidence_player_group_0037,,,,,,,,,,,,whois_seríon_1780915628,Elf,Elf,,Free Peoples,medium,,,,,,,,,,,,,,race_only,race_term=Elf | base_class_unknown,1,no
char_sethron,Sethron,player_0216,Grunge,Grunge,,listed_same_player,accepted,medium,evidence_player_group_0216,,,,,,,,,,,,whois_sethron_1780915634,Half-Elf,Half-Elf,,Free Peoples,medium,,,,,,,,,,,,,,race_only,race_term=Half-Elf | base_class_unknown,1,no
char_shades,Shades,,,,,,,,,,,,,,,,,,,,whois_shades_1780915639,Orc,Orc,,Minions of Sauron,high,,,,,,,,,,,,,,race_only,race_term=Orc | base_class_unknown,1,no
char_shadoh,Shadoh,player_0177,Bearclaw,Bearclaw,,listed_same_player,accepted,medium,evidence_player_group_0177,,,,,,,,,,,,whois_shadoh_1780915645,Half-Elf,Half-Elf,,Free Peoples,medium,,,,,,,,,,,,,,race_only,race_term=Half-Elf | base_class_unknown,1,no
char_shadrach,Shadrach,player_0040,Shadrach,Shadrach,,listed_same_player,accepted,medium,evidence_player_group_0040,,,,,,,,,,,,whois_shadrach_1780915651,Orc,Orc,,Minions of Sauron,high,,,,,,,,,,,,,,race_only,race_term=Orc | base_class_unknown,1,no
char_shaff,Shaff,player_0087,Bounty,Bounty,,listed_same_player,accepted,medium,evidence_player_group_0087,,,,,,,,,,,,,,,,,,,,,,,,,,,,,,,no_whois_classification,No classification row found,0,yes
char_shagra,Shagra,player_0096,Voile,Voile,,listed_same_player,accepted,medium,evidence_player_group_0096,,,,,,,,,,,,whois_shagra_1780915662,Orc,Orc,,Minions of Sauron,high,,,,,,,,,,,,,,race_only,race_term=Orc | base_class_unknown,1,no
char_shagrath,Shagrath,player_0132,Shagrath,Shagrath,,listed_same_player,accepted,medium,evidence_player_group_0132,,,,,,,,,,,,whois_shagrath_1780915668,Elf,Elf,,Free Peoples,medium,,,,,,,,,,,,,,race_only,race_term=Elf | base_class_unknown,1,no
char_shaigan,Shaigan,player_0024,Decoy,Decoy [Peter],Peter,listed_same_player,accepted,medium,evidence_player_group_0024,,,,,,,,,,,,whois_shaïgan_1780915673,Dwarf,Dwarf,,Free Peoples,medium,,,,,,,,,,,,,,race_only,race_term=Dwarf | base_class_unknown,1,no
char_shaitan,Shaitan,player_0201,Omen,Omen [Alexander],Alexander,listed_same_player,accepted,medium,evidence_player_group_0201,,,,,,,,,,,,whois_shaitan_1780915679,Black Númenórean,Man,Black Númenórean,Minions of Sauron,high,,,,,,,,,,,,,,race_only,race_term=Black Númenórean | base_class_unknown,1,no
char_shala,Shala,player_0131,Feagil,Feagil,,listed_same_player,accepted,medium,evidence_player_group_0131,,,,,,,,,,,,whois_shala_1780915685,Silvan Hero,Elf,Silvan,Free Peoples,medium,General,General,Hero,medium,,,,,,,,,,classified,race_term=Silvan | class_title=Hero | who_class_group=General | class_confidence=medium,1,no
char_shaolin,Shaolin,player_0180,Evandaar,Evandaar [Daniel],Daniel,listed_same_player,accepted,medium,evidence_player_group_0180,,,,,,,,,,,,,,,,,,,,,,,,,,,,,,,no_whois_classification,No classification row found,0,yes
char_sharaaz,Sharaaz,player_0119,Zeus,Zeus,,listed_same_player,accepted,medium,evidence_player_group_0119,,,,,,,,,,,,whois_sharaaz_1780915696,Orc,Orc,,Minions of Sauron,high,,,,,,,,,,,,,,race_only,race_term=Orc | base_class_unknown,1,no
char_sharan,Sharan,player_0011,Lancelot,Lancelot [Andreas],Andreas,listed_same_player,accepted,medium,evidence_player_group_0011,,,,,,,,,,,,,,,,,,,,,,,,,,,,,,,no_whois_classification,No classification row found,0,yes
char_sharg,Sharg,player_0162,Hudson,Hudson,,listed_same_player,accepted,medium,evidence_player_group_0162,,,,,,,,,,,,whois_sharg_1780915707,Orc,Orc,,Minions of Sauron,high,,,,,,,,,,,,,,race_only,race_term=Orc | base_class_unknown,1,no
char_sharghl,Sharghl,player_0066,Tram,Tram,,listed_same_player,accepted,medium,evidence_player_group_0066,,,,,,,,,,,,,,,,,,,,,,,,,,,,,,,no_whois_classification,No classification row found,0,yes
char_sharmak,Sharmak,player_0081,Vassago,Vassago,,listed_same_player,accepted,medium,evidence_player_group_0081,,,,,,,,,,,,whois_sharmak_1780915719,Orc,Orc,,Minions of Sauron,high,,,,,,,,,,,,,,race_only,race_term=Orc | base_class_unknown,1,no
char_shartomb,Shartomb,player_0038,Sabadon,Sabadon,,listed_same_player,accepted,medium,evidence_player_group_0038,,,,,,,,,,,,whois_shartomb_1780915724,Orc,Orc,,Minions of Sauron,high,,,,,,,,,,,,,,race_only,race_term=Orc | base_class_unknown,1,no
char_shashakar,Shashakar,player_0222,Mukami,Mukami,,listed_same_player,accepted,medium,evidence_player_group_0222,,,,,,,,,,,,,,,,,,,,,,,,,,,,,,,no_whois_classification,No classification row found,0,yes
char_shathur,Shathur,player_0036,Atlas,Atlas,,listed_same_player,accepted,medium,evidence_player_group_0036,,,,,,,,,,,,whois_shathûr_1780915735,Dwarven Weaponsmaster,Dwarf,,Free Peoples,medium,Warrior,Warrior,Weaponsmaster,high,Unknown percent in at least two weapon skills,,,,,,,,,classified,race_term=Dwarven | class_title=Weaponsmaster | who_class_group=Warrior | class_confidence=high | skill_notes=Unknown percent in at least two weapon skills,1,no
char_sheol,Sheol,player_0008,Fingeror,Fingeror [Jocke],Jocke,listed_same_player,accepted,medium,evidence_player_group_0008,,,,,,,,,,,,whois_sheol_1780915741,Hill Troll Brute,Troll,Hill Troll,Minions of Sauron,high,Warrior,Warrior,Brute,low,,,,,,,,,,classified,race_term=Hill Troll | class_title=Brute | who_class_group=Warrior | class_confidence=low,1,no
char_shimmer,Shimmer,player_0094,Almarian,Almarian,,listed_same_player,accepted,medium,evidence_player_group_0094,,,,,,,,,,,,whois_shimmer_1780915747,Dúnadan Adventurer,Man,Dúnedain,Free Peoples,medium,General,General,Adventurer,medium,,,,,,,,,,classified,race_term=Dúnadan | class_title=Adventurer | who_class_group=General | class_confidence=medium,1,no
char_shorty,Shorty,player_0054,Deor,Deor,,listed_same_player,accepted,medium,evidence_player_group_0054,,,,,,,,,,,,whois_shorty_1780915752,Hobbit,Hobbit,,Free Peoples,medium,,,,,,,,,,,,,,race_only,race_term=Hobbit | base_class_unknown,1,no
char_shravl,Shravl,player_0137,Tear,Tear,,listed_same_player,accepted,medium,evidence_player_group_0137,,,,,,,,,,,,,,,,,,,,,,,,,,,,,,,no_whois_classification,No classification row found,0,yes
char_shrew,Shrew,player_0058,Steele,Steele [Dan],Dan,listed_same_player,accepted,medium,evidence_player_group_0058,,,,,,,,,,,,whois_shrew_1780915764,Black Númenórean,Man,Black Númenórean,Minions of Sauron,high,,,,,,,,,,,,,,race_only,race_term=Black Númenórean | base_class_unknown,1,no
char_shriek,Shriek,player_0057,Kenzu,Kenzu,,listed_same_player,accepted,medium,evidence_player_group_0057,,,,,,,,,,,,whois_shriek_1780915769,Black Númenórean,Man,Black Númenórean,Minions of Sauron,high,,,,,,,,,,,,,,race_only,race_term=Black Númenórean | base_class_unknown,1,no
char_shrimp,Shrimp,player_0076,Bigger,Bigger [Jakob],Jakob,listed_same_player,accepted,medium,evidence_player_group_0076,,,,,,,,,,,,whois_shrimp_1780915775,Orc,Orc,,Minions of Sauron,high,,,,,,,,,,,,,,race_only,race_term=Orc | base_class_unknown,1,no
char_sibur,Sibur,player_0213,Sibur,Sibur [Maxim],Maxim,listed_same_player,accepted,medium,evidence_player_group_0213,,,,,,,,,,,,,,,,,,,,,,,,,,,,,,,no_whois_classification,No classification row found,0,yes
char_sikander,Sikander,player_0038,Sabadon,Sabadon,,listed_same_player,accepted,medium,evidence_player_group_0038,,,,,,,,,,,,whois_sikander_1780915786,Man,Man,,Free Peoples,medium,,,,,,,,,,,,,,race_only,race_term=Man | base_class_unknown,1,no
char_sil,Sil,player_0022,Moonparent,Moonparent [David],David,listed_same_player,accepted,medium,evidence_player_group_0022,,,,,,,,,,,,whois_sil_1780915792,Silvan Master Healer,Elf,Silvan,Free Peoples,medium,Cleric,Cleric,Master Healer,high,,,,,,,,,,classified,race_term=Silvan | class_title=Master Healer | who_class_group=Cleric | class_confidence=high,1,no
char_silencio,Silencio,player_0188,Aiele,Aiele [Joel],Joel,listed_same_player,accepted,medium,evidence_player_group_0188,,,,,,,,,,,,whois_silencio_1780915798,Sindarin Warlock,Elf,Sindarin,Free Peoples,medium,Magic-user,Magic-user,Warlock,high,,,,,male,medium,,,,classified,race_term=Sindarin | class_title=Warlock | who_class_group=Magic-user | class_confidence=high,2,no
char_silenoz,Silenoz,player_0132,Shagrath,Shagrath,,listed_same_player,accepted,medium,evidence_player_group_0132,,retired,Boardreader,no,no,2026_06_16_retired_immortals,MUME retired immortal list,List current as of 2026-06-16,immortal_2026_06_16_retired_immortals_silenoz_707_listed_retired_immortal,candidate,Copied by Lewis. Includes Boardreaders and honorary True Legend entry for Norsu.,whois_silenoz_1780915803,Maia,Maia,,Immortals,high,,,,,,,,,,,Maia,M,,immortal,immortal_term=Maia | race_term=Maia,2,no
char_sillian,Sillian,player_0074,Tardeer,Tardeer [Silverberg],Silverberg,listed_same_player,accepted,medium,evidence_player_group_0074,,,,,,,,,,,,,,,,,,,,,,,,,,,,,,,no_whois_classification,No classification row found,0,yes
char_silmarin,Silmarin,player_0192,Moonshade,Moonshade [Alex],Alex,listed_same_player,accepted,medium,evidence_player_group_0192,,,,,,,,,,,,whois_silmarin_1780915815,one of them... is an Elf,Elf,,Free Peoples,medium,,,,,,,,,,,,,,race_only,race_term=Elf | unmatched=one of them... is an | base_class_unknown,1,no
char_simba,Simba,player_0050,Simba,Simba,,listed_same_player,accepted,medium,evidence_player_group_0050,,,,,,,,,,,,whois_simba_1780915820,Beorning Adventurer,Man,Beorning,Free Peoples,medium,General,General,Adventurer,medium,,,,,,,,,,classified,race_term=Beorning | class_title=Adventurer | who_class_group=General | class_confidence=medium,1,no
char_sindorie,Sindorie,player_0094,Almarian,Almarian,,listed_same_player,accepted,medium,evidence_player_group_0094,,,,,,,,,,,,,,,,,,,,,,,,,,,,,,,no_whois_classification,No classification row found,0,yes
char_singha,Singha,player_0150,Aseff,Aseff,,listed_same_player,accepted,medium,evidence_player_group_0150,,,,,,,,,,,,,,,,,,,,,,,,,,,,,,,no_whois_classification,No classification row found,0,yes
char_sinner,Sinner,player_0094,Almarian,Almarian,,listed_same_player,accepted,medium,evidence_player_group_0094,,,,,,,,,,,,whois_sinner_1780915837,Troll,Troll,,Minions of Sauron,high,,,,,,,,,,,,,,race_only,race_term=Troll | base_class_unknown,1,no
char_sirael,Sirael,player_0005,Praiodan,Praiodan [Tomas],Tomas,listed_same_player,accepted,medium,evidence_player_group_0005,,,,,,,,,,,,whois_sirael_1780915843,Elf,Elf,,Free Peoples,medium,,,,,,,,,,,,,,race_only,race_term=Elf | base_class_unknown,1,no
char_siriala,Siriala,player_0047,Idun,Idun,,listed_same_player,accepted,medium,evidence_player_group_0047,,,,,,,,,,,,whois_siriala_1780915849,Half-elven Scholar,Half-Elf,,Free Peoples,medium,Magic-user,Magic-user,Scholar,high,,,,,,,,,,classified,race_term=Half-elven | class_title=Scholar | who_class_group=Magic-user | class_confidence=high,1,no
char_siroth,Siroth,player_0061,Siroth,Siroth,,listed_same_player,accepted,medium,evidence_player_group_0061,,,,,,,,,,,,whois_síroth_1780915854,Sindarin Hero,Elf,Sindarin,Free Peoples,medium,General,General,Hero,medium,,,,,,,,,,classified,race_term=Sindarin | class_title=Hero | who_class_group=General | class_confidence=medium,1,no
char_sisalik,Sisalik,player_0090,Rayden,Rayden,,listed_same_player,accepted,medium,evidence_player_group_0090,,,,,,,,,,,,whois_sisalik_1780915860,Silvan Rider,Elf,Silvan,Free Peoples,medium,General,General,Rider,medium,90% Ride,,,,,,,,,classified,race_term=Silvan | class_title=Rider | who_class_group=General | class_confidence=medium | skill_notes=90% Ride,1,no
char_sistina,Sistina,player_0110,Fredde,Fredde [Fredde],Fredde,listed_same_player,accepted,medium,evidence_player_group_0110,,,,,,,,,,,,whois_sistina_1780915866,Elf,Elf,,Free Peoples,medium,,,,,,,,,,,,,,race_only,race_term=Elf | base_class_unknown,1,no
char_sivanor,Sivanor,player_0012,Axel,Axel [Axel],Axel,listed_same_player,accepted,medium,evidence_player_group_0012,,,,,,,,,,,,whois_sivanor_1780915872,Silvan Hunter,Elf,Silvan,Free Peoples,medium,Thief,Thief,Hunter,medium,,,,,,,,,,classified,race_term=Silvan | class_title=Hunter | who_class_group=Thief | class_confidence=medium,1,no
char_skip,Skip,player_0018,Feanor,Feanor,,listed_same_player,accepted,medium,evidence_player_group_0018,,,,,,,,,,,,whois_skip_1780915877,Orc,Orc,,Minions of Sauron,high,,,,,,,,,,,,,,race_only,race_term=Orc | base_class_unknown,1,no
char_skitz,Skitz,player_0054,Deor,Deor,,listed_same_player,accepted,medium,evidence_player_group_0054,,,,,,,,,,,,whois_skitz_1780915883,sexy! is a Man,Man,,Free Peoples,medium,,,,,,,,,,,,,,race_only,race_term=Man | unmatched=sexy! is a | base_class_unknown,1,no
char_skud,Skud,player_0220,Strine,Strine,,listed_same_player,accepted,medium,evidence_player_group_0220,,,,,,,,,,,,whois_skud_1780915889,"heading for beautiful, tropical Iraq is a level thirty-one Hill Troll Warrior",Troll,Hill Troll,Minions of Sauron,high,Warrior,Warrior,Warrior,medium,,,,,,,,,,parser_suspect_or_custom_descriptor,"race_term=Hill Troll | class_title=Warrior | who_class_group=Warrior | class_confidence=medium | unmatched=heading for beautiful, tropical Iraq is a level thirty-one",1,yes
char_skyfire,Skyfire,player_0003,Burb,Burb,,listed_same_player,accepted,medium,evidence_player_group_0003,,,,,,,,,,,,whois_skyfire_1780915894,Half-elven Battlemaster,Half-Elf,,Free Peoples,medium,Warrior,Warrior,Battlemaster,high,,,,,,,,,,classified,race_term=Half-elven | class_title=Battlemaster | who_class_group=Warrior | class_confidence=high,1,no
char_slobber,Slobber,player_0161,Halir,Halir,,listed_same_player,accepted,medium,evidence_player_group_0161,,,,,,,,,,,,whois_slobber_1780915900,Cave Troll Warrior,Troll,Cave Troll,Minions of Sauron,high,Warrior,Warrior,Warrior,medium,,,,,,,,,,classified,race_term=Cave Troll | class_title=Warrior | who_class_group=Warrior | class_confidence=medium,1,no
char_sloo,Sloo,player_0124,Sloo,Sloo,,listed_same_player,accepted,medium,evidence_player_group_0124,,,,,,,,,,,,,,,,,,,,,,,,,,,,,,,no_whois_classification,No classification row found,0,yes
char_sloshed,Sloshed,player_0101,Healy,Healy,,listed_same_player,accepted,medium,evidence_player_group_0101,,,,,,,,,,,,whois_sloshed_1780915911,Tarkhnarb Battlemaster,Orc,Tarkhnarb,Minions of Sauron,high,Warrior,Warrior,Battlemaster,high,,,,,,,,,,classified,race_term=Tarkhnarb | class_title=Battlemaster | who_class_group=Warrior | class_confidence=high,1,no
char_sloth,Sloth,player_0134,Chauncey,Chauncey,,listed_same_player,accepted,medium,evidence_player_group_0134,,,,,,,,,,,,whois_sloth_1780915917,Eriadorian Scout,Man,Eriadorian,Free Peoples,medium,Thief,Thief,Scout,high,,,,,,,,,,classified,race_term=Eriadorian | class_title=Scout | who_class_group=Thief | class_confidence=high,1,no
char_smallfist,Smallfist,player_0006,Chavez,Chavez,,listed_same_player,accepted,medium,evidence_player_group_0006,,,,,,,,,,,,whois_smallfist_1780915923,Troll,Troll,,Minions of Sauron,high,,,,,,,,,,,,,,race_only,race_term=Troll | base_class_unknown,1,no
char_smasher,Smasher,player_0102,Naredhel,Naredhel,,listed_same_player,accepted,medium,evidence_player_group_0102,,,,,,,,,,,,whois_smasher_1780915929,Cave Troll Smasher,Troll,Cave Troll,Minions of Sauron,high,Warrior,Warrior,Smasher,low,,,,,,,,,,classified,race_term=Cave Troll | class_title=Smasher | who_class_group=Warrior | class_confidence=low,1,no
char_smitsy,Smitsy,player_0217,Beat,Beat [Joosep],Joosep,listed_same_player,accepted,medium,evidence_player_group_0217,,,,,,,,,,,,whois_smitsy_1780915934,Stoor Battlemaster,Hobbit,Stoor,Free Peoples,medium,Warrior,Warrior,Battlemaster,high,,,,,,,,,,classified,race_term=Stoor | class_title=Battlemaster | who_class_group=Warrior | class_confidence=high,1,no
char_smoke,Smoke,player_0017,Alkar,Alkar,,listed_same_player,accepted,medium,evidence_player_group_0017,,,,,,,,,,,,whois_smoke_1780915940,Mountain Troll Warrior,Troll,Mountain Troll,Minions of Sauron,high,Warrior,Warrior,Warrior,medium,,,,,,,,,,classified,race_term=Mountain Troll | class_title=Warrior | who_class_group=Warrior | class_confidence=medium,1,no
char_smrtak,Smrtak,player_0019,Luke,Luke,,listed_same_player,accepted,medium,evidence_player_group_0019,,,,,,,,,,,,whois_smrtak_1780915946,Tarkhnarb Battlemaster,Orc,Tarkhnarb,Minions of Sauron,high,Warrior,Warrior,Battlemaster,high,,,,,,,,,,classified,race_term=Tarkhnarb | class_title=Battlemaster | who_class_group=Warrior | class_confidence=high,1,no
char_smrtihlav,Smrtihlav,player_0019,Luke,Luke,,listed_same_player,accepted,medium,evidence_player_group_0019,,,,,,,,,,,,whois_smrtihlav_1780915951,Tarkhnarb Veteran,Orc,Tarkhnarb,Minions of Sauron,high,Warrior,Warrior,Veteran,high,,,,,,,,,,classified,race_term=Tarkhnarb | class_title=Veteran | who_class_group=Warrior | class_confidence=high,1,no
char_snark,Snark,player_0086,Squiffy,Squiffy,,listed_same_player,accepted,medium,evidence_player_group_0086,,,,,,,,,,,,whois_snark_1780915957,Cave Troll Brute,Troll,Cave Troll,Minions of Sauron,high,Warrior,Warrior,Brute,low,,,,,,,,,,classified,race_term=Cave Troll | class_title=Brute | who_class_group=Warrior | class_confidence=low,1,no
char_snick,Snick,player_0009,Snick,Snick [Johan],Johan,listed_same_player,accepted,medium,evidence_player_group_0009,,,,,,,,,,,,whois_snick_1780915962,Dwarven Battlemaster,Dwarf,,Free Peoples,medium,Warrior,Warrior,Battlemaster,high,,,,,,,,,,classified,race_term=Dwarven | class_title=Battlemaster | who_class_group=Warrior | class_confidence=high,1,no
char_snicker,Snicker,player_0126,Deris,Deris,,listed_same_player,accepted,medium,evidence_player_group_0126,,,,,,,,,,,,whois_snicker_1780915968,Black Númenórean Wizard,Man,Black Númenórean,Minions of Sauron,high,Magic-user,Magic-user,Wizard,high,,,,,,,,,,classified,race_term=Black Númenórean | class_title=Wizard | who_class_group=Magic-user | class_confidence=high,1,no
char_snigel,Snigel,player_0071,Marre,Marre [Martin],Martin,listed_same_player,accepted,medium,evidence_player_group_0071,,,,,,,,,,,,,,,,,,,,,,,,,,,,,,,no_whois_classification,No classification row found,0,yes
char_snooker,Snooker,player_0037,Bobbie,Bobbie,,listed_same_player,accepted,medium,evidence_player_group_0037,,,,,,,,,,,,whois_snooker_1780915979,Orc,Orc,,Minions of Sauron,high,,,,,,,,,,,,,,race_only,race_term=Orc | base_class_unknown,1,no
char_snork,Snork,player_0086,Squiffy,Squiffy,,listed_same_player,accepted,medium,evidence_player_group_0086,,,,,,,,,,,,whois_snork_1780915985,Tarkhnarb Champion,Orc,Tarkhnarb,Minions of Sauron,high,General,General,Champion,medium,,,,,,,,,,classified,race_term=Tarkhnarb | class_title=Champion | who_class_group=General | class_confidence=medium,1,no
char_snotty,Snotty,player_0011,Lancelot,Lancelot [Andreas],Andreas,listed_same_player,accepted,medium,evidence_player_group_0011,,,,,,,,,,,,whois_snotty_1780915991,Orc,Orc,,Minions of Sauron,high,,,,,,,,,,,,,,race_only,race_term=Orc | base_class_unknown,1,no
char_snowball,Snowball,player_0067,David,David [David],David,listed_same_player,accepted,medium,evidence_player_group_0067,,,,,,,,,,,,whois_snowball_1780915997,Black Númenórean,Man,Black Númenórean,Minions of Sauron,high,,,,,,,,,,,,,,race_only,race_term=Black Númenórean | base_class_unknown,1,no
char_snowy,Snowy,player_0041,Zeroth,Zeroth,,listed_same_player,accepted,medium,evidence_player_group_0041,,,,,,,,,,,,whois_snowy_1780916002,Noldorin Wizard,Elf,Noldorin,Free Peoples,medium,Magic-user,Magic-user,Wizard,high,,,,,,,,,,classified,race_term=Noldorin | class_title=Wizard | who_class_group=Magic-user | class_confidence=high,1,no
char_snuggles,Snuggles,player_0098,Dragor,Dragor,,listed_same_player,accepted,medium,evidence_player_group_0098,,,,,,,,,,,,whois_snuggles_1780916008,Tarkhnarb Champion,Orc,Tarkhnarb,Minions of Sauron,high,General,General,Champion,medium,,,,,,,,,,classified,race_term=Tarkhnarb | class_title=Champion | who_class_group=General | class_confidence=medium,1,no
char_soerd,Soerd,player_0030,Manatark,Manatark [Kaido],Kaido,listed_same_player,accepted,medium,evidence_player_group_0030,,,,,,,,,,,,whois_soerd_1780916014,Tarkhnarb Soldier,Orc,Tarkhnarb,Minions of Sauron,high,Warrior,Warrior,Soldier,high,,,,,,,,,,classified,race_term=Tarkhnarb | class_title=Soldier | who_class_group=Warrior | class_confidence=high,1,no
char_sofinia,Sofinia,player_0145,Rebeka,Rebeka,,listed_same_player,accepted,medium,evidence_player_group_0145,,,,,,,,,,,,whois_sofinia_1780916020,Elf,Elf,,Free Peoples,medium,,,,,,,,,,,,,,race_only,race_term=Elf | base_class_unknown,1,no
char_sookoll,Sookoll,player_0187,Cano,Cano [Tanel],Tanel,listed_same_player,accepted,medium,evidence_player_group_0187,,,,,,,,,,,,whois_sookoll_1780916025,slowly turning to stone is a Troll,Troll,,Minions of Sauron,high,,,,,,,,,,,,,,race_only,race_term=Troll | unmatched=slowly turning to stone is a | base_class_unknown,1,no
char_soother,Soother,player_0112,Reef,Reef,,listed_same_player,accepted,medium,evidence_player_group_0112,,,,,,,,,,,,whois_soother_1780916031,Orc,Orc,,Minions of Sauron,high,,,,,,,,,,,,,,race_only,race_term=Orc | base_class_unknown,1,no
char_sophia,Sophia,player_0029,Faint,Faint,,listed_same_player,accepted,medium,evidence_player_group_0029,,,,,,,,,,,,whois_sophia_1780916037,Black Númenórean,Man,Black Númenórean,Minions of Sauron,high,,,,,,,,,,,,,,race_only,race_term=Black Númenórean | base_class_unknown,1,no
char_sophiajansson,Sophiajansson,player_0029,Faint,Faint,,listed_same_player,accepted,medium,evidence_player_group_0029,,,,,,,,,,,,whois_sophiajansson_1780916042,Black Númenórean,Man,Black Númenórean,Minions of Sauron,high,,,,,,,,,,,,,,race_only,race_term=Black Númenórean | base_class_unknown,1,no
char_space,Space,player_0019,Luke,Luke,,listed_same_player,accepted,medium,evidence_player_group_0019,,,,,,,,,,,,whois_space_1780916048,Tarkhnarb Necromancer,Orc,Tarkhnarb,Minions of Sauron,high,Cleric,Cleric,Necromancer,high,,,,,,,,,,classified,race_term=Tarkhnarb | class_title=Necromancer | who_class_group=Cleric | class_confidence=high,1,no
char_spark,Spark,player_0004,Wow,Wow,,listed_same_player,accepted,medium,evidence_player_group_0004,,,,,,,,,,,,whois_spark_1780916054,Dwarven Ranger,Dwarf,,Free Peoples,medium,General,General,Ranger,medium,High Track; exact requirement uncertain and probably not 100%+,,,,,,,,,classified,race_term=Dwarven | class_title=Ranger | who_class_group=General | class_confidence=medium | skill_notes=High Track; exact requirement uncertain and probably not 100%+,1,no
char_spears,Spears,player_0105,Crysania,Crysania,,listed_same_player,accepted,medium,evidence_player_group_0105,,,,,,,,,,,,whois_spears_1780916059,Troll,Troll,,Minions of Sauron,high,,,,,,,,,,,,,,race_only,race_term=Troll | base_class_unknown,1,no
char_spiffdark,Spiffdark,player_0185,Buggar,Buggar [Adam],Adam,listed_same_player,accepted,medium,evidence_player_group_0185,,,,,,,,,,,,,,,,,,,,,,,,,,,,,,,no_whois_classification,No classification row found,0,yes
char_spinner,Spinner,player_0151,Poppis,Poppis,,listed_same_player,accepted,medium,evidence_player_group_0151,,,,,,,,,,,,whois_spinner_1780916071,Orc,Orc,,Minions of Sauron,high,,,,,,,,,,,,,,race_only,race_term=Orc | base_class_unknown,1,no
char_spiritus,Spiritus,player_0155,Bellows,Bellows [Matt],Matt,listed_same_player,accepted,medium,evidence_player_group_0155,,,,,,,,,,,,,,,,,,,,,,,,,,,,,,,no_whois_classification,No classification row found,0,yes
char_splat,Splat,player_0017,Alkar,Alkar,,listed_same_player,accepted,medium,evidence_player_group_0017,,,,,,,,,,,,whois_splat_1780916082,Hill Troll Warrior,Troll,Hill Troll,Minions of Sauron,high,Warrior,Warrior,Warrior,medium,,,,,,,,,,classified,race_term=Hill Troll | class_title=Warrior | who_class_group=Warrior | class_confidence=medium,1,no
char_splatter,Splatter,player_0047,Idun,Idun,,listed_same_player,accepted,medium,evidence_player_group_0047,,,,,,,,,,,,whois_splatter_1780916088,Tarkhnarb Veteran,Orc,Tarkhnarb,Minions of Sauron,high,Warrior,Warrior,Veteran,high,,,,,,,,,,classified,race_term=Tarkhnarb | class_title=Veteran | who_class_group=Warrior | class_confidence=high,1,no
char_spooky,Spooky,player_0053,Hoho,Hoho,,listed_same_player,accepted,medium,evidence_player_group_0053,,,,,,,,,,,,whois_spooky_1780916094,Orc,Orc,,Minions of Sauron,high,,,,,,,,,,,,,,race_only,race_term=Orc | base_class_unknown,1,no
char_spud,Spud,player_0140,Spud,Spud,,listed_same_player,accepted,medium,evidence_player_group_0140,,retired,Boardreader,no,no,2026_06_16_retired_immortals,MUME retired immortal list,List current as of 2026-06-16,immortal_2026_06_16_retired_immortals_spud_723_listed_retired_immortal,candidate,Copied by Lewis. Includes Boardreaders and honorary True Legend entry for Norsu.,whois_spud_1780916099,Maia,Maia,,Immortals,high,,,,,,,,,,,Maia,M,,immortal,immortal_term=Maia | race_term=Maia,2,no
char_squasher,Squasher,player_0071,Marre,Marre [Martin],Martin,listed_same_player,accepted,medium,evidence_player_group_0071,,,,,,,,,,,,,,,,,,,,,,,,,,,,,,,no_whois_classification,No classification row found,0,yes
char_squidgy,Squidgy,player_0086,Squiffy,Squiffy,,listed_same_player,accepted,medium,evidence_player_group_0086,,,,,,,,,,,,whois_squidgy_1780916111,Dwarven Battlemaster,Dwarf,,Free Peoples,medium,Warrior,Warrior,Battlemaster,high,,,,,,,,,,classified,race_term=Dwarven | class_title=Battlemaster | who_class_group=Warrior | class_confidence=high,1,no
char_squiffy,Squiffy,player_0086,Squiffy,Squiffy,,listed_same_player,accepted,medium,evidence_player_group_0086,,current,Maia,no,no,2026_06_16_current_immortals,MUME current immortal list,List current as of 2026-06-16,immortal_2026_06_16_current_immortals_squiffy_95_listed_current_immortal,candidate,Copied by Lewis. (+m) means the immortal is also a Maiar Muddler / muddle code contributor.,whois_squiffy_1780916117,Maia,Maia,,Immortals,high,Cartographer,Cartographer,Cartographer,high,,,,,,,Maia,M,Cartographer,immortal,immortal_term=Maia | race_term=Maia,2,no
char_stampe,Stampe,player_0072,Valamir,Valamir [Ole],Ole,listed_same_player,accepted,medium,evidence_player_group_0072,,,,,,,,,,,,,,,,,,,,,,,,,,,,,,,no_whois_classification,No classification row found,0,yes
char_starobahno,Starobahno,player_0069,Pilsner,Pilsner [Jurek],Jurek,listed_same_player,accepted,medium,evidence_player_group_0069,,,,,,,,,,,,whois_starobahno_1780916128,Dwarven Hero,Dwarf,,Free Peoples,medium,General,General,Hero,medium,,,,,,,,,,classified,race_term=Dwarven | class_title=Hero | who_class_group=General | class_confidence=medium,1,no
char_starsa,Starsa,player_0139,Naga,Naga,,listed_same_player,accepted,medium,evidence_player_group_0139,,,,,,,,,,,,whois_starsa_1780916134,Black Númenórean,Man,Black Númenórean,Minions of Sauron,high,,,,,,,,,,,,,,race_only,race_term=Black Númenórean | base_class_unknown,1,no
char_stealthy,Stealthy,player_0028,Enforcer,Enforcer [Ert],Ert,listed_same_player,accepted,medium,evidence_player_group_0028,,,,,,,,,,,,whois_stealthy_1780916139,Orc,Orc,,Minions of Sauron,high,,,,,,,,,,,,,,race_only,race_term=Orc | base_class_unknown,1,no
char_steele,Steele,player_0058,Steele,Steele [Dan],Dan,listed_same_player,accepted,medium,evidence_player_group_0058,,retired,Boardreader,no,no,2026_06_16_retired_immortals,MUME retired immortal list,List current as of 2026-06-16,immortal_2026_06_16_retired_immortals_steele_725_listed_retired_immortal,candidate,Copied by Lewis. Includes Boardreaders and honorary True Legend entry for Norsu.,whois_steele_1780916145,Maia,Maia,,Immortals,high,,,,,,,,,,,Maia,M,,immortal,immortal_term=Maia | race_term=Maia,2,no
char_stile,Stile,player_0098,Dragor,Dragor,,listed_same_player,accepted,medium,evidence_player_group_0098,,,,,,,,,,,,,,,,,,,,,,,,,,,,,,,no_whois_classification,No classification row found,0,yes
char_stolb,Stolb,player_0196,Zomb,Zomb [Andrjuha],Andrjuha,listed_same_player,accepted,medium,evidence_player_group_0196,,,,,,,,,,,,whois_stolb_1780916156,Tarkhnarb Champion,Orc,Tarkhnarb,Minions of Sauron,high,General,General,Champion,medium,,,,,,,,,,classified,race_term=Tarkhnarb | class_title=Champion | who_class_group=General | class_confidence=medium,1,no
char_stormblast,Stormblast,player_0030,Manatark,Manatark [Kaido],Kaido,listed_same_player,accepted,medium,evidence_player_group_0030,,,,,,,,,,,,whois_stormblast_1780916162,Black Númenórean,Man,Black Númenórean,Minions of Sauron,high,,,,,,,,,,,,,,race_only,race_term=Black Númenórean | base_class_unknown,1,no
char_strine,Strine,player_0220,Strine,Strine,,listed_same_player,accepted,medium,evidence_player_group_0220,,,,,,,,,,,,,,,,,,,,,,,,,,,,,,,no_whois_classification,No classification row found,0,yes
char_stussy,Stussy,player_0084,Kakarot,Kakarot,,listed_same_player,accepted,medium,evidence_player_group_0084,,,,,,,,,,,,whois_stussy_1780916174,Mountain Troll Softskin,Troll,Mountain Troll,Minions of Sauron,high,,,Softskin,low,,,,,,,,,,generic_title_no_class,race_term=Mountain Troll | class_title=Softskin | class_confidence=low | base_class_unknown,1,no
char_stylie,Stylie,player_0086,Squiffy,Squiffy,,listed_same_player,accepted,medium,evidence_player_group_0086,,,,,,,,,,,,,,,,,,,,,,,,,,,,,,,no_whois_classification,No classification row found,0,yes
char_sufur,Sufur,player_0187,Cano,Cano [Tanel],Tanel,listed_same_player,accepted,medium,evidence_player_group_0187,,,,,,,,,,,,,,,,,,,,,,,,,,,,,,,no_whois_classification,No classification row found,0,yes
char_suiram,Suiram,player_0096,Voile,Voile,,listed_same_player,accepted,medium,evidence_player_group_0096,,,,,,,,,,,,whois_suiram_1780916191,Orc,Orc,,Minions of Sauron,high,,,,,,,,,,,,,,race_only,race_term=Orc | base_class_unknown,1,no
char_sunaire,Sunaire,player_0034,Nazgum,Nazgum,,listed_same_player,accepted,medium,evidence_player_group_0034,,,,,,,,,,,,,,,,,,,,,,,,,,,,,,,no_whois_classification,No classification row found,0,yes
char_sunflower,Sunflower,player_0063,Ling,Ling,,listed_same_player,accepted,medium,evidence_player_group_0063,,,,,,,,,,,,whois_sunflower_1780916202,Hobbit,Hobbit,,Free Peoples,medium,,,,,,,,,,,,,,race_only,race_term=Hobbit | base_class_unknown,1,no
char_sunshine,Sunshine,player_0092,Basha,Basha,,listed_same_player,accepted,medium,evidence_player_group_0092,,,,,,,,,,,,whois_sunshine_1780916208,Cave Troll Adventurer,Troll,Cave Troll,Minions of Sauron,high,General,General,Adventurer,medium,,,,,,,,,,classified,race_term=Cave Troll | class_title=Adventurer | who_class_group=General | class_confidence=medium,1,no
char_svarog,Svarog,player_0200,Helga,Helga [Aleks],Aleks,listed_same_player,accepted,medium,evidence_player_group_0200,,,,,,,,,,,,whois_svarog_1780916213,Noldorin Hero,Elf,Noldorin,Free Peoples,medium,General,General,Hero,medium,,,,,,,,,,classified,race_term=Noldorin | class_title=Hero | who_class_group=General | class_confidence=medium,1,no
char_svin,Svin,player_0072,Valamir,Valamir [Ole],Ole,listed_same_player,accepted,medium,evidence_player_group_0072,,,,,,,,,,,,whois_svin_1780916219,Orc,Orc,,Minions of Sauron,high,,,,,,,,,,,,,,race_only,race_term=Orc | base_class_unknown,1,no
char_swork,Swork,player_0031,Swork,Swork,,listed_same_player,accepted,medium,evidence_player_group_0031,,retired,Maia,no,no,2026_06_16_retired_immortals,MUME retired immortal list,List current as of 2026-06-16,immortal_2026_06_16_retired_immortals_swork_281_listed_retired_immortal,candidate,Copied by Lewis. Includes Boardreaders and honorary True Legend entry for Norsu.,whois_swork_1780916225,Maia,Maia,,Immortals,high,Cartographer,Cartographer,Cartographer,high,,,,,,,Maia,M,Cartographer,immortal,immortal_term=Maia | race_term=Maia,2,no
char_sylan,Sylan,player_0058,Steele,Steele [Dan],Dan,listed_same_player,accepted,medium,evidence_player_group_0058,,,,,,,,,,,,whois_sylan_1780916231,Eriadorian Hero,Man,Eriadorian,Free Peoples,medium,General,General,Hero,medium,,,,,,,,,,classified,race_term=Eriadorian | class_title=Hero | who_class_group=General | class_confidence=medium,1,no
char_taelo,Taelo,player_0213,Sibur,Sibur [Maxim],Maxim,listed_same_player,accepted,medium,evidence_player_group_0213,,,,,,,,,,,,whois_taelo_1780916236,Hobbit,Hobbit,,Free Peoples,medium,,,,,,,,,,,,,,race_only,race_term=Hobbit | base_class_unknown,1,no
char_taggert,Taggert,player_0112,Reef,Reef,,listed_same_player,accepted,medium,evidence_player_group_0112,,,,,,,,,,,,whois_taggert_1780916242,Dwarf,Dwarf,,Free Peoples,medium,,,,,,,,,,,,,,race_only,race_term=Dwarf | base_class_unknown,1,no
char_tagrid,Tagrid,player_0098,Dragor,Dragor,,listed_same_player,accepted,medium,evidence_player_group_0098,,,,,,,,,,,,,,,,,,,,,,,,,,,,,,,no_whois_classification,No classification row found,0,yes
char_tagrin,Tagrin,player_0012,Axel,Axel [Axel],Axel,listed_same_player,accepted,medium,evidence_player_group_0012,,,,,,,,,,,,whois_tagrin_1780916254,Stoor Hero,Hobbit,Stoor,Free Peoples,medium,General,General,Hero,medium,,,,,,,,,,classified,race_term=Stoor | class_title=Hero | who_class_group=General | class_confidence=medium,1,no
char_tahkr,Tahkr,player_0019,Luke,Luke,,listed_same_player,accepted,medium,evidence_player_group_0019,,,,,,,,,,,,whois_tahkr_1780916259,Orkish Battlemaster,Orc,,Minions of Sauron,high,Warrior,Warrior,Battlemaster,high,,,,,,,,,,classified,race_term=Orkish | class_title=Battlemaster | who_class_group=Warrior | class_confidence=high,1,no
char_tairach,Tairach,player_0005,Praiodan,Praiodan [Tomas],Tomas,listed_same_player,accepted,medium,evidence_player_group_0005,,,,,,,,,,,,whois_tairach_1780916265,Orc,Orc,,Minions of Sauron,high,,,,,,,,,,,,,,race_only,race_term=Orc | base_class_unknown,1,no
char_talson,Talson,player_0216,Grunge,Grunge,,listed_same_player,accepted,medium,evidence_player_group_0216,,,,,,,,,,,,whois_talson_1780916270,Elf,Elf,,Free Peoples,medium,,,,,,,,,,,,,,race_only,race_term=Elf | base_class_unknown,1,no
char_tanc,Tanc,player_0196,Zomb,Zomb [Andrjuha],Andrjuha,listed_same_player,accepted,medium,evidence_player_group_0196,,,,,,,,,,,,whois_tanc_1780916276,Dwarf,Dwarf,,Free Peoples,medium,,,,,,,,,,,,,,race_only,race_term=Dwarf | base_class_unknown,1,no
char_tandada,Tandada,player_0200,Helga,Helga [Aleks],Aleks,listed_same_player,accepted,medium,evidence_player_group_0200,,,,,,,,,,,,whois_tandada_1780916282,Tarkhnarb Champion,Orc,Tarkhnarb,Minions of Sauron,high,General,General,Champion,medium,,,,,,,,,,classified,race_term=Tarkhnarb | class_title=Champion | who_class_group=General | class_confidence=medium,1,no
char_tanelorn,Tanelorn,player_0210,Tanelorn,Tanelorn,,listed_same_player,accepted,medium,evidence_player_group_0210,,,,,,,,,,,,whois_tanelorn_1780916288,Dúnadan Hero,Man,Dúnedain,Free Peoples,medium,General,General,Hero,medium,,,,,,,,,,classified,race_term=Dúnadan | class_title=Hero | who_class_group=General | class_confidence=medium,1,no
char_tarannon,Tarannon,player_0052,Salmar,Salmar,,listed_same_player,accepted,medium,evidence_player_group_0052,,,,,,,,,,,,whois_tarannon_1780916293,Black Númenórean Adventurer,Man,Black Númenórean,Minions of Sauron,high,General,General,Adventurer,medium,,,,,,,,,,classified,race_term=Black Númenórean | class_title=Adventurer | who_class_group=General | class_confidence=medium,1,no
char_tardeer,Tardeer,player_0074,Tardeer,Tardeer [Silverberg],Silverberg,listed_same_player,accepted,medium,evidence_player_group_0074,,,,,,,,,,,,whois_tardéer_1780916299,Man,Man,,Free Peoples,medium,,,,,,,,,,,,,,race_only,race_term=Man | base_class_unknown,1,no
char_tars,Tars,player_0071,Marre,Marre [Martin],Martin,listed_same_player,accepted,medium,evidence_player_group_0071,,,,,,,,,,,,whois_tars_1780916305,Orc,Orc,,Minions of Sauron,high,,,,,,,,,,,,,,race_only,race_term=Orc | base_class_unknown,1,no
char_tasa,Tasa,player_0004,Wow,Wow,,listed_same_player,accepted,medium,evidence_player_group_0004,,,,,,,,,,,,whois_tasa_1780916310,Stoor Warden,Hobbit,Stoor,Free Peoples,medium,Warrior,Warrior,Warden,high,75% Bash,,,,,,,,,classified,race_term=Stoor | class_title=Warden | who_class_group=Warrior | class_confidence=high | skill_notes=75% Bash,1,no
char_tasslehoff,Tasslehoff,player_0146,Dorfl,Dorfl,,listed_same_player,accepted,medium,evidence_player_group_0146,,,,,,,,,,,,whois_tasslehoff_1780916316,Hobbit,Hobbit,,Free Peoples,medium,,,,,,,,,,,,,,race_only,race_term=Hobbit | base_class_unknown,1,no
char_tauin,Tauin,player_0073,Thoirin,Thoirin [Mans],Mans,listed_same_player,accepted,medium,evidence_player_group_0073,,,,,,,,,,,,whois_tauin_1780916321,Firebeard Battlemaster,Dwarf,Firebeard,Free Peoples,medium,Warrior,Warrior,Battlemaster,high,,,,,,,,,,classified,race_term=Firebeard | class_title=Battlemaster | who_class_group=Warrior | class_confidence=high,1,no
char_taurek,Taurek,player_0050,Simba,Simba,,listed_same_player,accepted,medium,evidence_player_group_0050,,,,,,,,,,,,whois_taurek_1780916327,Orc,Orc,,Minions of Sauron,high,,,,,,,,,,,,,,race_only,race_term=Orc | base_class_unknown,1,no
char_tear,Tear,player_0137,Tear,Tear,,listed_same_player,accepted,medium,evidence_player_group_0137,,,,,,,,,,,,whois_téar_1780916333,Dwarf,Dwarf,,Free Peoples,medium,,,,,,,,,,,,,,race_only,race_term=Dwarf | base_class_unknown,1,no
char_teejay,Teejay,player_0177,Bearclaw,Bearclaw,,listed_same_player,accepted,medium,evidence_player_group_0177,,,,,,,,,,,,whois_teejay_1780916338,Elf,Elf,,Free Peoples,medium,,,,,,,,,,,,,,race_only,race_term=Elf | base_class_unknown,1,no
char_teeny,Teeny,player_0216,Grunge,Grunge,,listed_same_player,accepted,medium,evidence_player_group_0216,,,,,,,,,,,,,,,,,,,,,,,,,,,,,,,no_whois_classification,No classification row found,0,yes
char_telith,Telith,player_0187,Cano,Cano [Tanel],Tanel,listed_same_player,accepted,medium,evidence_player_group_0187,,,,,,,,,,,,whois_telith_1780916349,Half-elven Master Healer,Half-Elf,,Free Peoples,medium,Cleric,Cleric,Master Healer,high,,,,,,,,,,classified,race_term=Half-elven | class_title=Master Healer | who_class_group=Cleric | class_confidence=high,1,no
char_telumehtar,Telumehtar,player_0079,Feon,Feon [Johan],Johan,listed_same_player,accepted,medium,evidence_player_group_0079,,,,,,,,,,,,whois_telumehtar_1780916355,Dúnadan Soldier,Man,Dúnedain,Free Peoples,medium,Warrior,Warrior,Soldier,high,,,,,,,,,,classified,race_term=Dúnadan | class_title=Soldier | who_class_group=Warrior | class_confidence=high,1,no
char_temegl,Temegl,player_0135,Temegl,Temegl,,listed_same_player,accepted,medium,evidence_player_group_0135,,,,,,,,,,,,,,,,,,,,,,,,,,,,,,,no_whois_classification,No classification row found,0,yes
char_tempest,Tempest,player_0002,Ajax,Ajax,,listed_same_player,accepted,medium,evidence_player_group_0002,,,,,,,,,,,,whois_tempest_1780916366,Woman,Man,,Free Peoples,medium,,,,,,,,,,,,,,race_only,race_term=Woman | base_class_unknown,1,no
char_teomyr,Teomyr,player_0201,Omen,Omen [Alexander],Alexander,listed_same_player,accepted,medium,evidence_player_group_0201,,,,,,,,,,,,whois_teomyr_1780916372,Beorning Battlemaster,Man,Beorning,Free Peoples,medium,Warrior,Warrior,Battlemaster,high,,,,,,,,,,classified,race_term=Beorning | class_title=Battlemaster | who_class_group=Warrior | class_confidence=high,2,no
char_terendul,Terendul,player_0036,Atlas,Atlas,,listed_same_player,accepted,medium,evidence_player_group_0036,,,,,,,,,,,,whois_terendul_1780916377,Elf,Elf,,Free Peoples,medium,,,,,,,,,,,,,,race_only,race_term=Elf | base_class_unknown,1,no
char_tervin,Tervin,player_0199,Roman,Roman [Roman],Roman,listed_same_player,accepted,medium,evidence_player_group_0199,,,,,,,,,,,,whois_tervin_1780916383,Dwarf,Dwarf,,Free Peoples,medium,,,,,,,,,,,,,,race_only,race_term=Dwarf | base_class_unknown,1,no
char_tessa,Tessa,player_0093,Valir,Valir [Raul],Raul,listed_same_player,accepted,medium,evidence_player_group_0093,,,,,,,,,,,,whois_tessa_1780916389,Tarkhnarb Warg-rider,Orc,Tarkhnarb,Minions of Sauron,high,Warrior,Warrior,Warg-rider,low,,,,,,,,,,classified,race_term=Tarkhnarb | class_title=Warg-rider | who_class_group=Warrior | class_confidence=low,1,no
char_teufel,Teufel,player_0197,Zmej,Zmej [Leha],Leha,listed_same_player,accepted,medium,evidence_player_group_0197,,,,,,,,,,,,whois_teufel_1780916394,Orc,Orc,,Minions of Sauron,high,,,,,,,,,,,,,,race_only,race_term=Orc | base_class_unknown,1,no
char_tezcatlipoca,Tezcatlipoca,player_0049,Haazheel,Haazheel,,listed_same_player,accepted,medium,evidence_player_group_0049,,,,,,,,,,,,whois_tezcatlipoca_1780916400,Dwarven Hero,Dwarf,,Free Peoples,medium,General,General,Hero,medium,,,,,,,,,,classified,race_term=Dwarven | class_title=Hero | who_class_group=General | class_confidence=medium,1,no
char_tha,Tha,player_0048,Draggor,Draggor,,listed_same_player,accepted,medium,evidence_player_group_0048,,,,,,,,,,,,whois_tha_1780916406,Dwarven Chieftain,Dwarf,,Free Peoples,medium,General,General,Chieftain,medium,90%-100% Leadership,,,,,,,,,classified,race_term=Dwarven | class_title=Chieftain | who_class_group=General | class_confidence=medium | skill_notes=90%-100% Leadership,1,no
char_thalantyr,Thalantyr,player_0049,Haazheel,Haazheel,,listed_same_player,accepted,medium,evidence_player_group_0049,,,,,,,,,,,,,,,,,,,,,,,,,,,,,,,no_whois_classification,No classification row found,0,yes
char_thanis,Thanis,player_0116,Kazeena,Kazeena,,listed_same_player,accepted,medium,evidence_player_group_0116,,,,,,,,,,,,,,,,,,,,,,,,,,,,,,,no_whois_classification,No classification row found,0,yes
char_thanquol,Thanquol,player_0003,Burb,Burb,,listed_same_player,accepted,medium,evidence_player_group_0003,,,,,,,,,,,,whois_thanquol_1780916423,Tarkhnarb Champion,Orc,Tarkhnarb,Minions of Sauron,high,General,General,Champion,medium,,,,,,,,,,classified,race_term=Tarkhnarb | class_title=Champion | who_class_group=General | class_confidence=medium,1,no
char_tharain,Tharain,player_0174,Angrenfea,Angrenfea [Toivo],Toivo,listed_same_player,accepted,medium,evidence_player_group_0174,,,,,,,,,,,,,,,,,,,,,,,,,,,,,,,no_whois_classification,No classification row found,0,yes
char_tharam,Tharam,player_0067,David,David [David],David,listed_same_player,accepted,medium,evidence_player_group_0067,,,,,,,,,,,,whois_tharam_1780916434,Dwarven Battlemaster,Dwarf,,Free Peoples,medium,Warrior,Warrior,Battlemaster,high,,,,,,,,,,classified,race_term=Dwarven | class_title=Battlemaster | who_class_group=Warrior | class_confidence=high,1,no
char_tharl,Tharl,player_0038,Sabadon,Sabadon,,listed_same_player,accepted,medium,evidence_player_group_0038,,,,,,,,,,,,,,,,,,,,,,,,,,,,,,,no_whois_classification,No classification row found,0,yes
char_tharon,Tharon,player_0005,Praiodan,Praiodan [Tomas],Tomas,listed_same_player,accepted,medium,evidence_player_group_0005,,,,,,,,,,,,whois_tharon_1780916445,Elf,Elf,,Free Peoples,medium,,,,,,,,,,,,,,race_only,race_term=Elf | base_class_unknown,1,no
char_thedeen,Thedeen,player_0070,Heldo,Heldo [Jens],Jens,listed_same_player,accepted,medium,evidence_player_group_0070,,,,,,,,,,,,whois_thedèen_1780916451,Man,Man,,Free Peoples,medium,,,,,,,,,,,,,,race_only,race_term=Man | base_class_unknown,1,no
char_theofur,Theofur,player_0161,Halir,Halir,,listed_same_player,accepted,medium,evidence_player_group_0161,,,,,,,,,,,,,,,,,,,,,,,,,,,,,,,no_whois_classification,No classification row found,0,yes
char_thezi,Thezi,player_0180,Evandaar,Evandaar [Daniel],Daniel,listed_same_player,accepted,medium,evidence_player_group_0180,,,,,,,,,,,,whois_thezí_1780916462,Orc,Orc,,Minions of Sauron,high,,,,,,,,,,,,,,race_only,race_term=Orc | base_class_unknown,1,no
char_thilax,Thilax,player_0183,Dizz,Dizz [Tomas],Tomas,listed_same_player,accepted,medium,evidence_player_group_0183,,,,,,,,,,,,whois_thilax_1780916468,Man,Man,,Free Peoples,medium,,,,,,,,,,,,,,race_only,race_term=Man | base_class_unknown,1,no
char_thiondash,Thiondash,player_0005,Praiodan,Praiodan [Tomas],Tomas,listed_same_player,accepted,medium,evidence_player_group_0005,,,,,,,,,,,,whois_thiondash_1780916474,Dwarf,Dwarf,,Free Peoples,medium,,,,,,,,,,,,,,race_only,race_term=Dwarf | base_class_unknown,1,no
char_thoirin,Thoirin,player_0073,Thoirin,Thoirin [Mans],Mans,listed_same_player,accepted,medium,evidence_player_group_0073,,current,Maia,no,no,2026_06_16_current_immortals,MUME current immortal list,List current as of 2026-06-16,immortal_2026_06_16_current_immortals_thoirin_101_listed_current_immortal,candidate,Copied by Lewis. (+m) means the immortal is also a Maiar Muddler / muddle code contributor.,whois_thoirin_1780916479,Maia,Maia,,Immortals,high,Cartographer,Cartographer,Cartographer,high,,,,,,,Maia,M,Cartographer,immortal,immortal_term=Maia | race_term=Maia,2,no
char_thonr,Thonr,player_0089,Lothlori,Lothlori,,listed_same_player,accepted,medium,evidence_player_group_0089,,,,,,,,,,,,whois_thonr_1780916485,Elf,Elf,,Free Peoples,medium,,,,,,,,,,,,,,race_only,race_term=Elf | base_class_unknown,1,no
char_thorak,Thorak,player_0089,Lothlori,Lothlori,,listed_same_player,accepted,medium,evidence_player_group_0089,,,,,,,,,,,,,,,,,,,,,,,,,,,,,,,no_whois_classification,No classification row found,0,yes
char_thorny,Thorny,player_0089,Lothlori,Lothlori,,listed_same_player,accepted,medium,evidence_player_group_0089,,,,,,,,,,,,,,,,,,,,,,,,,,,,,,,no_whois_classification,No classification row found,0,yes
char_thoronwe,Thoronwe,player_0158,Ainafea,Ainafea,,listed_same_player,accepted,medium,evidence_player_group_0158,,,,,,,,,,,,whois_thoronwë_1780916502,Elf,Elf,,Free Peoples,medium,,,,,,,,,,,,,,race_only,race_term=Elf | base_class_unknown,1,no
char_thorzor,Thorzor,player_0029,Faint,Faint,,listed_same_player,accepted,medium,evidence_player_group_0029,,,,,,,,,,,,whois_thorzor_1780916507,Tarkhnarb Battlemaster,Orc,Tarkhnarb,Minions of Sauron,high,Warrior,Warrior,Battlemaster,high,,,,,,,,,,classified,race_term=Tarkhnarb | class_title=Battlemaster | who_class_group=Warrior | class_confidence=high,1,no
char_thrak,Thrak,player_0126,Deris,Deris,,listed_same_player,accepted,medium,evidence_player_group_0126,,,,,,,,,,,,whois_thrak_1780916513,Orc,Orc,,Minions of Sauron,high,,,,,,,,,,,,,,race_only,race_term=Orc | base_class_unknown,1,no
char_throg,Throg,player_0001,Rogon,Rogon,,listed_same_player,accepted,medium,evidence_player_group_0001,,,,,,,,,,,,whois_throg_1780916519,Dwarven Hero,Dwarf,,Free Peoples,medium,General,General,Hero,medium,,,,,,,,,,classified,race_term=Dwarven | class_title=Hero | who_class_group=General | class_confidence=medium,1,no
char_throin,Throin,player_0058,Steele,Steele [Dan],Dan,listed_same_player,accepted,medium,evidence_player_group_0058,,,,,,,,,,,,whois_thróin_1780916524,Dwarven Battlemaster,Dwarf,,Free Peoples,medium,Warrior,Warrior,Battlemaster,high,,,,,,,,,,classified,race_term=Dwarven | class_title=Battlemaster | who_class_group=Warrior | class_confidence=high,1,no
char_throk,Throk,player_0142,Ethar,Ethar,,listed_same_player,accepted,medium,evidence_player_group_0142,,,,,,,,,,,,whois_throk_1780916530,Cave Troll Brute,Troll,Cave Troll,Minions of Sauron,high,Warrior,Warrior,Brute,low,,,,,,,,,,classified,race_term=Cave Troll | class_title=Brute | who_class_group=Warrior | class_confidence=low,1,no
char_thror,Thror,player_0107,Ares,Ares,,listed_same_player,accepted,medium,evidence_player_group_0107,,,,,,,,,,,,whois_thrór_1780916535,Longbeard Hero,Dwarf,Longbeard,Free Peoples,medium,General,General,Hero,medium,,,,,,,,,,classified,race_term=Longbeard | class_title=Hero | who_class_group=General | class_confidence=medium,1,no
char_thwag,Thwag,player_0065,Wryak,Wryak [Tapio],Tapio,listed_same_player,accepted,medium,evidence_player_group_0065,,,,,,,,,,,,whois_thwag_1780916541,Tarkhnarb Necromancer,Orc,Tarkhnarb,Minions of Sauron,high,Cleric,Cleric,Necromancer,high,,,,,,,,,,classified,race_term=Tarkhnarb | class_title=Necromancer | who_class_group=Cleric | class_confidence=high,1,no
char_tia,Tia,player_0059,Tia,Tia,,listed_same_player,accepted,medium,evidence_player_group_0059,,,,,,,,,,,,whois_tiá_1780916547,Dwarven Battlemistress,Dwarf,,Free Peoples,medium,Warrior,Warrior,Battlemistress,high,,,,,female,high,,,,classified,race_term=Dwarven | class_title=Battlemistress | who_class_group=Warrior | class_confidence=high,1,no
char_tiamat,Tiamat,player_0143,Djinn,Djinn,,listed_same_player,accepted,medium,evidence_player_group_0143,,,,,,,,,,,,whois_tiamat_1780916553,Noldorin Warlock,Elf,Noldorin,Free Peoples,medium,Magic-user,Magic-user,Warlock,high,,,,,male,medium,,,,classified,race_term=Noldorin | class_title=Warlock | who_class_group=Magic-user | class_confidence=high,1,no
char_tianbao,Tianbao,player_0064,Saeth,Saeth [Wojtek],Wojtek,listed_same_player,accepted,medium,evidence_player_group_0064,,,,,,,,,,,,whois_tianbao_1780916558,Half-elven Patriarch,Half-Elf,,Free Peoples,medium,Cleric,Cleric,Patriarch,high,,,,,male,high,,,,classified,race_term=Half-elven | class_title=Patriarch | who_class_group=Cleric | class_confidence=high,1,no
char_tim,Tim,player_0134,Chauncey,Chauncey,,listed_same_player,accepted,medium,evidence_player_group_0134,,,,,,,,,,,,whois_tim_1780916564,Half-Elf,Half-Elf,,Free Peoples,medium,,,,,,,,,,,,,,race_only,race_term=Half-Elf | base_class_unknown,1,no
char_tindomerel,Tindomerel,player_0011,Lancelot,Lancelot [Andreas],Andreas,listed_same_player,accepted,medium,evidence_player_group_0011,,,,,,,,,,,,whois_tindomerel_1780916570,so hot your head goes Yufzbarr is a level sixty-one Noldorin Heroine,Elf,Noldorin,Free Peoples,medium,General,General,Heroine,medium,,,,,female,high,,,,parser_suspect_or_custom_descriptor,race_term=Noldorin | class_title=Heroine | who_class_group=General | class_confidence=medium | unmatched=so hot your head goes Yufzbarr is a level sixty-one,1,yes
char_toe,Toe,player_0108,Toe,Toe,,listed_same_player,accepted,medium,evidence_player_group_0108,,,,,,,,,,,,whois_toe_1780916575,the key! is a level thirty-five Cave Troll Wrecker,Troll,Cave Troll,Minions of Sauron,high,Warrior,Warrior,Wrecker,low,,,,,,,,,,parser_suspect_or_custom_descriptor,race_term=Cave Troll | class_title=Wrecker | who_class_group=Warrior | class_confidence=low | unmatched=the key! is a level thirty-five,1,yes
char_toin,Toin,player_0122,Toin,Toin,,listed_same_player,accepted,medium,evidence_player_group_0122,,,,,,,,,,,,whois_tôin_1780916581,Dwarven Hero,Dwarf,,Free Peoples,medium,General,General,Hero,medium,,,,,,,,,,classified,race_term=Dwarven | class_title=Hero | who_class_group=General | class_confidence=medium,1,no
char_toker,Toker,player_0035,Fankil,Fankil [Alexander],Alexander,listed_same_player,accepted,medium,evidence_player_group_0035,,,,,,,,,,,,whois_toker_1780916587,Dwarven Ranger,Dwarf,,Free Peoples,medium,General,General,Ranger,medium,High Track; exact requirement uncertain and probably not 100%+,,,,,,,,,classified,race_term=Dwarven | class_title=Ranger | who_class_group=General | class_confidence=medium | skill_notes=High Track; exact requirement uncertain and probably not 100%+,1,no
char_toku,Toku,player_0222,Mukami,Mukami,,listed_same_player,accepted,medium,evidence_player_group_0222,,,,,,,,,,,,whois_toku_1780916592,Hobbit,Hobbit,,Free Peoples,medium,,,,,,,,,,,,,,race_only,race_term=Hobbit | base_class_unknown,1,no
char_tolman,Tolman,player_0216,Grunge,Grunge,,listed_same_player,accepted,medium,evidence_player_group_0216,,,,,,,,,,,,whois_tolman_1780916598,Hobbit,Hobbit,,Free Peoples,medium,,,,,,,,,,,,,,race_only,race_term=Hobbit | base_class_unknown,1,no
char_tommy,Tommy,player_0068,Elrik,Elrik,,listed_same_player,accepted,medium,evidence_player_group_0068,,,,,,,,,,,,whois_tommy_1780916604,Hobbit,Hobbit,,Free Peoples,medium,,,,,,,,,,,,,,race_only,race_term=Hobbit | base_class_unknown,1,no
char_topas,Topas,player_0068,Elrik,Elrik,,listed_same_player,accepted,medium,evidence_player_group_0068,,,,,,,,,,,,,,,,,,,,,,,,,,,,,,,no_whois_classification,No classification row found,0,yes
char_tora,Tora,player_0154,Bishn�k,Bishn�k [Eric],Eric,listed_same_player,accepted,medium,evidence_player_group_0154,,,,,,,,,,,,whois_tora_1780916615,Man,Man,,Free Peoples,medium,,,,,,,,,,,,,,race_only,race_term=Man | base_class_unknown,1,no
char_toran,Toran,player_0012,Axel,Axel [Axel],Axel,listed_same_player,accepted,medium,evidence_player_group_0012,,,,,,,,,,,,whois_toran_1780916621,Half-elven Scout,Half-Elf,,Free Peoples,medium,Thief,Thief,Scout,high,,,,,,,,,,classified,race_term=Half-elven | class_title=Scout | who_class_group=Thief | class_confidence=high,1,no
char_torham,Torham,player_0069,Pilsner,Pilsner [Jurek],Jurek,listed_same_player,accepted,medium,evidence_player_group_0069,,,,,,,,,,,,whois_torham_1780916626,Beorning Battlemaster,Man,Beorning,Free Peoples,medium,Warrior,Warrior,Battlemaster,high,,,,,,,,,,classified,race_term=Beorning | class_title=Battlemaster | who_class_group=Warrior | class_confidence=high,1,no
char_torkild,Torkild,player_0115,Marillion,Marillion,,listed_same_player,accepted,medium,evidence_player_group_0115,,,,,,,,,,,,whois_torkild_1780916632,Man,Man,,Free Peoples,medium,,,,,,,,,,,,,,race_only,race_term=Man | base_class_unknown,1,no
char_torment,Torment,player_0002,Ajax,Ajax,,listed_same_player,accepted,medium,evidence_player_group_0002,,,,,,,,,,,,whois_torment_1780916637,Tarkhnarb Rider,Orc,Tarkhnarb,Minions of Sauron,high,General,General,Rider,medium,90% Ride,,,,,,,,,classified,race_term=Tarkhnarb | class_title=Rider | who_class_group=General | class_confidence=medium | skill_notes=90% Ride,1,no
char_torq,Torq,player_0153,Gloha,Gloha,,listed_same_player,accepted,medium,evidence_player_group_0153,,,,,,,,,,,,whois_torq_1780916643,Tarkhnarb Warrior,Orc,Tarkhnarb,Minions of Sauron,high,Warrior,Warrior,Warrior,medium,,,,,,,,,,classified,race_term=Tarkhnarb | class_title=Warrior | who_class_group=Warrior | class_confidence=medium,1,no
char_torvald,Torvald,player_0115,Marillion,Marillion,,listed_same_player,accepted,medium,evidence_player_group_0115,,,,,,,,,,,,whois_torvald_1780916649,Dwarven Mercenary,Dwarf,,Free Peoples,medium,Warrior,Warrior,Mercenary,low,,,,,,,,,,classified,race_term=Dwarven | class_title=Mercenary | who_class_group=Warrior | class_confidence=low,1,no
char_toulen,Toulen,player_0020,Bubla,Bubla,,listed_same_player,accepted,medium,evidence_player_group_0020,,,,,,,,,,,,whois_toulen_1780916654,Elf,Elf,,Free Peoples,medium,,,,,,,,,,,,,,race_only,race_term=Elf | base_class_unknown,1,no
char_tragg,Tragg,player_0065,Wryak,Wryak [Tapio],Tapio,listed_same_player,accepted,medium,evidence_player_group_0065,,,,,,,,,,,,,,,,,,,,,,,,,,,,,,,no_whois_classification,No classification row found,0,yes
char_tragikomix,Tragikomix,player_0140,Spud,Spud,,listed_same_player,accepted,medium,evidence_player_group_0140,,,,,,,,,,,,whois_tragikomix_1780916666,Black Númenórean,Man,Black Númenórean,Minions of Sauron,high,,,,,,,,,,,,,,race_only,race_term=Black Númenórean | base_class_unknown,1,no
char_tram,Tram,player_0066,Tram,Tram,,listed_same_player,accepted,medium,evidence_player_group_0066,,retired,Maia,no,no,2026_06_16_retired_immortals,MUME retired immortal list,List current as of 2026-06-16,immortal_2026_06_16_retired_immortals_tram_285_listed_retired_immortal,candidate,Copied by Lewis. Includes Boardreaders and honorary True Legend entry for Norsu.,whois_tram_1780916671,Maia,Maia,,Immortals,high,Cartographer,Cartographer,Cartographer,high,,,,,,,Maia,M,Cartographer,immortal,immortal_term=Maia | race_term=Maia,2,no
char_trandar,Trandar,player_0065,Wryak,Wryak [Tapio],Tapio,listed_same_player,accepted,medium,evidence_player_group_0065,,,,,,,,,,,,,,,,,,,,,,,,,,,,,,,no_whois_classification,No classification row found,0,yes
char_trasdockan,Trasdockan,player_0070,Heldo,Heldo [Jens],Jens,listed_same_player,accepted,medium,evidence_player_group_0070,,,,,,,,,,,,,,,,,,,,,,,,,,,,,,,no_whois_classification,No classification row found,0,yes
char_trassel,Trassel,player_0067,David,David [David],David,listed_same_player,accepted,medium,evidence_player_group_0067,,,,,,,,,,,,whois_trassel_1780916688,Half-Elf,Half-Elf,,Free Peoples,medium,,,,,,,,,,,,,,race_only,race_term=Half-Elf | base_class_unknown,1,no
char_traverza,Traverza,player_0019,Luke,Luke,,listed_same_player,accepted,medium,evidence_player_group_0019,,,,,,,,,,,,whois_traverza_1780916694,Troll,Troll,,Minions of Sauron,high,,,,,,,,,,,,,,race_only,race_term=Troll | base_class_unknown,1,no
char_trazsh,Trazsh,player_0031,Swork,Swork,,listed_same_player,accepted,medium,evidence_player_group_0031,,,,,,,,,,,,whois_trazsh_1780916699,Tarkhnarb Battlemaster,Orc,Tarkhnarb,Minions of Sauron,high,Warrior,Warrior,Battlemaster,high,,,,,,,,,,classified,race_term=Tarkhnarb | class_title=Battlemaster | who_class_group=Warrior | class_confidence=high,1,no
char_tri,Tri,player_0177,Bearclaw,Bearclaw,,listed_same_player,accepted,medium,evidence_player_group_0177,,,,,,,,,,,,,,,,,,,,,,,,,,,,,,,no_whois_classification,No classification row found,0,yes
char_trinity,Trinity,player_0093,Valir,Valir [Raul],Raul,listed_same_player,accepted,medium,evidence_player_group_0093,,,,,,,,,,,,whois_trinity_1780916711,Rohirric Rider,Man,Rohirrim,Free Peoples,medium,General,General,Rider,medium,90% Ride,,,,,,,,,classified,race_term=Rohirric | class_title=Rider | who_class_group=General | class_confidence=medium | skill_notes=90% Ride,1,no
char_trobo,Trobo,player_0154,Bishn�k,Bishn�k [Eric],Eric,listed_same_player,accepted,medium,evidence_player_group_0154,,,,,,,,,,,,whois_trobo_1780916716,Hobbit,Hobbit,,Free Peoples,medium,,,,,,,,,,,,,,race_only,race_term=Hobbit | base_class_unknown,1,no
char_troin,Troin,player_0052,Salmar,Salmar,,listed_same_player,accepted,medium,evidence_player_group_0052,,,,,,,,,,,,,,,,,,,,,,,,,,,,,,,no_whois_classification,No classification row found,0,yes
char_troom,Troom,player_0115,Marillion,Marillion,,listed_same_player,accepted,medium,evidence_player_group_0115,,,,,,,,,,,,,,,,,,,,,,,,,,,,,,,no_whois_classification,No classification row found,0,yes
char_trori,Trori,player_0199,Roman,Roman [Roman],Roman,listed_same_player,accepted,medium,evidence_player_group_0199,,,,,,,,,,,,whois_trori_1780916733,Dwarf,Dwarf,,Free Peoples,medium,,,,,,,,,,,,,,race_only,race_term=Dwarf | base_class_unknown,1,no
char_tukanek,Tukanek,player_0022,Moonparent,Moonparent [David],David,listed_same_player,accepted,medium,evidence_player_group_0022,,,,,,,,,,,,whois_tukanek_1780916739,Dwarf,Dwarf,,Free Peoples,medium,,,,,,,,,,,,,,race_only,race_term=Dwarf | base_class_unknown,1,no
char_tulkass,Tulkass,player_0109,Nighthawk,Nighthawk,,listed_same_player,accepted,medium,evidence_player_group_0109,,,,,,,,,,,,,,,,,,,,,,,,,,,,,,,no_whois_classification,No classification row found,0,yes
char_tupoun,Tupoun,player_0069,Pilsner,Pilsner [Jurek],Jurek,listed_same_player,accepted,medium,evidence_player_group_0069,,,,,,,,,,,,whois_tupoun_1780916750,Tarkhnarb Champion,Orc,Tarkhnarb,Minions of Sauron,high,General,General,Champion,medium,,,,,,,,,,classified,race_term=Tarkhnarb | class_title=Champion | who_class_group=General | class_confidence=medium,1,no
char_turgon,Turgon,player_0018,Feanor,Feanor,,listed_same_player,accepted,medium,evidence_player_group_0018,,,,,,,,,,,,whois_turgon_1780916756,Noldorin Rider,Elf,Noldorin,Free Peoples,medium,General,General,Rider,medium,90% Ride,,,,,,,,,classified,race_term=Noldorin | class_title=Rider | who_class_group=General | class_confidence=medium | skill_notes=90% Ride,1,no
char_turim,Turim,player_0164,Gobakapp,Gobakapp,,listed_same_player,accepted,medium,evidence_player_group_0164,,,,,,,,,,,,whois_turim_1780916761,Dwarf,Dwarf,,Free Peoples,medium,,,,,,,,,,,,,,race_only,race_term=Dwarf | base_class_unknown,1,no
char_turviniel,Turviniel,player_0066,Tram,Tram,,listed_same_player,accepted,medium,evidence_player_group_0066,,,,,,,,,,,,,,,,,,,,,,,,,,,,,,,no_whois_classification,No classification row found,0,yes
char_tutti,Tutti,player_0032,Rashnak,Rashnak,,listed_same_player,accepted,medium,evidence_player_group_0032,,,,,,,,,,,,whois_tutti_1780916773,Half-elven Hero,Half-Elf,,Free Peoples,medium,General,General,Hero,medium,,,,,,,,,,classified,race_term=Half-elven | class_title=Hero | who_class_group=General | class_confidence=medium,1,no
char_tvimina,Tvimina,player_0073,Thoirin,Thoirin [Mans],Mans,listed_same_player,accepted,medium,evidence_player_group_0073,,,,,,,,,,,,whois_tvimina_1780916779,Hobbit,Hobbit,,Free Peoples,medium,,,,,,,,,,,,,,race_only,race_term=Hobbit | base_class_unknown,1,no
char_twog,Twog,player_0023,Bah,Bah [Jan],Jan,listed_same_player,accepted,medium,evidence_player_group_0023,,,,,,,,,,,,whois_twog_1780916784,Orc,Orc,,Minions of Sauron,high,,,,,,,,,,,,,,race_only,race_term=Orc | base_class_unknown,1,no
char_twoq,Twoq,player_0023,Bah,Bah [Jan],Jan,listed_same_player,accepted,medium,evidence_player_group_0023,,,,,,,,,,,,whois_twoq_1780916790,Dwarf,Dwarf,,Free Peoples,medium,,,,,,,,,,,,,,race_only,race_term=Dwarf | base_class_unknown,1,no
char_tygr,Tygr,player_0020,Bubla,Bubla,,listed_same_player,accepted,medium,evidence_player_group_0020,,,,,,,,,,,,whois_tygr_1780916795,Half-Elf,Half-Elf,,Free Peoples,medium,,,,,,,,,,,,,,race_only,race_term=Half-Elf | base_class_unknown,1,no
char_tyrion,Tyrion,player_0058,Steele,Steele [Dan],Dan,listed_same_player,accepted,medium,evidence_player_group_0058,,,,,,,,,,,,whois_tyrion_1780916801,Black Númenórean,Man,Black Númenórean,Minions of Sauron,high,,,,,,,,,,,,,,race_only,race_term=Black Númenórean | base_class_unknown,1,no
char_tzanck,Tzanck,player_0216,Grunge,Grunge,,listed_same_player,accepted,medium,evidence_player_group_0216,,,,,,,,,,,,whois_tzanck_1780916807,Tarkhnarb Necromancer,Orc,Tarkhnarb,Minions of Sauron,high,Cleric,Cleric,Necromancer,high,,,,,,,,,,classified,race_term=Tarkhnarb | class_title=Necromancer | who_class_group=Cleric | class_confidence=high,1,no
char_uber,Uber,player_0161,Halir,Halir,,listed_same_player,accepted,medium,evidence_player_group_0161,,,,,,,,,,,,whois_uber_1780916812,Dwarf,Dwarf,,Free Peoples,medium,,,,,,,,,,,,,,race_only,race_term=Dwarf | base_class_unknown,1,no
char_udo,Udo,player_0105,Crysania,Crysania,,listed_same_player,accepted,medium,evidence_player_group_0105,,,,,,,,,,,,whois_udo_1780916818,Dwarf,Dwarf,,Free Peoples,medium,,,,,,,,,,,,,,race_only,race_term=Dwarf | base_class_unknown,1,no
char_uffe,Uffe,player_0179,Delfi,Delfi [Per],Per,listed_same_player,accepted,medium,evidence_player_group_0179,,,,,,,,,,,,whois_uffe_1780916823,Orkish Fighter,Orc,,Minions of Sauron,high,Warrior,Warrior,Fighter,low,,,,,,,,,,classified,race_term=Orkish | class_title=Fighter | who_class_group=Warrior | class_confidence=low,1,no
char_ugash,Ugash,player_0071,Marre,Marre [Martin],Martin,listed_same_player,accepted,medium,evidence_player_group_0071,,,,,,,,,,,,,,,,,,,,,,,,,,,,,,,no_whois_classification,No classification row found,0,yes
char_ughar,Ughar,player_0065,Wryak,Wryak [Tapio],Tapio,listed_same_player,accepted,medium,evidence_player_group_0065,,,,,,,,,,,,whois_ughár_1780916835,Tarkhnarb Necromancer,Orc,Tarkhnarb,Minions of Sauron,high,Cleric,Cleric,Necromancer,high,,,,,,,,,,classified,race_term=Tarkhnarb | class_title=Necromancer | who_class_group=Cleric | class_confidence=high,1,no
char_ugnez,Ugnez,player_0031,Swork,Swork,,listed_same_player,accepted,medium,evidence_player_group_0031,,,,,,,,,,,,whois_ugnez_1780916840,Tarkhnarb Battlemaster,Orc,Tarkhnarb,Minions of Sauron,high,Warrior,Warrior,Battlemaster,high,,,,,,,,,,classified,race_term=Tarkhnarb | class_title=Battlemaster | who_class_group=Warrior | class_confidence=high,1,no
char_ugurz,Ugurz,player_0097,Moonglum,Moonglum,,listed_same_player,accepted,medium,evidence_player_group_0097,,,,,,,,,,,,whois_ugurz_1780833138,hundred Orkish Assassin,Orc,,Minions of Sauron,high,Thief,Thief,Assassin,high,,,,,,,,,,classified,race_term=Orkish | class_title=Assassin | who_class_group=Thief | class_confidence=high | unmatched=hundred,3,no
char_uhan,Uhan,player_0065,Wryak,Wryak [Tapio],Tapio,listed_same_player,accepted,medium,evidence_player_group_0065,,,,,,,,,,,,,,,,,,,,,,,,,,,,,,,no_whois_classification,No classification row found,0,yes
char_ukuvul,Ukuvul,player_0169,Jadon,Jadon,,listed_same_player,accepted,medium,evidence_player_group_0169,,,,,,,,,,,,whois_ukuvul_1780916852,Orkish Sentry,Orc,,Minions of Sauron,high,,,,,,,,,,,,,,race_only,race_term=Orkish | unmatched=Sentry | base_class_unknown,1,no
char_ula,Ula,player_0086,Squiffy,Squiffy,,listed_same_player,accepted,medium,evidence_player_group_0086,,,,,,,,,,,,whois_ula_1780916857,Tarkhnarb Cut-Throat,Orc,Tarkhnarb,Minions of Sauron,high,Thief,Thief,Cut-Throat,medium,,,Possibly orc-only; uncertain,,,,,,,classified,race_term=Tarkhnarb | class_title=Cut-Throat | who_class_group=Thief | class_confidence=medium | race_restriction=Possibly orc-only; uncertain,1,no
char_ulairy,Ulairy,player_0190,Gray,Gray [Gray],Gray,listed_same_player,accepted,medium,evidence_player_group_0190,,,,,,,,,,,,whois_ulairy_1780832470,Black Númenórean Mercenary,Man,Black Númenórean,Minions of Sauron,high,Warrior,Warrior,Mercenary,low,,,,,,,,,,classified,race_term=Black Númenórean | class_title=Mercenary | who_class_group=Warrior | class_confidence=low,2,no
char_uland,Uland,player_0013,Farin,Farin,,listed_same_player,accepted,medium,evidence_player_group_0013,,,,,,,,,,,,whois_uland_1780916863,Noldorin Hero,Elf,Noldorin,Free Peoples,medium,General,General,Hero,medium,,,,,,,,,,classified,race_term=Noldorin | class_title=Hero | who_class_group=General | class_confidence=medium,1,no
char_uldrak,Uldrak,player_0061,Siroth,Siroth,,listed_same_player,accepted,medium,evidence_player_group_0061,,,,,,,,,,,,whois_uldrâk_1780916868,Tarkhnarb Battlemaster,Orc,Tarkhnarb,Minions of Sauron,high,Warrior,Warrior,Battlemaster,high,,,,,,,,,,classified,race_term=Tarkhnarb | class_title=Battlemaster | who_class_group=Warrior | class_confidence=high,1,no
char_ulfhild,Ulfhild,player_0011,Lancelot,Lancelot [Andreas],Andreas,listed_same_player,accepted,medium,evidence_player_group_0011,,,,,,,,,,,,whois_ulfhild_1780916874,Hill Troll Warrior,Troll,Hill Troll,Minions of Sauron,high,Warrior,Warrior,Warrior,medium,,,,,,,,,,classified,race_term=Hill Troll | class_title=Warrior | who_class_group=Warrior | class_confidence=medium,1,no
char_ulkaar,Ulkaar,player_0159,Beorel,Beorel,,listed_same_player,accepted,medium,evidence_player_group_0159,,,,,,,,,,,,whois_ulkaar_1780916880,Orc,Orc,,Minions of Sauron,high,,,,,,,,,,,,,,race_only,race_term=Orc | base_class_unknown,1,no
char_umanidd,Umanidd,player_0004,Wow,Wow,,listed_same_player,accepted,medium,evidence_player_group_0004,,,,,,,,,,,,whois_umanidd_1780916885,Black Númenórean,Man,Black Númenórean,Minions of Sauron,high,,,,,,,,,,,,,,race_only,race_term=Black Númenórean | base_class_unknown,1,no
char_umnik,Umnik,player_0215,Boroda,Boroda,,listed_same_player,accepted,medium,evidence_player_group_0215,,,,,,,,,,,,whois_umnik_1780916891,Half-elven Warlock,Half-Elf,,Free Peoples,medium,Magic-user,Magic-user,Warlock,high,,,,,male,medium,,,,classified,race_term=Half-elven | class_title=Warlock | who_class_group=Magic-user | class_confidence=high,1,no
char_undolomion,Undolomion,player_0217,Beat,Beat [Joosep],Joosep,listed_same_player,accepted,medium,evidence_player_group_0217,,,,,,,,,,,,,,,,,,,,,,,,,,,,,,,no_whois_classification,No classification row found,0,yes
char_ungrim,Ungrim,player_0029,Faint,Faint,,listed_same_player,accepted,medium,evidence_player_group_0029,,,,,,,,,,,,whois_ungrim_1780916902,Dwarven Battlemaster,Dwarf,,Free Peoples,medium,Warrior,Warrior,Battlemaster,high,,,,,,,,,,classified,race_term=Dwarven | class_title=Battlemaster | who_class_group=Warrior | class_confidence=high,1,no
char_unholy,Unholy,player_0093,Valir,Valir [Raul],Raul,listed_same_player,accepted,medium,evidence_player_group_0093,,,,,,,,,,,,whois_unholy_1780916908,Tarkhnarb Champion,Orc,Tarkhnarb,Minions of Sauron,high,General,General,Champion,medium,,,,,,,,,,classified,race_term=Tarkhnarb | class_title=Champion | who_class_group=General | class_confidence=medium,1,no
char_unoc,Unoc,player_0175,Vaab,Vaab [Joey],Joey,listed_same_player,accepted,medium,evidence_player_group_0175,,,,,,,,,,,,,,,,,,,,,,,,,,,,,,,no_whois_classification,No classification row found,0,yes
char_uralyon,Uralyon,player_0036,Atlas,Atlas,,listed_same_player,accepted,medium,evidence_player_group_0036,,,,,,,,,,,,whois_uralyon_1780916919,Black Númenórean Mercenary,Man,Black Númenórean,Minions of Sauron,high,Warrior,Warrior,Mercenary,low,,,,,,,,,,classified,race_term=Black Númenórean | class_title=Mercenary | who_class_group=Warrior | class_confidence=low,1,no
char_uriond,Uriond,player_0154,Bishn�k,Bishn�k [Eric],Eric,listed_same_player,accepted,medium,evidence_player_group_0154,,,,,,,,,,,,whois_uriond_1780916925,Elf,Elf,,Free Peoples,medium,,,,,,,,,,,,,,race_only,race_term=Elf | base_class_unknown,1,no
char_userbius,Userbius,player_0204,Userbius,Userbius [Yaroslav],Yaroslav,listed_same_player,accepted,medium,evidence_player_group_0204,,,,,,,,,,,,,,,,,,,,,,,,,,,,,,,no_whois_classification,No classification row found,0,yes
char_uthalg,Uthalg,player_0061,Siroth,Siroth,,listed_same_player,accepted,medium,evidence_player_group_0061,,,,,,,,,,,,,,,,,,,,,,,,,,,,,,,no_whois_classification,No classification row found,0,yes
char_uzbad,Uzbad,player_0131,Feagil,Feagil,,listed_same_player,accepted,medium,evidence_player_group_0131,,,,,,,,,,,,whois_uzbâd_1780916942,Dwarf,Dwarf,,Free Peoples,medium,,,,,,,,,,,,,,race_only,race_term=Dwarf | base_class_unknown,1,no
char_vaab,Vaab,player_0175,Vaab,Vaab [Joey],Joey,listed_same_player,accepted,medium,evidence_player_group_0175,,,,,,,,,,,,,,,,,,,,,,,,,,,,,,,no_whois_classification,No classification row found,0,yes
char_vagdish,Vagdish,player_0034,Nazgum,Nazgum,,listed_same_player,accepted,medium,evidence_player_group_0034,,,,,,,,,,,,,,,,,,,,,,,,,,,,,,,no_whois_classification,No classification row found,0,yes
char_vaim,Vaim,player_0167,Eloin,Eloin,,listed_same_player,accepted,medium,evidence_player_group_0167,,,,,,,,,,,,whois_vaim_1780916958,Elf,Elf,,Free Peoples,medium,,,,,,,,,,,,,,race_only,race_term=Elf | base_class_unknown,1,no
char_vainamoinen,Vainamoinen,player_0032,Rashnak,Rashnak,,listed_same_player,accepted,medium,evidence_player_group_0032,,,,,,,,,,,,whois_väinämöinen_1780916964,Silvan Hero,Elf,Silvan,Free Peoples,medium,General,General,Hero,medium,,,,,,,,,,classified,race_term=Silvan | class_title=Hero | who_class_group=General | class_confidence=medium,1,no
char_valacar,Valacar,player_0017,Alkar,Alkar,,listed_same_player,accepted,medium,evidence_player_group_0017,,,,,,,,,,,,whois_valacar_1780916970,Man,Man,,Free Peoples,medium,,,,,,,,,,,,,,race_only,race_term=Man | base_class_unknown,1,no
char_valamir,Valamir,player_0072,Valamir,Valamir [Ole],Ole,listed_same_player,accepted,medium,evidence_player_group_0072,,,,,,,,,,,,whois_valamir_1780916975,Elf,Elf,,Free Peoples,medium,,,,,,,,,,,,,,race_only,race_term=Elf | base_class_unknown,1,no
char_valandar,Valandar,player_0180,Evandaar,Evandaar [Daniel],Daniel,listed_same_player,accepted,medium,evidence_player_group_0180,,,,,,,,,,,,whois_válandar_1780916981,Elf,Elf,,Free Peoples,medium,,,,,,,,,,,,,,race_only,race_term=Elf | base_class_unknown,1,no
char_valastule,Valastule,player_0058,Steele,Steele [Dan],Dan,listed_same_player,accepted,medium,evidence_player_group_0058,,,,,,,,,,,,,,,,,,,,,,,,,,,,,,,no_whois_classification,No classification row found,0,yes
char_valdja,Valdja,player_0030,Manatark,Manatark [Kaido],Kaido,listed_same_player,accepted,medium,evidence_player_group_0030,,,,,,,,,,,,whois_valdja_1780916992,Orc,Orc,,Minions of Sauron,high,,,,,,,,,,,,,,race_only,race_term=Orc | base_class_unknown,1,no
char_valen,Valen,player_0013,Farin,Farin,,listed_same_player,accepted,medium,evidence_player_group_0013,,,,,,,,,,,,whois_valen_1780916998,Eriadorian Hero,Man,Eriadorian,Free Peoples,medium,General,General,Hero,medium,,,,,,,,,,classified,race_term=Eriadorian | class_title=Hero | who_class_group=General | class_confidence=medium,1,no
char_valeria,Valeria,player_0181,Ancra,Ancra [Harry],Harry,listed_same_player,accepted,medium,evidence_player_group_0181,,,,,,,,,,,,whois_valeria_1780917003,Elf,Elf,,Free Peoples,medium,,,,,,,,,,,,,,race_only,race_term=Elf | base_class_unknown,1,no
char_valgarv,Valgarv,player_0139,Naga,Naga,,listed_same_player,accepted,medium,evidence_player_group_0139,,,,,,,,,,,,whois_valgarv_1780917009,Orc,Orc,,Minions of Sauron,high,,,,,,,,,,,,,,race_only,race_term=Orc | base_class_unknown,1,no
char_valir,Valir,player_0093,Valir,Valir [Raul],Raul,listed_same_player,accepted,medium,evidence_player_group_0093,,,,,,,,,,,,whois_valir_1780917015,Dwarf,Dwarf,,Free Peoples,medium,,,,,,,,,,,,,,race_only,race_term=Dwarf | base_class_unknown,1,no
char_valkyria,Valkyria,player_0183,Dizz,Dizz [Tomas],Tomas,listed_same_player,accepted,medium,evidence_player_group_0183,,,,,,,,,,,,whois_valkyria_1780917020,Silvan Warden,Elf,Silvan,Free Peoples,medium,Warrior,Warrior,Warden,high,75% Bash,,,,,,,,,classified,race_term=Silvan | class_title=Warden | who_class_group=Warrior | class_confidence=high | skill_notes=75% Bash,1,no
char_valkyrie,Valkyrie,player_0139,Naga,Naga,,listed_same_player,accepted,medium,evidence_player_group_0139,,,,,,,,,,,,whois_valkyrie_1780917026,Woman,Man,,Free Peoples,medium,,,,,,,,,,,,,,race_only,race_term=Woman | base_class_unknown,1,no
char_vandal,Vandal,player_0079,Feon,Feon [Johan],Johan,listed_same_player,accepted,medium,evidence_player_group_0079,,,,,,,,,,,,whois_vandal_1780917031,Mountain Troll Softskin,Troll,Mountain Troll,Minions of Sauron,high,,,Softskin,low,,,,,,,,,,generic_title_no_class,race_term=Mountain Troll | class_title=Softskin | class_confidence=low | base_class_unknown,1,no
char_vanimelde,Vanimelde,player_0035,Fankil,Fankil [Alexander],Alexander,listed_same_player,accepted,medium,evidence_player_group_0035,,,,,,,,,,,,whois_vanimeldë_1780917037,Black Númenórean,Man,Black Númenórean,Minions of Sauron,high,,,,,,,,,,,,,,race_only,race_term=Black Númenórean | base_class_unknown,1,no
char_vanir,Vanir,player_0093,Valir,Valir [Raul],Raul,listed_same_player,accepted,medium,evidence_player_group_0093,,,,,,,,,,,,,,,,,,,,,,,,,,,,,,,no_whois_classification,No classification row found,0,yes
char_vargas,Vargas,player_0071,Marre,Marre [Martin],Martin,listed_same_player,accepted,medium,evidence_player_group_0071,,,,,,,,,,,,whois_vargas_1780917048,Orc,Orc,,Minions of Sauron,high,,,,,,,,,,,,,,race_only,race_term=Orc | base_class_unknown,1,no
char_varvar,Varvar,player_0190,Gray,Gray [Gray],Gray,listed_same_player,accepted,medium,evidence_player_group_0190,,,,,,,,,,,,whois_varvar_1780832170,Tarkhnarb,Orc,Tarkhnarb,Minions of Sauron,high,,,,,,,,,,,,,,race_only,race_term=Tarkhnarb | base_class_unknown,1,no
char_vasa,Vasa,player_0179,Delfi,Delfi [Per],Per,listed_same_player,accepted,medium,evidence_player_group_0179,,,,,,,,,,,,whois_vasa_1780917054,Harfoot Hero,Hobbit,Harfoot,Free Peoples,medium,General,General,Hero,medium,,,,,,,,,,classified,race_term=Harfoot | class_title=Hero | who_class_group=General | class_confidence=medium,1,no
char_vasilisa,Vasilisa,player_0195,Porien,Porien [Dmitry],Dmitry,listed_same_player,accepted,medium,evidence_player_group_0195,,,,,,,,,,,,whois_vasilisa_1780917060,Elf,Elf,,Free Peoples,medium,,,,,,,,,,,,,,race_only,race_term=Elf | base_class_unknown,1,no
char_vassago,Vassago,player_0081,Vassago,Vassago,,listed_same_player,accepted,medium,evidence_player_group_0081,,,,,,,,,,,,whois_vassago_1780917065,Orc,Orc,,Minions of Sauron,high,,,,,,,,,,,,,,race_only,race_term=Orc | base_class_unknown,1,no
char_vatsayana,Vatsayana,player_0118,Khamasin,Khamasin,,listed_same_player,accepted,medium,evidence_player_group_0118,,,,,,,,,,,,,,,,,,,,,,,,,,,,,,,no_whois_classification,No classification row found,0,yes
char_vayu,Vayu,player_0015,Ghostly,Ghostly,,listed_same_player,accepted,medium,evidence_player_group_0015,,,,,,,,,,,,,,,,,,,,,,,,,,,,,,,no_whois_classification,No classification row found,0,yes
char_vecna,Vecna,player_0099,Asmandeus,Asmandeus,,listed_same_player,accepted,medium,evidence_player_group_0099,,,,,,,,,,,,whois_vecna_1780917082,Black Númenórean,Man,Black Númenórean,Minions of Sauron,high,,,,,,,,,,,,,,race_only,race_term=Black Númenórean | base_class_unknown,1,no
char_venal,Venal,player_0080,Venal,Venal,,listed_same_player,accepted,medium,evidence_player_group_0080,,,,,,,,,,,,,,,,,,,,,,,,,,,,,,,no_whois_classification,No classification row found,0,yes
char_verminaard,Verminaard,player_0035,Fankil,Fankil [Alexander],Alexander,listed_same_player,accepted,medium,evidence_player_group_0035,,,,,,,,,,,,whois_verminaard_1780917094,Orc,Orc,,Minions of Sauron,high,,,,,,,,,,,,,,race_only,race_term=Orc | base_class_unknown,1,no
char_viclona,Viclona,player_0181,Ancra,Ancra [Harry],Harry,listed_same_player,accepted,medium,evidence_player_group_0181,,,,,,,,,,,,whois_viclona_1780917099,Elf,Elf,,Free Peoples,medium,,,,,,,,,,,,,,race_only,race_term=Elf | base_class_unknown,1,no
char_vidomina,Vidomina,player_0049,Haazheel,Haazheel,,listed_same_player,accepted,medium,evidence_player_group_0049,,,,,,,,,,,,whois_vidomina_1780917105,Eriadorian Heroine,Man,Eriadorian,Free Peoples,medium,General,General,Heroine,medium,,,,,female,high,,,,classified,race_term=Eriadorian | class_title=Heroine | who_class_group=General | class_confidence=medium,1,no
char_vij,Vij,player_0197,Zmej,Zmej [Leha],Leha,listed_same_player,accepted,medium,evidence_player_group_0197,,,,,,,,,,,,whois_vij_1780917110,Troll,Troll,,Minions of Sauron,high,,,,,,,,,,,,,,race_only,race_term=Troll | base_class_unknown,1,no
char_vili,Vili,player_0083,Goretongue,Goretongue [Jeremiah],Jeremiah,listed_same_player,accepted,medium,evidence_player_group_0083,,,,,,,,,,,,whois_vili_1780917116,Dwarven Veteran,Dwarf,,Free Peoples,medium,Warrior,Warrior,Veteran,high,,,,,,,,,,classified,race_term=Dwarven | class_title=Veteran | who_class_group=Warrior | class_confidence=high,1,no
char_viljar,Viljar,player_0115,Marillion,Marillion,,listed_same_player,accepted,medium,evidence_player_group_0115,,,,,,,,,,,,,,,,,,,,,,,,,,,,,,,no_whois_classification,No classification row found,0,yes
char_vincenzo,Vincenzo,player_0036,Atlas,Atlas,,listed_same_player,accepted,medium,evidence_player_group_0036,,,,,,,,,,,,whois_vincenzo_1780917127,Harfoot Sage,Hobbit,Harfoot,Free Peoples,medium,Magic-user,Magic-user,Sage,high,,,,,,,,,,classified,race_term=Harfoot | class_title=Sage | who_class_group=Magic-user | class_confidence=high,1,no
char_vip,Vip,player_0197,Zmej,Zmej [Leha],Leha,listed_same_player,accepted,medium,evidence_player_group_0197,,,,,,,,,,,,whois_vip_1780917133,Black Númenórean Envoy,Man,Black Númenórean,Minions of Sauron,high,General,General,Envoy,medium,,,,,,,,,,classified,race_term=Black Númenórean | class_title=Envoy | who_class_group=General | class_confidence=medium,1,no
char_vishnak,Vishnak,player_0188,Aiele,Aiele [Joel],Joel,listed_same_player,accepted,medium,evidence_player_group_0188,,,,,,,,,,,,whois_vishnak_1780917138,Tarkhnarb Veteran,Orc,Tarkhnarb,Minions of Sauron,high,Warrior,Warrior,Veteran,high,,,,,,,,,,classified,race_term=Tarkhnarb | class_title=Veteran | who_class_group=Warrior | class_confidence=high,1,no
char_vlas,Vlas,player_0033,Ginlon,Ginlon,,listed_same_player,accepted,medium,evidence_player_group_0033,,,,,,,,,,,,whois_vlas_1780917144,Troll,Troll,,Minions of Sauron,high,,,,,,,,,,,,,,race_only,race_term=Troll | base_class_unknown,1,no
char_voile,Voile,player_0096,Voile,Voile,,listed_same_player,accepted,medium,evidence_player_group_0096,,retired,Maia,no,no,2026_06_16_retired_immortals,MUME retired immortal list,List current as of 2026-06-16,immortal_2026_06_16_retired_immortals_voile_289_listed_retired_immortal,candidate,Copied by Lewis. Includes Boardreaders and honorary True Legend entry for Norsu.,whois_voile_1780917150,Maia,Maia,,Immortals,high,Cartographer,Cartographer,Cartographer,high,,,,,,,Maia,M,Cartographer,immortal,immortal_term=Maia | race_term=Maia,2,no
char_vold,Vold,player_0188,Aiele,Aiele [Joel],Joel,listed_same_player,accepted,medium,evidence_player_group_0188,,,,,,,,,,,,whois_vôld_1780917155,Orkish Veteran,Orc,,Minions of Sauron,high,Warrior,Warrior,Veteran,high,,,,,,,,,,classified,race_term=Orkish | class_title=Veteran | who_class_group=Warrior | class_confidence=high,1,no
char_voltron,Voltron,player_0088,Bulldozer,Bulldozer,,listed_same_player,accepted,medium,evidence_player_group_0088,,,,,,,,,,,,whois_voltron_1780917161,Mountain Troll Warrior,Troll,Mountain Troll,Minions of Sauron,high,Warrior,Warrior,Warrior,medium,,,,,,,,,,classified,race_term=Mountain Troll | class_title=Warrior | who_class_group=Warrior | class_confidence=medium,1,no
char_vorne,Vorne,player_0116,Kazeena,Kazeena,,listed_same_player,accepted,medium,evidence_player_group_0116,,,,,,,,,,,,,,,,,,,,,,,,,,,,,,,no_whois_classification,No classification row found,0,yes
char_vortex,Vortex,player_0126,Deris,Deris,,listed_same_player,accepted,medium,evidence_player_group_0126,,,,,,,,,,,,whois_vortex_1780917172,Mountain Troll Warrior,Troll,Mountain Troll,Minions of Sauron,high,Warrior,Warrior,Warrior,medium,,,,,,,,,,classified,race_term=Mountain Troll | class_title=Warrior | who_class_group=Warrior | class_confidence=medium,1,no
char_vradul,Vradul,player_0075,Bjorn,Bjorn [Bjorn],Bjorn,listed_same_player,accepted,medium,evidence_player_group_0075,,,,,,,,,,,,whois_vradul_1780917178,Dwarven Ranger,Dwarf,,Free Peoples,medium,General,General,Ranger,medium,High Track; exact requirement uncertain and probably not 100%+,,,,,,,,,classified,race_term=Dwarven | class_title=Ranger | who_class_group=General | class_confidence=medium | skill_notes=High Track; exact requirement uncertain and probably not 100%+,1,no
char_vral,Vral,player_0074,Tardeer,Tardeer [Silverberg],Silverberg,listed_same_player,accepted,medium,evidence_player_group_0074,,,,,,,,,,,,,,,,,,,,,,,,,,,,,,,no_whois_classification,No classification row found,0,yes
char_vrede,Vrede,player_0060,Amandil,Amandil,,listed_same_player,accepted,medium,evidence_player_group_0060,,,,,,,,,,,,whois_vrede_1780917189,Hobbit,Hobbit,,Free Peoples,medium,,,,,,,,,,,,,,race_only,race_term=Hobbit | base_class_unknown,1,no
char_vridush,Vridush,player_0010,Zaber,Zaber,,listed_same_player,accepted,medium,evidence_player_group_0010,,,,,,,,,,,,whois_vridush_1780917195,Orc,Orc,,Minions of Sauron,high,,,,,,,,,,,,,,race_only,race_term=Orc | base_class_unknown,1,no
char_vr_sh,Vr�sh,player_0154,Bishn�k,Bishn�k [Eric],Eric,listed_same_player,accepted,medium,evidence_player_group_0154,,,,,,,,,,,,,,,,,,,,,,,,,,,,,,,no_whois_classification,No classification row found,0,yes
char_vsevolod,Vsevolod,player_0195,Porien,Porien [Dmitry],Dmitry,listed_same_player,accepted,medium,evidence_player_group_0195,,,,,,,,,,,,whois_vsevolod_1780917206,Orc,Orc,,Minions of Sauron,high,,,,,,,,,,,,,,race_only,race_term=Orc | base_class_unknown,1,no
char_vugluskr,Vugluskr,player_0190,Gray,Gray [Gray],Gray,listed_same_player,accepted,medium,evidence_player_group_0190,,,,,,,,,,,,whois_vugluskr_1780832498,Dwarven Battlemaster,Dwarf,,Free Peoples,medium,Warrior,Warrior,Battlemaster,high,,,,,,,,,,classified,race_term=Dwarven | class_title=Battlemaster | who_class_group=Warrior | class_confidence=high,1,no
char_vulgar,Vulgar,player_0111,Aram,Aram,,listed_same_player,accepted,medium,evidence_player_group_0111,,,,,,,,,,,,,,,,,,,,,,,,,,,,,,,no_whois_classification,No classification row found,0,yes
char_waba,Waba,player_0168,Linar,Linar,,listed_same_player,accepted,medium,evidence_player_group_0168,,current,Aratar,no,no,2026_06_16_current_immortals,MUME current immortal list,List current as of 2026-06-16,immortal_2026_06_16_current_immortals_waba_10_listed_current_immortal,candidate,Copied by Lewis. (+m) means the immortal is also a Maiar Muddler / muddle code contributor.,whois_waba_1780917217,"Vala, one of the Aratar",Vala,,Immortals,high,,,,,,,,,,,Arata,A,,immortal,immortal_term=one of the Aratar | race_term=Vala,2,no
char_wacka,Wacka,player_0075,Bjorn,Bjorn [Bjorn],Bjorn,listed_same_player,accepted,medium,evidence_player_group_0075,,,,,,,,,,,,whois_wacka_1780917223,Troll,Troll,,Minions of Sauron,high,,,,,,,,,,,,,,race_only,race_term=Troll | base_class_unknown,1,no
char_wacker,Wacker,player_0222,Mukami,Mukami,,listed_same_player,accepted,medium,evidence_player_group_0222,,,,,,,,,,,,,,,,,,,,,,,,,,,,,,,no_whois_classification,No classification row found,0,yes
char_warren,Warren,player_0054,Deor,Deor,,listed_same_player,accepted,medium,evidence_player_group_0054,,,,,,,,,,,,whois_warren_1780917234,Dwarf,Dwarf,,Free Peoples,medium,,,,,,,,,,,,,,race_only,race_term=Dwarf | base_class_unknown,1,no
char_warzur,Warzur,player_0029,Faint,Faint,,listed_same_player,accepted,medium,evidence_player_group_0029,,,,,,,,,,,,whois_warzûr_1780917240,Tarkhnarb Battlemaster,Orc,Tarkhnarb,Minions of Sauron,high,Warrior,Warrior,Battlemaster,high,,,,,,,,,,classified,race_term=Tarkhnarb | class_title=Battlemaster | who_class_group=Warrior | class_confidence=high,1,no
char_watar,Watar,player_0065,Wryak,Wryak [Tapio],Tapio,listed_same_player,accepted,medium,evidence_player_group_0065,,,,,,,,,,,,whois_watár_1780917246,Tarkhnarb Assassin,Orc,Tarkhnarb,Minions of Sauron,high,Thief,Thief,Assassin,high,,,,,,,,,,classified,race_term=Tarkhnarb | class_title=Assassin | who_class_group=Thief | class_confidence=high,1,no
char_wenom,Wenom,player_0029,Faint,Faint,,listed_same_player,accepted,medium,evidence_player_group_0029,,,,,,,,,,,,whois_wenom_1780917251,Tarkhnarb Assassin,Orc,Tarkhnarb,Minions of Sauron,high,Thief,Thief,Assassin,high,,,,,,,,,,classified,race_term=Tarkhnarb | class_title=Assassin | who_class_group=Thief | class_confidence=high,1,no
char_wert,Wert,player_0033,Ginlon,Ginlon,,listed_same_player,accepted,medium,evidence_player_group_0033,,,,,,,,,,,,,,,,,,,,,,,,,,,,,,,no_whois_classification,No classification row found,0,yes
char_wes,Wes,player_0084,Kakarot,Kakarot,,listed_same_player,accepted,medium,evidence_player_group_0084,,,,,,,,,,,,,,,,,,,,,,,,,,,,,,,no_whois_classification,No classification row found,0,yes
char_wierd,Wierd,player_0029,Faint,Faint,,listed_same_player,accepted,medium,evidence_player_group_0029,,,,,,,,,,,,whois_wierd_1780917268,Orc,Orc,,Minions of Sauron,high,,,,,,,,,,,,,,race_only,race_term=Orc | base_class_unknown,2,no
char_wilma,Wilma,player_0074,Tardeer,Tardeer [Silverberg],Silverberg,listed_same_player,accepted,medium,evidence_player_group_0074,,,,,,,,,,,,whois_wilma_1780917273,Hill Troll Softskin,Troll,Hill Troll,Minions of Sauron,high,,,Softskin,low,,,,,,,,,,generic_title_no_class,race_term=Hill Troll | class_title=Softskin | class_confidence=low | base_class_unknown,1,no
char_wind,Wind,player_0028,Enforcer,Enforcer [Ert],Ert,listed_same_player,accepted,medium,evidence_player_group_0028,,,,,,,,,,,,whois_wind_1780917279,Tarkhnarb Veteran,Orc,Tarkhnarb,Minions of Sauron,high,Warrior,Warrior,Veteran,high,,,,,,,,,,classified,race_term=Tarkhnarb | class_title=Veteran | who_class_group=Warrior | class_confidence=high,1,no
char_winnie,Winnie,player_0139,Naga,Naga,,listed_same_player,accepted,medium,evidence_player_group_0139,,,,,,,,,,,,whois_winnie_1780917285,Beorning Battlemistress,Man,Beorning,Free Peoples,medium,Warrior,Warrior,Battlemistress,high,,,,,female,high,,,,classified,race_term=Beorning | class_title=Battlemistress | who_class_group=Warrior | class_confidence=high,1,no
char_winzy,Winzy,player_0077,Winzy,Winzy [Oscar],Oscar,listed_same_player,accepted,medium,evidence_player_group_0077,,,,,,,,,,,,whois_winzy_1780917290,Man,Man,,Free Peoples,medium,,,,,,,,,,,,,,race_only,race_term=Man | base_class_unknown,1,no
char_wobbit,Wobbit,player_0157,Dorolff,Dorolff,,listed_same_player,accepted,medium,evidence_player_group_0157,,,,,,,,,,,,whois_wobbit_1780917296,Harfoot Priestess,Hobbit,Harfoot,Free Peoples,medium,Cleric,Cleric,Priestess,high,,,,,female,high,,,,classified,race_term=Harfoot | class_title=Priestess | who_class_group=Cleric | class_confidence=high,1,no
char_woe,Woe,player_0001,Rogon,Rogon,,listed_same_player,accepted,medium,evidence_player_group_0001,,,,,,,,,,,,whois_woe_1780917301,Tarkhnarb Rider,Orc,Tarkhnarb,Minions of Sauron,high,General,General,Rider,medium,90% Ride,,,,,,,,,classified,race_term=Tarkhnarb | class_title=Rider | who_class_group=General | class_confidence=medium | skill_notes=90% Ride,1,no
char_woitkah,Woitkah,player_0095,Haista,Haista,,listed_same_player,accepted,medium,evidence_player_group_0095,,,,,,,,,,,,,,,,,,,,,,,,,,,,,,,no_whois_classification,No classification row found,0,yes
char_woland,Woland,player_0195,Porien,Porien [Dmitry],Dmitry,listed_same_player,accepted,medium,evidence_player_group_0195,,,,,,,,,,,,whois_woland_1780810956,Black Númenórean,Man,Black Númenórean,Minions of Sauron,high,,,,,,,,,,,,,,race_only,race_term=Black Númenórean | base_class_unknown,1,no
char_wong,Wong,player_0064,Saeth,Saeth [Wojtek],Wojtek,listed_same_player,accepted,medium,evidence_player_group_0064,,,,,,,,,,,,whois_wong_1780917313,Silvan Hero,Elf,Silvan,Free Peoples,medium,General,General,Hero,medium,,,,,,,,,,classified,race_term=Silvan | class_title=Hero | who_class_group=General | class_confidence=medium,1,no
char_wow,Wow,player_0004,Wow,Wow,,listed_same_player,accepted,medium,evidence_player_group_0004,,retired,Maia,no,no,2026_06_16_retired_immortals,MUME retired immortal list,List current as of 2026-06-16,immortal_2026_06_16_retired_immortals_wow_291_listed_retired_immortal,candidate,Copied by Lewis. Includes Boardreaders and honorary True Legend entry for Norsu.,whois_wow_1780917318,Maia,Maia,,Immortals,high,Cartographer,Cartographer,Cartographer,high,,,,,,,Maia,M,Cartographer,immortal,immortal_term=Maia | race_term=Maia,2,no
char_wreth,Wreth,player_0049,Haazheel,Haazheel,,listed_same_player,accepted,medium,evidence_player_group_0049,,,,,,,,,,,,,,,,,,,,,,,,,,,,,,,no_whois_classification,No classification row found,0,yes
char_wroom,Wroom,player_0115,Marillion,Marillion,,listed_same_player,accepted,medium,evidence_player_group_0115,,,,,,,,,,,,,,,,,,,,,,,,,,,,,,,no_whois_classification,No classification row found,0,yes
char_wryak,Wryak,player_0065,Wryak,Wryak [Tapio],Tapio,listed_same_player,accepted,medium,evidence_player_group_0065,,retired,Boardreader,no,no,2026_06_16_retired_immortals,MUME retired immortal list,List current as of 2026-06-16,immortal_2026_06_16_retired_immortals_wryak_774_listed_retired_immortal,candidate,Copied by Lewis. Includes Boardreaders and honorary True Legend entry for Norsu.,whois_wryak_1780917335,Maia,Maia,,Immortals,high,,,,,,,,,,,Maia,M,,immortal,immortal_term=Maia | race_term=Maia,2,no
char_wryth,Wryth,player_0065,Wryak,Wryak [Tapio],Tapio,listed_same_player,accepted,medium,evidence_player_group_0065,,,,,,,,,,,,,,,,,,,,,,,,,,,,,,,no_whois_classification,No classification row found,0,yes
char_wucheria,Wucheria,player_0216,Grunge,Grunge,,listed_same_player,accepted,medium,evidence_player_group_0216,,,,,,,,,,,,whois_wucheria_1780917346,Troll,Troll,,Minions of Sauron,high,,,,,,,,,,,,,,race_only,race_term=Troll | base_class_unknown,1,no
char_wurzl,Wurzl,player_0156,Kogan,Kogan,,listed_same_player,accepted,medium,evidence_player_group_0156,,,,,,,,,,,,whois_wurzl_1780917352,Hobbit,Hobbit,,Free Peoples,medium,,,,,,,,,,,,,,race_only,race_term=Hobbit | base_class_unknown,1,no
char_wyzz,Wyzz,player_0001,Rogon,Rogon,,listed_same_player,accepted,medium,evidence_player_group_0001,,,,,,,,,,,,whois_wyzz_1780917358,Silvan Patriarch,Elf,Silvan,Free Peoples,medium,Cleric,Cleric,Patriarch,high,,,,,male,high,,,,classified,race_term=Silvan | class_title=Patriarch | who_class_group=Cleric | class_confidence=high,1,no
char_xagok,Xagok,player_0149,Miser,Miser,,listed_same_player,accepted,medium,evidence_player_group_0149,,,,,,,,,,,,whois_xágök_1780917363,Orkish Burglar,Orc,,Minions of Sauron,high,Thief,Thief,Burglar,low,,,,,,,,,,classified,race_term=Orkish | class_title=Burglar | who_class_group=Thief | class_confidence=low,1,no
char_xaltotun,Xaltotun,player_0049,Haazheel,Haazheel,,listed_same_player,accepted,medium,evidence_player_group_0049,,,,,,,,,,,,whois_xaltotun_1780917369,Tarkhnarb Champion,Orc,Tarkhnarb,Minions of Sauron,high,General,General,Champion,medium,,,,,,,,,,classified,race_term=Tarkhnarb | class_title=Champion | who_class_group=General | class_confidence=medium,1,no
char_xandahar,Xandahar,player_0096,Voile,Voile,,listed_same_player,accepted,medium,evidence_player_group_0096,,,,,,,,,,,,whois_xandahar_1780917375,Black Númenórean Rider,Man,Black Númenórean,Minions of Sauron,high,General,General,Rider,medium,90% Ride,,,,,,,,,classified,race_term=Black Númenórean | class_title=Rider | who_class_group=General | class_confidence=medium | skill_notes=90% Ride,1,no
char_xander,Xander,player_0096,Voile,Voile,,listed_same_player,accepted,medium,evidence_player_group_0096,,,,,,,,,,,,whois_xander_1780917380,Half-elven Sentry,Half-Elf,,Free Peoples,medium,,,,,,,,,,,,,,race_only,race_term=Half-elven | unmatched=Sentry | base_class_unknown,1,no
char_xatax,Xatax,player_0062,Auriane,Auriane [Bob],Bob,listed_same_player,accepted,medium,evidence_player_group_0062,,,,,,,,,,,,,,,,,,,,,,,,,,,,,,,no_whois_classification,No classification row found,0,yes
char_xel,Xel,player_0152,Celo,Celo,,listed_same_player,accepted,medium,evidence_player_group_0152,,,,,,,,,,,,,,,,,,,,,,,,,,,,,,,no_whois_classification,No classification row found,0,yes
char_xelloss,Xelloss,player_0139,Naga,Naga,,listed_same_player,accepted,medium,evidence_player_group_0139,,,,,,,,,,,,whois_xelloss_1780917397,Tarkhnarb Necromancer,Orc,Tarkhnarb,Minions of Sauron,high,Cleric,Cleric,Necromancer,high,,,,,,,,,,classified,race_term=Tarkhnarb | class_title=Necromancer | who_class_group=Cleric | class_confidence=high,1,no
char_xile,Xile,player_0092,Basha,Basha,,listed_same_player,accepted,medium,evidence_player_group_0092,,,,,,,,,,,,whois_xile_1780917403,Silvan Mountaineer,Elf,Silvan,Free Peoples,medium,General,General,Mountaineer,medium,100% Climb + 50% Leadership,,,,,,,,,classified,race_term=Silvan | class_title=Mountaineer | who_class_group=General | class_confidence=medium | skill_notes=100% Climb + 50% Leadership,1,no
char_xylo,Xylo,player_0062,Auriane,Auriane [Bob],Bob,listed_same_player,accepted,medium,evidence_player_group_0062,,,,,,,,,,,,,,,,,,,,,,,,,,,,,,,no_whois_classification,No classification row found,0,yes
char_yagara,Yagara,player_0135,Temegl,Temegl,,listed_same_player,accepted,medium,evidence_player_group_0135,,,,,,,,,,,,,,,,,,,,,,,,,,,,,,,no_whois_classification,No classification row found,0,yes
char_yanwe,Yanwe,player_0220,Strine,Strine,,listed_same_player,accepted,medium,evidence_player_group_0220,,,,,,,,,,,,whois_yanwe_1780917420,Woman,Man,,Free Peoples,medium,,,,,,,,,,,,,,race_only,race_term=Woman | base_class_unknown,1,no
char_ypsilon,Ypsilon,player_0048,Draggor,Draggor,,listed_same_player,accepted,medium,evidence_player_group_0048,,,,,,,,,,,,whois_ypsilon_1780917426,Noldorin Quickblade,Elf,Noldorin,Free Peoples,medium,Thief,Thief,Quickblade,high,,,,,,,,,,classified,race_term=Noldorin | class_title=Quickblade | who_class_group=Thief | class_confidence=high,1,no
char_ytinas,Ytinas,player_0148,Ytinas,Ytinas,,listed_same_player,accepted,medium,evidence_player_group_0148,,retired,Boardreader,no,no,2026_06_16_retired_immortals,MUME retired immortal list,List current as of 2026-06-16,immortal_2026_06_16_retired_immortals_ytinas_788_listed_retired_immortal,candidate,Copied by Lewis. Includes Boardreaders and honorary True Legend entry for Norsu.,whois_ytinas_1780917431,Maia,Maia,,Immortals,high,,,,,,,,,,,Maia,M,,immortal,immortal_term=Maia | race_term=Maia,2,no
char_zaber,Zaber,player_0010,Zaber,Zaber,,listed_same_player,accepted,medium,evidence_player_group_0010,,,,,,,,,,,,whois_zaber_1780917437,Half-elven Soldier,Half-Elf,,Free Peoples,medium,Warrior,Warrior,Soldier,high,,,,,,,,,,classified,race_term=Half-elven | class_title=Soldier | who_class_group=Warrior | class_confidence=high,1,no
char_zanetha,Zanetha,player_0129,Liliah,Liliah,,listed_same_player,accepted,medium,evidence_player_group_0129,,,,,,,,,,,,whois_zanetha_1780917442,Mountain Troll Warrior,Troll,Mountain Troll,Minions of Sauron,high,Warrior,Warrior,Warrior,medium,,,,,,,,,,classified,race_term=Mountain Troll | class_title=Warrior | who_class_group=Warrior | class_confidence=medium,1,no
char_zar,Zar,player_0178,Nagoroth,Nagoroth [Steve],Steve,listed_same_player,accepted,medium,evidence_player_group_0178,,,,,,,,,,,,whois_zar_1780917448,Harfoot Hunter,Hobbit,Harfoot,Free Peoples,medium,Thief,Thief,Hunter,medium,,,,,,,,,,classified,race_term=Harfoot | class_title=Hunter | who_class_group=Thief | class_confidence=medium,1,no
char_ze,Ze,player_0067,David,David [David],David,listed_same_player,accepted,medium,evidence_player_group_0067,,,,,,,,,,,,whois_zé_1780917454,Orc,Orc,,Minions of Sauron,high,,,,,,,,,,,,,,race_only,race_term=Orc | base_class_unknown,1,no
char_zed,Zed,player_0001,Rogon,Rogon,,listed_same_player,accepted,medium,evidence_player_group_0001,,,,,,,,,,,,whois_zed_1780917459,Cave Troll Warrior,Troll,Cave Troll,Minions of Sauron,high,Warrior,Warrior,Warrior,medium,,,,,,,,,,classified,race_term=Cave Troll | class_title=Warrior | who_class_group=Warrior | class_confidence=medium,1,no
char_zeddicus,Zeddicus,player_0201,Omen,Omen [Alexander],Alexander,listed_same_player,accepted,medium,evidence_player_group_0201,,,,,,,,,,,,whois_zeddicus_1780917466,Dwarven Hero,Dwarf,,Free Peoples,medium,General,General,Hero,medium,,,,,,,,,,classified,race_term=Dwarven | class_title=Hero | who_class_group=General | class_confidence=medium,1,no
char_zerabethulh,Zerabethulh,player_0067,David,David [David],David,listed_same_player,accepted,medium,evidence_player_group_0067,,,,,,,,,,,,whois_zerabethulh_1780917471,Orkish Veteran,Orc,,Minions of Sauron,high,Warrior,Warrior,Veteran,high,,,,,,,,,,classified,race_term=Orkish | class_title=Veteran | who_class_group=Warrior | class_confidence=high,1,no
char_zeroth,Zeroth,player_0041,Zeroth,Zeroth,,listed_same_player,accepted,medium,evidence_player_group_0041,,,,,,,,,,,,whois_zeroth_1780917477,Tarkhnarb Battlemaster,Orc,Tarkhnarb,Minions of Sauron,high,Warrior,Warrior,Battlemaster,high,,,,,,,,,,classified,race_term=Tarkhnarb | class_title=Battlemaster | who_class_group=Warrior | class_confidence=high,1,no
char_zeus,Zeus,player_0119,Zeus,Zeus,,listed_same_player,accepted,medium,evidence_player_group_0119,,retired,Boardreader,no,no,2026_06_16_retired_immortals,MUME retired immortal list,List current as of 2026-06-16,immortal_2026_06_16_retired_immortals_zeus_794_listed_retired_immortal,candidate,Copied by Lewis. Includes Boardreaders and honorary True Legend entry for Norsu.,whois_zeus_1780917483,Maia,Maia,,Immortals,high,,,,,,,,,,,Maia,M,,immortal,immortal_term=Maia | race_term=Maia,2,no
char_zevier,Zevier,player_0003,Burb,Burb,,listed_same_player,accepted,medium,evidence_player_group_0003,,,,,,,,,,,,whois_zevier_1780917488,Silvan Priestess,Elf,Silvan,Free Peoples,medium,Cleric,Cleric,Priestess,high,,,,,female,high,,,,classified,race_term=Silvan | class_title=Priestess | who_class_group=Cleric | class_confidence=high,1,no
char_zhagrat,Zhagrat,player_0042,Zhagrat,Zhagrat,,listed_same_player,accepted,medium,evidence_player_group_0042,,,,,,,,,,,,whois_zhagrat_1780917494,Tarkhnarb Shaman,Orc,Tarkhnarb,Minions of Sauron,high,Cleric,Cleric,Shaman,low,,,,,,,,,,classified,race_term=Tarkhnarb | class_title=Shaman | who_class_group=Cleric | class_confidence=low,1,no
char_zhorgas,Zhorgas,player_0146,Dorfl,Dorfl,,listed_same_player,accepted,medium,evidence_player_group_0146,,,,,,,,,,,,whois_zhorgas_1780917500,Orkish Scout,Orc,,Minions of Sauron,high,Thief,Thief,Scout,high,,,,,,,,,,classified,race_term=Orkish | class_title=Scout | who_class_group=Thief | class_confidence=high,1,no
char_zhuk,Zhuk,player_0198,Fisben,Fisben [Gleb],Gleb,listed_same_player,accepted,medium,evidence_player_group_0198,,,,,,,,,,,,whois_zhuk_1780917505,Orc,Orc,,Minions of Sauron,high,,,,,,,,,,,,,,race_only,race_term=Orc | base_class_unknown,1,no
char_zigrakh,Zigrakh,player_0035,Fankil,Fankil [Alexander],Alexander,listed_same_player,accepted,medium,evidence_player_group_0035,,,,,,,,,,,,whois_zigrakh_1780917511,Orkish Veteran,Orc,,Minions of Sauron,high,Warrior,Warrior,Veteran,high,,,,,,,,,,classified,race_term=Orkish | class_title=Veteran | who_class_group=Warrior | class_confidence=high,1,no
char_zigurakhor,Zigurakhor,player_0039,Drengist,Drengist,,listed_same_player,accepted,medium,evidence_player_group_0039,,,,,,,,,,,,whois_zigûrakhôr_1780917516,Black Númenórean,Man,Black Númenórean,Minions of Sauron,high,,,,,,,,,,,,,,race_only,race_term=Black Númenórean | base_class_unknown,1,no
char_zilkis,Zilkis,player_0181,Ancra,Ancra [Harry],Harry,listed_same_player,accepted,medium,evidence_player_group_0181,,,,,,,,,,,,,,,,,,,,,,,,,,,,,,,no_whois_classification,No classification row found,0,yes
char_zimar,Zimar,player_0067,David,David [David],David,listed_same_player,accepted,medium,evidence_player_group_0067,,,,,,,,,,,,whois_zimar_1780917528,Tarkhnarb Fighter,Orc,Tarkhnarb,Minions of Sauron,high,Warrior,Warrior,Fighter,low,,,,,,,,,,classified,race_term=Tarkhnarb | class_title=Fighter | who_class_group=Warrior | class_confidence=low,1,no
char_zimrathon,Zimrathon,player_0075,Bjorn,Bjorn [Bjorn],Bjorn,listed_same_player,accepted,medium,evidence_player_group_0075,,,,,,,,,,,,whois_zimrathôn_1780917533,Black Númenórean,Man,Black Númenórean,Minions of Sauron,high,,,,,,,,,,,,,,race_only,race_term=Black Númenórean | base_class_unknown,1,no
char_zina,Zina,player_0156,Kogan,Kogan,,listed_same_player,accepted,medium,evidence_player_group_0156,,,,,,,,,,,,whois_zina_1780917539,Dúnadan Priestess,Man,Dúnedain,Free Peoples,medium,Cleric,Cleric,Priestess,high,,,,,female,high,,,,classified,race_term=Dúnadan | class_title=Priestess | who_class_group=Cleric | class_confidence=high,1,no
char_zirand,Zirand,player_0021,Cormac,Cormac,,listed_same_player,accepted,medium,evidence_player_group_0021,,,,,,,,,,,,whois_zirand_1780917545,Man,Man,,Free Peoples,medium,,,,,,,,,,,,,,race_only,race_term=Man | base_class_unknown,1,no
char_zlababa,Zlababa,player_0021,Cormac,Cormac,,listed_same_player,accepted,medium,evidence_player_group_0021,,,,,,,,,,,,whois_zlababa_1780917550,Tarkhnarb Battlemaster,Orc,Tarkhnarb,Minions of Sauron,high,Warrior,Warrior,Battlemaster,high,,,,,,,,,,classified,race_term=Tarkhnarb | class_title=Battlemaster | who_class_group=Warrior | class_confidence=high,1,no
char_zlo,Zlo,player_0196,Zomb,Zomb [Andrjuha],Andrjuha,listed_same_player,accepted,medium,evidence_player_group_0196,,,,,,,,,,,,whois_zlo_1780917556,Troll,Troll,,Minions of Sauron,high,,,,,,,,,,,,,,race_only,race_term=Troll | base_class_unknown,1,no
char_zmej,Zmej,player_0197,Zmej,Zmej [Leha],Leha,listed_same_player,accepted,medium,evidence_player_group_0197,,,,,,,,,,,,whois_zmej_1780917561,Tarkhnarb Champion,Orc,Tarkhnarb,Minions of Sauron,high,General,General,Champion,medium,,,,,,,,,,classified,race_term=Tarkhnarb | class_title=Champion | who_class_group=General | class_confidence=medium,1,no
char_zocker,Zocker,player_0076,Bigger,Bigger [Jakob],Jakob,listed_same_player,accepted,medium,evidence_player_group_0076,,,,,,,,,,,,whois_zocker_1780917567,Black Númenórean,Man,Black Númenórean,Minions of Sauron,high,,,,,,,,,,,,,,race_only,race_term=Black Númenórean | base_class_unknown,1,no
char_zomb,Zomb,player_0196,Zomb,Zomb [Andrjuha],Andrjuha,listed_same_player,accepted,medium,evidence_player_group_0196,,,,,,,,,,,,whois_zomb_1780917573,your Papa Bodyguard is an Orc,Orc,,Minions of Sauron,high,Warrior,Warrior,Bodyguard,high,80% Rescue,,,,,,,,,classified,race_term=Orc | class_title=Bodyguard | who_class_group=Warrior | class_confidence=high | skill_notes=80% Rescue | unmatched=your Papa is an,1,no
char_zoone,Zoone,player_0220,Strine,Strine,,listed_same_player,accepted,medium,evidence_player_group_0220,,,,,,,,,,,,whois_zoone_1780917578,Sauron's gift to women is a level thirty-four Tarkhnarb Battlemaster,Orc,Tarkhnarb,Minions of Sauron,high,Warrior,Warrior,Battlemaster,high,,,,,,,,,,parser_suspect_or_custom_descriptor,race_term=Tarkhnarb | class_title=Battlemaster | who_class_group=Warrior | class_confidence=high | unmatched=Sauron's gift to women is a level thirty-four,1,yes
char_zopa,Zopa,player_0197,Zmej,Zmej [Leha],Leha,listed_same_player,accepted,medium,evidence_player_group_0197,,,,,,,,,,,,,,,,,,,,,,,,,,,,,,,no_whois_classification,No classification row found,0,yes
char_zorek,Zorek,player_0033,Ginlon,Ginlon,,listed_same_player,accepted,medium,evidence_player_group_0033,,,,,,,,,,,,whois_zorek_1780917590,Orc,Orc,,Minions of Sauron,high,,,,,,,,,,,,,,race_only,race_term=Orc | base_class_unknown,1,no
char_zorgmol,Zorgmol,player_0096,Voile,Voile,,listed_same_player,accepted,medium,evidence_player_group_0096,,,,,,,,,,,,whois_zorgmol_1780917595,Orc,Orc,,Minions of Sauron,high,,,,,,,,,,,,,,race_only,race_term=Orc | base_class_unknown,1,no
char_zorgoth,Zorgoth,player_0107,Ares,Ares,,listed_same_player,accepted,medium,evidence_player_group_0107,,,,,,,,,,,,whois_zorgoth_1780917601,Orc,Orc,,Minions of Sauron,high,,,,,,,,,,,,,,race_only,race_term=Orc | base_class_unknown,1,no
char_zorrak,Zorrak,player_0201,Omen,Omen [Alexander],Alexander,listed_same_player,accepted,medium,evidence_player_group_0201,,,,,,,,,,,,whois_zorrak_1780917607,Tarkhnarb Necromancer,Orc,Tarkhnarb,Minions of Sauron,high,Cleric,Cleric,Necromancer,high,,,,,,,,,,classified,race_term=Tarkhnarb | class_title=Necromancer | who_class_group=Cleric | class_confidence=high,1,no
char_zoser,Zoser,player_0219,Risca,Risca,,listed_same_player,accepted,medium,evidence_player_group_0219,,,,,,,,,,,,,,,,,,,,,,,,,,,,,,,no_whois_classification,No classification row found,0,yes
char_zroi,Zroi,player_0142,Ethar,Ethar,,listed_same_player,accepted,medium,evidence_player_group_0142,,,,,,,,,,,,whois_zrói_1780917618,Dwarf,Dwarf,,Free Peoples,medium,,,,,,,,,,,,,,race_only,race_term=Dwarf | base_class_unknown,1,no
char_zubr,Zubr,player_0081,Vassago,Vassago,,listed_same_player,accepted,medium,evidence_player_group_0081,,,,,,,,,,,,whois_zubr_1780917623,Dwarf,Dwarf,,Free Peoples,medium,,,,,,,,,,,,,,race_only,race_term=Dwarf | base_class_unknown,1,no
char_zug,Zug,player_0088,Bulldozer,Bulldozer,,listed_same_player,accepted,medium,evidence_player_group_0088,,,,,,,,,,,,whois_zug_1780917629,Orc,Orc,,Minions of Sauron,high,,,,,,,,,,,,,,race_only,race_term=Orc | base_class_unknown,1,no
char_zuljin,Zuljin,player_0036,Atlas,Atlas,,listed_same_player,accepted,medium,evidence_player_group_0036,,,,,,,,,,,,whois_zuljin_1780917635,Orc,Orc,,Minions of Sauron,high,,,,,,,,,,,,,,race_only,race_term=Orc | base_class_unknown,1,no
char_zygmud,Zygmud,player_0143,Djinn,Djinn,,listed_same_player,accepted,medium,evidence_player_group_0143,,,,,,,,,,,,whois_zygmud_1780917640,Black Númenórean,Man,Black Númenórean,Minions of Sauron,high,,,,,,,,,,,,,,race_only,race_term=Black Númenórean | base_class_unknown,1,no
char_tauno,Tauno,,,,,,,,,,,,,,,,,,,,whois_tauno_1780894014,Dwarven Ranger,Dwarf,,Free Peoples,medium,General,General,Ranger,medium,High Track; exact requirement uncertain and probably not 100%+,,,,,,,,,classified,race_term=Dwarven | class_title=Ranger | who_class_group=General | class_confidence=medium | skill_notes=High Track; exact requirement uncertain and probably not 100%+,1,no
char_gangee,Gangee,,,,,,,,,,,,,,,,,,,,whois_gangee_1780832781,Stoor Necromancer,Hobbit,Stoor,Free Peoples,medium,Cleric,Cleric,Necromancer,high,,,,,,,,,,classified,race_term=Stoor | class_title=Necromancer | who_class_group=Cleric | class_confidence=high,2,no
char_haphet,Haphet,,,,,,,,,,,,,,,,,,,,whois_haphet_1780961757,Mountain Troll Warrior,Troll,Mountain Troll,Minions of Sauron,high,Warrior,Warrior,Warrior,medium,,,,,,,,,,classified,race_term=Mountain Troll | class_title=Warrior | who_class_group=Warrior | class_confidence=medium,1,no
char_huor,Huor,,,,,,,,,,,,,,,,,,,,whois_huor_1780833817,Dúnadan Battlemaster,Man,Dúnedain,Free Peoples,medium,Warrior,Warrior,Battlemaster,high,,,,,,,,,,classified,race_term=Dúnadan | class_title=Battlemaster | who_class_group=Warrior | class_confidence=high,1,no
char_romaïn,Romaïn,,,,,,,,,,,,,,,,,,,,whois_romaïn_1780961762,Dwarven Axemaster,Dwarf,,Free Peoples,medium,Warrior,Warrior,Axemaster,high,100% cleaving weapons,,,,,,,,,classified,race_term=Dwarven | class_title=Axemaster | who_class_group=Warrior | class_confidence=high | skill_notes=100% cleaving weapons,1,no
char_akela,Akela,,,,,,,,,,,,,,,,,,,,whois_akela_1780832541,Dwarven Battlemaster,Dwarf,,Free Peoples,medium,Warrior,Warrior,Battlemaster,high,,,,,,,,,,classified,race_term=Dwarven | class_title=Battlemaster | who_class_group=Warrior | class_confidence=high,1,no
char_ainko,Ainko,,,,,,,,,,,,,,,,,,,,whois_ainko_1780880761,Broadbeam Adventurer,Dwarf,Broadbeam,Free Peoples,medium,General,General,Adventurer,medium,,,,,,,,,,classified,race_term=Broadbeam | class_title=Adventurer | who_class_group=General | class_confidence=medium,1,no
char_aeruscator,Aeruscator,,,,,,,,,,,,,,,,,,,,whois_aeruscator_1780832560,Half-elven Healer,Half-Elf,,Free Peoples,medium,Cleric,Cleric,Healer,high,,,,,,,,,,classified,race_term=Half-elven | class_title=Healer | who_class_group=Cleric | class_confidence=high,1,no
char_korn,Korn,,,,,,,,,,,,,,,,,,,,whois_korn_1780833752,Troll,Troll,,Minions of Sauron,high,,,,,,,,,,,,,,race_only,race_term=Troll | base_class_unknown,1,no
char_tuor,Tuor,,,,,,,,,,retired,Maia,no,no,2026_06_16_retired_immortals,MUME retired immortal list,List current as of 2026-06-16,immortal_2026_06_16_retired_immortals_tuor_286_listed_retired_immortal,candidate,Copied by Lewis. Includes Boardreaders and honorary True Legend entry for Norsu.,whois_tuor_1781606426,Maia,Maia,,Immortals,high,Cartographer,Cartographer,Cartographer,high,,,,,,,Maia,M,Cartographer,immortal,immortal_term=Maia | race_term=Maia,1,no
char_shydaë,Shydaë,,,,,,,,,,,,,,,,,,,,whois_shydaë_1780833957,Silvan Quickblade,Elf,Silvan,Free Peoples,medium,Thief,Thief,Quickblade,high,,,,,,,,,,classified,race_term=Silvan | class_title=Quickblade | who_class_group=Thief | class_confidence=high,1,no
char_maartje,Maartje,,,,,,,,,,,,,,,,,,,,whois_maartje_1780833943,Black Númenórean Rider,Man,Black Númenórean,Minions of Sauron,high,General,General,Rider,medium,90% Ride,,,,,,,,,classified,race_term=Black Númenórean | class_title=Rider | who_class_group=General | class_confidence=medium | skill_notes=90% Ride,1,no
char_gefe,Gefe,,,,,,,,,,retired,Maia,no,no,2026_06_16_retired_immortals,MUME retired immortal list,List current as of 2026-06-16,immortal_2026_06_16_retired_immortals_gefe_187_listed_retired_immortal,candidate,Copied by Lewis. Includes Boardreaders and honorary True Legend entry for Norsu.,whois_gefe_1781579960,Maia,Maia,,Immortals,high,Builder,Builder,Builder,high,,,,,,,Maia,M,Builder,immortal,immortal_term=Maia | race_term=Maia,1,no
char_agân,Agân,player_0079,Feon,Feon [Johan],Johan,listed_same_player,accepted,medium,evidence_player_group_0079,,,,,,,,,,,,whois_agân_1780899063,Tarkhnarb Shaman,Orc,Tarkhnarb,Minions of Sauron,high,Cleric,Cleric,Shaman,low,,,,,,,,,,classified,race_term=Tarkhnarb | class_title=Shaman | who_class_group=Cleric | class_confidence=low,1,no
char_alázar,Alázar,player_0201,Omen,Omen [Alexander],Alexander,listed_same_player,accepted,medium,evidence_player_group_0201,,,,,,,,,,,,whois_alázar_1780961774,Half-elven Patriarch,Half-Elf,,Free Peoples,medium,Cleric,Cleric,Patriarch,high,,,,,male,high,,,,classified,race_term=Half-elven | class_title=Patriarch | who_class_group=Cleric | class_confidence=high,1,no
char_anólad,Anólad,player_0034,Nazgum,Nazgum,,listed_same_player,accepted,medium,evidence_player_group_0034,,current,Maia,no,no,2026_06_16_current_immortals,MUME current immortal list,List current as of 2026-06-16,immortal_2026_06_16_current_immortals_anolad_56_listed_current_immortal,candidate,Copied by Lewis. (+m) means the immortal is also a Maiar Muddler / muddle code contributor.,whois_anólad_1781577555,discord bot is a Maia,Maia,,Immortals,high,Cartographer,Cartographer,Cartographer,high,,,,,,,Maia,M,Cartographer,immortal,immortal_term=Maia | race_term=Maia | unmatched=discord bot is a,1,no
char_amàrië,Amàrië,player_0046,Filibert,Filibert,,listed_same_player,accepted,medium,evidence_player_group_0046,,,,,,,,,,,,whois_amàrië_1780899309,Elf,Elf,,Free Peoples,medium,,,,,,,,,,,,,,race_only,race_term=Elf | base_class_unknown,1,no
char_amdír,Amdír,player_0058,Steele,Steele [Dan],Dan,listed_same_player,accepted,medium,evidence_player_group_0058,,,,,,,,,,,,whois_amdír_1780899320,Sindarin Hunter,Elf,Sindarin,Free Peoples,medium,Thief,Thief,Hunter,medium,,,,,,,,,,classified,race_term=Sindarin | class_title=Hunter | who_class_group=Thief | class_confidence=medium,1,no
char_anézka,Anézka,player_0180,Evandaar,Evandaar [Daniel],Daniel,listed_same_player,accepted,medium,evidence_player_group_0180,,,,,,,,,,,,whois_anézka_1780899369,Black Númenórean,Man,Black Númenórean,Minions of Sauron,high,,,,,,,,,,,,,,race_only,race_term=Black Númenórean | base_class_unknown,1,no
char_alwëon,Alwëon,player_0026,Alweon,Alweon,,listed_same_player,accepted,medium,evidence_player_group_0026,,,,,,,,,,,,whois_alwëon_1780899287,Noldorin Sage,Elf,Noldorin,Free Peoples,medium,Magic-user,Magic-user,Sage,high,,,,,,,,,,classified,race_term=Noldorin | class_title=Sage | who_class_group=Magic-user | class_confidence=high,1,no
char_alhádar,Alhádar,player_0038,Sabadon,Sabadon,,listed_same_player,accepted,medium,evidence_player_group_0038,,,,,,,,,,,,whois_alhádar_1780899248,Elf,Elf,,Free Peoples,medium,,,,,,,,,,,,,,race_only,race_term=Elf | base_class_unknown,1,no
char_aielë,Aielë,player_0188,Aiele,Aiele [Joel],Joel,listed_same_player,accepted,medium,evidence_player_group_0188,,retired,Maia,no,no,2026_06_16_retired_immortals,MUME retired immortal list,List current as of 2026-06-16,immortal_2026_06_16_retired_immortals_aiele_204_listed_retired_immortal,candidate,Copied by Lewis. Includes Boardreaders and honorary True Legend entry for Norsu.,whois_aielë_1781576683,Maia,Maia,,Immortals,high,Cartographer,Cartographer,Cartographer,high,,,,,,,Maia,M,Cartographer,immortal,immortal_term=Maia | race_term=Maia,1,no
char_feärendil,Feärendil,player_0205,Fearendil,Fearendil [Dmitry],Dmitry,listed_same_player,accepted,medium,evidence_player_group_0205,,,,,,,,,,,,whois_feärendil_1780908920,Noldorin Scout,Elf,Noldorin,Free Peoples,medium,Thief,Thief,Scout,high,,,,,,,,,,classified,race_term=Noldorin | class_title=Scout | who_class_group=Thief | class_confidence=high,1,no
char_tiá,Tiá,player_0059,Tia,Tia,,listed_same_player,accepted,medium,evidence_player_group_0059,,,,,,,,,,,,whois_tiá_1780916547,Dwarven Battlemistress,Dwarf,,Free Peoples,medium,Warrior,Warrior,Battlemistress,high,,,,,female,high,,,,classified,race_term=Dwarven | class_title=Battlemistress | who_class_group=Warrior | class_confidence=high,1,no
char_thezí,Thezí,player_0180,Evandaar,Evandaar [Daniel],Daniel,listed_same_player,accepted,medium,evidence_player_group_0180,,,,,,,,,,,,whois_thezí_1780916462,Orc,Orc,,Minions of Sauron,high,,,,,,,,,,,,,,race_only,race_term=Orc | base_class_unknown,1,no
char_väinämöinen,Väinämöinen,player_0032,Rashnak,Rashnak,,listed_same_player,accepted,medium,evidence_player_group_0032,,,,,,,,,,,,whois_väinämöinen_1780916964,Silvan Hero,Elf,Silvan,Free Peoples,medium,General,General,Hero,medium,,,,,,,,,,classified,race_term=Silvan | class_title=Hero | who_class_group=General | class_confidence=medium,1,no
char_baûrk,Baûrk,player_0110,Fredde,Fredde [Fredde],Fredde,listed_same_player,accepted,medium,evidence_player_group_0110,,,,,,,,,,,,whois_baûrk_1780902964,Tarkhnarb Rider,Orc,Tarkhnarb,Minions of Sauron,high,General,General,Rider,medium,90% Ride,,,,,,,,,classified,race_term=Tarkhnarb | class_title=Rider | who_class_group=General | class_confidence=medium | skill_notes=90% Ride,1,no
char_lótë,Lótë,player_0186,Hanr,Hanr,,listed_same_player,accepted,medium,evidence_player_group_0186,,,,,,,,,,,,whois_lótë_1780913019,Silvan Matriarch,Elf,Silvan,Free Peoples,medium,Cleric,Cleric,Matriarch,high,,,,,female,high,,,,classified,race_term=Silvan | class_title=Matriarch | who_class_group=Cleric | class_confidence=high,1,no
char_watár,Watár,player_0065,Wryak,Wryak [Tapio],Tapio,listed_same_player,accepted,medium,evidence_player_group_0065,,,,,,,,,,,,whois_watár_1780917246,Tarkhnarb Assassin,Orc,Tarkhnarb,Minions of Sauron,high,Thief,Thief,Assassin,high,,,,,,,,,,classified,race_term=Tarkhnarb | class_title=Assassin | who_class_group=Thief | class_confidence=high,1,no
char_válandar,Válandar,player_0180,Evandaar,Evandaar [Daniel],Daniel,listed_same_player,accepted,medium,evidence_player_group_0180,,,,,,,,,,,,whois_válandar_1780916981,Elf,Elf,,Free Peoples,medium,,,,,,,,,,,,,,race_only,race_term=Elf | base_class_unknown,1,no
char_ingwë,Ingwë,player_0046,Filibert,Filibert,,listed_same_player,accepted,medium,evidence_player_group_0046,,,,,,,,,,,,whois_ingwë_1780911965,Noldorin Battlemaster,Elf,Noldorin,Free Peoples,medium,Warrior,Warrior,Battlemaster,high,,,,,,,,,,classified,race_term=Noldorin | class_title=Battlemaster | who_class_group=Warrior | class_confidence=high,1,no
char_síroth,Síroth,player_0061,Siroth,Siroth,,listed_same_player,accepted,medium,evidence_player_group_0061,,,,,,,,,,,,whois_síroth_1780915854,Sindarin Hero,Elf,Sindarin,Free Peoples,medium,General,General,Hero,medium,,,,,,,,,,classified,race_term=Sindarin | class_title=Hero | who_class_group=General | class_confidence=medium,1,no
char_líng,Líng,player_0063,Ling,Ling,,listed_same_player,accepted,medium,evidence_player_group_0063,,retired,Boardreader,no,no,2026_06_16_retired_immortals,MUME retired immortal list,List current as of 2026-06-16,immortal_2026_06_16_retired_immortals_ling_573_listed_retired_immortal,candidate,Copied by Lewis. Includes Boardreaders and honorary True Legend entry for Norsu.,whois_líng_1781604524,Maia,Maia,,Immortals,high,,,,,,,,,,,Maia,M,,immortal,immortal_term=Maia | race_term=Maia,1,no
char_olórion,Olórion,player_0079,Feon,Feon [Johan],Johan,listed_same_player,accepted,medium,evidence_player_group_0079,,,,,,,,,,,,whois_olórion_1780914226,Sindarin Master Healer,Elf,Sindarin,Free Peoples,medium,Cleric,Cleric,Master Healer,high,,,,,,,,,,classified,race_term=Sindarin | class_title=Master Healer | who_class_group=Cleric | class_confidence=high,1,no
char_elenwë,Elenwë,player_0159,Beorel,Beorel,,listed_same_player,accepted,medium,evidence_player_group_0159,,,,,,,,,,,,whois_elenwë_1780908530,Elf,Elf,,Free Peoples,medium,,,,,,,,,,,,,,race_only,race_term=Elf | base_class_unknown,1,no
char_dûrlak,Dûrlak,player_0060,Amandil,Amandil,,listed_same_player,accepted,medium,evidence_player_group_0060,,,,,,,,,,,,whois_dûrlak_1780908320,Orc,Orc,,Minions of Sauron,high,,,,,,,,,,,,,,race_only,race_term=Orc | base_class_unknown,1,no
char_fëaran,Fëaran,player_0017,Alkar,Alkar,,listed_same_player,accepted,medium,evidence_player_group_0017,,,,,,,,,,,,whois_fëaran_1780908915,Elf,Elf,,Free Peoples,medium,,,,,,,,,,,,,,race_only,race_term=Elf | base_class_unknown,1,no
char_magíca,Magíca,player_0063,Ling,Ling,,listed_same_player,accepted,medium,evidence_player_group_0063,,,,,,,,,,,,whois_magíca_1780913143,Elf,Elf,,Free Peoples,medium,,,,,,,,,,,,,,race_only,race_term=Elf | base_class_unknown,1,no
char_vôld,Vôld,player_0188,Aiele,Aiele [Joel],Joel,listed_same_player,accepted,medium,evidence_player_group_0188,,,,,,,,,,,,whois_vôld_1780917155,Orkish Veteran,Orc,,Minions of Sauron,high,Warrior,Warrior,Veteran,high,,,,,,,,,,classified,race_term=Orkish | class_title=Veteran | who_class_group=Warrior | class_confidence=high,1,no
char_cilúrâs,Cilúrâs,player_0083,Goretongue,Goretongue [Jeremiah],Jeremiah,listed_same_player,accepted,medium,evidence_player_group_0083,,,,,,,,,,,,whois_cilúrâs_1780907641,Tarkhnarb Veteran,Orc,Tarkhnarb,Minions of Sauron,high,Warrior,Warrior,Veteran,high,,,,,,,,,,classified,race_term=Tarkhnarb | class_title=Veteran | who_class_group=Warrior | class_confidence=high,1,no
char_nimîr,Nimîr,player_0079,Feon,Feon [Johan],Johan,listed_same_player,accepted,medium,evidence_player_group_0079,,,,,,,,,,,,whois_nimîr_1780914068,Silvan Priest,Elf,Silvan,Free Peoples,medium,Cleric,Cleric,Priest,high,,,,,,,,,,classified,race_term=Silvan | class_title=Priest | who_class_group=Cleric | class_confidence=high,1,no
char_equínôxë,Equínôxë,player_0062,Auriane,Auriane [Bob],Bob,listed_same_player,accepted,medium,evidence_player_group_0062,,,,,,,,,,,,whois_equínôxë_1780908678,Orkish Battlemistress,Orc,,Minions of Sauron,high,Warrior,Warrior,Battlemistress,high,,,,,female,high,,,,classified,race_term=Orkish | class_title=Battlemistress | who_class_group=Warrior | class_confidence=high,1,no
char_warzûr,Warzûr,player_0029,Faint,Faint,,listed_same_player,accepted,medium,evidence_player_group_0029,,,,,,,,,,,,whois_warzûr_1780917240,Tarkhnarb Battlemaster,Orc,Tarkhnarb,Minions of Sauron,high,Warrior,Warrior,Battlemaster,high,,,,,,,,,,classified,race_term=Tarkhnarb | class_title=Battlemaster | who_class_group=Warrior | class_confidence=high,1,no
char_fingéror,Fingéror,player_0008,Fingeror,Fingeror [Jocke],Jocke,listed_same_player,accepted,medium,evidence_player_group_0008,,,,,,,,,,,,whois_fingéror_1780909014,Sindarin Hero,Elf,Sindarin,Free Peoples,medium,General,General,Hero,medium,,,,,,,,,,classified,race_term=Sindarin | class_title=Hero | who_class_group=General | class_confidence=medium,1,no
char_brâddóck,Brâddóck,player_0057,Kenzu,Kenzu,,listed_same_player,accepted,medium,evidence_player_group_0057,,,,,,,,,,,,whois_brâddóck_1780907216,Tarkhnarb Rider,Orc,Tarkhnarb,Minions of Sauron,high,General,General,Rider,medium,90% Ride,,,,,,,,,classified,race_term=Tarkhnarb | class_title=Rider | who_class_group=General | class_confidence=medium | skill_notes=90% Ride,2,no
char_jätte,Jätte,player_0071,Marre,Marre [Martin],Martin,listed_same_player,accepted,medium,evidence_player_group_0071,,,,,,,,,,,,whois_jätte_1780912121,Cave Troll Adventurer,Troll,Cave Troll,Minions of Sauron,high,General,General,Adventurer,medium,,,,,,,,,,classified,race_term=Cave Troll | class_title=Adventurer | who_class_group=General | class_confidence=medium,1,no
char_shaïgan,Shaïgan,player_0024,Decoy,Decoy [Peter],Peter,listed_same_player,accepted,medium,evidence_player_group_0024,,,,,,,,,,,,whois_shaïgan_1780915673,Dwarf,Dwarf,,Free Peoples,medium,,,,,,,,,,,,,,race_only,race_term=Dwarf | base_class_unknown,1,no
char_eärnur,Eärnur,player_0018,Feanor,Feanor,,listed_same_player,accepted,medium,evidence_player_group_0018,,,,,,,,,,,,whois_eärnur_1780908370,Black Númenórean,Man,Black Númenórean,Minions of Sauron,high,,,,,,,,,,,,,,race_only,race_term=Black Númenórean | base_class_unknown,1,no
char_líëf,Líëf,player_0057,Kenzu,Kenzu,,listed_same_player,accepted,medium,evidence_player_group_0057,,,,,,,,,,,,whois_líëf_1780912894,Dwarf,Dwarf,,Free Peoples,medium,,,,,,,,,,,,,,race_only,race_term=Dwarf | base_class_unknown,1,no
char_röhik,Röhik,player_0211,Rohic,Rohic [Rohik],Rohik,listed_same_player,accepted,medium,evidence_player_group_0211,,,,,,,,,,,,whois_röhik_1780915351,Hobbit,Hobbit,,Free Peoples,medium,,,,,,,,,,,,,,race_only,race_term=Hobbit | base_class_unknown,1,no
char_dugmôk,Dugmôk,player_0012,Axel,Axel [Axel],Axel,listed_same_player,accepted,medium,evidence_player_group_0012,,,,,,,,,,,,whois_dugmôk_1780908287,Tarkhnarb Necromancer,Orc,Tarkhnarb,Minions of Sauron,high,Cleric,Cleric,Necromancer,high,,,,,,,,,,classified,race_term=Tarkhnarb | class_title=Necromancer | who_class_group=Cleric | class_confidence=high,1,no
char_lâirâthim,Lâirâthim,player_0108,Toe,Toe,,listed_same_player,accepted,medium,evidence_player_group_0108,,,,,,,,,,,,whois_lâirâthim_1780912743,Black Númenórean,Man,Black Númenórean,Minions of Sauron,high,,,,,,,,,,,,,,race_only,race_term=Black Númenórean | base_class_unknown,1,no
char_rìsca,Rìsca,player_0219,Risca,Risca,,listed_same_player,accepted,medium,evidence_player_group_0219,,,,,,,,,,,,whois_rìsca_1780915294,Dúnadan Hero,Man,Dúnedain,Free Peoples,medium,General,General,Hero,medium,,,,,,,,,,classified,race_term=Dúnadan | class_title=Hero | who_class_group=General | class_confidence=medium,1,no
char_nûri,Nûri,player_0192,Moonshade,Moonshade [Alex],Alex,listed_same_player,accepted,medium,evidence_player_group_0192,,,,,,,,,,,,whois_nûri_1780914135,Dwarf,Dwarf,,Free Peoples,medium,,,,,,,,,,,,,,race_only,race_term=Dwarf | base_class_unknown,1,no
char_uzbâd,Uzbâd,player_0131,Feagil,Feagil,,listed_same_player,accepted,medium,evidence_player_group_0131,,,,,,,,,,,,whois_uzbâd_1780916942,Dwarf,Dwarf,,Free Peoples,medium,,,,,,,,,,,,,,race_only,race_term=Dwarf | base_class_unknown,1,no
char_ëárand,Ëárand,player_0057,Kenzu,Kenzu,,listed_same_player,accepted,medium,evidence_player_group_0057,,,,,,,,,,,,whois_ëárand_1780908364,Half-Elf,Half-Elf,,Free Peoples,medium,,,,,,,,,,,,,,race_only,race_term=Half-Elf | base_class_unknown,2,no
char_xágök,Xágök,player_0149,Miser,Miser,,listed_same_player,accepted,medium,evidence_player_group_0149,,,,,,,,,,,,whois_xágök_1780917363,Orkish Burglar,Orc,,Minions of Sauron,high,Thief,Thief,Burglar,low,,,,,,,,,,classified,race_term=Orkish | class_title=Burglar | who_class_group=Thief | class_confidence=low,1,no
char_fëagil,Fëagil,player_0131,Feagil,Feagil,,listed_same_player,accepted,medium,evidence_player_group_0131,,retired,Maia,no,no,2026_06_16_retired_immortals,MUME retired immortal list,List current as of 2026-06-16,immortal_2026_06_16_retired_immortals_feagil_235_listed_retired_immortal,candidate,Copied by Lewis. Includes Boardreaders and honorary True Legend entry for Norsu.,whois_fëagil_1781579893,Maia,Maia,,Immortals,high,Cartographer,Cartographer,Cartographer,high,,,,,,,Maia,M,Cartographer,immortal,immortal_term=Maia | race_term=Maia,1,no
char_zigûrakhôr,Zigûrakhôr,player_0039,Drengist,Drengist,,listed_same_player,accepted,medium,evidence_player_group_0039,,,,,,,,,,,,whois_zigûrakhôr_1780917516,Black Númenórean,Man,Black Númenórean,Minions of Sauron,high,,,,,,,,,,,,,,race_only,race_term=Black Númenórean | base_class_unknown,1,no
char_bómir,Bómir,player_0026,Alweon,Alweon,,listed_same_player,accepted,medium,evidence_player_group_0026,,,,,,,,,,,,whois_bómir_1780907150,Rohirric Hero,Man,Rohirrim,Free Peoples,medium,General,General,Hero,medium,,,,,,,,,,classified,race_term=Rohirric | class_title=Hero | who_class_group=General | class_confidence=medium,1,no
char_mâlak,Mâlak,player_0026,Alweon,Alweon,,listed_same_player,accepted,medium,evidence_player_group_0026,,,,,,,,,,,,whois_mâlak_1780913171,Orc,Orc,,Minions of Sauron,high,,,,,,,,,,,,,,race_only,race_term=Orc | base_class_unknown,1,no
char_chelíos,Chelíos,player_0038,Sabadon,Sabadon,,listed_same_player,accepted,medium,evidence_player_group_0038,,,,,,,,,,,,whois_chelíos_1780907597,Elf,Elf,,Free Peoples,medium,,,,,,,,,,,,,,race_only,race_term=Elf | base_class_unknown,1,no
char_chógâll,Chógâll,player_0036,Atlas,Atlas,,listed_same_player,accepted,medium,evidence_player_group_0036,,,,,,,,,,,,whois_chógâll_1780907625,Tarkhnarb Shaman,Orc,Tarkhnarb,Minions of Sauron,high,Cleric,Cleric,Shaman,low,,,,,,,,,,classified,race_term=Tarkhnarb | class_title=Shaman | who_class_group=Cleric | class_confidence=low,1,no
char_thróin,Thróin,player_0058,Steele,Steele [Dan],Dan,listed_same_player,accepted,medium,evidence_player_group_0058,,,,,,,,,,,,whois_thróin_1780916524,Dwarven Battlemaster,Dwarf,,Free Peoples,medium,Warrior,Warrior,Battlemaster,high,,,,,,,,,,classified,race_term=Dwarven | class_title=Battlemaster | who_class_group=Warrior | class_confidence=high,1,no
char_râin,Râin,player_0085,Daevia,Daevia,,listed_same_player,accepted,medium,evidence_player_group_0085,,,,,,,,,,,,whois_râin_1780915011,Half-elven Hero,Half-Elf,,Free Peoples,medium,General,General,Hero,medium,,,,,,,,,,classified,race_term=Half-elven | class_title=Hero | who_class_group=General | class_confidence=medium,1,no
char_shathûr,Shathûr,player_0036,Atlas,Atlas,,listed_same_player,accepted,medium,evidence_player_group_0036,,,,,,,,,,,,whois_shathûr_1780915735,Dwarven Weaponsmaster,Dwarf,,Free Peoples,medium,Warrior,Warrior,Weaponsmaster,high,Unknown percent in at least two weapon skills,,,,,,,,,classified,race_term=Dwarven | class_title=Weaponsmaster | who_class_group=Warrior | class_confidence=high | skill_notes=Unknown percent in at least two weapon skills,1,no
char_héróld,Héróld,player_0006,Chavez,Chavez,,listed_same_player,accepted,medium,evidence_player_group_0006,,,,,,,,,,,,whois_héróld_1780911713,Rohirric Patriarch,Man,Rohirrim,Free Peoples,medium,Cleric,Cleric,Patriarch,high,,,,,male,high,,,,classified,race_term=Rohirric | class_title=Patriarch | who_class_group=Cleric | class_confidence=high,1,no
char_imrazôr,Imrazôr,player_0038,Sabadon,Sabadon,,listed_same_player,accepted,medium,evidence_player_group_0038,,,,,,,,,,,,whois_imrazôr_1780911948,Black Númenórean,Man,Black Númenórean,Minions of Sauron,high,,,,,,,,,,,,,,race_only,race_term=Black Númenórean | base_class_unknown,1,no
char_féagwath,Féagwath,player_0036,Atlas,Atlas,,listed_same_player,accepted,medium,evidence_player_group_0036,,,,,,,,,,,,whois_féagwath_1780908898,Black Númenórean,Man,Black Númenórean,Minions of Sauron,high,,,,,,,,,,,,,,race_only,race_term=Black Númenórean | base_class_unknown,1,no
char_lenwë,Lenwë,player_0045,Rza,Rza,,listed_same_player,accepted,medium,evidence_player_group_0045,,,,,,,,,,,,whois_lenwë_1780912866,Noldorin Wizard,Elf,Noldorin,Free Peoples,medium,Magic-user,Magic-user,Wizard,high,,,,,,,,,,classified,race_term=Noldorin | class_title=Wizard | who_class_group=Magic-user | class_confidence=high,1,no
char_néziel,Néziel,player_0043,Lehto,Lehto,,listed_same_player,accepted,medium,evidence_player_group_0043,,,,,,,,,,,,whois_néziel_1780914028,Tarkhnarb Murderess,Orc,Tarkhnarb,Minions of Sauron,high,Thief,Thief,Murderess,medium,,,,,female,high,,,,classified,race_term=Tarkhnarb | class_title=Murderess | who_class_group=Thief | class_confidence=medium,1,no
char_flói,Flói,player_0107,Ares,Ares,,listed_same_player,accepted,medium,evidence_player_group_0107,,,,,,,,,,,,whois_flói_1780909041,Longbeard Hero,Dwarf,Longbeard,Free Peoples,medium,General,General,Hero,medium,,,,,,,,,,classified,race_term=Longbeard | class_title=Hero | who_class_group=General | class_confidence=medium,1,no
char_fëagor,Fëagor,player_0007,Diamonium,Diamonium,,listed_same_player,accepted,medium,evidence_player_group_0007,,,,,,,,,,,,whois_fëagor_1780908893,Half-Elf,Half-Elf,,Free Peoples,medium,,,,,,,,,,,,,,race_only,race_term=Half-Elf | base_class_unknown,1,no
char_thrór,Thrór,player_0107,Ares,Ares,,listed_same_player,accepted,medium,evidence_player_group_0107,,,,,,,,,,,,whois_thrór_1780916535,Longbeard Hero,Dwarf,Longbeard,Free Peoples,medium,General,General,Hero,medium,,,,,,,,,,classified,race_term=Longbeard | class_title=Hero | who_class_group=General | class_confidence=medium,1,no
char_rhômbuc,Rhômbuc,player_0012,Axel,Axel [Axel],Axel,listed_same_player,accepted,medium,evidence_player_group_0012,,,,,,,,,,,,whois_rhômbuc_1780915242,Orc,Orc,,Minions of Sauron,high,,,,,,,,,,,,,,race_only,race_term=Orc | base_class_unknown,1,no
char_seríon,Seríon,player_0037,Bobbie,Bobbie,,listed_same_player,accepted,medium,evidence_player_group_0037,,,,,,,,,,,,whois_seríon_1780915628,Elf,Elf,,Free Peoples,medium,,,,,,,,,,,,,,race_only,race_term=Elf | base_class_unknown,1,no
char_zé,Zé,player_0067,David,David [David],David,listed_same_player,accepted,medium,evidence_player_group_0067,,,,,,,,,,,,whois_zé_1780917454,Orc,Orc,,Minions of Sauron,high,,,,,,,,,,,,,,race_only,race_term=Orc | base_class_unknown,1,no
char_dône,Dône,player_0113,Nardhal,Nardhal,,listed_same_player,accepted,medium,evidence_player_group_0113,,,,,,,,,,,,whois_dône_1781052285,Dwarf,Dwarf,,Free Peoples,medium,,,,,,,,,,,,,,race_only,race_term=Dwarf | base_class_unknown,1,no
char_bêlzagar,Bêlzagar,player_0030,Manatark,Manatark [Kaido],Kaido,listed_same_player,accepted,medium,evidence_player_group_0030,,,,,,,,,,,,whois_bêlzagar_1780903025,Black Númenórean Envoy,Man,Black Númenórean,Minions of Sauron,high,General,General,Envoy,medium,,,,,,,,,,classified,race_term=Black Númenórean | class_title=Envoy | who_class_group=General | class_confidence=medium,1,no
char_drägg,Drägg,player_0103,Edvard,Edvard [Aron],Aron,listed_same_player,accepted,medium,evidence_player_group_0103,,,,,,,,,,,,whois_drägg_1780908149,Dwarven Weaponsmaster,Dwarf,,Free Peoples,medium,Warrior,Warrior,Weaponsmaster,high,Unknown percent in at least two weapon skills,,,,,,,,,classified,race_term=Dwarven | class_title=Weaponsmaster | who_class_group=Warrior | class_confidence=high | skill_notes=Unknown percent in at least two weapon skills,1,no
char_röhic,Röhic,player_0211,Rohic,Rohic [Rohik],Rohik,listed_same_player,accepted,medium,evidence_player_group_0211,,retired,Boardreader,no,no,2026_06_16_retired_immortals,MUME retired immortal list,List current as of 2026-06-16,immortal_2026_06_16_retired_immortals_rohic_680_listed_retired_immortal,candidate,Copied by Lewis. Includes Boardreaders and honorary True Legend entry for Norsu.,whois_röhic_1781605700,Maia,Maia,,Immortals,high,,,,,,,,,,,Maia,M,,immortal,immortal_term=Maia | race_term=Maia,1,no
char_gilmándir,Gilmándir,player_0137,Tear,Tear,,listed_same_player,accepted,medium,evidence_player_group_0137,,,,,,,,,,,,whois_gilmándir_1780909308,Elf,Elf,,Free Peoples,medium,,,,,,,,,,,,,,race_only,race_term=Elf | base_class_unknown,1,no
char_ôstu,Ôstu,player_0192,Moonshade,Moonshade [Alex],Alex,listed_same_player,accepted,medium,evidence_player_group_0192,,,,,,,,,,,,whois_ôstu_1780914311,Elf,Elf,,Free Peoples,medium,,,,,,,,,,,,,,race_only,race_term=Elf | base_class_unknown,1,no
char_kostêj,Kostêj,player_0019,Luke,Luke,,listed_same_player,accepted,medium,evidence_player_group_0019,,,,,,,,,,,,whois_kostêj_1780912625,Tarkhnarb Assassin,Orc,Tarkhnarb,Minions of Sauron,high,Thief,Thief,Assassin,high,,,,,,,,,,classified,race_term=Tarkhnarb | class_title=Assassin | who_class_group=Thief | class_confidence=high,1,no
char_légion,Légion,player_0036,Atlas,Atlas,,listed_same_player,accepted,medium,evidence_player_group_0036,,,,,,,,,,,,whois_légion_1780912849,Noldorin Hero,Elf,Noldorin,Free Peoples,medium,General,General,Hero,medium,,,,,,,,,,classified,race_term=Noldorin | class_title=Hero | who_class_group=General | class_confidence=medium,1,no
char_curufinwë,Curufinwë,player_0131,Feagil,Feagil,,listed_same_player,accepted,medium,evidence_player_group_0131,,,,,,,,,,,,whois_curufinwë_1780907735,Elf,Elf,,Free Peoples,medium,,,,,,,,,,,,,,race_only,race_term=Elf | base_class_unknown,1,no
char_téar,Téar,player_0137,Tear,Tear,,listed_same_player,accepted,medium,evidence_player_group_0137,,,,,,,,,,,,whois_téar_1780916333,Dwarf,Dwarf,,Free Peoples,medium,,,,,,,,,,,,,,race_only,race_term=Dwarf | base_class_unknown,1,no
char_námo,Námo,player_0016,Namo,Namo,,listed_same_player,accepted,medium,evidence_player_group_0016,,retired,Aratar,no,no,2026_06_16_retired_immortals,MUME retired immortal list,List current as of 2026-06-16,immortal_2026_06_16_retired_immortals_namo_7_listed_retired_immortal,candidate,Copied by Lewis. Includes Boardreaders and honorary True Legend entry for Norsu.,whois_námo_1781605165,"Vala, one of the Aratar",Vala,,Immortals,high,,,,,,,,,,,Arata,A,,immortal,immortal_term=one of the Aratar | race_term=Vala,1,no
char_tower,Tower,,,,,,,,,,,,,,,,,,,,whois_tower_1780961779,Beorning Hero,Man,Beorning,Free Peoples,medium,General,General,Hero,medium,,,,,,,,,,classified,race_term=Beorning | class_title=Hero | who_class_group=General | class_confidence=medium,1,no
char_rästik,Rästik,player_0048,Draggor,Draggor,,listed_same_player,accepted,medium,evidence_player_group_0048,,,,,,,,,,,,whois_rästik_1780915089,Silvan Scout,Elf,Silvan,Free Peoples,medium,Thief,Thief,Scout,high,,,,,,,,,,classified,race_term=Silvan | class_title=Scout | who_class_group=Thief | class_confidence=high,1,no
char_björn,Björn,player_0075,Bjorn,Bjorn [Bjorn],Bjorn,listed_same_player,accepted,medium,evidence_player_group_0075,,current,Maia,no,no,2026_06_16_current_immortals,MUME current immortal list,List current as of 2026-06-16,immortal_2026_06_16_current_immortals_bjorn_50_listed_current_immortal,candidate,Copied by Lewis. (+m) means the immortal is also a Maiar Muddler / muddle code contributor.,whois_björn_1780903141,Maia,Maia,,Immortals,high,Builder,Builder,Builder,high,,,,,,,Maia,M,Builder,immortal,immortal_term=Maia | race_term=Maia,1,no
char_uldrâk,Uldrâk,player_0061,Siroth,Siroth,,listed_same_player,accepted,medium,evidence_player_group_0061,,,,,,,,,,,,whois_uldrâk_1780916868,Tarkhnarb Battlemaster,Orc,Tarkhnarb,Minions of Sauron,high,Warrior,Warrior,Battlemaster,high,,,,,,,,,,classified,race_term=Tarkhnarb | class_title=Battlemaster | who_class_group=Warrior | class_confidence=high,1,no
char_dragóth,Dragóth,player_0024,Decoy,Decoy [Peter],Peter,listed_same_player,accepted,medium,evidence_player_group_0024,,,,,,,,,,,,whois_dragóth_1780908182,Tarkhnarb Veteran,Orc,Tarkhnarb,Minions of Sauron,high,Warrior,Warrior,Veteran,high,,,,,,,,,,classified,race_term=Tarkhnarb | class_title=Veteran | who_class_group=Warrior | class_confidence=high,1,no
char_bladorfat,Bladorfat,,,,,,,,,,current,Maia,no,no,2026_06_16_current_immortals,MUME current immortal list,List current as of 2026-06-16,immortal_2026_06_16_current_immortals_bladorfat_61_listed_current_immortal,candidate,Copied by Lewis. (+m) means the immortal is also a Maiar Muddler / muddle code contributor.,whois_bladorfat_1781577975,Maia,Maia,,Immortals,high,Cartographer,Cartographer,Cartographer,high,,,,,,,Maia,M,Cartographer,immortal,immortal_term=Maia | race_term=Maia,1,no
char_kötta,Kötta,player_0110,Fredde,Fredde [Fredde],Fredde,listed_same_player,accepted,medium,evidence_player_group_0110,,,,,,,,,,,,whois_kötta_1780912631,Troll,Troll,,Minions of Sauron,high,,,,,,,,,,,,,,race_only,race_term=Troll | base_class_unknown,1,no
char_bëogul,Bëogul,player_0134,Chauncey,Chauncey,,listed_same_player,accepted,medium,evidence_player_group_0134,,,,,,,,,,,,whois_bëogul_1780903036,Beorning Warrior,Man,Beorning,Free Peoples,medium,Warrior,Warrior,Warrior,medium,,,,,,,,,,classified,race_term=Beorning | class_title=Warrior | who_class_group=Warrior | class_confidence=medium,1,no
char_zimrathôn,Zimrathôn,player_0075,Bjorn,Bjorn [Bjorn],Bjorn,listed_same_player,accepted,medium,evidence_player_group_0075,,,,,,,,,,,,whois_zimrathôn_1780917533,Black Númenórean,Man,Black Númenórean,Minions of Sauron,high,,,,,,,,,,,,,,race_only,race_term=Black Númenórean | base_class_unknown,1,no
char_ochrâ,Ochrâ,player_0129,Liliah,Liliah,,listed_same_player,accepted,medium,evidence_player_group_0129,,,,,,,,,,,,whois_ochrâ_1780914164,Orc,Orc,,Minions of Sauron,high,,,,,,,,,,,,,,race_only,race_term=Orc | base_class_unknown,1,no
char_hälas,Hälas,player_0158,Ainafea,Ainafea,,listed_same_player,accepted,medium,evidence_player_group_0158,,,,,,,,,,,,whois_hälas_1780909748,Elf,Elf,,Free Peoples,medium,,,,,,,,,,,,,,race_only,race_term=Elf | base_class_unknown,1,no
char_celórfilas,Celórfilas,player_0098,Dragor,Dragor,,listed_same_player,accepted,medium,evidence_player_group_0098,,,,,,,,,,,,whois_celórfilas_1780907526,Noldorin Hero,Elf,Noldorin,Free Peoples,medium,General,General,Hero,medium,,,,,,,,,,classified,race_term=Noldorin | class_title=Hero | who_class_group=General | class_confidence=medium,1,no
char_bök,Bök,player_0144,Jones,Jones,,listed_same_player,accepted,medium,evidence_player_group_0144,,,,,,,,,,,,whois_bök_1780907145,Firebeard Hero,Dwarf,Firebeard,Free Peoples,medium,General,General,Hero,medium,,,,,,,,,,classified,race_term=Firebeard | class_title=Hero | who_class_group=General | class_confidence=medium,1,no
char_camân,Camân,player_0051,Alantir,Alantir,,listed_same_player,accepted,medium,evidence_player_group_0051,,,,,,,,,,,,whois_camân_1780907443,Elf,Elf,,Free Peoples,medium,,,,,,,,,,,,,,race_only,race_term=Elf | base_class_unknown,1,no
char_vanimeldë,Vanimeldë,player_0035,Fankil,Fankil [Alexander],Alexander,listed_same_player,accepted,medium,evidence_player_group_0035,,,,,,,,,,,,whois_vanimeldë_1780917037,Black Númenórean,Man,Black Númenórean,Minions of Sauron,high,,,,,,,,,,,,,,race_only,race_term=Black Númenórean | base_class_unknown,1,no
char_khím,Khím,player_0035,Fankil,Fankil [Alexander],Alexander,listed_same_player,accepted,medium,evidence_player_group_0035,,,,,,,,,,,,whois_khím_1780912474,Dwarven Hero,Dwarf,,Free Peoples,medium,General,General,Hero,medium,,,,,,,,,,classified,race_term=Dwarven | class_title=Hero | who_class_group=General | class_confidence=medium,1,no
char_gròk,Gròk,player_0058,Steele,Steele [Dan],Dan,listed_same_player,accepted,medium,evidence_player_group_0058,,,,,,,,,,,,whois_gròk_1780909597,Dwarven Bodyguard,Dwarf,,Free Peoples,medium,Warrior,Warrior,Bodyguard,high,80% Rescue,,,,,,,,,classified,race_term=Dwarven | class_title=Bodyguard | who_class_group=Warrior | class_confidence=high | skill_notes=80% Rescue,1,no
char_déor,Déor,player_0054,Deor,Deor,,listed_same_player,accepted,medium,evidence_player_group_0054,,retired,Vala,no,no,2026_06_16_retired_immortals,MUME retired immortal list,List current as of 2026-06-16,immortal_2026_06_16_retired_immortals_deor_47_listed_retired_immortal,candidate,Copied by Lewis. Includes Boardreaders and honorary True Legend entry for Norsu.,whois_déor_1781579029,Vala,Vala,,Immortals,high,Architect,Architect,Architect,high,,,,,,,Vala,V,Architect,immortal,immortal_term=Vala | race_term=Vala,1,no
char_nazgúm,Nazgúm,player_0034,Nazgum,Nazgum,,listed_same_player,accepted,medium,evidence_player_group_0034,,,,,,,,,,,,whois_nazgúm_1780913977,Tarkhnarb Champion,Orc,Tarkhnarb,Minions of Sauron,high,General,General,Champion,medium,,,,,,,,,,classified,race_term=Tarkhnarb | class_title=Champion | who_class_group=General | class_confidence=medium,1,no
char_mìyáhk,Mìyáhk,player_0176,Beltira,Beltira [Erik],Erik,listed_same_player,accepted,medium,evidence_player_group_0176,,,,,,,,,,,,whois_mìyáhk_1780913508,Dwarven Warden,Dwarf,,Free Peoples,medium,Warrior,Warrior,Warden,high,75% Bash,,,,,,,,,classified,race_term=Dwarven | class_title=Warden | who_class_group=Warrior | class_confidence=high | skill_notes=75% Bash,1,no
char_jopónen,Jopónen,player_0071,Marre,Marre [Martin],Martin,listed_same_player,accepted,medium,evidence_player_group_0071,,,,,,,,,,,,whois_jopónen_1780912227,Black Númenórean,Man,Black Númenórean,Minions of Sauron,high,,,,,,,,,,,,,,race_only,race_term=Black Númenórean | base_class_unknown,1,no
char_náin,Náin,player_0014,Gothmog,Gothmog [Petter],Petter,listed_same_player,accepted,medium,evidence_player_group_0014,,,,,,,,,,,,whois_náin_1780913863,Dwarf,Dwarf,,Free Peoples,medium,,,,,,,,,,,,,,race_only,race_term=Dwarf | base_class_unknown,1,no
char_nazghûl,Nazghûl,player_0022,Moonparent,Moonparent [David],David,listed_same_player,accepted,medium,evidence_player_group_0022,,,,,,,,,,,,whois_nazghûl_1780913966,Orc,Orc,,Minions of Sauron,high,,,,,,,,,,,,,,race_only,race_term=Orc | base_class_unknown,1,no
char_elenrìl,Elenrìl,player_0172,Agattax,Agattax [Robin],Robin,listed_same_player,accepted,medium,evidence_player_group_0172,,,,,,,,,,,,whois_elenrìl_1780908524,Elf,Elf,,Free Peoples,medium,,,,,,,,,,,,,,race_only,race_term=Elf | base_class_unknown,1,no
char_elumïr,Elumïr,player_0061,Siroth,Siroth,,listed_same_player,accepted,medium,evidence_player_group_0061,,,,,,,,,,,,whois_elumïr_1780908634,Half-elven Priest,Half-Elf,,Free Peoples,medium,Cleric,Cleric,Priest,high,,,,,,,,,,classified,race_term=Half-elven | class_title=Priest | who_class_group=Cleric | class_confidence=high,1,no
char_dhàrazor,Dhàrazor,player_0096,Voile,Voile,,listed_same_player,accepted,medium,evidence_player_group_0096,,,,,,,,,,,,whois_dhàrazor_1780907956,Dwarf,Dwarf,,Free Peoples,medium,,,,,,,,,,,,,,race_only,race_term=Dwarf | base_class_unknown,1,no
char_fëanor,Fëanor,player_0018,Feanor,Feanor,,listed_same_player,accepted,medium,evidence_player_group_0018,,retired,Vala,no,no,2026_06_16_retired_immortals,MUME retired immortal list,List current as of 2026-06-16,immortal_2026_06_16_retired_immortals_feanor_50_listed_retired_immortal,candidate,Copied by Lewis. Includes Boardreaders and honorary True Legend entry for Norsu.,whois_fëanor_1781579899,Vala,Vala,,Immortals,high,Architect,Architect,Architect,high,,,,,,,Vala,V,Architect,immortal,immortal_term=Vala | race_term=Vala,1,no
char_geirrödr,Geirrödr,player_0047,Idun,Idun,,listed_same_player,accepted,medium,evidence_player_group_0047,,,,,,,,,,,,whois_geirrödr_1780909258,Cave Troll Warrior,Troll,Cave Troll,Minions of Sauron,high,Warrior,Warrior,Warrior,medium,,,,,,,,,,classified,race_term=Cave Troll | class_title=Warrior | who_class_group=Warrior | class_confidence=medium,1,no
char_inziladûn,Inziladûn,player_0060,Amandil,Amandil,,listed_same_player,accepted,medium,evidence_player_group_0060,,,,,,,,,,,,whois_inziladûn_1780911981,Black Númenórean,Man,Black Númenórean,Minions of Sauron,high,,,,,,,,,,,,,,race_only,race_term=Black Númenórean | base_class_unknown,1,no
char_ughár,Ughár,player_0065,Wryak,Wryak [Tapio],Tapio,listed_same_player,accepted,medium,evidence_player_group_0065,,,,,,,,,,,,whois_ughár_1780916835,Tarkhnarb Necromancer,Orc,Tarkhnarb,Minions of Sauron,high,Cleric,Cleric,Necromancer,high,,,,,,,,,,classified,race_term=Tarkhnarb | class_title=Necromancer | who_class_group=Cleric | class_confidence=high,1,no
char_zrói,Zrói,player_0142,Ethar,Ethar,,listed_same_player,accepted,medium,evidence_player_group_0142,,,,,,,,,,,,whois_zrói_1780917618,Dwarf,Dwarf,,Free Peoples,medium,,,,,,,,,,,,,,race_only,race_term=Dwarf | base_class_unknown,1,no
char_dûnlop,Dûnlop,player_0076,Bigger,Bigger [Jakob],Jakob,listed_same_player,accepted,medium,evidence_player_group_0076,,,,,,,,,,,,whois_dûnlop_1780908292,Elf,Elf,,Free Peoples,medium,,,,,,,,,,,,,,race_only,race_term=Elf | base_class_unknown,1,no
char_eggrât,Eggrât,player_0051,Alantir,Alantir,,listed_same_player,accepted,medium,evidence_player_group_0051,,,,,,,,,,,,whois_eggrât_1780908408,Orc,Orc,,Minions of Sauron,high,,,,,,,,,,,,,,race_only,race_term=Orc | base_class_unknown,1,no
char_gimilzór,Gimilzór,player_0159,Beorel,Beorel,,listed_same_player,accepted,medium,evidence_player_group_0159,,,,,,,,,,,,whois_gimilzór_1780909324,Black Númenórean,Man,Black Númenórean,Minions of Sauron,high,,,,,,,,,,,,,,race_only,race_term=Black Númenórean | base_class_unknown,1,no
char_nushènak,Nushènak,player_0029,Faint,Faint,,listed_same_player,accepted,medium,evidence_player_group_0029,,,,,,,,,,,,whois_nushènak_1780914141,Black Númenórean,Man,Black Númenórean,Minions of Sauron,high,,,,,,,,,,,,,,race_only,race_term=Black Númenórean | base_class_unknown,1,no
char_tôin,Tôin,player_0122,Toin,Toin,,listed_same_player,accepted,medium,evidence_player_group_0122,,,,,,,,,,,,whois_tôin_1780916581,Dwarven Hero,Dwarf,,Free Peoples,medium,General,General,Hero,medium,,,,,,,,,,classified,race_term=Dwarven | class_title=Hero | who_class_group=General | class_confidence=medium,1,no
char_thedèen,Thedèen,player_0070,Heldo,Heldo [Jens],Jens,listed_same_player,accepted,medium,evidence_player_group_0070,,,,,,,,,,,,whois_thedèen_1780916451,Man,Man,,Free Peoples,medium,,,,,,,,,,,,,,race_only,race_term=Man | base_class_unknown,1,no
char_tardéer,Tardéer,player_0074,Tardeer,Tardeer [Silverberg],Silverberg,listed_same_player,accepted,medium,evidence_player_group_0074,,,,,,,,,,,,whois_tardéer_1780916299,Man,Man,,Free Peoples,medium,,,,,,,,,,,,,,race_only,race_term=Man | base_class_unknown,1,no
char_eluchíl,Eluchíl,player_0018,Feanor,Feanor,,listed_same_player,accepted,medium,evidence_player_group_0018,,,,,,,,,,,,whois_eluchíl_1780908629,Half-Elf,Half-Elf,,Free Peoples,medium,,,,,,,,,,,,,,race_only,race_term=Half-Elf | base_class_unknown,1,no
char_thoronwë,Thoronwë,player_0158,Ainafea,Ainafea,,listed_same_player,accepted,medium,evidence_player_group_0158,,,,,,,,,,,,whois_thoronwë_1780916502,Elf,Elf,,Free Peoples,medium,,,,,,,,,,,,,,race_only,race_term=Elf | base_class_unknown,1,no
char_rancör,Rancör,player_0026,Alweon,Alweon,,listed_same_player,accepted,medium,evidence_player_group_0026,,,,,,,,,,,,whois_rancör_1780915050,Mountain Troll Fighter,Troll,Mountain Troll,Minions of Sauron,high,Warrior,Warrior,Fighter,low,,,,,,,,,,classified,race_term=Mountain Troll | class_title=Fighter | who_class_group=Warrior | class_confidence=low,1,no
char_cénedra,Cénedra,player_0176,Beltira,Beltira [Erik],Erik,listed_same_player,accepted,medium,evidence_player_group_0176,,,,,,,,,,,,whois_cénedra_1780907542,Hobbit,Hobbit,,Free Peoples,medium,,,,,,,,,,,,,,race_only,race_term=Hobbit | base_class_unknown,1,no
char_cérion,Cérion,player_0187,Cano,Cano [Tanel],Tanel,listed_same_player,accepted,medium,evidence_player_group_0187,,,,,,,,,,,,whois_cérion_1780907553,Elf,Elf,,Free Peoples,medium,,,,,,,,,,,,,,race_only,race_term=Elf | base_class_unknown,1,no
char_galádon,Galádon,player_0060,Amandil,Amandil,,listed_same_player,accepted,medium,evidence_player_group_0060,,,,,,,,,,,,whois_galádon_1780909174,Elf,Elf,,Free Peoples,medium,,,,,,,,,,,,,,race_only,race_term=Elf | base_class_unknown,1,no
char_röhick,Röhick,player_0211,Rohic,Rohic [Rohik],Rohik,listed_same_player,accepted,medium,evidence_player_group_0211,,,,,,,,,,,,whois_röhick_1780915345,Hobbit,Hobbit,,Free Peoples,medium,,,,,,,,,,,,,,race_only,race_term=Hobbit | base_class_unknown,1,no
char_réndra,Réndra,player_0179,Delfi,Delfi [Per],Per,listed_same_player,accepted,medium,evidence_player_group_0179,,,,,,,,,,,,whois_réndra_1780915203,Silvan Matriarch,Elf,Silvan,Free Peoples,medium,Cleric,Cleric,Matriarch,high,,,,,female,high,,,,classified,race_term=Silvan | class_title=Matriarch | who_class_group=Cleric | class_confidence=high,1,no
char_dwalid,Dwalid,,,,,,,,,,,,,,,,,,,,whois_dwalid_1781052279,Dwarf,Dwarf,,Free Peoples,medium,,,,,,,,,,,,,,race_only,race_term=Dwarf | base_class_unknown,1,no
char_höelün,Höelün,,,,,,,,,,,,,,,,,,,,whois_höelün_1781052386,Noldorin Priestess,Elf,Noldorin,Free Peoples,medium,Cleric,Cleric,Priestess,high,,,,,female,high,,,,classified,race_term=Noldorin | class_title=Priestess | who_class_group=Cleric | class_confidence=high,1,no
char_coco,Coco,,,,,,,,,,,,,,,,,,,,whois_coco_1781052253,Black Númenórean,Man,Black Númenórean,Minions of Sauron,high,,,,,,,,,,,,,,race_only,race_term=Black Númenórean | base_class_unknown,1,no
char_burli,Burli,,,,,,,,,,,,,,,,,,,,whois_burli_1781052247,Dwarven Battlemaster,Dwarf,,Free Peoples,medium,Warrior,Warrior,Battlemaster,high,,,,,,,,,,classified,race_term=Dwarven | class_title=Battlemaster | who_class_group=Warrior | class_confidence=high,1,no
char_nator,Nator,,,,,,,,,,,,,,,,,,,,whois_nator_1781052489,Broadbeam Hero,Dwarf,Broadbeam,Free Peoples,medium,General,General,Hero,medium,,,,,,,,,,classified,race_term=Broadbeam | class_title=Hero | who_class_group=General | class_confidence=medium,1,no
char_awreth,Awreth,,,,,,,,,,retired,Boardreader,no,no,2026_06_16_retired_immortals,MUME retired immortal list,List current as of 2026-06-16,immortal_2026_06_16_retired_immortals_awreth_336_listed_retired_immortal,candidate,Copied by Lewis. Includes Boardreaders and honorary True Legend entry for Norsu.,whois_awreth_1781577782,Maia,Maia,,Immortals,high,,,,,,,,,,,Maia,M,,immortal,immortal_term=Maia | race_term=Maia,1,no
char_oddvar,Oddvar,,,,,,,,,,,,,,,,,,,,whois_oddvar_1781052506,Firebeard Hero,Dwarf,Firebeard,Free Peoples,medium,General,General,Hero,medium,,,,,,,,,,classified,race_term=Firebeard | class_title=Hero | who_class_group=General | class_confidence=medium,1,no
char_zigin,Zigin,,,,,,,,,,,,,,,,,,,,whois_zigin_1781052598,Dwarf,Dwarf,,Free Peoples,medium,,,,,,,,,,,,,,race_only,race_term=Dwarf | base_class_unknown,1,no
char_xury,Xury,,,,,,,,,,,,,,,,,,,,whois_xury_1781052593,Dwarven Hero,Dwarf,,Free Peoples,medium,General,General,Hero,medium,,,,,,,,,,classified,race_term=Dwarven | class_title=Hero | who_class_group=General | class_confidence=medium,1,no
char_whity,Whity,,,,,,,,,,,,,,,,,,,,whois_whity_1781052587,Stoor Adventurer,Hobbit,Stoor,Free Peoples,medium,General,General,Adventurer,medium,,,,,,,,,,classified,race_term=Stoor | class_title=Adventurer | who_class_group=General | class_confidence=medium,1,no
char_vräsh,Vräsh,,,,,,,,,,,,,,,,,,,,whois_vräsh_1781052575,Dwarven Chieftain,Dwarf,,Free Peoples,medium,General,General,Chieftain,medium,90%-100% Leadership,,,,,,,,,classified,race_term=Dwarven | class_title=Chieftain | who_class_group=General | class_confidence=medium | skill_notes=90%-100% Leadership,1,no
char_tendor,Tendor,,,,,,,,,,,,,,,,,,,,whois_tendor_1781052564,Man,Man,,Free Peoples,medium,,,,,,,,,,,,,,race_only,race_term=Man | base_class_unknown,1,no
char_strah,Strah,,,,,,,,,,,,,,,,,,,,whois_strah_1781052558,Dwarven Axemaster,Dwarf,,Free Peoples,medium,Warrior,Warrior,Axemaster,high,100% cleaving weapons,,,,,,,,,classified,race_term=Dwarven | class_title=Axemaster | who_class_group=Warrior | class_confidence=high | skill_notes=100% cleaving weapons,1,no
char_shwash,Shwash,,,,,,,,,,,,,,,,,,,,whois_shwash_1781052547,Firebeard Hero,Dwarf,Firebeard,Free Peoples,medium,General,General,Hero,medium,,,,,,,,,,classified,race_term=Firebeard | class_title=Hero | who_class_group=General | class_confidence=medium,1,no
char_roy,Roy,,,,,,,,,,,,,,,,,,,,whois_roy_1781052535,Dwarf,Dwarf,,Free Peoples,medium,,,,,,,,,,,,,,race_only,race_term=Dwarf | base_class_unknown,1,no
char_rohwan,Rohwan,,,,,,,,,,,,,,,,,,,,whois_rohwan_1781052529,Rohirric Chieftain,Man,Rohirrim,Free Peoples,medium,General,General,Chieftain,medium,90%-100% Leadership,,,,,,,,,classified,race_term=Rohirric | class_title=Chieftain | who_class_group=General | class_confidence=medium | skill_notes=90%-100% Leadership,1,no
char_ritz,Ritz,,,,,,,,,,,,,,,,,,,,whois_ritz_1781052524,Broadbeam Hero,Dwarf,Broadbeam,Free Peoples,medium,General,General,Hero,medium,,,,,,,,,,classified,race_term=Broadbeam | class_title=Hero | who_class_group=General | class_confidence=medium,1,no
char_razer,Razer,,,,,,,,,,retired,Boardreader,no,no,2026_06_16_retired_immortals,MUME retired immortal list,List current as of 2026-06-16,immortal_2026_06_16_retired_immortals_razer_670_listed_retired_immortal,candidate,Copied by Lewis. Includes Boardreaders and honorary True Legend entry for Norsu.,whois_razer_1781605519,on a holiday is a Maia,Maia,,Immortals,high,,,,,,,,,,,Maia,M,,immortal,immortal_term=Maia | race_term=Maia | unmatched=on a holiday is a,1,no
char_rackarth,Rackarth,,,,,,,,,,,,,,,,,,,,whois_rackarth_1781052512,Noldorin Hero,Elf,Noldorin,Free Peoples,medium,General,General,Hero,medium,,,,,,,,,,classified,race_term=Noldorin | class_title=Hero | who_class_group=General | class_confidence=medium,1,no
char_njaa,Njaa,,,,,,,,,,retired,Boardreader,no,no,2026_06_16_retired_immortals,MUME retired immortal list,List current as of 2026-06-16,immortal_2026_06_16_retired_immortals_njaa_629_listed_retired_immortal,candidate,Copied by Lewis. Includes Boardreaders and honorary True Legend entry for Norsu.,whois_njaa_1781605103,Maia,Maia,,Immortals,high,,,,,,,,,,,Maia,M,,immortal,immortal_term=Maia | race_term=Maia,1,no
char_lian,Lian,,,,,,,,,,,,,,,,,,,,whois_lian_1781052449,Dwarven Patriarch,Dwarf,,Free Peoples,medium,Cleric,Cleric,Patriarch,high,,,,,male,high,,,,classified,race_term=Dwarven | class_title=Patriarch | who_class_group=Cleric | class_confidence=high,1,no
char_letholes,Letholes,,,,,,,,,,,,,,,,,,,,whois_letholes_1781052441,Elf,Elf,,Free Peoples,medium,,,,,,,,,,,,,,race_only,race_term=Elf | base_class_unknown,1,no
char_lolli,Lolli,,,,,,,,,,,,,,,,,,,,whois_lolli_1781052457,Cave Troll Fighter,Troll,Cave Troll,Minions of Sauron,high,Warrior,Warrior,Fighter,low,,,,,,,,,,classified,race_term=Cave Troll | class_title=Fighter | who_class_group=Warrior | class_confidence=low,1,no
char_kibgil,Kibgil,,,,,,,,,,,,,,,,,,,,whois_kibgil_1781052404,Dwarf,Dwarf,,Free Peoples,medium,,,,,,,,,,,,,,race_only,race_term=Dwarf | base_class_unknown,1,no
char_harduin,Harduin,,,,,,,,,,,,,,,,,,,,whois_harduin_1781052375,Dwarven Battlemaster,Dwarf,,Free Peoples,medium,Warrior,Warrior,Battlemaster,high,,,,,,,,,,classified,race_term=Dwarven | class_title=Battlemaster | who_class_group=Warrior | class_confidence=high,1,no
char_grunga,Grunga,,,,,,,,,,,,,,,,,,,,whois_grunga_1781052357,Dwarven Battlemistress,Dwarf,,Free Peoples,medium,Warrior,Warrior,Battlemistress,high,,,,,female,high,,,,classified,race_term=Dwarven | class_title=Battlemistress | who_class_group=Warrior | class_confidence=high,1,no
char_groan,Groan,,,,,,,,,,,,,,,,,,,,whois_groan_1781052352,Troll,Troll,,Minions of Sauron,high,,,,,,,,,,,,,,race_only,race_term=Troll | base_class_unknown,1,no
char_gilean,Gilean,,,,,,,,,,,,,,,,,,,,whois_gilean_1781052346,Eriadorian Enchanter,Man,Eriadorian,Free Peoples,medium,Magic-user,Magic-user,Enchanter,low,,,,,male,medium,,,,classified,race_term=Eriadorian | class_title=Enchanter | who_class_group=Magic-user | class_confidence=low,1,no
char_fëndor,Fëndor,,,,,,,,,,,,,,,,,,,,whois_fëndor_1781052334,Half-elven Adventurer,Half-Elf,,Free Peoples,medium,General,General,Adventurer,medium,,,,,,,,,,classified,race_term=Half-elven | class_title=Adventurer | who_class_group=General | class_confidence=medium,1,no
char_filk,Filk,,,,,,,,,,,,,,,,,,,,whois_filk_1781052329,Dwarven Bodyguard,Dwarf,,Free Peoples,medium,Warrior,Warrior,Bodyguard,high,80% Rescue,,,,,,,,,classified,race_term=Dwarven | class_title=Bodyguard | who_class_group=Warrior | class_confidence=high | skill_notes=80% Rescue,1,no
char_fathrà,Fathrà,,,,,,,,,,,,,,,,,,,,whois_fathrà_1781052323,Elf,Elf,,Free Peoples,medium,,,,,,,,,,,,,,race_only,race_term=Elf | base_class_unknown,1,no
char_fari,Fari,,,,,,,,,,,,,,,,,,,,whois_fari_1781052317,Dwarf,Dwarf,,Free Peoples,medium,,,,,,,,,,,,,,race_only,race_term=Dwarf | base_class_unknown,1,no
char_brawn,Brawn,,,,,,,,,,,,,,,,,,,,whois_brawn_1781052240,Dwarven Mercenary,Dwarf,,Free Peoples,medium,Warrior,Warrior,Mercenary,low,,,,,,,,,,classified,race_term=Dwarven | class_title=Mercenary | who_class_group=Warrior | class_confidence=low,1,no
char_aerie,Aerie,,,,,,,,,,,,,,,,,,,,whois_aerie_1781052198,Half-elven Priestess,Half-Elf,,Free Peoples,medium,Cleric,Cleric,Priestess,high,,,,,female,high,,,,classified,race_term=Half-elven | class_title=Priestess | who_class_group=Cleric | class_confidence=high,1,no
char_aelor,Aelor,,,,,,,,,,,,,,,,,,,,whois_aelor_1781052192,Firebeard Warden,Dwarf,Firebeard,Free Peoples,medium,Warrior,Warrior,Warden,high,75% Bash,,,,,,,,,classified,race_term=Firebeard | class_title=Warden | who_class_group=Warrior | class_confidence=high | skill_notes=75% Bash,1,no
char_kill,Kill,,,,,,,,,,,,,,,,,,,,whois_kill_1781052416,Mountain Troll Softskin,Troll,Mountain Troll,Minions of Sauron,high,,,Softskin,low,,,,,,,,,,generic_title_no_class,race_term=Mountain Troll | class_title=Softskin | class_confidence=low | base_class_unknown,1,no
char_erath,Erath,,,,,,,,,,,,,,,,,,,,whois_erath_1781052299,Dwarven Hero,Dwarf,,Free Peoples,medium,General,General,Hero,medium,,,,,,,,,,classified,race_term=Dwarven | class_title=Hero | who_class_group=General | class_confidence=medium,1,no
char_röxic,Röxic,,,,,,,,,,,,,,,,,,,,whois_röxic_1781052541,Man,Man,,Free Peoples,medium,,,,,,,,,,,,,,race_only,race_term=Man | base_class_unknown,1,no
char_loreth,Loreth,,,,,,,,,,,,,,,,,,,,whois_loreth_1781052465,Dwarven Champion,Dwarf,,Free Peoples,medium,General,General,Champion,medium,,,,,,,,,,classified,race_term=Dwarven | class_title=Champion | who_class_group=General | class_confidence=medium,1,no
char_condor,Condor,,,,,,,,,,,,,,,,,,,,whois_condor_1781052260,Dwarven Battlemaster,Dwarf,,Free Peoples,medium,Warrior,Warrior,Battlemaster,high,,,,,,,,,,classified,race_term=Dwarven | class_title=Battlemaster | who_class_group=Warrior | class_confidence=high,1,no
char_aldweth,Aldweth,,,,,,,,,,,,,,,,,,,,whois_aldweth_1781052209,Dwarf,Dwarf,,Free Peoples,medium,,,,,,,,,,,,,,race_only,race_term=Dwarf | base_class_unknown,1,no
char_ilwin,Ilwin,,,,,,,,,,,,,,,,,,,,whois_ilwin_1781052392,Dwarven Battlemaster,Dwarf,,Free Peoples,medium,Warrior,Warrior,Battlemaster,high,,,,,,,,,,classified,race_term=Dwarven | class_title=Battlemaster | who_class_group=Warrior | class_confidence=high,1,no
char_eld,Eld,,,,,,,,,,,,,,,,,,,,whois_eld_1781052293,Dwarven Hero,Dwarf,,Free Peoples,medium,General,General,Hero,medium,,,,,,,,,,classified,race_term=Dwarven | class_title=Hero | who_class_group=General | class_confidence=medium,1,no
char_carousel,Carousel,,,,,,,,,,retired,Boardreader,no,no,2026_06_16_retired_immortals,MUME retired immortal list,List current as of 2026-06-16,immortal_2026_06_16_retired_immortals_carousel_371_listed_retired_immortal,candidate,Copied by Lewis. Includes Boardreaders and honorary True Legend entry for Norsu.,whois_carousel_1781578586,Maia,Maia,,Immortals,high,,,,,,,,,,,Maia,M,,immortal,immortal_term=Maia | race_term=Maia,1,no
char_acke,Acke,,,,,,,,,,retired,Boardreader,no,no,2026_06_16_retired_immortals,MUME retired immortal list,List current as of 2026-06-16,immortal_2026_06_16_retired_immortals_acke_294_listed_retired_immortal,candidate,Copied by Lewis. Includes Boardreaders and honorary True Legend entry for Norsu.,whois_acke_1781576622,Maia,Maia,,Immortals,high,,,,,,,,,,,Maia,M,,immortal,immortal_term=Maia | race_term=Maia,1,no
char_zimri,Zimri,,,,,,,,,,retired,Boardreader,no,no,2026_06_16_retired_immortals,MUME retired immortal list,List current as of 2026-06-16,immortal_2026_06_16_retired_immortals_zimri_796_listed_retired_immortal,candidate,Copied by Lewis. Includes Boardreaders and honorary True Legend entry for Norsu.,whois_zimri_1781606950,Maia,Maia,,Immortals,high,,,,,,,,,,,Maia,M,,immortal,immortal_term=Maia | race_term=Maia,1,no
char_masq,Masq,,,,,,,,,,retired,Maia,no,no,2026_06_16_retired_immortals,MUME retired immortal list,List current as of 2026-06-16,immortal_2026_06_16_retired_immortals_masq_260_listed_retired_immortal,candidate,Copied by Lewis. Includes Boardreaders and honorary True Legend entry for Norsu.,whois_masq_1781604731,Maia,Maia,,Immortals,high,Cartographer,Cartographer,Cartographer,high,,,,,,,Maia,M,Cartographer,immortal,immortal_term=Maia | race_term=Maia,1,no
char_arfang,Arfang,,,,,,,,,,current,Vala,no,no,2026_06_16_current_immortals,MUME current immortal list,List current as of 2026-06-16,immortal_2026_06_16_current_immortals_arfang_11_listed_current_immortal,candidate,Copied by Lewis. (+m) means the immortal is also a Maiar Muddler / muddle code contributor.,whois_arfang_1781577617,Vala,Vala,,Immortals,high,Mudller,Mudller,Mudller,high,,,,,,,Vala,V,Mudller,immortal,immortal_term=Vala | race_term=Vala,1,no
char_aetirus,Aetirus,,,,,,,,,,retired,Boardreader,no,no,2026_06_16_retired_immortals,MUME retired immortal list,List current as of 2026-06-16,immortal_2026_06_16_retired_immortals_aetirus_299_listed_retired_immortal,candidate,Copied by Lewis. Includes Boardreaders and honorary True Legend entry for Norsu.,whois_aetirus_1781576655,Maia,Maia,,Immortals,high,,,,,,,,,,,Maia,M,,immortal,immortal_term=Maia | race_term=Maia,1,no
char_kergon,Kergon,,,,,,,,,,retired,Boardreader,no,no,2026_06_16_retired_immortals,MUME retired immortal list,List current as of 2026-06-16,immortal_2026_06_16_retired_immortals_kergon_539_listed_retired_immortal,candidate,Copied by Lewis. Includes Boardreaders and honorary True Legend entry for Norsu.,whois_kergon_1781604027,Maia,Maia,,Immortals,high,,,,,,,,,,,Maia,M,,immortal,immortal_term=Maia | race_term=Maia,1,no
char_borne,Borne,,,,,,,,,,retired,Boardreader,no,no,2026_06_16_retired_immortals,MUME retired immortal list,List current as of 2026-06-16,immortal_2026_06_16_retired_immortals_borne_359_listed_retired_immortal,candidate,Copied by Lewis. Includes Boardreaders and honorary True Legend entry for Norsu.,whois_borne_1781578470,snooring and stuff is a Maia,Maia,,Immortals,high,,,,,,,,,,,Maia,M,,immortal,immortal_term=Maia | race_term=Maia | unmatched=snooring and stuff is a,1,no
char_gwen,Gwen,,,,,,,,,,retired,Boardreader,no,no,2026_06_16_retired_immortals,MUME retired immortal list,List current as of 2026-06-16,immortal_2026_06_16_retired_immortals_gwen_491_listed_retired_immortal,candidate,Copied by Lewis. Includes Boardreaders and honorary True Legend entry for Norsu.,whois_gwen_1781586136,Maia,Maia,,Immortals,high,,,,,,,,,,,Maia,M,,immortal,immortal_term=Maia | race_term=Maia,1,no
char_ghrym,Ghrym,,,,,,,,,,retired,Boardreader,no,no,2026_06_16_retired_immortals,MUME retired immortal list,List current as of 2026-06-16,immortal_2026_06_16_retired_immortals_ghrym_475_listed_retired_immortal,candidate,Copied by Lewis. Includes Boardreaders and honorary True Legend entry for Norsu.,whois_ghrym_1781579993,hiding in the shadows watching you... is a Maia,Maia,,Immortals,high,,,,,,,,,,,Maia,M,,immortal,immortal_term=Maia | race_term=Maia | unmatched=hiding in the shadows watching you... is a,1,no
char_grin,Grin,,,,,,,,,,retired,Boardreader,no,no,2026_06_16_retired_immortals,MUME retired immortal list,List current as of 2026-06-16,immortal_2026_06_16_retired_immortals_grin_484_listed_retired_immortal,candidate,Copied by Lewis. Includes Boardreaders and honorary True Legend entry for Norsu.,whois_grin_1781580092,Maia,Maia,,Immortals,high,,,,,,,,,,,Maia,M,,immortal,immortal_term=Maia | race_term=Maia,1,no
char_qwait,Qwait,,,,,,,,,,current,Maia,no,no,2026_06_16_current_immortals,MUME current immortal list,List current as of 2026-06-16,immortal_2026_06_16_current_immortals_qwait_88_listed_current_immortal,candidate,Copied by Lewis. (+m) means the immortal is also a Maiar Muddler / muddle code contributor.,whois_qwait_1781605442,Maia,Maia,,Immortals,high,Cartographer,Cartographer,Cartographer,high,,,,,,,Maia,M,Cartographer,immortal,immortal_term=Maia | race_term=Maia,1,no
char_sneaky,Sneaky,,,,,,,,,,retired,Boardreader,no,no,2026_06_16_retired_immortals,MUME retired immortal list,List current as of 2026-06-16,immortal_2026_06_16_retired_immortals_sneaky_718_listed_retired_immortal,candidate,Copied by Lewis. Includes Boardreaders and honorary True Legend entry for Norsu.,whois_sneaky_1781605995,creaky and old now is a Maia,Maia,,Immortals,high,,,,,,,,,,,Maia,M,,immortal,immortal_term=Maia | race_term=Maia | unmatched=creaky and old now is a,1,no
char_piter,Piter,,,,,,,,,,retired,Boardreader,no,no,2026_06_16_retired_immortals,MUME retired immortal list,List current as of 2026-06-16,immortal_2026_06_16_retired_immortals_piter_657_listed_retired_immortal,candidate,Copied by Lewis. Includes Boardreaders and honorary True Legend entry for Norsu.,whois_piter_1781605392,Maia,Maia,,Immortals,high,,,,,,,,,,,Maia,M,,immortal,immortal_term=Maia | race_term=Maia,1,no
char_loy,Loy,,,,,,,,,,retired,Boardreader,no,no,2026_06_16_retired_immortals,MUME retired immortal list,List current as of 2026-06-16,immortal_2026_06_16_retired_immortals_loy_580_listed_retired_immortal,candidate,Copied by Lewis. Includes Boardreaders and honorary True Legend entry for Norsu.,whois_loy_1781604472,Maia,Maia,,Immortals,high,,,,,,,,,,,Maia,M,,immortal,immortal_term=Maia | race_term=Maia,1,no
char_zakath,Zakath,,,,,,,,,,retired,Aratar,no,no,2026_06_16_retired_immortals,MUME retired immortal list,List current as of 2026-06-16,immortal_2026_06_16_retired_immortals_zakath_15_listed_retired_immortal,candidate,Copied by Lewis. Includes Boardreaders and honorary True Legend entry for Norsu.,whois_zakath_1781606877,"Vala, one of the Aratar",Vala,,Immortals,high,,,,,,,,,,,Arata,A,,immortal,immortal_term=one of the Aratar | race_term=Vala,1,no
char_andreas,Andreas,,,,,,,,,,retired,Boardreader,no,no,2026_06_16_retired_immortals,MUME retired immortal list,List current as of 2026-06-16,immortal_2026_06_16_retired_immortals_andreas_319_listed_retired_immortal,candidate,Copied by Lewis. Includes Boardreaders and honorary True Legend entry for Norsu.,whois_andreas_1781576855,Maia,Maia,,Immortals,high,,,,,,,,,,,Maia,M,,immortal,immortal_term=Maia | race_term=Maia,1,no
char_overlord,Overlord,,,,,,,,,,retired,Boardreader,no,no,2026_06_16_retired_immortals,MUME retired immortal list,List current as of 2026-06-16,immortal_2026_06_16_retired_immortals_overlord_645_listed_retired_immortal,candidate,Copied by Lewis. Includes Boardreaders and honorary True Legend entry for Norsu.,whois_overlord_1781605270,Maia,Maia,,Immortals,high,,,,,,,,,,,Maia,M,,immortal,immortal_term=Maia | race_term=Maia,1,no
char_rato,Rato,,,,,,,,,,current,Maia,no,no,2026_06_16_current_immortals,MUME current immortal list,List current as of 2026-06-16,immortal_2026_06_16_current_immortals_rato_89_listed_current_immortal,candidate,Copied by Lewis. (+m) means the immortal is also a Maiar Muddler / muddle code contributor.,whois_rato_1781605495,Maia,Maia,,Immortals,high,Cartographer,Cartographer,Cartographer,high,,,,,,,Maia,M,Cartographer,immortal,immortal_term=Maia | race_term=Maia,1,no
char_eönwe,Eönwe,,,,,,,,,,retired,Vala,no,no,2026_06_16_retired_immortals,MUME retired immortal list,List current as of 2026-06-16,immortal_2026_06_16_retired_immortals_eonwe_49_listed_retired_immortal,candidate,Copied by Lewis. Includes Boardreaders and honorary True Legend entry for Norsu.,whois_eönwe_1781579637,Vala,Vala,,Immortals,high,Architect,Architect,Architect,high,,,,,,,Vala,V,Architect,immortal,immortal_term=Vala | race_term=Vala,1,no
char_savior,Savior,,,,,,,,,,retired,Maia,no,no,2026_06_16_retired_immortals,MUME retired immortal list,List current as of 2026-06-16,immortal_2026_06_16_retired_immortals_savior_274_listed_retired_immortal,candidate,Copied by Lewis. Includes Boardreaders and honorary True Legend entry for Norsu.,whois_savior_1781605768,Maia,Maia,,Immortals,high,Cartographer,Cartographer,Cartographer,high,,,,,,,Maia,M,Cartographer,immortal,immortal_term=Maia | race_term=Maia,1,no
char_raid,Raid,,,,,,,,,,current,Maia,no,no,2026_06_16_current_immortals,MUME current immortal list,List current as of 2026-06-16,immortal_2026_06_16_current_immortals_raid_55_listed_current_immortal,candidate,Copied by Lewis. (+m) means the immortal is also a Maiar Muddler / muddle code contributor.,whois_raid_1781605455,Maia,Maia,,Immortals,high,Builder,Builder,Builder,high,,,,,,,Maia,M,Builder,immortal,immortal_term=Maia | race_term=Maia,1,no
char_good,Good,,,,,,,,,,retired,Maia,no,no,2026_06_16_retired_immortals,MUME retired immortal list,List current as of 2026-06-16,immortal_2026_06_16_retired_immortals_good_109_listed_retired_immortal,candidate,Copied by Lewis. Includes Boardreaders and honorary True Legend entry for Norsu.,whois_good_1781580031,Maia,Maia,,Immortals,high,Wright,Wright,Wright,high,,,,,,,Maia,M,Wright,immortal,immortal_term=Maia | race_term=Maia,1,no
char_grumble,Grumble,,,,,,,,,,retired,Maia,no,no,2026_06_16_retired_immortals,MUME retired immortal list,List current as of 2026-06-16,immortal_2026_06_16_retired_immortals_grumble_111_listed_retired_immortal,candidate,Copied by Lewis. Includes Boardreaders and honorary True Legend entry for Norsu.,whois_grumble_1781580109,Maia,Maia,,Immortals,high,Wright,Wright,Wright,high,,,,,,,Maia,M,Wright,immortal,immortal_term=Maia | race_term=Maia,1,no
char_drink,Drink,,,,,,,,,,retired,Boardreader,no,no,2026_06_16_retired_immortals,MUME retired immortal list,List current as of 2026-06-16,immortal_2026_06_16_retired_immortals_drink_412_listed_retired_immortal,candidate,Copied by Lewis. Includes Boardreaders and honorary True Legend entry for Norsu.,whois_drink_1781578966,Maia,Maia,,Immortals,high,,,,,,,,,,,Maia,M,,immortal,immortal_term=Maia | race_term=Maia,1,no
char_elvis,Elvis,,,,,,,,,,retired,Maia,no,no,2026_06_16_retired_immortals,MUME retired immortal list,List current as of 2026-06-16,immortal_2026_06_16_retired_immortals_elvis_229_listed_retired_immortal,candidate,Copied by Lewis. Includes Boardreaders and honorary True Legend entry for Norsu.,whois_elvis_1781579197,Maia,Maia,,Immortals,high,Cartographer,Cartographer,Cartographer,high,,,,,,,Maia,M,Cartographer,immortal,immortal_term=Maia | race_term=Maia,1,no
char_timodeus,Timodeus,,,,,,,,,,current,Aratar,no,no,2026_06_16_current_immortals,MUME current immortal list,List current as of 2026-06-16,immortal_2026_06_16_current_immortals_timodeus_9_listed_current_immortal,candidate,Copied by Lewis. (+m) means the immortal is also a Maiar Muddler / muddle code contributor.,whois_timodeus_1781606341,"Vala, one of the Aratar",Vala,,Immortals,high,,,,,,,,,,,Arata,A,,immortal,immortal_term=one of the Aratar | race_term=Vala,1,no
char_incánus,Incánus,,,,,,,,,,retired,Vala,no,no,2026_06_16_retired_immortals,MUME retired immortal list,List current as of 2026-06-16,immortal_2026_06_16_retired_immortals_incanus_24_listed_retired_immortal,candidate,Copied by Lewis. Includes Boardreaders and honorary True Legend entry for Norsu.,whois_incánus_1781587124,Vala,Vala,,Immortals,high,Mudller,Mudller,Mudller,high,,,,,,,Vala,V,Mudller,immortal,immortal_term=Vala | race_term=Vala,1,no
char_feri,Feri,,,,,,,,,,retired,Boardreader,no,no,2026_06_16_retired_immortals,MUME retired immortal list,List current as of 2026-06-16,immortal_2026_06_16_retired_immortals_feri_452_listed_retired_immortal,candidate,Copied by Lewis. Includes Boardreaders and honorary True Legend entry for Norsu.,whois_feri_1781579717,Maia,Maia,,Immortals,high,,,,,,,,,,,Maia,M,,immortal,immortal_term=Maia | race_term=Maia,1,no
char_tell,tell,,,,,,,,,,,,,,,,,,,,whois_tell_1781578735,Maia,Maia,,Immortals,high,Wright,Wright,Wright,high,,,,,,,Maia,M,Wright,immortal,immortal_term=Maia | race_term=Maia,1,no
char_adara,Adara,,,,,,,,,,retired,Boardreader,no,no,2026_06_16_retired_immortals,MUME retired immortal list,List current as of 2026-06-16,immortal_2026_06_16_retired_immortals_adara_296_listed_retired_immortal,candidate,Copied by Lewis. Includes Boardreaders and honorary True Legend entry for Norsu.,whois_adara_1781576633,lost is a Maia,Maia,,Immortals,high,,,,,,,,,,,Maia,M,,immortal,immortal_term=Maia | race_term=Maia | unmatched=lost is a,1,no
char_larien,Larien,,,,,,,,,,retired,Maia,no,no,2026_06_16_retired_immortals,MUME retired immortal list,List current as of 2026-06-16,immortal_2026_06_16_retired_immortals_larien_126_listed_retired_immortal,candidate,Copied by Lewis. Includes Boardreaders and honorary True Legend entry for Norsu.,whois_larien_1781604259,Maia,Maia,,Immortals,high,Wright,Wright,Wright,high,,,,,,,Maia,M,Wright,immortal,immortal_term=Maia | race_term=Maia,1,no
char_trent,Trent,,,,,,,,,,retired,Maia,no,no,2026_06_16_retired_immortals,MUME retired immortal list,List current as of 2026-06-16,immortal_2026_06_16_retired_immortals_trent_78_listed_retired_immortal,candidate,Copied by Lewis. Includes Boardreaders and honorary True Legend entry for Norsu.,whois_trent_1781606404,Maia,Maia,,Immortals,high,Shaper,Shaper,Shaper,high,,,,,,,Maia,M,Shaper,immortal,immortal_term=Maia | race_term=Maia,1,no
char_aloonion,Aloonion,,,,,,,,,,current,Maia,yes,no,2026_06_16_current_immortals,MUME current immortal list,List current as of 2026-06-16,immortal_2026_06_16_current_immortals_aloonion_18_listed_current_immortal,candidate,Copied by Lewis. (+m) means the immortal is also a Maiar Muddler / muddle code contributor.,whois_aloonion_1781576789,Maia,Maia,,Immortals,high,Shaper,Shaper,Shaper,high,,,,,,,Maia,M,Shaper,immortal,immortal_term=Maia | race_term=Maia,1,no
char_gathen,Gathen,,,,,,,,,,retired,Maia,no,no,2026_06_16_retired_immortals,MUME retired immortal list,List current as of 2026-06-16,immortal_2026_06_16_retired_immortals_gathen_242_listed_retired_immortal,candidate,Copied by Lewis. Includes Boardreaders and honorary True Legend entry for Norsu.,whois_gathen_1781579932,adrift in real life is a Maia,Maia,,Immortals,high,Cartographer,Cartographer,Cartographer,high,,,,,,,Maia,M,Cartographer,immortal,immortal_term=Maia | race_term=Maia | unmatched=adrift in real life is a,1,no
char_holma,Holma,,,,,,,,,,retired,Boardreader,no,no,2026_06_16_retired_immortals,MUME retired immortal list,List current as of 2026-06-16,immortal_2026_06_16_retired_immortals_holma_503_listed_retired_immortal,candidate,Copied by Lewis. Includes Boardreaders and honorary True Legend entry for Norsu.,whois_holma_1781586252,Maia,Maia,,Immortals,high,,,,,,,,,,,Maia,M,,immortal,immortal_term=Maia | race_term=Maia,1,no
char_teriláen,Teriláen,,,,,,,,,,retired,Maia,no,no,2026_06_16_retired_immortals,MUME retired immortal list,List current as of 2026-06-16,immortal_2026_06_16_retired_immortals_terilaen_159_listed_retired_immortal,candidate,Copied by Lewis. Includes Boardreaders and honorary True Legend entry for Norsu.,whois_teriláen_1781606237,Maia,Maia,,Immortals,high,Wright,Wright,Wright,high,,,,,,,Maia,M,Wright,immortal,immortal_term=Maia | race_term=Maia,1,no
char_finwë,Finwë,,,,,,,,,,current,Maia,no,no,2026_06_16_current_immortals,MUME current immortal list,List current as of 2026-06-16,immortal_2026_06_16_current_immortals_finwe_34_listed_current_immortal,candidate,Copied by Lewis. (+m) means the immortal is also a Maiar Muddler / muddle code contributor.,whois_finwë_1781579767,Maia,Maia,,Immortals,high,Wright,Wright,Wright,high,,,,,,,Maia,M,Wright,immortal,immortal_term=Maia | race_term=Maia,1,no
char_leah,Leah,,,,,,,,,,retired,Boardreader,no,no,2026_06_16_retired_immortals,MUME retired immortal list,List current as of 2026-06-16,immortal_2026_06_16_retired_immortals_leah_564_listed_retired_immortal,candidate,Copied by Lewis. Includes Boardreaders and honorary True Legend entry for Norsu.,whois_leah_1781604287,Maia,Maia,,Immortals,high,,,,,,,,,,,Maia,M,,immortal,immortal_term=Maia | race_term=Maia,1,no
char_drugo,Drugo,,,,,,,,,,current,Maia,no,no,2026_06_16_current_immortals,MUME current immortal list,List current as of 2026-06-16,immortal_2026_06_16_current_immortals_drugo_32_listed_current_immortal,candidate,Copied by Lewis. (+m) means the immortal is also a Maiar Muddler / muddle code contributor.,whois_drugo_1781578977,Maia,Maia,,Immortals,high,Wright,Wright,Wright,high,,,,,,,Maia,M,Wright,immortal,immortal_term=Maia | race_term=Maia,1,no
char_isóldir,Isóldir,,,,,,,,,,retired,Maia,no,no,2026_06_16_retired_immortals,MUME retired immortal list,List current as of 2026-06-16,immortal_2026_06_16_retired_immortals_isoldir_116_listed_retired_immortal,candidate,Copied by Lewis. Includes Boardreaders and honorary True Legend entry for Norsu.,whois_isóldir_1781603813,Maia,Maia,,Immortals,high,Wright,Wright,Wright,high,,,,,,,Maia,M,Wright,immortal,immortal_term=Maia | race_term=Maia,1,no
char_drakiz,Drakiz,,,,,,,,,,retired,Boardreader,no,no,2026_06_16_retired_immortals,MUME retired immortal list,List current as of 2026-06-16,immortal_2026_06_16_retired_immortals_drakiz_411_listed_retired_immortal,candidate,Copied by Lewis. Includes Boardreaders and honorary True Legend entry for Norsu.,whois_drakiz_1781578955,Maia,Maia,,Immortals,high,,,,,,,,,,,Maia,M,,immortal,immortal_term=Maia | race_term=Maia,1,no
char_erent,Erent,,,,,,,,,,retired,Maia,no,no,2026_06_16_retired_immortals,MUME retired immortal list,List current as of 2026-06-16,immortal_2026_06_16_retired_immortals_erent_230_listed_retired_immortal,candidate,Copied by Lewis. Includes Boardreaders and honorary True Legend entry for Norsu.,whois_erent_1781579545,Maia,Maia,,Immortals,high,Cartographer,Cartographer,Cartographer,high,,,,,,,Maia,M,Cartographer,immortal,immortal_term=Maia | race_term=Maia,1,no
char_foroil,Foroil,,,,,,,,,,retired,Maia,no,no,2026_06_16_retired_immortals,MUME retired immortal list,List current as of 2026-06-16,immortal_2026_06_16_retired_immortals_foroil_239_listed_retired_immortal,candidate,Copied by Lewis. Includes Boardreaders and honorary True Legend entry for Norsu.,whois_foroil_1781579838,Maia,Maia,,Immortals,high,Cartographer,Cartographer,Cartographer,high,,,,,,,Maia,M,Cartographer,immortal,immortal_term=Maia | race_term=Maia,1,no
char_bambuk,Bambuk,,,,,,,,,,retired,Maia,no,no,2026_06_16_retired_immortals,MUME retired immortal list,List current as of 2026-06-16,immortal_2026_06_16_retired_immortals_bambuk_212_listed_retired_immortal,candidate,Copied by Lewis. Includes Boardreaders and honorary True Legend entry for Norsu.,whois_bambuk_1781577837,Maia,Maia,,Immortals,high,Cartographer,Cartographer,Cartographer,high,,,,,,,Maia,M,Cartographer,immortal,immortal_term=Maia | race_term=Maia,1,no
char_ceno,Ceno,,,,,,,,,,retired,Boardreader,no,no,2026_06_16_retired_immortals,MUME retired immortal list,List current as of 2026-06-16,immortal_2026_06_16_retired_immortals_ceno_374_listed_retired_immortal,candidate,Copied by Lewis. Includes Boardreaders and honorary True Legend entry for Norsu.,whois_ceno_1781578613,is a Maia,Maia,,Immortals,high,,,,,,,,,,,Maia,M,,immortal,immortal_term=Maia | race_term=Maia | unmatched=is a,1,no
char_haelon,Haelon,,,,,,,,,,retired,Boardreader,no,no,2026_06_16_retired_immortals,MUME retired immortal list,List current as of 2026-06-16,immortal_2026_06_16_retired_immortals_haelon_493_listed_retired_immortal,candidate,Copied by Lewis. Includes Boardreaders and honorary True Legend entry for Norsu.,whois_haelon_1781586147,Maia,Maia,,Immortals,high,,,,,,,,,,,Maia,M,,immortal,immortal_term=Maia | race_term=Maia,1,no
char_conklin,Conklin,,,,,,,,,,retired,Maia,no,no,2026_06_16_retired_immortals,MUME retired immortal list,List current as of 2026-06-16,immortal_2026_06_16_retired_immortals_conklin_220_listed_retired_immortal,candidate,Copied by Lewis. Includes Boardreaders and honorary True Legend entry for Norsu.,whois_conklin_1781578696,Maia,Maia,,Immortals,high,Cartographer,Cartographer,Cartographer,high,,,,,,,Maia,M,Cartographer,immortal,immortal_term=Maia | race_term=Maia,1,no
char_ame,Ame,,,,,,,,,,retired,Boardreader,no,no,2026_06_16_retired_immortals,MUME retired immortal list,List current as of 2026-06-16,immortal_2026_06_16_retired_immortals_ame_316_listed_retired_immortal,candidate,Copied by Lewis. Includes Boardreaders and honorary True Legend entry for Norsu.,whois_ame_1781576812,Maia,Maia,,Immortals,high,,,,,,,,,,,Maia,M,,immortal,immortal_term=Maia | race_term=Maia,1,no
char_moison,Moison,,,,,,,,,,retired,Boardreader,no,no,2026_06_16_retired_immortals,MUME retired immortal list,List current as of 2026-06-16,immortal_2026_06_16_retired_immortals_moison_604_listed_retired_immortal,candidate,Copied by Lewis. Includes Boardreaders and honorary True Legend entry for Norsu.,whois_moison_1781604903,Maia,Maia,,Immortals,high,,,,,,,,,,,Maia,M,,immortal,immortal_term=Maia | race_term=Maia,1,no
char_spin,Spin,,,,,,,,,,retired,Boardreader,no,no,2026_06_16_retired_immortals,MUME retired immortal list,List current as of 2026-06-16,immortal_2026_06_16_retired_immortals_spin_721_listed_retired_immortal,candidate,Copied by Lewis. Includes Boardreaders and honorary True Legend entry for Norsu.,whois_spin_1781606036,Maia,Maia,,Immortals,high,,,,,,,,,,,Maia,M,,immortal,immortal_term=Maia | race_term=Maia,1,no
char_sarmarnuna,Sarmarnuna,,,,,,,,,,retired,Boardreader,no,no,2026_06_16_retired_immortals,MUME retired immortal list,List current as of 2026-06-16,immortal_2026_06_16_retired_immortals_sarmarnuna_693_listed_retired_immortal,candidate,Copied by Lewis. Includes Boardreaders and honorary True Legend entry for Norsu.,whois_sarmarnuna_1781605762,Maia,Maia,,Immortals,high,,,,,,,,,,,Maia,M,,immortal,immortal_term=Maia | race_term=Maia,1,no
char_belegurthruin,Belegurthruin,,,,,,,,,,current,Maia,no,no,2026_06_16_current_immortals,MUME current immortal list,List current as of 2026-06-16,immortal_2026_06_16_current_immortals_belegurthruin_59_listed_current_immortal,candidate,Copied by Lewis. (+m) means the immortal is also a Maiar Muddler / muddle code contributor.,whois_belegurthruin_1781577898,Maia,Maia,,Immortals,high,Cartographer,Cartographer,Cartographer,high,,,,,,,Maia,M,Cartographer,immortal,immortal_term=Maia | race_term=Maia,1,no
char_kerf,Kerf,,,,,,,,,,retired,Boardreader,no,no,2026_06_16_retired_immortals,MUME retired immortal list,List current as of 2026-06-16,immortal_2026_06_16_retired_immortals_kerf_538_listed_retired_immortal,candidate,Copied by Lewis. Includes Boardreaders and honorary True Legend entry for Norsu.,whois_kerf_1781604022,Maia,Maia,,Immortals,high,,,,,,,,,,,Maia,M,,immortal,immortal_term=Maia | race_term=Maia,1,no
char_tyr,Tyr,,,,,,,,,,retired,Boardreader,no,no,2026_06_16_retired_immortals,MUME retired immortal list,List current as of 2026-06-16,immortal_2026_06_16_retired_immortals_tyr_753_listed_retired_immortal,candidate,Copied by Lewis. Includes Boardreaders and honorary True Legend entry for Norsu.,whois_tyr_1781606449,Maia,Maia,,Immortals,high,,,,,,,,,,,Maia,M,,immortal,immortal_term=Maia | race_term=Maia,1,no
char_gilgala,Gilgala,,,,,,,,,,retired,Maia,no,no,2026_06_16_retired_immortals,MUME retired immortal list,List current as of 2026-06-16,immortal_2026_06_16_retired_immortals_gilgala_107_listed_retired_immortal,candidate,Copied by Lewis. Includes Boardreaders and honorary True Legend entry for Norsu.,whois_gilgala_1781579998,Maia,Maia,,Immortals,high,Wright,Wright,Wright,high,,,,,,,Maia,M,Wright,immortal,immortal_term=Maia | race_term=Maia,1,no
char_yeoma,Yeoma,,,,,,,,,,retired,Vala,no,no,2026_06_16_retired_immortals,MUME retired immortal list,List current as of 2026-06-16,immortal_2026_06_16_retired_immortals_yeoma_39_listed_retired_immortal,candidate,Copied by Lewis. Includes Boardreaders and honorary True Legend entry for Norsu.,whois_yeoma_1781606816,Vala,Vala,,Immortals,high,Mudller,Mudller,Mudller,high,,,,,,,Vala,V,Mudller,immortal,immortal_term=Vala | race_term=Vala,1,no
char_hanne,Hanne,,,,,,,,,,current,Maia,no,no,2026_06_16_current_immortals,MUME current immortal list,List current as of 2026-06-16,immortal_2026_06_16_current_immortals_hanne_72_listed_current_immortal,candidate,Copied by Lewis. (+m) means the immortal is also a Maiar Muddler / muddle code contributor.,whois_hanne_1781586169,Maia,Maia,,Immortals,high,Cartographer,Cartographer,Cartographer,high,,,,,,,Maia,M,Cartographer,immortal,immortal_term=Maia | race_term=Maia,1,no
char_illüen,Illüen,,,,,,,,,,retired,Boardreader,no,no,2026_06_16_retired_immortals,MUME retired immortal list,List current as of 2026-06-16,immortal_2026_06_16_retired_immortals_illuen_511_listed_retired_immortal,candidate,Copied by Lewis. Includes Boardreaders and honorary True Legend entry for Norsu.,whois_illüen_1781587096,Maia,Maia,,Immortals,high,,,,,,,,,,,Maia,M,,immortal,immortal_term=Maia | race_term=Maia,1,no
char_darcy,Darcy,,,,,,,,,,retired,Boardreader,no,no,2026_06_16_retired_immortals,MUME retired immortal list,List current as of 2026-06-16,immortal_2026_06_16_retired_immortals_darcy_394_listed_retired_immortal,candidate,Copied by Lewis. Includes Boardreaders and honorary True Legend entry for Norsu.,whois_darcy_1781578801,Maia,Maia,,Immortals,high,,,,,,,,,,,Maia,M,,immortal,immortal_term=Maia | race_term=Maia,1,no
char_trexus,Trexus,,,,,,,,,,retired,Maia,no,no,2026_06_16_retired_immortals,MUME retired immortal list,List current as of 2026-06-16,immortal_2026_06_16_retired_immortals_trexus_164_listed_retired_immortal,candidate,Copied by Lewis. Includes Boardreaders and honorary True Legend entry for Norsu.,whois_trexus_1781606409,Maia,Maia,,Immortals,high,Wright,Wright,Wright,high,,,,,,,Maia,M,Wright,immortal,immortal_term=Maia | race_term=Maia,1,no
char_alderon,Alderon,,,,,,,,,,retired,Boardreader,no,no,2026_06_16_retired_immortals,MUME retired immortal list,List current as of 2026-06-16,immortal_2026_06_16_retired_immortals_alderon_309_listed_retired_immortal,candidate,Copied by Lewis. Includes Boardreaders and honorary True Legend entry for Norsu.,whois_alderon_1781576739,Maia,Maia,,Immortals,high,,,,,,,,,,,Maia,M,,immortal,immortal_term=Maia | race_term=Maia,1,no
char_inghorlas,Inghorlas,,,,,,,,,,retired,Boardreader,no,no,2026_06_16_retired_immortals,MUME retired immortal list,List current as of 2026-06-16,immortal_2026_06_16_retired_immortals_inghorlas_515_listed_retired_immortal,candidate,Copied by Lewis. Includes Boardreaders and honorary True Legend entry for Norsu.,whois_inghorlas_1781587141,Maia,Maia,,Immortals,high,,,,,,,,,,,Maia,M,,immortal,immortal_term=Maia | race_term=Maia,1,no
char_quack,Quack,,,,,,,,,,retired,Boardreader,no,no,2026_06_16_retired_immortals,MUME retired immortal list,List current as of 2026-06-16,immortal_2026_06_16_retired_immortals_quack_661_listed_retired_immortal,candidate,Copied by Lewis. Includes Boardreaders and honorary True Legend entry for Norsu.,whois_quack_1781605419,Maia,Maia,,Immortals,high,,,,,,,,,,,Maia,M,,immortal,immortal_term=Maia | race_term=Maia,1,no
char_kraag,Kraag,,,,,,,,,,retired,Boardreader,no,no,2026_06_16_retired_immortals,MUME retired immortal list,List current as of 2026-06-16,immortal_2026_06_16_retired_immortals_kraag_554_listed_retired_immortal,candidate,Copied by Lewis. Includes Boardreaders and honorary True Legend entry for Norsu.,whois_kraag_1781604171,Maia,Maia,,Immortals,high,,,,,,,,,,,Maia,M,,immortal,immortal_term=Maia | race_term=Maia,1,no
char_vengeance,Vengeance,,,,,,,,,,retired,Vala,no,no,2026_06_16_retired_immortals,MUME retired immortal list,List current as of 2026-06-16,immortal_2026_06_16_retired_immortals_vengeance_37_listed_retired_immortal,candidate,Copied by Lewis. Includes Boardreaders and honorary True Legend entry for Norsu.,whois_vengeance_1781606608,Vala,Vala,,Immortals,high,Mudller,Mudller,Mudller,high,,,,,,,Vala,V,Mudller,immortal,immortal_term=Vala | race_term=Vala,1,no
char_meneldor,Meneldor,,,,,,,,,,retired,Boardreader,no,no,2026_06_16_retired_immortals,MUME retired immortal list,List current as of 2026-06-16,immortal_2026_06_16_retired_immortals_meneldor_592_listed_retired_immortal,candidate,Copied by Lewis. Includes Boardreaders and honorary True Legend entry for Norsu.,whois_meneldor_1781604791,Maia,Maia,,Immortals,high,,,,,,,,,,,Maia,M,,immortal,immortal_term=Maia | race_term=Maia,1,no
char_jahara,Jahara,,,,,,,,,,current,Aratar,no,no,2026_06_16_current_immortals,MUME current immortal list,List current as of 2026-06-16,immortal_2026_06_16_current_immortals_jahara_6_listed_current_immortal,candidate,Copied by Lewis. (+m) means the immortal is also a Maiar Muddler / muddle code contributor.,whois_jahara_1781603857,"Vala, one of the Aratar",Vala,,Immortals,high,,,,,,,,,,,Arata,A,,immortal,immortal_term=one of the Aratar | race_term=Vala,1,no
char_stigur,Stigur,,,,,,,,,,retired,Boardreader,no,no,2026_06_16_retired_immortals,MUME retired immortal list,List current as of 2026-06-16,immortal_2026_06_16_retired_immortals_stigur_726_listed_retired_immortal,candidate,Copied by Lewis. Includes Boardreaders and honorary True Legend entry for Norsu.,whois_stigur_1781606084,Maia,Maia,,Immortals,high,,,,,,,,,,,Maia,M,,immortal,immortal_term=Maia | race_term=Maia,1,no
char_meneldil,Meneldil,,,,,,,,,,retired,Maia,no,no,2026_06_16_retired_immortals,MUME retired immortal list,List current as of 2026-06-16,immortal_2026_06_16_retired_immortals_meneldil_261_listed_retired_immortal,candidate,Copied by Lewis. Includes Boardreaders and honorary True Legend entry for Norsu.,whois_meneldil_1781604777,Maia,Maia,,Immortals,high,Cartographer,Cartographer,Cartographer,high,,,,,,,Maia,M,Cartographer,immortal,immortal_term=Maia | race_term=Maia,1,no
char_halal,Halal,,,,,,,,,,retired,Boardreader,no,no,2026_06_16_retired_immortals,MUME retired immortal list,List current as of 2026-06-16,immortal_2026_06_16_retired_immortals_halal_495_listed_retired_immortal,candidate,Copied by Lewis. Includes Boardreaders and honorary True Legend entry for Norsu.,whois_halal_1781586158,Maia,Maia,,Immortals,high,,,,,,,,,,,Maia,M,,immortal,immortal_term=Maia | race_term=Maia,1,no
char_galaviel,Galaviel,,,,,,,,,,retired,Boardreader,no,no,2026_06_16_retired_immortals,MUME retired immortal list,List current as of 2026-06-16,immortal_2026_06_16_retired_immortals_galaviel_468_listed_retired_immortal,candidate,Copied by Lewis. Includes Boardreaders and honorary True Legend entry for Norsu.,whois_galaviel_1781579910,Maia,Maia,,Immortals,high,,,,,,,,,,,Maia,M,,immortal,immortal_term=Maia | race_term=Maia,1,no
char_svex,Svex,,,,,,,,,,retired,Maia,no,no,2026_06_16_retired_immortals,MUME retired immortal list,List current as of 2026-06-16,immortal_2026_06_16_retired_immortals_svex_280_listed_retired_immortal,candidate,Copied by Lewis. Includes Boardreaders and honorary True Legend entry for Norsu.,whois_svex_1781606128,Maia,Maia,,Immortals,high,Cartographer,Cartographer,Cartographer,high,,,,,,,Maia,M,Cartographer,immortal,immortal_term=Maia | race_term=Maia,1,no
char_gríma,Gríma,,,,,,,,,,retired,Maia,no,no,2026_06_16_retired_immortals,MUME retired immortal list,List current as of 2026-06-16,immortal_2026_06_16_retired_immortals_grima_244_listed_retired_immortal,candidate,Copied by Lewis. Includes Boardreaders and honorary True Legend entry for Norsu.,whois_gríma_1781580131,Maia,Maia,,Immortals,high,Cartographer,Cartographer,Cartographer,high,,,,,,,Maia,M,Cartographer,immortal,immortal_term=Maia | race_term=Maia,1,no
char_daro,Daro,,,,,,,,,,retired,Boardreader,no,no,2026_06_16_retired_immortals,MUME retired immortal list,List current as of 2026-06-16,immortal_2026_06_16_retired_immortals_daro_396_listed_retired_immortal,candidate,Copied by Lewis. Includes Boardreaders and honorary True Legend entry for Norsu.,whois_daro_1781578817,Maia,Maia,,Immortals,high,,,,,,,,,,,Maia,M,,immortal,immortal_term=Maia | race_term=Maia,1,no
char_draught,Draught,,,,,,,,,,retired,Aratar,no,no,2026_06_16_retired_immortals,MUME retired immortal list,List current as of 2026-06-16,immortal_2026_06_16_retired_immortals_draught_4_listed_retired_immortal,candidate,Copied by Lewis. Includes Boardreaders and honorary True Legend entry for Norsu.,whois_draught_1781578961,"Vala, one of the Aratar",Vala,,Immortals,high,,,,,,,,,,,Arata,A,,immortal,immortal_term=one of the Aratar | race_term=Vala,1,no
char_aellynn,Aellynn,,,,,,,,,,retired,Boardreader,no,no,2026_06_16_retired_immortals,MUME retired immortal list,List current as of 2026-06-16,immortal_2026_06_16_retired_immortals_aellynn_298_listed_retired_immortal,candidate,Copied by Lewis. Includes Boardreaders and honorary True Legend entry for Norsu.,whois_aellynn_1781576650,Maia,Maia,,Immortals,high,,,,,,,,,,,Maia,M,,immortal,immortal_term=Maia | race_term=Maia,1,no
char_esen,Esen,,,,,,,,,,retired,Boardreader,no,no,2026_06_16_retired_immortals,MUME retired immortal list,List current as of 2026-06-16,immortal_2026_06_16_retired_immortals_esen_440_listed_retired_immortal,candidate,Copied by Lewis. Includes Boardreaders and honorary True Legend entry for Norsu.,whois_esen_1781579603,Maia,Maia,,Immortals,high,,,,,,,,,,,Maia,M,,immortal,immortal_term=Maia | race_term=Maia,1,no
char_rowin,Rowin,,,,,,,,,,retired,Boardreader,no,no,2026_06_16_retired_immortals,MUME retired immortal list,List current as of 2026-06-16,immortal_2026_06_16_retired_immortals_rowin_683_listed_retired_immortal,candidate,Copied by Lewis. Includes Boardreaders and honorary True Legend entry for Norsu.,whois_rowin_1781605652,Maia,Maia,,Immortals,high,,,,,,,,,,,Maia,M,,immortal,immortal_term=Maia | race_term=Maia,1,no
char_thran,Thran,,,,,,,,,,retired,Maia,no,no,2026_06_16_retired_immortals,MUME retired immortal list,List current as of 2026-06-16,immortal_2026_06_16_retired_immortals_thran_162_listed_retired_immortal,candidate,Copied by Lewis. Includes Boardreaders and honorary True Legend entry for Norsu.,whois_thran_1781606302,Maia,Maia,,Immortals,high,Wright,Wright,Wright,high,,,,,,,Maia,M,Wright,immortal,immortal_term=Maia | race_term=Maia,1,no
char_eldamir,Eldamir,,,,,,,,,,retired,Boardreader,no,no,2026_06_16_retired_immortals,MUME retired immortal list,List current as of 2026-06-16,immortal_2026_06_16_retired_immortals_eldamir_426_listed_retired_immortal,candidate,Copied by Lewis. Includes Boardreaders and honorary True Legend entry for Norsu.,whois_eldamir_1781579128,Maia,Maia,,Immortals,high,,,,,,,,,,,Maia,M,,immortal,immortal_term=Maia | race_term=Maia,1,no
char_larnach,Larnach,,,,,,,,,,retired,Boardreader,no,no,2026_06_16_retired_immortals,MUME retired immortal list,List current as of 2026-06-16,immortal_2026_06_16_retired_immortals_larnach_562_listed_retired_immortal,candidate,Copied by Lewis. Includes Boardreaders and honorary True Legend entry for Norsu.,whois_larnach_1781604270,Maia,Maia,,Immortals,high,,,,,,,,,,,Maia,M,,immortal,immortal_term=Maia | race_term=Maia,1,no
char_gwaywffon,Gwaywffon,,,,,,,,,,retired,Maia,no,no,2026_06_16_retired_immortals,MUME retired immortal list,List current as of 2026-06-16,immortal_2026_06_16_retired_immortals_gwaywffon_188_listed_retired_immortal,candidate,Copied by Lewis. Includes Boardreaders and honorary True Legend entry for Norsu.,whois_gwaywffon_1781586130,Maia,Maia,,Immortals,high,Builder,Builder,Builder,high,,,,,,,Maia,M,Builder,immortal,immortal_term=Maia | race_term=Maia,1,no
char_belewor,Belewor,,,,,,,,,,retired,Boardreader,no,no,2026_06_16_retired_immortals,MUME retired immortal list,List current as of 2026-06-16,immortal_2026_06_16_retired_immortals_belewor_346_listed_retired_immortal,candidate,Copied by Lewis. Includes Boardreaders and honorary True Legend entry for Norsu.,whois_belewor_1781577909,Maia,Maia,,Immortals,high,,,,,,,,,,,Maia,M,,immortal,immortal_term=Maia | race_term=Maia,1,no
char_chops,Chops,,,,,,,,,,retired,Boardreader,no,no,2026_06_16_retired_immortals,MUME retired immortal list,List current as of 2026-06-16,immortal_2026_06_16_retired_immortals_chops_376_listed_retired_immortal,candidate,Copied by Lewis. Includes Boardreaders and honorary True Legend entry for Norsu.,whois_chops_1781578646,Maia,Maia,,Immortals,high,,,,,,,,,,,Maia,M,,immortal,immortal_term=Maia | race_term=Maia,1,no
char_isillómë,Isillómë,,,,,,,,,,current,Maia,no,no,2026_06_16_current_immortals,MUME current immortal list,List current as of 2026-06-16,immortal_2026_06_16_current_immortals_isillome_76_listed_current_immortal,candidate,Copied by Lewis. (+m) means the immortal is also a Maiar Muddler / muddle code contributor.,whois_isillómë_1781603802,Maia,Maia,,Immortals,high,Cartographer,Cartographer,Cartographer,high,,,,,,,Maia,M,Cartographer,immortal,immortal_term=Maia | race_term=Maia,1,no
char_isengrim,Isengrim,,,,,,,,,,retired,Boardreader,no,no,2026_06_16_retired_immortals,MUME retired immortal list,List current as of 2026-06-16,immortal_2026_06_16_retired_immortals_isengrim_519_listed_retired_immortal,candidate,Copied by Lewis. Includes Boardreaders and honorary True Legend entry for Norsu.,whois_isengrim_1781603790,Maia,Maia,,Immortals,high,,,,,,,,,,,Maia,M,,immortal,immortal_term=Maia | race_term=Maia,1,no
char_gevald,Gevald,,,,,,,,,,retired,Boardreader,no,no,2026_06_16_retired_immortals,MUME retired immortal list,List current as of 2026-06-16,immortal_2026_06_16_retired_immortals_gevald_474_listed_retired_immortal,candidate,Copied by Lewis. Includes Boardreaders and honorary True Legend entry for Norsu.,whois_gevald_1781579982,Maia,Maia,,Immortals,high,,,,,,,,,,,Maia,M,,immortal,immortal_term=Maia | race_term=Maia,1,no
char_humpty,Humpty,,,,,,,,,,retired,Boardreader,no,no,2026_06_16_retired_immortals,MUME retired immortal list,List current as of 2026-06-16,immortal_2026_06_16_retired_immortals_humpty_507_listed_retired_immortal,candidate,Copied by Lewis. Includes Boardreaders and honorary True Legend entry for Norsu.,whois_humpty_1781587057,Maia,Maia,,Immortals,high,,,,,,,,,,,Maia,M,,immortal,immortal_term=Maia | race_term=Maia,1,no
char_xed,Xed,,,,,,,,,,retired,Vala,no,no,2026_06_16_retired_immortals,MUME retired immortal list,List current as of 2026-06-16,immortal_2026_06_16_retired_immortals_xed_67_listed_retired_immortal,candidate,Copied by Lewis. Includes Boardreaders and honorary True Legend entry for Norsu.,whois_xed_1781606765,Vala,Vala,,Immortals,high,Architect,Architect,Architect,high,,,,,,,Vala,V,Architect,immortal,immortal_term=Vala | race_term=Vala,1,no
char_foin,Foin,,,,,,,,,,retired,Maia,no,no,2026_06_16_retired_immortals,MUME retired immortal list,List current as of 2026-06-16,immortal_2026_06_16_retired_immortals_foin_103_listed_retired_immortal,candidate,Copied by Lewis. Includes Boardreaders and honorary True Legend entry for Norsu.,whois_foin_1781579804,Maia,Maia,,Immortals,high,Wright,Wright,Wright,high,,,,,,,Maia,M,Wright,immortal,immortal_term=Maia | race_term=Maia,1,no
char_indur,Indur,,,,,,,,,,retired,Boardreader,no,no,2026_06_16_retired_immortals,MUME retired immortal list,List current as of 2026-06-16,immortal_2026_06_16_retired_immortals_indur_514_listed_retired_immortal,candidate,Copied by Lewis. Includes Boardreaders and honorary True Legend entry for Norsu.,whois_indur_1781587135,Maia,Maia,,Immortals,high,,,,,,,,,,,Maia,M,,immortal,immortal_term=Maia | race_term=Maia,1,no
char_xcrxx,Xcrxx,,,,,,,,,,retired,Boardreader,no,no,2026_06_16_retired_immortals,MUME retired immortal list,List current as of 2026-06-16,immortal_2026_06_16_retired_immortals_xcrxx_778_listed_retired_immortal,candidate,Copied by Lewis. Includes Boardreaders and honorary True Legend entry for Norsu.,whois_xcrxx_1781606760,Maia,Maia,,Immortals,high,,,,,,,,,,,Maia,M,,immortal,immortal_term=Maia | race_term=Maia,1,no
char_maedhros,Maedhros,,,,,,,,,,retired,Vala,no,no,2026_06_16_retired_immortals,MUME retired immortal list,List current as of 2026-06-16,immortal_2026_06_16_retired_immortals_maedhros_58_listed_retired_immortal,candidate,Copied by Lewis. Includes Boardreaders and honorary True Legend entry for Norsu.,whois_maedhros_1781604550,Vala,Vala,,Immortals,high,Architect,Architect,Architect,high,,,,,,,Vala,V,Architect,immortal,immortal_term=Vala | race_term=Vala,1,no
char_singleton,Singleton,,,,,,,,,,retired,Boardreader,no,no,2026_06_16_retired_immortals,MUME retired immortal list,List current as of 2026-06-16,immortal_2026_06_16_retired_immortals_singleton_712_listed_retired_immortal,candidate,Copied by Lewis. Includes Boardreaders and honorary True Legend entry for Norsu.,whois_singleton_1781605933,Maia,Maia,,Immortals,high,,,,,,,,,,,Maia,M,,immortal,immortal_term=Maia | race_term=Maia,1,no
char_kal,Kal,,,,,,,,,,retired,Maia,no,no,2026_06_16_retired_immortals,MUME retired immortal list,List current as of 2026-06-16,immortal_2026_06_16_retired_immortals_kal_119_listed_retired_immortal,candidate,Copied by Lewis. Includes Boardreaders and honorary True Legend entry for Norsu.,whois_kal_1781603908,Maia,Maia,,Immortals,high,Wright,Wright,Wright,high,,,,,,,Maia,M,Wright,immortal,immortal_term=Maia | race_term=Maia,1,no
char_khrun,Khrun,,,,,,,,,,retired,Boardreader,no,no,2026_06_16_retired_immortals,MUME retired immortal list,List current as of 2026-06-16,immortal_2026_06_16_retired_immortals_khrun_545_listed_retired_immortal,candidate,Copied by Lewis. Includes Boardreaders and honorary True Legend entry for Norsu.,whois_khrun_1781604074,Maia,Maia,,Immortals,high,,,,,,,,,,,Maia,M,,immortal,immortal_term=Maia | race_term=Maia,1,no
char_zerototh,Zerototh,,,,,,,,,,retired,Boardreader,no,no,2026_06_16_retired_immortals,MUME retired immortal list,List current as of 2026-06-16,immortal_2026_06_16_retired_immortals_zerototh_793_listed_retired_immortal,candidate,Copied by Lewis. Includes Boardreaders and honorary True Legend entry for Norsu.,whois_zerototh_1781606916,Maia,Maia,,Immortals,high,,,,,,,,,,,Maia,M,,immortal,immortal_term=Maia | race_term=Maia,1,no
char_legon,Legon,,,,,,,,,,retired,Maia,no,no,2026_06_16_retired_immortals,MUME retired immortal list,List current as of 2026-06-16,immortal_2026_06_16_retired_immortals_legon_255_listed_retired_immortal,candidate,Copied by Lewis. Includes Boardreaders and honorary True Legend entry for Norsu.,whois_legon_1781604320,lost deep inside the Mirkwood is a Maia,Maia,,Immortals,high,Cartographer,Cartographer,Cartographer,high,,,,,,,Maia,M,Cartographer,immortal,immortal_term=Maia | race_term=Maia | unmatched=lost deep inside the Mirkwood is a,1,no
char_dhalia,Dhalia,,,,,,,,,,retired,Boardreader,no,no,2026_06_16_retired_immortals,MUME retired immortal list,List current as of 2026-06-16,immortal_2026_06_16_retired_immortals_dhalia_409_listed_retired_immortal,candidate,Copied by Lewis. Includes Boardreaders and honorary True Legend entry for Norsu.,whois_dhalia_1781578906,Maia,Maia,,Immortals,high,,,,,,,,,,,Maia,M,,immortal,immortal_term=Maia | race_term=Maia,1,no
char_araw,Araw,,,,,,,,,,retired,Boardreader,no,no,2026_06_16_retired_immortals,MUME retired immortal list,List current as of 2026-06-16,immortal_2026_06_16_retired_immortals_araw_323_listed_retired_immortal,candidate,Copied by Lewis. Includes Boardreaders and honorary True Legend entry for Norsu.,whois_araw_1781577588,Maia,Maia,,Immortals,high,,,,,,,,,,,Maia,M,,immortal,immortal_term=Maia | race_term=Maia,1,no
char_erach,Erach,,,,,,,,,,retired,Boardreader,no,no,2026_06_16_retired_immortals,MUME retired immortal list,List current as of 2026-06-16,immortal_2026_06_16_retired_immortals_erach_435_listed_retired_immortal,candidate,Copied by Lewis. Includes Boardreaders and honorary True Legend entry for Norsu.,whois_erach_1781579281,Maia,Maia,,Immortals,high,,,,,,,,,,,Maia,M,,immortal,immortal_term=Maia | race_term=Maia,1,no
char_ready,ready,,,,,,,,,,,,,,,,,,,,whois_ready_1781578828,Vala,Vala,,Immortals,high,Architect,Architect,Architect,high,,,,,,,Vala,V,Architect,immortal,immortal_term=Vala | race_term=Vala,1,no
char_chicken,Chicken,,,,,,,,,,retired,Maia,no,no,2026_06_16_retired_immortals,MUME retired immortal list,List current as of 2026-06-16,immortal_2026_06_16_retired_immortals_chicken_93_listed_retired_immortal,candidate,Copied by Lewis. Includes Boardreaders and honorary True Legend entry for Norsu.,whois_chicken_1781578641,forbidden to get a kit by the Valar is a Maia,Maia,,Immortals,high,Wright,Wright,Wright,high,,,,,,,Maia,M,Wright,immortal,immortal_term=Maia | race_term=Maia | unmatched=forbidden to get a kit by the Valar is a,1,no
char_ennui,Ennui,,,,,,,,,,current,Maia,no,no,2026_06_16_current_immortals,MUME current immortal list,List current as of 2026-06-16,immortal_2026_06_16_current_immortals_ennui_67_listed_current_immortal,candidate,Copied by Lewis. (+m) means the immortal is also a Maiar Muddler / muddle code contributor.,whois_ennui_1781579259,Maia,Maia,,Immortals,high,Cartographer,Cartographer,Cartographer,high,,,,,,,Maia,M,Cartographer,immortal,immortal_term=Maia | race_term=Maia,1,no
char_ciara,Ciara,,,,,,,,,,current,Maia,no,no,2026_06_16_current_immortals,MUME current immortal list,List current as of 2026-06-16,immortal_2026_06_16_current_immortals_ciara_62_listed_current_immortal,candidate,Copied by Lewis. (+m) means the immortal is also a Maiar Muddler / muddle code contributor.,whois_ciara_1781578663,Maia,Maia,,Immortals,high,Cartographer,Cartographer,Cartographer,high,,,,,,,Maia,M,Cartographer,immortal,immortal_term=Maia | race_term=Maia,1,no
char_marte,Marte,,,,,,,,,,current,Maia,no,no,2026_06_16_current_immortals,MUME current immortal list,List current as of 2026-06-16,immortal_2026_06_16_current_immortals_marte_84_listed_current_immortal,candidate,Copied by Lewis. (+m) means the immortal is also a Maiar Muddler / muddle code contributor.,whois_marte_1781604680,Maia,Maia,,Immortals,high,Cartographer,Cartographer,Cartographer,high,,,,,,,Maia,M,Cartographer,immortal,immortal_term=Maia | race_term=Maia,1,no
char_bore,Bore,,,,,,,,,,retired,Boardreader,no,no,2026_06_16_retired_immortals,MUME retired immortal list,List current as of 2026-06-16,immortal_2026_06_16_retired_immortals_bore_358_listed_retired_immortal,candidate,Copied by Lewis. Includes Boardreaders and honorary True Legend entry for Norsu.,whois_bore_1781578465,Maia,Maia,,Immortals,high,,,,,,,,,,,Maia,M,,immortal,immortal_term=Maia | race_term=Maia,1,no
char_grax,Grax,,,,,,,,,,retired,Maia,no,no,2026_06_16_retired_immortals,MUME retired immortal list,List current as of 2026-06-16,immortal_2026_06_16_retired_immortals_grax_110_listed_retired_immortal,candidate,Copied by Lewis. Includes Boardreaders and honorary True Legend entry for Norsu.,whois_grax_1781580076,Maia,Maia,,Immortals,high,Wright,Wright,Wright,high,,,,,,,Maia,M,Wright,immortal,immortal_term=Maia | race_term=Maia,1,no
char_kroz,Kroz,,,,,,,,,,retired,Vala,no,no,2026_06_16_retired_immortals,MUME retired immortal list,List current as of 2026-06-16,immortal_2026_06_16_retired_immortals_kroz_26_listed_retired_immortal,candidate,Copied by Lewis. Includes Boardreaders and honorary True Legend entry for Norsu.,whois_kroz_1781604209,Vala,Vala,,Immortals,high,Mudller,Mudller,Mudller,high,,,,,,,Vala,V,Mudller,immortal,immortal_term=Vala | race_term=Vala,1,no
char_berogond,Berogond,,,,,,,,,,retired,Boardreader,no,no,2026_06_16_retired_immortals,MUME retired immortal list,List current as of 2026-06-16,immortal_2026_06_16_retired_immortals_berogond_350_listed_retired_immortal,candidate,Copied by Lewis. Includes Boardreaders and honorary True Legend entry for Norsu.,whois_berogond_1781577942,Maia,Maia,,Immortals,high,,,,,,,,,,,Maia,M,,immortal,immortal_term=Maia | race_term=Maia,1,no
char_felbad,Felbad,,,,,,,,,,retired,Boardreader,no,no,2026_06_16_retired_immortals,MUME retired immortal list,List current as of 2026-06-16,immortal_2026_06_16_retired_immortals_felbad_447_listed_retired_immortal,candidate,Copied by Lewis. Includes Boardreaders and honorary True Legend entry for Norsu.,whois_felbad_1781579695,Maia,Maia,,Immortals,high,,,,,,,,,,,Maia,M,,immortal,immortal_term=Maia | race_term=Maia,1,no
char_antti,Antti,,,,,,,,,,current,Vala,no,no,2026_06_16_current_immortals,MUME current immortal list,List current as of 2026-06-16,immortal_2026_06_16_current_immortals_antti_12_listed_current_immortal,candidate,Copied by Lewis. (+m) means the immortal is also a Maiar Muddler / muddle code contributor.,whois_antti_1781577550,Vala,Vala,,Immortals,high,Architect,Architect,Architect,high,,,,,,,Vala,V,Architect,immortal,immortal_term=Vala | race_term=Vala,1,no
char_qwerty,Qwerty,,,,,,,,,,retired,Maia,no,no,2026_06_16_retired_immortals,MUME retired immortal list,List current as of 2026-06-16,immortal_2026_06_16_retired_immortals_qwerty_151_listed_retired_immortal,candidate,Copied by Lewis. Includes Boardreaders and honorary True Legend entry for Norsu.,whois_qwerty_1781605449,Maia,Maia,,Immortals,high,Wright,Wright,Wright,high,,,,,,,Maia,M,Wright,immortal,immortal_term=Maia | race_term=Maia,1,no
char_ulmo,Ulmo,,,,,,,,,,retired,Maia,no,no,2026_06_16_retired_immortals,MUME retired immortal list,List current as of 2026-06-16,immortal_2026_06_16_retired_immortals_ulmo_167_listed_retired_immortal,candidate,Copied by Lewis. Includes Boardreaders and honorary True Legend entry for Norsu.,whois_ulmo_1781606484,Maia,Maia,,Immortals,high,Wright,Wright,Wright,high,,,,,,,Maia,M,Wright,immortal,immortal_term=Maia | race_term=Maia,1,no
char_tinkerbell,Tinkerbell,,,,,,,,,,retired,Vala,no,no,2026_06_16_retired_immortals,MUME retired immortal list,List current as of 2026-06-16,immortal_2026_06_16_retired_immortals_tinkerbell_64_listed_retired_immortal,candidate,Copied by Lewis. Includes Boardreaders and honorary True Legend entry for Norsu.,whois_tinkerbell_1781606347,glad to see MUME is still thriving is a Valië,Vala,,Immortals,medium,,,,,,,,,,,,,,parser_suspect_or_custom_descriptor,unmatched=glad to see MUME is still thriving is a Valië | race_unknown | base_class_unknown,1,yes
char_magicus,Magicus,,,,,,,,,,retired,Boardreader,no,no,2026_06_16_retired_immortals,MUME retired immortal list,List current as of 2026-06-16,immortal_2026_06_16_retired_immortals_magicus_583_listed_retired_immortal,candidate,Copied by Lewis. Includes Boardreaders and honorary True Legend entry for Norsu.,whois_magicus_1781604558,Maia,Maia,,Immortals,high,,,,,,,,,,,Maia,M,,immortal,immortal_term=Maia | race_term=Maia,1,no
char_öseler,Öseler,,,,,,,,,,retired,Boardreader,no,no,2026_06_16_retired_immortals,MUME retired immortal list,List current as of 2026-06-16,immortal_2026_06_16_retired_immortals_oseler_643_listed_retired_immortal,candidate,Copied by Lewis. Includes Boardreaders and honorary True Legend entry for Norsu.,whois_öseler_1781607007,Maia,Maia,,Immortals,high,,,,,,,,,,,Maia,M,,immortal,immortal_term=Maia | race_term=Maia,1,no
char_bullroarer,Bullroarer,,,,,,,,,,retired,Boardreader,no,no,2026_06_16_retired_immortals,MUME retired immortal list,List current as of 2026-06-16,immortal_2026_06_16_retired_immortals_bullroarer_363_listed_retired_immortal,candidate,Copied by Lewis. Includes Boardreaders and honorary True Legend entry for Norsu.,whois_bullroarer_1781578503,Maia,Maia,,Immortals,high,,,,,,,,,,,Maia,M,,immortal,immortal_term=Maia | race_term=Maia,1,no
char_jab,Jab,,,,,,,,,,current,Maia,no,no,2026_06_16_current_immortals,MUME current immortal list,List current as of 2026-06-16,immortal_2026_06_16_current_immortals_jab_38_listed_current_immortal,candidate,Copied by Lewis. (+m) means the immortal is also a Maiar Muddler / muddle code contributor.,whois_jab_1781603835,Maia,Maia,,Immortals,high,Wright,Wright,Wright,high,,,,,,,Maia,M,Wright,immortal,immortal_term=Maia | race_term=Maia,1,no
char_snowdrop,Snowdrop,,,,,,,,,,current,Maia,no,no,2026_06_16_current_immortals,MUME current immortal list,List current as of 2026-06-16,immortal_2026_06_16_current_immortals_snowdrop_94_listed_current_immortal,candidate,Copied by Lewis. (+m) means the immortal is also a Maiar Muddler / muddle code contributor.,whois_snowdrop_1781606014,Maia,Maia,,Immortals,high,Cartographer,Cartographer,Cartographer,high,,,,,,,Maia,M,Cartographer,immortal,immortal_term=Maia | race_term=Maia,1,no
char_utu,Utu,,,,,,,,,,retired,Maia,no,no,2026_06_16_retired_immortals,MUME retired immortal list,List current as of 2026-06-16,immortal_2026_06_16_retired_immortals_utu_201_listed_retired_immortal,candidate,Copied by Lewis. Includes Boardreaders and honorary True Legend entry for Norsu.,whois_utu_1781606517,Maia,Maia,,Immortals,high,Builder,Builder,Builder,high,,,,,,,Maia,M,Builder,immortal,immortal_term=Maia | race_term=Maia,1,no
char_wulfgart,Wulfgart,,,,,,,,,,retired,Boardreader,no,no,2026_06_16_retired_immortals,MUME retired immortal list,List current as of 2026-06-16,immortal_2026_06_16_retired_immortals_wulfgart_776_listed_retired_immortal,candidate,Copied by Lewis. Includes Boardreaders and honorary True Legend entry for Norsu.,whois_wulfgart_1781606748,Maia,Maia,,Immortals,high,,,,,,,,,,,Maia,M,,immortal,immortal_term=Maia | race_term=Maia,1,no
char_rubrik,Rubrik,,,,,,,,,,retired,Boardreader,no,no,2026_06_16_retired_immortals,MUME retired immortal list,List current as of 2026-06-16,immortal_2026_06_16_retired_immortals_rubrik_684_listed_retired_immortal,candidate,Copied by Lewis. Includes Boardreaders and honorary True Legend entry for Norsu.,whois_rubrik_1781605663,Maia,Maia,,Immortals,high,,,,,,,,,,,Maia,M,,immortal,immortal_term=Maia | race_term=Maia,1,no
char_lamia,Lamia,,,,,,,,,,current,Maia,no,no,2026_06_16_current_immortals,MUME current immortal list,List current as of 2026-06-16,immortal_2026_06_16_current_immortals_lamia_53_listed_current_immortal,candidate,Copied by Lewis. (+m) means the immortal is also a Maiar Muddler / muddle code contributor.,whois_lamia_1781604237,Maia,Maia,,Immortals,high,Builder,Builder,Builder,high,,,,,,,Maia,M,Builder,immortal,immortal_term=Maia | race_term=Maia,1,no
char_lorena,Lorena,,,,,,,,,,retired,Boardreader,no,no,2026_06_16_retired_immortals,MUME retired immortal list,List current as of 2026-06-16,immortal_2026_06_16_retired_immortals_lorena_578_listed_retired_immortal,candidate,Copied by Lewis. Includes Boardreaders and honorary True Legend entry for Norsu.,whois_lorena_1781604453,Maia,Maia,,Immortals,high,,,,,,,,,,,Maia,M,,immortal,immortal_term=Maia | race_term=Maia,1,no
char_bayd,Bayd,,,,,,,,,,retired,Boardreader,no,no,2026_06_16_retired_immortals,MUME retired immortal list,List current as of 2026-06-16,immortal_2026_06_16_retired_immortals_bayd_343_listed_retired_immortal,candidate,Copied by Lewis. Includes Boardreaders and honorary True Legend entry for Norsu.,whois_bayd_1781577870,Maia,Maia,,Immortals,high,,,,,,,,,,,Maia,M,,immortal,immortal_term=Maia | race_term=Maia,1,no
char_nada,Nada,,,,,,,,,,retired,Implementor,no,no,2026_06_16_retired_immortals,MUME retired immortal list,List current as of 2026-06-16,immortal_2026_06_16_retired_immortals_nada_2_listed_retired_immortal,candidate,Copied by Lewis. Includes Boardreaders and honorary True Legend entry for Norsu.,whois_nada_1781604987,Implementor,Implementor,,Immortals,high,,,,,,,,,,,Implementor,I,,immortal,immortal_term=Implementor,1,no
char_gilthanas,Gilthanas,,,,,,,,,,retired,Boardreader,no,no,2026_06_16_retired_immortals,MUME retired immortal list,List current as of 2026-06-16,immortal_2026_06_16_retired_immortals_gilthanas_477_listed_retired_immortal,candidate,Copied by Lewis. Includes Boardreaders and honorary True Legend entry for Norsu.,whois_gilthanas_1781580009,too absorbed by Magic is a Maia,Maia,,Immortals,high,,,,,,,,,,,Maia,M,,immortal,immortal_term=Maia | race_term=Maia | unmatched=too absorbed by Magic is a,1,no
char_karnak,Karnak,,,,,,,,,,retired,Maia,no,no,2026_06_16_retired_immortals,MUME retired immortal list,List current as of 2026-06-16,immortal_2026_06_16_retired_immortals_karnak_120_listed_retired_immortal,candidate,Copied by Lewis. Includes Boardreaders and honorary True Legend entry for Norsu.,whois_karnak_1781603957,Maia,Maia,,Immortals,high,Wright,Wright,Wright,high,,,,,,,Maia,M,Wright,immortal,immortal_term=Maia | race_term=Maia,1,no
char_rivas,Rivas,,,,,,,,,,retired,Maia,no,no,2026_06_16_retired_immortals,MUME retired immortal list,List current as of 2026-06-16,immortal_2026_06_16_retired_immortals_rivas_153_listed_retired_immortal,candidate,Copied by Lewis. Includes Boardreaders and honorary True Legend entry for Norsu.,whois_rivas_1781605596,Elf is a Maia,Maia,,Immortals,high,Wright,Wright,Wright,high,,,,,,,Maia,M,Wright,immortal,immortal_term=Maia | race_term=Maia | unmatched=Elf is a,1,no
char_guzzi,Guzzi,,,,,,,,,,retired,Boardreader,no,no,2026_06_16_retired_immortals,MUME retired immortal list,List current as of 2026-06-16,immortal_2026_06_16_retired_immortals_guzzi_490_listed_retired_immortal,candidate,Copied by Lewis. Includes Boardreaders and honorary True Legend entry for Norsu.,whois_guzzi_1781586124,Maia,Maia,,Immortals,high,,,,,,,,,,,Maia,M,,immortal,immortal_term=Maia | race_term=Maia,1,no
char_paras,Paras,,,,,,,,,,retired,Maia,no,no,2026_06_16_retired_immortals,MUME retired immortal list,List current as of 2026-06-16,immortal_2026_06_16_retired_immortals_paras_149_listed_retired_immortal,candidate,Copied by Lewis. Includes Boardreaders and honorary True Legend entry for Norsu.,whois_paras_1781605314,Maia,Maia,,Immortals,high,Wright,Wright,Wright,high,,,,,,,Maia,M,Wright,immortal,immortal_term=Maia | race_term=Maia,1,no
char_mandos,Mandos,,,,,,,,,,retired,Vala,no,no,2026_06_16_retired_immortals,MUME retired immortal list,List current as of 2026-06-16,immortal_2026_06_16_retired_immortals_mandos_29_listed_retired_immortal,candidate,Copied by Lewis. Includes Boardreaders and honorary True Legend entry for Norsu.,whois_mandos_1781604629,Vala,Vala,,Immortals,high,Mudller,Mudller,Mudller,high,,,,,,,Vala,V,Mudller,immortal,immortal_term=Vala | race_term=Vala,1,no
char_cielo,Cielo,,,,,,,,,,retired,Boardreader,no,no,2026_06_16_retired_immortals,MUME retired immortal list,List current as of 2026-06-16,immortal_2026_06_16_retired_immortals_cielo_379_listed_retired_immortal,candidate,Copied by Lewis. Includes Boardreaders and honorary True Legend entry for Norsu.,whois_cielo_1781578668,Maia,Maia,,Immortals,high,,,,,,,,,,,Maia,M,,immortal,immortal_term=Maia | race_term=Maia,1,no
char_darquin,Darquin,,,,,,,,,,retired,Boardreader,no,no,2026_06_16_retired_immortals,MUME retired immortal list,List current as of 2026-06-16,immortal_2026_06_16_retired_immortals_darquin_397_listed_retired_immortal,candidate,Copied by Lewis. Includes Boardreaders and honorary True Legend entry for Norsu.,whois_darquin_1781578823,Maia,Maia,,Immortals,high,,,,,,,,,,,Maia,M,,immortal,immortal_term=Maia | race_term=Maia,1,no
char_sephrenio,Sephrenio,,,,,,,,,,retired,Boardreader,no,no,2026_06_16_retired_immortals,MUME retired immortal list,List current as of 2026-06-16,immortal_2026_06_16_retired_immortals_sephrenio_698_listed_retired_immortal,candidate,Copied by Lewis. Includes Boardreaders and honorary True Legend entry for Norsu.,whois_sephrenio_1781605818,Maia,Maia,,Immortals,high,,,,,,,,,,,Maia,M,,immortal,immortal_term=Maia | race_term=Maia,1,no
char_óin,Óin,,,,,,,,,,retired,Vala,no,no,2026_06_16_retired_immortals,MUME retired immortal list,List current as of 2026-06-16,immortal_2026_06_16_retired_immortals_oin_59_listed_retired_immortal,candidate,Copied by Lewis. Includes Boardreaders and honorary True Legend entry for Norsu.,whois_óin_1781606996,Vala,Vala,,Immortals,high,Architect,Architect,Architect,high,,,,,,,Vala,V,Architect,immortal,immortal_term=Vala | race_term=Vala,1,no
char_urdorf,Urdorf,,,,,,,,,,retired,Boardreader,no,no,2026_06_16_retired_immortals,MUME retired immortal list,List current as of 2026-06-16,immortal_2026_06_16_retired_immortals_urdorf_758_listed_retired_immortal,candidate,Copied by Lewis. Includes Boardreaders and honorary True Legend entry for Norsu.,whois_urdorf_1781606500,Maia,Maia,,Immortals,high,,,,,,,,,,,Maia,M,,immortal,immortal_term=Maia | race_term=Maia,1,no
char_éldrôk,Éldrôk,,,,,,,,,,current,Maia,no,no,2026_06_16_current_immortals,MUME current immortal list,List current as of 2026-06-16,immortal_2026_06_16_current_immortals_eldrok_64_listed_current_immortal,candidate,Copied by Lewis. (+m) means the immortal is also a Maiar Muddler / muddle code contributor.,whois_éldrôk_1781606990,Mapping is a Maia,Maia,,Immortals,high,Cartographer,Cartographer,Cartographer,high,,,,,,,Maia,M,Cartographer,immortal,immortal_term=Maia | race_term=Maia | unmatched=Mapping is a,1,no
char_galen,Galen,,,,,,,,,,retired,Vala,no,no,2026_06_16_retired_immortals,MUME retired immortal list,List current as of 2026-06-16,immortal_2026_06_16_retired_immortals_galen_51_listed_retired_immortal,candidate,Copied by Lewis. Includes Boardreaders and honorary True Legend entry for Norsu.,whois_galen_1781579916,Vala,Vala,,Immortals,high,Architect,Architect,Architect,high,,,,,,,Vala,V,Architect,immortal,immortal_term=Vala | race_term=Vala,1,no
char_zun,Zun,,,,,,,,,,retired,Maia,no,no,2026_06_16_retired_immortals,MUME retired immortal list,List current as of 2026-06-16,immortal_2026_06_16_retired_immortals_zun_174_listed_retired_immortal,candidate,Copied by Lewis. Includes Boardreaders and honorary True Legend entry for Norsu.,whois_zun_1781606984,Maia,Maia,,Immortals,high,Wright,Wright,Wright,high,,,,,,,Maia,M,Wright,immortal,immortal_term=Maia | race_term=Maia,1,no
char_zolt,Zolt,,,,,,,,,,retired,Maia,no,no,2026_06_16_retired_immortals,MUME retired immortal list,List current as of 2026-06-16,immortal_2026_06_16_retired_immortals_zolt_173_listed_retired_immortal,candidate,Copied by Lewis. Includes Boardreaders and honorary True Legend entry for Norsu.,whois_zolt_1781606977,Maia,Maia,,Immortals,high,Wright,Wright,Wright,high,,,,,,,Maia,M,Wright,immortal,immortal_term=Maia | race_term=Maia,1,no
char_scio,Scio,,,,,,,,,,current,Maia,no,no,2026_06_16_current_immortals,MUME current immortal list,List current as of 2026-06-16,immortal_2026_06_16_current_immortals_scio_92_listed_current_immortal,candidate,Copied by Lewis. (+m) means the immortal is also a Maiar Muddler / muddle code contributor.,whois_scio_1781605795,Maia,Maia,,Immortals,high,Cartographer,Cartographer,Cartographer,high,,,,,,,Maia,M,Cartographer,immortal,immortal_term=Maia | race_term=Maia,1,no
char_access,Access,,,,,,,,,,retired,Boardreader,no,no,2026_06_16_retired_immortals,MUME retired immortal list,List current as of 2026-06-16,immortal_2026_06_16_retired_immortals_access_293_listed_retired_immortal,candidate,Copied by Lewis. Includes Boardreaders and honorary True Legend entry for Norsu.,whois_access_1781576616,Maia,Maia,,Immortals,high,,,,,,,,,,,Maia,M,,immortal,immortal_term=Maia | race_term=Maia,1,no
char_zlinduq,Zlinduq,,,,,,,,,,retired,Boardreader,no,no,2026_06_16_retired_immortals,MUME retired immortal list,List current as of 2026-06-16,immortal_2026_06_16_retired_immortals_zlinduq_798_listed_retired_immortal,candidate,Copied by Lewis. Includes Boardreaders and honorary True Legend entry for Norsu.,whois_zlinduq_1781606971,now separated iRL is a Maia,Maia,,Immortals,high,,,,,,,,,,,Maia,M,,immortal,immortal_term=Maia | race_term=Maia | unmatched=now separated iRL is a,1,no
char_fakhr,Fakhr,,,,,,,,,,retired,Maia,no,no,2026_06_16_retired_immortals,MUME retired immortal list,List current as of 2026-06-16,immortal_2026_06_16_retired_immortals_fakhr_232_listed_retired_immortal,candidate,Copied by Lewis. Includes Boardreaders and honorary True Legend entry for Norsu.,whois_fakhr_1781579653,Maia,Maia,,Immortals,high,Cartographer,Cartographer,Cartographer,high,,,,,,,Maia,M,Cartographer,immortal,immortal_term=Maia | race_term=Maia,1,no
char_fgiri,Fgiri,,,,,,,,,,retired,Boardreader,no,no,2026_06_16_retired_immortals,MUME retired immortal list,List current as of 2026-06-16,immortal_2026_06_16_retired_immortals_fgiri_453_listed_retired_immortal,candidate,Copied by Lewis. Includes Boardreaders and honorary True Legend entry for Norsu.,whois_fgiri_1781579728,Maia,Maia,,Immortals,high,,,,,,,,,,,Maia,M,,immortal,immortal_term=Maia | race_term=Maia,1,no
char_ancalagon,Ancalagon,,,,,,,,,,retired,Vala,no,no,2026_06_16_retired_immortals,MUME retired immortal list,List current as of 2026-06-16,immortal_2026_06_16_retired_immortals_ancalagon_18_listed_retired_immortal,candidate,Copied by Lewis. Includes Boardreaders and honorary True Legend entry for Norsu.,whois_ancalagon_1781576836,Vala,Vala,,Immortals,high,Mudller,Mudller,Mudller,high,,,,,,,Vala,V,Mudller,immortal,immortal_term=Vala | race_term=Vala,1,no
char_ahura,Ahura,,,,,,,,,,retired,Boardreader,no,no,2026_06_16_retired_immortals,MUME retired immortal list,List current as of 2026-06-16,immortal_2026_06_16_retired_immortals_ahura_303_listed_retired_immortal,candidate,Copied by Lewis. Includes Boardreaders and honorary True Legend entry for Norsu.,whois_ahura_1781576677,Maia,Maia,,Immortals,high,,,,,,,,,,,Maia,M,,immortal,immortal_term=Maia | race_term=Maia,1,no
char_zathras,Zathras,,,,,,,,,,current,Maia,no,no,2026_06_16_current_immortals,MUME current immortal list,List current as of 2026-06-16,immortal_2026_06_16_current_immortals_zathras_49_listed_current_immortal,candidate,Copied by Lewis. (+m) means the immortal is also a Maiar Muddler / muddle code contributor.,whois_zathras_1781606894,Maia,Maia,,Immortals,high,Wright,Wright,Wright,high,,,,,,,Maia,M,Wright,immortal,immortal_term=Maia | race_term=Maia,1,no
char_wozak,Wozak,,,,,,,,,,retired,Maia,no,no,2026_06_16_retired_immortals,MUME retired immortal list,List current as of 2026-06-16,immortal_2026_06_16_retired_immortals_wozak_169_listed_retired_immortal,candidate,Copied by Lewis. Includes Boardreaders and honorary True Legend entry for Norsu.,whois_wozak_1781606731,Maia,Maia,,Immortals,high,Wright,Wright,Wright,high,,,,,,,Maia,M,Wright,immortal,immortal_term=Maia | race_term=Maia,1,no
char_division,division,,,,,,,,,,,,,,,,,,,,whois_division_1781578944,Maia,Maia,,Immortals,high,Builder,Builder,Builder,high,,,,,,,Maia,M,Builder,immortal,immortal_term=Maia | race_term=Maia,1,no
char_shaalak,Shaalak,,,,,,,,,,current,Maia,no,no,2026_06_16_current_immortals,MUME current immortal list,List current as of 2026-06-16,immortal_2026_06_16_current_immortals_shaalak_93_listed_current_immortal,candidate,Copied by Lewis. (+m) means the immortal is also a Maiar Muddler / muddle code contributor.,whois_shaalak_1781605835,Maia,Maia,,Immortals,high,Cartographer,Cartographer,Cartographer,high,,,,,,,Maia,M,Cartographer,immortal,immortal_term=Maia | race_term=Maia,1,no
char_fili,Fili,,,,,,,,,,retired,Aratar,no,no,2026_06_16_retired_immortals,MUME retired immortal list,List current as of 2026-06-16,immortal_2026_06_16_retired_immortals_fili_5_listed_retired_immortal,candidate,Copied by Lewis. Includes Boardreaders and honorary True Legend entry for Norsu.,whois_fili_1781579739,"Vala, one of the Aratar",Vala,,Immortals,high,,,,,,,,,,,Arata,A,,immortal,immortal_term=one of the Aratar | race_term=Vala,1,no
char_elan,Elan,,,,,,,,,,retired,Maia,no,no,2026_06_16_retired_immortals,MUME retired immortal list,List current as of 2026-06-16,immortal_2026_06_16_retired_immortals_elan_184_listed_retired_immortal,candidate,Copied by Lewis. Includes Boardreaders and honorary True Legend entry for Norsu.,whois_elan_1781579105,Maia,Maia,,Immortals,high,Builder,Builder,Builder,high,,,,,,,Maia,M,Builder,immortal,immortal_term=Maia | race_term=Maia,1,no
char_zhot,Zhot,,,,,,,,,,retired,Boardreader,no,no,2026_06_16_retired_immortals,MUME retired immortal list,List current as of 2026-06-16,immortal_2026_06_16_retired_immortals_zhot_795_listed_retired_immortal,candidate,Copied by Lewis. Includes Boardreaders and honorary True Legend entry for Norsu.,whois_zhot_1781606937,Maia,Maia,,Immortals,high,,,,,,,,,,,Maia,M,,immortal,immortal_term=Maia | race_term=Maia,1,no
char_ada,Ada,,,,,,,,,,retired,Boardreader,no,no,2026_06_16_retired_immortals,MUME retired immortal list,List current as of 2026-06-16,immortal_2026_06_16_retired_immortals_ada_295_listed_retired_immortal,candidate,Copied by Lewis. Includes Boardreaders and honorary True Legend entry for Norsu.,whois_ada_1781576628,Maia,Maia,,Immortals,high,,,,,,,,,,,Maia,M,,immortal,immortal_term=Maia | race_term=Maia,1,no
char_shura,Shura,,,,,,,,,,retired,Boardreader,no,no,2026_06_16_retired_immortals,MUME retired immortal list,List current as of 2026-06-16,immortal_2026_06_16_retired_immortals_shura_705_listed_retired_immortal,candidate,Copied by Lewis. Includes Boardreaders and honorary True Legend entry for Norsu.,whois_shura_1781605883,Maia,Maia,,Immortals,high,,,,,,,,,,,Maia,M,,immortal,immortal_term=Maia | race_term=Maia,1,no
char_fenderjaguar,Fenderjaguar,,,,,,,,,,retired,Boardreader,no,no,2026_06_16_retired_immortals,MUME retired immortal list,List current as of 2026-06-16,immortal_2026_06_16_retired_immortals_fenderjaguar_448_listed_retired_immortal,candidate,Copied by Lewis. Includes Boardreaders and honorary True Legend entry for Norsu.,whois_fenderjaguar_1781579700,Maia,Maia,,Immortals,high,,,,,,,,,,,Maia,M,,immortal,immortal_term=Maia | race_term=Maia,1,no
char_zenon,Zenon,,,,,,,,,,retired,Boardreader,no,no,2026_06_16_retired_immortals,MUME retired immortal list,List current as of 2026-06-16,immortal_2026_06_16_retired_immortals_zenon_792_listed_retired_immortal,candidate,Copied by Lewis. Includes Boardreaders and honorary True Legend entry for Norsu.,whois_zenon_1781606911,Maia,Maia,,Immortals,high,,,,,,,,,,,Maia,M,,immortal,immortal_term=Maia | race_term=Maia,1,no
char_imrahil,Imrahil,,,,,,,,,,retired,Boardreader,no,no,2026_06_16_retired_immortals,MUME retired immortal list,List current as of 2026-06-16,immortal_2026_06_16_retired_immortals_imrahil_513_listed_retired_immortal,candidate,Copied by Lewis. Includes Boardreaders and honorary True Legend entry for Norsu.,whois_imrahil_1781587119,Maia,Maia,,Immortals,high,,,,,,,,,,,Maia,M,,immortal,immortal_term=Maia | race_term=Maia,1,no
char_mezmeree,Mezmeree,,,,,,,,,,retired,Maia,no,no,2026_06_16_retired_immortals,MUME retired immortal list,List current as of 2026-06-16,immortal_2026_06_16_retired_immortals_mezmeree_138_listed_retired_immortal,candidate,Copied by Lewis. Includes Boardreaders and honorary True Legend entry for Norsu.,whois_mezmeree_1781604820,Maia,Maia,,Immortals,high,Wright,Wright,Wright,high,,,,,,,Maia,M,Wright,immortal,immortal_term=Maia | race_term=Maia,1,no
char_zen,Zen,,,,,,,,,,retired,Boardreader,no,no,2026_06_16_retired_immortals,MUME retired immortal list,List current as of 2026-06-16,immortal_2026_06_16_retired_immortals_zen_791_listed_retired_immortal,candidate,Copied by Lewis. Includes Boardreaders and honorary True Legend entry for Norsu.,whois_zen_1781606905,still. is a Maia,Maia,,Immortals,high,,,,,,,,,,,Maia,M,,immortal,immortal_term=Maia | race_term=Maia | unmatched=still. is a,1,no
char_zemael,Zemael,,,,,,,,,,retired,Maia,no,no,2026_06_16_retired_immortals,MUME retired immortal list,List current as of 2026-06-16,immortal_2026_06_16_retired_immortals_zemael_172_listed_retired_immortal,candidate,Copied by Lewis. Includes Boardreaders and honorary True Legend entry for Norsu.,whois_zemael_1781606900,Maia,Maia,,Immortals,high,Wright,Wright,Wright,high,,,,,,,Maia,M,Wright,immortal,immortal_term=Maia | race_term=Maia,1,no
char_ween,Ween,,,,,,,,,,retired,Boardreader,no,no,2026_06_16_retired_immortals,MUME retired immortal list,List current as of 2026-06-16,immortal_2026_06_16_retired_immortals_ween_770_listed_retired_immortal,candidate,Copied by Lewis. Includes Boardreaders and honorary True Legend entry for Norsu.,whois_ween_1781606692,Maia,Maia,,Immortals,high,,,,,,,,,,,Maia,M,,immortal,immortal_term=Maia | race_term=Maia,1,no
char_hail,Hail,,,,,,,,,,retired,Boardreader,no,no,2026_06_16_retired_immortals,MUME retired immortal list,List current as of 2026-06-16,immortal_2026_06_16_retired_immortals_hail_494_listed_retired_immortal,candidate,Copied by Lewis. Includes Boardreaders and honorary True Legend entry for Norsu.,whois_hail_1781586152,Maia,Maia,,Immortals,high,,,,,,,,,,,Maia,M,,immortal,immortal_term=Maia | race_term=Maia,1,no
char_remember,Remember,,,,,,,,,,,,,,,,,,,,whois_remember_1781577859,game,,,,,,,,,,,,,,,,,,custom_descriptor_unclassified,unmatched=game | race_unknown | base_class_unknown,1,yes
char_deamon,Deamon,,,,,,,,,,retired,Boardreader,no,no,2026_06_16_retired_immortals,MUME retired immortal list,List current as of 2026-06-16,immortal_2026_06_16_retired_immortals_deamon_401_listed_retired_immortal,candidate,Copied by Lewis. Includes Boardreaders and honorary True Legend entry for Norsu.,whois_deamon_1781578856,Maia,Maia,,Immortals,high,,,,,,,,,,,Maia,M,,immortal,immortal_term=Maia | race_term=Maia,1,no
char_tchans,Tchans,,,,,,,,,,retired,Boardreader,no,no,2026_06_16_retired_immortals,MUME retired immortal list,List current as of 2026-06-16,immortal_2026_06_16_retired_immortals_tchans_734_listed_retired_immortal,candidate,Copied by Lewis. Includes Boardreaders and honorary True Legend entry for Norsu.,whois_tchans_1781606204,Maia,Maia,,Immortals,high,,,,,,,,,,,Maia,M,,immortal,immortal_term=Maia | race_term=Maia,1,no
char_zlam,Zlam,,,,,,,,,,retired,Boardreader,no,no,2026_06_16_retired_immortals,MUME retired immortal list,List current as of 2026-06-16,immortal_2026_06_16_retired_immortals_zlam_797_listed_retired_immortal,candidate,Copied by Lewis. Includes Boardreaders and honorary True Legend entry for Norsu.,whois_zlam_1781606964,Maia,Maia,,Immortals,high,,,,,,,,,,,Maia,M,,immortal,immortal_term=Maia | race_term=Maia,1,no
char_rhuler,Rhuler,,,,,,,,,,retired,Boardreader,no,no,2026_06_16_retired_immortals,MUME retired immortal list,List current as of 2026-06-16,immortal_2026_06_16_retired_immortals_rhuler_675_listed_retired_immortal,candidate,Copied by Lewis. Includes Boardreaders and honorary True Legend entry for Norsu.,whois_rhuler_1781605562,Maia,Maia,,Immortals,high,,,,,,,,,,,Maia,M,,immortal,immortal_term=Maia | race_term=Maia,1,no
char_guilin,Guilin,,,,,,,,,,retired,Boardreader,no,no,2026_06_16_retired_immortals,MUME retired immortal list,List current as of 2026-06-16,immortal_2026_06_16_retired_immortals_guilin_489_listed_retired_immortal,candidate,Copied by Lewis. Includes Boardreaders and honorary True Legend entry for Norsu.,whois_guilin_1781580136,Maia,Maia,,Immortals,high,,,,,,,,,,,Maia,M,,immortal,immortal_term=Maia | race_term=Maia,1,no
char_deriel,Deriel,,,,,,,,,,retired,Boardreader,no,no,2026_06_16_retired_immortals,MUME retired immortal list,List current as of 2026-06-16,immortal_2026_06_16_retired_immortals_deriel_407_listed_retired_immortal,candidate,Copied by Lewis. Includes Boardreaders and honorary True Legend entry for Norsu.,whois_deriel_1781578889,Maia,Maia,,Immortals,high,,,,,,,,,,,Maia,M,,immortal,immortal_term=Maia | race_term=Maia,1,no
char_daniel,Daniel,,,,,,,,,,retired,Maia,no,no,2026_06_16_retired_immortals,MUME retired immortal list,List current as of 2026-06-16,immortal_2026_06_16_retired_immortals_daniel_95_listed_retired_immortal,candidate,Copied by Lewis. Includes Boardreaders and honorary True Legend entry for Norsu.,whois_daniel_1781578795,Maia,Maia,,Immortals,high,Wright,Wright,Wright,high,,,,,,,Maia,M,Wright,immortal,immortal_term=Maia | race_term=Maia,1,no
char_fed,Fed,,,,,,,,,,retired,Boardreader,no,no,2026_06_16_retired_immortals,MUME retired immortal list,List current as of 2026-06-16,immortal_2026_06_16_retired_immortals_fed_446_listed_retired_immortal,candidate,Copied by Lewis. Includes Boardreaders and honorary True Legend entry for Norsu.,whois_fed_1781579687,Maia,Maia,,Immortals,high,,,,,,,,,,,Maia,M,,immortal,immortal_term=Maia | race_term=Maia,1,no
char_zarhuk,Zarhuk,,,,,,,,,,retired,Maia,no,no,2026_06_16_retired_immortals,MUME retired immortal list,List current as of 2026-06-16,immortal_2026_06_16_retired_immortals_zarhuk_203_listed_retired_immortal,candidate,Copied by Lewis. Includes Boardreaders and honorary True Legend entry for Norsu.,whois_zarhuk_1781606889,Maia,Maia,,Immortals,high,Builder,Builder,Builder,high,,,,,,,Maia,M,Builder,immortal,immortal_term=Maia | race_term=Maia,1,no
char_nori,Nori,,,,,,,,,,retired,Boardreader,no,no,2026_06_16_retired_immortals,MUME retired immortal list,List current as of 2026-06-16,immortal_2026_06_16_retired_immortals_nori_633_listed_retired_immortal,candidate,Copied by Lewis. Includes Boardreaders and honorary True Legend entry for Norsu.,whois_nori_1781605131,Maia,Maia,,Immortals,high,,,,,,,,,,,Maia,M,,immortal,immortal_term=Maia | race_term=Maia,1,no
char_cute,Cute,,,,,,,,,,retired,Boardreader,no,no,2026_06_16_retired_immortals,MUME retired immortal list,List current as of 2026-06-16,immortal_2026_06_16_retired_immortals_cute_391_listed_retired_immortal,candidate,Copied by Lewis. Includes Boardreaders and honorary True Legend entry for Norsu.,whois_cute_1781578773,Maia,Maia,,Immortals,high,,,,,,,,,,,Maia,M,,immortal,immortal_term=Maia | race_term=Maia,1,no
char_thoroner,Thoroner,,,,,,,,,,retired,Boardreader,no,no,2026_06_16_retired_immortals,MUME retired immortal list,List current as of 2026-06-16,immortal_2026_06_16_retired_immortals_thoroner_743_listed_retired_immortal,candidate,Copied by Lewis. Includes Boardreaders and honorary True Legend entry for Norsu.,whois_thoroner_1781606296,Maia,Maia,,Immortals,high,,,,,,,,,,,Maia,M,,immortal,immortal_term=Maia | race_term=Maia,1,no
char_lenore,Lenore,,,,,,,,,,retired,Boardreader,no,no,2026_06_16_retired_immortals,MUME retired immortal list,List current as of 2026-06-16,immortal_2026_06_16_retired_immortals_lenore_570_listed_retired_immortal,candidate,Copied by Lewis. Includes Boardreaders and honorary True Legend entry for Norsu.,whois_lenore_1781604347,Maia,Maia,,Immortals,high,,,,,,,,,,,Maia,M,,immortal,immortal_term=Maia | race_term=Maia,1,no
char_awhanil,Awhanil,,,,,,,,,,retired,Boardreader,no,no,2026_06_16_retired_immortals,MUME retired immortal list,List current as of 2026-06-16,immortal_2026_06_16_retired_immortals_awhanil_335_listed_retired_immortal,candidate,Copied by Lewis. Includes Boardreaders and honorary True Legend entry for Norsu.,whois_awhanil_1781577777,Maia,Maia,,Immortals,high,,,,,,,,,,,Maia,M,,immortal,immortal_term=Maia | race_term=Maia,1,no
char_calesto,Calesto,,,,,,,,,,retired,Boardreader,no,no,2026_06_16_retired_immortals,MUME retired immortal list,List current as of 2026-06-16,immortal_2026_06_16_retired_immortals_calesto_369_listed_retired_immortal,candidate,Copied by Lewis. Includes Boardreaders and honorary True Legend entry for Norsu.,whois_calesto_1781578564,Maia,Maia,,Immortals,high,,,,,,,,,,,Maia,M,,immortal,immortal_term=Maia | race_term=Maia,1,no
char_zarangal,Zarangal,,,,,,,,,,retired,Aratar,no,no,2026_06_16_retired_immortals,MUME retired immortal list,List current as of 2026-06-16,immortal_2026_06_16_retired_immortals_zarangal_16_listed_retired_immortal,candidate,Copied by Lewis. Includes Boardreaders and honorary True Legend entry for Norsu.,whois_zarangal_1781606883,"Vala, one of the Aratar",Vala,,Immortals,high,,,,,,,,,,,Arata,A,,immortal,immortal_term=one of the Aratar | race_term=Vala,1,no
char_verona,Verona,,,,,,,,,,retired,Boardreader,no,no,2026_06_16_retired_immortals,MUME retired immortal list,List current as of 2026-06-16,immortal_2026_06_16_retired_immortals_verona_763_listed_retired_immortal,candidate,Copied by Lewis. Includes Boardreaders and honorary True Legend entry for Norsu.,whois_verona_1781606614,Maia,Maia,,Immortals,high,,,,,,,,,,,Maia,M,,immortal,immortal_term=Maia | race_term=Maia,1,no
char_narond,Narond,,,,,,,,,,retired,Boardreader,no,no,2026_06_16_retired_immortals,MUME retired immortal list,List current as of 2026-06-16,immortal_2026_06_16_retired_immortals_narond_618_listed_retired_immortal,candidate,Copied by Lewis. Includes Boardreaders and honorary True Legend entry for Norsu.,whois_narond_1781605031,Maia,Maia,,Immortals,high,,,,,,,,,,,Maia,M,,immortal,immortal_term=Maia | race_term=Maia,1,no
char_ark,Ark,,,,,,,,,,retired,Boardreader,no,no,2026_06_16_retired_immortals,MUME retired immortal list,List current as of 2026-06-16,immortal_2026_06_16_retired_immortals_ark_329_listed_retired_immortal,candidate,Copied by Lewis. Includes Boardreaders and honorary True Legend entry for Norsu.,whois_ark_1781577704,Maia,Maia,,Immortals,high,,,,,,,,,,,Maia,M,,immortal,immortal_term=Maia | race_term=Maia,1,no
char_thor,Thor,,,,,,,,,,retired,Vala,no,no,2026_06_16_retired_immortals,MUME retired immortal list,List current as of 2026-06-16,immortal_2026_06_16_retired_immortals_thor_34_listed_retired_immortal,candidate,Copied by Lewis. Includes Boardreaders and honorary True Legend entry for Norsu.,whois_thor_1781606283,Vala,Vala,,Immortals,high,Mudller,Mudller,Mudller,high,,,,,,,Vala,V,Mudller,immortal,immortal_term=Vala | race_term=Vala,1,no
char_yukie,Yukie,,,,,,,,,,retired,Boardreader,no,no,2026_06_16_retired_immortals,MUME retired immortal list,List current as of 2026-06-16,immortal_2026_06_16_retired_immortals_yukie_789_listed_retired_immortal,candidate,Copied by Lewis. Includes Boardreaders and honorary True Legend entry for Norsu.,whois_yukie_1781606866,Maia,Maia,,Immortals,high,,,,,,,,,,,Maia,M,,immortal,immortal_term=Maia | race_term=Maia,1,no
char_findor,Findor,,,,,,,,,,retired,Boardreader,no,no,2026_06_16_retired_immortals,MUME retired immortal list,List current as of 2026-06-16,immortal_2026_06_16_retired_immortals_findor_456_listed_retired_immortal,candidate,Copied by Lewis. Includes Boardreaders and honorary True Legend entry for Norsu.,whois_findor_1781579756,Maia,Maia,,Immortals,high,,,,,,,,,,,Maia,M,,immortal,immortal_term=Maia | race_term=Maia,1,no
char_durin,Durin,,,,,,,,,,retired,Maia,no,no,2026_06_16_retired_immortals,MUME retired immortal list,List current as of 2026-06-16,immortal_2026_06_16_retired_immortals_durin_100_listed_retired_immortal,candidate,Copied by Lewis. Includes Boardreaders and honorary True Legend entry for Norsu.,whois_durin_1781578994,Maia,Maia,,Immortals,high,Wright,Wright,Wright,high,,,,,,,Maia,M,Wright,immortal,immortal_term=Maia | race_term=Maia,1,no
char_dushmoll,Dushmoll,,,,,,,,,,retired,Boardreader,no,no,2026_06_16_retired_immortals,MUME retired immortal list,List current as of 2026-06-16,immortal_2026_06_16_retired_immortals_dushmoll_416_listed_retired_immortal,candidate,Copied by Lewis. Includes Boardreaders and honorary True Legend entry for Norsu.,whois_dushmoll_1781579005,Maia,Maia,,Immortals,high,,,,,,,,,,,Maia,M,,immortal,immortal_term=Maia | race_term=Maia,1,no
char_humala,Humala,,,,,,,,,,retired,Boardreader,no,no,2026_06_16_retired_immortals,MUME retired immortal list,List current as of 2026-06-16,immortal_2026_06_16_retired_immortals_humala_506_listed_retired_immortal,candidate,Copied by Lewis. Includes Boardreaders and honorary True Legend entry for Norsu.,whois_humala_1781587051,Maia,Maia,,Immortals,high,,,,,,,,,,,Maia,M,,immortal,immortal_term=Maia | race_term=Maia,1,no
char_sim,Sim,,,,,,,,,,retired,Boardreader,no,no,2026_06_16_retired_immortals,MUME retired immortal list,List current as of 2026-06-16,immortal_2026_06_16_retired_immortals_sim_711_listed_retired_immortal,candidate,Copied by Lewis. Includes Boardreaders and honorary True Legend entry for Norsu.,whois_sim_1781605927,floating in the middle of nowhere is a Maia,Maia,,Immortals,high,,,,,,,,,,,Maia,M,,immortal,immortal_term=Maia | race_term=Maia | unmatched=floating in the middle of nowhere is a,1,no
char_cararion,Cararion,,,,,,,,,,retired,Boardreader,no,no,2026_06_16_retired_immortals,MUME retired immortal list,List current as of 2026-06-16,immortal_2026_06_16_retired_immortals_cararion_370_listed_retired_immortal,candidate,Copied by Lewis. Includes Boardreaders and honorary True Legend entry for Norsu.,whois_cararion_1781578575,Maia,Maia,,Immortals,high,,,,,,,,,,,Maia,M,,immortal,immortal_term=Maia | race_term=Maia,1,no
char_burl,Burl,,,,,,,,,,retired,Boardreader,no,no,2026_06_16_retired_immortals,MUME retired immortal list,List current as of 2026-06-16,immortal_2026_06_16_retired_immortals_burl_365_listed_retired_immortal,candidate,Copied by Lewis. Includes Boardreaders and honorary True Legend entry for Norsu.,whois_burl_1781578514,Maia,Maia,,Immortals,high,,,,,,,,,,,Maia,M,,immortal,immortal_term=Maia | race_term=Maia,1,no
char_owin,Owin,,,,,,,,,,retired,Boardreader,no,no,2026_06_16_retired_immortals,MUME retired immortal list,List current as of 2026-06-16,immortal_2026_06_16_retired_immortals_owin_646_listed_retired_immortal,candidate,Copied by Lewis. Includes Boardreaders and honorary True Legend entry for Norsu.,whois_owin_1781605275,Maia,Maia,,Immortals,high,,,,,,,,,,,Maia,M,,immortal,immortal_term=Maia | race_term=Maia,1,no
char_ynket,Ynket,,,,,,,,,,retired,Boardreader,no,no,2026_06_16_retired_immortals,MUME retired immortal list,List current as of 2026-06-16,immortal_2026_06_16_retired_immortals_ynket_787_listed_retired_immortal,candidate,Copied by Lewis. Includes Boardreaders and honorary True Legend entry for Norsu.,whois_ynket_1781606838,Maia,Maia,,Immortals,high,,,,,,,,,,,Maia,M,,immortal,immortal_term=Maia | race_term=Maia,1,no
char_yks,Yks,,,,,,,,,,retired,Boardreader,no,no,2026_06_16_retired_immortals,MUME retired immortal list,List current as of 2026-06-16,immortal_2026_06_16_retired_immortals_yks_786_listed_retired_immortal,candidate,Copied by Lewis. Includes Boardreaders and honorary True Legend entry for Norsu.,whois_yks_1781606833,Maia,Maia,,Immortals,high,,,,,,,,,,,Maia,M,,immortal,immortal_term=Maia | race_term=Maia,1,no
char_nukah,Nukah,,,,,,,,,,retired,Maia,no,no,2026_06_16_retired_immortals,MUME retired immortal list,List current as of 2026-06-16,immortal_2026_06_16_retired_immortals_nukah_268_listed_retired_immortal,candidate,Copied by Lewis. Includes Boardreaders and honorary True Legend entry for Norsu.,whois_nukah_1781605153,Maia,Maia,,Immortals,high,Cartographer,Cartographer,Cartographer,high,,,,,,,Maia,M,Cartographer,immortal,immortal_term=Maia | race_term=Maia,1,no
char_sabbath,Sabbath,,,,,,,,,,retired,Boardreader,no,no,2026_06_16_retired_immortals,MUME retired immortal list,List current as of 2026-06-16,immortal_2026_06_16_retired_immortals_sabbath_688_listed_retired_immortal,candidate,Copied by Lewis. Includes Boardreaders and honorary True Legend entry for Norsu.,whois_sabbath_1781605717,Maia,Maia,,Immortals,high,,,,,,,,,,,Maia,M,,immortal,immortal_term=Maia | race_term=Maia,1,no
char_belegor,Belegor,,,,,,,,,,retired,Maia,no,no,2026_06_16_retired_immortals,MUME retired immortal list,List current as of 2026-06-16,immortal_2026_06_16_retired_immortals_belegor_87_listed_retired_immortal,candidate,Copied by Lewis. Includes Boardreaders and honorary True Legend entry for Norsu.,whois_belegor_1781577892,Maia,Maia,,Immortals,high,Wright,Wright,Wright,high,,,,,,,Maia,M,Wright,immortal,immortal_term=Maia | race_term=Maia,1,no
char_yki,Yki,,,,,,,,,,retired,Boardreader,no,no,2026_06_16_retired_immortals,MUME retired immortal list,List current as of 2026-06-16,immortal_2026_06_16_retired_immortals_yki_785_listed_retired_immortal,candidate,Copied by Lewis. Includes Boardreaders and honorary True Legend entry for Norsu.,whois_yki_1781606827,Maia,Maia,,Immortals,high,,,,,,,,,,,Maia,M,,immortal,immortal_term=Maia | race_term=Maia,1,no
char_lómë,Lómë,,,,,,,,,,current,Maia,no,no,2026_06_16_current_immortals,MUME current immortal list,List current as of 2026-06-16,immortal_2026_06_16_current_immortals_lome_83_listed_current_immortal,candidate,Copied by Lewis. (+m) means the immortal is also a Maiar Muddler / muddle code contributor.,whois_lómë_1781604530,Maia,Maia,,Immortals,high,Cartographer,Cartographer,Cartographer,high,,,,,,,Maia,M,Cartographer,immortal,immortal_term=Maia | race_term=Maia,1,no
char_lede,Lede,,,,,,,,,,retired,Maia,no,no,2026_06_16_retired_immortals,MUME retired immortal list,List current as of 2026-06-16,immortal_2026_06_16_retired_immortals_lede_254_listed_retired_immortal,candidate,Copied by Lewis. Includes Boardreaders and honorary True Legend entry for Norsu.,whois_lede_1781604298,Maia,Maia,,Immortals,high,Cartographer,Cartographer,Cartographer,high,,,,,,,Maia,M,Cartographer,immortal,immortal_term=Maia | race_term=Maia,1,no
char_yim,Yim,,,,,,,,,,retired,Boardreader,no,no,2026_06_16_retired_immortals,MUME retired immortal list,List current as of 2026-06-16,immortal_2026_06_16_retired_immortals_yim_784_listed_retired_immortal,candidate,Copied by Lewis. Includes Boardreaders and honorary True Legend entry for Norsu.,whois_yim_1781606821,Maia,Maia,,Immortals,high,,,,,,,,,,,Maia,M,,immortal,immortal_term=Maia | race_term=Maia,1,no
char_chay,Chay,,,,,,,,,,retired,Maia,no,no,2026_06_16_retired_immortals,MUME retired immortal list,List current as of 2026-06-16,immortal_2026_06_16_retired_immortals_chay_92_listed_retired_immortal,candidate,Copied by Lewis. Includes Boardreaders and honorary True Legend entry for Norsu.,whois_chay_1781578635,Maia,Maia,,Immortals,high,Wright,Wright,Wright,high,,,,,,,Maia,M,Wright,immortal,immortal_term=Maia | race_term=Maia,1,no
char_armin,Armin,,,,,,,,,,retired,Boardreader,no,no,2026_06_16_retired_immortals,MUME retired immortal list,List current as of 2026-06-16,immortal_2026_06_16_retired_immortals_armin_330_listed_retired_immortal,candidate,Copied by Lewis. Includes Boardreaders and honorary True Legend entry for Norsu.,whois_armin_1781577720,Maia,Maia,,Immortals,high,,,,,,,,,,,Maia,M,,immortal,immortal_term=Maia | race_term=Maia,1,no
char_frór,Frór,,,,,,,,,,current,Aratar,no,no,2026_06_16_current_immortals,MUME current immortal list,List current as of 2026-06-16,immortal_2026_06_16_current_immortals_fror_4_listed_current_immortal,candidate,Copied by Lewis. (+m) means the immortal is also a Maiar Muddler / muddle code contributor.,whois_frór_1781579877,"Vala, one of the Aratar",Vala,,Immortals,high,,,,,,,,,,,Arata,A,,immortal,immortal_term=one of the Aratar | race_term=Vala,1,no
char_serodi,Serodi,,,,,,,,,,retired,Boardreader,no,no,2026_06_16_retired_immortals,MUME retired immortal list,List current as of 2026-06-16,immortal_2026_06_16_retired_immortals_serodi_700_listed_retired_immortal,candidate,Copied by Lewis. Includes Boardreaders and honorary True Legend entry for Norsu.,whois_serodi_1781605829,Maia,Maia,,Immortals,high,,,,,,,,,,,Maia,M,,immortal,immortal_term=Maia | race_term=Maia,1,no
char_rana,Rana,,,,,,,,,,current,Maia,yes,no,2026_06_16_current_immortals,MUME current immortal list,List current as of 2026-06-16,immortal_2026_06_16_current_immortals_rana_41_listed_current_immortal,candidate,Copied by Lewis. (+m) means the immortal is also a Maiar Muddler / muddle code contributor.,whois_rana_1781605467,Maia,Maia,,Immortals,high,Wright,Wright,Wright,high,,,,,,,Maia,M,Wright,immortal,immortal_term=Maia | race_term=Maia,1,no
char_ydy,Ydy,,,,,,,,,,retired,Boardreader,no,no,2026_06_16_retired_immortals,MUME retired immortal list,List current as of 2026-06-16,immortal_2026_06_16_retired_immortals_ydy_783_listed_retired_immortal,candidate,Copied by Lewis. Includes Boardreaders and honorary True Legend entry for Norsu.,whois_ydy_1781606810,Maia,Maia,,Immortals,high,,,,,,,,,,,Maia,M,,immortal,immortal_term=Maia | race_term=Maia,1,no
char_party,party,,,,,,,,,,,,,,,,,,,,whois_party_1781606805,"Valië, one of the Aratar",Arata,,Immortals,high,,,,,,,,,,,Arata,A,,immortal,immortal_term=one of the Aratar | unmatched=Valië,1,no
char_dardhel,Dardhel,,,,,,,,,,retired,Maia,no,no,2026_06_16_retired_immortals,MUME retired immortal list,List current as of 2026-06-16,immortal_2026_06_16_retired_immortals_dardhel_222_listed_retired_immortal,candidate,Copied by Lewis. Includes Boardreaders and honorary True Legend entry for Norsu.,whois_dardhel_1781578806,Maia,Maia,,Immortals,high,Cartographer,Cartographer,Cartographer,high,,,,,,,Maia,M,Cartographer,immortal,immortal_term=Maia | race_term=Maia,1,no
char_siamir,Siamir,,,,,,,,,,retired,Boardreader,no,no,2026_06_16_retired_immortals,MUME retired immortal list,List current as of 2026-06-16,immortal_2026_06_16_retired_immortals_siamir_706_listed_retired_immortal,candidate,Copied by Lewis. Includes Boardreaders and honorary True Legend entry for Norsu.,whois_siamir_1781605888,Maia,Maia,,Immortals,high,,,,,,,,,,,Maia,M,,immortal,immortal_term=Maia | race_term=Maia,1,no
char_yants,Yants,,,,,,,,,,retired,Vala,no,no,2026_06_16_retired_immortals,MUME retired immortal list,List current as of 2026-06-16,immortal_2026_06_16_retired_immortals_yants_38_listed_retired_immortal,candidate,Copied by Lewis. Includes Boardreaders and honorary True Legend entry for Norsu.,whois_yants_1781606793,gone - never to be seen again is a Vala,Vala,,Immortals,high,Mudller,Mudller,Mudller,high,,,,,,,Vala,V,Mudller,immortal,immortal_term=Vala | race_term=Vala | unmatched=gone - never to be seen again is a,1,no
char_curumo,Curumo,,,,,,,,,,retired,Boardreader,no,no,2026_06_16_retired_immortals,MUME retired immortal list,List current as of 2026-06-16,immortal_2026_06_16_retired_immortals_curumo_390_listed_retired_immortal,candidate,Copied by Lewis. Includes Boardreaders and honorary True Legend entry for Norsu.,whois_curumo_1781578768,Maia,Maia,,Immortals,high,,,,,,,,,,,Maia,M,,immortal,immortal_term=Maia | race_term=Maia,1,no
char_yager,Yager,,,,,,,,,,retired,Boardreader,no,no,2026_06_16_retired_immortals,MUME retired immortal list,List current as of 2026-06-16,immortal_2026_06_16_retired_immortals_yager_781_listed_retired_immortal,candidate,Copied by Lewis. Includes Boardreaders and honorary True Legend entry for Norsu.,whois_yager_1781606788,Maia,Maia,,Immortals,high,,,,,,,,,,,Maia,M,,immortal,immortal_term=Maia | race_term=Maia,1,no
char_xit,Xit,,,,,,,,,,retired,Boardreader,no,no,2026_06_16_retired_immortals,MUME retired immortal list,List current as of 2026-06-16,immortal_2026_06_16_retired_immortals_xit_780_listed_retired_immortal,candidate,Copied by Lewis. Includes Boardreaders and honorary True Legend entry for Norsu.,whois_xit_1781606782,Xit is a Maia,Maia,,Immortals,high,,,,,,,,,,,Maia,M,,immortal,immortal_term=Maia | race_term=Maia | unmatched=Xit is a,1,no
char_ahti,Ahti,,,,,,,,,,retired,Boardreader,no,no,2026_06_16_retired_immortals,MUME retired immortal list,List current as of 2026-06-16,immortal_2026_06_16_retired_immortals_ahti_302_listed_retired_immortal,candidate,Copied by Lewis. Includes Boardreaders and honorary True Legend entry for Norsu.,whois_ahti_1781576672,Drosophila Melanogaster. is a Maia,Maia,,Immortals,high,,,,,,,,,,,Maia,M,,immortal,immortal_term=Maia | race_term=Maia | unmatched=Drosophila Melanogaster. is a,1,no
char_freyja,Freyja,,,,,,,,,,retired,Maia,no,no,2026_06_16_retired_immortals,MUME retired immortal list,List current as of 2026-06-16,immortal_2026_06_16_retired_immortals_freyja_241_listed_retired_immortal,candidate,Copied by Lewis. Includes Boardreaders and honorary True Legend entry for Norsu.,whois_freyja_1781579866,Maia,Maia,,Immortals,high,Cartographer,Cartographer,Cartographer,high,,,,,,,Maia,M,Cartographer,immortal,immortal_term=Maia | race_term=Maia,1,no
char_eärendel,Eärendel,,,,,,,,,,retired,Maia,no,no,2026_06_16_retired_immortals,MUME retired immortal list,List current as of 2026-06-16,immortal_2026_06_16_retired_immortals_earendel_227_listed_retired_immortal,candidate,Copied by Lewis. Includes Boardreaders and honorary True Legend entry for Norsu.,whois_eärendel_1781579626,Maia,Maia,,Immortals,high,Cartographer,Cartographer,Cartographer,high,,,,,,,Maia,M,Cartographer,immortal,immortal_term=Maia | race_term=Maia,1,no
char_cookie,Cookie,,,,,,,,,,retired,Maia,no,no,2026_06_16_retired_immortals,MUME retired immortal list,List current as of 2026-06-16,immortal_2026_06_16_retired_immortals_cookie_180_listed_retired_immortal,candidate,Copied by Lewis. Includes Boardreaders and honorary True Legend entry for Norsu.,whois_cookie_1781578702,Maia,Maia,,Immortals,high,Builder,Builder,Builder,high,,,,,,,Maia,M,Builder,immortal,immortal_term=Maia | race_term=Maia,1,no
char_murogor,Murogor,,,,,,,,,,retired,Boardreader,no,no,2026_06_16_retired_immortals,MUME retired immortal list,List current as of 2026-06-16,immortal_2026_06_16_retired_immortals_murogor_611_listed_retired_immortal,candidate,Copied by Lewis. Includes Boardreaders and honorary True Legend entry for Norsu.,whois_murogor_1781604964,Maia,Maia,,Immortals,high,,,,,,,,,,,Maia,M,,immortal,immortal_term=Maia | race_term=Maia,1,no
char_silvermagi,Silvermagi,,,,,,,,,,retired,Boardreader,no,no,2026_06_16_retired_immortals,MUME retired immortal list,List current as of 2026-06-16,immortal_2026_06_16_retired_immortals_silvermagi_709_listed_retired_immortal,candidate,Copied by Lewis. Includes Boardreaders and honorary True Legend entry for Norsu.,whois_silvermagi_1781605910,Maia,Maia,,Immortals,high,,,,,,,,,,,Maia,M,,immortal,immortal_term=Maia | race_term=Maia,1,no
char_universe,universe,,,,,,,,,,,,,,,,,,,,whois_universe_1781578933,Maia,Maia,,Immortals,high,Wright,Wright,Wright,high,,,,,,,Maia,M,Wright,immortal,immortal_term=Maia | race_term=Maia,1,no
char_kardrim,Kardrim,,,,,,,,,,retired,Maia,no,no,2026_06_16_retired_immortals,MUME retired immortal list,List current as of 2026-06-16,immortal_2026_06_16_retired_immortals_kardrim_189_listed_retired_immortal,candidate,Copied by Lewis. Includes Boardreaders and honorary True Legend entry for Norsu.,whois_kardrim_1781603930,Maia,Maia,,Immortals,high,Builder,Builder,Builder,high,,,,,,,Maia,M,Builder,immortal,immortal_term=Maia | race_term=Maia,1,no
char_xargon,Xargon,,,,,,,,,,retired,Boardreader,no,no,2026_06_16_retired_immortals,MUME retired immortal list,List current as of 2026-06-16,immortal_2026_06_16_retired_immortals_xargon_777_listed_retired_immortal,candidate,Copied by Lewis. Includes Boardreaders and honorary True Legend entry for Norsu.,whois_xargon_1781606754,Maia,Maia,,Immortals,high,,,,,,,,,,,Maia,M,,immortal,immortal_term=Maia | race_term=Maia,1,no
char_aratan,Aratan,,,,,,,,,,retired,Maia,no,no,2026_06_16_retired_immortals,MUME retired immortal list,List current as of 2026-06-16,immortal_2026_06_16_retired_immortals_aratan_209_listed_retired_immortal,candidate,Copied by Lewis. Includes Boardreaders and honorary True Legend entry for Norsu.,whois_aratan_1781577577,Maia,Maia,,Immortals,high,Cartographer,Cartographer,Cartographer,high,,,,,,,Maia,M,Cartographer,immortal,immortal_term=Maia | race_term=Maia,1,no
char_aleksey,Aleksey,,,,,,,,,,retired,Boardreader,no,no,2026_06_16_retired_immortals,MUME retired immortal list,List current as of 2026-06-16,immortal_2026_06_16_retired_immortals_aleksey_313_listed_retired_immortal,candidate,Copied by Lewis. Includes Boardreaders and honorary True Legend entry for Norsu.,whois_aleksey_1781576761,Maia,Maia,,Immortals,high,,,,,,,,,,,Maia,M,,immortal,immortal_term=Maia | race_term=Maia,1,no
char_swix,Swix,,,,,,,,,,retired,Vala,no,no,2026_06_16_retired_immortals,MUME retired immortal list,List current as of 2026-06-16,immortal_2026_06_16_retired_immortals_swix_33_listed_retired_immortal,candidate,Copied by Lewis. Includes Boardreaders and honorary True Legend entry for Norsu.,whois_swix_1781606134,Vala,Vala,,Immortals,high,Mudller,Mudller,Mudller,high,,,,,,,Vala,V,Mudller,immortal,immortal_term=Vala | race_term=Vala,1,no
char_babe,Babe,,,,,,,,,,retired,Maia,no,no,2026_06_16_retired_immortals,MUME retired immortal list,List current as of 2026-06-16,immortal_2026_06_16_retired_immortals_babe_211_listed_retired_immortal,candidate,Copied by Lewis. Includes Boardreaders and honorary True Legend entry for Norsu.,whois_babe_1781577804,Building is a Maia,Maia,,Immortals,high,Cartographer,Cartographer,Cartographer,high,,,,,,,Maia,M,Cartographer,immortal,immortal_term=Maia | race_term=Maia | unmatched=Building is a,1,no
char_ainagul,Ainagul,,,,,,,,,,retired,Boardreader,no,no,2026_06_16_retired_immortals,MUME retired immortal list,List current as of 2026-06-16,immortal_2026_06_16_retired_immortals_ainagul_305_listed_retired_immortal,candidate,Copied by Lewis. Includes Boardreaders and honorary True Legend entry for Norsu.,whois_ainagul_1781576694,Maia,Maia,,Immortals,high,,,,,,,,,,,Maia,M,,immortal,immortal_term=Maia | race_term=Maia,1,no
char_daemor,Daemor,,,,,,,,,,retired,Maia,no,no,2026_06_16_retired_immortals,MUME retired immortal list,List current as of 2026-06-16,immortal_2026_06_16_retired_immortals_daemor_221_listed_retired_immortal,candidate,Copied by Lewis. Includes Boardreaders and honorary True Legend entry for Norsu.,whois_daemor_1781578784,Maia,Maia,,Immortals,high,Cartographer,Cartographer,Cartographer,high,,,,,,,Maia,M,Cartographer,immortal,immortal_term=Maia | race_term=Maia,1,no
char_terdamon,Terdamon,,,,,,,,,,retired,Maia,no,no,2026_06_16_retired_immortals,MUME retired immortal list,List current as of 2026-06-16,immortal_2026_06_16_retired_immortals_terdamon_200_listed_retired_immortal,candidate,Copied by Lewis. Includes Boardreaders and honorary True Legend entry for Norsu.,whois_terdamon_1781606232,Maia,Maia,,Immortals,high,Builder,Builder,Builder,high,,,,,,,Maia,M,Builder,immortal,immortal_term=Maia | race_term=Maia,1,no
char_ferguson,Ferguson,,,,,,,,,,retired,Boardreader,no,no,2026_06_16_retired_immortals,MUME retired immortal list,List current as of 2026-06-16,immortal_2026_06_16_retired_immortals_ferguson_451_listed_retired_immortal,candidate,Copied by Lewis. Includes Boardreaders and honorary True Legend entry for Norsu.,whois_ferguson_1781579711,Maia,Maia,,Immortals,high,,,,,,,,,,,Maia,M,,immortal,immortal_term=Maia | race_term=Maia,1,no
char_zing,Zing,,,,,,,,,,retired,Maia,no,no,2026_06_16_retired_immortals,MUME retired immortal list,List current as of 2026-06-16,immortal_2026_06_16_retired_immortals_zing_292_listed_retired_immortal,candidate,Copied by Lewis. Includes Boardreaders and honorary True Legend entry for Norsu.,whois_zing_1781606957,Maia,Maia,,Immortals,high,Cartographer,Cartographer,Cartographer,high,,,,,,,Maia,M,Cartographer,immortal,immortal_term=Maia | race_term=Maia,1,no
char_gruenthar,Gruenthar,,,,,,,,,,retired,Vala,no,no,2026_06_16_retired_immortals,MUME retired immortal list,List current as of 2026-06-16,immortal_2026_06_16_retired_immortals_gruenthar_53_listed_retired_immortal,candidate,Copied by Lewis. Includes Boardreaders and honorary True Legend entry for Norsu.,whois_gruenthar_1781580103,Vala,Vala,,Immortals,high,Architect,Architect,Architect,high,,,,,,,Vala,V,Architect,immortal,immortal_term=Vala | race_term=Vala,1,no
char_elemmakil,Elemmakil,,,,,,,,,,current,Maia,no,no,2026_06_16_current_immortals,MUME current immortal list,List current as of 2026-06-16,immortal_2026_06_16_current_immortals_elemmakil_65_listed_current_immortal,candidate,Copied by Lewis. (+m) means the immortal is also a Maiar Muddler / muddle code contributor.,whois_elemmakil_1781579151,Maia,Maia,,Immortals,high,Cartographer,Cartographer,Cartographer,high,,,,,,,Maia,M,Cartographer,immortal,immortal_term=Maia | race_term=Maia,1,no
char_aderel,Aderel,,,,,,,,,,retired,Boardreader,no,no,2026_06_16_retired_immortals,MUME retired immortal list,List current as of 2026-06-16,immortal_2026_06_16_retired_immortals_aderel_297_listed_retired_immortal,candidate,Copied by Lewis. Includes Boardreaders and honorary True Legend entry for Norsu.,whois_aderel_1781576639,Maia,Maia,,Immortals,high,,,,,,,,,,,Maia,M,,immortal,immortal_term=Maia | race_term=Maia,1,no
char_cassanunda,Cassanunda,,,,,,,,,,retired,Maia,no,no,2026_06_16_retired_immortals,MUME retired immortal list,List current as of 2026-06-16,immortal_2026_06_16_retired_immortals_cassanunda_179_listed_retired_immortal,candidate,Copied by Lewis. Includes Boardreaders and honorary True Legend entry for Norsu.,whois_cassanunda_1781578591,Maia,Maia,,Immortals,high,Builder,Builder,Builder,high,,,,,,,Maia,M,Builder,immortal,immortal_term=Maia | race_term=Maia,1,no
char_cuantar,Cuantar,,,,,,,,,,current,Maia,no,no,2026_06_16_current_immortals,MUME current immortal list,List current as of 2026-06-16,immortal_2026_06_16_current_immortals_cuantar_51_listed_current_immortal,candidate,Copied by Lewis. (+m) means the immortal is also a Maiar Muddler / muddle code contributor.,whois_cuantar_1781578757,Maia,Maia,,Immortals,high,Builder,Builder,Builder,high,,,,,,,Maia,M,Builder,immortal,immortal_term=Maia | race_term=Maia,1,no
char_wormtongue,Wormtongue,,,,,,,,,,retired,Boardreader,no,no,2026_06_16_retired_immortals,MUME retired immortal list,List current as of 2026-06-16,immortal_2026_06_16_retired_immortals_wormtongue_773_listed_retired_immortal,candidate,Copied by Lewis. Includes Boardreaders and honorary True Legend entry for Norsu.,whois_wormtongue_1781606720,Maia,Maia,,Immortals,high,,,,,,,,,,,Maia,M,,immortal,immortal_term=Maia | race_term=Maia,1,no
char_wiz,Wiz,,,,,,,,,,retired,Boardreader,no,no,2026_06_16_retired_immortals,MUME retired immortal list,List current as of 2026-06-16,immortal_2026_06_16_retired_immortals_wiz_772_listed_retired_immortal,candidate,Copied by Lewis. Includes Boardreaders and honorary True Legend entry for Norsu.,whois_wiz_1781606715,happy MUME'r is a Maia,Maia,,Immortals,high,,,,,,,,,,,Maia,M,,immortal,immortal_term=Maia | race_term=Maia | unmatched=happy MUME'r is a,1,no
char_mordin,Mordin,,,,,,,,,,retired,Boardreader,no,no,2026_06_16_retired_immortals,MUME retired immortal list,List current as of 2026-06-16,immortal_2026_06_16_retired_immortals_mordin_607_listed_retired_immortal,candidate,Copied by Lewis. Includes Boardreaders and honorary True Legend entry for Norsu.,whois_mordin_1781604930,Maia,Maia,,Immortals,high,,,,,,,,,,,Maia,M,,immortal,immortal_term=Maia | race_term=Maia,1,no
char_degolas,Degolas,,,,,,,,,,retired,Maia,no,no,2026_06_16_retired_immortals,MUME retired immortal list,List current as of 2026-06-16,immortal_2026_06_16_retired_immortals_degolas_223_listed_retired_immortal,candidate,Copied by Lewis. Includes Boardreaders and honorary True Legend entry for Norsu.,whois_degolas_1781578867,Maia,Maia,,Immortals,high,Cartographer,Cartographer,Cartographer,high,,,,,,,Maia,M,Cartographer,immortal,immortal_term=Maia | race_term=Maia,1,no
char_wilderon,Wilderon,,,,,,,,,,retired,Boardreader,no,no,2026_06_16_retired_immortals,MUME retired immortal list,List current as of 2026-06-16,immortal_2026_06_16_retired_immortals_wilderon_771_listed_retired_immortal,candidate,Copied by Lewis. Includes Boardreaders and honorary True Legend entry for Norsu.,whois_wilderon_1781606704,Maia,Maia,,Immortals,high,,,,,,,,,,,Maia,M,,immortal,immortal_term=Maia | race_term=Maia,1,no
char_edomir,Edomir,,,,,,,,,,retired,Boardreader,no,no,2026_06_16_retired_immortals,MUME retired immortal list,List current as of 2026-06-16,immortal_2026_06_16_retired_immortals_edomir_418_listed_retired_immortal,candidate,Copied by Lewis. Includes Boardreaders and honorary True Legend entry for Norsu.,whois_edomir_1781579053,happy nappy!!! is a Maia,Maia,,Immortals,high,,,,,,,,,,,Maia,M,,immortal,immortal_term=Maia | race_term=Maia | unmatched=happy nappy!!! is a,1,no
char_ward,Ward,,,,,,,,,,retired,Maia,no,no,2026_06_16_retired_immortals,MUME retired immortal list,List current as of 2026-06-16,immortal_2026_06_16_retired_immortals_ward_202_listed_retired_immortal,candidate,Copied by Lewis. Includes Boardreaders and honorary True Legend entry for Norsu.,whois_ward_1781606687,not here is a Maia,Maia,,Immortals,high,Builder,Builder,Builder,high,,,,,,,Maia,M,Builder,immortal,immortal_term=Maia | race_term=Maia | unmatched=not here is a,1,no
char_vürogue,Vürogue,,,,,,,,,,retired,Boardreader,no,no,2026_06_16_retired_immortals,MUME retired immortal list,List current as of 2026-06-16,immortal_2026_06_16_retired_immortals_vurogue_769_listed_retired_immortal,candidate,Copied by Lewis. Includes Boardreaders and honorary True Legend entry for Norsu.,whois_vürogue_1781606676,Maia,Maia,,Immortals,high,,,,,,,,,,,Maia,M,,immortal,immortal_term=Maia | race_term=Maia,1,no
char_iston,Iston,,,,,,,,,,retired,Boardreader,no,no,2026_06_16_retired_immortals,MUME retired immortal list,List current as of 2026-06-16,immortal_2026_06_16_retired_immortals_iston_520_listed_retired_immortal,candidate,Copied by Lewis. Includes Boardreaders and honorary True Legend entry for Norsu.,whois_iston_1781603807,Maia,Maia,,Immortals,high,,,,,,,,,,,Maia,M,,immortal,immortal_term=Maia | race_term=Maia,1,no
char_jerusha,Jerusha,,,,,,,,,,current,Maia,no,no,2026_06_16_current_immortals,MUME current immortal list,List current as of 2026-06-16,immortal_2026_06_16_current_immortals_jerusha_78_listed_current_immortal,candidate,Copied by Lewis. (+m) means the immortal is also a Maiar Muddler / muddle code contributor.,whois_jerusha_1781603879,in other windows to is a Maia,Maia,,Immortals,high,Cartographer,Cartographer,Cartographer,high,,,,,,,Maia,M,Cartographer,immortal,immortal_term=Maia | race_term=Maia | unmatched=in other windows to is a,1,no
char_võlur,Võlur,,,,,,,,,,current,Maia,no,no,2026_06_16_current_immortals,MUME current immortal list,List current as of 2026-06-16,immortal_2026_06_16_current_immortals_volur_104_listed_current_immortal,candidate,Copied by Lewis. (+m) means the immortal is also a Maiar Muddler / muddle code contributor.,whois_võlur_1781606670,Maia,Maia,,Immortals,high,Cartographer,Cartographer,Cartographer,high,,,,,,,Maia,M,Cartographer,immortal,immortal_term=Maia | race_term=Maia,1,no
char_víggo,Víggo,,,,,,,,,,retired,Boardreader,no,no,2026_06_16_retired_immortals,MUME retired immortal list,List current as of 2026-06-16,immortal_2026_06_16_retired_immortals_viggo_766_listed_retired_immortal,candidate,Copied by Lewis. Includes Boardreaders and honorary True Legend entry for Norsu.,whois_víggo_1781606664,Maia,Maia,,Immortals,high,,,,,,,,,,,Maia,M,,immortal,immortal_term=Maia | race_term=Maia,1,no
char_ceres,Ceres,,,,,,,,,,retired,Boardreader,no,no,2026_06_16_retired_immortals,MUME retired immortal list,List current as of 2026-06-16,immortal_2026_06_16_retired_immortals_ceres_375_listed_retired_immortal,candidate,Copied by Lewis. Includes Boardreaders and honorary True Legend entry for Norsu.,whois_ceres_1781578619,Maia,Maia,,Immortals,high,,,,,,,,,,,Maia,M,,immortal,immortal_term=Maia | race_term=Maia,1,no
char_lolatmi,Lolatmi,,,,,,,,,,retired,Boardreader,no,no,2026_06_16_retired_immortals,MUME retired immortal list,List current as of 2026-06-16,immortal_2026_06_16_retired_immortals_lolatmi_576_listed_retired_immortal,candidate,Copied by Lewis. Includes Boardreaders and honorary True Legend entry for Norsu.,whois_lolatmi_1781604417,Maia,Maia,,Immortals,high,,,,,,,,,,,Maia,M,,immortal,immortal_term=Maia | race_term=Maia,1,no
char_vérathos,Vérathos,,,,,,,,,,retired,Maia,no,no,2026_06_16_retired_immortals,MUME retired immortal list,List current as of 2026-06-16,immortal_2026_06_16_retired_immortals_verathos_288_listed_retired_immortal,candidate,Copied by Lewis. Includes Boardreaders and honorary True Legend entry for Norsu.,whois_vérathos_1781606659,Maia,Maia,,Immortals,high,Cartographer,Cartographer,Cartographer,high,,,,,,,Maia,M,Cartographer,immortal,immortal_term=Maia | race_term=Maia,1,no
char_mîm,Mîm,,,,,,,,,,retired,Maia,no,no,2026_06_16_retired_immortals,MUME retired immortal list,List current as of 2026-06-16,immortal_2026_06_16_retired_immortals_mim_139_listed_retired_immortal,candidate,Copied by Lewis. Includes Boardreaders and honorary True Legend entry for Norsu.,whois_mîm_1781604981,Maia,Maia,,Immortals,high,Wright,Wright,Wright,high,,,,,,,Maia,M,Wright,immortal,immortal_term=Maia | race_term=Maia,1,no
char_science,Science,,,,,,,,,,retired,Maia,no,no,2026_06_16_retired_immortals,MUME retired immortal list,List current as of 2026-06-16,immortal_2026_06_16_retired_immortals_science_196_listed_retired_immortal,candidate,Copied by Lewis. Includes Boardreaders and honorary True Legend entry for Norsu.,whois_science_1781605790,Maia,Maia,,Immortals,high,Builder,Builder,Builder,high,,,,,,,Maia,M,Builder,immortal,immortal_term=Maia | race_term=Maia,1,no
char_silosseth,Silosseth,,,,,,,,,,retired,Maia,no,no,2026_06_16_retired_immortals,MUME retired immortal list,List current as of 2026-06-16,immortal_2026_06_16_retired_immortals_silosseth_276_listed_retired_immortal,candidate,Copied by Lewis. Includes Boardreaders and honorary True Legend entry for Norsu.,whois_silosseth_1781605905,Maia,Maia,,Immortals,high,Cartographer,Cartographer,Cartographer,high,,,,,,,Maia,M,Cartographer,immortal,immortal_term=Maia | race_term=Maia,1,no
char_tulkas,Tulkas,,,,,,,,,,retired,Aratar,no,no,2026_06_16_retired_immortals,MUME retired immortal list,List current as of 2026-06-16,immortal_2026_06_16_retired_immortals_tulkas_12_listed_retired_immortal,candidate,Copied by Lewis. Includes Boardreaders and honorary True Legend entry for Norsu.,whois_tulkas_1781606420,"Vala, one of the Aratar",Vala,,Immortals,high,,,,,,,,,,,Arata,A,,immortal,immortal_term=one of the Aratar | race_term=Vala,1,no
char_sinprejic,Sinprejic,,,,,,,,,,retired,Maia,no,no,2026_06_16_retired_immortals,MUME retired immortal list,List current as of 2026-06-16,immortal_2026_06_16_retired_immortals_sinprejic_199_listed_retired_immortal,candidate,Copied by Lewis. Includes Boardreaders and honorary True Legend entry for Norsu.,whois_sinprejic_1781605939,Maia,Maia,,Immortals,high,Builder,Builder,Builder,high,,,,,,,Maia,M,Builder,immortal,immortal_term=Maia | race_term=Maia,1,no
char_vigo,Vigo,,,,,,,,,,retired,Boardreader,no,no,2026_06_16_retired_immortals,MUME retired immortal list,List current as of 2026-06-16,immortal_2026_06_16_retired_immortals_vigo_767_listed_retired_immortal,candidate,Copied by Lewis. Includes Boardreaders and honorary True Legend entry for Norsu.,whois_vigo_1781606631,Maia,Maia,,Immortals,high,,,,,,,,,,,Maia,M,,immortal,immortal_term=Maia | race_term=Maia,1,no
char_kyratai,Kyratai,,,,,,,,,,retired,Maia,no,no,2026_06_16_retired_immortals,MUME retired immortal list,List current as of 2026-06-16,immortal_2026_06_16_retired_immortals_kyratai_253_listed_retired_immortal,candidate,Copied by Lewis. Includes Boardreaders and honorary True Legend entry for Norsu.,whois_kyratai_1781604226,teacher! is a Maia,Maia,,Immortals,high,Cartographer,Cartographer,Cartographer,high,,,,,,,Maia,M,Cartographer,immortal,immortal_term=Maia | race_term=Maia | unmatched=teacher! is a,1,no
char_apolline,Apolline,,,,,,,,,,retired,Boardreader,no,no,2026_06_16_retired_immortals,MUME retired immortal list,List current as of 2026-06-16,immortal_2026_06_16_retired_immortals_apolline_322_listed_retired_immortal,candidate,Copied by Lewis. Includes Boardreaders and honorary True Legend entry for Norsu.,whois_apolline_1781577572,Maia,Maia,,Immortals,high,,,,,,,,,,,Maia,M,,immortal,immortal_term=Maia | race_term=Maia,1,no
char_talia,Talia,,,,,,,,,,retired,Maia,no,no,2026_06_16_retired_immortals,MUME retired immortal list,List current as of 2026-06-16,immortal_2026_06_16_retired_immortals_talia_158_listed_retired_immortal,candidate,Copied by Lewis. Includes Boardreaders and honorary True Legend entry for Norsu.,whois_talia_1781606165,Maia,Maia,,Immortals,high,Wright,Wright,Wright,high,,,,,,,Maia,M,Wright,immortal,immortal_term=Maia | race_term=Maia,1,no
char_khan,Khan,,,,,,,,,,retired,Maia,no,no,2026_06_16_retired_immortals,MUME retired immortal list,List current as of 2026-06-16,immortal_2026_06_16_retired_immortals_khan_122_listed_retired_immortal,candidate,Copied by Lewis. Includes Boardreaders and honorary True Legend entry for Norsu.,whois_khan_1781604044,Maia,Maia,,Immortals,high,Wright,Wright,Wright,high,,,,,,,Maia,M,Wright,immortal,immortal_term=Maia | race_term=Maia,1,no
char_vico,Vico,,,,,,,,,,retired,Boardreader,no,no,2026_06_16_retired_immortals,MUME retired immortal list,List current as of 2026-06-16,immortal_2026_06_16_retired_immortals_vico_764_listed_retired_immortal,candidate,Copied by Lewis. Includes Boardreaders and honorary True Legend entry for Norsu.,whois_vico_1781606619,Maia,Maia,,Immortals,high,,,,,,,,,,,Maia,M,,immortal,immortal_term=Maia | race_term=Maia,1,no
char_stukk,Stukk,,,,,,,,,,current,Maia,no,no,2026_06_16_current_immortals,MUME current immortal list,List current as of 2026-06-16,immortal_2026_06_16_current_immortals_stukk_96_listed_current_immortal,candidate,Copied by Lewis. (+m) means the immortal is also a Maiar Muddler / muddle code contributor.,whois_stukk_1781606112,Maia,Maia,,Immortals,high,Cartographer,Cartographer,Cartographer,high,,,,,,,Maia,M,Cartographer,immortal,immortal_term=Maia | race_term=Maia,1,no
char_velkin,Velkin,,,,,,,,,,retired,Boardreader,no,no,2026_06_16_retired_immortals,MUME retired immortal list,List current as of 2026-06-16,immortal_2026_06_16_retired_immortals_velkin_762_listed_retired_immortal,candidate,Copied by Lewis. Includes Boardreaders and honorary True Legend entry for Norsu.,whois_velkin_1781606602,Maia,Maia,,Immortals,high,,,,,,,,,,,Maia,M,,immortal,immortal_term=Maia | race_term=Maia,1,no
char_veladan,Veladan,,,,,,,,,,current,Maia,no,no,2026_06_16_current_immortals,MUME current immortal list,List current as of 2026-06-16,immortal_2026_06_16_current_immortals_veladan_23_listed_current_immortal,candidate,Copied by Lewis. (+m) means the immortal is also a Maiar Muddler / muddle code contributor.,whois_veladan_1781606596,Maia,Maia,,Immortals,high,Shaper,Shaper,Shaper,high,,,,,,,Maia,M,Shaper,immortal,immortal_term=Maia | race_term=Maia,1,no
char_miax,Miax,,,,,,,,,,retired,Boardreader,no,no,2026_06_16_retired_immortals,MUME retired immortal list,List current as of 2026-06-16,immortal_2026_06_16_retired_immortals_miax_596_listed_retired_immortal,candidate,Copied by Lewis. Includes Boardreaders and honorary True Legend entry for Norsu.,whois_miax_1781604830,Maia,Maia,,Immortals,high,,,,,,,,,,,Maia,M,,immortal,immortal_term=Maia | race_term=Maia,1,no
char_varda,Varda,,,,,,,,,,retired,Maia,no,no,2026_06_16_retired_immortals,MUME retired immortal list,List current as of 2026-06-16,immortal_2026_06_16_retired_immortals_varda_80_listed_retired_immortal,candidate,Copied by Lewis. Includes Boardreaders and honorary True Legend entry for Norsu.,whois_varda_1781606588,Maia,Maia,,Immortals,high,Shaper,Shaper,Shaper,high,,,,,,,Maia,M,Shaper,immortal,immortal_term=Maia | race_term=Maia,1,no
char_vanidor,Vanidor,,,,,,,,,,retired,Vala,no,no,2026_06_16_retired_immortals,MUME retired immortal list,List current as of 2026-06-16,immortal_2026_06_16_retired_immortals_vanidor_66_listed_retired_immortal,candidate,Copied by Lewis. Includes Boardreaders and honorary True Legend entry for Norsu.,whois_vanidor_1781606577,Vala,Vala,,Immortals,high,Architect,Architect,Architect,high,,,,,,,Vala,V,Architect,immortal,immortal_term=Vala | race_term=Vala,1,no
char_valur,Valur,,,,,,,,,,retired,Vala,no,no,2026_06_16_retired_immortals,MUME retired immortal list,List current as of 2026-06-16,immortal_2026_06_16_retired_immortals_valur_36_listed_retired_immortal,candidate,Copied by Lewis. Includes Boardreaders and honorary True Legend entry for Norsu.,whois_valur_1781606565,Vala,Vala,,Immortals,high,Mudller,Mudller,Mudller,high,,,,,,,Vala,V,Mudller,immortal,immortal_term=Vala | race_term=Vala,1,no
char_valdórë,Valdórë,,,,,,,,,,retired,Boardreader,no,no,2026_06_16_retired_immortals,MUME retired immortal list,List current as of 2026-06-16,immortal_2026_06_16_retired_immortals_valdore_761_listed_retired_immortal,candidate,Copied by Lewis. Includes Boardreaders and honorary True Legend entry for Norsu.,whois_valdórë_1781606557,Maia,Maia,,Immortals,high,,,,,,,,,,,Maia,M,,immortal,immortal_term=Maia | race_term=Maia,1,no
char_vairë,Vairë,,,,,,,,,,retired,Vala,no,no,2026_06_16_retired_immortals,MUME retired immortal list,List current as of 2026-06-16,immortal_2026_06_16_retired_immortals_vaire_65_listed_retired_immortal,candidate,Copied by Lewis. Includes Boardreaders and honorary True Legend entry for Norsu.,whois_vairë_1781606546,Valië,Vala,,Immortals,medium,,,,,,,,,,,,,,custom_descriptor_unclassified,unmatched=Valië | race_unknown | base_class_unknown,1,yes
char_vai,Vai,,,,,,,,,,retired,Boardreader,no,no,2026_06_16_retired_immortals,MUME retired immortal list,List current as of 2026-06-16,immortal_2026_06_16_retired_immortals_vai_760_listed_retired_immortal,candidate,Copied by Lewis. Includes Boardreaders and honorary True Legend entry for Norsu.,whois_vai_1781606536,Maia,Maia,,Immortals,high,,,,,,,,,,,Maia,M,,immortal,immortal_term=Maia | race_term=Maia,1,no
char_rut,Rut,,,,,,,,,,retired,Maia,no,no,2026_06_16_retired_immortals,MUME retired immortal list,List current as of 2026-06-16,immortal_2026_06_16_retired_immortals_rut_273_listed_retired_immortal,candidate,Copied by Lewis. Includes Boardreaders and honorary True Legend entry for Norsu.,whois_rut_1781605674,Maia,Maia,,Immortals,high,Cartographer,Cartographer,Cartographer,high,,,,,,,Maia,M,Cartographer,immortal,immortal_term=Maia | race_term=Maia,1,no
char_leni,Leni,,,,,,,,,,retired,Boardreader,no,no,2026_06_16_retired_immortals,MUME retired immortal list,List current as of 2026-06-16,immortal_2026_06_16_retired_immortals_leni_569_listed_retired_immortal,candidate,Copied by Lewis. Includes Boardreaders and honorary True Legend entry for Norsu.,whois_leni_1781604342,Maia,Maia,,Immortals,high,,,,,,,,,,,Maia,M,,immortal,immortal_term=Maia | race_term=Maia,1,no
char_fionwë,Fionwë,,,,,,,,,,retired,Boardreader,no,no,2026_06_16_retired_immortals,MUME retired immortal list,List current as of 2026-06-16,immortal_2026_06_16_retired_immortals_fionwe_458_listed_retired_immortal,candidate,Copied by Lewis. Includes Boardreaders and honorary True Legend entry for Norsu.,whois_fionwë_1781579772,Maia,Maia,,Immortals,high,,,,,,,,,,,Maia,M,,immortal,immortal_term=Maia | race_term=Maia,1,no
char_stiletto,Stiletto,,,,,,,,,,retired,Boardreader,no,no,2026_06_16_retired_immortals,MUME retired immortal list,List current as of 2026-06-16,immortal_2026_06_16_retired_immortals_stiletto_727_listed_retired_immortal,candidate,Copied by Lewis. Includes Boardreaders and honorary True Legend entry for Norsu.,whois_stiletto_1781606090,going skiing is a Maia,Maia,,Immortals,high,,,,,,,,,,,Maia,M,,immortal,immortal_term=Maia | race_term=Maia | unmatched=going skiing is a,1,no
char_freeway,Freeway,,,,,,,,,,retired,Boardreader,no,no,2026_06_16_retired_immortals,MUME retired immortal list,List current as of 2026-06-16,immortal_2026_06_16_retired_immortals_freeway_463_listed_retired_immortal,candidate,Copied by Lewis. Includes Boardreaders and honorary True Legend entry for Norsu.,whois_freeway_1781579855,Maia,Maia,,Immortals,high,,,,,,,,,,,Maia,M,,immortal,immortal_term=Maia | race_term=Maia,1,no
char_tilwe,Tilwe,,,,,,,,,,current,Maia,no,no,2026_06_16_current_immortals,MUME current immortal list,List current as of 2026-06-16,immortal_2026_06_16_current_immortals_tilwe_102_listed_current_immortal,candidate,Copied by Lewis. (+m) means the immortal is also a Maiar Muddler / muddle code contributor.,whois_tilwe_1781606330,Maia,Maia,,Immortals,high,Cartographer,Cartographer,Cartographer,high,,,,,,,Maia,M,Cartographer,immortal,immortal_term=Maia | race_term=Maia,1,no
char_badger,Badger,,,,,,,,,,retired,Vala,no,no,2026_06_16_retired_immortals,MUME retired immortal list,List current as of 2026-06-16,immortal_2026_06_16_retired_immortals_badger_45_listed_retired_immortal,candidate,Copied by Lewis. Includes Boardreaders and honorary True Legend entry for Norsu.,whois_badger_1781577810,Vala,Vala,,Immortals,high,Architect,Architect,Architect,high,,,,,,,Vala,V,Architect,immortal,immortal_term=Vala | race_term=Vala,1,no
char_of,of,,,,,,,,,,,,,,,,,,,,whois_of_1781576705,Maia,Maia,,Immortals,high,,,,,,,,,,,Maia,M,,immortal,immortal_term=Maia | race_term=Maia,1,no
char_ulynn,Ulynn,,,,,,,,,,retired,Boardreader,no,no,2026_06_16_retired_immortals,MUME retired immortal list,List current as of 2026-06-16,immortal_2026_06_16_retired_immortals_ulynn_757_listed_retired_immortal,candidate,Copied by Lewis. Includes Boardreaders and honorary True Legend entry for Norsu.,whois_ulynn_1781606493,Maia,Maia,,Immortals,high,,,,,,,,,,,Maia,M,,immortal,immortal_term=Maia | race_term=Maia,1,no
char_pendak,Pendak,,,,,,,,,,retired,Boardreader,no,no,2026_06_16_retired_immortals,MUME retired immortal list,List current as of 2026-06-16,immortal_2026_06_16_retired_immortals_pendak_653_listed_retired_immortal,candidate,Copied by Lewis. Includes Boardreaders and honorary True Legend entry for Norsu.,whois_pendak_1781605331,Maia,Maia,,Immortals,high,,,,,,,,,,,Maia,M,,immortal,immortal_term=Maia | race_term=Maia,1,no
char_ulixes,Ulixes,,,,,,,,,,retired,Boardreader,no,no,2026_06_16_retired_immortals,MUME retired immortal list,List current as of 2026-06-16,immortal_2026_06_16_retired_immortals_ulixes_756_listed_retired_immortal,candidate,Copied by Lewis. Includes Boardreaders and honorary True Legend entry for Norsu.,whois_ulixes_1781606471,Maia,Maia,,Immortals,high,,,,,,,,,,,Maia,M,,immortal,immortal_term=Maia | race_term=Maia,1,no
char_ulbo,Ulbo,,,,,,,,,,retired,Boardreader,no,no,2026_06_16_retired_immortals,MUME retired immortal list,List current as of 2026-06-16,immortal_2026_06_16_retired_immortals_ulbo_755_listed_retired_immortal,candidate,Copied by Lewis. Includes Boardreaders and honorary True Legend entry for Norsu.,whois_ulbo_1781606465,Maia,Maia,,Immortals,high,,,,,,,,,,,Maia,M,,immortal,immortal_term=Maia | race_term=Maia,1,no
char_azaghâl,Azaghâl,,,,,,,,,,retired,Vala,no,no,2026_06_16_retired_immortals,MUME retired immortal list,List current as of 2026-06-16,immortal_2026_06_16_retired_immortals_azaghal_44_listed_retired_immortal,candidate,Copied by Lewis. Includes Boardreaders and honorary True Legend entry for Norsu.,whois_azaghâl_1781577793,Vala,Vala,,Immortals,high,Architect,Architect,Architect,high,,,,,,,Vala,V,Architect,immortal,immortal_term=Vala | race_term=Vala,1,no
char_beldin,Beldin,,,,,,,,,,retired,Boardreader,no,no,2026_06_16_retired_immortals,MUME retired immortal list,List current as of 2026-06-16,immortal_2026_06_16_retired_immortals_beldin_345_listed_retired_immortal,candidate,Copied by Lewis. Includes Boardreaders and honorary True Legend entry for Norsu.,whois_beldin_1781577887,Maia,Maia,,Immortals,high,,,,,,,,,,,Maia,M,,immortal,immortal_term=Maia | race_term=Maia,1,no
char_ria,Ria,,,,,,,,,,retired,Maia,no,no,2026_06_16_retired_immortals,MUME retired immortal list,List current as of 2026-06-16,immortal_2026_06_16_retired_immortals_ria_272_listed_retired_immortal,candidate,Copied by Lewis. Includes Boardreaders and honorary True Legend entry for Norsu.,whois_ria_1781605570,Maia,Maia,,Immortals,high,Cartographer,Cartographer,Cartographer,high,,,,,,,Maia,M,Cartographer,immortal,immortal_term=Maia | race_term=Maia,1,no
char_uinen,Uinen,,,,,,,,,,retired,Maia,no,no,2026_06_16_retired_immortals,MUME retired immortal list,List current as of 2026-06-16,immortal_2026_06_16_retired_immortals_uinen_79_listed_retired_immortal,candidate,Copied by Lewis. Includes Boardreaders and honorary True Legend entry for Norsu.,whois_uinen_1781606460,Maia,Maia,,Immortals,high,Shaper,Shaper,Shaper,high,,,,,,,Maia,M,Shaper,immortal,immortal_term=Maia | race_term=Maia,1,no
char_barloen,Barloen,,,,,,,,,,retired,Boardreader,no,no,2026_06_16_retired_immortals,MUME retired immortal list,List current as of 2026-06-16,immortal_2026_06_16_retired_immortals_barloen_341_listed_retired_immortal,candidate,Copied by Lewis. Includes Boardreaders and honorary True Legend entry for Norsu.,whois_barloen_1781577854,Maia,Maia,,Immortals,high,,,,,,,,,,,Maia,M,,immortal,immortal_term=Maia | race_term=Maia,1,no
char_turmere,Turmere,,,,,,,,,,retired,Maia,no,no,2026_06_16_retired_immortals,MUME retired immortal list,List current as of 2026-06-16,immortal_2026_06_16_retired_immortals_turmere_165_listed_retired_immortal,candidate,Copied by Lewis. Includes Boardreaders and honorary True Legend entry for Norsu.,whois_turmere_1781606432,Maia,Maia,,Immortals,high,Wright,Wright,Wright,high,,,,,,,Maia,M,Wright,immortal,immortal_term=Maia | race_term=Maia,1,no
char_gertrude,Gertrude,,,,,,,,,,retired,Maia,no,no,2026_06_16_retired_immortals,MUME retired immortal list,List current as of 2026-06-16,immortal_2026_06_16_retired_immortals_gertrude_106_listed_retired_immortal,candidate,Copied by Lewis. Includes Boardreaders and honorary True Legend entry for Norsu.,whois_gertrude_1781579976,building is a Maia,Maia,,Immortals,high,Wright,Wright,Wright,high,,,,,,,Maia,M,Wright,immortal,immortal_term=Maia | race_term=Maia | unmatched=building is a,1,no
char_ugly,Ugly,,,,,,,,,,retired,Boardreader,no,no,2026_06_16_retired_immortals,MUME retired immortal list,List current as of 2026-06-16,immortal_2026_06_16_retired_immortals_ugly_754_listed_retired_immortal,candidate,Copied by Lewis. Includes Boardreaders and honorary True Legend entry for Norsu.,whois_ugly_1781606454,Maia,Maia,,Immortals,high,,,,,,,,,,,Maia,M,,immortal,immortal_term=Maia | race_term=Maia,1,no
char_lionheart,Lionheart,,,,,,,,,,retired,Boardreader,no,no,2026_06_16_retired_immortals,MUME retired immortal list,List current as of 2026-06-16,immortal_2026_06_16_retired_immortals_lionheart_574_listed_retired_immortal,candidate,Copied by Lewis. Includes Boardreaders and honorary True Legend entry for Norsu.,whois_lionheart_1781604390,Maia,Maia,,Immortals,high,,,,,,,,,,,Maia,M,,immortal,immortal_term=Maia | race_term=Maia,1,no
char_prami,Prami,,,,,,,,,,retired,Boardreader,no,no,2026_06_16_retired_immortals,MUME retired immortal list,List current as of 2026-06-16,immortal_2026_06_16_retired_immortals_prami_660_listed_retired_immortal,candidate,Copied by Lewis. Includes Boardreaders and honorary True Legend entry for Norsu.,whois_prami_1781605414,Maia,Maia,,Immortals,high,,,,,,,,,,,Maia,M,,immortal,immortal_term=Maia | race_term=Maia,1,no
char_sprocket,Sprocket,,,,,,,,,,retired,Boardreader,no,no,2026_06_16_retired_immortals,MUME retired immortal list,List current as of 2026-06-16,immortal_2026_06_16_retired_immortals_sprocket_722_listed_retired_immortal,candidate,Copied by Lewis. Includes Boardreaders and honorary True Legend entry for Norsu.,whois_sprocket_1781606043,Maia,Maia,,Immortals,high,,,,,,,,,,,Maia,M,,immortal,immortal_term=Maia | race_term=Maia,1,no
char_twibble,Twibble,,,,,,,,,,retired,Maia,no,no,2026_06_16_retired_immortals,MUME retired immortal list,List current as of 2026-06-16,immortal_2026_06_16_retired_immortals_twibble_166_listed_retired_immortal,candidate,Copied by Lewis. Includes Boardreaders and honorary True Legend entry for Norsu.,whois_twibble_1781606438,Maia,Maia,,Immortals,high,Wright,Wright,Wright,high,,,,,,,Maia,M,Wright,immortal,immortal_term=Maia | race_term=Maia,1,no
char_ammon,Ammon,,,,,,,,,,retired,Maia,no,no,2026_06_16_retired_immortals,MUME retired immortal list,List current as of 2026-06-16,immortal_2026_06_16_retired_immortals_ammon_207_listed_retired_immortal,candidate,Copied by Lewis. Includes Boardreaders and honorary True Legend entry for Norsu.,whois_ammon_1781576823,Maia,Maia,,Immortals,high,Cartographer,Cartographer,Cartographer,high,,,,,,,Maia,M,Cartographer,immortal,immortal_term=Maia | race_term=Maia,1,no
char_belmir,Belmir,,,,,,,,,,retired,Boardreader,no,no,2026_06_16_retired_immortals,MUME retired immortal list,List current as of 2026-06-16,immortal_2026_06_16_retired_immortals_belmir_347_listed_retired_immortal,candidate,Copied by Lewis. Includes Boardreaders and honorary True Legend entry for Norsu.,whois_belmir_1781577914,Maia,Maia,,Immortals,high,,,,,,,,,,,Maia,M,,immortal,immortal_term=Maia | race_term=Maia,1,no
char_ariana,Ariana,,,,,,,,,,retired,Maia,no,no,2026_06_16_retired_immortals,MUME retired immortal list,List current as of 2026-06-16,immortal_2026_06_16_retired_immortals_ariana_85_listed_retired_immortal,candidate,Copied by Lewis. Includes Boardreaders and honorary True Legend entry for Norsu.,whois_ariana_1781577637,Maia,Maia,,Immortals,high,Wright,Wright,Wright,high,,,,,,,Maia,M,Wright,immortal,immortal_term=Maia | race_term=Maia,1,no
char_eldahal,Eldahal,,,,,,,,,,retired,Boardreader,no,no,2026_06_16_retired_immortals,MUME retired immortal list,List current as of 2026-06-16,immortal_2026_06_16_retired_immortals_eldahal_425_listed_retired_immortal,candidate,Copied by Lewis. Includes Boardreaders and honorary True Legend entry for Norsu.,whois_eldahal_1781579121,Maia,Maia,,Immortals,high,,,,,,,,,,,Maia,M,,immortal,immortal_term=Maia | race_term=Maia,1,no
char_ender,Ender,,,,,,,,,,retired,Boardreader,no,no,2026_06_16_retired_immortals,MUME retired immortal list,List current as of 2026-06-16,immortal_2026_06_16_retired_immortals_ender_430_listed_retired_immortal,candidate,Copied by Lewis. Includes Boardreaders and honorary True Legend entry for Norsu.,whois_ender_1781579219,Maia,Maia,,Immortals,high,,,,,,,,,,,Maia,M,,immortal,immortal_term=Maia | race_term=Maia,1,no
char_belenos,Belenos,,,,,,,,,,retired,Maia,no,no,2026_06_16_retired_immortals,MUME retired immortal list,List current as of 2026-06-16,immortal_2026_06_16_retired_immortals_belenos_215_listed_retired_immortal,candidate,Copied by Lewis. Includes Boardreaders and honorary True Legend entry for Norsu.,whois_belenos_1781577903,Maia,Maia,,Immortals,high,Cartographer,Cartographer,Cartographer,high,,,,,,,Maia,M,Cartographer,immortal,immortal_term=Maia | race_term=Maia,1,no
char_viil,Viil,,,,,,,,,,current,Maia,yes,no,2026_06_16_current_immortals,MUME current immortal list,List current as of 2026-06-16,immortal_2026_06_16_current_immortals_viil_47_listed_current_immortal,candidate,Copied by Lewis. (+m) means the immortal is also a Maiar Muddler / muddle code contributor.,whois_viil_1781606636,Maia,Maia,,Immortals,high,Wright,Wright,Wright,high,,,,,,,Maia,M,Wright,immortal,immortal_term=Maia | race_term=Maia,1,no
char_he,he,,,,,,,,,,,,,,,,,,,,whois_he_1781578845,Maia,Maia,,Immortals,high,,,,,,,,,,,Maia,M,,immortal,immortal_term=Maia | race_term=Maia,1,no
char_tsort,Tsort,,,,,,,,,,retired,Boardreader,no,no,2026_06_16_retired_immortals,MUME retired immortal list,List current as of 2026-06-16,immortal_2026_06_16_retired_immortals_tsort_751_listed_retired_immortal,candidate,Copied by Lewis. Includes Boardreaders and honorary True Legend entry for Norsu.,whois_tsort_1781606415,Maia,Maia,,Immortals,high,,,,,,,,,,,Maia,M,,immortal,immortal_term=Maia | race_term=Maia,1,no
char_morten,Morten,,,,,,,,,,retired,Maia,no,no,2026_06_16_retired_immortals,MUME retired immortal list,List current as of 2026-06-16,immortal_2026_06_16_retired_immortals_morten_264_listed_retired_immortal,candidate,Copied by Lewis. Includes Boardreaders and honorary True Legend entry for Norsu.,whois_morten_1781604947,Maia,Maia,,Immortals,high,Cartographer,Cartographer,Cartographer,high,,,,,,,Maia,M,Cartographer,immortal,immortal_term=Maia | race_term=Maia,1,no
char_transergod,TranserGod,,,,,,,,,,retired,Maia,no,no,2026_06_16_retired_immortals,MUME retired immortal list,List current as of 2026-06-16,immortal_2026_06_16_retired_immortals_transergod_163_listed_retired_immortal,candidate,Copied by Lewis. Includes Boardreaders and honorary True Legend entry for Norsu.,whois_transergod_1781606398,Maia,Maia,,Immortals,high,Wright,Wright,Wright,high,,,,,,,Maia,M,Wright,immortal,immortal_term=Maia | race_term=Maia,1,no
char_morceleb,Morceleb,,,,,,,,,,retired,Maia,no,no,2026_06_16_retired_immortals,MUME retired immortal list,List current as of 2026-06-16,immortal_2026_06_16_retired_immortals_morceleb_192_listed_retired_immortal,candidate,Copied by Lewis. Includes Boardreaders and honorary True Legend entry for Norsu.,whois_morceleb_1781604925,Maia,Maia,,Immortals,high,Builder,Builder,Builder,high,,,,,,,Maia,M,Builder,immortal,immortal_term=Maia | race_term=Maia,1,no
char_kleftis,Kleftis,,,,,,,,,,retired,Boardreader,no,no,2026_06_16_retired_immortals,MUME retired immortal list,List current as of 2026-06-16,immortal_2026_06_16_retired_immortals_kleftis_550_listed_retired_immortal,candidate,Copied by Lewis. Includes Boardreaders and honorary True Legend entry for Norsu.,whois_kleftis_1781604115,Maia,Maia,,Immortals,high,,,,,,,,,,,Maia,M,,immortal,immortal_term=Maia | race_term=Maia,1,no
char_andela,Andela,,,,,,,,,,retired,Boardreader,no,no,2026_06_16_retired_immortals,MUME retired immortal list,List current as of 2026-06-16,immortal_2026_06_16_retired_immortals_andela_318_listed_retired_immortal,candidate,Copied by Lewis. Includes Boardreaders and honorary True Legend entry for Norsu.,whois_andela_1781576844,Maia,Maia,,Immortals,high,,,,,,,,,,,Maia,M,,immortal,immortal_term=Maia | race_term=Maia,1,no
char_caldan,Caldan,,,,,,,,,,current,Maia,no,no,2026_06_16_current_immortals,MUME current immortal list,List current as of 2026-06-16,immortal_2026_06_16_current_immortals_caldan_29_listed_current_immortal,candidate,Copied by Lewis. (+m) means the immortal is also a Maiar Muddler / muddle code contributor.,whois_caldan_1781578553,Maia,Maia,,Immortals,high,Wright,Wright,Wright,high,,,,,,,Maia,M,Wright,immortal,immortal_term=Maia | race_term=Maia,1,no
char_torak,Torak,,,,,,,,,,retired,Boardreader,no,no,2026_06_16_retired_immortals,MUME retired immortal list,List current as of 2026-06-16,immortal_2026_06_16_retired_immortals_torak_750_listed_retired_immortal,candidate,Copied by Lewis. Includes Boardreaders and honorary True Legend entry for Norsu.,whois_torak_1781606386,Maia,Maia,,Immortals,high,,,,,,,,,,,Maia,M,,immortal,immortal_term=Maia | race_term=Maia,1,no
char_lena,Lena,,,,,,,,,,retired,Maia,no,no,2026_06_16_retired_immortals,MUME retired immortal list,List current as of 2026-06-16,immortal_2026_06_16_retired_immortals_lena_128_listed_retired_immortal,candidate,Copied by Lewis. Includes Boardreaders and honorary True Legend entry for Norsu.,whois_lena_1781604336,Maia,Maia,,Immortals,high,Wright,Wright,Wright,high,,,,,,,Maia,M,Wright,immortal,immortal_term=Maia | race_term=Maia,1,no
char_toby,Toby,,,,,,,,,,current,Maia,no,no,2026_06_16_current_immortals,MUME current immortal list,List current as of 2026-06-16,immortal_2026_06_16_current_immortals_toby_103_listed_current_immortal,candidate,Copied by Lewis. (+m) means the immortal is also a Maiar Muddler / muddle code contributor.,whois_toby_1781606380,Maia,Maia,,Immortals,high,Cartographer,Cartographer,Cartographer,high,,,,,,,Maia,M,Cartographer,immortal,immortal_term=Maia | race_term=Maia,1,no
char_smokey,Smokey,,,,,,,,,,retired,Boardreader,no,no,2026_06_16_retired_immortals,MUME retired immortal list,List current as of 2026-06-16,immortal_2026_06_16_retired_immortals_smokey_717_listed_retired_immortal,candidate,Copied by Lewis. Includes Boardreaders and honorary True Legend entry for Norsu.,whois_smokey_1781605989,Maia,Maia,,Immortals,high,,,,,,,,,,,Maia,M,,immortal,immortal_term=Maia | race_term=Maia,1,no
char_titus,Titus,,,,,,,,,,retired,Boardreader,no,no,2026_06_16_retired_immortals,MUME retired immortal list,List current as of 2026-06-16,immortal_2026_06_16_retired_immortals_titus_748_listed_retired_immortal,candidate,Copied by Lewis. Includes Boardreaders and honorary True Legend entry for Norsu.,whois_titus_1781606369,Maia,Maia,,Immortals,high,,,,,,,,,,,Maia,M,,immortal,immortal_term=Maia | race_term=Maia,1,no
char_aikios,Aikios,,,,,,,,,,retired,Boardreader,no,no,2026_06_16_retired_immortals,MUME retired immortal list,List current as of 2026-06-16,immortal_2026_06_16_retired_immortals_aikios_304_listed_retired_immortal,candidate,Copied by Lewis. Includes Boardreaders and honorary True Legend entry for Norsu.,whois_aikios_1781576688,Maia,Maia,,Immortals,high,,,,,,,,,,,Maia,M,,immortal,immortal_term=Maia | race_term=Maia,1,no
char_tirmenel,Tirmenel,,,,,,,,,,retired,Maia,no,no,2026_06_16_retired_immortals,MUME retired immortal list,List current as of 2026-06-16,immortal_2026_06_16_retired_immortals_tirmenel_284_listed_retired_immortal,candidate,Copied by Lewis. Includes Boardreaders and honorary True Legend entry for Norsu.,whois_tirmenel_1781606364,Maia,Maia,,Immortals,high,Cartographer,Cartographer,Cartographer,high,,,,,,,Maia,M,Cartographer,immortal,immortal_term=Maia | race_term=Maia,1,no
char_tippy,Tippy,,,,,,,,,,retired,Boardreader,no,no,2026_06_16_retired_immortals,MUME retired immortal list,List current as of 2026-06-16,immortal_2026_06_16_retired_immortals_tippy_747_listed_retired_immortal,candidate,Copied by Lewis. Includes Boardreaders and honorary True Legend entry for Norsu.,whois_tippy_1781606358,Maia,Maia,,Immortals,high,,,,,,,,,,,Maia,M,,immortal,immortal_term=Maia | race_term=Maia,1,no
char_narndir,Narndir,,,,,,,,,,retired,Maia,no,no,2026_06_16_retired_immortals,MUME retired immortal list,List current as of 2026-06-16,immortal_2026_06_16_retired_immortals_narndir_265_listed_retired_immortal,candidate,Copied by Lewis. Includes Boardreaders and honorary True Legend entry for Norsu.,whois_narndir_1781605025,Maia,Maia,,Immortals,high,Cartographer,Cartographer,Cartographer,high,,,,,,,Maia,M,Cartographer,immortal,immortal_term=Maia | race_term=Maia,1,no
char_timbulimbu,Timbulimbu,,,,,,,,,,retired,Boardreader,no,no,2026_06_16_retired_immortals,MUME retired immortal list,List current as of 2026-06-16,immortal_2026_06_16_retired_immortals_timbulimbu_746_listed_retired_immortal,candidate,Copied by Lewis. Includes Boardreaders and honorary True Legend entry for Norsu.,whois_timbulimbu_1781606336,Maia,Maia,,Immortals,high,,,,,,,,,,,Maia,M,,immortal,immortal_term=Maia | race_term=Maia,1,no
char_imatin,Imatin,,,,,,,,,,current,Maia,no,no,2026_06_16_current_immortals,MUME current immortal list,List current as of 2026-06-16,immortal_2026_06_16_current_immortals_imatin_52_listed_current_immortal,candidate,Copied by Lewis. (+m) means the immortal is also a Maiar Muddler / muddle code contributor.,whois_imatin_1781587113,Maia,Maia,,Immortals,high,Builder,Builder,Builder,high,,,,,,,Maia,M,Builder,immortal,immortal_term=Maia | race_term=Maia,1,no
char_arcane,Arcane,,,,,,,,,,current,Maia,yes,no,2026_06_16_current_immortals,MUME current immortal list,List current as of 2026-06-16,immortal_2026_06_16_current_immortals_arcane_24_listed_current_immortal,candidate,Copied by Lewis. (+m) means the immortal is also a Maiar Muddler / muddle code contributor.,whois_arcane_1781577594,Maia,Maia,,Immortals,high,Wright,Wright,Wright,high,,,,,,,Maia,M,Wright,immortal,immortal_term=Maia | race_term=Maia,1,no
char_gauss,Gauss,,,,,,,,,,retired,Boardreader,no,no,2026_06_16_retired_immortals,MUME retired immortal list,List current as of 2026-06-16,immortal_2026_06_16_retired_immortals_gauss_470_listed_retired_immortal,candidate,Copied by Lewis. Includes Boardreaders and honorary True Legend entry for Norsu.,whois_gauss_1781579949,Maia,Maia,,Immortals,high,,,,,,,,,,,Maia,M,,immortal,immortal_term=Maia | race_term=Maia,1,no
char_koft,Koft,,,,,,,,,,retired,Boardreader,no,no,2026_06_16_retired_immortals,MUME retired immortal list,List current as of 2026-06-16,immortal_2026_06_16_retired_immortals_koft_551_listed_retired_immortal,candidate,Copied by Lewis. Includes Boardreaders and honorary True Legend entry for Norsu.,whois_koft_1781604130,Maia,Maia,,Immortals,high,,,,,,,,,,,Maia,M,,immortal,immortal_term=Maia | race_term=Maia,1,no
char_makar,Makar,,,,,,,,,,retired,Vala,no,no,2026_06_16_retired_immortals,MUME retired immortal list,List current as of 2026-06-16,immortal_2026_06_16_retired_immortals_makar_27_listed_retired_immortal,candidate,Copied by Lewis. Includes Boardreaders and honorary True Legend entry for Norsu.,whois_makar_1781604591,Vala,Vala,,Immortals,high,Mudller,Mudller,Mudller,high,,,,,,,Vala,V,Mudller,immortal,immortal_term=Vala | race_term=Vala,1,no
char_kyrill,Kyrill,,,,,,,,,,current,Maia,no,no,2026_06_16_current_immortals,MUME current immortal list,List current as of 2026-06-16,immortal_2026_06_16_current_immortals_kyrill_81_listed_current_immortal,candidate,Copied by Lewis. (+m) means the immortal is also a Maiar Muddler / muddle code contributor.,whois_kyrill_1781604232,Maia,Maia,,Immortals,high,Cartographer,Cartographer,Cartographer,high,,,,,,,Maia,M,Cartographer,immortal,immortal_term=Maia | race_term=Maia,1,no
char_telcontar,Telcontar,,,,,,,,,,retired,Boardreader,no,no,2026_06_16_retired_immortals,MUME retired immortal list,List current as of 2026-06-16,immortal_2026_06_16_retired_immortals_telcontar_735_listed_retired_immortal,candidate,Copied by Lewis. Includes Boardreaders and honorary True Legend entry for Norsu.,whois_telcontar_1781606209,Maia,Maia,,Immortals,high,,,,,,,,,,,Maia,M,,immortal,immortal_term=Maia | race_term=Maia,1,no
char_faloth,Faloth,,,,,,,,,,retired,Maia,no,no,2026_06_16_retired_immortals,MUME retired immortal list,List current as of 2026-06-16,immortal_2026_06_16_retired_immortals_faloth_234_listed_retired_immortal,candidate,Copied by Lewis. Includes Boardreaders and honorary True Legend entry for Norsu.,whois_faloth_1781579664,Maia,Maia,,Immortals,high,Cartographer,Cartographer,Cartographer,high,,,,,,,Maia,M,Cartographer,immortal,immortal_term=Maia | race_term=Maia,1,no
char_gorefang,Gorefang,,,,,,,,,,retired,Boardreader,no,no,2026_06_16_retired_immortals,MUME retired immortal list,List current as of 2026-06-16,immortal_2026_06_16_retired_immortals_gorefang_480_listed_retired_immortal,candidate,Copied by Lewis. Includes Boardreaders and honorary True Legend entry for Norsu.,whois_gorefang_1781580042,Maia,Maia,,Immortals,high,,,,,,,,,,,Maia,M,,immortal,immortal_term=Maia | race_term=Maia,1,no
char_thrust,Thrust,,,,,,,,,,retired,Boardreader,no,no,2026_06_16_retired_immortals,MUME retired immortal list,List current as of 2026-06-16,immortal_2026_06_16_retired_immortals_thrust_744_listed_retired_immortal,candidate,Copied by Lewis. Includes Boardreaders and honorary True Legend entry for Norsu.,whois_thrust_1781606308,Maia,Maia,,Immortals,high,,,,,,,,,,,Maia,M,,immortal,immortal_term=Maia | race_term=Maia,1,no
char_enerdhil,Enerdhil,,,,,,,,,,retired,Boardreader,no,no,2026_06_16_retired_immortals,MUME retired immortal list,List current as of 2026-06-16,immortal_2026_06_16_retired_immortals_enerdhil_432_listed_retired_immortal,candidate,Copied by Lewis. Includes Boardreaders and honorary True Legend entry for Norsu.,whois_enerdhil_1781579245,Maia,Maia,,Immortals,high,,,,,,,,,,,Maia,M,,immortal,immortal_term=Maia | race_term=Maia,1,no
char_cryhavoc,CryHavoc,,,,,,,,,,retired,Implementor,no,no,2026_06_16_retired_immortals,MUME retired immortal list,List current as of 2026-06-16,immortal_2026_06_16_retired_immortals_cryhavoc_1_listed_retired_immortal,candidate,Copied by Lewis. Includes Boardreaders and honorary True Legend entry for Norsu.,whois_cryhavoc_1781578746,Implementor,Implementor,,Immortals,high,,,,,,,,,,,Implementor,I,,immortal,immortal_term=Implementor,1,no
char_beran,Beran,,,,,,,,,,retired,Boardreader,no,no,2026_06_16_retired_immortals,MUME retired immortal list,List current as of 2026-06-16,immortal_2026_06_16_retired_immortals_beran_348_listed_retired_immortal,candidate,Copied by Lewis. Includes Boardreaders and honorary True Legend entry for Norsu.,whois_beran_1781577920,Maia,Maia,,Immortals,high,,,,,,,,,,,Maia,M,,immortal,immortal_term=Maia | race_term=Maia,1,no
char_tempuntekijä,Tempuntekijä,,,,,,,,,,current,Maia,no,no,2026_06_16_current_immortals,MUME current immortal list,List current as of 2026-06-16,immortal_2026_06_16_current_immortals_tempuntekija_100_listed_current_immortal,candidate,Copied by Lewis. (+m) means the immortal is also a Maiar Muddler / muddle code contributor.,whois_tempuntekijä_1781606226,Maia,Maia,,Immortals,high,Cartographer,Cartographer,Cartographer,high,,,,,,,Maia,M,Cartographer,immortal,immortal_term=Maia | race_term=Maia,1,no
char_thorin,Thorin,,,,,,,,,,retired,Aratar,no,no,2026_06_16_retired_immortals,MUME retired immortal list,List current as of 2026-06-16,immortal_2026_06_16_retired_immortals_thorin_11_listed_retired_immortal,candidate,Copied by Lewis. Includes Boardreaders and honorary True Legend entry for Norsu.,whois_thorin_1781606289,"Vala, one of the Aratar",Vala,,Immortals,high,,,,,,,,,,,Arata,A,,immortal,immortal_term=one of the Aratar | race_term=Vala,1,no
char_zachariah,Zachariah,,,,,,,,,,retired,Boardreader,no,no,2026_06_16_retired_immortals,MUME retired immortal list,List current as of 2026-06-16,immortal_2026_06_16_retired_immortals_zachariah_790_listed_retired_immortal,candidate,Copied by Lewis. Includes Boardreaders and honorary True Legend entry for Norsu.,whois_zachariah_1781606872,Maia,Maia,,Immortals,high,,,,,,,,,,,Maia,M,,immortal,immortal_term=Maia | race_term=Maia,1,no
char_pilois,Pilois,,,,,,,,,,current,Vala,no,no,2026_06_16_current_immortals,MUME current immortal list,List current as of 2026-06-16,immortal_2026_06_16_current_immortals_pilois_16_listed_current_immortal,candidate,Copied by Lewis. (+m) means the immortal is also a Maiar Muddler / muddle code contributor.,whois_pilois_1781605375,Vala,Vala,,Immortals,high,Architect,Architect,Architect,high,,,,,,,Vala,V,Architect,immortal,immortal_term=Vala | race_term=Vala,1,no
char_dende,Dende,,,,,,,,,,retired,Boardreader,no,no,2026_06_16_retired_immortals,MUME retired immortal list,List current as of 2026-06-16,immortal_2026_06_16_retired_immortals_dende_404_listed_retired_immortal,candidate,Copied by Lewis. Includes Boardreaders and honorary True Legend entry for Norsu.,whois_dende_1781578873,Maia,Maia,,Immortals,high,,,,,,,,,,,Maia,M,,immortal,immortal_term=Maia | race_term=Maia,1,no
char_ozelot,Ozelot,,,,,,,,,,retired,Boardreader,no,no,2026_06_16_retired_immortals,MUME retired immortal list,List current as of 2026-06-16,immortal_2026_06_16_retired_immortals_ozelot_647_listed_retired_immortal,candidate,Copied by Lewis. Includes Boardreaders and honorary True Legend entry for Norsu.,whois_ozelot_1781605281,Maia,Maia,,Immortals,high,,,,,,,,,,,Maia,M,,immortal,immortal_term=Maia | race_term=Maia,1,no
char_kovik,Kovik,,,,,,,,,,retired,Boardreader,no,no,2026_06_16_retired_immortals,MUME retired immortal list,List current as of 2026-06-16,immortal_2026_06_16_retired_immortals_kovik_553_listed_retired_immortal,candidate,Copied by Lewis. Includes Boardreaders and honorary True Legend entry for Norsu.,whois_kovik_1781604158,Maia,Maia,,Immortals,high,,,,,,,,,,,Maia,M,,immortal,immortal_term=Maia | race_term=Maia,1,no
char_iluvator,Iluvator,,,,,,,,,,retired,Maia,no,no,2026_06_16_retired_immortals,MUME retired immortal list,List current as of 2026-06-16,immortal_2026_06_16_retired_immortals_iluvator_249_listed_retired_immortal,candidate,Copied by Lewis. Includes Boardreaders and honorary True Legend entry for Norsu.,whois_iluvator_1781587102,"building, proofing, and stuff is a Maia",Maia,,Immortals,high,Cartographer,Cartographer,Cartographer,high,,,,,,,Maia,M,Cartographer,immortal,"immortal_term=Maia | race_term=Maia | unmatched=building, proofing, and stuff is a",1,no
char_ciltor,Ciltor,,,,,,,,,,current,Maia,no,no,2026_06_16_current_immortals,MUME current immortal list,List current as of 2026-06-16,immortal_2026_06_16_current_immortals_ciltor_30_listed_current_immortal,candidate,Copied by Lewis. (+m) means the immortal is also a Maiar Muddler / muddle code contributor.,whois_ciltor_1781578674,Maia,Maia,,Immortals,high,Wright,Wright,Wright,high,,,,,,,Maia,M,Wright,immortal,immortal_term=Maia | race_term=Maia,1,no
char_themys,Themys,,,,,,,,,,retired,Boardreader,no,no,2026_06_16_retired_immortals,MUME retired immortal list,List current as of 2026-06-16,immortal_2026_06_16_retired_immortals_themys_741_listed_retired_immortal,candidate,Copied by Lewis. Includes Boardreaders and honorary True Legend entry for Norsu.,whois_themys_1781606271,Maia,Maia,,Immortals,high,,,,,,,,,,,Maia,M,,immortal,immortal_term=Maia | race_term=Maia,1,no
char_eolung,Eolung,,,,,,,,,,retired,Maia,no,no,2026_06_16_retired_immortals,MUME retired immortal list,List current as of 2026-06-16,immortal_2026_06_16_retired_immortals_eolung_70_listed_retired_immortal,candidate,Copied by Lewis. Includes Boardreaders and honorary True Legend entry for Norsu.,whois_eolung_1781579265,Maia,Maia,,Immortals,high,Shaper,Shaper,Shaper,high,,,,,,,Maia,M,Shaper,immortal,immortal_term=Maia | race_term=Maia,1,no
char_idle,Idle,,,,,,,,,,retired,Boardreader,no,no,2026_06_16_retired_immortals,MUME retired immortal list,List current as of 2026-06-16,immortal_2026_06_16_retired_immortals_idle_510_listed_retired_immortal,candidate,Copied by Lewis. Includes Boardreaders and honorary True Legend entry for Norsu.,whois_idle_1781587079,Maia,Maia,,Immortals,high,,,,,,,,,,,Maia,M,,immortal,immortal_term=Maia | race_term=Maia,1,no
char_aldor,Aldor,,,,,,,,,,retired,Boardreader,no,no,2026_06_16_retired_immortals,MUME retired immortal list,List current as of 2026-06-16,immortal_2026_06_16_retired_immortals_aldor_310_listed_retired_immortal,candidate,Copied by Lewis. Includes Boardreaders and honorary True Legend entry for Norsu.,whois_aldor_1781576745,Maia,Maia,,Immortals,high,,,,,,,,,,,Maia,M,,immortal,immortal_term=Maia | race_term=Maia,1,no
char_teya,Teya,,,,,,,,,,retired,Boardreader,no,no,2026_06_16_retired_immortals,MUME retired immortal list,List current as of 2026-06-16,immortal_2026_06_16_retired_immortals_teya_740_listed_retired_immortal,candidate,Copied by Lewis. Includes Boardreaders and honorary True Legend entry for Norsu.,whois_teya_1781606259,Maia,Maia,,Immortals,high,,,,,,,,,,,Maia,M,,immortal,immortal_term=Maia | race_term=Maia,1,no
char_tessier,Tessier,,,,,,,,,,retired,Boardreader,no,no,2026_06_16_retired_immortals,MUME retired immortal list,List current as of 2026-06-16,immortal_2026_06_16_retired_immortals_tessier_739_listed_retired_immortal,candidate,Copied by Lewis. Includes Boardreaders and honorary True Legend entry for Norsu.,whois_tessier_1781606254,back is a Maia,Maia,,Immortals,high,,,,,,,,,,,Maia,M,,immortal,immortal_term=Maia | race_term=Maia | unmatched=back is a,1,no
char_nakki,Nakki,,,,,,,,,,retired,Boardreader,no,no,2026_06_16_retired_immortals,MUME retired immortal list,List current as of 2026-06-16,immortal_2026_06_16_retired_immortals_nakki_615_listed_retired_immortal,candidate,Copied by Lewis. Includes Boardreaders and honorary True Legend entry for Norsu.,whois_nakki_1781605003,Maia,Maia,,Immortals,high,,,,,,,,,,,Maia,M,,immortal,immortal_term=Maia | race_term=Maia,1,no
char_ociris,Ociris,,,,,,,,,,retired,Boardreader,no,no,2026_06_16_retired_immortals,MUME retired immortal list,List current as of 2026-06-16,immortal_2026_06_16_retired_immortals_ociris_636_listed_retired_immortal,candidate,Copied by Lewis. Includes Boardreaders and honorary True Legend entry for Norsu.,whois_ociris_1781605192,Maia,Maia,,Immortals,high,,,,,,,,,,,Maia,M,,immortal,immortal_term=Maia | race_term=Maia,1,no
char_wuji,Wuji,,,,,,,,,,retired,Boardreader,no,no,2026_06_16_retired_immortals,MUME retired immortal list,List current as of 2026-06-16,immortal_2026_06_16_retired_immortals_wuji_775_listed_retired_immortal,candidate,Copied by Lewis. Includes Boardreaders and honorary True Legend entry for Norsu.,whois_wuji_1781606743,Maia,Maia,,Immortals,high,,,,,,,,,,,Maia,M,,immortal,immortal_term=Maia | race_term=Maia,1,no
char_terminator,Terminator,,,,,,,,,,retired,Boardreader,no,no,2026_06_16_retired_immortals,MUME retired immortal list,List current as of 2026-06-16,immortal_2026_06_16_retired_immortals_terminator_738_listed_retired_immortal,candidate,Copied by Lewis. Includes Boardreaders and honorary True Legend entry for Norsu.,whois_terminator_1781606243,Maia,Maia,,Immortals,high,,,,,,,,,,,Maia,M,,immortal,immortal_term=Maia | race_term=Maia,1,no
char_ramon,Ramon,,,,,,,,,,retired,Boardreader,no,no,2026_06_16_retired_immortals,MUME retired immortal list,List current as of 2026-06-16,immortal_2026_06_16_retired_immortals_ramon_664_listed_retired_immortal,candidate,Copied by Lewis. Includes Boardreaders and honorary True Legend entry for Norsu.,whois_ramon_1781605461,Maia,Maia,,Immortals,high,,,,,,,,,,,Maia,M,,immortal,immortal_term=Maia | race_term=Maia,1,no
char_quic,Quic,,,,,,,,,,retired,Boardreader,no,no,2026_06_16_retired_immortals,MUME retired immortal list,List current as of 2026-06-16,immortal_2026_06_16_retired_immortals_quic_663_listed_retired_immortal,candidate,Copied by Lewis. Includes Boardreaders and honorary True Legend entry for Norsu.,whois_quic_1781605430,Maia,Maia,,Immortals,high,,,,,,,,,,,Maia,M,,immortal,immortal_term=Maia | race_term=Maia,1,no
char_orion,Orion,,,,,,,,,,retired,Maia,no,no,2026_06_16_retired_immortals,MUME retired immortal list,List current as of 2026-06-16,immortal_2026_06_16_retired_immortals_orion_146_listed_retired_immortal,candidate,Copied by Lewis. Includes Boardreaders and honorary True Legend entry for Norsu.,whois_orion_1781605242,Maia,Maia,,Immortals,high,Wright,Wright,Wright,high,,,,,,,Maia,M,Wright,immortal,immortal_term=Maia | race_term=Maia,1,no
char_ford,Ford,,,,,,,,,,retired,Boardreader,no,no,2026_06_16_retired_immortals,MUME retired immortal list,List current as of 2026-06-16,immortal_2026_06_16_retired_immortals_ford_461_listed_retired_immortal,candidate,Copied by Lewis. Includes Boardreaders and honorary True Legend entry for Norsu.,whois_ford_1781579827,Maia,Maia,,Immortals,high,,,,,,,,,,,Maia,M,,immortal,immortal_term=Maia | race_term=Maia,1,no
char_karlsburg,Karlsburg,,,,,,,,,,retired,Maia,no,no,2026_06_16_retired_immortals,MUME retired immortal list,List current as of 2026-06-16,immortal_2026_06_16_retired_immortals_karlsburg_190_listed_retired_immortal,candidate,Copied by Lewis. Includes Boardreaders and honorary True Legend entry for Norsu.,whois_karlsburg_1781603951,Maia,Maia,,Immortals,high,Builder,Builder,Builder,high,,,,,,,Maia,M,Builder,immortal,immortal_term=Maia | race_term=Maia,1,no
char_tellah,Tellah,,,,,,,,,,retired,Boardreader,no,no,2026_06_16_retired_immortals,MUME retired immortal list,List current as of 2026-06-16,immortal_2026_06_16_retired_immortals_tellah_736_listed_retired_immortal,candidate,Copied by Lewis. Includes Boardreaders and honorary True Legend entry for Norsu.,whois_tellah_1781606215,Maia,Maia,,Immortals,high,,,,,,,,,,,Maia,M,,immortal,immortal_term=Maia | race_term=Maia,1,no
char_karvane,Karvane,,,,,,,,,,retired,Boardreader,no,no,2026_06_16_retired_immortals,MUME retired immortal list,List current as of 2026-06-16,immortal_2026_06_16_retired_immortals_karvane_532_listed_retired_immortal,candidate,Copied by Lewis. Includes Boardreaders and honorary True Legend entry for Norsu.,whois_karvane_1781603967,Maia,Maia,,Immortals,high,,,,,,,,,,,Maia,M,,immortal,immortal_term=Maia | race_term=Maia,1,no
char_arina,Arina,,,,,,,,,,retired,Boardreader,no,no,2026_06_16_retired_immortals,MUME retired immortal list,List current as of 2026-06-16,immortal_2026_06_16_retired_immortals_arina_327_listed_retired_immortal,candidate,Copied by Lewis. Includes Boardreaders and honorary True Legend entry for Norsu.,whois_arina_1781577677,Maia,Maia,,Immortals,high,,,,,,,,,,,Maia,M,,immortal,immortal_term=Maia | race_term=Maia,1,no
char_ankamon,Ankamon,,,,,,,,,,retired,Boardreader,no,no,2026_06_16_retired_immortals,MUME retired immortal list,List current as of 2026-06-16,immortal_2026_06_16_retired_immortals_ankamon_320_listed_retired_immortal,candidate,Copied by Lewis. Includes Boardreaders and honorary True Legend entry for Norsu.,whois_ankamon_1781577533,Maia,Maia,,Immortals,high,,,,,,,,,,,Maia,M,,immortal,immortal_term=Maia | race_term=Maia,1,no
char_thuzzle,Thuzzle,,,,,,,,,,retired,Vala,no,no,2026_06_16_retired_immortals,MUME retired immortal list,List current as of 2026-06-16,immortal_2026_06_16_retired_immortals_thuzzle_35_listed_retired_immortal,candidate,Copied by Lewis. Includes Boardreaders and honorary True Legend entry for Norsu.,whois_thuzzle_1781606319,Vala,Vala,,Immortals,high,Mudller,Mudller,Mudller,high,,,,,,,Vala,V,Mudller,immortal,immortal_term=Vala | race_term=Vala,1,no
char_octavia,Octavia,,,,,,,,,,current,Maia,no,no,2026_06_16_current_immortals,MUME current immortal list,List current as of 2026-06-16,immortal_2026_06_16_current_immortals_octavia_85_listed_current_immortal,candidate,Copied by Lewis. (+m) means the immortal is also a Maiar Muddler / muddle code contributor.,whois_octavia_1781605197,Maia,Maia,,Immortals,high,Cartographer,Cartographer,Cartographer,high,,,,,,,Maia,M,Cartographer,immortal,immortal_term=Maia | race_term=Maia,1,no
char_tavares,Tavares,,,,,,,,,,current,Maia,no,no,2026_06_16_current_immortals,MUME current immortal list,List current as of 2026-06-16,immortal_2026_06_16_current_immortals_tavares_99_listed_current_immortal,candidate,Copied by Lewis. (+m) means the immortal is also a Maiar Muddler / muddle code contributor.,whois_tavares_1781606198,Maia,Maia,,Immortals,high,Cartographer,Cartographer,Cartographer,high,,,,,,,Maia,M,Cartographer,immortal,immortal_term=Maia | race_term=Maia,1,no
char_tarnas,Tarnas,,,,,,,,,,retired,Maia,no,no,2026_06_16_retired_immortals,MUME retired immortal list,List current as of 2026-06-16,immortal_2026_06_16_retired_immortals_tarnas_282_listed_retired_immortal,candidate,Copied by Lewis. Includes Boardreaders and honorary True Legend entry for Norsu.,whois_tarnas_1781606192,Maia,Maia,,Immortals,high,Cartographer,Cartographer,Cartographer,high,,,,,,,Maia,M,Cartographer,immortal,immortal_term=Maia | race_term=Maia,1,no
char_huan,Huan,,,,,,,,,,retired,Boardreader,no,no,2026_06_16_retired_immortals,MUME retired immortal list,List current as of 2026-06-16,immortal_2026_06_16_retired_immortals_huan_505_listed_retired_immortal,candidate,Copied by Lewis. Includes Boardreaders and honorary True Legend entry for Norsu.,whois_huan_1781587046,Maia,Maia,,Immortals,high,,,,,,,,,,,Maia,M,,immortal,immortal_term=Maia | race_term=Maia,1,no
char_kone,Kone,,,,,,,,,,retired,Boardreader,no,no,2026_06_16_retired_immortals,MUME retired immortal list,List current as of 2026-06-16,immortal_2026_06_16_retired_immortals_kone_552_listed_retired_immortal,candidate,Copied by Lewis. Includes Boardreaders and honorary True Legend entry for Norsu.,whois_kone_1781604140,Maia,Maia,,Immortals,high,,,,,,,,,,,Maia,M,,immortal,immortal_term=Maia | race_term=Maia,1,no
char_lone,Lone,,,,,,,,,,retired,Maia,no,no,2026_06_16_retired_immortals,MUME retired immortal list,List current as of 2026-06-16,immortal_2026_06_16_retired_immortals_lone_131_listed_retired_immortal,candidate,Copied by Lewis. Includes Boardreaders and honorary True Legend entry for Norsu.,whois_lone_1781604431,Maia,Maia,,Immortals,high,Wright,Wright,Wright,high,,,,,,,Maia,M,Wright,immortal,immortal_term=Maia | race_term=Maia,1,no
char_cedrim,Cedrim,,,,,,,,,,retired,Boardreader,no,no,2026_06_16_retired_immortals,MUME retired immortal list,List current as of 2026-06-16,immortal_2026_06_16_retired_immortals_cedrim_372_listed_retired_immortal,candidate,Copied by Lewis. Includes Boardreaders and honorary True Legend entry for Norsu.,whois_cedrim_1781578597,Maia,Maia,,Immortals,high,,,,,,,,,,,Maia,M,,immortal,immortal_term=Maia | race_term=Maia,1,no
char_tanith,Tanith,,,,,,,,,,retired,Boardreader,no,no,2026_06_16_retired_immortals,MUME retired immortal list,List current as of 2026-06-16,immortal_2026_06_16_retired_immortals_tanith_733_listed_retired_immortal,candidate,Copied by Lewis. Includes Boardreaders and honorary True Legend entry for Norsu.,whois_tanith_1781606185,Maia,Maia,,Immortals,high,,,,,,,,,,,Maia,M,,immortal,immortal_term=Maia | race_term=Maia,1,no
char_souls,Souls,,,,,,,,,,,,,,,,,,,,whois_souls_1781578999,Maia,Maia,,Immortals,high,Cartographer,Cartographer,Cartographer,high,,,,,,,Maia,M,Cartographer,immortal,immortal_term=Maia | race_term=Maia,1,no
char_lospe,Lospe,,,,,,,,,,retired,Boardreader,no,no,2026_06_16_retired_immortals,MUME retired immortal list,List current as of 2026-06-16,immortal_2026_06_16_retired_immortals_lospe_579_listed_retired_immortal,candidate,Copied by Lewis. Includes Boardreaders and honorary True Legend entry for Norsu.,whois_lospe_1781604467,Maia,Maia,,Immortals,high,,,,,,,,,,,Maia,M,,immortal,immortal_term=Maia | race_term=Maia,1,no
char_tamerlane,Tamerlane,,,,,,,,,,retired,Boardreader,no,no,2026_06_16_retired_immortals,MUME retired immortal list,List current as of 2026-06-16,immortal_2026_06_16_retired_immortals_tamerlane_732_listed_retired_immortal,candidate,Copied by Lewis. Includes Boardreaders and honorary True Legend entry for Norsu.,whois_tamerlane_1781606178,Evil is a Maia,Maia,,Immortals,high,,,,,,,,,,,Maia,M,,immortal,immortal_term=Maia | race_term=Maia | unmatched=Evil is a,1,no
char_staer,Staer,,,,,,,,,,retired,Aratar,no,no,2026_06_16_retired_immortals,MUME retired immortal list,List current as of 2026-06-16,immortal_2026_06_16_retired_immortals_staer_9_listed_retired_immortal,candidate,Copied by Lewis. Includes Boardreaders and honorary True Legend entry for Norsu.,whois_staer_1781606073,"Vala, one of the Aratar",Vala,,Immortals,high,,,,,,,,,,,Arata,A,,immortal,immortal_term=one of the Aratar | race_term=Vala,1,no
char_talen,Talen,,,,,,,,,,retired,Boardreader,no,no,2026_06_16_retired_immortals,MUME retired immortal list,List current as of 2026-06-16,immortal_2026_06_16_retired_immortals_talen_731_listed_retired_immortal,candidate,Copied by Lewis. Includes Boardreaders and honorary True Legend entry for Norsu.,whois_talen_1781606158,Maia,Maia,,Immortals,high,,,,,,,,,,,Maia,M,,immortal,immortal_term=Maia | race_term=Maia,1,no
char_tadej,Tadej,,,,,,,,,,retired,Boardreader,no,no,2026_06_16_retired_immortals,MUME retired immortal list,List current as of 2026-06-16,immortal_2026_06_16_retired_immortals_tadej_730_listed_retired_immortal,candidate,Copied by Lewis. Includes Boardreaders and honorary True Legend entry for Norsu.,whois_tadej_1781606151,Maia,Maia,,Immortals,high,,,,,,,,,,,Maia,M,,immortal,immortal_term=Maia | race_term=Maia,1,no
char_becha,Becha,,,,,,,,,,retired,Maia,no,no,2026_06_16_retired_immortals,MUME retired immortal list,List current as of 2026-06-16,immortal_2026_06_16_retired_immortals_becha_214_listed_retired_immortal,candidate,Copied by Lewis. Includes Boardreaders and honorary True Legend entry for Norsu.,whois_becha_1781577876,Maia,Maia,,Immortals,high,Cartographer,Cartographer,Cartographer,high,,,,,,,Maia,M,Cartographer,immortal,immortal_term=Maia | race_term=Maia,1,no
char_raudkael,Raudkael,,,,,,,,,,retired,Boardreader,no,no,2026_06_16_retired_immortals,MUME retired immortal list,List current as of 2026-06-16,immortal_2026_06_16_retired_immortals_raudkael_667_listed_retired_immortal,candidate,Copied by Lewis. Includes Boardreaders and honorary True Legend entry for Norsu.,whois_raudkael_1781605501,Maia,Maia,,Immortals,high,,,,,,,,,,,Maia,M,,immortal,immortal_term=Maia | race_term=Maia,1,no
char_harco,Harco,,,,,,,,,,retired,Boardreader,no,no,2026_06_16_retired_immortals,MUME retired immortal list,List current as of 2026-06-16,immortal_2026_06_16_retired_immortals_harco_497_listed_retired_immortal,candidate,Copied by Lewis. Includes Boardreaders and honorary True Legend entry for Norsu.,whois_harco_1781586185,Maia,Maia,,Immortals,high,,,,,,,,,,,Maia,M,,immortal,immortal_term=Maia | race_term=Maia,1,no
char_smalls,Smalls,,,,,,,,,,retired,Maia,no,no,2026_06_16_retired_immortals,MUME retired immortal list,List current as of 2026-06-16,immortal_2026_06_16_retired_immortals_smalls_278_listed_retired_immortal,candidate,Copied by Lewis. Includes Boardreaders and honorary True Legend entry for Norsu.,whois_smalls_1781605976,Maia,Maia,,Immortals,high,Cartographer,Cartographer,Cartographer,high,,,,,,,Maia,M,Cartographer,immortal,immortal_term=Maia | race_term=Maia,1,no
char_sum,Sum,,,,,,,,,,retired,Maia,no,no,2026_06_16_retired_immortals,MUME retired immortal list,List current as of 2026-06-16,immortal_2026_06_16_retired_immortals_sum_279_listed_retired_immortal,candidate,Copied by Lewis. Includes Boardreaders and honorary True Legend entry for Norsu.,whois_sum_1781606117,Maia,Maia,,Immortals,high,Cartographer,Cartographer,Cartographer,high,,,,,,,Maia,M,Cartographer,immortal,immortal_term=Maia | race_term=Maia,1,no
char_firm,firm,,,,,,,,,,,,,,,,,,,,whois_firm_1781577947,Maia,Maia,,Immortals,high,,,,,,,,,,,Maia,M,,immortal,immortal_term=Maia | race_term=Maia,1,no
char_katje,Katje,,,,,,,,,,current,Maia,no,no,2026_06_16_current_immortals,MUME current immortal list,List current as of 2026-06-16,immortal_2026_06_16_current_immortals_katje_39_listed_current_immortal,candidate,Copied by Lewis. (+m) means the immortal is also a Maiar Muddler / muddle code contributor.,whois_katje_1781603972,Maia,Maia,,Immortals,high,Wright,Wright,Wright,high,,,,,,,Maia,M,Wright,immortal,immortal_term=Maia | race_term=Maia,1,no
char_cardin,Cardin,,,,,,,,,,retired,Maia,no,no,2026_06_16_retired_immortals,MUME retired immortal list,List current as of 2026-06-16,immortal_2026_06_16_retired_immortals_cardin_90_listed_retired_immortal,candidate,Copied by Lewis. Includes Boardreaders and honorary True Legend entry for Norsu.,whois_cardin_1781578580,Maia,Maia,,Immortals,high,Wright,Wright,Wright,high,,,,,,,Maia,M,Wright,immortal,immortal_term=Maia | race_term=Maia,1,no
char_laris,Laris,,,,,,,,,,retired,Boardreader,no,no,2026_06_16_retired_immortals,MUME retired immortal list,List current as of 2026-06-16,immortal_2026_06_16_retired_immortals_laris_561_listed_retired_immortal,candidate,Copied by Lewis. Includes Boardreaders and honorary True Legend entry for Norsu.,whois_laris_1781604265,blissfully clueless is a Maia,Maia,,Immortals,high,,,,,,,,,,,Maia,M,,immortal,immortal_term=Maia | race_term=Maia | unmatched=blissfully clueless is a,1,no
char_stryker,Stryker,,,,,,,,,,retired,Boardreader,no,no,2026_06_16_retired_immortals,MUME retired immortal list,List current as of 2026-06-16,immortal_2026_06_16_retired_immortals_stryker_729_listed_retired_immortal,candidate,Copied by Lewis. Includes Boardreaders and honorary True Legend entry for Norsu.,whois_stryker_1781606106,Maia,Maia,,Immortals,high,,,,,,,,,,,Maia,M,,immortal,immortal_term=Maia | race_term=Maia,1,no
char_ceeris,Ceeris,,,,,,,,,,retired,Boardreader,no,no,2026_06_16_retired_immortals,MUME retired immortal list,List current as of 2026-06-16,immortal_2026_06_16_retired_immortals_ceeris_373_listed_retired_immortal,candidate,Copied by Lewis. Includes Boardreaders and honorary True Legend entry for Norsu.,whois_ceeris_1781578602,Maia,Maia,,Immortals,high,,,,,,,,,,,Maia,M,,immortal,immortal_term=Maia | race_term=Maia,1,no
char_stranger,Stranger,,,,,,,,,,retired,Boardreader,no,no,2026_06_16_retired_immortals,MUME retired immortal list,List current as of 2026-06-16,immortal_2026_06_16_retired_immortals_stranger_728_listed_retired_immortal,candidate,Copied by Lewis. Includes Boardreaders and honorary True Legend entry for Norsu.,whois_stranger_1781606101,Maia,Maia,,Immortals,high,,,,,,,,,,,Maia,M,,immortal,immortal_term=Maia | race_term=Maia,1,no
char_nom,Nom,,,,,,,,,,retired,Maia,no,no,2026_06_16_retired_immortals,MUME retired immortal list,List current as of 2026-06-16,immortal_2026_06_16_retired_immortals_nom_194_listed_retired_immortal,candidate,Copied by Lewis. Includes Boardreaders and honorary True Legend entry for Norsu.,whois_nom_1781605120,Maia,Maia,,Immortals,high,Builder,Builder,Builder,high,,,,,,,Maia,M,Builder,immortal,immortal_term=Maia | race_term=Maia,1,no
char_stimpy,Stimpy,,,,,,,,,,retired,Maia,no,no,2026_06_16_retired_immortals,MUME retired immortal list,List current as of 2026-06-16,immortal_2026_06_16_retired_immortals_stimpy_157_listed_retired_immortal,candidate,Copied by Lewis. Includes Boardreaders and honorary True Legend entry for Norsu.,whois_stimpy_1781606095,Maia,Maia,,Immortals,high,Wright,Wright,Wright,high,,,,,,,Maia,M,Wright,immortal,immortal_term=Maia | race_term=Maia,1,no
char_niccolo,Niccolo,,,,,,,,,,retired,Maia,no,no,2026_06_16_retired_immortals,MUME retired immortal list,List current as of 2026-06-16,immortal_2026_06_16_retired_immortals_niccolo_266_listed_retired_immortal,candidate,Copied by Lewis. Includes Boardreaders and honorary True Legend entry for Norsu.,whois_niccolo_1781605070,Maia,Maia,,Immortals,high,Cartographer,Cartographer,Cartographer,high,,,,,,,Maia,M,Cartographer,immortal,immortal_term=Maia | race_term=Maia,1,no
char_urso,Urso,,,,,,,,,,retired,Boardreader,no,no,2026_06_16_retired_immortals,MUME retired immortal list,List current as of 2026-06-16,immortal_2026_06_16_retired_immortals_urso_759_listed_retired_immortal,candidate,Copied by Lewis. Includes Boardreaders and honorary True Legend entry for Norsu.,whois_urso_1781606510,Maia,Maia,,Immortals,high,,,,,,,,,,,Maia,M,,immortal,immortal_term=Maia | race_term=Maia,1,no
char_muumi,Muumi,,,,,,,,,,retired,Boardreader,no,no,2026_06_16_retired_immortals,MUME retired immortal list,List current as of 2026-06-16,immortal_2026_06_16_retired_immortals_muumi_612_listed_retired_immortal,candidate,Copied by Lewis. Includes Boardreaders and honorary True Legend entry for Norsu.,whois_muumi_1781604970,Maia,Maia,,Immortals,high,,,,,,,,,,,Maia,M,,immortal,immortal_term=Maia | race_term=Maia,1,no
char_tamar,Tamar,,,,,,,,,,current,Maia,no,no,2026_06_16_current_immortals,MUME current immortal list,List current as of 2026-06-16,immortal_2026_06_16_current_immortals_tamar_98_listed_current_immortal,candidate,Copied by Lewis. (+m) means the immortal is also a Maiar Muddler / muddle code contributor.,whois_tamar_1781606172,despret need of a pracreset is a Maia,Maia,,Immortals,high,Cartographer,Cartographer,Cartographer,high,,,,,,,Maia,M,Cartographer,immortal,immortal_term=Maia | race_term=Maia | unmatched=despret need of a pracreset is a,1,no
char_sarinda,Sarinda,,,,,,,,,,current,Maia,no,no,2026_06_16_current_immortals,MUME current immortal list,List current as of 2026-06-16,immortal_2026_06_16_current_immortals_sarinda_45_listed_current_immortal,candidate,Copied by Lewis. (+m) means the immortal is also a Maiar Muddler / muddle code contributor.,whois_sarinda_1781605757,Maia,Maia,,Immortals,high,Wright,Wright,Wright,high,,,,,,,Maia,M,Wright,immortal,immortal_term=Maia | race_term=Maia,1,no
char_stadi,Stadi,,,,,,,,,,retired,Boardreader,no,no,2026_06_16_retired_immortals,MUME retired immortal list,List current as of 2026-06-16,immortal_2026_06_16_retired_immortals_stadi_724_listed_retired_immortal,candidate,Copied by Lewis. Includes Boardreaders and honorary True Legend entry for Norsu.,whois_stadi_1781606067,Maia,Maia,,Immortals,high,,,,,,,,,,,Maia,M,,immortal,immortal_term=Maia | race_term=Maia,1,no
char_someone,Someone,,,,,,,,,,retired,Boardreader,no,no,2026_06_16_retired_immortals,MUME retired immortal list,List current as of 2026-06-16,immortal_2026_06_16_retired_immortals_someone_720_listed_retired_immortal,candidate,Copied by Lewis. Includes Boardreaders and honorary True Legend entry for Norsu.,whois_someone_1781606031,Maia,Maia,,Immortals,high,,,,,,,,,,,Maia,M,,immortal,immortal_term=Maia | race_term=Maia,1,no
char_gandalug,Gandalug,,,,,,,,,,retired,Boardreader,no,no,2026_06_16_retired_immortals,MUME retired immortal list,List current as of 2026-06-16,immortal_2026_06_16_retired_immortals_gandalug_469_listed_retired_immortal,candidate,Copied by Lewis. Includes Boardreaders and honorary True Legend entry for Norsu.,whois_gandalug_1781579927,Maia,Maia,,Immortals,high,,,,,,,,,,,Maia,M,,immortal,immortal_term=Maia | race_term=Maia,1,no
char_húrin,Húrin,,,,,,,,,,retired,Boardreader,no,no,2026_06_16_retired_immortals,MUME retired immortal list,List current as of 2026-06-16,immortal_2026_06_16_retired_immortals_hurin_508_listed_retired_immortal,candidate,Copied by Lewis. Includes Boardreaders and honorary True Legend entry for Norsu.,whois_húrin_1781587073,Maia,Maia,,Immortals,high,,,,,,,,,,,Maia,M,,immortal,immortal_term=Maia | race_term=Maia,1,no
char_rangga,Rangga,,,,,,,,,,retired,Boardreader,no,no,2026_06_16_retired_immortals,MUME retired immortal list,List current as of 2026-06-16,immortal_2026_06_16_retired_immortals_rangga_665_listed_retired_immortal,candidate,Copied by Lewis. Includes Boardreaders and honorary True Legend entry for Norsu.,whois_rangga_1781605473,Maia,Maia,,Immortals,high,,,,,,,,,,,Maia,M,,immortal,immortal_term=Maia | race_term=Maia,1,no
char_hanse,Hanse,,,,,,,,,,retired,Maia,no,no,2026_06_16_retired_immortals,MUME retired immortal list,List current as of 2026-06-16,immortal_2026_06_16_retired_immortals_hanse_246_listed_retired_immortal,candidate,Copied by Lewis. Includes Boardreaders and honorary True Legend entry for Norsu.,whois_hanse_1781586174,Maia,Maia,,Immortals,high,Cartographer,Cartographer,Cartographer,high,,,,,,,Maia,M,Cartographer,immortal,immortal_term=Maia | race_term=Maia,1,no
char_opus,Opus,,,,,,,,,,retired,Boardreader,no,no,2026_06_16_retired_immortals,MUME retired immortal list,List current as of 2026-06-16,immortal_2026_06_16_retired_immortals_opus_640_listed_retired_immortal,candidate,Copied by Lewis. Includes Boardreaders and honorary True Legend entry for Norsu.,whois_opus_1781605230,Maia,Maia,,Immortals,high,,,,,,,,,,,Maia,M,,immortal,immortal_term=Maia | race_term=Maia,1,no
char_covah,Covah,,,,,,,,,,retired,Boardreader,no,no,2026_06_16_retired_immortals,MUME retired immortal list,List current as of 2026-06-16,immortal_2026_06_16_retired_immortals_covah_385_listed_retired_immortal,candidate,Copied by Lewis. Includes Boardreaders and honorary True Legend entry for Norsu.,whois_covah_1781578718,Maia,Maia,,Immortals,high,,,,,,,,,,,Maia,M,,immortal,immortal_term=Maia | race_term=Maia,1,no
char_snow,Snow,,,,,,,,,,retired,Maia,no,no,2026_06_16_retired_immortals,MUME retired immortal list,List current as of 2026-06-16,immortal_2026_06_16_retired_immortals_snow_156_listed_retired_immortal,candidate,Copied by Lewis. Includes Boardreaders and honorary True Legend entry for Norsu.,whois_snow_1781606008,Maia,Maia,,Immortals,high,Wright,Wright,Wright,high,,,,,,,Maia,M,Wright,immortal,immortal_term=Maia | race_term=Maia,1,no
char_snom,Snom,,,,,,,,,,retired,Boardreader,no,no,2026_06_16_retired_immortals,MUME retired immortal list,List current as of 2026-06-16,immortal_2026_06_16_retired_immortals_snom_719_listed_retired_immortal,candidate,Copied by Lewis. Includes Boardreaders and honorary True Legend entry for Norsu.,whois_snom_1781606002,Maia,Maia,,Immortals,high,,,,,,,,,,,Maia,M,,immortal,immortal_term=Maia | race_term=Maia,1,no
char_tlb,TLB,,,,,,,,,,retired,Boardreader,no,no,2026_06_16_retired_immortals,MUME retired immortal list,List current as of 2026-06-16,immortal_2026_06_16_retired_immortals_tlb_749_listed_retired_immortal,candidate,Copied by Lewis. Includes Boardreaders and honorary True Legend entry for Norsu.,whois_tlb_1781606375,Maia,Maia,,Immortals,high,,,,,,,,,,,Maia,M,,immortal,immortal_term=Maia | race_term=Maia,1,no
char_smiling,Smiling,,,,,,,,,,retired,Boardreader,no,no,2026_06_16_retired_immortals,MUME retired immortal list,List current as of 2026-06-16,immortal_2026_06_16_retired_immortals_smiling_716_listed_retired_immortal,candidate,Copied by Lewis. Includes Boardreaders and honorary True Legend entry for Norsu.,whois_smiling_1781605982,Maia,Maia,,Immortals,high,,,,,,,,,,,Maia,M,,immortal,immortal_term=Maia | race_term=Maia,1,no
char_sung,Sung,,,,,,,,,,retired,Aratar,no,no,2026_06_16_retired_immortals,MUME retired immortal list,List current as of 2026-06-16,immortal_2026_06_16_retired_immortals_sung_10_listed_retired_immortal,candidate,Copied by Lewis. Includes Boardreaders and honorary True Legend entry for Norsu.,whois_sung_1781606123,"Vala, one of the Aratar",Vala,,Immortals,high,,,,,,,,,,,Arata,A,,immortal,immortal_term=one of the Aratar | race_term=Vala,1,no
char_sledgehammer,SledgeHammer,,,,,,,,,,retired,Boardreader,no,no,2026_06_16_retired_immortals,MUME retired immortal list,List current as of 2026-06-16,immortal_2026_06_16_retired_immortals_sledgehammer_715_listed_retired_immortal,candidate,Copied by Lewis. Includes Boardreaders and honorary True Legend entry for Norsu.,whois_sledgehammer_1781605970,Maia,Maia,,Immortals,high,,,,,,,,,,,Maia,M,,immortal,immortal_term=Maia | race_term=Maia,1,no
char_slash,Slash,,,,,,,,,,retired,Boardreader,no,no,2026_06_16_retired_immortals,MUME retired immortal list,List current as of 2026-06-16,immortal_2026_06_16_retired_immortals_slash_714_listed_retired_immortal,candidate,Copied by Lewis. Includes Boardreaders and honorary True Legend entry for Norsu.,whois_slash_1781605964,here is a Maia,Maia,,Immortals,high,,,,,,,,,,,Maia,M,,immortal,immortal_term=Maia | race_term=Maia | unmatched=here is a,1,no
char_lancot,Lancot,,,,,,,,,,retired,Boardreader,no,no,2026_06_16_retired_immortals,MUME retired immortal list,List current as of 2026-06-16,immortal_2026_06_16_retired_immortals_lancot_559_listed_retired_immortal,candidate,Copied by Lewis. Includes Boardreaders and honorary True Legend entry for Norsu.,whois_lancot_1781604248,Maia,Maia,,Immortals,high,,,,,,,,,,,Maia,M,,immortal,immortal_term=Maia | race_term=Maia,1,no
char_heigo,Heigo,,,,,,,,,,retired,Boardreader,no,no,2026_06_16_retired_immortals,MUME retired immortal list,List current as of 2026-06-16,immortal_2026_06_16_retired_immortals_heigo_498_listed_retired_immortal,candidate,Copied by Lewis. Includes Boardreaders and honorary True Legend entry for Norsu.,whois_heigo_1781586191,Maia,Maia,,Immortals,high,,,,,,,,,,,Maia,M,,immortal,immortal_term=Maia | race_term=Maia,1,no
char_kruel,Kruel,,,,,,,,,,retired,Boardreader,no,no,2026_06_16_retired_immortals,MUME retired immortal list,List current as of 2026-06-16,immortal_2026_06_16_retired_immortals_kruel_557_listed_retired_immortal,candidate,Copied by Lewis. Includes Boardreaders and honorary True Legend entry for Norsu.,whois_kruel_1781604215,Maia,Maia,,Immortals,high,,,,,,,,,,,Maia,M,,immortal,immortal_term=Maia | race_term=Maia,1,no
char_caerroil,Caerroil,,,,,,,,,,retired,Maia,no,no,2026_06_16_retired_immortals,MUME retired immortal list,List current as of 2026-06-16,immortal_2026_06_16_retired_immortals_caerroil_217_listed_retired_immortal,candidate,Copied by Lewis. Includes Boardreaders and honorary True Legend entry for Norsu.,whois_caerroil_1781578525,Maia,Maia,,Immortals,high,Cartographer,Cartographer,Cartographer,high,,,,,,,Maia,M,Cartographer,immortal,immortal_term=Maia | race_term=Maia,1,no
char_yorick,Yorick,,,,,,,,,,retired,Vala,no,no,2026_06_16_retired_immortals,MUME retired immortal list,List current as of 2026-06-16,immortal_2026_06_16_retired_immortals_yorick_40_listed_retired_immortal,candidate,Copied by Lewis. Includes Boardreaders and honorary True Legend entry for Norsu.,whois_yorick_1781606850,Vala,Vala,,Immortals,high,Mudller,Mudller,Mudller,high,,,,,,,Vala,V,Mudller,immortal,immortal_term=Vala | race_term=Vala,1,no
char_karli,Karli,,,,,,,,,,retired,Boardreader,no,no,2026_06_16_retired_immortals,MUME retired immortal list,List current as of 2026-06-16,immortal_2026_06_16_retired_immortals_karli_531_listed_retired_immortal,candidate,Copied by Lewis. Includes Boardreaders and honorary True Legend entry for Norsu.,whois_karli_1781603945,Maia,Maia,,Immortals,high,,,,,,,,,,,Maia,M,,immortal,immortal_term=Maia | race_term=Maia,1,no
char_erg,Erg,,,,,,,,,,retired,Maia,no,no,2026_06_16_retired_immortals,MUME retired immortal list,List current as of 2026-06-16,immortal_2026_06_16_retired_immortals_erg_231_listed_retired_immortal,candidate,Copied by Lewis. Includes Boardreaders and honorary True Legend entry for Norsu.,whois_erg_1781579576,Maia,Maia,,Immortals,high,Cartographer,Cartographer,Cartographer,high,,,,,,,Maia,M,Cartographer,immortal,immortal_term=Maia | race_term=Maia,1,no
char_intense,Intense,,,,,,,,,,current,Maia,no,no,2026_06_16_current_immortals,MUME current immortal list,List current as of 2026-06-16,immortal_2026_06_16_current_immortals_intense_37_listed_current_immortal,candidate,Copied by Lewis. (+m) means the immortal is also a Maiar Muddler / muddle code contributor.,whois_intense_1781587165,Maia,Maia,,Immortals,high,Wright,Wright,Wright,high,,,,,,,Maia,M,Wright,immortal,immortal_term=Maia | race_term=Maia,1,no
char_silvershadow,Silvershadow,,,,,,,,,,retired,Boardreader,no,no,2026_06_16_retired_immortals,MUME retired immortal list,List current as of 2026-06-16,immortal_2026_06_16_retired_immortals_silvershadow_710_listed_retired_immortal,candidate,Copied by Lewis. Includes Boardreaders and honorary True Legend entry for Norsu.,whois_silvershadow_1781605916,Maia,Maia,,Immortals,high,,,,,,,,,,,Maia,M,,immortal,immortal_term=Maia | race_term=Maia,1,no
char_khaldun,Khaldun,,,,,,,,,,retired,Boardreader,no,no,2026_06_16_retired_immortals,MUME retired immortal list,List current as of 2026-06-16,immortal_2026_06_16_retired_immortals_khaldun_541_listed_retired_immortal,candidate,Copied by Lewis. Includes Boardreaders and honorary True Legend entry for Norsu.,whois_khaldun_1781604038,Maia,Maia,,Immortals,high,,,,,,,,,,,Maia,M,,immortal,immortal_term=Maia | race_term=Maia,1,no
char_violith,Violith,,,,,,,,,,retired,Boardreader,no,no,2026_06_16_retired_immortals,MUME retired immortal list,List current as of 2026-06-16,immortal_2026_06_16_retired_immortals_violith_768_listed_retired_immortal,candidate,Copied by Lewis. Includes Boardreaders and honorary True Legend entry for Norsu.,whois_violith_1781606642,Maia,Maia,,Immortals,high,,,,,,,,,,,Maia,M,,immortal,immortal_term=Maia | race_term=Maia,1,no
char_rebel,Rebel,,,,,,,,,,retired,Boardreader,no,no,2026_06_16_retired_immortals,MUME retired immortal list,List current as of 2026-06-16,immortal_2026_06_16_retired_immortals_rebel_671_listed_retired_immortal,candidate,Copied by Lewis. Includes Boardreaders and honorary True Legend entry for Norsu.,whois_rebel_1781605525,Maia,Maia,,Immortals,high,,,,,,,,,,,Maia,M,,immortal,immortal_term=Maia | race_term=Maia,1,no
char_kits,kits,,,,,,,,,,,,,,,,,,,,whois_kits_1781579165,Maia,Maia,,Immortals,high,Wright,Wright,Wright,high,,,,,,,Maia,M,Wright,immortal,immortal_term=Maia | race_term=Maia,1,no
char_erios,Erios,,,,,,,,,,retired,Boardreader,no,no,2026_06_16_retired_immortals,MUME retired immortal list,List current as of 2026-06-16,immortal_2026_06_16_retired_immortals_erios_438_listed_retired_immortal,candidate,Copied by Lewis. Includes Boardreaders and honorary True Legend entry for Norsu.,whois_erios_1781579587,Maia,Maia,,Immortals,high,,,,,,,,,,,Maia,M,,immortal,immortal_term=Maia | race_term=Maia,1,no
char_shrouded,Shrouded,,,,,,,,,,retired,Boardreader,no,no,2026_06_16_retired_immortals,MUME retired immortal list,List current as of 2026-06-16,immortal_2026_06_16_retired_immortals_shrouded_704_listed_retired_immortal,candidate,Copied by Lewis. Includes Boardreaders and honorary True Legend entry for Norsu.,whois_shrouded_1781605877,Maia,Maia,,Immortals,high,,,,,,,,,,,Maia,M,,immortal,immortal_term=Maia | race_term=Maia,1,no
char_perrin,Perrin,,,,,,,,,,retired,Maia,no,no,2026_06_16_retired_immortals,MUME retired immortal list,List current as of 2026-06-16,immortal_2026_06_16_retired_immortals_perrin_270_listed_retired_immortal,candidate,Copied by Lewis. Includes Boardreaders and honorary True Legend entry for Norsu.,whois_perrin_1781605337,Maia,Maia,,Immortals,high,Cartographer,Cartographer,Cartographer,high,,,,,,,Maia,M,Cartographer,immortal,immortal_term=Maia | race_term=Maia,1,no
char_avitar,Avitar,,,,,,,,,,retired,Vala,no,no,2026_06_16_retired_immortals,MUME retired immortal list,List current as of 2026-06-16,immortal_2026_06_16_retired_immortals_avitar_21_listed_retired_immortal,candidate,Copied by Lewis. Includes Boardreaders and honorary True Legend entry for Norsu.,whois_avitar_1781577771,Vala,Vala,,Immortals,high,Mudller,Mudller,Mudller,high,,,,,,,Vala,V,Mudller,immortal,immortal_term=Vala | race_term=Vala,1,no
char_atanatar,Atanatar,,,,,,,,,,retired,Maia,no,no,2026_06_16_retired_immortals,MUME retired immortal list,List current as of 2026-06-16,immortal_2026_06_16_retired_immortals_atanatar_86_listed_retired_immortal,candidate,Copied by Lewis. Includes Boardreaders and honorary True Legend entry for Norsu.,whois_atanatar_1781577733,Maia,Maia,,Immortals,high,Wright,Wright,Wright,high,,,,,,,Maia,M,Wright,immortal,immortal_term=Maia | race_term=Maia,1,no
char_helene,Helene,,,,,,,,,,retired,Maia,no,no,2026_06_16_retired_immortals,MUME retired immortal list,List current as of 2026-06-16,immortal_2026_06_16_retired_immortals_helene_113_listed_retired_immortal,candidate,Copied by Lewis. Includes Boardreaders and honorary True Legend entry for Norsu.,whois_helene_1781586197,not sleeping and not social is a Maia,Maia,,Immortals,high,Wright,Wright,Wright,high,,,,,,,Maia,M,Wright,immortal,immortal_term=Maia | race_term=Maia | unmatched=not sleeping and not social is a,1,no
char_dáin,Dáin,,,,,,,,,,current,Aratar,no,no,2026_06_16_current_immortals,MUME current immortal list,List current as of 2026-06-16,immortal_2026_06_16_current_immortals_dain_3_listed_current_immortal,candidate,Copied by Lewis. (+m) means the immortal is also a Maiar Muddler / muddle code contributor.,whois_dáin_1781579011,"Vala, one of the Aratar",Vala,,Immortals,high,,,,,,,,,,,Arata,A,,immortal,immortal_term=one of the Aratar | race_term=Vala,1,no
char_baldur,Baldur,,,,,,,,,,retired,Boardreader,no,no,2026_06_16_retired_immortals,MUME retired immortal list,List current as of 2026-06-16,immortal_2026_06_16_retired_immortals_baldur_339_listed_retired_immortal,candidate,Copied by Lewis. Includes Boardreaders and honorary True Legend entry for Norsu.,whois_baldur_1781577826,Maia,Maia,,Immortals,high,,,,,,,,,,,Maia,M,,immortal,immortal_term=Maia | race_term=Maia,1,no
char_scott,Scott,,,,,,,,,,retired,Boardreader,no,no,2026_06_16_retired_immortals,MUME retired immortal list,List current as of 2026-06-16,immortal_2026_06_16_retired_immortals_scott_696_listed_retired_immortal,candidate,Copied by Lewis. Includes Boardreaders and honorary True Legend entry for Norsu.,whois_scott_1781605801,Maia,Maia,,Immortals,high,,,,,,,,,,,Maia,M,,immortal,immortal_term=Maia | race_term=Maia,1,no
char_shai,Shai,,,,,,,,,,retired,Boardreader,no,no,2026_06_16_retired_immortals,MUME retired immortal list,List current as of 2026-06-16,immortal_2026_06_16_retired_immortals_shai_701_listed_retired_immortal,candidate,Copied by Lewis. Includes Boardreaders and honorary True Legend entry for Norsu.,whois_shai_1781605848,Maia,Maia,,Immortals,high,,,,,,,,,,,Maia,M,,immortal,immortal_term=Maia | race_term=Maia,1,no
char_shaedric,Shaedric,,,,,,,,,,retired,Maia,no,no,2026_06_16_retired_immortals,MUME retired immortal list,List current as of 2026-06-16,immortal_2026_06_16_retired_immortals_shaedric_197_listed_retired_immortal,candidate,Copied by Lewis. Includes Boardreaders and honorary True Legend entry for Norsu.,whois_shaedric_1781605842,Maia,Maia,,Immortals,high,Builder,Builder,Builder,high,,,,,,,Maia,M,Builder,immortal,immortal_term=Maia | race_term=Maia,1,no
char_ólin,Ólin,,,,,,,,,,retired,Boardreader,no,no,2026_06_16_retired_immortals,MUME retired immortal list,List current as of 2026-06-16,immortal_2026_06_16_retired_immortals_olin_637_listed_retired_immortal,candidate,Copied by Lewis. Includes Boardreaders and honorary True Legend entry for Norsu.,whois_ólin_1781607001,Maia,Maia,,Immortals,high,,,,,,,,,,,Maia,M,,immortal,immortal_term=Maia | race_term=Maia,1,no
char_securitate,Securitate,,,,,,,,,,retired,Maia,no,no,2026_06_16_retired_immortals,MUME retired immortal list,List current as of 2026-06-16,immortal_2026_06_16_retired_immortals_securitate_155_listed_retired_immortal,candidate,Copied by Lewis. Includes Boardreaders and honorary True Legend entry for Norsu.,whois_securitate_1781605812,Maia,Maia,,Immortals,high,Wright,Wright,Wright,high,,,,,,,Maia,M,Wright,immortal,immortal_term=Maia | race_term=Maia,1,no
char_dand,Dand,,,,,,,,,,retired,Boardreader,no,no,2026_06_16_retired_immortals,MUME retired immortal list,List current as of 2026-06-16,immortal_2026_06_16_retired_immortals_dand_393_listed_retired_immortal,candidate,Copied by Lewis. Includes Boardreaders and honorary True Legend entry for Norsu.,whois_dand_1781578790,Gone is a Maia,Maia,,Immortals,high,,,,,,,,,,,Maia,M,,immortal,immortal_term=Maia | race_term=Maia | unmatched=Gone is a,1,no
char_scyld,Scyld,,,,,,,,,,retired,Boardreader,no,no,2026_06_16_retired_immortals,MUME retired immortal list,List current as of 2026-06-16,immortal_2026_06_16_retired_immortals_scyld_697_listed_retired_immortal,candidate,Copied by Lewis. Includes Boardreaders and honorary True Legend entry for Norsu.,whois_scyld_1781605806,Maia,Maia,,Immortals,high,,,,,,,,,,,Maia,M,,immortal,immortal_term=Maia | race_term=Maia,1,no
char_shalott,Shalott,,,,,,,,,,retired,Maia,no,no,2026_06_16_retired_immortals,MUME retired immortal list,List current as of 2026-06-16,immortal_2026_06_16_retired_immortals_shalott_275_listed_retired_immortal,candidate,Copied by Lewis. Includes Boardreaders and honorary True Legend entry for Norsu.,whois_shalott_1781605854,Maia,Maia,,Immortals,high,Cartographer,Cartographer,Cartographer,high,,,,,,,Maia,M,Cartographer,immortal,immortal_term=Maia | race_term=Maia,1,no
char_vivriel,Vivriel,,,,,,,,,,retired,Aratar,no,no,2026_06_16_retired_immortals,MUME retired immortal list,List current as of 2026-06-16,immortal_2026_06_16_retired_immortals_vivriel_13_listed_retired_immortal,candidate,Copied by Lewis. Includes Boardreaders and honorary True Legend entry for Norsu.,whois_vivriel_1781606648,"Valië, one of the Aratar",Arata,,Immortals,high,,,,,,,,,,,Arata,A,,immortal,immortal_term=one of the Aratar | unmatched=Valië,1,no
char_kril,Kril,,,,,,,,,,retired,Maia,no,no,2026_06_16_retired_immortals,MUME retired immortal list,List current as of 2026-06-16,immortal_2026_06_16_retired_immortals_kril_125_listed_retired_immortal,candidate,Copied by Lewis. Includes Boardreaders and honorary True Legend entry for Norsu.,whois_kril_1781604190,Kril again is a Maia,Maia,,Immortals,high,Wright,Wright,Wright,high,,,,,,,Maia,M,Wright,immortal,immortal_term=Maia | race_term=Maia | unmatched=Kril again is a,1,no
char_mirimandil,Mirimandil,,,,,,,,,,retired,Boardreader,no,no,2026_06_16_retired_immortals,MUME retired immortal list,List current as of 2026-06-16,immortal_2026_06_16_retired_immortals_mirimandil_603_listed_retired_immortal,candidate,Copied by Lewis. Includes Boardreaders and honorary True Legend entry for Norsu.,whois_mirimandil_1781604886,Maia,Maia,,Immortals,high,,,,,,,,,,,Maia,M,,immortal,immortal_term=Maia | race_term=Maia,1,no
char_manse,Manse,,,,,,,,,,retired,Boardreader,no,no,2026_06_16_retired_immortals,MUME retired immortal list,List current as of 2026-06-16,immortal_2026_06_16_retired_immortals_manse_587_listed_retired_immortal,candidate,Copied by Lewis. Includes Boardreaders and honorary True Legend entry for Norsu.,whois_manse_1781604638,back is a Maia,Maia,,Immortals,high,for now,for now,for now,high,,,,,,,Maia,M,for now,immortal,immortal_term=Maia | race_term=Maia | unmatched=back is a,1,no
char_arion,Arion,,,,,,,,,,retired,Aratar,no,no,2026_06_16_retired_immortals,MUME retired immortal list,List current as of 2026-06-16,immortal_2026_06_16_retired_immortals_arion_3_listed_retired_immortal,candidate,Copied by Lewis. Includes Boardreaders and honorary True Legend entry for Norsu.,whois_arion_1781577685,"Vala, one of the Aratar",Vala,,Immortals,high,,,,,,,,,,,Arata,A,,immortal,immortal_term=one of the Aratar | race_term=Vala,1,no
char_schard,Schard,,,,,,,,,,retired,Boardreader,no,no,2026_06_16_retired_immortals,MUME retired immortal list,List current as of 2026-06-16,immortal_2026_06_16_retired_immortals_schard_695_listed_retired_immortal,candidate,Copied by Lewis. Includes Boardreaders and honorary True Legend entry for Norsu.,whois_schard_1781605784,Maia,Maia,,Immortals,high,,,,,,,,,,,Maia,M,,immortal,immortal_term=Maia | race_term=Maia,1,no
char_eileya,Eileya,,,,,,,,,,retired,Boardreader,no,no,2026_06_16_retired_immortals,MUME retired immortal list,List current as of 2026-06-16,immortal_2026_06_16_retired_immortals_eileya_420_listed_retired_immortal,candidate,Copied by Lewis. Includes Boardreaders and honorary True Legend entry for Norsu.,whois_eileya_1781579065,Maia,Maia,,Immortals,high,,,,,,,,,,,Maia,M,,immortal,immortal_term=Maia | race_term=Maia,1,no
char_scar,Scar,,,,,,,,,,retired,Vala,no,no,2026_06_16_retired_immortals,MUME retired immortal list,List current as of 2026-06-16,immortal_2026_06_16_retired_immortals_scar_31_listed_retired_immortal,candidate,Copied by Lewis. Includes Boardreaders and honorary True Legend entry for Norsu.,whois_scar_1781605779,Vala,Vala,,Immortals,high,Mudller,Mudller,Mudller,high,,,,,,,Vala,V,Mudller,immortal,immortal_term=Vala | race_term=Vala,1,no
char_erl,Erl,,,,,,,,,,retired,Boardreader,no,no,2026_06_16_retired_immortals,MUME retired immortal list,List current as of 2026-06-16,immortal_2026_06_16_retired_immortals_erl_439_listed_retired_immortal,candidate,Copied by Lewis. Includes Boardreaders and honorary True Legend entry for Norsu.,whois_erl_1781579592,Maia,Maia,,Immortals,high,,,,,,,,,,,Maia,M,,immortal,immortal_term=Maia | race_term=Maia,1,no
char_samwe,Samwe,,,,,,,,,,retired,Boardreader,no,no,2026_06_16_retired_immortals,MUME retired immortal list,List current as of 2026-06-16,immortal_2026_06_16_retired_immortals_samwe_691_listed_retired_immortal,candidate,Copied by Lewis. Includes Boardreaders and honorary True Legend entry for Norsu.,whois_samwe_1781605746,Maia,Maia,,Immortals,high,,,,,,,,,,,Maia,M,,immortal,immortal_term=Maia | race_term=Maia,1,no
char_savonn,Savonn,,,,,,,,,,retired,Boardreader,no,no,2026_06_16_retired_immortals,MUME retired immortal list,List current as of 2026-06-16,immortal_2026_06_16_retired_immortals_savonn_694_listed_retired_immortal,candidate,Copied by Lewis. Includes Boardreaders and honorary True Legend entry for Norsu.,whois_savonn_1781605773,always idle is a Maia,Maia,,Immortals,high,,,,,,,,,,,Maia,M,,immortal,immortal_term=Maia | race_term=Maia | unmatched=always idle is a,1,no
char_fron,Fron,,,,,,,,,,retired,Boardreader,no,no,2026_06_16_retired_immortals,MUME retired immortal list,List current as of 2026-06-16,immortal_2026_06_16_retired_immortals_fron_465_listed_retired_immortal,candidate,Copied by Lewis. Includes Boardreaders and honorary True Legend entry for Norsu.,whois_fron_1781579871,Maia,Maia,,Immortals,high,,,,,,,,,,,Maia,M,,immortal,immortal_term=Maia | race_term=Maia,1,no
char_loke,Loke,,,,,,,,,,retired,Boardreader,no,no,2026_06_16_retired_immortals,MUME retired immortal list,List current as of 2026-06-16,immortal_2026_06_16_retired_immortals_loke_575_listed_retired_immortal,candidate,Copied by Lewis. Includes Boardreaders and honorary True Legend entry for Norsu.,whois_loke_1781604410,Maia,Maia,,Immortals,high,,,,,,,,,,,Maia,M,,immortal,immortal_term=Maia | race_term=Maia,1,no
char_arien,Arien,,,,,,,,,,retired,Boardreader,no,no,2026_06_16_retired_immortals,MUME retired immortal list,List current as of 2026-06-16,immortal_2026_06_16_retired_immortals_arien_325_listed_retired_immortal,candidate,Copied by Lewis. Includes Boardreaders and honorary True Legend entry for Norsu.,whois_arien_1781577652,Maia,Maia,,Immortals,high,,,,,,,,,,,Maia,M,,immortal,immortal_term=Maia | race_term=Maia,1,no
char_orome,Orome,,,,,,,,,,retired,Maia,no,no,2026_06_16_retired_immortals,MUME retired immortal list,List current as of 2026-06-16,immortal_2026_06_16_retired_immortals_orome_147_listed_retired_immortal,candidate,Copied by Lewis. Includes Boardreaders and honorary True Legend entry for Norsu.,whois_orome_1781605259,Maia,Maia,,Immortals,high,Wright,Wright,Wright,high,,,,,,,Maia,M,Wright,immortal,immortal_term=Maia | race_term=Maia,1,no
char_seregon,Seregon,,,,,,,,,,retired,Boardreader,no,no,2026_06_16_retired_immortals,MUME retired immortal list,List current as of 2026-06-16,immortal_2026_06_16_retired_immortals_seregon_699_listed_retired_immortal,candidate,Copied by Lewis. Includes Boardreaders and honorary True Legend entry for Norsu.,whois_seregon_1781605824,Maia,Maia,,Immortals,high,,,,,,,,,,,Maia,M,,immortal,immortal_term=Maia | race_term=Maia,1,no
char_kron,Kron,,,,,,,,,,retired,Boardreader,no,no,2026_06_16_retired_immortals,MUME retired immortal list,List current as of 2026-06-16,immortal_2026_06_16_retired_immortals_kron_556_listed_retired_immortal,candidate,Copied by Lewis. Includes Boardreaders and honorary True Legend entry for Norsu.,whois_kron_1781604204,Maia,Maia,,Immortals,high,,,,,,,,,,,Maia,M,,immortal,immortal_term=Maia | race_term=Maia,1,no
char_dorien,Dorien,,,,,,,,,,retired,Maia,no,no,2026_06_16_retired_immortals,MUME retired immortal list,List current as of 2026-06-16,immortal_2026_06_16_retired_immortals_dorien_97_listed_retired_immortal,candidate,Copied by Lewis. Includes Boardreaders and honorary True Legend entry for Norsu.,whois_dorien_1781578928,Maia,Maia,,Immortals,high,Wright,Wright,Wright,high,,,,,,,Maia,M,Wright,immortal,immortal_term=Maia | race_term=Maia,1,no
char_sally,Sally,,,,,,,,,,retired,Boardreader,no,no,2026_06_16_retired_immortals,MUME retired immortal list,List current as of 2026-06-16,immortal_2026_06_16_retired_immortals_sally_689_listed_retired_immortal,candidate,Copied by Lewis. Includes Boardreaders and honorary True Legend entry for Norsu.,whois_sally_1781605734,Maia,Maia,,Immortals,high,,,,,,,,,,,Maia,M,,immortal,immortal_term=Maia | race_term=Maia,1,no
char_sadet,Sadet,,,,,,,,,,retired,Maia,no,no,2026_06_16_retired_immortals,MUME retired immortal list,List current as of 2026-06-16,immortal_2026_06_16_retired_immortals_sadet_154_listed_retired_immortal,candidate,Copied by Lewis. Includes Boardreaders and honorary True Legend entry for Norsu.,whois_sadet_1781605723,Maia,Maia,,Immortals,high,Wright,Wright,Wright,high,,,,,,,Maia,M,Wright,immortal,immortal_term=Maia | race_term=Maia,1,no
char_kaznor,Kaznor,,,,,,,,,,retired,Boardreader,no,no,2026_06_16_retired_immortals,MUME retired immortal list,List current as of 2026-06-16,immortal_2026_06_16_retired_immortals_kaznor_534_listed_retired_immortal,candidate,Copied by Lewis. Includes Boardreaders and honorary True Legend entry for Norsu.,whois_kaznor_1781603983,Maia,Maia,,Immortals,high,,,,,,,,,,,Maia,M,,immortal,immortal_term=Maia | race_term=Maia,1,no
char_endo,Endo,,,,,,,,,,current,Maia,no,no,2026_06_16_current_immortals,MUME current immortal list,List current as of 2026-06-16,immortal_2026_06_16_current_immortals_endo_66_listed_current_immortal,candidate,Copied by Lewis. (+m) means the immortal is also a Maiar Muddler / muddle code contributor.,whois_endo_1781579225,Maia,Maia,,Immortals,high,Cartographer,Cartographer,Cartographer,high,,,,,,,Maia,M,Cartographer,immortal,immortal_term=Maia | race_term=Maia,1,no
char_khazander,Khazander,,,,,,,,,,retired,Maia,no,no,2026_06_16_retired_immortals,MUME retired immortal list,List current as of 2026-06-16,immortal_2026_06_16_retired_immortals_khazander_123_listed_retired_immortal,candidate,Copied by Lewis. Includes Boardreaders and honorary True Legend entry for Norsu.,whois_khazander_1781604061,Maia,Maia,,Immortals,high,Wright,Wright,Wright,high,,,,,,,Maia,M,Wright,immortal,immortal_term=Maia | race_term=Maia,1,no
char_caesar,Caesar,,,,,,,,,,retired,Maia,no,no,2026_06_16_retired_immortals,MUME retired immortal list,List current as of 2026-06-16,immortal_2026_06_16_retired_immortals_caesar_178_listed_retired_immortal,candidate,Copied by Lewis. Includes Boardreaders and honorary True Legend entry for Norsu.,whois_caesar_1781578531,traipsing and frolicking in Rohan is a Maia,Maia,,Immortals,high,Builder,Builder,Builder,high,,,,,,,Maia,M,Builder,immortal,immortal_term=Maia | race_term=Maia | unmatched=traipsing and frolicking in Rohan is a,1,no
char_lorien,Lorien,,,,,,,,,,retired,Maia,no,no,2026_06_16_retired_immortals,MUME retired immortal list,List current as of 2026-06-16,immortal_2026_06_16_retired_immortals_lorien_132_listed_retired_immortal,candidate,Copied by Lewis. Includes Boardreaders and honorary True Legend entry for Norsu.,whois_lorien_1781604460,Maia,Maia,,Immortals,high,Wright,Wright,Wright,high,,,,,,,Maia,M,Wright,immortal,immortal_term=Maia | race_term=Maia,1,no
char_orlanth,Orlanth,,,,,,,,,,current,Vala,no,no,2026_06_16_current_immortals,MUME current immortal list,List current as of 2026-06-16,immortal_2026_06_16_current_immortals_orlanth_15_listed_current_immortal,candidate,Copied by Lewis. (+m) means the immortal is also a Maiar Muddler / muddle code contributor.,whois_orlanth_1781605248,Vala,Vala,,Immortals,high,Architect,Architect,Architect,high,,,,,,,Vala,V,Architect,immortal,immortal_term=Vala | race_term=Vala,1,no
char_illwe,Illwe,,,,,,,,,,retired,Boardreader,no,no,2026_06_16_retired_immortals,MUME retired immortal list,List current as of 2026-06-16,immortal_2026_06_16_retired_immortals_illwe_512_listed_retired_immortal,candidate,Copied by Lewis. Includes Boardreaders and honorary True Legend entry for Norsu.,whois_illwe_1781587091,Maia,Maia,,Immortals,high,,,,,,,,,,,Maia,M,,immortal,immortal_term=Maia | race_term=Maia,1,no
char_sabat,Sabat,,,,,,,,,,retired,Boardreader,no,no,2026_06_16_retired_immortals,MUME retired immortal list,List current as of 2026-06-16,immortal_2026_06_16_retired_immortals_sabat_687_listed_retired_immortal,candidate,Copied by Lewis. Includes Boardreaders and honorary True Legend entry for Norsu.,whois_sabat_1781605712,Maia,Maia,,Immortals,high,,,,,,,,,,,Maia,M,,immortal,immortal_term=Maia | race_term=Maia,1,no
char_izual,Izual,,,,,,,,,,current,Maia,no,no,2026_06_16_current_immortals,MUME current immortal list,List current as of 2026-06-16,immortal_2026_06_16_current_immortals_izual_77_listed_current_immortal,candidate,Copied by Lewis. (+m) means the immortal is also a Maiar Muddler / muddle code contributor.,whois_izual_1781603824,Maia,Maia,,Immortals,high,Cartographer,Cartographer,Cartographer,high,,,,,,,Maia,M,Cartographer,immortal,immortal_term=Maia | race_term=Maia,1,no
char_rómendacil,Rómendacil,,,,,,,,,,current,Maia,yes,no,2026_06_16_current_immortals,MUME current immortal list,List current as of 2026-06-16,immortal_2026_06_16_current_immortals_romendacil_42_listed_current_immortal,candidate,Copied by Lewis. (+m) means the immortal is also a Maiar Muddler / muddle code contributor.,whois_rómendacil_1781605692,Maia,Maia,,Immortals,high,Wright,Wright,Wright,high,,,,,,,Maia,M,Wright,immortal,immortal_term=Maia | race_term=Maia,1,no
char_hillar,Hillar,,,,,,,,,,retired,Boardreader,no,no,2026_06_16_retired_immortals,MUME retired immortal list,List current as of 2026-06-16,immortal_2026_06_16_retired_immortals_hillar_502_listed_retired_immortal,candidate,Copied by Lewis. Includes Boardreaders and honorary True Legend entry for Norsu.,whois_hillar_1781586230,Maia,Maia,,Immortals,high,,,,,,,,,,,Maia,M,,immortal,immortal_term=Maia | race_term=Maia,1,no
char_almarea,Almarea,,,,,,,,,,retired,Boardreader,no,no,2026_06_16_retired_immortals,MUME retired immortal list,List current as of 2026-06-16,immortal_2026_06_16_retired_immortals_almarea_315_listed_retired_immortal,candidate,Copied by Lewis. Includes Boardreaders and honorary True Legend entry for Norsu.,whois_almarea_1781576778,Maia,Maia,,Immortals,high,,,,,,,,,,,Maia,M,,immortal,immortal_term=Maia | race_term=Maia,1,no
char_berend,Berend,,,,,,,,,,current,Maia,no,no,2026_06_16_current_immortals,MUME current immortal list,List current as of 2026-06-16,immortal_2026_06_16_current_immortals_berend_60_listed_current_immortal,candidate,Copied by Lewis. (+m) means the immortal is also a Maiar Muddler / muddle code contributor.,whois_berend_1781577936,Maia,Maia,,Immortals,high,Cartographer,Cartographer,Cartographer,high,,,,,,,Maia,M,Cartographer,immortal,immortal_term=Maia | race_term=Maia,1,no
char_kovenya,Kovenya,,,,,,,,,,retired,Maia,no,no,2026_06_16_retired_immortals,MUME retired immortal list,List current as of 2026-06-16,immortal_2026_06_16_retired_immortals_kovenya_124_listed_retired_immortal,candidate,Copied by Lewis. Includes Boardreaders and honorary True Legend entry for Norsu.,whois_kovenya_1781604150,off doing other things is a Maia,Maia,,Immortals,high,Wright,Wright,Wright,high,,,,,,,Maia,M,Wright,immortal,immortal_term=Maia | race_term=Maia | unmatched=off doing other things is a,1,no
char_calmacil,Calmacil,,,,,,,,,,retired,Maia,no,no,2026_06_16_retired_immortals,MUME retired immortal list,List current as of 2026-06-16,immortal_2026_06_16_retired_immortals_calmacil_89_listed_retired_immortal,candidate,Copied by Lewis. Includes Boardreaders and honorary True Legend entry for Norsu.,whois_calmacil_1781578569,Maia,Maia,,Immortals,high,Wright,Wright,Wright,high,,,,,,,Maia,M,Wright,immortal,immortal_term=Maia | race_term=Maia,1,no
char_krazy,Krazy,,,,,,,,,,retired,Maia,no,no,2026_06_16_retired_immortals,MUME retired immortal list,List current as of 2026-06-16,immortal_2026_06_16_retired_immortals_krazy_252_listed_retired_immortal,candidate,Copied by Lewis. Includes Boardreaders and honorary True Legend entry for Norsu.,whois_krazy_1781604177,as Krazy does is a Maia,Maia,,Immortals,high,Cartographer,Cartographer,Cartographer,high,,,,,,,Maia,M,Cartographer,immortal,immortal_term=Maia | race_term=Maia | unmatched=as Krazy does is a,1,no
char_rubius,Rubius,,,,,,,,,,retired,Vala,no,no,2026_06_16_retired_immortals,MUME retired immortal list,List current as of 2026-06-16,immortal_2026_06_16_retired_immortals_rubius_30_listed_retired_immortal,candidate,Copied by Lewis. Includes Boardreaders and honorary True Legend entry for Norsu.,whois_rubius_1781605658,most probably afk. is a Vala,Vala,,Immortals,high,Mudller,Mudller,Mudller,high,,,,,,,Vala,V,Mudller,immortal,immortal_term=Vala | race_term=Vala | unmatched=most probably afk. is a,1,no
char_roo,Roo,,,,,,,,,,retired,Boardreader,no,no,2026_06_16_retired_immortals,MUME retired immortal list,List current as of 2026-06-16,immortal_2026_06_16_retired_immortals_roo_682_listed_retired_immortal,candidate,Copied by Lewis. Includes Boardreaders and honorary True Legend entry for Norsu.,whois_roo_1781605647,bummed is a Maia,Maia,,Immortals,high,,,,,,,,,,,Maia,M,,immortal,immortal_term=Maia | race_term=Maia | unmatched=bummed is a,1,no
char_katla,Katla,,,,,,,,,,retired,Boardreader,no,no,2026_06_16_retired_immortals,MUME retired immortal list,List current as of 2026-06-16,immortal_2026_06_16_retired_immortals_katla_533_listed_retired_immortal,candidate,Copied by Lewis. Includes Boardreaders and honorary True Legend entry for Norsu.,whois_katla_1781603978,Maia,Maia,,Immortals,high,,,,,,,,,,,Maia,M,,immortal,immortal_term=Maia | race_term=Maia,1,no
char_shilior,Shilior,,,,,,,,,,retired,Boardreader,no,no,2026_06_16_retired_immortals,MUME retired immortal list,List current as of 2026-06-16,immortal_2026_06_16_retired_immortals_shilior_703_listed_retired_immortal,candidate,Copied by Lewis. Includes Boardreaders and honorary True Legend entry for Norsu.,whois_shilior_1781605866,Maia,Maia,,Immortals,high,,,,,,,,,,,Maia,M,,immortal,immortal_term=Maia | race_term=Maia,1,no
char_bruce,Bruce,,,,,,,,,,retired,Boardreader,no,no,2026_06_16_retired_immortals,MUME retired immortal list,List current as of 2026-06-16,immortal_2026_06_16_retired_immortals_bruce_361_listed_retired_immortal,candidate,Copied by Lewis. Includes Boardreaders and honorary True Legend entry for Norsu.,whois_bruce_1781578487,Maia,Maia,,Immortals,high,,,,,,,,,,,Maia,M,,immortal,immortal_term=Maia | race_term=Maia,1,no
char_daryl,Daryl,,,,,,,,,,retired,Boardreader,no,no,2026_06_16_retired_immortals,MUME retired immortal list,List current as of 2026-06-16,immortal_2026_06_16_retired_immortals_daryl_399_listed_retired_immortal,candidate,Copied by Lewis. Includes Boardreaders and honorary True Legend entry for Norsu.,whois_daryl_1781578840,Maia,Maia,,Immortals,high,,,,,,,,,,,Maia,M,,immortal,immortal_term=Maia | race_term=Maia,1,no
char_nugle,Nugle,,,,,,,,,,retired,Maia,no,no,2026_06_16_retired_immortals,MUME retired immortal list,List current as of 2026-06-16,immortal_2026_06_16_retired_immortals_nugle_144_listed_retired_immortal,candidate,Copied by Lewis. Includes Boardreaders and honorary True Legend entry for Norsu.,whois_nugle_1781605148,Maia,Maia,,Immortals,high,Wright,Wright,Wright,high,,,,,,,Maia,M,Wright,immortal,immortal_term=Maia | race_term=Maia,1,no
char_aglaruin,Aglaruin,,,,,,,,,,retired,Boardreader,no,no,2026_06_16_retired_immortals,MUME retired immortal list,List current as of 2026-06-16,immortal_2026_06_16_retired_immortals_aglaruin_301_listed_retired_immortal,candidate,Copied by Lewis. Includes Boardreaders and honorary True Legend entry for Norsu.,whois_aglaruin_1781576666,Maia,Maia,,Immortals,high,,,,,,,,,,,Maia,M,,immortal,immortal_term=Maia | race_term=Maia,1,no
char_flash,Flash,,,,,,,,,,retired,Boardreader,no,no,2026_06_16_retired_immortals,MUME retired immortal list,List current as of 2026-06-16,immortal_2026_06_16_retired_immortals_flash_459_listed_retired_immortal,candidate,Copied by Lewis. Includes Boardreaders and honorary True Legend entry for Norsu.,whois_flash_1781579783,Maia,Maia,,Immortals,high,,,,,,,,,,,Maia,M,,immortal,immortal_term=Maia | race_term=Maia,1,no
char_algolas,Algolas,,,,,,,,,,retired,Boardreader,no,no,2026_06_16_retired_immortals,MUME retired immortal list,List current as of 2026-06-16,immortal_2026_06_16_retired_immortals_algolas_314_listed_retired_immortal,candidate,Copied by Lewis. Includes Boardreaders and honorary True Legend entry for Norsu.,whois_algolas_1781576767,Maia,Maia,,Immortals,high,,,,,,,,,,,Maia,M,,immortal,immortal_term=Maia | race_term=Maia,1,no
char_bantak,Bantak,,,,,,,,,,current,Maia,no,no,2026_06_16_current_immortals,MUME current immortal list,List current as of 2026-06-16,immortal_2026_06_16_current_immortals_bantak_26_listed_current_immortal,candidate,Copied by Lewis. (+m) means the immortal is also a Maiar Muddler / muddle code contributor.,whois_bantak_1781577843,Maia,Maia,,Immortals,high,Wright,Wright,Wright,high,,,,,,,Maia,M,Wright,immortal,immortal_term=Maia | race_term=Maia,1,no
char_gwendolyn,Gwendolyn,,,,,,,,,,retired,Boardreader,no,no,2026_06_16_retired_immortals,MUME retired immortal list,List current as of 2026-06-16,immortal_2026_06_16_retired_immortals_gwendolyn_492_listed_retired_immortal,candidate,Copied by Lewis. Includes Boardreaders and honorary True Legend entry for Norsu.,whois_gwendolyn_1781586141,Maia,Maia,,Immortals,high,,,,,,,,,,,Maia,M,,immortal,immortal_term=Maia | race_term=Maia,1,no
char_rokee,Rokee,,,,,,,,,,retired,Vala,no,no,2026_06_16_retired_immortals,MUME retired immortal list,List current as of 2026-06-16,immortal_2026_06_16_retired_immortals_rokee_63_listed_retired_immortal,candidate,Copied by Lewis. Includes Boardreaders and honorary True Legend entry for Norsu.,whois_rokee_1781605635,Vala,Vala,,Immortals,high,Architect,Architect,Architect,high,,,,,,,Vala,V,Architect,immortal,immortal_term=Vala | race_term=Vala,1,no
char_caidi,Caidi,,,,,,,,,,retired,Boardreader,no,no,2026_06_16_retired_immortals,MUME retired immortal list,List current as of 2026-06-16,immortal_2026_06_16_retired_immortals_caidi_367_listed_retired_immortal,candidate,Copied by Lewis. Includes Boardreaders and honorary True Legend entry for Norsu.,whois_caidi_1781578542,Maia,Maia,,Immortals,high,,,,,,,,,,,Maia,M,,immortal,immortal_term=Maia | race_term=Maia,1,no
char_robit,Robit,,,,,,,,,,retired,Boardreader,no,no,2026_06_16_retired_immortals,MUME retired immortal list,List current as of 2026-06-16,immortal_2026_06_16_retired_immortals_robit_679_listed_retired_immortal,candidate,Copied by Lewis. Includes Boardreaders and honorary True Legend entry for Norsu.,whois_robit_1781605614,Maia,Maia,,Immortals,high,,,,,,,,,,,Maia,M,,immortal,immortal_term=Maia | race_term=Maia,1,no
char_rob,Rob,,,,,,,,,,retired,Boardreader,no,no,2026_06_16_retired_immortals,MUME retired immortal list,List current as of 2026-06-16,immortal_2026_06_16_retired_immortals_rob_678_listed_retired_immortal,candidate,Copied by Lewis. Includes Boardreaders and honorary True Legend entry for Norsu.,whois_rob_1781605609,Maia,Maia,,Immortals,high,,,,,,,,,,,Maia,M,,immortal,immortal_term=Maia | race_term=Maia,1,no
char_llywarch,Llywarch,,,,,,,,,,current,Maia,no,no,2026_06_16_current_immortals,MUME current immortal list,List current as of 2026-06-16,immortal_2026_06_16_current_immortals_llywarch_40_listed_current_immortal,candidate,Copied by Lewis. (+m) means the immortal is also a Maiar Muddler / muddle code contributor.,whois_llywarch_1781604397,Maia,Maia,,Immortals,high,Wright,Wright,Wright,high,,,,,,,Maia,M,Wright,immortal,immortal_term=Maia | race_term=Maia,1,no
char_hoosier,Hoosier,,,,,,,,,,current,Maia,no,no,2026_06_16_current_immortals,MUME current immortal list,List current as of 2026-06-16,immortal_2026_06_16_current_immortals_hoosier_75_listed_current_immortal,candidate,Copied by Lewis. (+m) means the immortal is also a Maiar Muddler / muddle code contributor.,whois_hoosier_1781586258,Maia,Maia,,Immortals,high,Cartographer,Cartographer,Cartographer,high,,,,,,,Maia,M,Cartographer,immortal,immortal_term=Maia | race_term=Maia,1,no
char_bodruith,Bodruith,,,,,,,,,,retired,Boardreader,no,no,2026_06_16_retired_immortals,MUME retired immortal list,List current as of 2026-06-16,immortal_2026_06_16_retired_immortals_bodruith_355_listed_retired_immortal,candidate,Copied by Lewis. Includes Boardreaders and honorary True Legend entry for Norsu.,whois_bodruith_1781578448,Maia,Maia,,Immortals,high,,,,,,,,,,,Maia,M,,immortal,immortal_term=Maia | race_term=Maia,1,no
char_kefka,Kefka,,,,,,,,,,retired,Boardreader,no,no,2026_06_16_retired_immortals,MUME retired immortal list,List current as of 2026-06-16,immortal_2026_06_16_retired_immortals_kefka_536_listed_retired_immortal,candidate,Copied by Lewis. Includes Boardreaders and honorary True Legend entry for Norsu.,whois_kefka_1781604000,Maia,Maia,,Immortals,high,,,,,,,,,,,Maia,M,,immortal,immortal_term=Maia | race_term=Maia,1,no
char_jolen,Jolen,,,,,,,,,,retired,Boardreader,no,no,2026_06_16_retired_immortals,MUME retired immortal list,List current as of 2026-06-16,immortal_2026_06_16_retired_immortals_jolen_527_listed_retired_immortal,candidate,Copied by Lewis. Includes Boardreaders and honorary True Legend entry for Norsu.,whois_jolen_1781603892,Maia,Maia,,Immortals,high,,,,,,,,,,,Maia,M,,immortal,immortal_term=Maia | race_term=Maia,1,no
char_dewa,Dewa,,,,,,,,,,retired,Boardreader,no,no,2026_06_16_retired_immortals,MUME retired immortal list,List current as of 2026-06-16,immortal_2026_06_16_retired_immortals_dewa_408_listed_retired_immortal,candidate,Copied by Lewis. Includes Boardreaders and honorary True Legend entry for Norsu.,whois_dewa_1781578900,Maia,Maia,,Immortals,high,,,,,,,,,,,Maia,M,,immortal,immortal_term=Maia | race_term=Maia,1,no
char_rindell,Rindell,,,,,,,,,,current,Maia,no,no,2026_06_16_current_immortals,MUME current immortal list,List current as of 2026-06-16,immortal_2026_06_16_current_immortals_rindell_90_listed_current_immortal,candidate,Copied by Lewis. (+m) means the immortal is also a Maiar Muddler / muddle code contributor.,whois_rindell_1781605590,Maia,Maia,,Immortals,high,Cartographer,Cartographer,Cartographer,high,,,,,,,Maia,M,Cartographer,immortal,immortal_term=Maia | race_term=Maia,1,no
char_rick,Rick,,,,,,,,,,retired,Boardreader,no,no,2026_06_16_retired_immortals,MUME retired immortal list,List current as of 2026-06-16,immortal_2026_06_16_retired_immortals_rick_676_listed_retired_immortal,candidate,Copied by Lewis. Includes Boardreaders and honorary True Legend entry for Norsu.,whois_rick_1781605576,Maia,Maia,,Immortals,high,,,,,,,,,,,Maia,M,,immortal,immortal_term=Maia | race_term=Maia,1,no
char_aries,Aries,,,,,,,,,,retired,Boardreader,no,no,2026_06_16_retired_immortals,MUME retired immortal list,List current as of 2026-06-16,immortal_2026_06_16_retired_immortals_aries_326_listed_retired_immortal,candidate,Copied by Lewis. Includes Boardreaders and honorary True Legend entry for Norsu.,whois_aries_1781577663,Maia,Maia,,Immortals,high,,,,,,,,,,,Maia,M,,immortal,immortal_term=Maia | race_term=Maia,1,no
char_fog,Fog,,,,,,,,,,retired,Maia,no,no,2026_06_16_retired_immortals,MUME retired immortal list,List current as of 2026-06-16,immortal_2026_06_16_retired_immortals_fog_185_listed_retired_immortal,candidate,Copied by Lewis. Includes Boardreaders and honorary True Legend entry for Norsu.,whois_fog_1781579798,Maia,Maia,,Immortals,high,Builder,Builder,Builder,high,,,,,,,Maia,M,Builder,immortal,immortal_term=Maia | race_term=Maia,1,no
char_eärendil,Eärendil,,,,,,,,,,retired,Vala,no,no,2026_06_16_retired_immortals,MUME retired immortal list,List current as of 2026-06-16,immortal_2026_06_16_retired_immortals_earendil_48_listed_retired_immortal,candidate,Copied by Lewis. Includes Boardreaders and honorary True Legend entry for Norsu.,whois_eärendil_1781579631,Vala,Vala,,Immortals,high,Architect,Architect,Architect,high,,,,,,,Vala,V,Architect,immortal,immortal_term=Vala | race_term=Vala,1,no
char_ressaven,Ressaven,,,,,,,,,,retired,Vala,no,no,2026_06_16_retired_immortals,MUME retired immortal list,List current as of 2026-06-16,immortal_2026_06_16_retired_immortals_ressaven_62_listed_retired_immortal,candidate,Copied by Lewis. Includes Boardreaders and honorary True Legend entry for Norsu.,whois_ressaven_1781605555,Valië,Vala,,Immortals,medium,,,,,,,,,,,,,,custom_descriptor_unclassified,unmatched=Valië | race_unknown | base_class_unknown,1,yes
char_erat,Erat,,,,,,,,,,retired,Boardreader,no,no,2026_06_16_retired_immortals,MUME retired immortal list,List current as of 2026-06-16,immortal_2026_06_16_retired_immortals_erat_436_listed_retired_immortal,candidate,Copied by Lewis. Includes Boardreaders and honorary True Legend entry for Norsu.,whois_erat_1781579287,Maia,Maia,,Immortals,high,,,,,,,,,,,Maia,M,,immortal,immortal_term=Maia | race_term=Maia,1,no
char_ren,Ren,,,,,,,,,,retired,Maia,no,no,2026_06_16_retired_immortals,MUME retired immortal list,List current as of 2026-06-16,immortal_2026_06_16_retired_immortals_ren_76_listed_retired_immortal,candidate,Copied by Lewis. Includes Boardreaders and honorary True Legend entry for Norsu.,whois_ren_1781605549,studying and is also ... is a Maia,Maia,,Immortals,high,Shaper,Shaper,Shaper,high,,,,,,,Maia,M,Shaper,immortal,immortal_term=Maia | race_term=Maia | unmatched=studying and is also ... is a,1,no
char_eru,Eru,,,,,,,,,,current,Implementor,no,no,2026_06_16_current_immortals,MUME current immortal list,List current as of 2026-06-16,immortal_2026_06_16_current_immortals_eru_1_listed_current_immortal,candidate,Copied by Lewis. (+m) means the immortal is also a Maiar Muddler / muddle code contributor.,whois_eru_1781579598,Implementor,Implementor,,Immortals,high,,,,,,,,,,,Implementor,I,,immortal,immortal_term=Implementor,1,no
char_niisku,Niisku,,,,,,,,,,retired,Boardreader,no,no,2026_06_16_retired_immortals,MUME retired immortal list,List current as of 2026-06-16,immortal_2026_06_16_retired_immortals_niisku_628_listed_retired_immortal,candidate,Copied by Lewis. Includes Boardreaders and honorary True Legend entry for Norsu.,whois_niisku_1781605098,Maia,Maia,,Immortals,high,,,,,,,,,,,Maia,M,,immortal,immortal_term=Maia | race_term=Maia,1,no
char_relkin,Relkin,,,,,,,,,,retired,Boardreader,no,no,2026_06_16_retired_immortals,MUME retired immortal list,List current as of 2026-06-16,immortal_2026_06_16_retired_immortals_relkin_674_listed_retired_immortal,candidate,Copied by Lewis. Includes Boardreaders and honorary True Legend entry for Norsu.,whois_relkin_1781605544,Maia,Maia,,Immortals,high,,,,,,,,,,,Maia,M,,immortal,immortal_term=Maia | race_term=Maia,1,no
char_reider,Reider,,,,,,,,,,retired,Boardreader,no,no,2026_06_16_retired_immortals,MUME retired immortal list,List current as of 2026-06-16,immortal_2026_06_16_retired_immortals_reider_673_listed_retired_immortal,candidate,Copied by Lewis. Includes Boardreaders and honorary True Legend entry for Norsu.,whois_reider_1781605538,Maia,Maia,,Immortals,high,,,,,,,,,,,Maia,M,,immortal,immortal_term=Maia | race_term=Maia,1,no
char_reddas,Reddas,,,,,,,,,,retired,Boardreader,no,no,2026_06_16_retired_immortals,MUME retired immortal list,List current as of 2026-06-16,immortal_2026_06_16_retired_immortals_reddas_672_listed_retired_immortal,candidate,Copied by Lewis. Includes Boardreaders and honorary True Legend entry for Norsu.,whois_reddas_1781605531,Maia,Maia,,Immortals,high,,,,,,,,,,,Maia,M,,immortal,immortal_term=Maia | race_term=Maia,1,no
char_fluk,Fluk,,,,,,,,,,retired,Boardreader,no,no,2026_06_16_retired_immortals,MUME retired immortal list,List current as of 2026-06-16,immortal_2026_06_16_retired_immortals_fluk_460_listed_retired_immortal,candidate,Copied by Lewis. Includes Boardreaders and honorary True Legend entry for Norsu.,whois_fluk_1781579789,Maia,Maia,,Immortals,high,,,,,,,,,,,Maia,M,,immortal,immortal_term=Maia | race_term=Maia,1,no
char_tabris,Tabris,,,,,,,,,,current,Maia,no,no,2026_06_16_current_immortals,MUME current immortal list,List current as of 2026-06-16,immortal_2026_06_16_current_immortals_tabris_97_listed_current_immortal,candidate,Copied by Lewis. (+m) means the immortal is also a Maiar Muddler / muddle code contributor.,whois_tabris_1781606145,Maia,Maia,,Immortals,high,Cartographer,Cartographer,Cartographer,high,,,,,,,Maia,M,Cartographer,immortal,immortal_term=Maia | race_term=Maia,1,no
char_narcissus,Narcissus,,,,,,,,,,retired,Maia,no,no,2026_06_16_retired_immortals,MUME retired immortal list,List current as of 2026-06-16,immortal_2026_06_16_retired_immortals_narcissus_193_listed_retired_immortal,candidate,Copied by Lewis. Includes Boardreaders and honorary True Legend entry for Norsu.,whois_narcissus_1781605020,Maia,Maia,,Immortals,high,Builder,Builder,Builder,high,,,,,,,Maia,M,Builder,immortal,immortal_term=Maia | race_term=Maia,1,no
char_ranoc,Ranoc,,,,,,,,,,retired,Boardreader,no,no,2026_06_16_retired_immortals,MUME retired immortal list,List current as of 2026-06-16,immortal_2026_06_16_retired_immortals_ranoc_666_listed_retired_immortal,candidate,Copied by Lewis. Includes Boardreaders and honorary True Legend entry for Norsu.,whois_ranoc_1781605480,Maia,Maia,,Immortals,high,,,,,,,,,,,Maia,M,,immortal,immortal_term=Maia | race_term=Maia,1,no
char_lilja,Lilja,,,,,,,,,,retired,Maia,no,no,2026_06_16_retired_immortals,MUME retired immortal list,List current as of 2026-06-16,immortal_2026_06_16_retired_immortals_lilja_256_listed_retired_immortal,candidate,Copied by Lewis. Includes Boardreaders and honorary True Legend entry for Norsu.,whois_lilja_1781604370,Maia,Maia,,Immortals,high,Cartographer,Cartographer,Cartographer,high,,,,,,,Maia,M,Cartographer,immortal,immortal_term=Maia | race_term=Maia,1,no
char_temdor,Temdor,,,,,,,,,,retired,Boardreader,no,no,2026_06_16_retired_immortals,MUME retired immortal list,List current as of 2026-06-16,immortal_2026_06_16_retired_immortals_temdor_737_listed_retired_immortal,candidate,Copied by Lewis. Includes Boardreaders and honorary True Legend entry for Norsu.,whois_temdor_1781606220,Maia,Maia,,Immortals,high,,,,,,,,,,,Maia,M,,immortal,immortal_term=Maia | race_term=Maia,1,no
char_helmuta,Helmuta,,,,,,,,,,retired,Boardreader,no,no,2026_06_16_retired_immortals,MUME retired immortal list,List current as of 2026-06-16,immortal_2026_06_16_retired_immortals_helmuta_499_listed_retired_immortal,candidate,Copied by Lewis. Includes Boardreaders and honorary True Legend entry for Norsu.,whois_helmuta_1781586213,Maia,Maia,,Immortals,high,,,,,,,,,,,Maia,M,,immortal,immortal_term=Maia | race_term=Maia,1,no
char_are,are,,,,,,,,,,,,,,,,,,,,whois_are_1781578895,Maia,Maia,,Immortals,high,Wright,Wright,Wright,high,,,,,,,Maia,M,Wright,immortal,immortal_term=Maia | race_term=Maia,1,no
char_dorn,Dorn,,,,,,,,,,retired,Maia,no,no,2026_06_16_retired_immortals,MUME retired immortal list,List current as of 2026-06-16,immortal_2026_06_16_retired_immortals_dorn_182_listed_retired_immortal,candidate,Copied by Lewis. Includes Boardreaders and honorary True Legend entry for Norsu.,whois_dorn_1781578939,Maia,Maia,,Immortals,high,Builder,Builder,Builder,high,,,,,,,Maia,M,Builder,immortal,immortal_term=Maia | race_term=Maia,1,no
char_orm,Orm,,,,,,,,,,retired,Boardreader,no,no,2026_06_16_retired_immortals,MUME retired immortal list,List current as of 2026-06-16,immortal_2026_06_16_retired_immortals_orm_642_listed_retired_immortal,candidate,Copied by Lewis. Includes Boardreaders and honorary True Legend entry for Norsu.,whois_orm_1781605253,back from his wintersleep... is a Maia,Maia,,Immortals,high,,,,,,,,,,,Maia,M,,immortal,immortal_term=Maia | race_term=Maia | unmatched=back from his wintersleep... is a,1,no
char_kheldur,Kheldur,,,,,,,,,,retired,Boardreader,no,no,2026_06_16_retired_immortals,MUME retired immortal list,List current as of 2026-06-16,immortal_2026_06_16_retired_immortals_kheldur_544_listed_retired_immortal,candidate,Copied by Lewis. Includes Boardreaders and honorary True Legend entry for Norsu.,whois_kheldur_1781604066,Maia,Maia,,Immortals,high,,,,,,,,,,,Maia,M,,immortal,immortal_term=Maia | race_term=Maia,1,no
char_eis,Eis,,,,,,,,,,retired,Boardreader,no,no,2026_06_16_retired_immortals,MUME retired immortal list,List current as of 2026-06-16,immortal_2026_06_16_retired_immortals_eis_421_listed_retired_immortal,candidate,Copied by Lewis. Includes Boardreaders and honorary True Legend entry for Norsu.,whois_eis_1781579077,Maia,Maia,,Immortals,high,,,,,,,,,,,Maia,M,,immortal,immortal_term=Maia | race_term=Maia,1,no
char_prabowo,Prabowo,,,,,,,,,,retired,Boardreader,no,no,2026_06_16_retired_immortals,MUME retired immortal list,List current as of 2026-06-16,immortal_2026_06_16_retired_immortals_prabowo_659_listed_retired_immortal,candidate,Copied by Lewis. Includes Boardreaders and honorary True Legend entry for Norsu.,whois_prabowo_1781605408,Maia,Maia,,Immortals,high,,,,,,,,,,,Maia,M,,immortal,immortal_term=Maia | race_term=Maia,1,no
char_berek,Berek,,,,,,,,,,retired,Boardreader,no,no,2026_06_16_retired_immortals,MUME retired immortal list,List current as of 2026-06-16,immortal_2026_06_16_retired_immortals_berek_349_listed_retired_immortal,candidate,Copied by Lewis. Includes Boardreaders and honorary True Legend entry for Norsu.,whois_berek_1781577931,Maia,Maia,,Immortals,high,,,,,,,,,,,Maia,M,,immortal,immortal_term=Maia | race_term=Maia,1,no
char_parador,Parador,,,,,,,,,,retired,Maia,no,no,2026_06_16_retired_immortals,MUME retired immortal list,List current as of 2026-06-16,immortal_2026_06_16_retired_immortals_parador_269_listed_retired_immortal,candidate,Copied by Lewis. Includes Boardreaders and honorary True Legend entry for Norsu.,whois_parador_1781605309,Maia,Maia,,Immortals,high,Cartographer,Cartographer,Cartographer,high,,,,,,,Maia,M,Cartographer,immortal,immortal_term=Maia | race_term=Maia,1,no
char_pong,Pong,,,,,,,,,,retired,Boardreader,no,no,2026_06_16_retired_immortals,MUME retired immortal list,List current as of 2026-06-16,immortal_2026_06_16_retired_immortals_pong_658_listed_retired_immortal,candidate,Copied by Lewis. Includes Boardreaders and honorary True Legend entry for Norsu.,whois_pong_1781605397,Maia,Maia,,Immortals,high,,,,,,,,,,,Maia,M,,immortal,immortal_term=Maia | race_term=Maia,1,no
char_pils,Pils,,,,,,,,,,retired,Maia,no,no,2026_06_16_retired_immortals,MUME retired immortal list,List current as of 2026-06-16,immortal_2026_06_16_retired_immortals_pils_271_listed_retired_immortal,candidate,Copied by Lewis. Includes Boardreaders and honorary True Legend entry for Norsu.,whois_pils_1781605381,Maia,Maia,,Immortals,high,Cartographer,Cartographer,Cartographer,high,,,,,,,Maia,M,Cartographer,immortal,immortal_term=Maia | race_term=Maia,1,no
char_pikel,Pikel,,,,,,,,,,retired,Maia,no,no,2026_06_16_retired_immortals,MUME retired immortal list,List current as of 2026-06-16,immortal_2026_06_16_retired_immortals_pikel_150_listed_retired_immortal,candidate,Copied by Lewis. Includes Boardreaders and honorary True Legend entry for Norsu.,whois_pikel_1781605370,Maia,Maia,,Immortals,high,Wright,Wright,Wright,high,,,,,,,Maia,M,Wright,immortal,immortal_term=Maia | race_term=Maia,1,no
char_grung,Grung,,,,,,,,,,retired,Boardreader,no,no,2026_06_16_retired_immortals,MUME retired immortal list,List current as of 2026-06-16,immortal_2026_06_16_retired_immortals_grung_486_listed_retired_immortal,candidate,Copied by Lewis. Includes Boardreaders and honorary True Legend entry for Norsu.,whois_grung_1781580114,back after a 4 year break is a Maia,Maia,,Immortals,high,,,,,,,,,,,Maia,M,,immortal,immortal_term=Maia | race_term=Maia | unmatched=back after a 4 year break is a,1,no
char_leew,Leew,,,,,,,,,,retired,Boardreader,no,no,2026_06_16_retired_immortals,MUME retired immortal list,List current as of 2026-06-16,immortal_2026_06_16_retired_immortals_leew_566_listed_retired_immortal,candidate,Copied by Lewis. Includes Boardreaders and honorary True Legend entry for Norsu.,whois_leew_1781604309,Maia,Maia,,Immortals,high,,,,,,,,,,,Maia,M,,immortal,immortal_term=Maia | race_term=Maia,1,no
char_gomtuu,Gomtuu,,,,,,,,,,retired,Boardreader,no,no,2026_06_16_retired_immortals,MUME retired immortal list,List current as of 2026-06-16,immortal_2026_06_16_retired_immortals_gomtuu_478_listed_retired_immortal,candidate,Copied by Lewis. Includes Boardreaders and honorary True Legend entry for Norsu.,whois_gomtuu_1781580020,Maia,Maia,,Immortals,high,,,,,,,,,,,Maia,M,,immortal,immortal_term=Maia | race_term=Maia,1,no
char_gamór,Gamór,,,,,,,,,,current,Maia,yes,no,2026_06_16_current_immortals,MUME current immortal list,List current as of 2026-06-16,immortal_2026_06_16_current_immortals_gamor_35_listed_current_immortal,candidate,Copied by Lewis. (+m) means the immortal is also a Maiar Muddler / muddle code contributor.,whois_gamór_1781579921,Maia,Maia,,Immortals,high,Wright,Wright,Wright,high,,,,,,,Maia,M,Wright,immortal,immortal_term=Maia | race_term=Maia,1,no
char_phloxy,Phloxy,,,,,,,,,,retired,Maia,no,no,2026_06_16_retired_immortals,MUME retired immortal list,List current as of 2026-06-16,immortal_2026_06_16_retired_immortals_phloxy_195_listed_retired_immortal,candidate,Copied by Lewis. Includes Boardreaders and honorary True Legend entry for Norsu.,whois_phloxy_1781605359,Maia,Maia,,Immortals,high,Builder,Builder,Builder,high,,,,,,,Maia,M,Builder,immortal,immortal_term=Maia | race_term=Maia,1,no
char_phishhead,Phishhead,,,,,,,,,,retired,Boardreader,no,no,2026_06_16_retired_immortals,MUME retired immortal list,List current as of 2026-06-16,immortal_2026_06_16_retired_immortals_phishhead_654_listed_retired_immortal,candidate,Copied by Lewis. Includes Boardreaders and honorary True Legend entry for Norsu.,whois_phishhead_1781605353,Maia,Maia,,Immortals,high,,,,,,,,,,,Maia,M,,immortal,immortal_term=Maia | race_term=Maia,1,no
char_keram,Keram,,,,,,,,,,retired,Boardreader,no,no,2026_06_16_retired_immortals,MUME retired immortal list,List current as of 2026-06-16,immortal_2026_06_16_retired_immortals_keram_537_listed_retired_immortal,candidate,Copied by Lewis. Includes Boardreaders and honorary True Legend entry for Norsu.,whois_keram_1781604016,Maia,Maia,,Immortals,high,,,,,,,,,,,Maia,M,,immortal,immortal_term=Maia | race_term=Maia,1,no
char_petrel,Petrel,,,,,,,,,,retired,Vala,no,no,2026_06_16_retired_immortals,MUME retired immortal list,List current as of 2026-06-16,immortal_2026_06_16_retired_immortals_petrel_60_listed_retired_immortal,candidate,Copied by Lewis. Includes Boardreaders and honorary True Legend entry for Norsu.,whois_petrel_1781605342,Vala,Vala,,Immortals,high,Architect,Architect,Architect,high,,,,,,,Vala,V,Architect,immortal,immortal_term=Vala | race_term=Vala,1,no
char_shorn,Shorn,,,,,,,,,,retired,Maia,no,no,2026_06_16_retired_immortals,MUME retired immortal list,List current as of 2026-06-16,immortal_2026_06_16_retired_immortals_shorn_198_listed_retired_immortal,candidate,Copied by Lewis. Includes Boardreaders and honorary True Legend entry for Norsu.,whois_shorn_1781605871,Maia,Maia,,Immortals,high,Builder,Builder,Builder,high,,,,,,,Maia,M,Builder,immortal,immortal_term=Maia | race_term=Maia,1,no
char_ioméne,Ioméne,,,,,,,,,,retired,Boardreader,no,no,2026_06_16_retired_immortals,MUME retired immortal list,List current as of 2026-06-16,immortal_2026_06_16_retired_immortals_iomene_518_listed_retired_immortal,candidate,Copied by Lewis. Includes Boardreaders and honorary True Legend entry for Norsu.,whois_ioméne_1781587173,Maia,Maia,,Immortals,high,,,,,,,,,,,Maia,M,,immortal,immortal_term=Maia | race_term=Maia,1,no
char_paunch,Paunch,,,,,,,,,,retired,Boardreader,no,no,2026_06_16_retired_immortals,MUME retired immortal list,List current as of 2026-06-16,immortal_2026_06_16_retired_immortals_paunch_652_listed_retired_immortal,candidate,Copied by Lewis. Includes Boardreaders and honorary True Legend entry for Norsu.,whois_paunch_1781605325,Maia,Maia,,Immortals,high,,,,,,,,,,,Maia,M,,immortal,immortal_term=Maia | race_term=Maia,1,no
char_faeythe,Faeythe,,,,,,,,,,retired,Boardreader,no,no,2026_06_16_retired_immortals,MUME retired immortal list,List current as of 2026-06-16,immortal_2026_06_16_retired_immortals_faeythe_442_listed_retired_immortal,candidate,Copied by Lewis. Includes Boardreaders and honorary True Legend entry for Norsu.,whois_faeythe_1781579642,Maia,Maia,,Immortals,high,,,,,,,,,,,Maia,M,,immortal,immortal_term=Maia | race_term=Maia,1,no
char_patriot,Patriot,,,,,,,,,,retired,Boardreader,no,no,2026_06_16_retired_immortals,MUME retired immortal list,List current as of 2026-06-16,immortal_2026_06_16_retired_immortals_patriot_651_listed_retired_immortal,candidate,Copied by Lewis. Includes Boardreaders and honorary True Legend entry for Norsu.,whois_patriot_1781605320,Maia,Maia,,Immortals,high,,,,,,,,,,,Maia,M,,immortal,immortal_term=Maia | race_term=Maia,1,no
char_nightshade,Nightshade,,,,,,,,,,retired,Boardreader,no,no,2026_06_16_retired_immortals,MUME retired immortal list,List current as of 2026-06-16,immortal_2026_06_16_retired_immortals_nightshade_626_listed_retired_immortal,candidate,Copied by Lewis. Includes Boardreaders and honorary True Legend entry for Norsu.,whois_nightshade_1781605087,ANCIENT! is a Maia,Maia,,Immortals,high,,,,,,,,,,,Maia,M,,immortal,immortal_term=Maia | race_term=Maia | unmatched=ANCIENT! is a,1,no
char_paladin,Paladin,,,,,,,,,,retired,Boardreader,no,no,2026_06_16_retired_immortals,MUME retired immortal list,List current as of 2026-06-16,immortal_2026_06_16_retired_immortals_paladin_648_listed_retired_immortal,candidate,Copied by Lewis. Includes Boardreaders and honorary True Legend entry for Norsu.,whois_paladin_1781605287,Maia,Maia,,Immortals,high,,,,,,,,,,,Maia,M,,immortal,immortal_term=Maia | race_term=Maia,1,no
char_brandish,Brandish,,,,,,,,,,current,Maia,no,no,2026_06_16_current_immortals,MUME current immortal list,List current as of 2026-06-16,immortal_2026_06_16_current_immortals_brandish_27_listed_current_immortal,candidate,Copied by Lewis. (+m) means the immortal is also a Maiar Muddler / muddle code contributor.,whois_brandish_1781578476,Maia,Maia,,Immortals,high,Wright,Wright,Wright,high,,,,,,,Maia,M,Wright,immortal,immortal_term=Maia | race_term=Maia,1,no
char_one,One,,,,,,,,,,retired,Boardreader,no,no,2026_06_16_retired_immortals,MUME retired immortal list,List current as of 2026-06-16,immortal_2026_06_16_retired_immortals_one_639_listed_retired_immortal,candidate,Copied by Lewis. Includes Boardreaders and honorary True Legend entry for Norsu.,whois_one_1781605225,Maia,Maia,,Immortals,high,,,,,,,,,,,Maia,M,,immortal,immortal_term=Maia | race_term=Maia,1,no
char_pallando,Pallando,,,,,,,,,,retired,Maia,no,no,2026_06_16_retired_immortals,MUME retired immortal list,List current as of 2026-06-16,immortal_2026_06_16_retired_immortals_pallando_148_listed_retired_immortal,candidate,Copied by Lewis. Includes Boardreaders and honorary True Legend entry for Norsu.,whois_pallando_1781605292,Maia,Maia,,Immortals,high,Wright,Wright,Wright,high,,,,,,,Maia,M,Wright,immortal,immortal_term=Maia | race_term=Maia,1,no
char_jeridoc,Jeridoc,,,,,,,,,,retired,Boardreader,no,no,2026_06_16_retired_immortals,MUME retired immortal list,List current as of 2026-06-16,immortal_2026_06_16_retired_immortals_jeridoc_525_listed_retired_immortal,candidate,Copied by Lewis. Includes Boardreaders and honorary True Legend entry for Norsu.,whois_jeridoc_1781603874,Maia,Maia,,Immortals,high,,,,,,,,,,,Maia,M,,immortal,immortal_term=Maia | race_term=Maia,1,no
char_papa,Papa,,,,,,,,,,retired,Boardreader,no,no,2026_06_16_retired_immortals,MUME retired immortal list,List current as of 2026-06-16,immortal_2026_06_16_retired_immortals_papa_650_listed_retired_immortal,candidate,Copied by Lewis. Includes Boardreaders and honorary True Legend entry for Norsu.,whois_papa_1781605303,Maia,Maia,,Immortals,high,,,,,,,,,,,Maia,M,,immortal,immortal_term=Maia | race_term=Maia,1,no
char_graven,Graven,,,,,,,,,,current,Maia,yes,no,2026_06_16_current_immortals,MUME current immortal list,List current as of 2026-06-16,immortal_2026_06_16_current_immortals_graven_36_listed_current_immortal,candidate,Copied by Lewis. (+m) means the immortal is also a Maiar Muddler / muddle code contributor.,whois_graven_1781580070,Maia,Maia,,Immortals,high,Wright,Wright,Wright,high,,,,,,,Maia,M,Wright,immortal,immortal_term=Maia | race_term=Maia,1,no
char_ilie,Ilie,,,,,,,,,,retired,Aratar,no,no,2026_06_16_retired_immortals,MUME retired immortal list,List current as of 2026-06-16,immortal_2026_06_16_retired_immortals_ilie_6_listed_retired_immortal,candidate,Copied by Lewis. Includes Boardreaders and honorary True Legend entry for Norsu.,whois_ilie_1781587085,"Valië, one of the Aratar",Arata,,Immortals,high,,,,,,,,,,,Arata,A,,immortal,immortal_term=one of the Aratar | unmatched=Valië,1,no
char_helluin,Helluin,,,,,,,,,,current,Maia,no,no,2026_06_16_current_immortals,MUME current immortal list,List current as of 2026-06-16,immortal_2026_06_16_current_immortals_helluin_73_listed_current_immortal,candidate,Copied by Lewis. (+m) means the immortal is also a Maiar Muddler / muddle code contributor.,whois_helluin_1781586207,Maia,Maia,,Immortals,high,Cartographer,Cartographer,Cartographer,high,,,,,,,Maia,M,Cartographer,immortal,immortal_term=Maia | race_term=Maia,1,no
char_ossë,Ossë,,,,,,,,,,retired,Boardreader,no,no,2026_06_16_retired_immortals,MUME retired immortal list,List current as of 2026-06-16,immortal_2026_06_16_retired_immortals_osse_644_listed_retired_immortal,candidate,Copied by Lewis. Includes Boardreaders and honorary True Legend entry for Norsu.,whois_ossë_1781605264,raging is a Maia,Maia,,Immortals,high,,,,,,,,,,,Maia,M,,immortal,immortal_term=Maia | race_term=Maia | unmatched=raging is a,1,no
char_ori,Ori,,,,,,,,,,retired,Boardreader,no,no,2026_06_16_retired_immortals,MUME retired immortal list,List current as of 2026-06-16,immortal_2026_06_16_retired_immortals_ori_641_listed_retired_immortal,candidate,Copied by Lewis. Includes Boardreaders and honorary True Legend entry for Norsu.,whois_ori_1781605236,Maia,Maia,,Immortals,high,,,,,,,,,,,Maia,M,,immortal,immortal_term=Maia | race_term=Maia,1,no
char_arathorn,Arathorn,,,,,,,,,,retired,Vala,no,no,2026_06_16_retired_immortals,MUME retired immortal list,List current as of 2026-06-16,immortal_2026_06_16_retired_immortals_arathorn_19_listed_retired_immortal,candidate,Copied by Lewis. Includes Boardreaders and honorary True Legend entry for Norsu.,whois_arathorn_1781577583,Vala,Vala,,Immortals,high,Mudller,Mudller,Mudller,high,,,,,,,Vala,V,Mudller,immortal,immortal_term=Vala | race_term=Vala,1,no
char_pandelume,Pandelume,,,,,,,,,,retired,Boardreader,no,no,2026_06_16_retired_immortals,MUME retired immortal list,List current as of 2026-06-16,immortal_2026_06_16_retired_immortals_pandelume_649_listed_retired_immortal,candidate,Copied by Lewis. Includes Boardreaders and honorary True Legend entry for Norsu.,whois_pandelume_1781605298,Maia,Maia,,Immortals,high,,,,,,,,,,,Maia,M,,immortal,immortal_term=Maia | race_term=Maia,1,no
char_ludwig,Ludwig,,,,,,,,,,retired,Maia,no,no,2026_06_16_retired_immortals,MUME retired immortal list,List current as of 2026-06-16,immortal_2026_06_16_retired_immortals_ludwig_133_listed_retired_immortal,candidate,Copied by Lewis. Includes Boardreaders and honorary True Legend entry for Norsu.,whois_ludwig_1781604480,big teddy is a Maia,Maia,,Immortals,high,Wright,Wright,Wright,high,,,,,,,Maia,M,Wright,immortal,immortal_term=Maia | race_term=Maia | unmatched=big teddy is a,1,no
char_kjell,Kjell,,,,,,,,,,retired,Boardreader,no,no,2026_06_16_retired_immortals,MUME retired immortal list,List current as of 2026-06-16,immortal_2026_06_16_retired_immortals_kjell_549_listed_retired_immortal,candidate,Copied by Lewis. Includes Boardreaders and honorary True Legend entry for Norsu.,whois_kjell_1781604106,Maia,Maia,,Immortals,high,,,,,,,,,,,Maia,M,,immortal,immortal_term=Maia | race_term=Maia,1,no
char_oisín,Oisín,,,,,,,,,,current,Maia,no,no,2026_06_16_current_immortals,MUME current immortal list,List current as of 2026-06-16,immortal_2026_06_16_current_immortals_oisin_54_listed_current_immortal,candidate,Copied by Lewis. (+m) means the immortal is also a Maiar Muddler / muddle code contributor.,whois_oisín_1781605203,Maia,Maia,,Immortals,high,Builder,Builder,Builder,high,,,,,,,Maia,M,Builder,immortal,immortal_term=Maia | race_term=Maia,1,no
char_gehrman,Gehrman,,,,,,,,,,retired,Boardreader,no,no,2026_06_16_retired_immortals,MUME retired immortal list,List current as of 2026-06-16,immortal_2026_06_16_retired_immortals_gehrman_472_listed_retired_immortal,candidate,Copied by Lewis. Includes Boardreaders and honorary True Legend entry for Norsu.,whois_gehrman_1781579965,Maia,Maia,,Immortals,high,,,,,,,,,,,Maia,M,,immortal,immortal_term=Maia | race_term=Maia,1,no
char_calebin,Calebin,,,,,,,,,,retired,Maia,no,no,2026_06_16_retired_immortals,MUME retired immortal list,List current as of 2026-06-16,immortal_2026_06_16_retired_immortals_calebin_88_listed_retired_immortal,candidate,Copied by Lewis. Includes Boardreaders and honorary True Legend entry for Norsu.,whois_calebin_1781578558,Maia,Maia,,Immortals,high,Wright,Wright,Wright,high,,,,,,,Maia,M,Wright,immortal,immortal_term=Maia | race_term=Maia,1,no
char_nymne,Nymne,,,,,,,,,,retired,Boardreader,no,no,2026_06_16_retired_immortals,MUME retired immortal list,List current as of 2026-06-16,immortal_2026_06_16_retired_immortals_nymne_635_listed_retired_immortal,candidate,Copied by Lewis. Includes Boardreaders and honorary True Legend entry for Norsu.,whois_nymne_1781605159,Maia,Maia,,Immortals,high,,,,,,,,,,,Maia,M,,immortal,immortal_term=Maia | race_term=Maia,1,no
char_blimb,Blimb,,,,,,,,,,retired,Maia,no,no,2026_06_16_retired_immortals,MUME retired immortal list,List current as of 2026-06-16,immortal_2026_06_16_retired_immortals_blimb_176_listed_retired_immortal,candidate,Copied by Lewis. Includes Boardreaders and honorary True Legend entry for Norsu.,whois_blimb_1781577980,Maia,Maia,,Immortals,high,Builder,Builder,Builder,high,,,,,,,Maia,M,Builder,immortal,immortal_term=Maia | race_term=Maia,1,no
char_norton,Norton,,,,,,,,,,retired,Boardreader,no,no,2026_06_16_retired_immortals,MUME retired immortal list,List current as of 2026-06-16,immortal_2026_06_16_retired_immortals_norton_634_listed_retired_immortal,candidate,Copied by Lewis. Includes Boardreaders and honorary True Legend entry for Norsu.,whois_norton_1781605142,Maia,Maia,,Immortals,high,,,,,,,,,,,Maia,M,,immortal,immortal_term=Maia | race_term=Maia,1,no
char_becrux,Becrux,,,,,,,,,,retired,Boardreader,no,no,2026_06_16_retired_immortals,MUME retired immortal list,List current as of 2026-06-16,immortal_2026_06_16_retired_immortals_becrux_344_listed_retired_immortal,candidate,Copied by Lewis. Includes Boardreaders and honorary True Legend entry for Norsu.,whois_becrux_1781577881,Maia,Maia,,Immortals,high,,,,,,,,,,,Maia,M,,immortal,immortal_term=Maia | race_term=Maia,1,no
char_gablgin,Gablgin,,,,,,,,,,retired,Boardreader,no,no,2026_06_16_retired_immortals,MUME retired immortal list,List current as of 2026-06-16,immortal_2026_06_16_retired_immortals_gablgin_467_listed_retired_immortal,candidate,Copied by Lewis. Includes Boardreaders and honorary True Legend entry for Norsu.,whois_gablgin_1781579905,Maia,Maia,,Immortals,high,,,,,,,,,,,Maia,M,,immortal,immortal_term=Maia | race_term=Maia,1,no
char_cosmos,Cosmos,,,,,,,,,,retired,Boardreader,no,no,2026_06_16_retired_immortals,MUME retired immortal list,List current as of 2026-06-16,immortal_2026_06_16_retired_immortals_cosmos_384_listed_retired_immortal,candidate,Copied by Lewis. Includes Boardreaders and honorary True Legend entry for Norsu.,whois_cosmos_1781578713,Maia,Maia,,Immortals,high,,,,,,,,,,,Maia,M,,immortal,immortal_term=Maia | race_term=Maia,1,no
char_mordril,Mordril,,,,,,,,,,retired,Boardreader,no,no,2026_06_16_retired_immortals,MUME retired immortal list,List current as of 2026-06-16,immortal_2026_06_16_retired_immortals_mordril_608_listed_retired_immortal,candidate,Copied by Lewis. Includes Boardreaders and honorary True Legend entry for Norsu.,whois_mordril_1781604936,Maia,Maia,,Immortals,high,,,,,,,,,,,Maia,M,,immortal,immortal_term=Maia | race_term=Maia,1,no
char_nokiel,Nokiel,,,,,,,,,,retired,Boardreader,no,no,2026_06_16_retired_immortals,MUME retired immortal list,List current as of 2026-06-16,immortal_2026_06_16_retired_immortals_nokiel_631_listed_retired_immortal,candidate,Copied by Lewis. Includes Boardreaders and honorary True Legend entry for Norsu.,whois_nokiel_1781605115,Maia,Maia,,Immortals,high,,,,,,,,,,,Maia,M,,immortal,immortal_term=Maia | race_term=Maia,1,no
char_noki,Noki,,,,,,,,,,retired,Boardreader,no,no,2026_06_16_retired_immortals,MUME retired immortal list,List current as of 2026-06-16,immortal_2026_06_16_retired_immortals_noki_630_listed_retired_immortal,candidate,Copied by Lewis. Includes Boardreaders and honorary True Legend entry for Norsu.,whois_noki_1781605109,father but really is a Maia,Maia,,Immortals,high,,,,,,,,,,,Maia,M,,immortal,immortal_term=Maia | race_term=Maia | unmatched=father but really is a,1,no
char_raul,Raul,,,,,,,,,,retired,Boardreader,no,no,2026_06_16_retired_immortals,MUME retired immortal list,List current as of 2026-06-16,immortal_2026_06_16_retired_immortals_raul_668_listed_retired_immortal,candidate,Copied by Lewis. Includes Boardreaders and honorary True Legend entry for Norsu.,whois_raul_1781605507,Maia,Maia,,Immortals,high,,,,,,,,,,,Maia,M,,immortal,immortal_term=Maia | race_term=Maia,1,no
char_nightstar,Nightstar,,,,,,,,,,retired,Boardreader,no,no,2026_06_16_retired_immortals,MUME retired immortal list,List current as of 2026-06-16,immortal_2026_06_16_retired_immortals_nightstar_627_listed_retired_immortal,candidate,Copied by Lewis. Includes Boardreaders and honorary True Legend entry for Norsu.,whois_nightstar_1781605092,Maia,Maia,,Immortals,high,,,,,,,,,,,Maia,M,,immortal,immortal_term=Maia | race_term=Maia,1,no
char_dröm,Dröm,,,,,,,,,,retired,Boardreader,no,no,2026_06_16_retired_immortals,MUME retired immortal list,List current as of 2026-06-16,immortal_2026_06_16_retired_immortals_drom_413_listed_retired_immortal,candidate,Copied by Lewis. Includes Boardreaders and honorary True Legend entry for Norsu.,whois_dröm_1781578988,Maia,Maia,,Immortals,high,,,,,,,,,,,Maia,M,,immortal,immortal_term=Maia | race_term=Maia,1,no
char_force,Force,,,,,,,,,,current,Vala,no,no,2026_06_16_current_immortals,MUME current immortal list,List current as of 2026-06-16,immortal_2026_06_16_current_immortals_force_14_listed_current_immortal,candidate,Copied by Lewis. (+m) means the immortal is also a Maiar Muddler / muddle code contributor.,whois_force_1781579819,Vala,Vala,,Immortals,high,Architect,Architect,Architect,high,,,,,,,Vala,V,Architect,immortal,immortal_term=Vala | race_term=Vala,1,no
char_nienor,Nienor,,,,,,,,,,retired,Aratar,no,no,2026_06_16_retired_immortals,MUME retired immortal list,List current as of 2026-06-16,immortal_2026_06_16_retired_immortals_nienor_8_listed_retired_immortal,candidate,Copied by Lewis. Includes Boardreaders and honorary True Legend entry for Norsu.,whois_nienor_1781605075,"Valië, one of the Aratar",Arata,,Immortals,high,,,,,,,,,,,Arata,A,,immortal,immortal_term=one of the Aratar | unmatched=Valië,1,no
char_werligh,Werligh,,,,,,,,,,retired,Maia,no,no,2026_06_16_retired_immortals,MUME retired immortal list,List current as of 2026-06-16,immortal_2026_06_16_retired_immortals_werligh_168_listed_retired_immortal,candidate,Copied by Lewis. Includes Boardreaders and honorary True Legend entry for Norsu.,whois_werligh_1781606698,Maia,Maia,,Immortals,high,Wright,Wright,Wright,high,,,,,,,Maia,M,Wright,immortal,immortal_term=Maia | race_term=Maia,1,no
char_neptune,Neptune,,,,,,,,,,retired,Boardreader,no,no,2026_06_16_retired_immortals,MUME retired immortal list,List current as of 2026-06-16,immortal_2026_06_16_retired_immortals_neptune_623_listed_retired_immortal,candidate,Copied by Lewis. Includes Boardreaders and honorary True Legend entry for Norsu.,whois_neptune_1781605059,Maia,Maia,,Immortals,high,,,,,,,,,,,Maia,M,,immortal,immortal_term=Maia | race_term=Maia,1,no
char_hobbi,Hobbi,,,,,,,,,,retired,Maia,no,no,2026_06_16_retired_immortals,MUME retired immortal list,List current as of 2026-06-16,immortal_2026_06_16_retired_immortals_hobbi_114_listed_retired_immortal,candidate,Copied by Lewis. Includes Boardreaders and honorary True Legend entry for Norsu.,whois_hobbi_1781586236,Maia,Maia,,Immortals,high,Wright,Wright,Wright,high,,,,,,,Maia,M,Wright,immortal,immortal_term=Maia | race_term=Maia,1,no
char_neidoles,Neidoles,,,,,,,,,,retired,Boardreader,no,no,2026_06_16_retired_immortals,MUME retired immortal list,List current as of 2026-06-16,immortal_2026_06_16_retired_immortals_neidoles_621_listed_retired_immortal,candidate,Copied by Lewis. Includes Boardreaders and honorary True Legend entry for Norsu.,whois_neidoles_1781605047,Maia,Maia,,Immortals,high,,,,,,,,,,,Maia,M,,immortal,immortal_term=Maia | race_term=Maia,1,no
char_nazir,Nazir,,,,,,,,,,retired,Boardreader,no,no,2026_06_16_retired_immortals,MUME retired immortal list,List current as of 2026-06-16,immortal_2026_06_16_retired_immortals_nazir_620_listed_retired_immortal,candidate,Copied by Lewis. Includes Boardreaders and honorary True Legend entry for Norsu.,whois_nazir_1781605042,Maia,Maia,,Immortals,high,,,,,,,,,,,Maia,M,,immortal,immortal_term=Maia | race_term=Maia,1,no
char_naxis,Naxis,,,,,,,,,,retired,Boardreader,no,no,2026_06_16_retired_immortals,MUME retired immortal list,List current as of 2026-06-16,immortal_2026_06_16_retired_immortals_naxis_619_listed_retired_immortal,candidate,Copied by Lewis. Includes Boardreaders and honorary True Legend entry for Norsu.,whois_naxis_1781605036,Maia,Maia,,Immortals,high,,,,,,,,,,,Maia,M,,immortal,immortal_term=Maia | race_term=Maia,1,no
char_loomis,Loomis,,,,,,,,,,retired,Boardreader,no,no,2026_06_16_retired_immortals,MUME retired immortal list,List current as of 2026-06-16,immortal_2026_06_16_retired_immortals_loomis_577_listed_retired_immortal,candidate,Copied by Lewis. Includes Boardreaders and honorary True Legend entry for Norsu.,whois_loomis_1781604442,Maia,Maia,,Immortals,high,,,,,,,,,,,Maia,M,,immortal,immortal_term=Maia | race_term=Maia,1,no
char_tinsal,Tinsal,,,,,,,,,,retired,Maia,no,no,2026_06_16_retired_immortals,MUME retired immortal list,List current as of 2026-06-16,immortal_2026_06_16_retired_immortals_tinsal_283_listed_retired_immortal,candidate,Copied by Lewis. Includes Boardreaders and honorary True Legend entry for Norsu.,whois_tinsal_1781606352,Maia,Maia,,Immortals,high,Cartographer,Cartographer,Cartographer,high,,,,,,,Maia,M,Cartographer,immortal,immortal_term=Maia | race_term=Maia,1,no
char_quende,Quende,,,,,,,,,,retired,Boardreader,no,no,2026_06_16_retired_immortals,MUME retired immortal list,List current as of 2026-06-16,immortal_2026_06_16_retired_immortals_quende_662_listed_retired_immortal,candidate,Copied by Lewis. Includes Boardreaders and honorary True Legend entry for Norsu.,whois_quende_1781605425,Maia,Maia,,Immortals,high,,,,,,,,,,,Maia,M,,immortal,immortal_term=Maia | race_term=Maia,1,no
char_kizh,Kizh,,,,,,,,,,retired,Boardreader,no,no,2026_06_16_retired_immortals,MUME retired immortal list,List current as of 2026-06-16,immortal_2026_06_16_retired_immortals_kizh_548_listed_retired_immortal,candidate,Copied by Lewis. Includes Boardreaders and honorary True Legend entry for Norsu.,whois_kizh_1781604098,Maia,Maia,,Immortals,high,,,,,,,,,,,Maia,M,,immortal,immortal_term=Maia | race_term=Maia,1,no
char_mocny,Mocny,,,,,,,,,,retired,Maia,no,no,2026_06_16_retired_immortals,MUME retired immortal list,List current as of 2026-06-16,immortal_2026_06_16_retired_immortals_mocny_142_listed_retired_immortal,candidate,Copied by Lewis. Includes Boardreaders and honorary True Legend entry for Norsu.,whois_mocny_1781604897,Maia,Maia,,Immortals,high,Wright,Wright,Wright,high,,,,,,,Maia,M,Wright,immortal,immortal_term=Maia | race_term=Maia,1,no
char_falch,Falch,,,,,,,,,,retired,Maia,no,no,2026_06_16_retired_immortals,MUME retired immortal list,List current as of 2026-06-16,immortal_2026_06_16_retired_immortals_falch_233_listed_retired_immortal,candidate,Copied by Lewis. Includes Boardreaders and honorary True Legend entry for Norsu.,whois_falch_1781579659,Maia,Maia,,Immortals,high,Cartographer,Cartographer,Cartographer,high,,,,,,,Maia,M,Cartographer,immortal,immortal_term=Maia | race_term=Maia,1,no
char_terwin,Terwin,,,,,,,,,,retired,Maia,no,no,2026_06_16_retired_immortals,MUME retired immortal list,List current as of 2026-06-16,immortal_2026_06_16_retired_immortals_terwin_160_listed_retired_immortal,candidate,Copied by Lewis. Includes Boardreaders and honorary True Legend entry for Norsu.,whois_terwin_1781606248,Maia,Maia,,Immortals,high,Wright,Wright,Wright,high,,,,,,,Maia,M,Wright,immortal,immortal_term=Maia | race_term=Maia,1,no
char_elemir,Elemir,,,,,,,,,,current,Vala,no,no,2026_06_16_current_immortals,MUME current immortal list,List current as of 2026-06-16,immortal_2026_06_16_current_immortals_elemir_13_listed_current_immortal,candidate,Copied by Lewis. (+m) means the immortal is also a Maiar Muddler / muddle code contributor.,whois_elemir_1781579137,Vala,Vala,,Immortals,high,Architect,Architect,Architect,high,,,,,,,Vala,V,Architect,immortal,immortal_term=Vala | race_term=Vala,1,no
char_anómyr,Anómyr,,,,,,,,,,retired,Boardreader,no,no,2026_06_16_retired_immortals,MUME retired immortal list,List current as of 2026-06-16,immortal_2026_06_16_retired_immortals_anomyr_321_listed_retired_immortal,candidate,Copied by Lewis. Includes Boardreaders and honorary True Legend entry for Norsu.,whois_anómyr_1781577561,Maia,Maia,,Immortals,high,,,,,,,,,,,Maia,M,,immortal,immortal_term=Maia | race_term=Maia,1,no
char_windwalker,Windwalker,,,,,,,,,,retired,Maia,no,no,2026_06_16_retired_immortals,MUME retired immortal list,List current as of 2026-06-16,immortal_2026_06_16_retired_immortals_windwalker_290_listed_retired_immortal,candidate,Copied by Lewis. Includes Boardreaders and honorary True Legend entry for Norsu.,whois_windwalker_1781606709,Maia,Maia,,Immortals,high,Cartographer,Cartographer,Cartographer,high,,,,,,,Maia,M,Cartographer,immortal,immortal_term=Maia | race_term=Maia,1,no
char_amlion,Amlion,,,,,,,,,,retired,Maia,no,no,2026_06_16_retired_immortals,MUME retired immortal list,List current as of 2026-06-16,immortal_2026_06_16_retired_immortals_amlion_206_listed_retired_immortal,candidate,Copied by Lewis. Includes Boardreaders and honorary True Legend entry for Norsu.,whois_amlion_1781576818,Maia,Maia,,Immortals,high,Cartographer,Cartographer,Cartographer,high,,,,,,,Maia,M,Cartographer,immortal,immortal_term=Maia | race_term=Maia,1,no
char_mor,Mor,,,,,,,,,,retired,Boardreader,no,no,2026_06_16_retired_immortals,MUME retired immortal list,List current as of 2026-06-16,immortal_2026_06_16_retired_immortals_mor_606_listed_retired_immortal,candidate,Copied by Lewis. Includes Boardreaders and honorary True Legend entry for Norsu.,whois_mor_1781604919,Maia,Maia,,Immortals,high,,,,,,,,,,,Maia,M,,immortal,immortal_term=Maia | race_term=Maia,1,no
char_mint,Mint,,,,,,,,,,current,Aratar,no,no,2026_06_16_current_immortals,MUME current immortal list,List current as of 2026-06-16,immortal_2026_06_16_current_immortals_mint_7_listed_current_immortal,candidate,Copied by Lewis. (+m) means the immortal is also a Maiar Muddler / muddle code contributor.,whois_mint_1781604875,"Vala, one of the Aratar",Vala,,Immortals,high,,,,,,,,,,,Arata,A,,immortal,immortal_term=one of the Aratar | race_term=Vala,1,no
char_mingz,Mingz,,,,,,,,,,retired,Boardreader,no,no,2026_06_16_retired_immortals,MUME retired immortal list,List current as of 2026-06-16,immortal_2026_06_16_retired_immortals_mingz_602_listed_retired_immortal,candidate,Copied by Lewis. Includes Boardreaders and honorary True Legend entry for Norsu.,whois_mingz_1781604864,Maia,Maia,,Immortals,high,,,,,,,,,,,Maia,M,,immortal,immortal_term=Maia | race_term=Maia,1,no
char_anne,Anne,,,,,,,,,,retired,Maia,no,no,2026_06_16_retired_immortals,MUME retired immortal list,List current as of 2026-06-16,immortal_2026_06_16_retired_immortals_anne_208_listed_retired_immortal,candidate,Copied by Lewis. Includes Boardreaders and honorary True Legend entry for Norsu.,whois_anne_1781577539,Maia,Maia,,Immortals,high,Cartographer,Cartographer,Cartographer,high,,,,,,,Maia,M,Cartographer,immortal,immortal_term=Maia | race_term=Maia,1,no
char_xellia,Xellia,,,,,,,,,,current,Maia,no,no,2026_06_16_current_immortals,MUME current immortal list,List current as of 2026-06-16,immortal_2026_06_16_current_immortals_xellia_48_listed_current_immortal,candidate,Copied by Lewis. (+m) means the immortal is also a Maiar Muddler / muddle code contributor.,whois_xellia_1781606771,Maia,Maia,,Immortals,high,Wright,Wright,Wright,high,,,,,,,Maia,M,Wright,immortal,immortal_term=Maia | race_term=Maia,1,no
char_mujahid,Mujahid,,,,,,,,,,retired,Maia,no,no,2026_06_16_retired_immortals,MUME retired immortal list,List current as of 2026-06-16,immortal_2026_06_16_retired_immortals_mujahid_143_listed_retired_immortal,candidate,Copied by Lewis. Includes Boardreaders and honorary True Legend entry for Norsu.,whois_mujahid_1781604958,Maia,Maia,,Immortals,high,Wright,Wright,Wright,high,,,,,,,Maia,M,Wright,immortal,immortal_term=Maia | race_term=Maia,1,no
char_gruumph,Gruumph,,,,,,,,,,retired,Boardreader,no,no,2026_06_16_retired_immortals,MUME retired immortal list,List current as of 2026-06-16,immortal_2026_06_16_retired_immortals_gruumph_488_listed_retired_immortal,candidate,Copied by Lewis. Includes Boardreaders and honorary True Legend entry for Norsu.,whois_gruumph_1781580125,bored..... VERY bored is a Maia,Maia,,Immortals,high,,,,,,,,,,,Maia,M,,immortal,immortal_term=Maia | race_term=Maia | unmatched=bored..... VERY bored is a,1,no
char_moulder,Moulder,,,,,,,,,,retired,Boardreader,no,no,2026_06_16_retired_immortals,MUME retired immortal list,List current as of 2026-06-16,immortal_2026_06_16_retired_immortals_moulder_610_listed_retired_immortal,candidate,Copied by Lewis. Includes Boardreaders and honorary True Legend entry for Norsu.,whois_moulder_1781604953,Maia,Maia,,Immortals,high,,,,,,,,,,,Maia,M,,immortal,immortal_term=Maia | race_term=Maia,1,no
char_moosh,Moosh,,,,,,,,,,retired,Boardreader,no,no,2026_06_16_retired_immortals,MUME retired immortal list,List current as of 2026-06-16,immortal_2026_06_16_retired_immortals_moosh_605_listed_retired_immortal,candidate,Copied by Lewis. Includes Boardreaders and honorary True Legend entry for Norsu.,whois_moosh_1781604914,Maia,Maia,,Immortals,high,,,,,,,,,,,Maia,M,,immortal,immortal_term=Maia | race_term=Maia,1,no
char_fint,Fint,,,,,,,,,,retired,Boardreader,no,no,2026_06_16_retired_immortals,MUME retired immortal list,List current as of 2026-06-16,immortal_2026_06_16_retired_immortals_fint_457_listed_retired_immortal,candidate,Copied by Lewis. Includes Boardreaders and honorary True Legend entry for Norsu.,whois_fint_1781579761,Maia,Maia,,Immortals,high,,,,,,,,,,,Maia,M,,immortal,immortal_term=Maia | race_term=Maia,1,no
char_naks,Naks,,,,,,,,,,retired,Boardreader,no,no,2026_06_16_retired_immortals,MUME retired immortal list,List current as of 2026-06-16,immortal_2026_06_16_retired_immortals_naks_616_listed_retired_immortal,candidate,Copied by Lewis. Includes Boardreaders and honorary True Legend entry for Norsu.,whois_naks_1781605009,Maia,Maia,,Immortals,high,,,,,,,,,,,Maia,M,,immortal,immortal_term=Maia | race_term=Maia,1,no
char_pif,Pif,,,,,,,,,,retired,Boardreader,no,no,2026_06_16_retired_immortals,MUME retired immortal list,List current as of 2026-06-16,immortal_2026_06_16_retired_immortals_pif_655_listed_retired_immortal,candidate,Copied by Lewis. Includes Boardreaders and honorary True Legend entry for Norsu.,whois_pif_1781605364,Maia,Maia,,Immortals,high,,,,,,,,,,,Maia,M,,immortal,immortal_term=Maia | race_term=Maia,1,no
char_estike,Estike,,,,,,,,,,retired,Boardreader,no,no,2026_06_16_retired_immortals,MUME retired immortal list,List current as of 2026-06-16,immortal_2026_06_16_retired_immortals_estike_441_listed_retired_immortal,candidate,Copied by Lewis. Includes Boardreaders and honorary True Legend entry for Norsu.,whois_estike_1781579609,Maia,Maia,,Immortals,high,,,,,,,,,,,Maia,M,,immortal,immortal_term=Maia | race_term=Maia,1,no
char_mirabella,Mirabella,,,,,,,,,,retired,Maia,no,no,2026_06_16_retired_immortals,MUME retired immortal list,List current as of 2026-06-16,immortal_2026_06_16_retired_immortals_mirabella_262_listed_retired_immortal,candidate,Copied by Lewis. Includes Boardreaders and honorary True Legend entry for Norsu.,whois_mirabella_1781604881,Maia,Maia,,Immortals,high,Cartographer,Cartographer,Cartographer,high,,,,,,,Maia,M,Cartographer,immortal,immortal_term=Maia | race_term=Maia,1,no
char_grimble,Grimble,,,,,,,,,,retired,Maia,no,no,2026_06_16_retired_immortals,MUME retired immortal list,List current as of 2026-06-16,immortal_2026_06_16_retired_immortals_grimble_245_listed_retired_immortal,candidate,Copied by Lewis. Includes Boardreaders and honorary True Legend entry for Norsu.,whois_grimble_1781580087,Maia,Maia,,Immortals,high,Cartographer,Cartographer,Cartographer,high,,,,,,,Maia,M,Cartographer,immortal,immortal_term=Maia | race_term=Maia,1,no
char_khantar,Khantar,,,,,,,,,,retired,Boardreader,no,no,2026_06_16_retired_immortals,MUME retired immortal list,List current as of 2026-06-16,immortal_2026_06_16_retired_immortals_khantar_542_listed_retired_immortal,candidate,Copied by Lewis. Includes Boardreaders and honorary True Legend entry for Norsu.,whois_khantar_1781604049,Maia,Maia,,Immortals,high,,,,,,,,,,,Maia,M,,immortal,immortal_term=Maia | race_term=Maia,1,no
char_phier,Phier,,,,,,,,,,retired,Vala,no,no,2026_06_16_retired_immortals,MUME retired immortal list,List current as of 2026-06-16,immortal_2026_06_16_retired_immortals_phier_61_listed_retired_immortal,candidate,Copied by Lewis. Includes Boardreaders and honorary True Legend entry for Norsu.,whois_phier_1781605348,Vala,Vala,,Immortals,high,Architect,Architect,Architect,high,,,,,,,Vala,V,Architect,immortal,immortal_term=Vala | race_term=Vala,1,no
char_miia,Miia,,,,,,,,,,retired,Boardreader,no,no,2026_06_16_retired_immortals,MUME retired immortal list,List current as of 2026-06-16,immortal_2026_06_16_retired_immortals_miia_600_listed_retired_immortal,candidate,Copied by Lewis. Includes Boardreaders and honorary True Legend entry for Norsu.,whois_miia_1781604852,Maia,Maia,,Immortals,high,,,,,,,,,,,Maia,M,,immortal,immortal_term=Maia | race_term=Maia,1,no
char_harad,Harad,,,,,,,,,,retired,Maia,no,no,2026_06_16_retired_immortals,MUME retired immortal list,List current as of 2026-06-16,immortal_2026_06_16_retired_immortals_harad_112_listed_retired_immortal,candidate,Copied by Lewis. Includes Boardreaders and honorary True Legend entry for Norsu.,whois_harad_1781586180,Maia,Maia,,Immortals,high,Wright,Wright,Wright,high,,,,,,,Maia,M,Wright,immortal,immortal_term=Maia | race_term=Maia,1,no
char_hambag,Hambag,,,,,,,,,,retired,Boardreader,no,no,2026_06_16_retired_immortals,MUME retired immortal list,List current as of 2026-06-16,immortal_2026_06_16_retired_immortals_hambag_496_listed_retired_immortal,candidate,Copied by Lewis. Includes Boardreaders and honorary True Legend entry for Norsu.,whois_hambag_1781586163,Maia,Maia,,Immortals,high,,,,,,,,,,,Maia,M,,immortal,immortal_term=Maia | race_term=Maia,1,no
char_miho,Miho,,,,,,,,,,retired,Boardreader,no,no,2026_06_16_retired_immortals,MUME retired immortal list,List current as of 2026-06-16,immortal_2026_06_16_retired_immortals_miho_599_listed_retired_immortal,candidate,Copied by Lewis. Includes Boardreaders and honorary True Legend entry for Norsu.,whois_miho_1781604847,Maia,Maia,,Immortals,high,,,,,,,,,,,Maia,M,,immortal,immortal_term=Maia | race_term=Maia,1,no
char_keltic,Keltic,,,,,,,,,,retired,Vala,no,no,2026_06_16_retired_immortals,MUME retired immortal list,List current as of 2026-06-16,immortal_2026_06_16_retired_immortals_keltic_55_listed_retired_immortal,candidate,Copied by Lewis. Includes Boardreaders and honorary True Legend entry for Norsu.,whois_keltic_1781604005,Vala,Vala,,Immortals,high,Architect,Architect,Architect,high,,,,,,,Vala,V,Architect,immortal,immortal_term=Vala | race_term=Vala,1,no
char_crazack,Crazack,,,,,,,,,,retired,Maia,no,no,2026_06_16_retired_immortals,MUME retired immortal list,List current as of 2026-06-16,immortal_2026_06_16_retired_immortals_crazack_181_listed_retired_immortal,candidate,Copied by Lewis. Includes Boardreaders and honorary True Legend entry for Norsu.,whois_crazack_1781578729,Maia,Maia,,Immortals,high,Builder,Builder,Builder,high,,,,,,,Maia,M,Builder,immortal,immortal_term=Maia | race_term=Maia,1,no
char_midnight,Midnight,,,,,,,,,,retired,Boardreader,no,no,2026_06_16_retired_immortals,MUME retired immortal list,List current as of 2026-06-16,immortal_2026_06_16_retired_immortals_midnight_597_listed_retired_immortal,candidate,Copied by Lewis. Includes Boardreaders and honorary True Legend entry for Norsu.,whois_midnight_1781604836,Maia,Maia,,Immortals,high,,,,,,,,,,,Maia,M,,immortal,immortal_term=Maia | race_term=Maia,1,no
char_merg,Merg,,,,,,,,,,retired,Boardreader,no,no,2026_06_16_retired_immortals,MUME retired immortal list,List current as of 2026-06-16,immortal_2026_06_16_retired_immortals_merg_595_listed_retired_immortal,candidate,Copied by Lewis. Includes Boardreaders and honorary True Legend entry for Norsu.,whois_merg_1781604807,Maia,Maia,,Immortals,high,,,,,,,,,,,Maia,M,,immortal,immortal_term=Maia | race_term=Maia,1,no
char_menelos,Menelos,,,,,,,,,,retired,Boardreader,no,no,2026_06_16_retired_immortals,MUME retired immortal list,List current as of 2026-06-16,immortal_2026_06_16_retired_immortals_menelos_594_listed_retired_immortal,candidate,Copied by Lewis. Includes Boardreaders and honorary True Legend entry for Norsu.,whois_menelos_1781604800,Maia,Maia,,Immortals,high,,,,,,,,,,,Maia,M,,immortal,immortal_term=Maia | race_term=Maia,1,no
char_soba,Soba,,,,,,,,,,retired,Maia,no,no,2026_06_16_retired_immortals,MUME retired immortal list,List current as of 2026-06-16,immortal_2026_06_16_retired_immortals_soba_77_listed_retired_immortal,candidate,Copied by Lewis. Includes Boardreaders and honorary True Legend entry for Norsu.,whois_soba_1781606021,Maia,Maia,,Immortals,high,Shaper,Shaper,Shaper,high,,,,,,,Maia,M,Shaper,immortal,immortal_term=Maia | race_term=Maia,1,no
char_matarael,Matarael,,,,,,,,,,retired,Boardreader,no,no,2026_06_16_retired_immortals,MUME retired immortal list,List current as of 2026-06-16,immortal_2026_06_16_retired_immortals_matarael_590_listed_retired_immortal,candidate,Copied by Lewis. Includes Boardreaders and honorary True Legend entry for Norsu.,whois_matarael_1781604738,Maia,Maia,,Immortals,high,,,,,,,,,,,Maia,M,,immortal,immortal_term=Maia | race_term=Maia,1,no
char_marvin,Marvin,,,,,,,,,,retired,Maia,no,no,2026_06_16_retired_immortals,MUME retired immortal list,List current as of 2026-06-16,immortal_2026_06_16_retired_immortals_marvin_259_listed_retired_immortal,candidate,Copied by Lewis. Includes Boardreaders and honorary True Legend entry for Norsu.,whois_marvin_1781604717,Maia,Maia,,Immortals,high,Cartographer,Cartographer,Cartographer,high,,,,,,,Maia,M,Cartographer,immortal,immortal_term=Maia | race_term=Maia,1,no
char_martyr,Martyr,,,,,,,,,,retired,Boardreader,no,no,2026_06_16_retired_immortals,MUME retired immortal list,List current as of 2026-06-16,immortal_2026_06_16_retired_immortals_martyr_589_listed_retired_immortal,candidate,Copied by Lewis. Includes Boardreaders and honorary True Legend entry for Norsu.,whois_martyr_1781604698,Maia,Maia,,Immortals,high,,,,,,,,,,,Maia,M,,immortal,immortal_term=Maia | race_term=Maia,1,no
char_fastdanr,Fastdanr,,,,,,,,,,retired,Boardreader,no,no,2026_06_16_retired_immortals,MUME retired immortal list,List current as of 2026-06-16,immortal_2026_06_16_retired_immortals_fastdanr_445_listed_retired_immortal,candidate,Copied by Lewis. Includes Boardreaders and honorary True Legend entry for Norsu.,whois_fastdanr_1781579681,Maia,Maia,,Immortals,high,,,,,,,,,,,Maia,M,,immortal,immortal_term=Maia | race_term=Maia,1,no
char_kaen,Kaen,,,,,,,,,,retired,Boardreader,no,no,2026_06_16_retired_immortals,MUME retired immortal list,List current as of 2026-06-16,immortal_2026_06_16_retired_immortals_kaen_528_listed_retired_immortal,candidate,Copied by Lewis. Includes Boardreaders and honorary True Legend entry for Norsu.,whois_kaen_1781603900,Maia,Maia,,Immortals,high,,,,,,,,,,,Maia,M,,immortal,immortal_term=Maia | race_term=Maia,1,no
char_marcho,Marcho,,,,,,,,,,retired,Maia,no,no,2026_06_16_retired_immortals,MUME retired immortal list,List current as of 2026-06-16,immortal_2026_06_16_retired_immortals_marcho_258_listed_retired_immortal,candidate,Copied by Lewis. Includes Boardreaders and honorary True Legend entry for Norsu.,whois_marcho_1781604671,Maia,Maia,,Immortals,high,Cartographer,Cartographer,Cartographer,high,,,,,,,Maia,M,Cartographer,immortal,immortal_term=Maia | race_term=Maia,1,no
char_marathon,Marathon,,,,,,,,,,retired,Maia,no,no,2026_06_16_retired_immortals,MUME retired immortal list,List current as of 2026-06-16,immortal_2026_06_16_retired_immortals_marathon_136_listed_retired_immortal,candidate,Copied by Lewis. Includes Boardreaders and honorary True Legend entry for Norsu.,whois_marathon_1781604660,Maia,Maia,,Immortals,high,Wright,Wright,Wright,high,,,,,,,Maia,M,Wright,immortal,immortal_term=Maia | race_term=Maia,1,no
char_manwë,Manwë,,,,,,,,,,current,Implementor,no,no,2026_06_16_current_immortals,MUME current immortal list,List current as of 2026-06-16,immortal_2026_06_16_current_immortals_manwe_2_listed_current_immortal,candidate,Copied by Lewis. (+m) means the immortal is also a Maiar Muddler / muddle code contributor.,whois_manwë_1781604654,Implementor,Implementor,,Immortals,high,,,,,,,,,,,Implementor,I,,immortal,immortal_term=Implementor,1,no
char_mandor,Mandor,,,,,,,,,,retired,Vala,no,no,2026_06_16_retired_immortals,MUME retired immortal list,List current as of 2026-06-16,immortal_2026_06_16_retired_immortals_mandor_28_listed_retired_immortal,candidate,Copied by Lewis. Includes Boardreaders and honorary True Legend entry for Norsu.,whois_mandor_1781604618,this where I type? is a Vala,Vala,,Immortals,high,Mudller,Mudller,Mudller,high,,,,,,,Vala,V,Mudller,immortal,immortal_term=Vala | race_term=Vala | unmatched=this where I type? is a,1,no
char_maldagor,Maldagor,,,,,,,,,,retired,Boardreader,no,no,2026_06_16_retired_immortals,MUME retired immortal list,List current as of 2026-06-16,immortal_2026_06_16_retired_immortals_maldagor_586_listed_retired_immortal,candidate,Copied by Lewis. Includes Boardreaders and honorary True Legend entry for Norsu.,whois_maldagor_1781604597,Maia,Maia,,Immortals,high,,,,,,,,,,,Maia,M,,immortal,immortal_term=Maia | race_term=Maia,1,no
char_erekosë,Erekosë,,,,,,,,,,current,Maia,no,no,2026_06_16_current_immortals,MUME current immortal list,List current as of 2026-06-16,immortal_2026_06_16_current_immortals_erekose_69_listed_current_immortal,candidate,Copied by Lewis. (+m) means the immortal is also a Maiar Muddler / muddle code contributor.,whois_erekosë_1781579292,Maia,Maia,,Immortals,high,Cartographer,Cartographer,Cartographer,high,,,,,,,Maia,M,Cartographer,immortal,immortal_term=Maia | race_term=Maia,1,no
char_magnos,Magnos,,,,,,,,,,retired,Boardreader,no,no,2026_06_16_retired_immortals,MUME retired immortal list,List current as of 2026-06-16,immortal_2026_06_16_retired_immortals_magnos_584_listed_retired_immortal,candidate,Copied by Lewis. Includes Boardreaders and honorary True Legend entry for Norsu.,whois_magnos_1781604569,Maia,Maia,,Immortals,high,,,,,,,,,,,Maia,M,,immortal,immortal_term=Maia | race_term=Maia,1,no
char_bahrud,Bahrud,,,,,,,,,,retired,Boardreader,no,no,2026_06_16_retired_immortals,MUME retired immortal list,List current as of 2026-06-16,immortal_2026_06_16_retired_immortals_bahrud_337_listed_retired_immortal,candidate,Copied by Lewis. Includes Boardreaders and honorary True Legend entry for Norsu.,whois_bahrud_1781577815,Maia,Maia,,Immortals,high,,,,,,,,,,,Maia,M,,immortal,immortal_term=Maia | race_term=Maia,1,no
char_elagorn,Elagorn,,,,,,,,,,retired,Boardreader,no,no,2026_06_16_retired_immortals,MUME retired immortal list,List current as of 2026-06-16,immortal_2026_06_16_retired_immortals_elagorn_423_listed_retired_immortal,candidate,Copied by Lewis. Includes Boardreaders and honorary True Legend entry for Norsu.,whois_elagorn_1781579098,Maia,Maia,,Immortals,high,,,,,,,,,,,Maia,M,,immortal,immortal_term=Maia | race_term=Maia,1,no
char_ariakas,Ariakas,,,,,,,,,,retired,Maia,no,no,2026_06_16_retired_immortals,MUME retired immortal list,List current as of 2026-06-16,immortal_2026_06_16_retired_immortals_ariakas_68_listed_retired_immortal,candidate,Copied by Lewis. Includes Boardreaders and honorary True Legend entry for Norsu.,whois_ariakas_1781577625,Maia,Maia,,Immortals,high,Shaper,Shaper,Shaper,high,,,,,,,Maia,M,Shaper,immortal,immortal_term=Maia | race_term=Maia,1,no
char_fornax,Fornax,,,,,,,,,,retired,Maia,no,no,2026_06_16_retired_immortals,MUME retired immortal list,List current as of 2026-06-16,immortal_2026_06_16_retired_immortals_fornax_104_listed_retired_immortal,candidate,Copied by Lewis. Includes Boardreaders and honorary True Legend entry for Norsu.,whois_fornax_1781579833,Maia,Maia,,Immortals,high,Wright,Wright,Wright,high,,,,,,,Maia,M,Wright,immortal,immortal_term=Maia | race_term=Maia,1,no
char_voting,Voting,,,,,,,,,,,,,,,,,,,,whois_voting_1781577964,Maia,Maia,,Immortals,high,Builder,Builder,Builder,high,,,,,,,Maia,M,Builder,immortal,immortal_term=Maia | race_term=Maia,1,no
char_aderyn,Aderyn,,,,,,,,,,retired,Maia,no,no,2026_06_16_retired_immortals,MUME retired immortal list,List current as of 2026-06-16,immortal_2026_06_16_retired_immortals_aderyn_81_listed_retired_immortal,candidate,Copied by Lewis. Includes Boardreaders and honorary True Legend entry for Norsu.,whois_aderyn_1781576644,Maia,Maia,,Immortals,high,Wright,Wright,Wright,high,,,,,,,Maia,M,Wright,immortal,immortal_term=Maia | race_term=Maia,1,no
char_celebsil,Celebsil,,,,,,,,,,retired,Maia,no,no,2026_06_16_retired_immortals,MUME retired immortal list,List current as of 2026-06-16,immortal_2026_06_16_retired_immortals_celebsil_91_listed_retired_immortal,candidate,Copied by Lewis. Includes Boardreaders and honorary True Legend entry for Norsu.,whois_celebsil_1781578608,back and bored is a Maia,Maia,,Immortals,high,Wright,Wright,Wright,high,,,,,,,Maia,M,Wright,immortal,immortal_term=Maia | race_term=Maia | unmatched=back and bored is a,1,no
char_legolas,Legolas,,,,,,,,,,retired,Boardreader,no,no,2026_06_16_retired_immortals,MUME retired immortal list,List current as of 2026-06-16,immortal_2026_06_16_retired_immortals_legolas_567_listed_retired_immortal,candidate,Copied by Lewis. Includes Boardreaders and honorary True Legend entry for Norsu.,whois_legolas_1781604314,Maia,Maia,,Immortals,high,,,,,,,,,,,Maia,M,,immortal,immortal_term=Maia | race_term=Maia,1,no
char_critter,Critter,,,,,,,,,,retired,Boardreader,no,no,2026_06_16_retired_immortals,MUME retired immortal list,List current as of 2026-06-16,immortal_2026_06_16_retired_immortals_critter_387_listed_retired_immortal,candidate,Copied by Lewis. Includes Boardreaders and honorary True Legend entry for Norsu.,whois_critter_1781578740,Maia,Maia,,Immortals,high,,,,,,,,,,,Maia,M,,immortal,immortal_term=Maia | race_term=Maia,1,no
char_ferumbras,Ferumbras,,,,,,,,,,retired,Maia,no,no,2026_06_16_retired_immortals,MUME retired immortal list,List current as of 2026-06-16,immortal_2026_06_16_retired_immortals_ferumbras_71_listed_retired_immortal,candidate,Copied by Lewis. Includes Boardreaders and honorary True Legend entry for Norsu.,whois_ferumbras_1781579722,Maia,Maia,,Immortals,high,Shaper,Shaper,Shaper,high,,,,,,,Maia,M,Shaper,immortal,immortal_term=Maia | race_term=Maia,1,no
char_indigo,Indigo,,,,,,,,,,current,Maia,no,no,2026_06_16_current_immortals,MUME current immortal list,List current as of 2026-06-16,immortal_2026_06_16_current_immortals_indigo_21_listed_current_immortal,candidate,Copied by Lewis. (+m) means the immortal is also a Maiar Muddler / muddle code contributor.,whois_indigo_1781587130,Maia,Maia,,Immortals,high,Shaper,Shaper,Shaper,high,,,,,,,Maia,M,Shaper,immortal,immortal_term=Maia | race_term=Maia,1,no
char_hza,Hza,,,,,,,,,,retired,Maia,no,no,2026_06_16_retired_immortals,MUME retired immortal list,List current as of 2026-06-16,immortal_2026_06_16_retired_immortals_hza_248_listed_retired_immortal,candidate,Copied by Lewis. Includes Boardreaders and honorary True Legend entry for Norsu.,whois_hza_1781587068,Maia,Maia,,Immortals,high,Cartographer,Cartographer,Cartographer,high,,,,,,,Maia,M,Cartographer,immortal,immortal_term=Maia | race_term=Maia,1,no
char_fidel,Fidel,,,,,,,,,,retired,Boardreader,no,no,2026_06_16_retired_immortals,MUME retired immortal list,List current as of 2026-06-16,immortal_2026_06_16_retired_immortals_fidel_454_listed_retired_immortal,candidate,Copied by Lewis. Includes Boardreaders and honorary True Legend entry for Norsu.,whois_fidel_1781579733,Maia,Maia,,Immortals,high,,,,,,,,,,,Maia,M,,immortal,immortal_term=Maia | race_term=Maia,1,no
char_yoda,Yoda,,,,,,,,,,retired,Maia,no,no,2026_06_16_retired_immortals,MUME retired immortal list,List current as of 2026-06-16,immortal_2026_06_16_retired_immortals_yoda_170_listed_retired_immortal,candidate,Copied by Lewis. Includes Boardreaders and honorary True Legend entry for Norsu.,whois_yoda_1781606844,Maia,Maia,,Immortals,high,Wright,Wright,Wright,high,,,,,,,Maia,M,Wright,immortal,immortal_term=Maia | race_term=Maia,1,no
char_air,Air,,,,,,,,,,retired,Boardreader,no,no,2026_06_16_retired_immortals,MUME retired immortal list,List current as of 2026-06-16,immortal_2026_06_16_retired_immortals_air_306_listed_retired_immortal,candidate,Copied by Lewis. Includes Boardreaders and honorary True Legend entry for Norsu.,whois_air_1781576699,Maia,Maia,,Immortals,high,,,,,,,,,,,Maia,M,,immortal,immortal_term=Maia | race_term=Maia,1,no
char_everminda,Everminda,,,,,,,,,,retired,Maia,no,no,2026_06_16_retired_immortals,MUME retired immortal list,List current as of 2026-06-16,immortal_2026_06_16_retired_immortals_everminda_102_listed_retired_immortal,candidate,Copied by Lewis. Includes Boardreaders and honorary True Legend entry for Norsu.,whois_everminda_1781579620,Maia,Maia,,Immortals,high,Wright,Wright,Wright,high,,,,,,,Maia,M,Wright,immortal,immortal_term=Maia | race_term=Maia,1,no
char_alysia,Alysia,,,,,,,,,,retired,Maia,no,no,2026_06_16_retired_immortals,MUME retired immortal list,List current as of 2026-06-16,immortal_2026_06_16_retired_immortals_alysia_83_listed_retired_immortal,candidate,Copied by Lewis. Includes Boardreaders and honorary True Legend entry for Norsu.,whois_alysia_1781576797,Maia,Maia,,Immortals,high,Wright,Wright,Wright,high,,,,,,,Maia,M,Wright,immortal,immortal_term=Maia | race_term=Maia,1,no
char_killillwind,Killillwind,,,,,,,,,,retired,Boardreader,no,no,2026_06_16_retired_immortals,MUME retired immortal list,List current as of 2026-06-16,immortal_2026_06_16_retired_immortals_killillwind_547_listed_retired_immortal,candidate,Copied by Lewis. Includes Boardreaders and honorary True Legend entry for Norsu.,whois_killillwind_1781604090,Maia,Maia,,Immortals,high,,,,,,,,,,,Maia,M,,immortal,immortal_term=Maia | race_term=Maia,1,no
char_hermatic,Hermatic,,,,,,,,,,retired,Boardreader,no,no,2026_06_16_retired_immortals,MUME retired immortal list,List current as of 2026-06-16,immortal_2026_06_16_retired_immortals_hermatic_500_listed_retired_immortal,candidate,Copied by Lewis. Includes Boardreaders and honorary True Legend entry for Norsu.,whois_hermatic_1781586219,Maia,Maia,,Immortals,high,,,,,,,,,,,Maia,M,,immortal,immortal_term=Maia | race_term=Maia,1,no
char_avatar,Avatar,,,,,,,,,,retired,Boardreader,no,no,2026_06_16_retired_immortals,MUME retired immortal list,List current as of 2026-06-16,immortal_2026_06_16_retired_immortals_avatar_334_listed_retired_immortal,candidate,Copied by Lewis. Includes Boardreaders and honorary True Legend entry for Norsu.,whois_avatar_1781577766,Maia,Maia,,Immortals,high,,,,,,,,,,,Maia,M,,immortal,immortal_term=Maia | race_term=Maia,1,no
char_culbor,Culbor,,,,,,,,,,retired,Boardreader,no,no,2026_06_16_retired_immortals,MUME retired immortal list,List current as of 2026-06-16,immortal_2026_06_16_retired_immortals_culbor_389_listed_retired_immortal,candidate,Copied by Lewis. Includes Boardreaders and honorary True Legend entry for Norsu.,whois_culbor_1781578762,Maia,Maia,,Immortals,high,,,,,,,,,,,Maia,M,,immortal,immortal_term=Maia | race_term=Maia,1,no
char_rumil,Rumil,,,,,,,,,,retired,Boardreader,no,no,2026_06_16_retired_immortals,MUME retired immortal list,List current as of 2026-06-16,immortal_2026_06_16_retired_immortals_rumil_685_listed_retired_immortal,candidate,Copied by Lewis. Includes Boardreaders and honorary True Legend entry for Norsu.,whois_rumil_1781605669,Maia,Maia,,Immortals,high,,,,,,,,,,,Maia,M,,immortal,immortal_term=Maia | race_term=Maia,1,no
char_alamar,Alamar,,,,,,,,,,retired,Maia,no,no,2026_06_16_retired_immortals,MUME retired immortal list,List current as of 2026-06-16,immortal_2026_06_16_retired_immortals_alamar_205_listed_retired_immortal,candidate,Copied by Lewis. Includes Boardreaders and honorary True Legend entry for Norsu.,whois_alamar_1781576716,Maia,Maia,,Immortals,high,Cartographer,Cartographer,Cartographer,high,,,,,,,Maia,M,Cartographer,immortal,immortal_term=Maia | race_term=Maia,1,no
char_lavabom,Lavabom,,,,,,,,,,retired,Boardreader,no,no,2026_06_16_retired_immortals,MUME retired immortal list,List current as of 2026-06-16,immortal_2026_06_16_retired_immortals_lavabom_563_listed_retired_immortal,candidate,Copied by Lewis. Includes Boardreaders and honorary True Legend entry for Norsu.,whois_lavabom_1781604281,Smiling to YOU! is a Maia,Maia,,Immortals,high,,,,,,,,,,,Maia,M,,immortal,immortal_term=Maia | race_term=Maia | unmatched=Smiling to YOU! is a,1,no
char_tylina,Tylina,,,,,,,,,,retired,Boardreader,no,no,2026_06_16_retired_immortals,MUME retired immortal list,List current as of 2026-06-16,immortal_2026_06_16_retired_immortals_tylina_752_listed_retired_immortal,candidate,Copied by Lewis. Includes Boardreaders and honorary True Legend entry for Norsu.,whois_tylina_1781606443,Maia,Maia,,Immortals,high,,,,,,,,,,,Maia,M,,immortal,immortal_term=Maia | race_term=Maia,1,no
char_anthrax,Anthrax,,,,,,,,,,retired,Maia,no,no,2026_06_16_retired_immortals,MUME retired immortal list,List current as of 2026-06-16,immortal_2026_06_16_retired_immortals_anthrax_84_listed_retired_immortal,candidate,Copied by Lewis. Includes Boardreaders and honorary True Legend entry for Norsu.,whois_anthrax_1781577544,Maia,Maia,,Immortals,high,Wright,Wright,Wright,high,,,,,,,Maia,M,Wright,immortal,immortal_term=Maia | race_term=Maia,1,no
char_lilleman,LilleMan,,,,,,,,,,retired,Maia,no,no,2026_06_16_retired_immortals,MUME retired immortal list,List current as of 2026-06-16,immortal_2026_06_16_retired_immortals_lilleman_129_listed_retired_immortal,candidate,Copied by Lewis. Includes Boardreaders and honorary True Legend entry for Norsu.,whois_lilleman_1781604381,Maia,Maia,,Immortals,high,Wright,Wright,Wright,high,,,,,,,Maia,M,Wright,immortal,immortal_term=Maia | race_term=Maia,1,no
char_níeat,Níeat,,,,,,,,,,retired,Boardreader,no,no,2026_06_16_retired_immortals,MUME retired immortal list,List current as of 2026-06-16,immortal_2026_06_16_retired_immortals_nieat_625_listed_retired_immortal,candidate,Copied by Lewis. Includes Boardreaders and honorary True Legend entry for Norsu.,whois_níeat_1781605186,Maia,Maia,,Immortals,high,,,,,,,,,,,Maia,M,,immortal,immortal_term=Maia | race_term=Maia,1,no
char_lilith,Lilith,,,,,,,,,,retired,Boardreader,no,no,2026_06_16_retired_immortals,MUME retired immortal list,List current as of 2026-06-16,immortal_2026_06_16_retired_immortals_lilith_572_listed_retired_immortal,candidate,Copied by Lewis. Includes Boardreaders and honorary True Legend entry for Norsu.,whois_lilith_1781604364,Maia,Maia,,Immortals,high,,,,,,,,,,,Maia,M,,immortal,immortal_term=Maia | race_term=Maia,1,no
char_thuran,Thuran,,,,,,,,,,retired,Boardreader,no,no,2026_06_16_retired_immortals,MUME retired immortal list,List current as of 2026-06-16,immortal_2026_06_16_retired_immortals_thuran_745_listed_retired_immortal,candidate,Copied by Lewis. Includes Boardreaders and honorary True Legend entry for Norsu.,whois_thuran_1781606314,Maia,Maia,,Immortals,high,,,,,,,,,,,Maia,M,,immortal,immortal_term=Maia | race_term=Maia,1,no
char_siw,Siw,,,,,,,,,,retired,Boardreader,no,no,2026_06_16_retired_immortals,MUME retired immortal list,List current as of 2026-06-16,immortal_2026_06_16_retired_immortals_siw_713_listed_retired_immortal,candidate,Copied by Lewis. Includes Boardreaders and honorary True Legend entry for Norsu.,whois_siw_1781605945,Maia,Maia,,Immortals,high,,,,,,,,,,,Maia,M,,immortal,immortal_term=Maia | race_term=Maia,1,no
char_lens,Lens,,,,,,,,,,retired,Boardreader,no,no,2026_06_16_retired_immortals,MUME retired immortal list,List current as of 2026-06-16,immortal_2026_06_16_retired_immortals_lens_571_listed_retired_immortal,candidate,Copied by Lewis. Includes Boardreaders and honorary True Legend entry for Norsu.,whois_lens_1781604353,Maia,Maia,,Immortals,high,,,,,,,,,,,Maia,M,,immortal,immortal_term=Maia | race_term=Maia,1,no
char_vagnar,Vagnar,,,,,,,,,,retired,Maia,no,no,2026_06_16_retired_immortals,MUME retired immortal list,List current as of 2026-06-16,immortal_2026_06_16_retired_immortals_vagnar_287_listed_retired_immortal,candidate,Copied by Lewis. Includes Boardreaders and honorary True Legend entry for Norsu.,whois_vagnar_1781606525,Maia,Maia,,Immortals,high,Cartographer,Cartographer,Cartographer,high,,,,,,,Maia,M,Cartographer,immortal,immortal_term=Maia | race_term=Maia,1,no
char_deneth,Deneth,,,,,,,,,,retired,Boardreader,no,no,2026_06_16_retired_immortals,MUME retired immortal list,List current as of 2026-06-16,immortal_2026_06_16_retired_immortals_deneth_405_listed_retired_immortal,candidate,Copied by Lewis. Includes Boardreaders and honorary True Legend entry for Norsu.,whois_deneth_1781578878,Maia,Maia,,Immortals,high,,,,,,,,,,,Maia,M,,immortal,immortal_term=Maia | race_term=Maia,1,no
char_neithan,Neithan,,,,,,,,,,retired,Boardreader,no,no,2026_06_16_retired_immortals,MUME retired immortal list,List current as of 2026-06-16,immortal_2026_06_16_retired_immortals_neithan_622_listed_retired_immortal,candidate,Copied by Lewis. Includes Boardreaders and honorary True Legend entry for Norsu.,whois_neithan_1781605053,Maia,Maia,,Immortals,high,,,,,,,,,,,Maia,M,,immortal,immortal_term=Maia | race_term=Maia,1,no
char_silmaesul,Silmaesul,,,,,,,,,,retired,Boardreader,no,no,2026_06_16_retired_immortals,MUME retired immortal list,List current as of 2026-06-16,immortal_2026_06_16_retired_immortals_silmaesul_708_listed_retired_immortal,candidate,Copied by Lewis. Includes Boardreaders and honorary True Legend entry for Norsu.,whois_silmaesul_1781605899,looking for someone is a Maia,Maia,,Immortals,high,,,,,,,,,,,Maia,M,,immortal,immortal_term=Maia | race_term=Maia | unmatched=looking for someone is a,1,no
char_ryalnos,Ryalnos,,,,,,,,,,current,Maia,no,no,2026_06_16_current_immortals,MUME current immortal list,List current as of 2026-06-16,immortal_2026_06_16_current_immortals_ryalnos_43_listed_current_immortal,candidate,Copied by Lewis. (+m) means the immortal is also a Maiar Muddler / muddle code contributor.,whois_ryalnos_1781605680,Maia,Maia,,Immortals,high,Wright,Wright,Wright,high,,,,,,,Maia,M,Wright,immortal,immortal_term=Maia | race_term=Maia,1,no
char_gaul,Gaul,,,,,,,,,,retired,Maia,no,no,2026_06_16_retired_immortals,MUME retired immortal list,List current as of 2026-06-16,immortal_2026_06_16_retired_immortals_gaul_186_listed_retired_immortal,candidate,Copied by Lewis. Includes Boardreaders and honorary True Legend entry for Norsu.,whois_gaul_1781579943,Maia,Maia,,Immortals,high,Builder,Builder,Builder,high,,,,,,,Maia,M,Builder,immortal,immortal_term=Maia | race_term=Maia,1,no
char_silvos,Silvos,,,,,,,,,,current,Maia,no,no,2026_06_16_current_immortals,MUME current immortal list,List current as of 2026-06-16,immortal_2026_06_16_current_immortals_silvos_46_listed_current_immortal,candidate,Copied by Lewis. (+m) means the immortal is also a Maiar Muddler / muddle code contributor.,whois_silvos_1781605921,Maia,Maia,,Immortals,high,Wright,Wright,Wright,high,,,,,,,Maia,M,Wright,immortal,immortal_term=Maia | race_term=Maia,1,no
char_lynwen,Lynwen,,,,,,,,,,retired,Boardreader,no,no,2026_06_16_retired_immortals,MUME retired immortal list,List current as of 2026-06-16,immortal_2026_06_16_retired_immortals_lynwen_582_listed_retired_immortal,candidate,Copied by Lewis. Includes Boardreaders and honorary True Legend entry for Norsu.,whois_lynwen_1781604518,Maia,Maia,,Immortals,high,,,,,,,,,,,Maia,M,,immortal,immortal_term=Maia | race_term=Maia,1,no
char_vierna,Vierna,,,,,,,,,,retired,Boardreader,no,no,2026_06_16_retired_immortals,MUME retired immortal list,List current as of 2026-06-16,immortal_2026_06_16_retired_immortals_vierna_765_listed_retired_immortal,candidate,Copied by Lewis. Includes Boardreaders and honorary True Legend entry for Norsu.,whois_vierna_1781606625,Maia,Maia,,Immortals,high,,,,,,,,,,,Maia,M,,immortal,immortal_term=Maia | race_term=Maia,1,no
char_mig,Mig,,,,,,,,,,retired,Boardreader,no,no,2026_06_16_retired_immortals,MUME retired immortal list,List current as of 2026-06-16,immortal_2026_06_16_retired_immortals_mig_598_listed_retired_immortal,candidate,Copied by Lewis. Includes Boardreaders and honorary True Legend entry for Norsu.,whois_mig_1781604841,not here is a Maia,Maia,,Immortals,high,,,,,,,,,,,Maia,M,,immortal,immortal_term=Maia | race_term=Maia | unmatched=not here is a,1,no
char_jak,Jak,,,,,,,,,,retired,Maia,no,no,2026_06_16_retired_immortals,MUME retired immortal list,List current as of 2026-06-16,immortal_2026_06_16_retired_immortals_jak_118_listed_retired_immortal,candidate,Copied by Lewis. Includes Boardreaders and honorary True Legend entry for Norsu.,whois_jak_1781603863,Maia,Maia,,Immortals,high,Wright,Wright,Wright,high,,,,,,,Maia,M,Wright,immortal,immortal_term=Maia | race_term=Maia,1,no
char_jaelle,Jaelle,,,,,,,,,,retired,Maia,no,no,2026_06_16_retired_immortals,MUME retired immortal list,List current as of 2026-06-16,immortal_2026_06_16_retired_immortals_jaelle_251_listed_retired_immortal,candidate,Copied by Lewis. Includes Boardreaders and honorary True Legend entry for Norsu.,whois_jaelle_1781603852,Maia,Maia,,Immortals,high,Cartographer,Cartographer,Cartographer,high,,,,,,,Maia,M,Cartographer,immortal,immortal_term=Maia | race_term=Maia,1,no
char_boing,Boing,,,,,,,,,,retired,Boardreader,no,no,2026_06_16_retired_immortals,MUME retired immortal list,List current as of 2026-06-16,immortal_2026_06_16_retired_immortals_boing_356_listed_retired_immortal,candidate,Copied by Lewis. Includes Boardreaders and honorary True Legend entry for Norsu.,whois_boing_1781578454,Maia,Maia,,Immortals,high,,,,,,,,,,,Maia,M,,immortal,immortal_term=Maia | race_term=Maia,1,no
char_leetah,Leetah,,,,,,,,,,retired,Maia,no,no,2026_06_16_retired_immortals,MUME retired immortal list,List current as of 2026-06-16,immortal_2026_06_16_retired_immortals_leetah_191_listed_retired_immortal,candidate,Copied by Lewis. Includes Boardreaders and honorary True Legend entry for Norsu.,whois_leetah_1781604303,Maia,Maia,,Immortals,high,Builder,Builder,Builder,high,,,,,,,Maia,M,Builder,immortal,immortal_term=Maia | race_term=Maia,1,no
char_brico,Brico,,,,,,,,,,retired,Boardreader,no,no,2026_06_16_retired_immortals,MUME retired immortal list,List current as of 2026-06-16,immortal_2026_06_16_retired_immortals_brico_360_listed_retired_immortal,candidate,Copied by Lewis. Includes Boardreaders and honorary True Legend entry for Norsu.,whois_brico_1781578481,Maia,Maia,,Immortals,high,,,,,,,,,,,Maia,M,,immortal,immortal_term=Maia | race_term=Maia,1,no
char_déja,Déja,,,,,,,,,,retired,Boardreader,no,no,2026_06_16_retired_immortals,MUME retired immortal list,List current as of 2026-06-16,immortal_2026_06_16_retired_immortals_deja_403_listed_retired_immortal,candidate,Copied by Lewis. Includes Boardreaders and honorary True Legend entry for Norsu.,whois_déja_1781579017,Maia,Maia,,Immortals,high,,,,,,,,,,,Maia,M,,immortal,immortal_term=Maia | race_term=Maia,1,no
char_newc,Newc,,,,,,,,,,retired,Boardreader,no,no,2026_06_16_retired_immortals,MUME retired immortal list,List current as of 2026-06-16,immortal_2026_06_16_retired_immortals_newc_624_listed_retired_immortal,candidate,Copied by Lewis. Includes Boardreaders and honorary True Legend entry for Norsu.,whois_newc_1781605064,Maia,Maia,,Immortals,high,,,,,,,,,,,Maia,M,,immortal,immortal_term=Maia | race_term=Maia,1,no
char_luinil,Luinil,,,,,,,,,,retired,Vala,no,no,2026_06_16_retired_immortals,MUME retired immortal list,List current as of 2026-06-16,immortal_2026_06_16_retired_immortals_luinil_57_listed_retired_immortal,candidate,Copied by Lewis. Includes Boardreaders and honorary True Legend entry for Norsu.,whois_luinil_1781604501,Vala,Vala,,Immortals,high,Architect,Architect,Architect,high,,,,,,,Vala,V,Architect,immortal,immortal_term=Vala | race_term=Vala,1,no
char_nameless,Nameless,,,,,,,,,,retired,Boardreader,no,no,2026_06_16_retired_immortals,MUME retired immortal list,List current as of 2026-06-16,immortal_2026_06_16_retired_immortals_nameless_617_listed_retired_immortal,candidate,Copied by Lewis. Includes Boardreaders and honorary True Legend entry for Norsu.,whois_nameless_1781605014,Maia,Maia,,Immortals,high,,,,,,,,,,,Maia,M,,immortal,immortal_term=Maia | race_term=Maia,1,no
char_helevorn,Helevorn,,,,,,,,,,retired,Maia,no,no,2026_06_16_retired_immortals,MUME retired immortal list,List current as of 2026-06-16,immortal_2026_06_16_retired_immortals_helevorn_72_listed_retired_immortal,candidate,Copied by Lewis. Includes Boardreaders and honorary True Legend entry for Norsu.,whois_helevorn_1781586202,Maia,Maia,,Immortals,high,Shaper,Shaper,Shaper,high,,,,,,,Maia,M,Shaper,immortal,immortal_term=Maia | race_term=Maia,1,no
char_lealana,Lealana,,,,,,,,,,retired,Boardreader,no,no,2026_06_16_retired_immortals,MUME retired immortal list,List current as of 2026-06-16,immortal_2026_06_16_retired_immortals_lealana_565_listed_retired_immortal,candidate,Copied by Lewis. Includes Boardreaders and honorary True Legend entry for Norsu.,whois_lealana_1781604292,probably afk is a Maia,Maia,,Immortals,high,,,,,,,,,,,Maia,M,,immortal,immortal_term=Maia | race_term=Maia | unmatched=probably afk is a,1,no
char_loden,Loden,,,,,,,,,,retired,Maia,no,no,2026_06_16_retired_immortals,MUME retired immortal list,List current as of 2026-06-16,immortal_2026_06_16_retired_immortals_loden_130_listed_retired_immortal,candidate,Copied by Lewis. Includes Boardreaders and honorary True Legend entry for Norsu.,whois_loden_1781604404,Maia,Maia,,Immortals,high,Wright,Wright,Wright,high,,,,,,,Maia,M,Wright,immortal,immortal_term=Maia | race_term=Maia,1,no
char_apalonia,Apalonia,,,,,,,,,,current,Maia,no,no,2026_06_16_current_immortals,MUME current immortal list,List current as of 2026-06-16,immortal_2026_06_16_current_immortals_apalonia_57_listed_current_immortal,candidate,Copied by Lewis. (+m) means the immortal is also a Maiar Muddler / muddle code contributor.,whois_apalonia_1781577566,Maia,Maia,,Immortals,high,Cartographer,Cartographer,Cartographer,high,,,,,,,Maia,M,Cartographer,immortal,immortal_term=Maia | race_term=Maia,1,no
char_brylon,Brylon,,,,,,,,,,current,Maia,no,no,2026_06_16_current_immortals,MUME current immortal list,List current as of 2026-06-16,immortal_2026_06_16_current_immortals_brylon_28_listed_current_immortal,candidate,Copied by Lewis. (+m) means the immortal is also a Maiar Muddler / muddle code contributor.,whois_brylon_1781578492,Maia,Maia,,Immortals,high,Wright,Wright,Wright,high,,,,,,,Maia,M,Wright,immortal,immortal_term=Maia | race_term=Maia,1,no
char_ryubi,Ryubi,,,,,,,,,,retired,Boardreader,no,no,2026_06_16_retired_immortals,MUME retired immortal list,List current as of 2026-06-16,immortal_2026_06_16_retired_immortals_ryubi_686_listed_retired_immortal,candidate,Copied by Lewis. Includes Boardreaders and honorary True Legend entry for Norsu.,whois_ryubi_1781605685,waiting for a test zone is a Maia,Maia,,Immortals,high,,,,,,,,,,,Maia,M,,immortal,immortal_term=Maia | race_term=Maia | unmatched=waiting for a test zone is a,1,no
char_landroval,Landroval,,,,,,,,,,retired,Boardreader,no,no,2026_06_16_retired_immortals,MUME retired immortal list,List current as of 2026-06-16,immortal_2026_06_16_retired_immortals_landroval_560_listed_retired_immortal,candidate,Copied by Lewis. Includes Boardreaders and honorary True Legend entry for Norsu.,whois_landroval_1781604254,Maia,Maia,,Immortals,high,,,,,,,,,,,Maia,M,,immortal,immortal_term=Maia | race_term=Maia,1,no
char_elithrandir,Elithrandir,,,,,,,,,,retired,Boardreader,no,no,2026_06_16_retired_immortals,MUME retired immortal list,List current as of 2026-06-16,immortal_2026_06_16_retired_immortals_elithrandir_428_listed_retired_immortal,candidate,Copied by Lewis. Includes Boardreaders and honorary True Legend entry for Norsu.,whois_elithrandir_1781579182,Maia,Maia,,Immortals,high,,,,,,,,,,,Maia,M,,immortal,immortal_term=Maia | race_term=Maia,1,no
char_skyhawk,Skyhawk,,,,,,,,,,retired,Maia,no,no,2026_06_16_retired_immortals,MUME retired immortal list,List current as of 2026-06-16,immortal_2026_06_16_retired_immortals_skyhawk_277_listed_retired_immortal,candidate,Copied by Lewis. Includes Boardreaders and honorary True Legend entry for Norsu.,whois_skyhawk_1781605955,Maia,Maia,,Immortals,high,Cartographer,Cartographer,Cartographer,high,,,,,,,Maia,M,Cartographer,immortal,immortal_term=Maia | race_term=Maia,1,no
char_kristian,Kristian,,,,,,,,,,retired,Boardreader,no,no,2026_06_16_retired_immortals,MUME retired immortal list,List current as of 2026-06-16,immortal_2026_06_16_retired_immortals_kristian_555_listed_retired_immortal,candidate,Copied by Lewis. Includes Boardreaders and honorary True Legend entry for Norsu.,whois_kristian_1781604197,Maia,Maia,,Immortals,high,,,,,,,,,,,Maia,M,,immortal,immortal_term=Maia | race_term=Maia,1,no
char_chuck,Chuck,,,,,,,,,,retired,Boardreader,no,no,2026_06_16_retired_immortals,MUME retired immortal list,List current as of 2026-06-16,immortal_2026_06_16_retired_immortals_chuck_378_listed_retired_immortal,candidate,Copied by Lewis. Includes Boardreaders and honorary True Legend entry for Norsu.,whois_chuck_1781578657,Maia,Maia,,Immortals,high,,,,,,,,,,,Maia,M,,immortal,immortal_term=Maia | race_term=Maia,1,no
char_calamity,Calamity,,,,,,,,,,retired,Boardreader,no,no,2026_06_16_retired_immortals,MUME retired immortal list,List current as of 2026-06-16,immortal_2026_06_16_retired_immortals_calamity_368_listed_retired_immortal,candidate,Copied by Lewis. Includes Boardreaders and honorary True Legend entry for Norsu.,whois_calamity_1781578547,Maia,Maia,,Immortals,high,,,,,,,,,,,Maia,M,,immortal,immortal_term=Maia | race_term=Maia,1,no
char_fumble,Fumble,,,,,,,,,,retired,Boardreader,no,no,2026_06_16_retired_immortals,MUME retired immortal list,List current as of 2026-06-16,immortal_2026_06_16_retired_immortals_fumble_466_listed_retired_immortal,candidate,Copied by Lewis. Includes Boardreaders and honorary True Legend entry for Norsu.,whois_fumble_1781579882,thinking about it again is a Maia,Maia,,Immortals,high,,,,,,,,,,,Maia,M,,immortal,immortal_term=Maia | race_term=Maia | unmatched=thinking about it again is a,1,no
char_balux,Balux,,,,,,,,,,retired,Boardreader,no,no,2026_06_16_retired_immortals,MUME retired immortal list,List current as of 2026-06-16,immortal_2026_06_16_retired_immortals_balux_340_listed_retired_immortal,candidate,Copied by Lewis. Includes Boardreaders and honorary True Legend entry for Norsu.,whois_balux_1781577832,Maia,Maia,,Immortals,high,,,,,,,,,,,Maia,M,,immortal,immortal_term=Maia | race_term=Maia,1,no
char_kuzdhin,Kuzdhin,,,,,,,,,,current,Maia,no,no,2026_06_16_current_immortals,MUME current immortal list,List current as of 2026-06-16,immortal_2026_06_16_current_immortals_kuzdhin_80_listed_current_immortal,candidate,Copied by Lewis. (+m) means the immortal is also a Maiar Muddler / muddle code contributor.,whois_kuzdhin_1781604220,Maia,Maia,,Immortals,high,Cartographer,Cartographer,Cartographer,high,,,,,,,Maia,M,Cartographer,immortal,immortal_term=Maia | race_term=Maia,1,no
char_ellessar,Ellessar,,,,,,,,,,current,Maia,yes,no,2026_06_16_current_immortals,MUME current immortal list,List current as of 2026-06-16,immortal_2026_06_16_current_immortals_ellessar_33_listed_current_immortal,candidate,Copied by Lewis. (+m) means the immortal is also a Maiar Muddler / muddle code contributor.,whois_ellessar_1781579188,Maia,Maia,,Immortals,high,Wright,Wright,Wright,high,,,,,,,Maia,M,Wright,immortal,immortal_term=Maia | race_term=Maia,1,no
char_kaztor,Kaztor,,,,,,,,,,retired,Boardreader,no,no,2026_06_16_retired_immortals,MUME retired immortal list,List current as of 2026-06-16,immortal_2026_06_16_retired_immortals_kaztor_535_listed_retired_immortal,candidate,Copied by Lewis. Includes Boardreaders and honorary True Legend entry for Norsu.,whois_kaztor_1781603989,beautiful! is a Maia,Maia,,Immortals,high,,,,,,,,,,,Maia,M,,immortal,immortal_term=Maia | race_term=Maia | unmatched=beautiful! is a,1,no
char_chrizt,Chrizt,,,,,,,,,,retired,Boardreader,no,no,2026_06_16_retired_immortals,MUME retired immortal list,List current as of 2026-06-16,immortal_2026_06_16_retired_immortals_chrizt_377_listed_retired_immortal,candidate,Copied by Lewis. Includes Boardreaders and honorary True Legend entry for Norsu.,whois_chrizt_1781578652,with you is a Maia,Maia,,Immortals,high,,,,,,,,,,,Maia,M,,immortal,immortal_term=Maia | race_term=Maia | unmatched=with you is a,1,no
char_freedom,Freedom,,,,,,,,,,retired,Boardreader,no,no,2026_06_16_retired_immortals,MUME retired immortal list,List current as of 2026-06-16,immortal_2026_06_16_retired_immortals_freedom_462_listed_retired_immortal,candidate,Copied by Lewis. Includes Boardreaders and honorary True Legend entry for Norsu.,whois_freedom_1781579849,Maia,Maia,,Immortals,high,,,,,,,,,,,Maia,M,,immortal,immortal_term=Maia | race_term=Maia,1,no
char_better,BETTER,,,,,,,,,,,,,,,,,,,,whois_better_1781577821,Maia,Maia,,Immortals,high,,,,,,,,,,,Maia,M,,immortal,immortal_term=Maia | race_term=Maia,1,no
char_norfyr,Norfyr,,,,,,,,,,retired,Boardreader,no,no,2026_06_16_retired_immortals,MUME retired immortal list,List current as of 2026-06-16,immortal_2026_06_16_retired_immortals_norfyr_632_listed_retired_immortal,candidate,Copied by Lewis. Includes Boardreaders and honorary True Legend entry for Norsu.,whois_norfyr_1781605126,Maia,Maia,,Immortals,high,,,,,,,,,,,Maia,M,,immortal,immortal_term=Maia | race_term=Maia,1,no
char_shiara,Shiara,,,,,,,,,,retired,Boardreader,no,no,2026_06_16_retired_immortals,MUME retired immortal list,List current as of 2026-06-16,immortal_2026_06_16_retired_immortals_shiara_702_listed_retired_immortal,candidate,Copied by Lewis. Includes Boardreaders and honorary True Legend entry for Norsu.,whois_shiara_1781605859,Maia,Maia,,Immortals,high,,,,,,,,,,,Maia,M,,immortal,immortal_term=Maia | race_term=Maia,1,no
char_luineth,Luineth,,,,,,,,,,retired,Maia,no,no,2026_06_16_retired_immortals,MUME retired immortal list,List current as of 2026-06-16,immortal_2026_06_16_retired_immortals_luineth_257_listed_retired_immortal,candidate,Copied by Lewis. Includes Boardreaders and honorary True Legend entry for Norsu.,whois_luineth_1781604488,Maia,Maia,,Immortals,high,Cartographer,Cartographer,Cartographer,high,,,,,,,Maia,M,Cartographer,immortal,immortal_term=Maia | race_term=Maia,1,no
char_olorin,Olorin,,,,,,,,,,retired,Maia,no,no,2026_06_16_retired_immortals,MUME retired immortal list,List current as of 2026-06-16,immortal_2026_06_16_retired_immortals_olorin_145_listed_retired_immortal,candidate,Copied by Lewis. Includes Boardreaders and honorary True Legend entry for Norsu.,whois_olorin_1781605208,Maia,Maia,,Immortals,high,Wright,Wright,Wright,high,,,,,,,Maia,M,Wright,immortal,immortal_term=Maia | race_term=Maia,1,no
char_riven,Riven,,,,,,,,,,retired,Boardreader,no,no,2026_06_16_retired_immortals,MUME retired immortal list,List current as of 2026-06-16,immortal_2026_06_16_retired_immortals_riven_677_listed_retired_immortal,candidate,Copied by Lewis. Includes Boardreaders and honorary True Legend entry for Norsu.,whois_riven_1781605603,Maia,Maia,,Immortals,high,,,,,,,,,,,Maia,M,,immortal,immortal_term=Maia | race_term=Maia,1,no
char_deda,Deda,,,,,,,,,,retired,Boardreader,no,no,2026_06_16_retired_immortals,MUME retired immortal list,List current as of 2026-06-16,immortal_2026_06_16_retired_immortals_deda_402_listed_retired_immortal,candidate,Copied by Lewis. Includes Boardreaders and honorary True Legend entry for Norsu.,whois_deda_1781578862,Maia,Maia,,Immortals,high,,,,,,,,,,,Maia,M,,immortal,immortal_term=Maia | race_term=Maia,1,no
char_khudum,Khudum,,,,,,,,,,retired,Boardreader,no,no,2026_06_16_retired_immortals,MUME retired immortal list,List current as of 2026-06-16,immortal_2026_06_16_retired_immortals_khudum_546_listed_retired_immortal,candidate,Copied by Lewis. Includes Boardreaders and honorary True Legend entry for Norsu.,whois_khudum_1781604082,Maia,Maia,,Immortals,high,,,,,,,,,,,Maia,M,,immortal,immortal_term=Maia | race_term=Maia,1,no
char_khatog,Khatog,,,,,,,,,,retired,Boardreader,no,no,2026_06_16_retired_immortals,MUME retired immortal list,List current as of 2026-06-16,immortal_2026_06_16_retired_immortals_khatog_543_listed_retired_immortal,candidate,Copied by Lewis. Includes Boardreaders and honorary True Legend entry for Norsu.,whois_khatog_1781604055,Maia,Maia,,Immortals,high,,,,,,,,,,,Maia,M,,immortal,immortal_term=Maia | race_term=Maia,1,no
char_diana,Diana,,,,,,,,,,retired,Boardreader,no,no,2026_06_16_retired_immortals,MUME retired immortal list,List current as of 2026-06-16,immortal_2026_06_16_retired_immortals_diana_410_listed_retired_immortal,candidate,Copied by Lewis. Includes Boardreaders and honorary True Legend entry for Norsu.,whois_diana_1781578911,Maia,Maia,,Immortals,high,,,,,,,,,,,Maia,M,,immortal,immortal_term=Maia | race_term=Maia,1,no
char_squizz,Squizz,,,,,,,,,,retired,Vala,no,no,2026_06_16_retired_immortals,MUME retired immortal list,List current as of 2026-06-16,immortal_2026_06_16_retired_immortals_squizz_32_listed_retired_immortal,candidate,Copied by Lewis. Includes Boardreaders and honorary True Legend entry for Norsu.,whois_squizz_1781606060,Vala,Vala,,Immortals,high,Mudller,Mudller,Mudller,high,,,,,,,Vala,V,Mudller,immortal,immortal_term=Vala | race_term=Vala,1,no
char_alec,Alec,,,,,,,,,,retired,Boardreader,no,no,2026_06_16_retired_immortals,MUME retired immortal list,List current as of 2026-06-16,immortal_2026_06_16_retired_immortals_alec_312_listed_retired_immortal,candidate,Copied by Lewis. Includes Boardreaders and honorary True Legend entry for Norsu.,whois_alec_1781576756,Maia,Maia,,Immortals,high,,,,,,,,,,,Maia,M,,immortal,immortal_term=Maia | race_term=Maia,1,no
char_najden,Najden,,,,,,,,,,retired,Boardreader,no,no,2026_06_16_retired_immortals,MUME retired immortal list,List current as of 2026-06-16,immortal_2026_06_16_retired_immortals_najden_614_listed_retired_immortal,candidate,Copied by Lewis. Includes Boardreaders and honorary True Legend entry for Norsu.,whois_najden_1781604998,Maia,Maia,,Immortals,high,,,,,,,,,,,Maia,M,,immortal,immortal_term=Maia | race_term=Maia,1,no
char_mimbotu,Mimbotu,,,,,,,,,,retired,Boardreader,no,no,2026_06_16_retired_immortals,MUME retired immortal list,List current as of 2026-06-16,immortal_2026_06_16_retired_immortals_mimbotu_601_listed_retired_immortal,candidate,Copied by Lewis. Includes Boardreaders and honorary True Legend entry for Norsu.,whois_mimbotu_1781604858,Maia,Maia,,Immortals,high,,,,,,,,,,,Maia,M,,immortal,immortal_term=Maia | race_term=Maia,1,no
char_inoue,Inoue,,,,,,,,,,retired,Boardreader,no,no,2026_06_16_retired_immortals,MUME retired immortal list,List current as of 2026-06-16,immortal_2026_06_16_retired_immortals_inoue_517_listed_retired_immortal,candidate,Copied by Lewis. Includes Boardreaders and honorary True Legend entry for Norsu.,whois_inoue_1781587157,Maia,Maia,,Immortals,high,,,,,,,,,,,Maia,M,,immortal,immortal_term=Maia | race_term=Maia,1,no
char_gothûrzaz,Gothûrzaz,,,,,,,,,,current,Maia,no,no,2026_06_16_current_immortals,MUME current immortal list,List current as of 2026-06-16,immortal_2026_06_16_current_immortals_gothurzaz_71_listed_current_immortal,candidate,Copied by Lewis. (+m) means the immortal is also a Maiar Muddler / muddle code contributor.,whois_gothûrzaz_1781580059,Maia,Maia,,Immortals,high,Cartographer,Cartographer,Cartographer,high,,,,,,,Maia,M,Cartographer,immortal,immortal_term=Maia | race_term=Maia,1,no
char_eporedax,Eporedax,,,,,,,,,,retired,Boardreader,no,no,2026_06_16_retired_immortals,MUME retired immortal list,List current as of 2026-06-16,immortal_2026_06_16_retired_immortals_eporedax_434_listed_retired_immortal,candidate,Copied by Lewis. Includes Boardreaders and honorary True Legend entry for Norsu.,whois_eporedax_1781579276,Maia,Maia,,Immortals,high,,,,,,,,,,,Maia,M,,immortal,immortal_term=Maia | race_term=Maia,1,no
char_drago,Drago,,,,,,,,,,retired,Maia,no,no,2026_06_16_retired_immortals,MUME retired immortal list,List current as of 2026-06-16,immortal_2026_06_16_retired_immortals_drago_99_listed_retired_immortal,candidate,Copied by Lewis. Includes Boardreaders and honorary True Legend entry for Norsu.,whois_drago_1781578950,Maia,Maia,,Immortals,high,Wright,Wright,Wright,high,,,,,,,Maia,M,Wright,immortal,immortal_term=Maia | race_term=Maia,1,no
char_temptation,Temptation,,,,,,,,,,,,,,,,,,,,whois_temptation_1781577969,Maia,Maia,,Immortals,high,,,,,,,,,,,Maia,M,,immortal,immortal_term=Maia | race_term=Maia,1,no
char_bomber,Bomber,,,,,,,,,,retired,Boardreader,no,no,2026_06_16_retired_immortals,MUME retired immortal list,List current as of 2026-06-16,immortal_2026_06_16_retired_immortals_bomber_357_listed_retired_immortal,candidate,Copied by Lewis. Includes Boardreaders and honorary True Legend entry for Norsu.,whois_bomber_1781578459,Maia,Maia,,Immortals,high,,,,,,,,,,,Maia,M,,immortal,immortal_term=Maia | race_term=Maia,1,no
char_coydt,Coydt,,,,,,,,,,retired,Boardreader,no,no,2026_06_16_retired_immortals,MUME retired immortal list,List current as of 2026-06-16,immortal_2026_06_16_retired_immortals_coydt_386_listed_retired_immortal,candidate,Copied by Lewis. Includes Boardreaders and honorary True Legend entry for Norsu.,whois_coydt_1781578724,Maia,Maia,,Immortals,high,,,,,,,,,,,Maia,M,,immortal,immortal_term=Maia | race_term=Maia,1,no
char_amras,Amras,,,,,,,,,,retired,Boardreader,no,no,2026_06_16_retired_immortals,MUME retired immortal list,List current as of 2026-06-16,immortal_2026_06_16_retired_immortals_amras_317_listed_retired_immortal,candidate,Copied by Lewis. Includes Boardreaders and honorary True Legend entry for Norsu.,whois_amras_1781576829,your father! is a Maia,Maia,,Immortals,high,,,,,,,,,,,Maia,M,,immortal,immortal_term=Maia | race_term=Maia | unmatched=your father! is a,1,no
char_ke,Ke,,,,,,,,,,retired,Maia,no,no,2026_06_16_retired_immortals,MUME retired immortal list,List current as of 2026-06-16,immortal_2026_06_16_retired_immortals_ke_121_listed_retired_immortal,candidate,Copied by Lewis. Includes Boardreaders and honorary True Legend entry for Norsu.,whois_ke_1781603994,Maia,Maia,,Immortals,high,Wright,Wright,Wright,high,,,,,,,Maia,M,Wright,immortal,immortal_term=Maia | race_term=Maia,1,no
char_citygaurd,Citygaurd,,,,,,,,,,retired,Boardreader,no,no,2026_06_16_retired_immortals,MUME retired immortal list,List current as of 2026-06-16,immortal_2026_06_16_retired_immortals_citygaurd_380_listed_retired_immortal,candidate,Copied by Lewis. Includes Boardreaders and honorary True Legend entry for Norsu.,whois_citygaurd_1781578679,Maia,Maia,,Immortals,high,,,,,,,,,,,Maia,M,,immortal,immortal_term=Maia | race_term=Maia,1,no
char_foobitz,Foobitz,,,,,,,,,,retired,Maia,no,no,2026_06_16_retired_immortals,MUME retired immortal list,List current as of 2026-06-16,immortal_2026_06_16_retired_immortals_foobitz_238_listed_retired_immortal,candidate,Copied by Lewis. Includes Boardreaders and honorary True Legend entry for Norsu.,whois_foobitz_1781579812,Maia,Maia,,Immortals,high,Cartographer,Cartographer,Cartographer,high,,,,,,,Maia,M,Cartographer,immortal,immortal_term=Maia | race_term=Maia,1,no
char_emcas,Emcas,,,,,,,,,,retired,Boardreader,no,no,2026_06_16_retired_immortals,MUME retired immortal list,List current as of 2026-06-16,immortal_2026_06_16_retired_immortals_emcas_429_listed_retired_immortal,candidate,Copied by Lewis. Includes Boardreaders and honorary True Legend entry for Norsu.,whois_emcas_1781579213,Maia,Maia,,Immortals,high,,,,,,,,,,,Maia,M,,immortal,immortal_term=Maia | race_term=Maia,1,no
char_aredhel,Aredhel,,,,,,,,,,retired,Vala,no,no,2026_06_16_retired_immortals,MUME retired immortal list,List current as of 2026-06-16,immortal_2026_06_16_retired_immortals_aredhel_42_listed_retired_immortal,candidate,Copied by Lewis. Includes Boardreaders and honorary True Legend entry for Norsu.,whois_aredhel_1781577599,Valië,Vala,,Immortals,medium,,,,,,,,,,,,,,custom_descriptor_unclassified,unmatched=Valië | race_unknown | base_class_unknown,1,yes
char_innocent,Innocent,,,,,,,,,,retired,Boardreader,no,no,2026_06_16_retired_immortals,MUME retired immortal list,List current as of 2026-06-16,immortal_2026_06_16_retired_immortals_innocent_516_listed_retired_immortal,candidate,Copied by Lewis. Includes Boardreaders and honorary True Legend entry for Norsu.,whois_innocent_1781587152,"sinner, loves pleasure too much is a Maia",Maia,,Immortals,high,,,,,,,,,,,Maia,M,,immortal,"immortal_term=Maia | race_term=Maia | unmatched=sinner, loves pleasure too much is a",1,no
char_kalev,Kalev,,,,,,,,,,retired,Vala,no,no,2026_06_16_retired_immortals,MUME retired immortal list,List current as of 2026-06-16,immortal_2026_06_16_retired_immortals_kalev_25_listed_retired_immortal,candidate,Copied by Lewis. Includes Boardreaders and honorary True Legend entry for Norsu.,whois_kalev_1781603914,Vala,Vala,,Immortals,high,Mudller,Mudller,Mudller,high,,,,,,,Vala,V,Mudller,immortal,immortal_term=Vala | race_term=Vala,1,no
char_cai,Cai,,,,,,,,,,retired,Boardreader,no,no,2026_06_16_retired_immortals,MUME retired immortal list,List current as of 2026-06-16,immortal_2026_06_16_retired_immortals_cai_366_listed_retired_immortal,candidate,Copied by Lewis. Includes Boardreaders and honorary True Legend entry for Norsu.,whois_cai_1781578536,Maia,Maia,,Immortals,high,,,,,,,,,,,Maia,M,,immortal,immortal_term=Maia | race_term=Maia,1,no
char_grennif,Grennif,,,,,,,,,,retired,Boardreader,no,no,2026_06_16_retired_immortals,MUME retired immortal list,List current as of 2026-06-16,immortal_2026_06_16_retired_immortals_grennif_483_listed_retired_immortal,candidate,Copied by Lewis. Includes Boardreaders and honorary True Legend entry for Norsu.,whois_grennif_1781580081,Maia,Maia,,Immortals,high,,,,,,,,,,,Maia,M,,immortal,immortal_term=Maia | race_term=Maia,1,no
char_johan,Johan,,,,,,,,,,retired,Boardreader,no,no,2026_06_16_retired_immortals,MUME retired immortal list,List current as of 2026-06-16,immortal_2026_06_16_retired_immortals_johan_526_listed_retired_immortal,candidate,Copied by Lewis. Includes Boardreaders and honorary True Legend entry for Norsu.,whois_johan_1781603885,Maia,Maia,,Immortals,high,,,,,,,,,,,Maia,M,,immortal,immortal_term=Maia | race_term=Maia,1,no
char_yudh,Yudh,,,,,,,,,,retired,Maia,no,no,2026_06_16_retired_immortals,MUME retired immortal list,List current as of 2026-06-16,immortal_2026_06_16_retired_immortals_yudh_171_listed_retired_immortal,candidate,Copied by Lewis. Includes Boardreaders and honorary True Legend entry for Norsu.,whois_yudh_1781606861,Maia,Maia,,Immortals,high,Wright,Wright,Wright,high,,,,,,,Maia,M,Wright,immortal,immortal_term=Maia | race_term=Maia,1,no
char_macabre,Macabre,,,,,,,,,,retired,Maia,no,no,2026_06_16_retired_immortals,MUME retired immortal list,List current as of 2026-06-16,immortal_2026_06_16_retired_immortals_macabre_134_listed_retired_immortal,candidate,Copied by Lewis. Includes Boardreaders and honorary True Legend entry for Norsu.,whois_macabre_1781604537,Maia,Maia,,Immortals,high,Wright,Wright,Wright,high,,,,,,,Maia,M,Wright,immortal,immortal_term=Maia | race_term=Maia,1,no
char_cliff,Cliff,,,,,,,,,,retired,Boardreader,no,no,2026_06_16_retired_immortals,MUME retired immortal list,List current as of 2026-06-16,immortal_2026_06_16_retired_immortals_cliff_381_listed_retired_immortal,candidate,Copied by Lewis. Includes Boardreaders and honorary True Legend entry for Norsu.,whois_cliff_1781578685,Maia,Maia,,Immortals,high,,,,,,,,,,,Maia,M,,immortal,immortal_term=Maia | race_term=Maia,1,no
char_janosik,Janosik,,,,,,,,,,retired,Boardreader,no,no,2026_06_16_retired_immortals,MUME retired immortal list,List current as of 2026-06-16,immortal_2026_06_16_retired_immortals_janosik_524_listed_retired_immortal,candidate,Copied by Lewis. Includes Boardreaders and honorary True Legend entry for Norsu.,whois_janosik_1781603868,Maia,Maia,,Immortals,high,,,,,,,,,,,Maia,M,,immortal,immortal_term=Maia | race_term=Maia,1,no
char_ithaldir,Ithaldir,,,,,,,,,,retired,Boardreader,no,no,2026_06_16_retired_immortals,MUME retired immortal list,List current as of 2026-06-16,immortal_2026_06_16_retired_immortals_ithaldir_521_listed_retired_immortal,candidate,Copied by Lewis. Includes Boardreaders and honorary True Legend entry for Norsu.,whois_ithaldir_1781603818,Maia,Maia,,Immortals,high,,,,,,,,,,,Maia,M,,immortal,immortal_term=Maia | race_term=Maia,1,no
char_cúthalion,Cúthalion,,,,,,,,,,retired,Boardreader,no,no,2026_06_16_retired_immortals,MUME retired immortal list,List current as of 2026-06-16,immortal_2026_06_16_retired_immortals_cuthalion_392_listed_retired_immortal,candidate,Copied by Lewis. Includes Boardreaders and honorary True Legend entry for Norsu.,whois_cúthalion_1781578779,Maia,Maia,,Immortals,high,,,,,,,,,,,Maia,M,,immortal,immortal_term=Maia | race_term=Maia,1,no
char_izzy,Izzy,,,,,,,,,,retired,Boardreader,no,no,2026_06_16_retired_immortals,MUME retired immortal list,List current as of 2026-06-16,immortal_2026_06_16_retired_immortals_izzy_522_listed_retired_immortal,candidate,Copied by Lewis. Includes Boardreaders and honorary True Legend entry for Norsu.,whois_izzy_1781603830,Maia,Maia,,Immortals,high,,,,,,,,,,,Maia,M,,immortal,immortal_term=Maia | race_term=Maia,1,no
char_genbu,Genbu,,,,,,,,,,retired,Boardreader,no,no,2026_06_16_retired_immortals,MUME retired immortal list,List current as of 2026-06-16,immortal_2026_06_16_retired_immortals_genbu_473_listed_retired_immortal,candidate,Copied by Lewis. Includes Boardreaders and honorary True Legend entry for Norsu.,whois_genbu_1781579971,Here to Help is a Maia,Maia,,Immortals,high,,,,,,,,,,,Maia,M,,immortal,immortal_term=Maia | race_term=Maia | unmatched=Here to Help is a,1,no
char_isildyr,Isildyr,,,,,,,,,,retired,Maia,no,no,2026_06_16_retired_immortals,MUME retired immortal list,List current as of 2026-06-16,immortal_2026_06_16_retired_immortals_isildyr_115_listed_retired_immortal,candidate,Copied by Lewis. Includes Boardreaders and honorary True Legend entry for Norsu.,whois_isildyr_1781603796,Maia,Maia,,Immortals,high,Wright,Wright,Wright,high,,,,,,,Maia,M,Wright,immortal,immortal_term=Maia | race_term=Maia,1,no
char_bit,Bit,,,,,,,,,,retired,Maia,no,no,2026_06_16_retired_immortals,MUME retired immortal list,List current as of 2026-06-16,immortal_2026_06_16_retired_immortals_bit_175_listed_retired_immortal,candidate,Copied by Lewis. Includes Boardreaders and honorary True Legend entry for Norsu.,whois_bit_1781577953,Maia,Maia,,Immortals,high,Builder,Builder,Builder,high,,,,,,,Maia,M,Builder,immortal,immortal_term=Maia | race_term=Maia,1,no
char_barinak,Barinak,,,,,,,,,,current,Maia,no,no,2026_06_16_current_immortals,MUME current immortal list,List current as of 2026-06-16,immortal_2026_06_16_current_immortals_barinak_58_listed_current_immortal,candidate,Copied by Lewis. (+m) means the immortal is also a Maiar Muddler / muddle code contributor.,whois_barinak_1781577848,Maia,Maia,,Immortals,high,Cartographer,Cartographer,Cartographer,high,,,,,,,Maia,M,Cartographer,immortal,immortal_term=Maia | race_term=Maia,1,no
char_agamand,Agamand,,,,,,,,,,retired,Boardreader,no,no,2026_06_16_retired_immortals,MUME retired immortal list,List current as of 2026-06-16,immortal_2026_06_16_retired_immortals_agamand_300_listed_retired_immortal,candidate,Copied by Lewis. Includes Boardreaders and honorary True Legend entry for Norsu.,whois_agamand_1781576661,Maia,Maia,,Immortals,high,,,,,,,,,,,Maia,M,,immortal,immortal_term=Maia | race_term=Maia,1,no
char_karl,Karl,,,,,,,,,,retired,Boardreader,no,no,2026_06_16_retired_immortals,MUME retired immortal list,List current as of 2026-06-16,immortal_2026_06_16_retired_immortals_karl_530_listed_retired_immortal,candidate,Copied by Lewis. Includes Boardreaders and honorary True Legend entry for Norsu.,whois_karl_1781603937,Maia,Maia,,Immortals,high,,,,,,,,,,,Maia,M,,immortal,immortal_term=Maia | race_term=Maia,1,no
char_majesty,Majesty,,,,,,,,,,retired,Boardreader,no,no,2026_06_16_retired_immortals,MUME retired immortal list,List current as of 2026-06-16,immortal_2026_06_16_retired_immortals_majesty_585_listed_retired_immortal,candidate,Copied by Lewis. Includes Boardreaders and honorary True Legend entry for Norsu.,whois_majesty_1781604579,Maia,Maia,,Immortals,high,,,,,,,,,,,Maia,M,,immortal,immortal_term=Maia | race_term=Maia,1,no
char_sarin,Sarin,,,,,,,,,,retired,Boardreader,no,no,2026_06_16_retired_immortals,MUME retired immortal list,List current as of 2026-06-16,immortal_2026_06_16_retired_immortals_sarin_692_listed_retired_immortal,candidate,Copied by Lewis. Includes Boardreaders and honorary True Legend entry for Norsu.,whois_sarin_1781605751,Maia,Maia,,Immortals,high,,,,,,,,,,,Maia,M,,immortal,immortal_term=Maia | race_term=Maia,1,no
char_ingtar,Ingtar,,,,,,,,,,retired,Vala,no,no,2026_06_16_retired_immortals,MUME retired immortal list,List current as of 2026-06-16,immortal_2026_06_16_retired_immortals_ingtar_54_listed_retired_immortal,candidate,Copied by Lewis. Includes Boardreaders and honorary True Legend entry for Norsu.,whois_ingtar_1781587146,Vala,Vala,,Immortals,high,Architect,Architect,Architect,high,,,,,,,Vala,V,Architect,immortal,immortal_term=Vala | race_term=Vala,1,no
char_théomil,Théomil,,,,,,,,,,retired,Boardreader,no,no,2026_06_16_retired_immortals,MUME retired immortal list,List current as of 2026-06-16,immortal_2026_06_16_retired_immortals_theomil_742_listed_retired_immortal,candidate,Copied by Lewis. Includes Boardreaders and honorary True Legend entry for Norsu.,whois_théomil_1781606325,Maia,Maia,,Immortals,high,,,,,,,,,,,Maia,M,,immortal,immortal_term=Maia | race_term=Maia,1,no
char_imago,Imago,,,,,,,,,,current,Aratar,no,no,2026_06_16_current_immortals,MUME current immortal list,List current as of 2026-06-16,immortal_2026_06_16_current_immortals_imago_5_listed_current_immortal,candidate,Copied by Lewis. (+m) means the immortal is also a Maiar Muddler / muddle code contributor.,whois_imago_1781587108,"Vala, one of the Aratar",Vala,,Immortals,high,,,,,,,,,,,Arata,A,,immortal,immortal_term=one of the Aratar | race_term=Vala,1,no
char_thanatos,Thanatos,,,,,,,,,,retired,Maia,no,no,2026_06_16_retired_immortals,MUME retired immortal list,List current as of 2026-06-16,immortal_2026_06_16_retired_immortals_thanatos_161_listed_retired_immortal,candidate,Copied by Lewis. Includes Boardreaders and honorary True Legend entry for Norsu.,whois_thanatos_1781606265,Maia,Maia,,Immortals,high,Wright,Wright,Wright,high,,,,,,,Maia,M,Wright,immortal,immortal_term=Maia | race_term=Maia,1,no
char_deodred,Deodred,,,,,,,,,,retired,Boardreader,no,no,2026_06_16_retired_immortals,MUME retired immortal list,List current as of 2026-06-16,immortal_2026_06_16_retired_immortals_deodred_406_listed_retired_immortal,candidate,Copied by Lewis. Includes Boardreaders and honorary True Legend entry for Norsu.,whois_deodred_1781578884,Maia,Maia,,Immortals,high,,,,,,,,,,,Maia,M,,immortal,immortal_term=Maia | race_term=Maia,1,no
char_yarin,Yarin,,,,,,,,,,retired,Boardreader,no,no,2026_06_16_retired_immortals,MUME retired immortal list,List current as of 2026-06-16,immortal_2026_06_16_retired_immortals_yarin_782_listed_retired_immortal,candidate,Copied by Lewis. Includes Boardreaders and honorary True Legend entry for Norsu.,whois_yarin_1781606799,Maia,Maia,,Immortals,high,,,,,,,,,,,Maia,M,,immortal,immortal_term=Maia | race_term=Maia,1,no
char_huron,Huron,,,,,,,,,,retired,Boardreader,no,no,2026_06_16_retired_immortals,MUME retired immortal list,List current as of 2026-06-16,immortal_2026_06_16_retired_immortals_huron_509_listed_retired_immortal,candidate,Copied by Lewis. Includes Boardreaders and honorary True Legend entry for Norsu.,whois_huron_1781587062,Maia,Maia,,Immortals,high,,,,,,,,,,,Maia,M,,immortal,immortal_term=Maia | race_term=Maia,1,no
char_leica,Leica,,,,,,,,,,retired,Boardreader,no,no,2026_06_16_retired_immortals,MUME retired immortal list,List current as of 2026-06-16,immortal_2026_06_16_retired_immortals_leica_568_listed_retired_immortal,candidate,Copied by Lewis. Includes Boardreaders and honorary True Legend entry for Norsu.,whois_leica_1781604331,Maia,Maia,,Immortals,high,,,,,,,,,,,Maia,M,,immortal,immortal_term=Maia | race_term=Maia,1,no
char_highlander,Highlander,,,,,,,,,,retired,Boardreader,no,no,2026_06_16_retired_immortals,MUME retired immortal list,List current as of 2026-06-16,immortal_2026_06_16_retired_immortals_highlander_501_listed_retired_immortal,candidate,Copied by Lewis. Includes Boardreaders and honorary True Legend entry for Norsu.,whois_highlander_1781586224,Maia,Maia,,Immortals,high,,,,,,,,,,,Maia,M,,immortal,immortal_term=Maia | race_term=Maia,1,no
char_fènrir,Fènrir,,,,,,,,,,retired,Boardreader,no,no,2026_06_16_retired_immortals,MUME retired immortal list,List current as of 2026-06-16,immortal_2026_06_16_retired_immortals_fenrir_449_listed_retired_immortal,candidate,Copied by Lewis. Includes Boardreaders and honorary True Legend entry for Norsu.,whois_fènrir_1781579888,Maia,Maia,,Immortals,high,,,,,,,,,,,Maia,M,,immortal,immortal_term=Maia | race_term=Maia,1,no
char_atani,Atani,,,,,,,,,,retired,Boardreader,no,no,2026_06_16_retired_immortals,MUME retired immortal list,List current as of 2026-06-16,immortal_2026_06_16_retired_immortals_atani_332_listed_retired_immortal,candidate,Copied by Lewis. Includes Boardreaders and honorary True Legend entry for Norsu.,whois_atani_1781577738,Maia,Maia,,Immortals,high,,,,,,,,,,,Maia,M,,immortal,immortal_term=Maia | race_term=Maia,1,no
char_irikan,Irikan,,,,,,,,,,retired,Maia,no,no,2026_06_16_retired_immortals,MUME retired immortal list,List current as of 2026-06-16,immortal_2026_06_16_retired_immortals_irikan_250_listed_retired_immortal,candidate,Copied by Lewis. Includes Boardreaders and honorary True Legend entry for Norsu.,whois_irikan_1781587178,Maia,Maia,,Immortals,high,Cartographer,Cartographer,Cartographer,high,,,,,,,Maia,M,Cartographer,immortal,immortal_term=Maia | race_term=Maia,1,no
char_darvil,Darvil,,,,,,,,,,retired,Boardreader,no,no,2026_06_16_retired_immortals,MUME retired immortal list,List current as of 2026-06-16,immortal_2026_06_16_retired_immortals_darvil_398_listed_retired_immortal,candidate,Copied by Lewis. Includes Boardreaders and honorary True Legend entry for Norsu.,whois_darvil_1781578834,Maia,Maia,,Immortals,high,,,,,,,,,,,Maia,M,,immortal,immortal_term=Maia | race_term=Maia,1,no
char_erika,Erika,,,,,,,,,,retired,Boardreader,no,no,2026_06_16_retired_immortals,MUME retired immortal list,List current as of 2026-06-16,immortal_2026_06_16_retired_immortals_erika_437_listed_retired_immortal,candidate,Copied by Lewis. Includes Boardreaders and honorary True Legend entry for Norsu.,whois_erika_1781579581,Maia,Maia,,Immortals,high,,,,,,,,,,,Maia,M,,immortal,immortal_term=Maia | race_term=Maia,1,no
char_burnus,Burnus,,,,,,,,,,retired,Maia,no,no,2026_06_16_retired_immortals,MUME retired immortal list,List current as of 2026-06-16,immortal_2026_06_16_retired_immortals_burnus_177_listed_retired_immortal,candidate,Copied by Lewis. Includes Boardreaders and honorary True Legend entry for Norsu.,whois_burnus_1781578520,Maia,Maia,,Immortals,high,Builder,Builder,Builder,high,,,,,,,Maia,M,Builder,immortal,immortal_term=Maia | race_term=Maia,1,no
char_gorth,Gorth,,,,,,,,,,retired,Boardreader,no,no,2026_06_16_retired_immortals,MUME retired immortal list,List current as of 2026-06-16,immortal_2026_06_16_retired_immortals_gorth_481_listed_retired_immortal,candidate,Copied by Lewis. Includes Boardreaders and honorary True Legend entry for Norsu.,whois_gorth_1781580048,Maia,Maia,,Immortals,high,,,,,,,,,,,Maia,M,,immortal,immortal_term=Maia | race_term=Maia,1,no
char_ministry,Ministry,,,,,,,,,,retired,Maia,no,no,2026_06_16_retired_immortals,MUME retired immortal list,List current as of 2026-06-16,immortal_2026_06_16_retired_immortals_ministry_140_listed_retired_immortal,candidate,Copied by Lewis. Includes Boardreaders and honorary True Legend entry for Norsu.,whois_ministry_1781604869,Maia,Maia,,Immortals,high,Wright,Wright,Wright,high,,,,,,,Maia,M,Wright,immortal,immortal_term=Maia | race_term=Maia,1,no
char_grizz,Grizz,,,,,,,,,,retired,Boardreader,no,no,2026_06_16_retired_immortals,MUME retired immortal list,List current as of 2026-06-16,immortal_2026_06_16_retired_immortals_grizz_485_listed_retired_immortal,candidate,Copied by Lewis. Includes Boardreaders and honorary True Legend entry for Norsu.,whois_grizz_1781580098,Maia,Maia,,Immortals,high,,,,,,,,,,,Maia,M,,immortal,immortal_term=Maia | race_term=Maia,1,no
char_mountain,Mountain,,,,,,,,,,,,,,,,,,,,whois_mountain_1781578812,Maia,Maia,,Immortals,high,,,,,,,,,,,Maia,M,,immortal,immortal_term=Maia | race_term=Maia,1,no
char_cobble,Cobble,,,,,,,,,,retired,Boardreader,no,no,2026_06_16_retired_immortals,MUME retired immortal list,List current as of 2026-06-16,immortal_2026_06_16_retired_immortals_cobble_382_listed_retired_immortal,candidate,Copied by Lewis. Includes Boardreaders and honorary True Legend entry for Norsu.,whois_cobble_1781578690,Maia,Maia,,Immortals,high,,,,,,,,,,,Maia,M,,immortal,immortal_term=Maia | race_term=Maia,1,no
char_azan,Azan,,,,,,,,,,current,Maia,no,no,2026_06_16_current_immortals,MUME current immortal list,List current as of 2026-06-16,immortal_2026_06_16_current_immortals_azan_25_listed_current_immortal,candidate,Copied by Lewis. (+m) means the immortal is also a Maiar Muddler / muddle code contributor.,whois_azan_1781577799,Maia,Maia,,Immortals,high,Wright,Wright,Wright,high,,,,,,,Maia,M,Wright,immortal,immortal_term=Maia | race_term=Maia,1,no
char_gozer,Gozer,,,,,,,,,,retired,Boardreader,no,no,2026_06_16_retired_immortals,MUME retired immortal list,List current as of 2026-06-16,immortal_2026_06_16_retired_immortals_gozer_482_listed_retired_immortal,candidate,Copied by Lewis. Includes Boardreaders and honorary True Legend entry for Norsu.,whois_gozer_1781580065,Maia,Maia,,Immortals,high,,,,,,,,,,,Maia,M,,immortal,immortal_term=Maia | race_term=Maia,1,no
char_ekolas,Ekolas,,,,,,,,,,retired,Boardreader,no,no,2026_06_16_retired_immortals,MUME retired immortal list,List current as of 2026-06-16,immortal_2026_06_16_retired_immortals_ekolas_422_listed_retired_immortal,candidate,Copied by Lewis. Includes Boardreaders and honorary True Legend entry for Norsu.,whois_ekolas_1781579090,Maia,Maia,,Immortals,high,,,,,,,,,,,Maia,M,,immortal,immortal_term=Maia | race_term=Maia,1,no
char_arthad,Arthad,,,,,,,,,,retired,Boardreader,no,no,2026_06_16_retired_immortals,MUME retired immortal list,List current as of 2026-06-16,immortal_2026_06_16_retired_immortals_arthad_331_listed_retired_immortal,candidate,Copied by Lewis. Includes Boardreaders and honorary True Legend entry for Norsu.,whois_arthad_1781577727,Maia,Maia,,Immortals,high,,,,,,,,,,,Maia,M,,immortal,immortal_term=Maia | race_term=Maia,1,no
char_beregond,Beregond,,,,,,,,,,retired,Maia,no,no,2026_06_16_retired_immortals,MUME retired immortal list,List current as of 2026-06-16,immortal_2026_06_16_retired_immortals_beregond_216_listed_retired_immortal,candidate,Copied by Lewis. Includes Boardreaders and honorary True Legend entry for Norsu.,whois_beregond_1781577925,Maia,Maia,,Immortals,high,Cartographer,Cartographer,Cartographer,high,,,,,,,Maia,M,Cartographer,immortal,immortal_term=Maia | race_term=Maia,1,no
char_myrador,Myrador,,,,,,,,,,retired,Boardreader,no,no,2026_06_16_retired_immortals,MUME retired immortal list,List current as of 2026-06-16,immortal_2026_06_16_retired_immortals_myrador_613_listed_retired_immortal,candidate,Copied by Lewis. Includes Boardreaders and honorary True Legend entry for Norsu.,whois_myrador_1781604975,Maia,Maia,,Immortals,high,,,,,,,,,,,Maia,M,,immortal,immortal_term=Maia | race_term=Maia,1,no
char_gordanin,Gordanin,,,,,,,,,,retired,Boardreader,no,no,2026_06_16_retired_immortals,MUME retired immortal list,List current as of 2026-06-16,immortal_2026_06_16_retired_immortals_gordanin_479_listed_retired_immortal,candidate,Copied by Lewis. Includes Boardreaders and honorary True Legend entry for Norsu.,whois_gordanin_1781580037,Maia,Maia,,Immortals,high,,,,,,,,,,,Maia,M,,immortal,immortal_term=Maia | race_term=Maia,1,no
char_freyah,Freyah,,,,,,,,,,retired,Boardreader,no,no,2026_06_16_retired_immortals,MUME retired immortal list,List current as of 2026-06-16,immortal_2026_06_16_retired_immortals_freyah_464_listed_retired_immortal,candidate,Copied by Lewis. Includes Boardreaders and honorary True Legend entry for Norsu.,whois_freyah_1781579860,Maia,Maia,,Immortals,high,,,,,,,,,,,Maia,M,,immortal,immortal_term=Maia | race_term=Maia,1,no
char_dawnborn,Dawnborn,,,,,,,,,,current,Maia,no,no,2026_06_16_current_immortals,MUME current immortal list,List current as of 2026-06-16,immortal_2026_06_16_current_immortals_dawnborn_31_listed_current_immortal,candidate,Copied by Lewis. (+m) means the immortal is also a Maiar Muddler / muddle code contributor.,whois_dawnborn_1781578851,Maia,Maia,,Immortals,high,Wright,Wright,Wright,high,,,,,,,Maia,M,Wright,immortal,immortal_term=Maia | race_term=Maia,1,no
char_gnomette,Gnomette,,,,,,,,,,retired,Maia,no,no,2026_06_16_retired_immortals,MUME retired immortal list,List current as of 2026-06-16,immortal_2026_06_16_retired_immortals_gnomette_243_listed_retired_immortal,candidate,Copied by Lewis. Includes Boardreaders and honorary True Legend entry for Norsu.,whois_gnomette_1781580015,Maia,Maia,,Immortals,high,Cartographer,Cartographer,Cartographer,high,,,,,,,Maia,M,Cartographer,immortal,immortal_term=Maia | race_term=Maia,1,no
char_gili,Gili,,,,,,,,,,retired,Boardreader,no,no,2026_06_16_retired_immortals,MUME retired immortal list,List current as of 2026-06-16,immortal_2026_06_16_retired_immortals_gili_476_listed_retired_immortal,candidate,Copied by Lewis. Includes Boardreaders and honorary True Legend entry for Norsu.,whois_gili_1781580004,Maia,Maia,,Immortals,high,,,,,,,,,,,Maia,M,,immortal,immortal_term=Maia | race_term=Maia,1,no
char_aldro,Aldro,,,,,,,,,,retired,Boardreader,no,no,2026_06_16_retired_immortals,MUME retired immortal list,List current as of 2026-06-16,immortal_2026_06_16_retired_immortals_aldro_311_listed_retired_immortal,candidate,Copied by Lewis. Includes Boardreaders and honorary True Legend entry for Norsu.,whois_aldro_1781576750,running for re-election is a Maia,Maia,,Immortals,high,,,,,,,,,,,Maia,M,,immortal,immortal_term=Maia | race_term=Maia | unmatched=running for re-election is a,1,no
char_gawain,Gawain,,,,,,,,,,retired,Boardreader,no,no,2026_06_16_retired_immortals,MUME retired immortal list,List current as of 2026-06-16,immortal_2026_06_16_retired_immortals_gawain_471_listed_retired_immortal,candidate,Copied by Lewis. Includes Boardreaders and honorary True Legend entry for Norsu.,whois_gawain_1781579954,Maia,Maia,,Immortals,high,,,,,,,,,,,Maia,M,,immortal,immortal_term=Maia | race_term=Maia,1,no
char_filmus,Filmus,,,,,,,,,,retired,Maia,no,no,2026_06_16_retired_immortals,MUME retired immortal list,List current as of 2026-06-16,immortal_2026_06_16_retired_immortals_filmus_236_listed_retired_immortal,candidate,Copied by Lewis. Includes Boardreaders and honorary True Legend entry for Norsu.,whois_filmus_1781579750,Maia,Maia,,Immortals,high,Cartographer,Cartographer,Cartographer,high,,,,,,,Maia,M,Cartographer,immortal,immortal_term=Maia | race_term=Maia,1,no
char_xero,Xero,,,,,,,,,,retired,Boardreader,no,no,2026_06_16_retired_immortals,MUME retired immortal list,List current as of 2026-06-16,immortal_2026_06_16_retired_immortals_xero_779_listed_retired_immortal,candidate,Copied by Lewis. Includes Boardreaders and honorary True Legend entry for Norsu.,whois_xero_1781606777,Maia,Maia,,Immortals,high,,,,,,,,,,,Maia,M,,immortal,immortal_term=Maia | race_term=Maia,1,no
char_dryden,Dryden,,,,,,,,,,retired,Boardreader,no,no,2026_06_16_retired_immortals,MUME retired immortal list,List current as of 2026-06-16,immortal_2026_06_16_retired_immortals_dryden_414_listed_retired_immortal,candidate,Copied by Lewis. Includes Boardreaders and honorary True Legend entry for Norsu.,whois_dryden_1781578983,Maia,Maia,,Immortals,high,,,,,,,,,,,Maia,M,,immortal,immortal_term=Maia | race_term=Maia,1,no
char_firebolt,Firebolt,,,,,,,,,,retired,Maia,no,no,2026_06_16_retired_immortals,MUME retired immortal list,List current as of 2026-06-16,immortal_2026_06_16_retired_immortals_firebolt_237_listed_retired_immortal,candidate,Copied by Lewis. Includes Boardreaders and honorary True Legend entry for Norsu.,whois_firebolt_1781579778,Maia,Maia,,Immortals,high,Cartographer,Cartographer,Cartographer,high,,,,,,,Maia,M,Cartographer,immortal,immortal_term=Maia | race_term=Maia,1,no
char_monk,Monk,,,,,,,,,,retired,Maia,no,no,2026_06_16_retired_immortals,MUME retired immortal list,List current as of 2026-06-16,immortal_2026_06_16_retired_immortals_monk_263_listed_retired_immortal,candidate,Copied by Lewis. Includes Boardreaders and honorary True Legend entry for Norsu.,whois_monk_1781604908,Maia,Maia,,Immortals,high,Cartographer,Cartographer,Cartographer,high,,,,,,,Maia,M,Cartographer,immortal,immortal_term=Maia | race_term=Maia,1,no
char_dúlin,Dúlin,,,,,,,,,,retired,Boardreader,no,no,2026_06_16_retired_immortals,MUME retired immortal list,List current as of 2026-06-16,immortal_2026_06_16_retired_immortals_dulin_415_listed_retired_immortal,candidate,Copied by Lewis. Includes Boardreaders and honorary True Legend entry for Norsu.,whois_dúlin_1781579037,Maia,Maia,,Immortals,high,,,,,,,,,,,Maia,M,,immortal,immortal_term=Maia | race_term=Maia,1,no
char_lomion,Lomion,,,,,,,,,,retired,Vala,no,no,2026_06_16_retired_immortals,MUME retired immortal list,List current as of 2026-06-16,immortal_2026_06_16_retired_immortals_lomion_56_listed_retired_immortal,candidate,Copied by Lewis. Includes Boardreaders and honorary True Legend entry for Norsu.,whois_lomion_1781604425,Vala,Vala,,Immortals,high,Architect,Architect,Architect,high,,,,,,,Vala,V,Architect,immortal,immortal_term=Vala | race_term=Vala,1,no
char_andróg,Andróg,,,,,,,,,,current,Maia,no,no,2026_06_16_current_immortals,MUME current immortal list,List current as of 2026-06-16,immortal_2026_06_16_current_immortals_androg_19_listed_current_immortal,candidate,Copied by Lewis. (+m) means the immortal is also a Maiar Muddler / muddle code contributor.,whois_andróg_1781576860,Maia,Maia,,Immortals,high,Shaper,Shaper,Shaper,high,,,,,,,Maia,M,Shaper,immortal,immortal_term=Maia | race_term=Maia,1,no
char_eoras,Eoras,,,,,,,,,,current,Maia,no,no,2026_06_16_current_immortals,MUME current immortal list,List current as of 2026-06-16,immortal_2026_06_16_current_immortals_eoras_68_listed_current_immortal,candidate,Copied by Lewis. (+m) means the immortal is also a Maiar Muddler / muddle code contributor.,whois_eoras_1781579270,Maia,Maia,,Immortals,high,Cartographer,Cartographer,Cartographer,high,,,,,,,Maia,M,Cartographer,immortal,immortal_term=Maia | race_term=Maia,1,no
char_morias,Moria's,,,,,,,,,,,,,,,,,,,,whois_morias_1781577749,Maia,Maia,,Immortals,high,Shaper,Shaper,Shaper,high,,,,,,,Maia,M,Shaper,immortal,immortal_term=Maia | race_term=Maia,1,no
char_elaniel,Elaniel,,,,,,,,,,retired,Boardreader,no,no,2026_06_16_retired_immortals,MUME retired immortal list,List current as of 2026-06-16,immortal_2026_06_16_retired_immortals_elaniel_424_listed_retired_immortal,candidate,Copied by Lewis. Includes Boardreaders and honorary True Legend entry for Norsu.,whois_elaniel_1781579113,Maia,Maia,,Immortals,high,,,,,,,,,,,Maia,M,,immortal,immortal_term=Maia | race_term=Maia,1,no
char_lauryn,Lauryn,,,,,,,,,,retired,Maia,no,no,2026_06_16_retired_immortals,MUME retired immortal list,List current as of 2026-06-16,immortal_2026_06_16_retired_immortals_lauryn_127_listed_retired_immortal,candidate,Copied by Lewis. Includes Boardreaders and honorary True Legend entry for Norsu.,whois_lauryn_1781604276,Maia,Maia,,Immortals,high,Wright,Wright,Wright,high,,,,,,,Maia,M,Wright,immortal,immortal_term=Maia | race_term=Maia,1,no
char_gonfor,Gonfor,,,,,,,,,,retired,Maia,no,no,2026_06_16_retired_immortals,MUME retired immortal list,List current as of 2026-06-16,immortal_2026_06_16_retired_immortals_gonfor_108_listed_retired_immortal,candidate,Copied by Lewis. Includes Boardreaders and honorary True Legend entry for Norsu.,whois_gonfor_1781580026,Maia,Maia,,Immortals,high,Wright,Wright,Wright,high,,,,,,,Maia,M,Wright,immortal,immortal_term=Maia | race_term=Maia,1,no
char_elerrína,Elerrína,,,,,,,,,,retired,Maia,no,no,2026_06_16_retired_immortals,MUME retired immortal list,List current as of 2026-06-16,immortal_2026_06_16_retired_immortals_elerrina_228_listed_retired_immortal,candidate,Copied by Lewis. Includes Boardreaders and honorary True Legend entry for Norsu.,whois_elerrína_1781579157,Maia,Maia,,Immortals,high,Cartographer,Cartographer,Cartographer,high,,,,,,,Maia,M,Cartographer,immortal,immortal_term=Maia | race_term=Maia,1,no
char_earolon,Earolon,,,,,,,,,,retired,Boardreader,no,no,2026_06_16_retired_immortals,MUME retired immortal list,List current as of 2026-06-16,immortal_2026_06_16_retired_immortals_earolon_417_listed_retired_immortal,candidate,Copied by Lewis. Includes Boardreaders and honorary True Legend entry for Norsu.,whois_earolon_1781579045,Maia,Maia,,Immortals,high,,,,,,,,,,,Maia,M,,immortal,immortal_term=Maia | race_term=Maia,1,no
char_bjorne,Bjorne,,,,,,,,,,retired,Boardreader,no,no,2026_06_16_retired_immortals,MUME retired immortal list,List current as of 2026-06-16,immortal_2026_06_16_retired_immortals_bjorne_352_listed_retired_immortal,candidate,Copied by Lewis. Includes Boardreaders and honorary True Legend entry for Norsu.,whois_bjorne_1781577958,Maia,Maia,,Immortals,high,,,,,,,,,,,Maia,M,,immortal,immortal_term=Maia | race_term=Maia,1,no
char_durmegil,Durmegil,,,,,,,,,,current,Maia,no,no,2026_06_16_current_immortals,MUME current immortal list,List current as of 2026-06-16,immortal_2026_06_16_current_immortals_durmegil_63_listed_current_immortal,candidate,Copied by Lewis. (+m) means the immortal is also a Maiar Muddler / muddle code contributor.,,,Maia,,Immortals,medium,,,,,,,,,,,,,,immortal_list_only,No classification row found,0,yes
char_yavanna,Yavanna,,,,,,,,,,retired,Aratar,no,no,2026_06_16_retired_immortals,MUME retired immortal list,List current as of 2026-06-16,immortal_2026_06_16_retired_immortals_yavanna_14_listed_retired_immortal,candidate,Copied by Lewis. Includes Boardreaders and honorary True Legend entry for Norsu.,,,Aratar,,Immortals,medium,,,,,,,,,,,,,,immortal_list_only,No classification row found,0,yes
char_darthang,Darthang,,,,,,,,,,retired,Vala,no,no,2026_06_16_retired_immortals,MUME retired immortal list,List current as of 2026-06-16,immortal_2026_06_16_retired_immortals_darthang_46_listed_retired_immortal,candidate,Copied by Lewis. Includes Boardreaders and honorary True Legend entry for Norsu.,,,Vala,,Immortals,medium,,,,,,,,,,,,,,immortal_list_only,No classification row found,0,yes
char_aule,Aule,,,,,,,,,,retired,Maia,no,no,2026_06_16_retired_immortals,MUME retired immortal list,List current as of 2026-06-16,immortal_2026_06_16_retired_immortals_aule_69_listed_retired_immortal,candidate,Copied by Lewis. Includes Boardreaders and honorary True Legend entry for Norsu.,,,Maia,,Immortals,medium,,,,,,,,,,,,,,immortal_list_only,No classification row found,0,yes
char_creston,Creston,,,,,,,,,,retired,Maia,no,no,2026_06_16_retired_immortals,MUME retired immortal list,List current as of 2026-06-16,immortal_2026_06_16_retired_immortals_creston_94_listed_retired_immortal,candidate,Copied by Lewis. Includes Boardreaders and honorary True Legend entry for Norsu.,,,Maia,,Immortals,medium,,,,,,,,,,,,,,immortal_list_only,No classification row found,0,yes
char_destiny,Destiny,,,,,,,,,,retired,Maia,no,no,2026_06_16_retired_immortals,MUME retired immortal list,List current as of 2026-06-16,immortal_2026_06_16_retired_immortals_destiny_96_listed_retired_immortal,candidate,Copied by Lewis. Includes Boardreaders and honorary True Legend entry for Norsu.,,,Maia,,Immortals,medium,,,,,,,,,,,,,,immortal_list_only,No classification row found,0,yes
char_dorin,Dorin,,,,,,,,,,retired,Maia,no,no,2026_06_16_retired_immortals,MUME retired immortal list,List current as of 2026-06-16,immortal_2026_06_16_retired_immortals_dorin_98_listed_retired_immortal,candidate,Copied by Lewis. Includes Boardreaders and honorary True Legend entry for Norsu.,,,Maia,,Immortals,medium,,,,,,,,,,,,,,immortal_list_only,No classification row found,0,yes
char_elfan,Elfan,,,,,,,,,,retired,Maia,no,no,2026_06_16_retired_immortals,MUME retired immortal list,List current as of 2026-06-16,immortal_2026_06_16_retired_immortals_elfan_101_listed_retired_immortal,candidate,Copied by Lewis. Includes Boardreaders and honorary True Legend entry for Norsu.,,,Maia,,Immortals,medium,,,,,,,,,,,,,,immortal_list_only,No classification row found,0,yes
char_draak,Draak,,,,,,,,,,retired,Maia,no,no,2026_06_16_retired_immortals,MUME retired immortal list,List current as of 2026-06-16,immortal_2026_06_16_retired_immortals_draak_183_listed_retired_immortal,candidate,Copied by Lewis. Includes Boardreaders and honorary True Legend entry for Norsu.,,,Maia,,Immortals,medium,,,,,,,,,,,,,,immortal_list_only,No classification row found,0,yes
char_barney,Barney,,,,,,,,,,retired,Maia,no,no,2026_06_16_retired_immortals,MUME retired immortal list,List current as of 2026-06-16,immortal_2026_06_16_retired_immortals_barney_213_listed_retired_immortal,candidate,Copied by Lewis. Includes Boardreaders and honorary True Legend entry for Norsu.,,,Maia,,Immortals,medium,,,,,,,,,,,,,,immortal_list_only,No classification row found,0,yes
char_akihiko,Akihiko,,,,,,,,,,retired,Boardreader,no,no,2026_06_16_retired_immortals,MUME retired immortal list,List current as of 2026-06-16,immortal_2026_06_16_retired_immortals_akihiko_308_listed_retired_immortal,candidate,Copied by Lewis. Includes Boardreaders and honorary True Legend entry for Norsu.,,,Boardreader,,Immortals,medium,,,,,,,,,,,,,,immortal_list_only,No classification row found,0,yes
char_baw,Baw,,,,,,,,,,retired,Boardreader,no,no,2026_06_16_retired_immortals,MUME retired immortal list,List current as of 2026-06-16,immortal_2026_06_16_retired_immortals_baw_342_listed_retired_immortal,candidate,Copied by Lewis. Includes Boardreaders and honorary True Legend entry for Norsu.,whois_baw_1781577865,Maia,Maia,,Immortals,high,,,,,,,,,,,Maia,M,,immortal,immortal_term=Maia | race_term=Maia,1,no
char_betsy,Betsy,,,,,,,,,,retired,Boardreader,no,no,2026_06_16_retired_immortals,MUME retired immortal list,List current as of 2026-06-16,immortal_2026_06_16_retired_immortals_betsy_351_listed_retired_immortal,candidate,Copied by Lewis. Includes Boardreaders and honorary True Legend entry for Norsu.,,,Boardreader,,Immortals,medium,,,,,,,,,,,,,,immortal_list_only,No classification row found,0,yes
char_blackfox,Blackfox,,,,,,,,,,retired,Boardreader,no,no,2026_06_16_retired_immortals,MUME retired immortal list,List current as of 2026-06-16,immortal_2026_06_16_retired_immortals_blackfox_353_listed_retired_immortal,candidate,Copied by Lewis. Includes Boardreaders and honorary True Legend entry for Norsu.,,,Boardreader,,Immortals,medium,,,,,,,,,,,,,,immortal_list_only,No classification row found,0,yes
char_dargor,Dargor,,,,,,,,,,retired,Boardreader,no,no,2026_06_16_retired_immortals,MUME retired immortal list,List current as of 2026-06-16,immortal_2026_06_16_retired_immortals_dargor_395_listed_retired_immortal,candidate,Copied by Lewis. Includes Boardreaders and honorary True Legend entry for Norsu.,,,Boardreader,,Immortals,medium,,,,,,,,,,,,,,immortal_list_only,No classification row found,0,yes
