source_whois_id,source_character_id,source_character_name,whois_descriptor,whois_text_excerpt,mentioned_name,mention_type,heading,evidence_excerpt,confidence,matched_known_character
whois_gray_1780820809,char_gray,Gray,Noldorin Wizard,"…
[Retired].
Last login 20 years, 4 months, and 12 days ago from
    [numerical address].

  373/37/11/11/5 (pkills/pkdeaths/mobdeaths/other deaths/demoted levels)
  Max warpoints: warlord.

  ""Newbie scientist is one who wants to change the world. Experienced one is
one changed by the world already.""       I won't try to change it anymore...

  other legends: Candid, Santana, Corvin, Varvar, Ulairy, Vugluskr, Orkanoid,
Emmanuelle, Akela, Aeruscator.
                   MUME site: http://www.cnt.ru/users/snape/MAIN/MAIN.HTM",Santana,comma_name_list,,"other legends: Candid, Santana, Corvin, Varvar, Ulairy, Vugluskr, Orkanoid,",high,yes
whois_gray_1780820809,char_gray,Gray,Noldorin Wizard,"…
[Retired].
Last login 20 years, 4 months, and 12 days ago from
    [numerical address].

  373/37/11/11/5 (pkills/pkdeaths/mobdeaths/other deaths/demoted levels)
  Max warpoints: warlord.

  ""Newbie scientist is one who wants to change the world. Experienced one is
one changed by the world already.""       I won't try to change it anymore...

  other legends: Candid, Santana, Corvin, Varvar, Ulairy, Vugluskr, Orkanoid,
Emmanuelle, Akela, Aeruscator.
                   MUME site: http://www.cnt.ru/users/snape/MAIN/MAIN.HTM",Corvin,comma_name_list,,"other legends: Candid, Santana, Corvin, Varvar, Ulairy, Vugluskr, Orkanoid,",high,yes
whois_gray_1780820809,char_gray,Gray,Noldorin Wizard,"…
[Retired].
Last login 20 years, 4 months, and 12 days ago from
    [numerical address].

  373/37/11/11/5 (pkills/pkdeaths/mobdeaths/other deaths/demoted levels)
  Max warpoints: warlord.

  ""Newbie scientist is one who wants to change the world. Experienced one is
one changed by the world already.""       I won't try to change it anymore...

  other legends: Candid, Santana, Corvin, Varvar, Ulairy, Vugluskr, Orkanoid,
Emmanuelle, Akela, Aeruscator.
                   MUME site: http://www.cnt.ru/users/snape/MAIN/MAIN.HTM",Varvar,comma_name_list,,"other legends: Candid, Santana, Corvin, Varvar, Ulairy, Vugluskr, Orkanoid,",high,yes
whois_gray_1780820809,char_gray,Gray,Noldorin Wizard,"…
[Retired].
Last login 20 years, 4 months, and 12 days ago from
    [numerical address].

  373/37/11/11/5 (pkills/pkdeaths/mobdeaths/other deaths/demoted levels)
  Max warpoints: warlord.

  ""Newbie scientist is one who wants to change the world. Experienced one is
one changed by the world already.""       I won't try to change it anymore...

  other legends: Candid, Santana, Corvin, Varvar, Ulairy, Vugluskr, Orkanoid,
Emmanuelle, Akela, Aeruscator.
                   MUME site: http://www.cnt.ru/users/snape/MAIN/MAIN.HTM",Ulairy,comma_name_list,,"other legends: Candid, Santana, Corvin, Varvar, Ulairy, Vugluskr, Orkanoid,",high,yes
whois_gray_1780820809,char_gray,Gray,Noldorin Wizard,"…
[Retired].
Last login 20 years, 4 months, and 12 days ago from
    [numerical address].

  373/37/11/11/5 (pkills/pkdeaths/mobdeaths/other deaths/demoted levels)
  Max warpoints: warlord.

  ""Newbie scientist is one who wants to change the world. Experienced one is
one changed by the world already.""       I won't try to change it anymore...

  other legends: Candid, Santana, Corvin, Varvar, Ulairy, Vugluskr, Orkanoid,
Emmanuelle, Akela, Aeruscator.
                   MUME site: http://www.cnt.ru/users/snape/MAIN/MAIN.HTM",Vugluskr,comma_name_list,,"other legends: Candid, Santana, Corvin, Varvar, Ulairy, Vugluskr, Orkanoid,",high,yes
whois_gray_1780820809,char_gray,Gray,Noldorin Wizard,"…
[Retired].
Last login 20 years, 4 months, and 12 days ago from
    [numerical address].

  373/37/11/11/5 (pkills/pkdeaths/mobdeaths/other deaths/demoted levels)
  Max warpoints: warlord.

  ""Newbie scientist is one who wants to change the world. Experienced one is
one changed by the world already.""       I won't try to change it anymore...

  other legends: Candid, Santana, Corvin, Varvar, Ulairy, Vugluskr, Orkanoid,
Emmanuelle, Akela, Aeruscator.
                   MUME site: http://www.cnt.ru/users/snape/MAIN/MAIN.HTM",Orkanoid,comma_name_list,,"other legends: Candid, Santana, Corvin, Varvar, Ulairy, Vugluskr, Orkanoid,",high,yes
whois_gray_1780820809,char_gray,Gray,Noldorin Wizard,"…
rical address].

  373/37/11/11/5 (pkills/pkdeaths/mobdeaths/other deaths/demoted levels)
  Max warpoints: warlord.

  ""Newbie scientist is one who wants to change the world. Experienced one is
one changed by the world already.""       I won't try to change it anymore...

  other legends: Candid, Santana, Corvin, Varvar, Ulairy, Vugluskr, Orkanoid,
Emmanuelle, Akela, Aeruscator.
                   MUME site: http://www.cnt.ru/users/snape/MAIN/MAIN.HTM",Emmanuelle,comma_name_list,,"Emmanuelle, Akela, Aeruscator.",low,no
whois_gray_1780820809,char_gray,Gray,Noldorin Wizard,"…
rical address].

  373/37/11/11/5 (pkills/pkdeaths/mobdeaths/other deaths/demoted levels)
  Max warpoints: warlord.

  ""Newbie scientist is one who wants to change the world. Experienced one is
one changed by the world already.""       I won't try to change it anymore...

  other legends: Candid, Santana, Corvin, Varvar, Ulairy, Vugluskr, Orkanoid,
Emmanuelle, Akela, Aeruscator.
                   MUME site: http://www.cnt.ru/users/snape/MAIN/MAIN.HTM",Akela,comma_name_list,,"Emmanuelle, Akela, Aeruscator.",high,yes
whois_gray_1780820809,char_gray,Gray,Noldorin Wizard,"…
rical address].

  373/37/11/11/5 (pkills/pkdeaths/mobdeaths/other deaths/demoted levels)
  Max warpoints: warlord.

  ""Newbie scientist is one who wants to change the world. Experienced one is
one changed by the world already.""       I won't try to change it anymore...

  other legends: Candid, Santana, Corvin, Varvar, Ulairy, Vugluskr, Orkanoid,
Emmanuelle, Akela, Aeruscator.
                   MUME site: http://www.cnt.ru/users/snape/MAIN/MAIN.HTM",Aeruscator,comma_name_list,,"Emmanuelle, Akela, Aeruscator.",high,yes
whois_gray_1780831197,char_gray,Gray,Noldorin Wizard,"…
[Retired].
Last login 20 years, 4 months, and 12 days ago from
    [numerical address].

  373/37/11/11/5 (pkills/pkdeaths/mobdeaths/other deaths/demoted levels)
  Max warpoints: warlord.

  ""Newbie scientist is one who wants to change the world. Experienced one is
one changed by the world already.""       I won't try to change it anymore...

  other legends: Candid, Santana, Corvin, Varvar, Ulairy, Vugluskr, Orkanoid,
Emmanuelle, Akela, Aeruscator.
                   MUME site: http://www.cnt.ru/users/snape/MAIN/MAIN.HTM

!# CW>",Santana,comma_name_list,,"other legends: Candid, Santana, Corvin, Varvar, Ulairy, Vugluskr, Orkanoid,",high,yes
whois_gray_1780831197,char_gray,Gray,Noldorin Wizard,"…
[Retired].
Last login 20 years, 4 months, and 12 days ago from
    [numerical address].

  373/37/11/11/5 (pkills/pkdeaths/mobdeaths/other deaths/demoted levels)
  Max warpoints: warlord.

  ""Newbie scientist is one who wants to change the world. Experienced one is
one changed by the world already.""       I won't try to change it anymore...

  other legends: Candid, Santana, Corvin, Varvar, Ulairy, Vugluskr, Orkanoid,
Emmanuelle, Akela, Aeruscator.
                   MUME site: http://www.cnt.ru/users/snape/MAIN/MAIN.HTM

!# CW>",Corvin,comma_name_list,,"other legends: Candid, Santana, Corvin, Varvar, Ulairy, Vugluskr, Orkanoid,",high,yes
whois_gray_1780831197,char_gray,Gray,Noldorin Wizard,"…
[Retired].
Last login 20 years, 4 months, and 12 days ago from
    [numerical address].

  373/37/11/11/5 (pkills/pkdeaths/mobdeaths/other deaths/demoted levels)
  Max warpoints: warlord.

  ""Newbie scientist is one who wants to change the world. Experienced one is
one changed by the world already.""       I won't try to change it anymore...

  other legends: Candid, Santana, Corvin, Varvar, Ulairy, Vugluskr, Orkanoid,
Emmanuelle, Akela, Aeruscator.
                   MUME site: http://www.cnt.ru/users/snape/MAIN/MAIN.HTM

!# CW>",Varvar,comma_name_list,,"other legends: Candid, Santana, Corvin, Varvar, Ulairy, Vugluskr, Orkanoid,",high,yes
whois_gray_1780831197,char_gray,Gray,Noldorin Wizard,"…
[Retired].
Last login 20 years, 4 months, and 12 days ago from
    [numerical address].

  373/37/11/11/5 (pkills/pkdeaths/mobdeaths/other deaths/demoted levels)
  Max warpoints: warlord.

  ""Newbie scientist is one who wants to change the world. Experienced one is
one changed by the world already.""       I won't try to change it anymore...

  other legends: Candid, Santana, Corvin, Varvar, Ulairy, Vugluskr, Orkanoid,
Emmanuelle, Akela, Aeruscator.
                   MUME site: http://www.cnt.ru/users/snape/MAIN/MAIN.HTM

!# CW>",Ulairy,comma_name_list,,"other legends: Candid, Santana, Corvin, Varvar, Ulairy, Vugluskr, Orkanoid,",high,yes
whois_gray_1780831197,char_gray,Gray,Noldorin Wizard,"…
[Retired].
Last login 20 years, 4 months, and 12 days ago from
    [numerical address].

  373/37/11/11/5 (pkills/pkdeaths/mobdeaths/other deaths/demoted levels)
  Max warpoints: warlord.

  ""Newbie scientist is one who wants to change the world. Experienced one is
one changed by the world already.""       I won't try to change it anymore...

  other legends: Candid, Santana, Corvin, Varvar, Ulairy, Vugluskr, Orkanoid,
Emmanuelle, Akela, Aeruscator.
                   MUME site: http://www.cnt.ru/users/snape/MAIN/MAIN.HTM

!# CW>",Vugluskr,comma_name_list,,"other legends: Candid, Santana, Corvin, Varvar, Ulairy, Vugluskr, Orkanoid,",high,yes
whois_gray_1780831197,char_gray,Gray,Noldorin Wizard,"…
[Retired].
Last login 20 years, 4 months, and 12 days ago from
    [numerical address].

  373/37/11/11/5 (pkills/pkdeaths/mobdeaths/other deaths/demoted levels)
  Max warpoints: warlord.

  ""Newbie scientist is one who wants to change the world. Experienced one is
one changed by the world already.""       I won't try to change it anymore...

  other legends: Candid, Santana, Corvin, Varvar, Ulairy, Vugluskr, Orkanoid,
Emmanuelle, Akela, Aeruscator.
                   MUME site: http://www.cnt.ru/users/snape/MAIN/MAIN.HTM

!# CW>",Orkanoid,comma_name_list,,"other legends: Candid, Santana, Corvin, Varvar, Ulairy, Vugluskr, Orkanoid,",high,yes
whois_gray_1780831197,char_gray,Gray,Noldorin Wizard,"…
rical address].

  373/37/11/11/5 (pkills/pkdeaths/mobdeaths/other deaths/demoted levels)
  Max warpoints: warlord.

  ""Newbie scientist is one who wants to change the world. Experienced one is
one changed by the world already.""       I won't try to change it anymore...

  other legends: Candid, Santana, Corvin, Varvar, Ulairy, Vugluskr, Orkanoid,
Emmanuelle, Akela, Aeruscator.
                   MUME site: http://www.cnt.ru/users/snape/MAIN/MAIN.HTM

!# CW>",Emmanuelle,comma_name_list,,"Emmanuelle, Akela, Aeruscator.",low,no
whois_gray_1780831197,char_gray,Gray,Noldorin Wizard,"…
rical address].

  373/37/11/11/5 (pkills/pkdeaths/mobdeaths/other deaths/demoted levels)
  Max warpoints: warlord.

  ""Newbie scientist is one who wants to change the world. Experienced one is
one changed by the world already.""       I won't try to change it anymore...

  other legends: Candid, Santana, Corvin, Varvar, Ulairy, Vugluskr, Orkanoid,
Emmanuelle, Akela, Aeruscator.
                   MUME site: http://www.cnt.ru/users/snape/MAIN/MAIN.HTM

!# CW>",Akela,comma_name_list,,"Emmanuelle, Akela, Aeruscator.",high,yes
whois_gray_1780831197,char_gray,Gray,Noldorin Wizard,"…
rical address].

  373/37/11/11/5 (pkills/pkdeaths/mobdeaths/other deaths/demoted levels)
  Max warpoints: warlord.

  ""Newbie scientist is one who wants to change the world. Experienced one is
one changed by the world already.""       I won't try to change it anymore...

  other legends: Candid, Santana, Corvin, Varvar, Ulairy, Vugluskr, Orkanoid,
Emmanuelle, Akela, Aeruscator.
                   MUME site: http://www.cnt.ru/users/snape/MAIN/MAIN.HTM

!# CW>",Aeruscator,comma_name_list,,"Emmanuelle, Akela, Aeruscator.",high,yes
whois_rik_1780833974,char_rik,Rik,Maia,"…
::   | |   | | | |\ \  | + \ /    \ /    \ |   \/   |
  / // // /      **   '-'   '-' '-' '-' |   / N /\ N N /\ N | |\  /| |
 / // // /                              | + \ N \/ N N \/ N | | \/ | |
(_)(_)(_)                               |   / \    / \    / | |    | |
 (_)(_)         TIK                     '--'   '--'   '--'  '-'    '-'
   (_)
The Good:  Ainko, Akio, Alderik, Francis, Ghij, Harold, Kim,, Knutt, Kyrania,
Marieke,  Obthic, Oksar, Rhamd, Synnove, Tum, Wanda, Xyziristine, Zhyza
The Evil: Ashmash, Billiam, Brutex, Defcon, Hatchie, Inkathurg, Lentracus,
Maglubhiyet, Myrcea, Oki, Oliksia, Qwestus, Timo, Tym, Wrorg, Zhough

mume.kyrania.com mume@kyrania.com around since 2000
It seems my life moved on. Good",Akio,comma_name_list,,"The Good:  Ainko, Akio, Alderik, Francis, Ghij, Harold, Kim,, Knutt, Kyrania,",low,no
whois_rik_1780833974,char_rik,Rik,Maia,"…
::   | |   | | | |\ \  | + \ /    \ /    \ |   \/   |
  / // // /      **   '-'   '-' '-' '-' |   / N /\ N N /\ N | |\  /| |
 / // // /                              | + \ N \/ N N \/ N | | \/ | |
(_)(_)(_)                               |   / \    / \    / | |    | |
 (_)(_)         TIK                     '--'   '--'   '--'  '-'    '-'
   (_)
The Good:  Ainko, Akio, Alderik, Francis, Ghij, Harold, Kim,, Knutt, Kyrania,
Marieke,  Obthic, Oksar, Rhamd, Synnove, Tum, Wanda, Xyziristine, Zhyza
The Evil: Ashmash, Billiam, Brutex, Defcon, Hatchie, Inkathurg, Lentracus,
Maglubhiyet, Myrcea, Oki, Oliksia, Qwestus, Timo, Tym, Wrorg, Zhough

mume.kyrania.com mume@kyrania.com around since 2000
It seems my life moved on. Good",Alderik,comma_name_list,,"The Good:  Ainko, Akio, Alderik, Francis, Ghij, Harold, Kim,, Knutt, Kyrania,",high,yes
whois_rik_1780833974,char_rik,Rik,Maia,"…
::   | |   | | | |\ \  | + \ /    \ /    \ |   \/   |
  / // // /      **   '-'   '-' '-' '-' |   / N /\ N N /\ N | |\  /| |
 / // // /                              | + \ N \/ N N \/ N | | \/ | |
(_)(_)(_)                               |   / \    / \    / | |    | |
 (_)(_)         TIK                     '--'   '--'   '--'  '-'    '-'
   (_)
The Good:  Ainko, Akio, Alderik, Francis, Ghij, Harold, Kim,, Knutt, Kyrania,
Marieke,  Obthic, Oksar, Rhamd, Synnove, Tum, Wanda, Xyziristine, Zhyza
The Evil: Ashmash, Billiam, Brutex, Defcon, Hatchie, Inkathurg, Lentracus,
Maglubhiyet, Myrcea, Oki, Oliksia, Qwestus, Timo, Tym, Wrorg, Zhough

mume.kyrania.com mume@kyrania.com around since 2000
It seems my life moved on. Good",Francis,comma_name_list,,"The Good:  Ainko, Akio, Alderik, Francis, Ghij, Harold, Kim,, Knutt, Kyrania,",high,yes
whois_rik_1780833974,char_rik,Rik,Maia,"…
::   | |   | | | |\ \  | + \ /    \ /    \ |   \/   |
  / // // /      **   '-'   '-' '-' '-' |   / N /\ N N /\ N | |\  /| |
 / // // /                              | + \ N \/ N N \/ N | | \/ | |
(_)(_)(_)                               |   / \    / \    / | |    | |
 (_)(_)         TIK                     '--'   '--'   '--'  '-'    '-'
   (_)
The Good:  Ainko, Akio, Alderik, Francis, Ghij, Harold, Kim,, Knutt, Kyrania,
Marieke,  Obthic, Oksar, Rhamd, Synnove, Tum, Wanda, Xyziristine, Zhyza
The Evil: Ashmash, Billiam, Brutex, Defcon, Hatchie, Inkathurg, Lentracus,
Maglubhiyet, Myrcea, Oki, Oliksia, Qwestus, Timo, Tym, Wrorg, Zhough

mume.kyrania.com mume@kyrania.com around since 2000
It seems my life moved on. Good",Ghij,comma_name_list,,"The Good:  Ainko, Akio, Alderik, Francis, Ghij, Harold, Kim,, Knutt, Kyrania,",low,no
whois_rik_1780833974,char_rik,Rik,Maia,"…
::   | |   | | | |\ \  | + \ /    \ /    \ |   \/   |
  / // // /      **   '-'   '-' '-' '-' |   / N /\ N N /\ N | |\  /| |
 / // // /                              | + \ N \/ N N \/ N | | \/ | |
(_)(_)(_)                               |   / \    / \    / | |    | |
 (_)(_)         TIK                     '--'   '--'   '--'  '-'    '-'
   (_)
The Good:  Ainko, Akio, Alderik, Francis, Ghij, Harold, Kim,, Knutt, Kyrania,
Marieke,  Obthic, Oksar, Rhamd, Synnove, Tum, Wanda, Xyziristine, Zhyza
The Evil: Ashmash, Billiam, Brutex, Defcon, Hatchie, Inkathurg, Lentracus,
Maglubhiyet, Myrcea, Oki, Oliksia, Qwestus, Timo, Tym, Wrorg, Zhough

mume.kyrania.com mume@kyrania.com around since 2000
It seems my life moved on. Good",Harold,comma_name_list,,"The Good:  Ainko, Akio, Alderik, Francis, Ghij, Harold, Kim,, Knutt, Kyrania,",low,no
whois_rik_1780833974,char_rik,Rik,Maia,"…
::   | |   | | | |\ \  | + \ /    \ /    \ |   \/   |
  / // // /      **   '-'   '-' '-' '-' |   / N /\ N N /\ N | |\  /| |
 / // // /                              | + \ N \/ N N \/ N | | \/ | |
(_)(_)(_)                               |   / \    / \    / | |    | |
 (_)(_)         TIK                     '--'   '--'   '--'  '-'    '-'
   (_)
The Good:  Ainko, Akio, Alderik, Francis, Ghij, Harold, Kim,, Knutt, Kyrania,
Marieke,  Obthic, Oksar, Rhamd, Synnove, Tum, Wanda, Xyziristine, Zhyza
The Evil: Ashmash, Billiam, Brutex, Defcon, Hatchie, Inkathurg, Lentracus,
Maglubhiyet, Myrcea, Oki, Oliksia, Qwestus, Timo, Tym, Wrorg, Zhough

mume.kyrania.com mume@kyrania.com around since 2000
It seems my life moved on. Good",Kim,comma_name_list,,"The Good:  Ainko, Akio, Alderik, Francis, Ghij, Harold, Kim,, Knutt, Kyrania,",low,no
whois_rik_1780833974,char_rik,Rik,Maia,"…
::   | |   | | | |\ \  | + \ /    \ /    \ |   \/   |
  / // // /      **   '-'   '-' '-' '-' |   / N /\ N N /\ N | |\  /| |
 / // // /                              | + \ N \/ N N \/ N | | \/ | |
(_)(_)(_)                               |   / \    / \    / | |    | |
 (_)(_)         TIK                     '--'   '--'   '--'  '-'    '-'
   (_)
The Good:  Ainko, Akio, Alderik, Francis, Ghij, Harold, Kim,, Knutt, Kyrania,
Marieke,  Obthic, Oksar, Rhamd, Synnove, Tum, Wanda, Xyziristine, Zhyza
The Evil: Ashmash, Billiam, Brutex, Defcon, Hatchie, Inkathurg, Lentracus,
Maglubhiyet, Myrcea, Oki, Oliksia, Qwestus, Timo, Tym, Wrorg, Zhough

mume.kyrania.com mume@kyrania.com around since 2000
It seems my life moved on. Good",Knutt,comma_name_list,,"The Good:  Ainko, Akio, Alderik, Francis, Ghij, Harold, Kim,, Knutt, Kyrania,",low,no
whois_rik_1780833974,char_rik,Rik,Maia,"…
::   | |   | | | |\ \  | + \ /    \ /    \ |   \/   |
  / // // /      **   '-'   '-' '-' '-' |   / N /\ N N /\ N | |\  /| |
 / // // /                              | + \ N \/ N N \/ N | | \/ | |
(_)(_)(_)                               |   / \    / \    / | |    | |
 (_)(_)         TIK                     '--'   '--'   '--'  '-'    '-'
   (_)
The Good:  Ainko, Akio, Alderik, Francis, Ghij, Harold, Kim,, Knutt, Kyrania,
Marieke,  Obthic, Oksar, Rhamd, Synnove, Tum, Wanda, Xyziristine, Zhyza
The Evil: Ashmash, Billiam, Brutex, Defcon, Hatchie, Inkathurg, Lentracus,
Maglubhiyet, Myrcea, Oki, Oliksia, Qwestus, Timo, Tym, Wrorg, Zhough

mume.kyrania.com mume@kyrania.com around since 2000
It seems my life moved on. Good",Kyrania,comma_name_list,,"The Good:  Ainko, Akio, Alderik, Francis, Ghij, Harold, Kim,, Knutt, Kyrania,",low,no
whois_rik_1780833974,char_rik,Rik,Maia,"…
'-'   '-' '-' '-' |   / N /\ N N /\ N | |\  /| |
 / // // /                              | + \ N \/ N N \/ N | | \/ | |
(_)(_)(_)                               |   / \    / \    / | |    | |
 (_)(_)         TIK                     '--'   '--'   '--'  '-'    '-'
   (_)
The Good:  Ainko, Akio, Alderik, Francis, Ghij, Harold, Kim,, Knutt, Kyrania,
Marieke,  Obthic, Oksar, Rhamd, Synnove, Tum, Wanda, Xyziristine, Zhyza
The Evil: Ashmash, Billiam, Brutex, Defcon, Hatchie, Inkathurg, Lentracus,
Maglubhiyet, Myrcea, Oki, Oliksia, Qwestus, Timo, Tym, Wrorg, Zhough

mume.kyrania.com mume@kyrania.com around since 2000
It seems my life moved on. Good",Marieke,comma_name_list,,"Marieke,  Obthic, Oksar, Rhamd, Synnove, Tum, Wanda, Xyziristine, Zhyza",low,no
whois_rik_1780833974,char_rik,Rik,Maia,"…
'-'   '-' '-' '-' |   / N /\ N N /\ N | |\  /| |
 / // // /                              | + \ N \/ N N \/ N | | \/ | |
(_)(_)(_)                               |   / \    / \    / | |    | |
 (_)(_)         TIK                     '--'   '--'   '--'  '-'    '-'
   (_)
The Good:  Ainko, Akio, Alderik, Francis, Ghij, Harold, Kim,, Knutt, Kyrania,
Marieke,  Obthic, Oksar, Rhamd, Synnove, Tum, Wanda, Xyziristine, Zhyza
The Evil: Ashmash, Billiam, Brutex, Defcon, Hatchie, Inkathurg, Lentracus,
Maglubhiyet, Myrcea, Oki, Oliksia, Qwestus, Timo, Tym, Wrorg, Zhough

mume.kyrania.com mume@kyrania.com around since 2000
It seems my life moved on. Good",Obthic,comma_name_list,,"Marieke,  Obthic, Oksar, Rhamd, Synnove, Tum, Wanda, Xyziristine, Zhyza",low,no
whois_rik_1780833974,char_rik,Rik,Maia,"…
'-'   '-' '-' '-' |   / N /\ N N /\ N | |\  /| |
 / // // /                              | + \ N \/ N N \/ N | | \/ | |
(_)(_)(_)                               |   / \    / \    / | |    | |
 (_)(_)         TIK                     '--'   '--'   '--'  '-'    '-'
   (_)
The Good:  Ainko, Akio, Alderik, Francis, Ghij, Harold, Kim,, Knutt, Kyrania,
Marieke,  Obthic, Oksar, Rhamd, Synnove, Tum, Wanda, Xyziristine, Zhyza
The Evil: Ashmash, Billiam, Brutex, Defcon, Hatchie, Inkathurg, Lentracus,
Maglubhiyet, Myrcea, Oki, Oliksia, Qwestus, Timo, Tym, Wrorg, Zhough

mume.kyrania.com mume@kyrania.com around since 2000
It seems my life moved on. Good",Oksar,comma_name_list,,"Marieke,  Obthic, Oksar, Rhamd, Synnove, Tum, Wanda, Xyziristine, Zhyza",low,no
whois_rik_1780833974,char_rik,Rik,Maia,"…
'-'   '-' '-' '-' |   / N /\ N N /\ N | |\  /| |
 / // // /                              | + \ N \/ N N \/ N | | \/ | |
(_)(_)(_)                               |   / \    / \    / | |    | |
 (_)(_)         TIK                     '--'   '--'   '--'  '-'    '-'
   (_)
The Good:  Ainko, Akio, Alderik, Francis, Ghij, Harold, Kim,, Knutt, Kyrania,
Marieke,  Obthic, Oksar, Rhamd, Synnove, Tum, Wanda, Xyziristine, Zhyza
The Evil: Ashmash, Billiam, Brutex, Defcon, Hatchie, Inkathurg, Lentracus,
Maglubhiyet, Myrcea, Oki, Oliksia, Qwestus, Timo, Tym, Wrorg, Zhough

mume.kyrania.com mume@kyrania.com around since 2000
It seems my life moved on. Good",Rhamd,comma_name_list,,"Marieke,  Obthic, Oksar, Rhamd, Synnove, Tum, Wanda, Xyziristine, Zhyza",low,no
whois_rik_1780833974,char_rik,Rik,Maia,"…
'-'   '-' '-' '-' |   / N /\ N N /\ N | |\  /| |
 / // // /                              | + \ N \/ N N \/ N | | \/ | |
(_)(_)(_)                               |   / \    / \    / | |    | |
 (_)(_)         TIK                     '--'   '--'   '--'  '-'    '-'
   (_)
The Good:  Ainko, Akio, Alderik, Francis, Ghij, Harold, Kim,, Knutt, Kyrania,
Marieke,  Obthic, Oksar, Rhamd, Synnove, Tum, Wanda, Xyziristine, Zhyza
The Evil: Ashmash, Billiam, Brutex, Defcon, Hatchie, Inkathurg, Lentracus,
Maglubhiyet, Myrcea, Oki, Oliksia, Qwestus, Timo, Tym, Wrorg, Zhough

mume.kyrania.com mume@kyrania.com around since 2000
It seems my life moved on. Good",Synnove,comma_name_list,,"Marieke,  Obthic, Oksar, Rhamd, Synnove, Tum, Wanda, Xyziristine, Zhyza",low,no
whois_rik_1780833974,char_rik,Rik,Maia,"…
'-'   '-' '-' '-' |   / N /\ N N /\ N | |\  /| |
 / // // /                              | + \ N \/ N N \/ N | | \/ | |
(_)(_)(_)                               |   / \    / \    / | |    | |
 (_)(_)         TIK                     '--'   '--'   '--'  '-'    '-'
   (_)
The Good:  Ainko, Akio, Alderik, Francis, Ghij, Harold, Kim,, Knutt, Kyrania,
Marieke,  Obthic, Oksar, Rhamd, Synnove, Tum, Wanda, Xyziristine, Zhyza
The Evil: Ashmash, Billiam, Brutex, Defcon, Hatchie, Inkathurg, Lentracus,
Maglubhiyet, Myrcea, Oki, Oliksia, Qwestus, Timo, Tym, Wrorg, Zhough

mume.kyrania.com mume@kyrania.com around since 2000
It seems my life moved on. Good",Tum,comma_name_list,,"Marieke,  Obthic, Oksar, Rhamd, Synnove, Tum, Wanda, Xyziristine, Zhyza",low,no
whois_rik_1780833974,char_rik,Rik,Maia,"…
'-'   '-' '-' '-' |   / N /\ N N /\ N | |\  /| |
 / // // /                              | + \ N \/ N N \/ N | | \/ | |
(_)(_)(_)                               |   / \    / \    / | |    | |
 (_)(_)         TIK                     '--'   '--'   '--'  '-'    '-'
   (_)
The Good:  Ainko, Akio, Alderik, Francis, Ghij, Harold, Kim,, Knutt, Kyrania,
Marieke,  Obthic, Oksar, Rhamd, Synnove, Tum, Wanda, Xyziristine, Zhyza
The Evil: Ashmash, Billiam, Brutex, Defcon, Hatchie, Inkathurg, Lentracus,
Maglubhiyet, Myrcea, Oki, Oliksia, Qwestus, Timo, Tym, Wrorg, Zhough

mume.kyrania.com mume@kyrania.com around since 2000
It seems my life moved on. Good",Wanda,comma_name_list,,"Marieke,  Obthic, Oksar, Rhamd, Synnove, Tum, Wanda, Xyziristine, Zhyza",low,no
whois_rik_1780833974,char_rik,Rik,Maia,"…
'-'   '-' '-' '-' |   / N /\ N N /\ N | |\  /| |
 / // // /                              | + \ N \/ N N \/ N | | \/ | |
(_)(_)(_)                               |   / \    / \    / | |    | |
 (_)(_)         TIK                     '--'   '--'   '--'  '-'    '-'
   (_)
The Good:  Ainko, Akio, Alderik, Francis, Ghij, Harold, Kim,, Knutt, Kyrania,
Marieke,  Obthic, Oksar, Rhamd, Synnove, Tum, Wanda, Xyziristine, Zhyza
The Evil: Ashmash, Billiam, Brutex, Defcon, Hatchie, Inkathurg, Lentracus,
Maglubhiyet, Myrcea, Oki, Oliksia, Qwestus, Timo, Tym, Wrorg, Zhough

mume.kyrania.com mume@kyrania.com around since 2000
It seems my life moved on. Good",Xyziristine,comma_name_list,,"Marieke,  Obthic, Oksar, Rhamd, Synnove, Tum, Wanda, Xyziristine, Zhyza",low,no
whois_rik_1780833974,char_rik,Rik,Maia,"…
'-'   '-' '-' '-' |   / N /\ N N /\ N | |\  /| |
 / // // /                              | + \ N \/ N N \/ N | | \/ | |
(_)(_)(_)                               |   / \    / \    / | |    | |
 (_)(_)         TIK                     '--'   '--'   '--'  '-'    '-'
   (_)
The Good:  Ainko, Akio, Alderik, Francis, Ghij, Harold, Kim,, Knutt, Kyrania,
Marieke,  Obthic, Oksar, Rhamd, Synnove, Tum, Wanda, Xyziristine, Zhyza
The Evil: Ashmash, Billiam, Brutex, Defcon, Hatchie, Inkathurg, Lentracus,
Maglubhiyet, Myrcea, Oki, Oliksia, Qwestus, Timo, Tym, Wrorg, Zhough

mume.kyrania.com mume@kyrania.com around since 2000
It seems my life moved on. Good",Zhyza,comma_name_list,,"Marieke,  Obthic, Oksar, Rhamd, Synnove, Tum, Wanda, Xyziristine, Zhyza",low,no
whois_rik_1780833974,char_rik,Rik,Maia,"…
| + \ N \/ N N \/ N | | \/ | |
(_)(_)(_)                               |   / \    / \    / | |    | |
 (_)(_)         TIK                     '--'   '--'   '--'  '-'    '-'
   (_)
The Good:  Ainko, Akio, Alderik, Francis, Ghij, Harold, Kim,, Knutt, Kyrania,
Marieke,  Obthic, Oksar, Rhamd, Synnove, Tum, Wanda, Xyziristine, Zhyza
The Evil: Ashmash, Billiam, Brutex, Defcon, Hatchie, Inkathurg, Lentracus,
Maglubhiyet, Myrcea, Oki, Oliksia, Qwestus, Timo, Tym, Wrorg, Zhough

mume.kyrania.com mume@kyrania.com around since 2000
It seems my life moved on. Good",Billiam,comma_name_list,,"The Evil: Ashmash, Billiam, Brutex, Defcon, Hatchie, Inkathurg, Lentracus,",low,no
whois_rik_1780833974,char_rik,Rik,Maia,"…
| + \ N \/ N N \/ N | | \/ | |
(_)(_)(_)                               |   / \    / \    / | |    | |
 (_)(_)         TIK                     '--'   '--'   '--'  '-'    '-'
   (_)
The Good:  Ainko, Akio, Alderik, Francis, Ghij, Harold, Kim,, Knutt, Kyrania,
Marieke,  Obthic, Oksar, Rhamd, Synnove, Tum, Wanda, Xyziristine, Zhyza
The Evil: Ashmash, Billiam, Brutex, Defcon, Hatchie, Inkathurg, Lentracus,
Maglubhiyet, Myrcea, Oki, Oliksia, Qwestus, Timo, Tym, Wrorg, Zhough

mume.kyrania.com mume@kyrania.com around since 2000
It seems my life moved on. Good",Brutex,comma_name_list,,"The Evil: Ashmash, Billiam, Brutex, Defcon, Hatchie, Inkathurg, Lentracus,",low,no
whois_rik_1780833974,char_rik,Rik,Maia,"…
| + \ N \/ N N \/ N | | \/ | |
(_)(_)(_)                               |   / \    / \    / | |    | |
 (_)(_)         TIK                     '--'   '--'   '--'  '-'    '-'
   (_)
The Good:  Ainko, Akio, Alderik, Francis, Ghij, Harold, Kim,, Knutt, Kyrania,
Marieke,  Obthic, Oksar, Rhamd, Synnove, Tum, Wanda, Xyziristine, Zhyza
The Evil: Ashmash, Billiam, Brutex, Defcon, Hatchie, Inkathurg, Lentracus,
Maglubhiyet, Myrcea, Oki, Oliksia, Qwestus, Timo, Tym, Wrorg, Zhough

mume.kyrania.com mume@kyrania.com around since 2000
It seems my life moved on. Good",Defcon,comma_name_list,,"The Evil: Ashmash, Billiam, Brutex, Defcon, Hatchie, Inkathurg, Lentracus,",low,no
whois_rik_1780833974,char_rik,Rik,Maia,"…
| + \ N \/ N N \/ N | | \/ | |
(_)(_)(_)                               |   / \    / \    / | |    | |
 (_)(_)         TIK                     '--'   '--'   '--'  '-'    '-'
   (_)
The Good:  Ainko, Akio, Alderik, Francis, Ghij, Harold, Kim,, Knutt, Kyrania,
Marieke,  Obthic, Oksar, Rhamd, Synnove, Tum, Wanda, Xyziristine, Zhyza
The Evil: Ashmash, Billiam, Brutex, Defcon, Hatchie, Inkathurg, Lentracus,
Maglubhiyet, Myrcea, Oki, Oliksia, Qwestus, Timo, Tym, Wrorg, Zhough

mume.kyrania.com mume@kyrania.com around since 2000
It seems my life moved on. Good",Hatchie,comma_name_list,,"The Evil: Ashmash, Billiam, Brutex, Defcon, Hatchie, Inkathurg, Lentracus,",low,no
whois_rik_1780833974,char_rik,Rik,Maia,"…
| + \ N \/ N N \/ N | | \/ | |
(_)(_)(_)                               |   / \    / \    / | |    | |
 (_)(_)         TIK                     '--'   '--'   '--'  '-'    '-'
   (_)
The Good:  Ainko, Akio, Alderik, Francis, Ghij, Harold, Kim,, Knutt, Kyrania,
Marieke,  Obthic, Oksar, Rhamd, Synnove, Tum, Wanda, Xyziristine, Zhyza
The Evil: Ashmash, Billiam, Brutex, Defcon, Hatchie, Inkathurg, Lentracus,
Maglubhiyet, Myrcea, Oki, Oliksia, Qwestus, Timo, Tym, Wrorg, Zhough

mume.kyrania.com mume@kyrania.com around since 2000
It seems my life moved on. Good",Inkathurg,comma_name_list,,"The Evil: Ashmash, Billiam, Brutex, Defcon, Hatchie, Inkathurg, Lentracus,",low,no
whois_rik_1780833974,char_rik,Rik,Maia,"…
| + \ N \/ N N \/ N | | \/ | |
(_)(_)(_)                               |   / \    / \    / | |    | |
 (_)(_)         TIK                     '--'   '--'   '--'  '-'    '-'
   (_)
The Good:  Ainko, Akio, Alderik, Francis, Ghij, Harold, Kim,, Knutt, Kyrania,
Marieke,  Obthic, Oksar, Rhamd, Synnove, Tum, Wanda, Xyziristine, Zhyza
The Evil: Ashmash, Billiam, Brutex, Defcon, Hatchie, Inkathurg, Lentracus,
Maglubhiyet, Myrcea, Oki, Oliksia, Qwestus, Timo, Tym, Wrorg, Zhough

mume.kyrania.com mume@kyrania.com around since 2000
It seems my life moved on. Good",Lentracus,comma_name_list,,"The Evil: Ashmash, Billiam, Brutex, Defcon, Hatchie, Inkathurg, Lentracus,",low,no
whois_rik_1780833974,char_rik,Rik,Maia,"…
|   / \    / \    / | |    | |
 (_)(_)         TIK                     '--'   '--'   '--'  '-'    '-'
   (_)
The Good:  Ainko, Akio, Alderik, Francis, Ghij, Harold, Kim,, Knutt, Kyrania,
Marieke,  Obthic, Oksar, Rhamd, Synnove, Tum, Wanda, Xyziristine, Zhyza
The Evil: Ashmash, Billiam, Brutex, Defcon, Hatchie, Inkathurg, Lentracus,
Maglubhiyet, Myrcea, Oki, Oliksia, Qwestus, Timo, Tym, Wrorg, Zhough

mume.kyrania.com mume@kyrania.com around since 2000
It seems my life moved on. Good",Maglubhiyet,comma_name_list,,"Maglubhiyet, Myrcea, Oki, Oliksia, Qwestus, Timo, Tym, Wrorg, Zhough",low,no
whois_rik_1780833974,char_rik,Rik,Maia,"…
|   / \    / \    / | |    | |
 (_)(_)         TIK                     '--'   '--'   '--'  '-'    '-'
   (_)
The Good:  Ainko, Akio, Alderik, Francis, Ghij, Harold, Kim,, Knutt, Kyrania,
Marieke,  Obthic, Oksar, Rhamd, Synnove, Tum, Wanda, Xyziristine, Zhyza
The Evil: Ashmash, Billiam, Brutex, Defcon, Hatchie, Inkathurg, Lentracus,
Maglubhiyet, Myrcea, Oki, Oliksia, Qwestus, Timo, Tym, Wrorg, Zhough

mume.kyrania.com mume@kyrania.com around since 2000
It seems my life moved on. Good",Myrcea,comma_name_list,,"Maglubhiyet, Myrcea, Oki, Oliksia, Qwestus, Timo, Tym, Wrorg, Zhough",low,no
whois_rik_1780833974,char_rik,Rik,Maia,"…
|   / \    / \    / | |    | |
 (_)(_)         TIK                     '--'   '--'   '--'  '-'    '-'
   (_)
The Good:  Ainko, Akio, Alderik, Francis, Ghij, Harold, Kim,, Knutt, Kyrania,
Marieke,  Obthic, Oksar, Rhamd, Synnove, Tum, Wanda, Xyziristine, Zhyza
The Evil: Ashmash, Billiam, Brutex, Defcon, Hatchie, Inkathurg, Lentracus,
Maglubhiyet, Myrcea, Oki, Oliksia, Qwestus, Timo, Tym, Wrorg, Zhough

mume.kyrania.com mume@kyrania.com around since 2000
It seems my life moved on. Good",Oki,comma_name_list,,"Maglubhiyet, Myrcea, Oki, Oliksia, Qwestus, Timo, Tym, Wrorg, Zhough",low,no
whois_rik_1780833974,char_rik,Rik,Maia,"…
|   / \    / \    / | |    | |
 (_)(_)         TIK                     '--'   '--'   '--'  '-'    '-'
   (_)
The Good:  Ainko, Akio, Alderik, Francis, Ghij, Harold, Kim,, Knutt, Kyrania,
Marieke,  Obthic, Oksar, Rhamd, Synnove, Tum, Wanda, Xyziristine, Zhyza
The Evil: Ashmash, Billiam, Brutex, Defcon, Hatchie, Inkathurg, Lentracus,
Maglubhiyet, Myrcea, Oki, Oliksia, Qwestus, Timo, Tym, Wrorg, Zhough

mume.kyrania.com mume@kyrania.com around since 2000
It seems my life moved on. Good",Oliksia,comma_name_list,,"Maglubhiyet, Myrcea, Oki, Oliksia, Qwestus, Timo, Tym, Wrorg, Zhough",low,no
whois_rik_1780833974,char_rik,Rik,Maia,"…
|   / \    / \    / | |    | |
 (_)(_)         TIK                     '--'   '--'   '--'  '-'    '-'
   (_)
The Good:  Ainko, Akio, Alderik, Francis, Ghij, Harold, Kim,, Knutt, Kyrania,
Marieke,  Obthic, Oksar, Rhamd, Synnove, Tum, Wanda, Xyziristine, Zhyza
The Evil: Ashmash, Billiam, Brutex, Defcon, Hatchie, Inkathurg, Lentracus,
Maglubhiyet, Myrcea, Oki, Oliksia, Qwestus, Timo, Tym, Wrorg, Zhough

mume.kyrania.com mume@kyrania.com around since 2000
It seems my life moved on. Good",Qwestus,comma_name_list,,"Maglubhiyet, Myrcea, Oki, Oliksia, Qwestus, Timo, Tym, Wrorg, Zhough",high,yes
whois_rik_1780833974,char_rik,Rik,Maia,"…
|   / \    / \    / | |    | |
 (_)(_)         TIK                     '--'   '--'   '--'  '-'    '-'
   (_)
The Good:  Ainko, Akio, Alderik, Francis, Ghij, Harold, Kim,, Knutt, Kyrania,
Marieke,  Obthic, Oksar, Rhamd, Synnove, Tum, Wanda, Xyziristine, Zhyza
The Evil: Ashmash, Billiam, Brutex, Defcon, Hatchie, Inkathurg, Lentracus,
Maglubhiyet, Myrcea, Oki, Oliksia, Qwestus, Timo, Tym, Wrorg, Zhough

mume.kyrania.com mume@kyrania.com around since 2000
It seems my life moved on. Good",Timo,comma_name_list,,"Maglubhiyet, Myrcea, Oki, Oliksia, Qwestus, Timo, Tym, Wrorg, Zhough",low,no
whois_rik_1780833974,char_rik,Rik,Maia,"…
|   / \    / \    / | |    | |
 (_)(_)         TIK                     '--'   '--'   '--'  '-'    '-'
   (_)
The Good:  Ainko, Akio, Alderik, Francis, Ghij, Harold, Kim,, Knutt, Kyrania,
Marieke,  Obthic, Oksar, Rhamd, Synnove, Tum, Wanda, Xyziristine, Zhyza
The Evil: Ashmash, Billiam, Brutex, Defcon, Hatchie, Inkathurg, Lentracus,
Maglubhiyet, Myrcea, Oki, Oliksia, Qwestus, Timo, Tym, Wrorg, Zhough

mume.kyrania.com mume@kyrania.com around since 2000
It seems my life moved on. Good",Tym,comma_name_list,,"Maglubhiyet, Myrcea, Oki, Oliksia, Qwestus, Timo, Tym, Wrorg, Zhough",low,no
whois_rik_1780833974,char_rik,Rik,Maia,"…
|   / \    / \    / | |    | |
 (_)(_)         TIK                     '--'   '--'   '--'  '-'    '-'
   (_)
The Good:  Ainko, Akio, Alderik, Francis, Ghij, Harold, Kim,, Knutt, Kyrania,
Marieke,  Obthic, Oksar, Rhamd, Synnove, Tum, Wanda, Xyziristine, Zhyza
The Evil: Ashmash, Billiam, Brutex, Defcon, Hatchie, Inkathurg, Lentracus,
Maglubhiyet, Myrcea, Oki, Oliksia, Qwestus, Timo, Tym, Wrorg, Zhough

mume.kyrania.com mume@kyrania.com around since 2000
It seems my life moved on. Good",Wrorg,comma_name_list,,"Maglubhiyet, Myrcea, Oki, Oliksia, Qwestus, Timo, Tym, Wrorg, Zhough",low,no
whois_rik_1780833974,char_rik,Rik,Maia,"…
|   / \    / \    / | |    | |
 (_)(_)         TIK                     '--'   '--'   '--'  '-'    '-'
   (_)
The Good:  Ainko, Akio, Alderik, Francis, Ghij, Harold, Kim,, Knutt, Kyrania,
Marieke,  Obthic, Oksar, Rhamd, Synnove, Tum, Wanda, Xyziristine, Zhyza
The Evil: Ashmash, Billiam, Brutex, Defcon, Hatchie, Inkathurg, Lentracus,
Maglubhiyet, Myrcea, Oki, Oliksia, Qwestus, Timo, Tym, Wrorg, Zhough

mume.kyrania.com mume@kyrania.com around since 2000
It seems my life moved on. Good",Zhough,comma_name_list,,"Maglubhiyet, Myrcea, Oki, Oliksia, Qwestus, Timo, Tym, Wrorg, Zhough",low,no
whois_rik_1780880030,char_rik,Rik,Maia,"…
::   | |   | | | |\ \  | + \ /    \ /    \ |   \/   |
  / // // /      **   '-'   '-' '-' '-' |   / N /\ N N /\ N | |\  /| |
 / // // /                              | + \ N \/ N N \/ N | | \/ | |
(_)(_)(_)                               |   / \    / \    / | |    | |
 (_)(_)         TIK                     '--'   '--'   '--'  '-'    '-'
   (_)
The Good:  Ainko, Akio, Alderik, Francis, Ghij, Harold, Kim,, Knutt, Kyrania,
Marieke,  Obthic, Oksar, Rhamd, Synnove, Tum, Wanda, Xyziristine, Zhyza
The Evil: Ashmash, Billiam, Brutex, Defcon, Hatchie, Inkathurg, Lentracus,
Maglubhiyet, Myrcea, Oki, Oliksia, Qwestus, Timo, Tym, Wrorg, Zhough

mume.kyrania.com mume@kyrania.com around since 2000
It seems my life moved on. Good",Akio,comma_name_list,,"The Good:  Ainko, Akio, Alderik, Francis, Ghij, Harold, Kim,, Knutt, Kyrania,",low,no
whois_rik_1780880030,char_rik,Rik,Maia,"…
::   | |   | | | |\ \  | + \ /    \ /    \ |   \/   |
  / // // /      **   '-'   '-' '-' '-' |   / N /\ N N /\ N | |\  /| |
 / // // /                              | + \ N \/ N N \/ N | | \/ | |
(_)(_)(_)                               |   / \    / \    / | |    | |
 (_)(_)         TIK                     '--'   '--'   '--'  '-'    '-'
   (_)
The Good:  Ainko, Akio, Alderik, Francis, Ghij, Harold, Kim,, Knutt, Kyrania,
Marieke,  Obthic, Oksar, Rhamd, Synnove, Tum, Wanda, Xyziristine, Zhyza
The Evil: Ashmash, Billiam, Brutex, Defcon, Hatchie, Inkathurg, Lentracus,
Maglubhiyet, Myrcea, Oki, Oliksia, Qwestus, Timo, Tym, Wrorg, Zhough

mume.kyrania.com mume@kyrania.com around since 2000
It seems my life moved on. Good",Alderik,comma_name_list,,"The Good:  Ainko, Akio, Alderik, Francis, Ghij, Harold, Kim,, Knutt, Kyrania,",high,yes
whois_rik_1780880030,char_rik,Rik,Maia,"…
::   | |   | | | |\ \  | + \ /    \ /    \ |   \/   |
  / // // /      **   '-'   '-' '-' '-' |   / N /\ N N /\ N | |\  /| |
 / // // /                              | + \ N \/ N N \/ N | | \/ | |
(_)(_)(_)                               |   / \    / \    / | |    | |
 (_)(_)         TIK                     '--'   '--'   '--'  '-'    '-'
   (_)
The Good:  Ainko, Akio, Alderik, Francis, Ghij, Harold, Kim,, Knutt, Kyrania,
Marieke,  Obthic, Oksar, Rhamd, Synnove, Tum, Wanda, Xyziristine, Zhyza
The Evil: Ashmash, Billiam, Brutex, Defcon, Hatchie, Inkathurg, Lentracus,
Maglubhiyet, Myrcea, Oki, Oliksia, Qwestus, Timo, Tym, Wrorg, Zhough

mume.kyrania.com mume@kyrania.com around since 2000
It seems my life moved on. Good",Francis,comma_name_list,,"The Good:  Ainko, Akio, Alderik, Francis, Ghij, Harold, Kim,, Knutt, Kyrania,",high,yes
whois_rik_1780880030,char_rik,Rik,Maia,"…
::   | |   | | | |\ \  | + \ /    \ /    \ |   \/   |
  / // // /      **   '-'   '-' '-' '-' |   / N /\ N N /\ N | |\  /| |
 / // // /                              | + \ N \/ N N \/ N | | \/ | |
(_)(_)(_)                               |   / \    / \    / | |    | |
 (_)(_)         TIK                     '--'   '--'   '--'  '-'    '-'
   (_)
The Good:  Ainko, Akio, Alderik, Francis, Ghij, Harold, Kim,, Knutt, Kyrania,
Marieke,  Obthic, Oksar, Rhamd, Synnove, Tum, Wanda, Xyziristine, Zhyza
The Evil: Ashmash, Billiam, Brutex, Defcon, Hatchie, Inkathurg, Lentracus,
Maglubhiyet, Myrcea, Oki, Oliksia, Qwestus, Timo, Tym, Wrorg, Zhough

mume.kyrania.com mume@kyrania.com around since 2000
It seems my life moved on. Good",Ghij,comma_name_list,,"The Good:  Ainko, Akio, Alderik, Francis, Ghij, Harold, Kim,, Knutt, Kyrania,",low,no
whois_rik_1780880030,char_rik,Rik,Maia,"…
::   | |   | | | |\ \  | + \ /    \ /    \ |   \/   |
  / // // /      **   '-'   '-' '-' '-' |   / N /\ N N /\ N | |\  /| |
 / // // /                              | + \ N \/ N N \/ N | | \/ | |
(_)(_)(_)                               |   / \    / \    / | |    | |
 (_)(_)         TIK                     '--'   '--'   '--'  '-'    '-'
   (_)
The Good:  Ainko, Akio, Alderik, Francis, Ghij, Harold, Kim,, Knutt, Kyrania,
Marieke,  Obthic, Oksar, Rhamd, Synnove, Tum, Wanda, Xyziristine, Zhyza
The Evil: Ashmash, Billiam, Brutex, Defcon, Hatchie, Inkathurg, Lentracus,
Maglubhiyet, Myrcea, Oki, Oliksia, Qwestus, Timo, Tym, Wrorg, Zhough

mume.kyrania.com mume@kyrania.com around since 2000
It seems my life moved on. Good",Harold,comma_name_list,,"The Good:  Ainko, Akio, Alderik, Francis, Ghij, Harold, Kim,, Knutt, Kyrania,",low,no
whois_rik_1780880030,char_rik,Rik,Maia,"…
::   | |   | | | |\ \  | + \ /    \ /    \ |   \/   |
  / // // /      **   '-'   '-' '-' '-' |   / N /\ N N /\ N | |\  /| |
 / // // /                              | + \ N \/ N N \/ N | | \/ | |
(_)(_)(_)                               |   / \    / \    / | |    | |
 (_)(_)         TIK                     '--'   '--'   '--'  '-'    '-'
   (_)
The Good:  Ainko, Akio, Alderik, Francis, Ghij, Harold, Kim,, Knutt, Kyrania,
Marieke,  Obthic, Oksar, Rhamd, Synnove, Tum, Wanda, Xyziristine, Zhyza
The Evil: Ashmash, Billiam, Brutex, Defcon, Hatchie, Inkathurg, Lentracus,
Maglubhiyet, Myrcea, Oki, Oliksia, Qwestus, Timo, Tym, Wrorg, Zhough

mume.kyrania.com mume@kyrania.com around since 2000
It seems my life moved on. Good",Kim,comma_name_list,,"The Good:  Ainko, Akio, Alderik, Francis, Ghij, Harold, Kim,, Knutt, Kyrania,",low,no
whois_rik_1780880030,char_rik,Rik,Maia,"…
::   | |   | | | |\ \  | + \ /    \ /    \ |   \/   |
  / // // /      **   '-'   '-' '-' '-' |   / N /\ N N /\ N | |\  /| |
 / // // /                              | + \ N \/ N N \/ N | | \/ | |
(_)(_)(_)                               |   / \    / \    / | |    | |
 (_)(_)         TIK                     '--'   '--'   '--'  '-'    '-'
   (_)
The Good:  Ainko, Akio, Alderik, Francis, Ghij, Harold, Kim,, Knutt, Kyrania,
Marieke,  Obthic, Oksar, Rhamd, Synnove, Tum, Wanda, Xyziristine, Zhyza
The Evil: Ashmash, Billiam, Brutex, Defcon, Hatchie, Inkathurg, Lentracus,
Maglubhiyet, Myrcea, Oki, Oliksia, Qwestus, Timo, Tym, Wrorg, Zhough

mume.kyrania.com mume@kyrania.com around since 2000
It seems my life moved on. Good",Knutt,comma_name_list,,"The Good:  Ainko, Akio, Alderik, Francis, Ghij, Harold, Kim,, Knutt, Kyrania,",low,no
whois_rik_1780880030,char_rik,Rik,Maia,"…
::   | |   | | | |\ \  | + \ /    \ /    \ |   \/   |
  / // // /      **   '-'   '-' '-' '-' |   / N /\ N N /\ N | |\  /| |
 / // // /                              | + \ N \/ N N \/ N | | \/ | |
(_)(_)(_)                               |   / \    / \    / | |    | |
 (_)(_)         TIK                     '--'   '--'   '--'  '-'    '-'
   (_)
The Good:  Ainko, Akio, Alderik, Francis, Ghij, Harold, Kim,, Knutt, Kyrania,
Marieke,  Obthic, Oksar, Rhamd, Synnove, Tum, Wanda, Xyziristine, Zhyza
The Evil: Ashmash, Billiam, Brutex, Defcon, Hatchie, Inkathurg, Lentracus,
Maglubhiyet, Myrcea, Oki, Oliksia, Qwestus, Timo, Tym, Wrorg, Zhough

mume.kyrania.com mume@kyrania.com around since 2000
It seems my life moved on. Good",Kyrania,comma_name_list,,"The Good:  Ainko, Akio, Alderik, Francis, Ghij, Harold, Kim,, Knutt, Kyrania,",low,no
whois_rik_1780880030,char_rik,Rik,Maia,"…
'-'   '-' '-' '-' |   / N /\ N N /\ N | |\  /| |
 / // // /                              | + \ N \/ N N \/ N | | \/ | |
(_)(_)(_)                               |   / \    / \    / | |    | |
 (_)(_)         TIK                     '--'   '--'   '--'  '-'    '-'
   (_)
The Good:  Ainko, Akio, Alderik, Francis, Ghij, Harold, Kim,, Knutt, Kyrania,
Marieke,  Obthic, Oksar, Rhamd, Synnove, Tum, Wanda, Xyziristine, Zhyza
The Evil: Ashmash, Billiam, Brutex, Defcon, Hatchie, Inkathurg, Lentracus,
Maglubhiyet, Myrcea, Oki, Oliksia, Qwestus, Timo, Tym, Wrorg, Zhough

mume.kyrania.com mume@kyrania.com around since 2000
It seems my life moved on. Good",Marieke,comma_name_list,,"Marieke,  Obthic, Oksar, Rhamd, Synnove, Tum, Wanda, Xyziristine, Zhyza",low,no
whois_rik_1780880030,char_rik,Rik,Maia,"…
'-'   '-' '-' '-' |   / N /\ N N /\ N | |\  /| |
 / // // /                              | + \ N \/ N N \/ N | | \/ | |
(_)(_)(_)                               |   / \    / \    / | |    | |
 (_)(_)         TIK                     '--'   '--'   '--'  '-'    '-'
   (_)
The Good:  Ainko, Akio, Alderik, Francis, Ghij, Harold, Kim,, Knutt, Kyrania,
Marieke,  Obthic, Oksar, Rhamd, Synnove, Tum, Wanda, Xyziristine, Zhyza
The Evil: Ashmash, Billiam, Brutex, Defcon, Hatchie, Inkathurg, Lentracus,
Maglubhiyet, Myrcea, Oki, Oliksia, Qwestus, Timo, Tym, Wrorg, Zhough

mume.kyrania.com mume@kyrania.com around since 2000
It seems my life moved on. Good",Obthic,comma_name_list,,"Marieke,  Obthic, Oksar, Rhamd, Synnove, Tum, Wanda, Xyziristine, Zhyza",low,no
whois_rik_1780880030,char_rik,Rik,Maia,"…
'-'   '-' '-' '-' |   / N /\ N N /\ N | |\  /| |
 / // // /                              | + \ N \/ N N \/ N | | \/ | |
(_)(_)(_)                               |   / \    / \    / | |    | |
 (_)(_)         TIK                     '--'   '--'   '--'  '-'    '-'
   (_)
The Good:  Ainko, Akio, Alderik, Francis, Ghij, Harold, Kim,, Knutt, Kyrania,
Marieke,  Obthic, Oksar, Rhamd, Synnove, Tum, Wanda, Xyziristine, Zhyza
The Evil: Ashmash, Billiam, Brutex, Defcon, Hatchie, Inkathurg, Lentracus,
Maglubhiyet, Myrcea, Oki, Oliksia, Qwestus, Timo, Tym, Wrorg, Zhough

mume.kyrania.com mume@kyrania.com around since 2000
It seems my life moved on. Good",Oksar,comma_name_list,,"Marieke,  Obthic, Oksar, Rhamd, Synnove, Tum, Wanda, Xyziristine, Zhyza",low,no
whois_rik_1780880030,char_rik,Rik,Maia,"…
'-'   '-' '-' '-' |   / N /\ N N /\ N | |\  /| |
 / // // /                              | + \ N \/ N N \/ N | | \/ | |
(_)(_)(_)                               |   / \    / \    / | |    | |
 (_)(_)         TIK                     '--'   '--'   '--'  '-'    '-'
   (_)
The Good:  Ainko, Akio, Alderik, Francis, Ghij, Harold, Kim,, Knutt, Kyrania,
Marieke,  Obthic, Oksar, Rhamd, Synnove, Tum, Wanda, Xyziristine, Zhyza
The Evil: Ashmash, Billiam, Brutex, Defcon, Hatchie, Inkathurg, Lentracus,
Maglubhiyet, Myrcea, Oki, Oliksia, Qwestus, Timo, Tym, Wrorg, Zhough

mume.kyrania.com mume@kyrania.com around since 2000
It seems my life moved on. Good",Rhamd,comma_name_list,,"Marieke,  Obthic, Oksar, Rhamd, Synnove, Tum, Wanda, Xyziristine, Zhyza",low,no
whois_rik_1780880030,char_rik,Rik,Maia,"…
'-'   '-' '-' '-' |   / N /\ N N /\ N | |\  /| |
 / // // /                              | + \ N \/ N N \/ N | | \/ | |
(_)(_)(_)                               |   / \    / \    / | |    | |
 (_)(_)         TIK                     '--'   '--'   '--'  '-'    '-'
   (_)
The Good:  Ainko, Akio, Alderik, Francis, Ghij, Harold, Kim,, Knutt, Kyrania,
Marieke,  Obthic, Oksar, Rhamd, Synnove, Tum, Wanda, Xyziristine, Zhyza
The Evil: Ashmash, Billiam, Brutex, Defcon, Hatchie, Inkathurg, Lentracus,
Maglubhiyet, Myrcea, Oki, Oliksia, Qwestus, Timo, Tym, Wrorg, Zhough

mume.kyrania.com mume@kyrania.com around since 2000
It seems my life moved on. Good",Synnove,comma_name_list,,"Marieke,  Obthic, Oksar, Rhamd, Synnove, Tum, Wanda, Xyziristine, Zhyza",low,no
whois_rik_1780880030,char_rik,Rik,Maia,"…
'-'   '-' '-' '-' |   / N /\ N N /\ N | |\  /| |
 / // // /                              | + \ N \/ N N \/ N | | \/ | |
(_)(_)(_)                               |   / \    / \    / | |    | |
 (_)(_)         TIK                     '--'   '--'   '--'  '-'    '-'
   (_)
The Good:  Ainko, Akio, Alderik, Francis, Ghij, Harold, Kim,, Knutt, Kyrania,
Marieke,  Obthic, Oksar, Rhamd, Synnove, Tum, Wanda, Xyziristine, Zhyza
The Evil: Ashmash, Billiam, Brutex, Defcon, Hatchie, Inkathurg, Lentracus,
Maglubhiyet, Myrcea, Oki, Oliksia, Qwestus, Timo, Tym, Wrorg, Zhough

mume.kyrania.com mume@kyrania.com around since 2000
It seems my life moved on. Good",Tum,comma_name_list,,"Marieke,  Obthic, Oksar, Rhamd, Synnove, Tum, Wanda, Xyziristine, Zhyza",low,no
whois_rik_1780880030,char_rik,Rik,Maia,"…
'-'   '-' '-' '-' |   / N /\ N N /\ N | |\  /| |
 / // // /                              | + \ N \/ N N \/ N | | \/ | |
(_)(_)(_)                               |   / \    / \    / | |    | |
 (_)(_)         TIK                     '--'   '--'   '--'  '-'    '-'
   (_)
The Good:  Ainko, Akio, Alderik, Francis, Ghij, Harold, Kim,, Knutt, Kyrania,
Marieke,  Obthic, Oksar, Rhamd, Synnove, Tum, Wanda, Xyziristine, Zhyza
The Evil: Ashmash, Billiam, Brutex, Defcon, Hatchie, Inkathurg, Lentracus,
Maglubhiyet, Myrcea, Oki, Oliksia, Qwestus, Timo, Tym, Wrorg, Zhough

mume.kyrania.com mume@kyrania.com around since 2000
It seems my life moved on. Good",Wanda,comma_name_list,,"Marieke,  Obthic, Oksar, Rhamd, Synnove, Tum, Wanda, Xyziristine, Zhyza",low,no
whois_rik_1780880030,char_rik,Rik,Maia,"…
'-'   '-' '-' '-' |   / N /\ N N /\ N | |\  /| |
 / // // /                              | + \ N \/ N N \/ N | | \/ | |
(_)(_)(_)                               |   / \    / \    / | |    | |
 (_)(_)         TIK                     '--'   '--'   '--'  '-'    '-'
   (_)
The Good:  Ainko, Akio, Alderik, Francis, Ghij, Harold, Kim,, Knutt, Kyrania,
Marieke,  Obthic, Oksar, Rhamd, Synnove, Tum, Wanda, Xyziristine, Zhyza
The Evil: Ashmash, Billiam, Brutex, Defcon, Hatchie, Inkathurg, Lentracus,
Maglubhiyet, Myrcea, Oki, Oliksia, Qwestus, Timo, Tym, Wrorg, Zhough

mume.kyrania.com mume@kyrania.com around since 2000
It seems my life moved on. Good",Xyziristine,comma_name_list,,"Marieke,  Obthic, Oksar, Rhamd, Synnove, Tum, Wanda, Xyziristine, Zhyza",low,no
whois_rik_1780880030,char_rik,Rik,Maia,"…
'-'   '-' '-' '-' |   / N /\ N N /\ N | |\  /| |
 / // // /                              | + \ N \/ N N \/ N | | \/ | |
(_)(_)(_)                               |   / \    / \    / | |    | |
 (_)(_)         TIK                     '--'   '--'   '--'  '-'    '-'
   (_)
The Good:  Ainko, Akio, Alderik, Francis, Ghij, Harold, Kim,, Knutt, Kyrania,
Marieke,  Obthic, Oksar, Rhamd, Synnove, Tum, Wanda, Xyziristine, Zhyza
The Evil: Ashmash, Billiam, Brutex, Defcon, Hatchie, Inkathurg, Lentracus,
Maglubhiyet, Myrcea, Oki, Oliksia, Qwestus, Timo, Tym, Wrorg, Zhough

mume.kyrania.com mume@kyrania.com around since 2000
It seems my life moved on. Good",Zhyza,comma_name_list,,"Marieke,  Obthic, Oksar, Rhamd, Synnove, Tum, Wanda, Xyziristine, Zhyza",low,no
whois_rik_1780880030,char_rik,Rik,Maia,"…
| + \ N \/ N N \/ N | | \/ | |
(_)(_)(_)                               |   / \    / \    / | |    | |
 (_)(_)         TIK                     '--'   '--'   '--'  '-'    '-'
   (_)
The Good:  Ainko, Akio, Alderik, Francis, Ghij, Harold, Kim,, Knutt, Kyrania,
Marieke,  Obthic, Oksar, Rhamd, Synnove, Tum, Wanda, Xyziristine, Zhyza
The Evil: Ashmash, Billiam, Brutex, Defcon, Hatchie, Inkathurg, Lentracus,
Maglubhiyet, Myrcea, Oki, Oliksia, Qwestus, Timo, Tym, Wrorg, Zhough

mume.kyrania.com mume@kyrania.com around since 2000
It seems my life moved on. Good",Billiam,comma_name_list,,"The Evil: Ashmash, Billiam, Brutex, Defcon, Hatchie, Inkathurg, Lentracus,",low,no
whois_rik_1780880030,char_rik,Rik,Maia,"…
| + \ N \/ N N \/ N | | \/ | |
(_)(_)(_)                               |   / \    / \    / | |    | |
 (_)(_)         TIK                     '--'   '--'   '--'  '-'    '-'
   (_)
The Good:  Ainko, Akio, Alderik, Francis, Ghij, Harold, Kim,, Knutt, Kyrania,
Marieke,  Obthic, Oksar, Rhamd, Synnove, Tum, Wanda, Xyziristine, Zhyza
The Evil: Ashmash, Billiam, Brutex, Defcon, Hatchie, Inkathurg, Lentracus,
Maglubhiyet, Myrcea, Oki, Oliksia, Qwestus, Timo, Tym, Wrorg, Zhough

mume.kyrania.com mume@kyrania.com around since 2000
It seems my life moved on. Good",Brutex,comma_name_list,,"The Evil: Ashmash, Billiam, Brutex, Defcon, Hatchie, Inkathurg, Lentracus,",low,no
whois_rik_1780880030,char_rik,Rik,Maia,"…
| + \ N \/ N N \/ N | | \/ | |
(_)(_)(_)                               |   / \    / \    / | |    | |
 (_)(_)         TIK                     '--'   '--'   '--'  '-'    '-'
   (_)
The Good:  Ainko, Akio, Alderik, Francis, Ghij, Harold, Kim,, Knutt, Kyrania,
Marieke,  Obthic, Oksar, Rhamd, Synnove, Tum, Wanda, Xyziristine, Zhyza
The Evil: Ashmash, Billiam, Brutex, Defcon, Hatchie, Inkathurg, Lentracus,
Maglubhiyet, Myrcea, Oki, Oliksia, Qwestus, Timo, Tym, Wrorg, Zhough

mume.kyrania.com mume@kyrania.com around since 2000
It seems my life moved on. Good",Defcon,comma_name_list,,"The Evil: Ashmash, Billiam, Brutex, Defcon, Hatchie, Inkathurg, Lentracus,",low,no
whois_rik_1780880030,char_rik,Rik,Maia,"…
| + \ N \/ N N \/ N | | \/ | |
(_)(_)(_)                               |   / \    / \    / | |    | |
 (_)(_)         TIK                     '--'   '--'   '--'  '-'    '-'
   (_)
The Good:  Ainko, Akio, Alderik, Francis, Ghij, Harold, Kim,, Knutt, Kyrania,
Marieke,  Obthic, Oksar, Rhamd, Synnove, Tum, Wanda, Xyziristine, Zhyza
The Evil: Ashmash, Billiam, Brutex, Defcon, Hatchie, Inkathurg, Lentracus,
Maglubhiyet, Myrcea, Oki, Oliksia, Qwestus, Timo, Tym, Wrorg, Zhough

mume.kyrania.com mume@kyrania.com around since 2000
It seems my life moved on. Good",Hatchie,comma_name_list,,"The Evil: Ashmash, Billiam, Brutex, Defcon, Hatchie, Inkathurg, Lentracus,",low,no
whois_rik_1780880030,char_rik,Rik,Maia,"…
| + \ N \/ N N \/ N | | \/ | |
(_)(_)(_)                               |   / \    / \    / | |    | |
 (_)(_)         TIK                     '--'   '--'   '--'  '-'    '-'
   (_)
The Good:  Ainko, Akio, Alderik, Francis, Ghij, Harold, Kim,, Knutt, Kyrania,
Marieke,  Obthic, Oksar, Rhamd, Synnove, Tum, Wanda, Xyziristine, Zhyza
The Evil: Ashmash, Billiam, Brutex, Defcon, Hatchie, Inkathurg, Lentracus,
Maglubhiyet, Myrcea, Oki, Oliksia, Qwestus, Timo, Tym, Wrorg, Zhough

mume.kyrania.com mume@kyrania.com around since 2000
It seems my life moved on. Good",Inkathurg,comma_name_list,,"The Evil: Ashmash, Billiam, Brutex, Defcon, Hatchie, Inkathurg, Lentracus,",low,no
whois_rik_1780880030,char_rik,Rik,Maia,"…
| + \ N \/ N N \/ N | | \/ | |
(_)(_)(_)                               |   / \    / \    / | |    | |
 (_)(_)         TIK                     '--'   '--'   '--'  '-'    '-'
   (_)
The Good:  Ainko, Akio, Alderik, Francis, Ghij, Harold, Kim,, Knutt, Kyrania,
Marieke,  Obthic, Oksar, Rhamd, Synnove, Tum, Wanda, Xyziristine, Zhyza
The Evil: Ashmash, Billiam, Brutex, Defcon, Hatchie, Inkathurg, Lentracus,
Maglubhiyet, Myrcea, Oki, Oliksia, Qwestus, Timo, Tym, Wrorg, Zhough

mume.kyrania.com mume@kyrania.com around since 2000
It seems my life moved on. Good",Lentracus,comma_name_list,,"The Evil: Ashmash, Billiam, Brutex, Defcon, Hatchie, Inkathurg, Lentracus,",low,no
whois_rik_1780880030,char_rik,Rik,Maia,"…
|   / \    / \    / | |    | |
 (_)(_)         TIK                     '--'   '--'   '--'  '-'    '-'
   (_)
The Good:  Ainko, Akio, Alderik, Francis, Ghij, Harold, Kim,, Knutt, Kyrania,
Marieke,  Obthic, Oksar, Rhamd, Synnove, Tum, Wanda, Xyziristine, Zhyza
The Evil: Ashmash, Billiam, Brutex, Defcon, Hatchie, Inkathurg, Lentracus,
Maglubhiyet, Myrcea, Oki, Oliksia, Qwestus, Timo, Tym, Wrorg, Zhough

mume.kyrania.com mume@kyrania.com around since 2000
It seems my life moved on. Good",Maglubhiyet,comma_name_list,,"Maglubhiyet, Myrcea, Oki, Oliksia, Qwestus, Timo, Tym, Wrorg, Zhough",low,no
whois_rik_1780880030,char_rik,Rik,Maia,"…
|   / \    / \    / | |    | |
 (_)(_)         TIK                     '--'   '--'   '--'  '-'    '-'
   (_)
The Good:  Ainko, Akio, Alderik, Francis, Ghij, Harold, Kim,, Knutt, Kyrania,
Marieke,  Obthic, Oksar, Rhamd, Synnove, Tum, Wanda, Xyziristine, Zhyza
The Evil: Ashmash, Billiam, Brutex, Defcon, Hatchie, Inkathurg, Lentracus,
Maglubhiyet, Myrcea, Oki, Oliksia, Qwestus, Timo, Tym, Wrorg, Zhough

mume.kyrania.com mume@kyrania.com around since 2000
It seems my life moved on. Good",Myrcea,comma_name_list,,"Maglubhiyet, Myrcea, Oki, Oliksia, Qwestus, Timo, Tym, Wrorg, Zhough",low,no
whois_rik_1780880030,char_rik,Rik,Maia,"…
|   / \    / \    / | |    | |
 (_)(_)         TIK                     '--'   '--'   '--'  '-'    '-'
   (_)
The Good:  Ainko, Akio, Alderik, Francis, Ghij, Harold, Kim,, Knutt, Kyrania,
Marieke,  Obthic, Oksar, Rhamd, Synnove, Tum, Wanda, Xyziristine, Zhyza
The Evil: Ashmash, Billiam, Brutex, Defcon, Hatchie, Inkathurg, Lentracus,
Maglubhiyet, Myrcea, Oki, Oliksia, Qwestus, Timo, Tym, Wrorg, Zhough

mume.kyrania.com mume@kyrania.com around since 2000
It seems my life moved on. Good",Oki,comma_name_list,,"Maglubhiyet, Myrcea, Oki, Oliksia, Qwestus, Timo, Tym, Wrorg, Zhough",low,no
whois_rik_1780880030,char_rik,Rik,Maia,"…
|   / \    / \    / | |    | |
 (_)(_)         TIK                     '--'   '--'   '--'  '-'    '-'
   (_)
The Good:  Ainko, Akio, Alderik, Francis, Ghij, Harold, Kim,, Knutt, Kyrania,
Marieke,  Obthic, Oksar, Rhamd, Synnove, Tum, Wanda, Xyziristine, Zhyza
The Evil: Ashmash, Billiam, Brutex, Defcon, Hatchie, Inkathurg, Lentracus,
Maglubhiyet, Myrcea, Oki, Oliksia, Qwestus, Timo, Tym, Wrorg, Zhough

mume.kyrania.com mume@kyrania.com around since 2000
It seems my life moved on. Good",Oliksia,comma_name_list,,"Maglubhiyet, Myrcea, Oki, Oliksia, Qwestus, Timo, Tym, Wrorg, Zhough",low,no
whois_rik_1780880030,char_rik,Rik,Maia,"…
|   / \    / \    / | |    | |
 (_)(_)         TIK                     '--'   '--'   '--'  '-'    '-'
   (_)
The Good:  Ainko, Akio, Alderik, Francis, Ghij, Harold, Kim,, Knutt, Kyrania,
Marieke,  Obthic, Oksar, Rhamd, Synnove, Tum, Wanda, Xyziristine, Zhyza
The Evil: Ashmash, Billiam, Brutex, Defcon, Hatchie, Inkathurg, Lentracus,
Maglubhiyet, Myrcea, Oki, Oliksia, Qwestus, Timo, Tym, Wrorg, Zhough

mume.kyrania.com mume@kyrania.com around since 2000
It seems my life moved on. Good",Qwestus,comma_name_list,,"Maglubhiyet, Myrcea, Oki, Oliksia, Qwestus, Timo, Tym, Wrorg, Zhough",high,yes
whois_rik_1780880030,char_rik,Rik,Maia,"…
|   / \    / \    / | |    | |
 (_)(_)         TIK                     '--'   '--'   '--'  '-'    '-'
   (_)
The Good:  Ainko, Akio, Alderik, Francis, Ghij, Harold, Kim,, Knutt, Kyrania,
Marieke,  Obthic, Oksar, Rhamd, Synnove, Tum, Wanda, Xyziristine, Zhyza
The Evil: Ashmash, Billiam, Brutex, Defcon, Hatchie, Inkathurg, Lentracus,
Maglubhiyet, Myrcea, Oki, Oliksia, Qwestus, Timo, Tym, Wrorg, Zhough

mume.kyrania.com mume@kyrania.com around since 2000
It seems my life moved on. Good",Timo,comma_name_list,,"Maglubhiyet, Myrcea, Oki, Oliksia, Qwestus, Timo, Tym, Wrorg, Zhough",low,no
whois_rik_1780880030,char_rik,Rik,Maia,"…
|   / \    / \    / | |    | |
 (_)(_)         TIK                     '--'   '--'   '--'  '-'    '-'
   (_)
The Good:  Ainko, Akio, Alderik, Francis, Ghij, Harold, Kim,, Knutt, Kyrania,
Marieke,  Obthic, Oksar, Rhamd, Synnove, Tum, Wanda, Xyziristine, Zhyza
The Evil: Ashmash, Billiam, Brutex, Defcon, Hatchie, Inkathurg, Lentracus,
Maglubhiyet, Myrcea, Oki, Oliksia, Qwestus, Timo, Tym, Wrorg, Zhough

mume.kyrania.com mume@kyrania.com around since 2000
It seems my life moved on. Good",Tym,comma_name_list,,"Maglubhiyet, Myrcea, Oki, Oliksia, Qwestus, Timo, Tym, Wrorg, Zhough",low,no
whois_rik_1780880030,char_rik,Rik,Maia,"…
|   / \    / \    / | |    | |
 (_)(_)         TIK                     '--'   '--'   '--'  '-'    '-'
   (_)
The Good:  Ainko, Akio, Alderik, Francis, Ghij, Harold, Kim,, Knutt, Kyrania,
Marieke,  Obthic, Oksar, Rhamd, Synnove, Tum, Wanda, Xyziristine, Zhyza
The Evil: Ashmash, Billiam, Brutex, Defcon, Hatchie, Inkathurg, Lentracus,
Maglubhiyet, Myrcea, Oki, Oliksia, Qwestus, Timo, Tym, Wrorg, Zhough

mume.kyrania.com mume@kyrania.com around since 2000
It seems my life moved on. Good",Wrorg,comma_name_list,,"Maglubhiyet, Myrcea, Oki, Oliksia, Qwestus, Timo, Tym, Wrorg, Zhough",low,no
whois_rik_1780880030,char_rik,Rik,Maia,"…
|   / \    / \    / | |    | |
 (_)(_)         TIK                     '--'   '--'   '--'  '-'    '-'
   (_)
The Good:  Ainko, Akio, Alderik, Francis, Ghij, Harold, Kim,, Knutt, Kyrania,
Marieke,  Obthic, Oksar, Rhamd, Synnove, Tum, Wanda, Xyziristine, Zhyza
The Evil: Ashmash, Billiam, Brutex, Defcon, Hatchie, Inkathurg, Lentracus,
Maglubhiyet, Myrcea, Oki, Oliksia, Qwestus, Timo, Tym, Wrorg, Zhough

mume.kyrania.com mume@kyrania.com around since 2000
It seems my life moved on. Good",Zhough,comma_name_list,,"Maglubhiyet, Myrcea, Oki, Oliksia, Qwestus, Timo, Tym, Wrorg, Zhough",low,no
whois_rik_1780880388,char_rik,Rik,Maia,"…
::   | |   | | | |\ \  | + \ /    \ /    \ |   \/   |
  / // // /      **   '-'   '-' '-' '-' |   / N /\ N N /\ N | |\  /| |
 / // // /                              | + \ N \/ N N \/ N | | \/ | |
(_)(_)(_)                               |   / \    / \    / | |    | |
 (_)(_)         TIK                     '--'   '--'   '--'  '-'    '-'
   (_)
The Good:  Ainko, Akio, Alderik, Francis, Ghij, Harold, Kim,, Knutt, Kyrania,
Marieke,  Obthic, Oksar, Rhamd, Synnove, Tum, Wanda, Xyziristine, Zhyza
The Evil: Ashmash, Billiam, Brutex, Defcon, Hatchie, Inkathurg, Lentracus,
Maglubhiyet, Myrcea, Oki, Oliksia, Qwestus, Timo, Tym, Wrorg, Zhough

mume.kyrania.com mume@kyrania.com around since 2000
It seems my life moved on. Good",Akio,comma_name_list,,"The Good:  Ainko, Akio, Alderik, Francis, Ghij, Harold, Kim,, Knutt, Kyrania,",low,no
whois_rik_1780880388,char_rik,Rik,Maia,"…
::   | |   | | | |\ \  | + \ /    \ /    \ |   \/   |
  / // // /      **   '-'   '-' '-' '-' |   / N /\ N N /\ N | |\  /| |
 / // // /                              | + \ N \/ N N \/ N | | \/ | |
(_)(_)(_)                               |   / \    / \    / | |    | |
 (_)(_)         TIK                     '--'   '--'   '--'  '-'    '-'
   (_)
The Good:  Ainko, Akio, Alderik, Francis, Ghij, Harold, Kim,, Knutt, Kyrania,
Marieke,  Obthic, Oksar, Rhamd, Synnove, Tum, Wanda, Xyziristine, Zhyza
The Evil: Ashmash, Billiam, Brutex, Defcon, Hatchie, Inkathurg, Lentracus,
Maglubhiyet, Myrcea, Oki, Oliksia, Qwestus, Timo, Tym, Wrorg, Zhough

mume.kyrania.com mume@kyrania.com around since 2000
It seems my life moved on. Good",Alderik,comma_name_list,,"The Good:  Ainko, Akio, Alderik, Francis, Ghij, Harold, Kim,, Knutt, Kyrania,",high,yes
whois_rik_1780880388,char_rik,Rik,Maia,"…
::   | |   | | | |\ \  | + \ /    \ /    \ |   \/   |
  / // // /      **   '-'   '-' '-' '-' |   / N /\ N N /\ N | |\  /| |
 / // // /                              | + \ N \/ N N \/ N | | \/ | |
(_)(_)(_)                               |   / \    / \    / | |    | |
 (_)(_)         TIK                     '--'   '--'   '--'  '-'    '-'
   (_)
The Good:  Ainko, Akio, Alderik, Francis, Ghij, Harold, Kim,, Knutt, Kyrania,
Marieke,  Obthic, Oksar, Rhamd, Synnove, Tum, Wanda, Xyziristine, Zhyza
The Evil: Ashmash, Billiam, Brutex, Defcon, Hatchie, Inkathurg, Lentracus,
Maglubhiyet, Myrcea, Oki, Oliksia, Qwestus, Timo, Tym, Wrorg, Zhough

mume.kyrania.com mume@kyrania.com around since 2000
It seems my life moved on. Good",Francis,comma_name_list,,"The Good:  Ainko, Akio, Alderik, Francis, Ghij, Harold, Kim,, Knutt, Kyrania,",high,yes
whois_rik_1780880388,char_rik,Rik,Maia,"…
::   | |   | | | |\ \  | + \ /    \ /    \ |   \/   |
  / // // /      **   '-'   '-' '-' '-' |   / N /\ N N /\ N | |\  /| |
 / // // /                              | + \ N \/ N N \/ N | | \/ | |
(_)(_)(_)                               |   / \    / \    / | |    | |
 (_)(_)         TIK                     '--'   '--'   '--'  '-'    '-'
   (_)
The Good:  Ainko, Akio, Alderik, Francis, Ghij, Harold, Kim,, Knutt, Kyrania,
Marieke,  Obthic, Oksar, Rhamd, Synnove, Tum, Wanda, Xyziristine, Zhyza
The Evil: Ashmash, Billiam, Brutex, Defcon, Hatchie, Inkathurg, Lentracus,
Maglubhiyet, Myrcea, Oki, Oliksia, Qwestus, Timo, Tym, Wrorg, Zhough

mume.kyrania.com mume@kyrania.com around since 2000
It seems my life moved on. Good",Ghij,comma_name_list,,"The Good:  Ainko, Akio, Alderik, Francis, Ghij, Harold, Kim,, Knutt, Kyrania,",low,no
whois_rik_1780880388,char_rik,Rik,Maia,"…
::   | |   | | | |\ \  | + \ /    \ /    \ |   \/   |
  / // // /      **   '-'   '-' '-' '-' |   / N /\ N N /\ N | |\  /| |
 / // // /                              | + \ N \/ N N \/ N | | \/ | |
(_)(_)(_)                               |   / \    / \    / | |    | |
 (_)(_)         TIK                     '--'   '--'   '--'  '-'    '-'
   (_)
The Good:  Ainko, Akio, Alderik, Francis, Ghij, Harold, Kim,, Knutt, Kyrania,
Marieke,  Obthic, Oksar, Rhamd, Synnove, Tum, Wanda, Xyziristine, Zhyza
The Evil: Ashmash, Billiam, Brutex, Defcon, Hatchie, Inkathurg, Lentracus,
Maglubhiyet, Myrcea, Oki, Oliksia, Qwestus, Timo, Tym, Wrorg, Zhough

mume.kyrania.com mume@kyrania.com around since 2000
It seems my life moved on. Good",Harold,comma_name_list,,"The Good:  Ainko, Akio, Alderik, Francis, Ghij, Harold, Kim,, Knutt, Kyrania,",low,no
whois_rik_1780880388,char_rik,Rik,Maia,"…
::   | |   | | | |\ \  | + \ /    \ /    \ |   \/   |
  / // // /      **   '-'   '-' '-' '-' |   / N /\ N N /\ N | |\  /| |
 / // // /                              | + \ N \/ N N \/ N | | \/ | |
(_)(_)(_)                               |   / \    / \    / | |    | |
 (_)(_)         TIK                     '--'   '--'   '--'  '-'    '-'
   (_)
The Good:  Ainko, Akio, Alderik, Francis, Ghij, Harold, Kim,, Knutt, Kyrania,
Marieke,  Obthic, Oksar, Rhamd, Synnove, Tum, Wanda, Xyziristine, Zhyza
The Evil: Ashmash, Billiam, Brutex, Defcon, Hatchie, Inkathurg, Lentracus,
Maglubhiyet, Myrcea, Oki, Oliksia, Qwestus, Timo, Tym, Wrorg, Zhough

mume.kyrania.com mume@kyrania.com around since 2000
It seems my life moved on. Good",Kim,comma_name_list,,"The Good:  Ainko, Akio, Alderik, Francis, Ghij, Harold, Kim,, Knutt, Kyrania,",low,no
whois_rik_1780880388,char_rik,Rik,Maia,"…
::   | |   | | | |\ \  | + \ /    \ /    \ |   \/   |
  / // // /      **   '-'   '-' '-' '-' |   / N /\ N N /\ N | |\  /| |
 / // // /                              | + \ N \/ N N \/ N | | \/ | |
(_)(_)(_)                               |   / \    / \    / | |    | |
 (_)(_)         TIK                     '--'   '--'   '--'  '-'    '-'
   (_)
The Good:  Ainko, Akio, Alderik, Francis, Ghij, Harold, Kim,, Knutt, Kyrania,
Marieke,  Obthic, Oksar, Rhamd, Synnove, Tum, Wanda, Xyziristine, Zhyza
The Evil: Ashmash, Billiam, Brutex, Defcon, Hatchie, Inkathurg, Lentracus,
Maglubhiyet, Myrcea, Oki, Oliksia, Qwestus, Timo, Tym, Wrorg, Zhough

mume.kyrania.com mume@kyrania.com around since 2000
It seems my life moved on. Good",Knutt,comma_name_list,,"The Good:  Ainko, Akio, Alderik, Francis, Ghij, Harold, Kim,, Knutt, Kyrania,",low,no
whois_rik_1780880388,char_rik,Rik,Maia,"…
::   | |   | | | |\ \  | + \ /    \ /    \ |   \/   |
  / // // /      **   '-'   '-' '-' '-' |   / N /\ N N /\ N | |\  /| |
 / // // /                              | + \ N \/ N N \/ N | | \/ | |
(_)(_)(_)                               |   / \    / \    / | |    | |
 (_)(_)         TIK                     '--'   '--'   '--'  '-'    '-'
   (_)
The Good:  Ainko, Akio, Alderik, Francis, Ghij, Harold, Kim,, Knutt, Kyrania,
Marieke,  Obthic, Oksar, Rhamd, Synnove, Tum, Wanda, Xyziristine, Zhyza
The Evil: Ashmash, Billiam, Brutex, Defcon, Hatchie, Inkathurg, Lentracus,
Maglubhiyet, Myrcea, Oki, Oliksia, Qwestus, Timo, Tym, Wrorg, Zhough

mume.kyrania.com mume@kyrania.com around since 2000
It seems my life moved on. Good",Kyrania,comma_name_list,,"The Good:  Ainko, Akio, Alderik, Francis, Ghij, Harold, Kim,, Knutt, Kyrania,",low,no
whois_rik_1780880388,char_rik,Rik,Maia,"…
'-'   '-' '-' '-' |   / N /\ N N /\ N | |\  /| |
 / // // /                              | + \ N \/ N N \/ N | | \/ | |
(_)(_)(_)                               |   / \    / \    / | |    | |
 (_)(_)         TIK                     '--'   '--'   '--'  '-'    '-'
   (_)
The Good:  Ainko, Akio, Alderik, Francis, Ghij, Harold, Kim,, Knutt, Kyrania,
Marieke,  Obthic, Oksar, Rhamd, Synnove, Tum, Wanda, Xyziristine, Zhyza
The Evil: Ashmash, Billiam, Brutex, Defcon, Hatchie, Inkathurg, Lentracus,
Maglubhiyet, Myrcea, Oki, Oliksia, Qwestus, Timo, Tym, Wrorg, Zhough

mume.kyrania.com mume@kyrania.com around since 2000
It seems my life moved on. Good",Marieke,comma_name_list,,"Marieke,  Obthic, Oksar, Rhamd, Synnove, Tum, Wanda, Xyziristine, Zhyza",low,no
whois_rik_1780880388,char_rik,Rik,Maia,"…
'-'   '-' '-' '-' |   / N /\ N N /\ N | |\  /| |
 / // // /                              | + \ N \/ N N \/ N | | \/ | |
(_)(_)(_)                               |   / \    / \    / | |    | |
 (_)(_)         TIK                     '--'   '--'   '--'  '-'    '-'
   (_)
The Good:  Ainko, Akio, Alderik, Francis, Ghij, Harold, Kim,, Knutt, Kyrania,
Marieke,  Obthic, Oksar, Rhamd, Synnove, Tum, Wanda, Xyziristine, Zhyza
The Evil: Ashmash, Billiam, Brutex, Defcon, Hatchie, Inkathurg, Lentracus,
Maglubhiyet, Myrcea, Oki, Oliksia, Qwestus, Timo, Tym, Wrorg, Zhough

mume.kyrania.com mume@kyrania.com around since 2000
It seems my life moved on. Good",Obthic,comma_name_list,,"Marieke,  Obthic, Oksar, Rhamd, Synnove, Tum, Wanda, Xyziristine, Zhyza",low,no
whois_rik_1780880388,char_rik,Rik,Maia,"…
'-'   '-' '-' '-' |   / N /\ N N /\ N | |\  /| |
 / // // /                              | + \ N \/ N N \/ N | | \/ | |
(_)(_)(_)                               |   / \    / \    / | |    | |
 (_)(_)         TIK                     '--'   '--'   '--'  '-'    '-'
   (_)
The Good:  Ainko, Akio, Alderik, Francis, Ghij, Harold, Kim,, Knutt, Kyrania,
Marieke,  Obthic, Oksar, Rhamd, Synnove, Tum, Wanda, Xyziristine, Zhyza
The Evil: Ashmash, Billiam, Brutex, Defcon, Hatchie, Inkathurg, Lentracus,
Maglubhiyet, Myrcea, Oki, Oliksia, Qwestus, Timo, Tym, Wrorg, Zhough

mume.kyrania.com mume@kyrania.com around since 2000
It seems my life moved on. Good",Oksar,comma_name_list,,"Marieke,  Obthic, Oksar, Rhamd, Synnove, Tum, Wanda, Xyziristine, Zhyza",low,no
whois_rik_1780880388,char_rik,Rik,Maia,"…
'-'   '-' '-' '-' |   / N /\ N N /\ N | |\  /| |
 / // // /                              | + \ N \/ N N \/ N | | \/ | |
(_)(_)(_)                               |   / \    / \    / | |    | |
 (_)(_)         TIK                     '--'   '--'   '--'  '-'    '-'
   (_)
The Good:  Ainko, Akio, Alderik, Francis, Ghij, Harold, Kim,, Knutt, Kyrania,
Marieke,  Obthic, Oksar, Rhamd, Synnove, Tum, Wanda, Xyziristine, Zhyza
The Evil: Ashmash, Billiam, Brutex, Defcon, Hatchie, Inkathurg, Lentracus,
Maglubhiyet, Myrcea, Oki, Oliksia, Qwestus, Timo, Tym, Wrorg, Zhough

mume.kyrania.com mume@kyrania.com around since 2000
It seems my life moved on. Good",Rhamd,comma_name_list,,"Marieke,  Obthic, Oksar, Rhamd, Synnove, Tum, Wanda, Xyziristine, Zhyza",low,no
whois_rik_1780880388,char_rik,Rik,Maia,"…
'-'   '-' '-' '-' |   / N /\ N N /\ N | |\  /| |
 / // // /                              | + \ N \/ N N \/ N | | \/ | |
(_)(_)(_)                               |   / \    / \    / | |    | |
 (_)(_)         TIK                     '--'   '--'   '--'  '-'    '-'
   (_)
The Good:  Ainko, Akio, Alderik, Francis, Ghij, Harold, Kim,, Knutt, Kyrania,
Marieke,  Obthic, Oksar, Rhamd, Synnove, Tum, Wanda, Xyziristine, Zhyza
The Evil: Ashmash, Billiam, Brutex, Defcon, Hatchie, Inkathurg, Lentracus,
Maglubhiyet, Myrcea, Oki, Oliksia, Qwestus, Timo, Tym, Wrorg, Zhough

mume.kyrania.com mume@kyrania.com around since 2000
It seems my life moved on. Good",Synnove,comma_name_list,,"Marieke,  Obthic, Oksar, Rhamd, Synnove, Tum, Wanda, Xyziristine, Zhyza",low,no
whois_rik_1780880388,char_rik,Rik,Maia,"…
'-'   '-' '-' '-' |   / N /\ N N /\ N | |\  /| |
 / // // /                              | + \ N \/ N N \/ N | | \/ | |
(_)(_)(_)                               |   / \    / \    / | |    | |
 (_)(_)         TIK                     '--'   '--'   '--'  '-'    '-'
   (_)
The Good:  Ainko, Akio, Alderik, Francis, Ghij, Harold, Kim,, Knutt, Kyrania,
Marieke,  Obthic, Oksar, Rhamd, Synnove, Tum, Wanda, Xyziristine, Zhyza
The Evil: Ashmash, Billiam, Brutex, Defcon, Hatchie, Inkathurg, Lentracus,
Maglubhiyet, Myrcea, Oki, Oliksia, Qwestus, Timo, Tym, Wrorg, Zhough

mume.kyrania.com mume@kyrania.com around since 2000
It seems my life moved on. Good",Tum,comma_name_list,,"Marieke,  Obthic, Oksar, Rhamd, Synnove, Tum, Wanda, Xyziristine, Zhyza",low,no
whois_rik_1780880388,char_rik,Rik,Maia,"…
'-'   '-' '-' '-' |   / N /\ N N /\ N | |\  /| |
 / // // /                              | + \ N \/ N N \/ N | | \/ | |
(_)(_)(_)                               |   / \    / \    / | |    | |
 (_)(_)         TIK                     '--'   '--'   '--'  '-'    '-'
   (_)
The Good:  Ainko, Akio, Alderik, Francis, Ghij, Harold, Kim,, Knutt, Kyrania,
Marieke,  Obthic, Oksar, Rhamd, Synnove, Tum, Wanda, Xyziristine, Zhyza
The Evil: Ashmash, Billiam, Brutex, Defcon, Hatchie, Inkathurg, Lentracus,
Maglubhiyet, Myrcea, Oki, Oliksia, Qwestus, Timo, Tym, Wrorg, Zhough

mume.kyrania.com mume@kyrania.com around since 2000
It seems my life moved on. Good",Wanda,comma_name_list,,"Marieke,  Obthic, Oksar, Rhamd, Synnove, Tum, Wanda, Xyziristine, Zhyza",low,no
whois_rik_1780880388,char_rik,Rik,Maia,"…
'-'   '-' '-' '-' |   / N /\ N N /\ N | |\  /| |
 / // // /                              | + \ N \/ N N \/ N | | \/ | |
(_)(_)(_)                               |   / \    / \    / | |    | |
 (_)(_)         TIK                     '--'   '--'   '--'  '-'    '-'
   (_)
The Good:  Ainko, Akio, Alderik, Francis, Ghij, Harold, Kim,, Knutt, Kyrania,
Marieke,  Obthic, Oksar, Rhamd, Synnove, Tum, Wanda, Xyziristine, Zhyza
The Evil: Ashmash, Billiam, Brutex, Defcon, Hatchie, Inkathurg, Lentracus,
Maglubhiyet, Myrcea, Oki, Oliksia, Qwestus, Timo, Tym, Wrorg, Zhough

mume.kyrania.com mume@kyrania.com around since 2000
It seems my life moved on. Good",Xyziristine,comma_name_list,,"Marieke,  Obthic, Oksar, Rhamd, Synnove, Tum, Wanda, Xyziristine, Zhyza",low,no
whois_rik_1780880388,char_rik,Rik,Maia,"…
'-'   '-' '-' '-' |   / N /\ N N /\ N | |\  /| |
 / // // /                              | + \ N \/ N N \/ N | | \/ | |
(_)(_)(_)                               |   / \    / \    / | |    | |
 (_)(_)         TIK                     '--'   '--'   '--'  '-'    '-'
   (_)
The Good:  Ainko, Akio, Alderik, Francis, Ghij, Harold, Kim,, Knutt, Kyrania,
Marieke,  Obthic, Oksar, Rhamd, Synnove, Tum, Wanda, Xyziristine, Zhyza
The Evil: Ashmash, Billiam, Brutex, Defcon, Hatchie, Inkathurg, Lentracus,
Maglubhiyet, Myrcea, Oki, Oliksia, Qwestus, Timo, Tym, Wrorg, Zhough

mume.kyrania.com mume@kyrania.com around since 2000
It seems my life moved on. Good",Zhyza,comma_name_list,,"Marieke,  Obthic, Oksar, Rhamd, Synnove, Tum, Wanda, Xyziristine, Zhyza",low,no
whois_rik_1780880388,char_rik,Rik,Maia,"…
| + \ N \/ N N \/ N | | \/ | |
(_)(_)(_)                               |   / \    / \    / | |    | |
 (_)(_)         TIK                     '--'   '--'   '--'  '-'    '-'
   (_)
The Good:  Ainko, Akio, Alderik, Francis, Ghij, Harold, Kim,, Knutt, Kyrania,
Marieke,  Obthic, Oksar, Rhamd, Synnove, Tum, Wanda, Xyziristine, Zhyza
The Evil: Ashmash, Billiam, Brutex, Defcon, Hatchie, Inkathurg, Lentracus,
Maglubhiyet, Myrcea, Oki, Oliksia, Qwestus, Timo, Tym, Wrorg, Zhough

mume.kyrania.com mume@kyrania.com around since 2000
It seems my life moved on. Good",Billiam,comma_name_list,,"The Evil: Ashmash, Billiam, Brutex, Defcon, Hatchie, Inkathurg, Lentracus,",low,no
whois_rik_1780880388,char_rik,Rik,Maia,"…
| + \ N \/ N N \/ N | | \/ | |
(_)(_)(_)                               |   / \    / \    / | |    | |
 (_)(_)         TIK                     '--'   '--'   '--'  '-'    '-'
   (_)
The Good:  Ainko, Akio, Alderik, Francis, Ghij, Harold, Kim,, Knutt, Kyrania,
Marieke,  Obthic, Oksar, Rhamd, Synnove, Tum, Wanda, Xyziristine, Zhyza
The Evil: Ashmash, Billiam, Brutex, Defcon, Hatchie, Inkathurg, Lentracus,
Maglubhiyet, Myrcea, Oki, Oliksia, Qwestus, Timo, Tym, Wrorg, Zhough

mume.kyrania.com mume@kyrania.com around since 2000
It seems my life moved on. Good",Brutex,comma_name_list,,"The Evil: Ashmash, Billiam, Brutex, Defcon, Hatchie, Inkathurg, Lentracus,",low,no
whois_rik_1780880388,char_rik,Rik,Maia,"…
| + \ N \/ N N \/ N | | \/ | |
(_)(_)(_)                               |   / \    / \    / | |    | |
 (_)(_)         TIK                     '--'   '--'   '--'  '-'    '-'
   (_)
The Good:  Ainko, Akio, Alderik, Francis, Ghij, Harold, Kim,, Knutt, Kyrania,
Marieke,  Obthic, Oksar, Rhamd, Synnove, Tum, Wanda, Xyziristine, Zhyza
The Evil: Ashmash, Billiam, Brutex, Defcon, Hatchie, Inkathurg, Lentracus,
Maglubhiyet, Myrcea, Oki, Oliksia, Qwestus, Timo, Tym, Wrorg, Zhough

mume.kyrania.com mume@kyrania.com around since 2000
It seems my life moved on. Good",Defcon,comma_name_list,,"The Evil: Ashmash, Billiam, Brutex, Defcon, Hatchie, Inkathurg, Lentracus,",low,no
whois_rik_1780880388,char_rik,Rik,Maia,"…
| + \ N \/ N N \/ N | | \/ | |
(_)(_)(_)                               |   / \    / \    / | |    | |
 (_)(_)         TIK                     '--'   '--'   '--'  '-'    '-'
   (_)
The Good:  Ainko, Akio, Alderik, Francis, Ghij, Harold, Kim,, Knutt, Kyrania,
Marieke,  Obthic, Oksar, Rhamd, Synnove, Tum, Wanda, Xyziristine, Zhyza
The Evil: Ashmash, Billiam, Brutex, Defcon, Hatchie, Inkathurg, Lentracus,
Maglubhiyet, Myrcea, Oki, Oliksia, Qwestus, Timo, Tym, Wrorg, Zhough

mume.kyrania.com mume@kyrania.com around since 2000
It seems my life moved on. Good",Hatchie,comma_name_list,,"The Evil: Ashmash, Billiam, Brutex, Defcon, Hatchie, Inkathurg, Lentracus,",low,no
whois_rik_1780880388,char_rik,Rik,Maia,"…
| + \ N \/ N N \/ N | | \/ | |
(_)(_)(_)                               |   / \    / \    / | |    | |
 (_)(_)         TIK                     '--'   '--'   '--'  '-'    '-'
   (_)
The Good:  Ainko, Akio, Alderik, Francis, Ghij, Harold, Kim,, Knutt, Kyrania,
Marieke,  Obthic, Oksar, Rhamd, Synnove, Tum, Wanda, Xyziristine, Zhyza
The Evil: Ashmash, Billiam, Brutex, Defcon, Hatchie, Inkathurg, Lentracus,
Maglubhiyet, Myrcea, Oki, Oliksia, Qwestus, Timo, Tym, Wrorg, Zhough

mume.kyrania.com mume@kyrania.com around since 2000
It seems my life moved on. Good",Inkathurg,comma_name_list,,"The Evil: Ashmash, Billiam, Brutex, Defcon, Hatchie, Inkathurg, Lentracus,",low,no
whois_rik_1780880388,char_rik,Rik,Maia,"…
| + \ N \/ N N \/ N | | \/ | |
(_)(_)(_)                               |   / \    / \    / | |    | |
 (_)(_)         TIK                     '--'   '--'   '--'  '-'    '-'
   (_)
The Good:  Ainko, Akio, Alderik, Francis, Ghij, Harold, Kim,, Knutt, Kyrania,
Marieke,  Obthic, Oksar, Rhamd, Synnove, Tum, Wanda, Xyziristine, Zhyza
The Evil: Ashmash, Billiam, Brutex, Defcon, Hatchie, Inkathurg, Lentracus,
Maglubhiyet, Myrcea, Oki, Oliksia, Qwestus, Timo, Tym, Wrorg, Zhough

mume.kyrania.com mume@kyrania.com around since 2000
It seems my life moved on. Good",Lentracus,comma_name_list,,"The Evil: Ashmash, Billiam, Brutex, Defcon, Hatchie, Inkathurg, Lentracus,",low,no
whois_rik_1780880388,char_rik,Rik,Maia,"…
|   / \    / \    / | |    | |
 (_)(_)         TIK                     '--'   '--'   '--'  '-'    '-'
   (_)
The Good:  Ainko, Akio, Alderik, Francis, Ghij, Harold, Kim,, Knutt, Kyrania,
Marieke,  Obthic, Oksar, Rhamd, Synnove, Tum, Wanda, Xyziristine, Zhyza
The Evil: Ashmash, Billiam, Brutex, Defcon, Hatchie, Inkathurg, Lentracus,
Maglubhiyet, Myrcea, Oki, Oliksia, Qwestus, Timo, Tym, Wrorg, Zhough

mume.kyrania.com mume@kyrania.com around since 2000
It seems my life moved on. Good",Maglubhiyet,comma_name_list,,"Maglubhiyet, Myrcea, Oki, Oliksia, Qwestus, Timo, Tym, Wrorg, Zhough",low,no
whois_rik_1780880388,char_rik,Rik,Maia,"…
|   / \    / \    / | |    | |
 (_)(_)         TIK                     '--'   '--'   '--'  '-'    '-'
   (_)
The Good:  Ainko, Akio, Alderik, Francis, Ghij, Harold, Kim,, Knutt, Kyrania,
Marieke,  Obthic, Oksar, Rhamd, Synnove, Tum, Wanda, Xyziristine, Zhyza
The Evil: Ashmash, Billiam, Brutex, Defcon, Hatchie, Inkathurg, Lentracus,
Maglubhiyet, Myrcea, Oki, Oliksia, Qwestus, Timo, Tym, Wrorg, Zhough

mume.kyrania.com mume@kyrania.com around since 2000
It seems my life moved on. Good",Myrcea,comma_name_list,,"Maglubhiyet, Myrcea, Oki, Oliksia, Qwestus, Timo, Tym, Wrorg, Zhough",low,no
whois_rik_1780880388,char_rik,Rik,Maia,"…
|   / \    / \    / | |    | |
 (_)(_)         TIK                     '--'   '--'   '--'  '-'    '-'
   (_)
The Good:  Ainko, Akio, Alderik, Francis, Ghij, Harold, Kim,, Knutt, Kyrania,
Marieke,  Obthic, Oksar, Rhamd, Synnove, Tum, Wanda, Xyziristine, Zhyza
The Evil: Ashmash, Billiam, Brutex, Defcon, Hatchie, Inkathurg, Lentracus,
Maglubhiyet, Myrcea, Oki, Oliksia, Qwestus, Timo, Tym, Wrorg, Zhough

mume.kyrania.com mume@kyrania.com around since 2000
It seems my life moved on. Good",Oki,comma_name_list,,"Maglubhiyet, Myrcea, Oki, Oliksia, Qwestus, Timo, Tym, Wrorg, Zhough",low,no
whois_rik_1780880388,char_rik,Rik,Maia,"…
|   / \    / \    / | |    | |
 (_)(_)         TIK                     '--'   '--'   '--'  '-'    '-'
   (_)
The Good:  Ainko, Akio, Alderik, Francis, Ghij, Harold, Kim,, Knutt, Kyrania,
Marieke,  Obthic, Oksar, Rhamd, Synnove, Tum, Wanda, Xyziristine, Zhyza
The Evil: Ashmash, Billiam, Brutex, Defcon, Hatchie, Inkathurg, Lentracus,
Maglubhiyet, Myrcea, Oki, Oliksia, Qwestus, Timo, Tym, Wrorg, Zhough

mume.kyrania.com mume@kyrania.com around since 2000
It seems my life moved on. Good",Oliksia,comma_name_list,,"Maglubhiyet, Myrcea, Oki, Oliksia, Qwestus, Timo, Tym, Wrorg, Zhough",low,no
whois_rik_1780880388,char_rik,Rik,Maia,"…
|   / \    / \    / | |    | |
 (_)(_)         TIK                     '--'   '--'   '--'  '-'    '-'
   (_)
The Good:  Ainko, Akio, Alderik, Francis, Ghij, Harold, Kim,, Knutt, Kyrania,
Marieke,  Obthic, Oksar, Rhamd, Synnove, Tum, Wanda, Xyziristine, Zhyza
The Evil: Ashmash, Billiam, Brutex, Defcon, Hatchie, Inkathurg, Lentracus,
Maglubhiyet, Myrcea, Oki, Oliksia, Qwestus, Timo, Tym, Wrorg, Zhough

mume.kyrania.com mume@kyrania.com around since 2000
It seems my life moved on. Good",Qwestus,comma_name_list,,"Maglubhiyet, Myrcea, Oki, Oliksia, Qwestus, Timo, Tym, Wrorg, Zhough",high,yes
whois_rik_1780880388,char_rik,Rik,Maia,"…
|   / \    / \    / | |    | |
 (_)(_)         TIK                     '--'   '--'   '--'  '-'    '-'
   (_)
The Good:  Ainko, Akio, Alderik, Francis, Ghij, Harold, Kim,, Knutt, Kyrania,
Marieke,  Obthic, Oksar, Rhamd, Synnove, Tum, Wanda, Xyziristine, Zhyza
The Evil: Ashmash, Billiam, Brutex, Defcon, Hatchie, Inkathurg, Lentracus,
Maglubhiyet, Myrcea, Oki, Oliksia, Qwestus, Timo, Tym, Wrorg, Zhough

mume.kyrania.com mume@kyrania.com around since 2000
It seems my life moved on. Good",Timo,comma_name_list,,"Maglubhiyet, Myrcea, Oki, Oliksia, Qwestus, Timo, Tym, Wrorg, Zhough",low,no
whois_rik_1780880388,char_rik,Rik,Maia,"…
|   / \    / \    / | |    | |
 (_)(_)         TIK                     '--'   '--'   '--'  '-'    '-'
   (_)
The Good:  Ainko, Akio, Alderik, Francis, Ghij, Harold, Kim,, Knutt, Kyrania,
Marieke,  Obthic, Oksar, Rhamd, Synnove, Tum, Wanda, Xyziristine, Zhyza
The Evil: Ashmash, Billiam, Brutex, Defcon, Hatchie, Inkathurg, Lentracus,
Maglubhiyet, Myrcea, Oki, Oliksia, Qwestus, Timo, Tym, Wrorg, Zhough

mume.kyrania.com mume@kyrania.com around since 2000
It seems my life moved on. Good",Tym,comma_name_list,,"Maglubhiyet, Myrcea, Oki, Oliksia, Qwestus, Timo, Tym, Wrorg, Zhough",low,no
whois_rik_1780880388,char_rik,Rik,Maia,"…
|   / \    / \    / | |    | |
 (_)(_)         TIK                     '--'   '--'   '--'  '-'    '-'
   (_)
The Good:  Ainko, Akio, Alderik, Francis, Ghij, Harold, Kim,, Knutt, Kyrania,
Marieke,  Obthic, Oksar, Rhamd, Synnove, Tum, Wanda, Xyziristine, Zhyza
The Evil: Ashmash, Billiam, Brutex, Defcon, Hatchie, Inkathurg, Lentracus,
Maglubhiyet, Myrcea, Oki, Oliksia, Qwestus, Timo, Tym, Wrorg, Zhough

mume.kyrania.com mume@kyrania.com around since 2000
It seems my life moved on. Good",Wrorg,comma_name_list,,"Maglubhiyet, Myrcea, Oki, Oliksia, Qwestus, Timo, Tym, Wrorg, Zhough",low,no
whois_rik_1780880388,char_rik,Rik,Maia,"…
|   / \    / \    / | |    | |
 (_)(_)         TIK                     '--'   '--'   '--'  '-'    '-'
   (_)
The Good:  Ainko, Akio, Alderik, Francis, Ghij, Harold, Kim,, Knutt, Kyrania,
Marieke,  Obthic, Oksar, Rhamd, Synnove, Tum, Wanda, Xyziristine, Zhyza
The Evil: Ashmash, Billiam, Brutex, Defcon, Hatchie, Inkathurg, Lentracus,
Maglubhiyet, Myrcea, Oki, Oliksia, Qwestus, Timo, Tym, Wrorg, Zhough

mume.kyrania.com mume@kyrania.com around since 2000
It seems my life moved on. Good",Zhough,comma_name_list,,"Maglubhiyet, Myrcea, Oki, Oliksia, Qwestus, Timo, Tym, Wrorg, Zhough",low,no
whois_anólad_1780899397,,Anólad,discord bot is a Maia,"Anólad is a discord bot is a Maia (Cartographer).
silly player of Nazgum, Nireth, Nemisa, Itzit, and Gagzik.
watch some mume video logs!
http://nazgum.com/mume/",Nireth,comma_name_list,,"silly player of Nazgum, Nireth, Nemisa, Itzit, and Gagzik.",low,no
whois_anólad_1780899397,,Anólad,discord bot is a Maia,"Anólad is a discord bot is a Maia (Cartographer).
silly player of Nazgum, Nireth, Nemisa, Itzit, and Gagzik.
watch some mume video logs!
http://nazgum.com/mume/",Nemisa,comma_name_list,,"silly player of Nazgum, Nireth, Nemisa, Itzit, and Gagzik.",low,no
whois_anólad_1780899397,,Anólad,discord bot is a Maia,"Anólad is a discord bot is a Maia (Cartographer).
silly player of Nazgum, Nireth, Nemisa, Itzit, and Gagzik.
watch some mume video logs!
http://nazgum.com/mume/",Itzit,comma_name_list,,"silly player of Nazgum, Nireth, Nemisa, Itzit, and Gagzik.",low,no
whois_antar_1780899408,char_antar,Antar,Beorning Hero,"…
level fifty-six
    Beorning Hero [Retired].
Last login 3 years, 9 months, and 3 days ago from [numerical
    address].

Regulators, mount up!

Emissary to the big-bear himself, Beorn.  Sent out into arda
to inform the world our peaceful existance, and also deliver a
word of advice for all who choose to listen, and a warning for
those who don't.

Griand narrates 'sneak snarping'",Griand,quoted_speaker,,Griand narrates 'sneak snarping',medium,no
whois_auriane_1780902728,char_auriane,Auriane,Maia,"Auriane Daughter of the Light is a Maia.

The Evil Spirit of Devastator, Sécrêt, Hârikírí, Spínâl, Meteor.
The Power of Equínôxë.
The Good Soul of Xatax and Mercurius.

ICQ:    34114926
E-mail: pacmanrulez@yahoo.com",Sécrêt,comma_name_list,,"The Evil Spirit of Devastator, Sécrêt, Hârikírí, Spínâl, Meteor.",low,no
whois_auriane_1780902728,char_auriane,Auriane,Maia,"Auriane Daughter of the Light is a Maia.

The Evil Spirit of Devastator, Sécrêt, Hârikírí, Spínâl, Meteor.
The Power of Equínôxë.
The Good Soul of Xatax and Mercurius.

ICQ:    34114926
E-mail: pacmanrulez@yahoo.com",Hârikírí,comma_name_list,,"The Evil Spirit of Devastator, Sécrêt, Hârikírí, Spínâl, Meteor.",low,no
whois_auriane_1780902728,char_auriane,Auriane,Maia,"Auriane Daughter of the Light is a Maia.

The Evil Spirit of Devastator, Sécrêt, Hârikírí, Spínâl, Meteor.
The Power of Equínôxë.
The Good Soul of Xatax and Mercurius.

ICQ:    34114926
E-mail: pacmanrulez@yahoo.com",Spínâl,comma_name_list,,"The Evil Spirit of Devastator, Sécrêt, Hârikírí, Spínâl, Meteor.",low,no
whois_auriane_1780902728,char_auriane,Auriane,Maia,"Auriane Daughter of the Light is a Maia.

The Evil Spirit of Devastator, Sécrêt, Hârikírí, Spínâl, Meteor.
The Power of Equínôxë.
The Good Soul of Xatax and Mercurius.

ICQ:    34114926
E-mail: pacmanrulez@yahoo.com",Meteor,comma_name_list,,"The Evil Spirit of Devastator, Sécrêt, Hârikírí, Spínâl, Meteor.",high,yes
whois_björn_1780903141,,Björn,Maia,"Björn Doesn't Care Who's Running; I'm Voting f is a Maia
    (Builder).

Some former warlords:

Bogger, Romin, Vradul, Lenwë 
Zimrathôn, Gryl, Jauer 

You can't have too much of a good thing. That, my existence denies.

msn & icq: bjorn_carlsson@hotmail.com",Bogger,comma_name_list,,"Bogger, Romin, Vradul, Lenwë",high,yes
whois_björn_1780903141,,Björn,Maia,"Björn Doesn't Care Who's Running; I'm Voting f is a Maia
    (Builder).

Some former warlords:

Bogger, Romin, Vradul, Lenwë 
Zimrathôn, Gryl, Jauer 

You can't have too much of a good thing. That, my existence denies.

msn & icq: bjorn_carlsson@hotmail.com",Romin,comma_name_list,,"Bogger, Romin, Vradul, Lenwë",high,yes
whois_björn_1780903141,,Björn,Maia,"Björn Doesn't Care Who's Running; I'm Voting f is a Maia
    (Builder).

Some former warlords:

Bogger, Romin, Vradul, Lenwë 
Zimrathôn, Gryl, Jauer 

You can't have too much of a good thing. That, my existence denies.

msn & icq: bjorn_carlsson@hotmail.com",Vradul,comma_name_list,,"Bogger, Romin, Vradul, Lenwë",high,yes
whois_björn_1780903141,,Björn,Maia,"Björn Doesn't Care Who's Running; I'm Voting f is a Maia
    (Builder).

Some former warlords:

Bogger, Romin, Vradul, Lenwë 
Zimrathôn, Gryl, Jauer 

You can't have too much of a good thing. That, my existence denies.

msn & icq: bjorn_carlsson@hotmail.com",Lenwë,comma_name_list,,"Bogger, Romin, Vradul, Lenwë",high,yes
whois_björn_1780903141,,Björn,Maia,"Björn Doesn't Care Who's Running; I'm Voting f is a Maia
    (Builder).

Some former warlords:

Bogger, Romin, Vradul, Lenwë 
Zimrathôn, Gryl, Jauer 

You can't have too much of a good thing. That, my existence denies.

msn & icq: bjorn_carlsson@hotmail.com",Zimrathôn,comma_name_list,,"Zimrathôn, Gryl, Jauer",high,yes
whois_björn_1780903141,,Björn,Maia,"Björn Doesn't Care Who's Running; I'm Voting f is a Maia
    (Builder).

Some former warlords:

Bogger, Romin, Vradul, Lenwë 
Zimrathôn, Gryl, Jauer 

You can't have too much of a good thing. That, my existence denies.

msn & icq: bjorn_carlsson@hotmail.com",Gryl,comma_name_list,,"Zimrathôn, Gryl, Jauer",low,no
whois_björn_1780903141,,Björn,Maia,"Björn Doesn't Care Who's Running; I'm Voting f is a Maia
    (Builder).

Some former warlords:

Bogger, Romin, Vradul, Lenwë 
Zimrathôn, Gryl, Jauer 

You can't have too much of a good thing. That, my existence denies.

msn & icq: bjorn_carlsson@hotmail.com",Jauer,comma_name_list,,"Zimrathôn, Gryl, Jauer",high,yes
whois_bogger_1780907128,char_bogger,Bogger,Broadbeam Fighter,"Bogger Violence is a level ninety Broadbeam Fighter.
your bash at grinder sends her sprawling.

Delandra creeps 'i like reading in the toilet while i have cup of coffee and my
cigarettes with me:D'

Morgase tells you 'Jag går alltid in med inställningen att jag är glad om jag
dtar när jag gör unqa, tappar jag ingen exp'

(That was after him fall-dying. After that, he mobdied in there as well.)

Gushkatif says 'själv så spelare jag lika dåligt som om jag var nykter'

Auluua sprays: HØR NU PÅ HAN DÆR SKÅNSKE SATAN

Rogon tells you: 'ja du är nog den första jag ser som fått för sig att mappa
som spya :)'",Morgase,quoted_speaker,,Morgase tells you 'Jag går alltid in med inställningen att jag är glad om jag,medium,no
whois_bogger_1780907128,char_bogger,Bogger,Broadbeam Fighter,"…
ter.
your bash at grinder sends her sprawling.

Delandra creeps 'i like reading in the toilet while i have cup of coffee and my
cigarettes with me:D'

Morgase tells you 'Jag går alltid in med inställningen att jag är glad om jag
dtar när jag gör unqa, tappar jag ingen exp'

(That was after him fall-dying. After that, he mobdied in there as well.)

Gushkatif says 'själv så spelare jag lika dåligt som om jag var nykter'

Auluua sprays: HØR NU PÅ HAN DÆR SKÅNSKE SATAN

Rogon tells you: 'ja du är nog den första jag ser som fått för sig att mappa
som spya :)'",Gushkatif,quoted_speaker,,Gushkatif says 'själv så spelare jag lika dåligt som om jag var nykter',medium,no
whois_bogger_1780907128,char_bogger,Bogger,Broadbeam Fighter,"…
and my
cigarettes with me:D'

Morgase tells you 'Jag går alltid in med inställningen att jag är glad om jag
dtar när jag gör unqa, tappar jag ingen exp'

(That was after him fall-dying. After that, he mobdied in there as well.)

Gushkatif says 'själv så spelare jag lika dåligt som om jag var nykter'

Auluua sprays: HØR NU PÅ HAN DÆR SKÅNSKE SATAN

Rogon tells you: 'ja du är nog den första jag ser som fått för sig att mappa
som spya :)'",Rogon,quoted_speaker,,Rogon tells you: 'ja du är nog den första jag ser som fått för sig att mappa,high,yes
whois_brâddóck_1780907216,,Brâddóck,Tarkhnarb Rider,"Brâddóck is a level thirty Tarkhnarb Rider [Retired].

Smrtihlav tells you 'exp and some annoying newbie , 2 good reasons'
When I asked why he might kill me. :)

Ornate, engraved sword, garnet-ring, topaz-ring, emerald-ring",Smrtihlav,quoted_speaker,,"Smrtihlav tells you 'exp and some annoying newbie , 2 good reasons'",high,yes
whois_cormac_1780907686,char_cormac,Cormac,Maia,"Cormac is a Maia.

Player of:
Pukes:   Fragir, Berin, Algaron, Pivrnec, Rodan, Zirand
Darkies: Zlababa, Brazoragh, Zloun, Dacan, Dumdum",Fragir,heading_name_list,Pukes,"Pukes:   Fragir, Berin, Algaron, Pivrnec, Rodan, Zirand",high,yes
whois_cormac_1780907686,char_cormac,Cormac,Maia,"Cormac is a Maia.

Player of:
Pukes:   Fragir, Berin, Algaron, Pivrnec, Rodan, Zirand
Darkies: Zlababa, Brazoragh, Zloun, Dacan, Dumdum",Berin,heading_name_list,Pukes,"Pukes:   Fragir, Berin, Algaron, Pivrnec, Rodan, Zirand",high,yes
whois_cormac_1780907686,char_cormac,Cormac,Maia,"Cormac is a Maia.

Player of:
Pukes:   Fragir, Berin, Algaron, Pivrnec, Rodan, Zirand
Darkies: Zlababa, Brazoragh, Zloun, Dacan, Dumdum",Algaron,heading_name_list,Pukes,"Pukes:   Fragir, Berin, Algaron, Pivrnec, Rodan, Zirand",high,yes
whois_cormac_1780907686,char_cormac,Cormac,Maia,"Cormac is a Maia.

Player of:
Pukes:   Fragir, Berin, Algaron, Pivrnec, Rodan, Zirand
Darkies: Zlababa, Brazoragh, Zloun, Dacan, Dumdum",Pivrnec,heading_name_list,Pukes,"Pukes:   Fragir, Berin, Algaron, Pivrnec, Rodan, Zirand",medium,no
whois_cormac_1780907686,char_cormac,Cormac,Maia,"Cormac is a Maia.

Player of:
Pukes:   Fragir, Berin, Algaron, Pivrnec, Rodan, Zirand
Darkies: Zlababa, Brazoragh, Zloun, Dacan, Dumdum",Rodan,heading_name_list,Pukes,"Pukes:   Fragir, Berin, Algaron, Pivrnec, Rodan, Zirand",high,yes
whois_cormac_1780907686,char_cormac,Cormac,Maia,"Cormac is a Maia.

Player of:
Pukes:   Fragir, Berin, Algaron, Pivrnec, Rodan, Zirand
Darkies: Zlababa, Brazoragh, Zloun, Dacan, Dumdum",Zirand,heading_name_list,Pukes,"Pukes:   Fragir, Berin, Algaron, Pivrnec, Rodan, Zirand",high,yes
whois_cormac_1780907686,char_cormac,Cormac,Maia,"Cormac is a Maia.

Player of:
Pukes:   Fragir, Berin, Algaron, Pivrnec, Rodan, Zirand
Darkies: Zlababa, Brazoragh, Zloun, Dacan, Dumdum",Zlababa,heading_name_list,Darkies,"Darkies: Zlababa, Brazoragh, Zloun, Dacan, Dumdum",high,yes
whois_cormac_1780907686,char_cormac,Cormac,Maia,"Cormac is a Maia.

Player of:
Pukes:   Fragir, Berin, Algaron, Pivrnec, Rodan, Zirand
Darkies: Zlababa, Brazoragh, Zloun, Dacan, Dumdum",Brazoragh,heading_name_list,Darkies,"Darkies: Zlababa, Brazoragh, Zloun, Dacan, Dumdum",medium,no
whois_cormac_1780907686,char_cormac,Cormac,Maia,"Cormac is a Maia.

Player of:
Pukes:   Fragir, Berin, Algaron, Pivrnec, Rodan, Zirand
Darkies: Zlababa, Brazoragh, Zloun, Dacan, Dumdum",Zloun,heading_name_list,Darkies,"Darkies: Zlababa, Brazoragh, Zloun, Dacan, Dumdum",medium,no
whois_cormac_1780907686,char_cormac,Cormac,Maia,"Cormac is a Maia.

Player of:
Pukes:   Fragir, Berin, Algaron, Pivrnec, Rodan, Zirand
Darkies: Zlababa, Brazoragh, Zloun, Dacan, Dumdum",Dacan,heading_name_list,Darkies,"Darkies: Zlababa, Brazoragh, Zloun, Dacan, Dumdum",medium,no
whois_cormac_1780907686,char_cormac,Cormac,Maia,"Cormac is a Maia.

Player of:
Pukes:   Fragir, Berin, Algaron, Pivrnec, Rodan, Zirand
Darkies: Zlababa, Brazoragh, Zloun, Dacan, Dumdum",Dumdum,heading_name_list,Darkies,"Darkies: Zlababa, Brazoragh, Zloun, Dacan, Dumdum",medium,no
whois_cormac_1780907686,char_cormac,Cormac,Maia,"Cormac is a Maia.

Player of:
Pukes:   Fragir, Berin, Algaron, Pivrnec, Rodan, Zirand
Darkies: Zlababa, Brazoragh, Zloun, Dacan, Dumdum",Berin,comma_name_list,,"Pukes:   Fragir, Berin, Algaron, Pivrnec, Rodan, Zirand",high,yes
whois_cormac_1780907686,char_cormac,Cormac,Maia,"Cormac is a Maia.

Player of:
Pukes:   Fragir, Berin, Algaron, Pivrnec, Rodan, Zirand
Darkies: Zlababa, Brazoragh, Zloun, Dacan, Dumdum",Algaron,comma_name_list,,"Pukes:   Fragir, Berin, Algaron, Pivrnec, Rodan, Zirand",high,yes
whois_cormac_1780907686,char_cormac,Cormac,Maia,"Cormac is a Maia.

Player of:
Pukes:   Fragir, Berin, Algaron, Pivrnec, Rodan, Zirand
Darkies: Zlababa, Brazoragh, Zloun, Dacan, Dumdum",Pivrnec,comma_name_list,,"Pukes:   Fragir, Berin, Algaron, Pivrnec, Rodan, Zirand",low,no
whois_cormac_1780907686,char_cormac,Cormac,Maia,"Cormac is a Maia.

Player of:
Pukes:   Fragir, Berin, Algaron, Pivrnec, Rodan, Zirand
Darkies: Zlababa, Brazoragh, Zloun, Dacan, Dumdum",Rodan,comma_name_list,,"Pukes:   Fragir, Berin, Algaron, Pivrnec, Rodan, Zirand",high,yes
whois_cormac_1780907686,char_cormac,Cormac,Maia,"Cormac is a Maia.

Player of:
Pukes:   Fragir, Berin, Algaron, Pivrnec, Rodan, Zirand
Darkies: Zlababa, Brazoragh, Zloun, Dacan, Dumdum",Zirand,comma_name_list,,"Pukes:   Fragir, Berin, Algaron, Pivrnec, Rodan, Zirand",high,yes
whois_cormac_1780907686,char_cormac,Cormac,Maia,"Cormac is a Maia.

Player of:
Pukes:   Fragir, Berin, Algaron, Pivrnec, Rodan, Zirand
Darkies: Zlababa, Brazoragh, Zloun, Dacan, Dumdum",Brazoragh,comma_name_list,,"Darkies: Zlababa, Brazoragh, Zloun, Dacan, Dumdum",low,no
whois_cormac_1780907686,char_cormac,Cormac,Maia,"Cormac is a Maia.

Player of:
Pukes:   Fragir, Berin, Algaron, Pivrnec, Rodan, Zirand
Darkies: Zlababa, Brazoragh, Zloun, Dacan, Dumdum",Zloun,comma_name_list,,"Darkies: Zlababa, Brazoragh, Zloun, Dacan, Dumdum",low,no
whois_cormac_1780907686,char_cormac,Cormac,Maia,"Cormac is a Maia.

Player of:
Pukes:   Fragir, Berin, Algaron, Pivrnec, Rodan, Zirand
Darkies: Zlababa, Brazoragh, Zloun, Dacan, Dumdum",Dacan,comma_name_list,,"Darkies: Zlababa, Brazoragh, Zloun, Dacan, Dumdum",low,no
whois_cormac_1780907686,char_cormac,Cormac,Maia,"Cormac is a Maia.

Player of:
Pukes:   Fragir, Berin, Algaron, Pivrnec, Rodan, Zirand
Darkies: Zlababa, Brazoragh, Zloun, Dacan, Dumdum",Dumdum,comma_name_list,,"Darkies: Zlababa, Brazoragh, Zloun, Dacan, Dumdum",low,no
whois_david_1780907834,char_david,David,"very bizarre, and he is a Maia","David thinks David is very bizarre, and he is a Maia.

Player of:
Zorcs!: Zerabethulh, Mortie.
Torcs!: Draaz, Zimar, Zé, Drimdul.
Troll!: Pete.
WhiteMeat!: Tharam, Deavon, Trassel, Regin, Rollo, Millen.
!>eat david
You can't find a david.",Zimar,comma_name_list,,"Torcs!: Draaz, Zimar, Zé, Drimdul.",high,yes
whois_david_1780907834,char_david,David,"very bizarre, and he is a Maia","David thinks David is very bizarre, and he is a Maia.

Player of:
Zorcs!: Zerabethulh, Mortie.
Torcs!: Draaz, Zimar, Zé, Drimdul.
Troll!: Pete.
WhiteMeat!: Tharam, Deavon, Trassel, Regin, Rollo, Millen.
!>eat david
You can't find a david.",Zé,comma_name_list,,"Torcs!: Draaz, Zimar, Zé, Drimdul.",high,yes
whois_david_1780907834,char_david,David,"very bizarre, and he is a Maia","David thinks David is very bizarre, and he is a Maia.

Player of:
Zorcs!: Zerabethulh, Mortie.
Torcs!: Draaz, Zimar, Zé, Drimdul.
Troll!: Pete.
WhiteMeat!: Tharam, Deavon, Trassel, Regin, Rollo, Millen.
!>eat david
You can't find a david.",Drimdul,comma_name_list,,"Torcs!: Draaz, Zimar, Zé, Drimdul.",high,yes
whois_david_1780907834,char_david,David,"very bizarre, and he is a Maia","David thinks David is very bizarre, and he is a Maia.

Player of:
Zorcs!: Zerabethulh, Mortie.
Torcs!: Draaz, Zimar, Zé, Drimdul.
Troll!: Pete.
WhiteMeat!: Tharam, Deavon, Trassel, Regin, Rollo, Millen.
!>eat david
You can't find a david.",Deavon,comma_name_list,,"WhiteMeat!: Tharam, Deavon, Trassel, Regin, Rollo, Millen.",high,yes
whois_david_1780907834,char_david,David,"very bizarre, and he is a Maia","David thinks David is very bizarre, and he is a Maia.

Player of:
Zorcs!: Zerabethulh, Mortie.
Torcs!: Draaz, Zimar, Zé, Drimdul.
Troll!: Pete.
WhiteMeat!: Tharam, Deavon, Trassel, Regin, Rollo, Millen.
!>eat david
You can't find a david.",Trassel,comma_name_list,,"WhiteMeat!: Tharam, Deavon, Trassel, Regin, Rollo, Millen.",high,yes
whois_david_1780907834,char_david,David,"very bizarre, and he is a Maia","David thinks David is very bizarre, and he is a Maia.

Player of:
Zorcs!: Zerabethulh, Mortie.
Torcs!: Draaz, Zimar, Zé, Drimdul.
Troll!: Pete.
WhiteMeat!: Tharam, Deavon, Trassel, Regin, Rollo, Millen.
!>eat david
You can't find a david.",Regin,comma_name_list,,"WhiteMeat!: Tharam, Deavon, Trassel, Regin, Rollo, Millen.",high,yes
whois_david_1780907834,char_david,David,"very bizarre, and he is a Maia","David thinks David is very bizarre, and he is a Maia.

Player of:
Zorcs!: Zerabethulh, Mortie.
Torcs!: Draaz, Zimar, Zé, Drimdul.
Troll!: Pete.
WhiteMeat!: Tharam, Deavon, Trassel, Regin, Rollo, Millen.
!>eat david
You can't find a david.",Rollo,comma_name_list,,"WhiteMeat!: Tharam, Deavon, Trassel, Regin, Rollo, Millen.",low,no
whois_david_1780907834,char_david,David,"very bizarre, and he is a Maia","David thinks David is very bizarre, and he is a Maia.

Player of:
Zorcs!: Zerabethulh, Mortie.
Torcs!: Draaz, Zimar, Zé, Drimdul.
Troll!: Pete.
WhiteMeat!: Tharam, Deavon, Trassel, Regin, Rollo, Millen.
!>eat david
You can't find a david.",Millen,comma_name_list,,"WhiteMeat!: Tharam, Deavon, Trassel, Regin, Rollo, Millen.",high,yes
whois_elenwë_1780908530,,Elenwë,Elf,"Elenwë is an Elf [Retired].
Last login 20 years, 6 months, and 8 days ago.

Mestan says 'fan vad nice sen nar jag e chef nanstans'
Mestan says '6 timmars arbetsdag, fallskarm'
Mestan says 'vi snackar ova putten inne pa kontoret'",Mestan,quoted_speaker,,Mestan says 'fan vad nice sen nar jag e chef nanstans',high,yes
whois_elenwë_1780908530,,Elenwë,Elf,"Elenwë is an Elf [Retired].
Last login 20 years, 6 months, and 8 days ago.

Mestan says 'fan vad nice sen nar jag e chef nanstans'
Mestan says '6 timmars arbetsdag, fallskarm'
Mestan says 'vi snackar ova putten inne pa kontoret'",Mestan,quoted_speaker,,"Mestan says '6 timmars arbetsdag, fallskarm'",high,yes
whois_elenwë_1780908530,,Elenwë,Elf,"Elenwë is an Elf [Retired].
Last login 20 years, 6 months, and 8 days ago.

Mestan says 'fan vad nice sen nar jag e chef nanstans'
Mestan says '6 timmars arbetsdag, fallskarm'
Mestan says 'vi snackar ova putten inne pa kontoret'",Mestan,quoted_speaker,,Mestan says 'vi snackar ova putten inne pa kontoret',high,yes
whois_enforcer_1780908656,char_enforcer,Enforcer,Maia,"Enforcer of Law and Order on Arda is a Maia.

Nr.1: Ragface, Sardaukar, Glaran, Wind, Grizzle, Pogo, Dungeonbrawler",Sardaukar,comma_name_list,,"Nr.1: Ragface, Sardaukar, Glaran, Wind, Grizzle, Pogo, Dungeonbrawler",high,yes
whois_enforcer_1780908656,char_enforcer,Enforcer,Maia,"Enforcer of Law and Order on Arda is a Maia.

Nr.1: Ragface, Sardaukar, Glaran, Wind, Grizzle, Pogo, Dungeonbrawler",Glaran,comma_name_list,,"Nr.1: Ragface, Sardaukar, Glaran, Wind, Grizzle, Pogo, Dungeonbrawler",high,yes
whois_enforcer_1780908656,char_enforcer,Enforcer,Maia,"Enforcer of Law and Order on Arda is a Maia.

Nr.1: Ragface, Sardaukar, Glaran, Wind, Grizzle, Pogo, Dungeonbrawler",Wind,comma_name_list,,"Nr.1: Ragface, Sardaukar, Glaran, Wind, Grizzle, Pogo, Dungeonbrawler",high,yes
whois_enforcer_1780908656,char_enforcer,Enforcer,Maia,"Enforcer of Law and Order on Arda is a Maia.

Nr.1: Ragface, Sardaukar, Glaran, Wind, Grizzle, Pogo, Dungeonbrawler",Grizzle,comma_name_list,,"Nr.1: Ragface, Sardaukar, Glaran, Wind, Grizzle, Pogo, Dungeonbrawler",low,no
whois_enforcer_1780908656,char_enforcer,Enforcer,Maia,"Enforcer of Law and Order on Arda is a Maia.

Nr.1: Ragface, Sardaukar, Glaran, Wind, Grizzle, Pogo, Dungeonbrawler",Pogo,comma_name_list,,"Nr.1: Ragface, Sardaukar, Glaran, Wind, Grizzle, Pogo, Dungeonbrawler",low,no
whois_enforcer_1780908656,char_enforcer,Enforcer,Maia,"Enforcer of Law and Order on Arda is a Maia.

Nr.1: Ragface, Sardaukar, Glaran, Wind, Grizzle, Pogo, Dungeonbrawler",Dungeonbrawler,comma_name_list,,"Nr.1: Ragface, Sardaukar, Glaran, Wind, Grizzle, Pogo, Dungeonbrawler",low,no
whois_erowyn_1780908722,char_erowyn,Erowyn,Man,"Erowyn of Riddermark is a Man [Retired].
Last login 12 years, 9 months, and 19 days ago.

Khazdul says 'alltsa vafan ska man med track till?'
Khazdul says 'man trappar enda bara'",Khazdul,quoted_speaker,,Khazdul says 'alltsa vafan ska man med track till?',high,yes
whois_erowyn_1780908722,char_erowyn,Erowyn,Man,"Erowyn of Riddermark is a Man [Retired].
Last login 12 years, 9 months, and 19 days ago.

Khazdul says 'alltsa vafan ska man med track till?'
Khazdul says 'man trappar enda bara'",Khazdul,quoted_speaker,,Khazdul says 'man trappar enda bara',high,yes
whois_faint_1780908805,char_faint,Faint,Maia,"Faint breeze is a Maia.

Darkies: Wenom Warzûr Wozno Wierd Thorzor Nushenak Sophia Malus Nazhtrah Vizh
Wozcrue

Whities: Faint(hobbit) Haldor Dreamweaver Ungrim Myth Amayu",Wenom,heading_name_list,Darkies,Darkies: Wenom Warzûr Wozno Wierd Thorzor Nushenak Sophia Malus Nazhtrah Vizh,high,yes
whois_faint_1780908805,char_faint,Faint,Maia,"Faint breeze is a Maia.

Darkies: Wenom Warzûr Wozno Wierd Thorzor Nushenak Sophia Malus Nazhtrah Vizh
Wozcrue

Whities: Faint(hobbit) Haldor Dreamweaver Ungrim Myth Amayu",Warzûr,heading_name_list,Darkies,Darkies: Wenom Warzûr Wozno Wierd Thorzor Nushenak Sophia Malus Nazhtrah Vizh,high,yes
whois_faint_1780908805,char_faint,Faint,Maia,"Faint breeze is a Maia.

Darkies: Wenom Warzûr Wozno Wierd Thorzor Nushenak Sophia Malus Nazhtrah Vizh
Wozcrue

Whities: Faint(hobbit) Haldor Dreamweaver Ungrim Myth Amayu",Wozno,heading_name_list,Darkies,Darkies: Wenom Warzûr Wozno Wierd Thorzor Nushenak Sophia Malus Nazhtrah Vizh,medium,no
whois_faint_1780908805,char_faint,Faint,Maia,"Faint breeze is a Maia.

Darkies: Wenom Warzûr Wozno Wierd Thorzor Nushenak Sophia Malus Nazhtrah Vizh
Wozcrue

Whities: Faint(hobbit) Haldor Dreamweaver Ungrim Myth Amayu",Wierd,heading_name_list,Darkies,Darkies: Wenom Warzûr Wozno Wierd Thorzor Nushenak Sophia Malus Nazhtrah Vizh,high,yes
whois_faint_1780908805,char_faint,Faint,Maia,"Faint breeze is a Maia.

Darkies: Wenom Warzûr Wozno Wierd Thorzor Nushenak Sophia Malus Nazhtrah Vizh
Wozcrue

Whities: Faint(hobbit) Haldor Dreamweaver Ungrim Myth Amayu",Thorzor,heading_name_list,Darkies,Darkies: Wenom Warzûr Wozno Wierd Thorzor Nushenak Sophia Malus Nazhtrah Vizh,high,yes
whois_faint_1780908805,char_faint,Faint,Maia,"Faint breeze is a Maia.

Darkies: Wenom Warzûr Wozno Wierd Thorzor Nushenak Sophia Malus Nazhtrah Vizh
Wozcrue

Whities: Faint(hobbit) Haldor Dreamweaver Ungrim Myth Amayu",Nushenak,heading_name_list,Darkies,Darkies: Wenom Warzûr Wozno Wierd Thorzor Nushenak Sophia Malus Nazhtrah Vizh,high,yes
whois_faint_1780908805,char_faint,Faint,Maia,"Faint breeze is a Maia.

Darkies: Wenom Warzûr Wozno Wierd Thorzor Nushenak Sophia Malus Nazhtrah Vizh
Wozcrue

Whities: Faint(hobbit) Haldor Dreamweaver Ungrim Myth Amayu",Sophia,heading_name_list,Darkies,Darkies: Wenom Warzûr Wozno Wierd Thorzor Nushenak Sophia Malus Nazhtrah Vizh,high,yes
whois_faint_1780908805,char_faint,Faint,Maia,"Faint breeze is a Maia.

Darkies: Wenom Warzûr Wozno Wierd Thorzor Nushenak Sophia Malus Nazhtrah Vizh
Wozcrue

Whities: Faint(hobbit) Haldor Dreamweaver Ungrim Myth Amayu",Malus,heading_name_list,Darkies,Darkies: Wenom Warzûr Wozno Wierd Thorzor Nushenak Sophia Malus Nazhtrah Vizh,high,yes
whois_faint_1780908805,char_faint,Faint,Maia,"Faint breeze is a Maia.

Darkies: Wenom Warzûr Wozno Wierd Thorzor Nushenak Sophia Malus Nazhtrah Vizh
Wozcrue

Whities: Faint(hobbit) Haldor Dreamweaver Ungrim Myth Amayu",Nazhtrah,heading_name_list,Darkies,Darkies: Wenom Warzûr Wozno Wierd Thorzor Nushenak Sophia Malus Nazhtrah Vizh,medium,no
whois_faint_1780908805,char_faint,Faint,Maia,"Faint breeze is a Maia.

Darkies: Wenom Warzûr Wozno Wierd Thorzor Nushenak Sophia Malus Nazhtrah Vizh
Wozcrue

Whities: Faint(hobbit) Haldor Dreamweaver Ungrim Myth Amayu",Vizh,heading_name_list,Darkies,Darkies: Wenom Warzûr Wozno Wierd Thorzor Nushenak Sophia Malus Nazhtrah Vizh,medium,no
whois_farin_1780908876,char_farin,Farin,Maia,"Farin is a Maia [Retired].
Whities: Arte, Khad, Eldan, Valen, Jimbo, Uland, Oile
Darkies: Chak, Ruul, Ickabod, Serate, Patty
Recent Experiments: Orvile, Lothl, Luma, Smathe, Illu",Chak,heading_name_list,Darkies,"Darkies: Chak, Ruul, Ickabod, Serate, Patty",high,yes
whois_farin_1780908876,char_farin,Farin,Maia,"Farin is a Maia [Retired].
Whities: Arte, Khad, Eldan, Valen, Jimbo, Uland, Oile
Darkies: Chak, Ruul, Ickabod, Serate, Patty
Recent Experiments: Orvile, Lothl, Luma, Smathe, Illu",Ruul,heading_name_list,Darkies,"Darkies: Chak, Ruul, Ickabod, Serate, Patty",high,yes
whois_farin_1780908876,char_farin,Farin,Maia,"Farin is a Maia [Retired].
Whities: Arte, Khad, Eldan, Valen, Jimbo, Uland, Oile
Darkies: Chak, Ruul, Ickabod, Serate, Patty
Recent Experiments: Orvile, Lothl, Luma, Smathe, Illu",Ickabod,heading_name_list,Darkies,"Darkies: Chak, Ruul, Ickabod, Serate, Patty",high,yes
whois_farin_1780908876,char_farin,Farin,Maia,"Farin is a Maia [Retired].
Whities: Arte, Khad, Eldan, Valen, Jimbo, Uland, Oile
Darkies: Chak, Ruul, Ickabod, Serate, Patty
Recent Experiments: Orvile, Lothl, Luma, Smathe, Illu",Serate,heading_name_list,Darkies,"Darkies: Chak, Ruul, Ickabod, Serate, Patty",high,yes
whois_farin_1780908876,char_farin,Farin,Maia,"Farin is a Maia [Retired].
Whities: Arte, Khad, Eldan, Valen, Jimbo, Uland, Oile
Darkies: Chak, Ruul, Ickabod, Serate, Patty
Recent Experiments: Orvile, Lothl, Luma, Smathe, Illu",Patty,heading_name_list,Darkies,"Darkies: Chak, Ruul, Ickabod, Serate, Patty",high,yes
whois_farin_1780908876,char_farin,Farin,Maia,"Farin is a Maia [Retired].
Whities: Arte, Khad, Eldan, Valen, Jimbo, Uland, Oile
Darkies: Chak, Ruul, Ickabod, Serate, Patty
Recent Experiments: Orvile, Lothl, Luma, Smathe, Illu",Khad,comma_name_list,,"Whities: Arte, Khad, Eldan, Valen, Jimbo, Uland, Oile",high,yes
whois_farin_1780908876,char_farin,Farin,Maia,"Farin is a Maia [Retired].
Whities: Arte, Khad, Eldan, Valen, Jimbo, Uland, Oile
Darkies: Chak, Ruul, Ickabod, Serate, Patty
Recent Experiments: Orvile, Lothl, Luma, Smathe, Illu",Eldan,comma_name_list,,"Whities: Arte, Khad, Eldan, Valen, Jimbo, Uland, Oile",high,yes
whois_farin_1780908876,char_farin,Farin,Maia,"Farin is a Maia [Retired].
Whities: Arte, Khad, Eldan, Valen, Jimbo, Uland, Oile
Darkies: Chak, Ruul, Ickabod, Serate, Patty
Recent Experiments: Orvile, Lothl, Luma, Smathe, Illu",Valen,comma_name_list,,"Whities: Arte, Khad, Eldan, Valen, Jimbo, Uland, Oile",high,yes
whois_farin_1780908876,char_farin,Farin,Maia,"Farin is a Maia [Retired].
Whities: Arte, Khad, Eldan, Valen, Jimbo, Uland, Oile
Darkies: Chak, Ruul, Ickabod, Serate, Patty
Recent Experiments: Orvile, Lothl, Luma, Smathe, Illu",Jimbo,comma_name_list,,"Whities: Arte, Khad, Eldan, Valen, Jimbo, Uland, Oile",high,yes
whois_farin_1780908876,char_farin,Farin,Maia,"Farin is a Maia [Retired].
Whities: Arte, Khad, Eldan, Valen, Jimbo, Uland, Oile
Darkies: Chak, Ruul, Ickabod, Serate, Patty
Recent Experiments: Orvile, Lothl, Luma, Smathe, Illu",Uland,comma_name_list,,"Whities: Arte, Khad, Eldan, Valen, Jimbo, Uland, Oile",high,yes
whois_farin_1780908876,char_farin,Farin,Maia,"Farin is a Maia [Retired].
Whities: Arte, Khad, Eldan, Valen, Jimbo, Uland, Oile
Darkies: Chak, Ruul, Ickabod, Serate, Patty
Recent Experiments: Orvile, Lothl, Luma, Smathe, Illu",Oile,comma_name_list,,"Whities: Arte, Khad, Eldan, Valen, Jimbo, Uland, Oile",low,no
whois_farin_1780908876,char_farin,Farin,Maia,"Farin is a Maia [Retired].
Whities: Arte, Khad, Eldan, Valen, Jimbo, Uland, Oile
Darkies: Chak, Ruul, Ickabod, Serate, Patty
Recent Experiments: Orvile, Lothl, Luma, Smathe, Illu",Ruul,comma_name_list,,"Darkies: Chak, Ruul, Ickabod, Serate, Patty",high,yes
whois_farin_1780908876,char_farin,Farin,Maia,"Farin is a Maia [Retired].
Whities: Arte, Khad, Eldan, Valen, Jimbo, Uland, Oile
Darkies: Chak, Ruul, Ickabod, Serate, Patty
Recent Experiments: Orvile, Lothl, Luma, Smathe, Illu",Ickabod,comma_name_list,,"Darkies: Chak, Ruul, Ickabod, Serate, Patty",high,yes
whois_farin_1780908876,char_farin,Farin,Maia,"Farin is a Maia [Retired].
Whities: Arte, Khad, Eldan, Valen, Jimbo, Uland, Oile
Darkies: Chak, Ruul, Ickabod, Serate, Patty
Recent Experiments: Orvile, Lothl, Luma, Smathe, Illu",Serate,comma_name_list,,"Darkies: Chak, Ruul, Ickabod, Serate, Patty",high,yes
whois_farin_1780908876,char_farin,Farin,Maia,"Farin is a Maia [Retired].
Whities: Arte, Khad, Eldan, Valen, Jimbo, Uland, Oile
Darkies: Chak, Ruul, Ickabod, Serate, Patty
Recent Experiments: Orvile, Lothl, Luma, Smathe, Illu",Patty,comma_name_list,,"Darkies: Chak, Ruul, Ickabod, Serate, Patty",high,yes
whois_farin_1780908876,char_farin,Farin,Maia,"Farin is a Maia [Retired].
Whities: Arte, Khad, Eldan, Valen, Jimbo, Uland, Oile
Darkies: Chak, Ruul, Ickabod, Serate, Patty
Recent Experiments: Orvile, Lothl, Luma, Smathe, Illu",Lothl,comma_name_list,,"Recent Experiments: Orvile, Lothl, Luma, Smathe, Illu",low,no
whois_farin_1780908876,char_farin,Farin,Maia,"Farin is a Maia [Retired].
Whities: Arte, Khad, Eldan, Valen, Jimbo, Uland, Oile
Darkies: Chak, Ruul, Ickabod, Serate, Patty
Recent Experiments: Orvile, Lothl, Luma, Smathe, Illu",Luma,comma_name_list,,"Recent Experiments: Orvile, Lothl, Luma, Smathe, Illu",low,no
whois_farin_1780908876,char_farin,Farin,Maia,"Farin is a Maia [Retired].
Whities: Arte, Khad, Eldan, Valen, Jimbo, Uland, Oile
Darkies: Chak, Ruul, Ickabod, Serate, Patty
Recent Experiments: Orvile, Lothl, Luma, Smathe, Illu",Smathe,comma_name_list,,"Recent Experiments: Orvile, Lothl, Luma, Smathe, Illu",low,no
whois_farin_1780908876,char_farin,Farin,Maia,"Farin is a Maia [Retired].
Whities: Arte, Khad, Eldan, Valen, Jimbo, Uland, Oile
Darkies: Chak, Ruul, Ickabod, Serate, Patty
Recent Experiments: Orvile, Lothl, Luma, Smathe, Illu",Illu,comma_name_list,,"Recent Experiments: Orvile, Lothl, Luma, Smathe, Illu",low,no
whois_feon_1780908942,char_feon,Feon,Maia,"Feon Lord, Captain, King of Everything. NSL is a Maia.

Im up and running again, KINDA...
Some chars:
Olorion, Dax, Ilmacill, Scantha, Prosit, Telumehtar, Niedorel, Vandal
Buller......",Olorion,comma_name_list,,"Olorion, Dax, Ilmacill, Scantha, Prosit, Telumehtar, Niedorel, Vandal",high,yes
whois_feon_1780908942,char_feon,Feon,Maia,"Feon Lord, Captain, King of Everything. NSL is a Maia.

Im up and running again, KINDA...
Some chars:
Olorion, Dax, Ilmacill, Scantha, Prosit, Telumehtar, Niedorel, Vandal
Buller......",Dax,comma_name_list,,"Olorion, Dax, Ilmacill, Scantha, Prosit, Telumehtar, Niedorel, Vandal",high,yes
whois_feon_1780908942,char_feon,Feon,Maia,"Feon Lord, Captain, King of Everything. NSL is a Maia.

Im up and running again, KINDA...
Some chars:
Olorion, Dax, Ilmacill, Scantha, Prosit, Telumehtar, Niedorel, Vandal
Buller......",Ilmacill,comma_name_list,,"Olorion, Dax, Ilmacill, Scantha, Prosit, Telumehtar, Niedorel, Vandal",low,no
whois_feon_1780908942,char_feon,Feon,Maia,"Feon Lord, Captain, King of Everything. NSL is a Maia.

Im up and running again, KINDA...
Some chars:
Olorion, Dax, Ilmacill, Scantha, Prosit, Telumehtar, Niedorel, Vandal
Buller......",Scantha,comma_name_list,,"Olorion, Dax, Ilmacill, Scantha, Prosit, Telumehtar, Niedorel, Vandal",low,no
whois_feon_1780908942,char_feon,Feon,Maia,"Feon Lord, Captain, King of Everything. NSL is a Maia.

Im up and running again, KINDA...
Some chars:
Olorion, Dax, Ilmacill, Scantha, Prosit, Telumehtar, Niedorel, Vandal
Buller......",Prosit,comma_name_list,,"Olorion, Dax, Ilmacill, Scantha, Prosit, Telumehtar, Niedorel, Vandal",high,yes
whois_feon_1780908942,char_feon,Feon,Maia,"Feon Lord, Captain, King of Everything. NSL is a Maia.

Im up and running again, KINDA...
Some chars:
Olorion, Dax, Ilmacill, Scantha, Prosit, Telumehtar, Niedorel, Vandal
Buller......",Telumehtar,comma_name_list,,"Olorion, Dax, Ilmacill, Scantha, Prosit, Telumehtar, Niedorel, Vandal",high,yes
whois_feon_1780908942,char_feon,Feon,Maia,"Feon Lord, Captain, King of Everything. NSL is a Maia.

Im up and running again, KINDA...
Some chars:
Olorion, Dax, Ilmacill, Scantha, Prosit, Telumehtar, Niedorel, Vandal
Buller......",Niedorel,comma_name_list,,"Olorion, Dax, Ilmacill, Scantha, Prosit, Telumehtar, Niedorel, Vandal",low,no
whois_feon_1780908942,char_feon,Feon,Maia,"Feon Lord, Captain, King of Everything. NSL is a Maia.

Im up and running again, KINDA...
Some chars:
Olorion, Dax, Ilmacill, Scantha, Prosit, Telumehtar, Niedorel, Vandal
Buller......",Vandal,comma_name_list,,"Olorion, Dax, Ilmacill, Scantha, Prosit, Telumehtar, Niedorel, Vandal",high,yes
whois_fragir_1780909085,char_fragir,Fragir,Dwarven Priest,"Fragir the Exorcist, Monk of Durin's House is a level seventy-five
    Dwarven Priest.
Last login 1 month and 28 days ago from [numerical address].
Goia narrates 'thats 24 min'",Goia,quoted_speaker,,Goia narrates 'thats 24 min',medium,no
whois_fredde_1780909097,char_fredde,Fredde,Maia,"Fredde II, Die Harder is a Maia (Cartographer) [Retired].

From the kings page:
[Fredde] Fredde, Nazghol, Kasach, Baurk, Kotta, Seek, Glenn, Sistina,
Bastantor - lilklesskiller, spammer, flamer and pretty much self-proud guy",Nazghol,comma_name_list,,"[Fredde] Fredde, Nazghol, Kasach, Baurk, Kotta, Seek, Glenn, Sistina,",high,yes
whois_fredde_1780909097,char_fredde,Fredde,Maia,"Fredde II, Die Harder is a Maia (Cartographer) [Retired].

From the kings page:
[Fredde] Fredde, Nazghol, Kasach, Baurk, Kotta, Seek, Glenn, Sistina,
Bastantor - lilklesskiller, spammer, flamer and pretty much self-proud guy",Kasach,comma_name_list,,"[Fredde] Fredde, Nazghol, Kasach, Baurk, Kotta, Seek, Glenn, Sistina,",high,yes
whois_fredde_1780909097,char_fredde,Fredde,Maia,"Fredde II, Die Harder is a Maia (Cartographer) [Retired].

From the kings page:
[Fredde] Fredde, Nazghol, Kasach, Baurk, Kotta, Seek, Glenn, Sistina,
Bastantor - lilklesskiller, spammer, flamer and pretty much self-proud guy",Baurk,comma_name_list,,"[Fredde] Fredde, Nazghol, Kasach, Baurk, Kotta, Seek, Glenn, Sistina,",high,yes
whois_fredde_1780909097,char_fredde,Fredde,Maia,"Fredde II, Die Harder is a Maia (Cartographer) [Retired].

From the kings page:
[Fredde] Fredde, Nazghol, Kasach, Baurk, Kotta, Seek, Glenn, Sistina,
Bastantor - lilklesskiller, spammer, flamer and pretty much self-proud guy",Kotta,comma_name_list,,"[Fredde] Fredde, Nazghol, Kasach, Baurk, Kotta, Seek, Glenn, Sistina,",high,yes
whois_fredde_1780909097,char_fredde,Fredde,Maia,"Fredde II, Die Harder is a Maia (Cartographer) [Retired].

From the kings page:
[Fredde] Fredde, Nazghol, Kasach, Baurk, Kotta, Seek, Glenn, Sistina,
Bastantor - lilklesskiller, spammer, flamer and pretty much self-proud guy",Seek,comma_name_list,,"[Fredde] Fredde, Nazghol, Kasach, Baurk, Kotta, Seek, Glenn, Sistina,",high,yes
whois_fredde_1780909097,char_fredde,Fredde,Maia,"Fredde II, Die Harder is a Maia (Cartographer) [Retired].

From the kings page:
[Fredde] Fredde, Nazghol, Kasach, Baurk, Kotta, Seek, Glenn, Sistina,
Bastantor - lilklesskiller, spammer, flamer and pretty much self-proud guy",Glenn,comma_name_list,,"[Fredde] Fredde, Nazghol, Kasach, Baurk, Kotta, Seek, Glenn, Sistina,",high,yes
whois_fredde_1780909097,char_fredde,Fredde,Maia,"Fredde II, Die Harder is a Maia (Cartographer) [Retired].

From the kings page:
[Fredde] Fredde, Nazghol, Kasach, Baurk, Kotta, Seek, Glenn, Sistina,
Bastantor - lilklesskiller, spammer, flamer and pretty much self-proud guy",Sistina,comma_name_list,,"[Fredde] Fredde, Nazghol, Kasach, Baurk, Kotta, Seek, Glenn, Sistina,",high,yes
whois_glamduril_1780909380,char_glamduril,Glamduril,Noldorin Sentry,"Glamduril is a level eleven Noldorin Sentry [Retired].
Last login 15 years, 9 months, and 18 days ago from *.net.
............................
Uber, Hemp, Ganja, Rumble, Belsambar, Belkira, Mojo
Belmakor, Yarblek
Hudo, Gorlim, Roliowyn, Galumir, Yarblek, Ganja
A little dog leaves south.",Uber,comma_name_list,,"Uber, Hemp, Ganja, Rumble, Belsambar, Belkira, Mojo",high,yes
whois_glamduril_1780909380,char_glamduril,Glamduril,Noldorin Sentry,"Glamduril is a level eleven Noldorin Sentry [Retired].
Last login 15 years, 9 months, and 18 days ago from *.net.
............................
Uber, Hemp, Ganja, Rumble, Belsambar, Belkira, Mojo
Belmakor, Yarblek
Hudo, Gorlim, Roliowyn, Galumir, Yarblek, Ganja
A little dog leaves south.",Hemp,comma_name_list,,"Uber, Hemp, Ganja, Rumble, Belsambar, Belkira, Mojo",low,no
whois_glamduril_1780909380,char_glamduril,Glamduril,Noldorin Sentry,"Glamduril is a level eleven Noldorin Sentry [Retired].
Last login 15 years, 9 months, and 18 days ago from *.net.
............................
Uber, Hemp, Ganja, Rumble, Belsambar, Belkira, Mojo
Belmakor, Yarblek
Hudo, Gorlim, Roliowyn, Galumir, Yarblek, Ganja
A little dog leaves south.",Ganja,comma_name_list,,"Uber, Hemp, Ganja, Rumble, Belsambar, Belkira, Mojo",low,no
whois_glamduril_1780909380,char_glamduril,Glamduril,Noldorin Sentry,"Glamduril is a level eleven Noldorin Sentry [Retired].
Last login 15 years, 9 months, and 18 days ago from *.net.
............................
Uber, Hemp, Ganja, Rumble, Belsambar, Belkira, Mojo
Belmakor, Yarblek
Hudo, Gorlim, Roliowyn, Galumir, Yarblek, Ganja
A little dog leaves south.",Rumble,comma_name_list,,"Uber, Hemp, Ganja, Rumble, Belsambar, Belkira, Mojo",high,yes
whois_glamduril_1780909380,char_glamduril,Glamduril,Noldorin Sentry,"Glamduril is a level eleven Noldorin Sentry [Retired].
Last login 15 years, 9 months, and 18 days ago from *.net.
............................
Uber, Hemp, Ganja, Rumble, Belsambar, Belkira, Mojo
Belmakor, Yarblek
Hudo, Gorlim, Roliowyn, Galumir, Yarblek, Ganja
A little dog leaves south.",Belsambar,comma_name_list,,"Uber, Hemp, Ganja, Rumble, Belsambar, Belkira, Mojo",low,no
whois_glamduril_1780909380,char_glamduril,Glamduril,Noldorin Sentry,"Glamduril is a level eleven Noldorin Sentry [Retired].
Last login 15 years, 9 months, and 18 days ago from *.net.
............................
Uber, Hemp, Ganja, Rumble, Belsambar, Belkira, Mojo
Belmakor, Yarblek
Hudo, Gorlim, Roliowyn, Galumir, Yarblek, Ganja
A little dog leaves south.",Belkira,comma_name_list,,"Uber, Hemp, Ganja, Rumble, Belsambar, Belkira, Mojo",low,no
whois_glamduril_1780909380,char_glamduril,Glamduril,Noldorin Sentry,"Glamduril is a level eleven Noldorin Sentry [Retired].
Last login 15 years, 9 months, and 18 days ago from *.net.
............................
Uber, Hemp, Ganja, Rumble, Belsambar, Belkira, Mojo
Belmakor, Yarblek
Hudo, Gorlim, Roliowyn, Galumir, Yarblek, Ganja
A little dog leaves south.",Mojo,comma_name_list,,"Uber, Hemp, Ganja, Rumble, Belsambar, Belkira, Mojo",high,yes
whois_glamduril_1780909380,char_glamduril,Glamduril,Noldorin Sentry,"Glamduril is a level eleven Noldorin Sentry [Retired].
Last login 15 years, 9 months, and 18 days ago from *.net.
............................
Uber, Hemp, Ganja, Rumble, Belsambar, Belkira, Mojo
Belmakor, Yarblek
Hudo, Gorlim, Roliowyn, Galumir, Yarblek, Ganja
A little dog leaves south.",Hudo,comma_name_list,,"Hudo, Gorlim, Roliowyn, Galumir, Yarblek, Ganja",low,no
whois_glamduril_1780909380,char_glamduril,Glamduril,Noldorin Sentry,"Glamduril is a level eleven Noldorin Sentry [Retired].
Last login 15 years, 9 months, and 18 days ago from *.net.
............................
Uber, Hemp, Ganja, Rumble, Belsambar, Belkira, Mojo
Belmakor, Yarblek
Hudo, Gorlim, Roliowyn, Galumir, Yarblek, Ganja
A little dog leaves south.",Gorlim,comma_name_list,,"Hudo, Gorlim, Roliowyn, Galumir, Yarblek, Ganja",low,no
whois_glamduril_1780909380,char_glamduril,Glamduril,Noldorin Sentry,"Glamduril is a level eleven Noldorin Sentry [Retired].
Last login 15 years, 9 months, and 18 days ago from *.net.
............................
Uber, Hemp, Ganja, Rumble, Belsambar, Belkira, Mojo
Belmakor, Yarblek
Hudo, Gorlim, Roliowyn, Galumir, Yarblek, Ganja
A little dog leaves south.",Roliowyn,comma_name_list,,"Hudo, Gorlim, Roliowyn, Galumir, Yarblek, Ganja",low,no
whois_glamduril_1780909380,char_glamduril,Glamduril,Noldorin Sentry,"Glamduril is a level eleven Noldorin Sentry [Retired].
Last login 15 years, 9 months, and 18 days ago from *.net.
............................
Uber, Hemp, Ganja, Rumble, Belsambar, Belkira, Mojo
Belmakor, Yarblek
Hudo, Gorlim, Roliowyn, Galumir, Yarblek, Ganja
A little dog leaves south.",Galumir,comma_name_list,,"Hudo, Gorlim, Roliowyn, Galumir, Yarblek, Ganja",low,no
whois_glamduril_1780909380,char_glamduril,Glamduril,Noldorin Sentry,"Glamduril is a level eleven Noldorin Sentry [Retired].
Last login 15 years, 9 months, and 18 days ago from *.net.
............................
Uber, Hemp, Ganja, Rumble, Belsambar, Belkira, Mojo
Belmakor, Yarblek
Hudo, Gorlim, Roliowyn, Galumir, Yarblek, Ganja
A little dog leaves south.",Yarblek,comma_name_list,,"Hudo, Gorlim, Roliowyn, Galumir, Yarblek, Ganja",low,no
whois_glamduril_1780909380,char_glamduril,Glamduril,Noldorin Sentry,"Glamduril is a level eleven Noldorin Sentry [Retired].
Last login 15 years, 9 months, and 18 days ago from *.net.
............................
Uber, Hemp, Ganja, Rumble, Belsambar, Belkira, Mojo
Belmakor, Yarblek
Hudo, Gorlim, Roliowyn, Galumir, Yarblek, Ganja
A little dog leaves south.",Ganja,comma_name_list,,"Hudo, Gorlim, Roliowyn, Galumir, Yarblek, Ganja",low,no
whois_grez_1780909564,char_grez,Grez,Half-Elf,"Grez the disturbed is a Half-Elf [Retired].
Last login 18 years, 3 months, and 10 days ago.

Drow says 'jesus grez'

Drow says 'i am male rl'",Drow,quoted_speaker,,Drow says 'jesus grez',high,yes
whois_grez_1780909564,char_grez,Grez,Half-Elf,"Grez the disturbed is a Half-Elf [Retired].
Last login 18 years, 3 months, and 10 days ago.

Drow says 'jesus grez'

Drow says 'i am male rl'",Drow,quoted_speaker,,Drow says 'i am male rl',high,yes
whois_ior_1780911993,char_ior,Ior,Hill Troll Brute,"Ior ""Pathetic. That's what it is. Pathetic"" is a level thirty-one
    Hill Troll Brute [Retired].

!O>'brutez wanna come?
Ok.

Brutez says 'where you going?'
Brutez says 'I cant go far'
Brutez says 'getting married in an hour'",Brutez,quoted_speaker,,Brutez says 'where you going?',medium,no
whois_ior_1780911993,char_ior,Ior,Hill Troll Brute,"Ior ""Pathetic. That's what it is. Pathetic"" is a level thirty-one
    Hill Troll Brute [Retired].

!O>'brutez wanna come?
Ok.

Brutez says 'where you going?'
Brutez says 'I cant go far'
Brutez says 'getting married in an hour'",Brutez,quoted_speaker,,Brutez says 'I cant go far',medium,no
whois_ior_1780911993,char_ior,Ior,Hill Troll Brute,"Ior ""Pathetic. That's what it is. Pathetic"" is a level thirty-one
    Hill Troll Brute [Retired].

!O>'brutez wanna come?
Ok.

Brutez says 'where you going?'
Brutez says 'I cant go far'
Brutez says 'getting married in an hour'",Brutez,quoted_speaker,,Brutez says 'getting married in an hour',medium,no
whois_jauer_1780912127,char_jauer,Jauer,Orc,"Jauer says: Fat with Jau! is an Orc [Retired].

- One of the Titans

Retired with Elestir's full shining until mend and resize is fixed!

Sterman tells you 'nice last narr btw'
Sterman tells you 'well timed and all. It was perfect'",Jauer,quoted_speaker,,Jauer says: Fat with Jau! is an Orc [Retired].,high,yes
whois_jauer_1780912127,char_jauer,Jauer,Orc,"Jauer says: Fat with Jau! is an Orc [Retired].

- One of the Titans

Retired with Elestir's full shining until mend and resize is fixed!

Sterman tells you 'nice last narr btw'
Sterman tells you 'well timed and all. It was perfect'",Sterman,quoted_speaker,,Sterman tells you 'nice last narr btw',medium,no
whois_jauer_1780912127,char_jauer,Jauer,Orc,"Jauer says: Fat with Jau! is an Orc [Retired].

- One of the Titans

Retired with Elestir's full shining until mend and resize is fixed!

Sterman tells you 'nice last narr btw'
Sterman tells you 'well timed and all. It was perfect'",Sterman,quoted_speaker,,Sterman tells you 'well timed and all. It was perfect',medium,no
whois_kamlakh_1780912294,char_kamlakh,Kamlakh,about 14 years old is a Maia,"Kamlakh Tear of Blood is about 14 years old is a Maia.
Orlanth says 'you were created 2002-May-14 11:28:00'",Orlanth,quoted_speaker,,Orlanth says 'you were created 2002-May-14 11:28:00',high,yes
whois_kasach_1780912317,char_kasach,Kasach,Tarkhnarb Champion,"Kasach the Old and Wise Bastard is a level twenty-nine Tarkhnarb
    Champion [Retired].

Kasach says 'Takhr, can I go out and kill tonight?'

Takhr says 'Hell ya!'",Kasach,quoted_speaker,,"Kasach says 'Takhr, can I go out and kill tonight?'",high,yes
whois_kasach_1780912317,char_kasach,Kasach,Tarkhnarb Champion,"Kasach the Old and Wise Bastard is a level twenty-nine Tarkhnarb
    Champion [Retired].

Kasach says 'Takhr, can I go out and kill tonight?'

Takhr says 'Hell ya!'",Takhr,quoted_speaker,,Takhr says 'Hell ya!',medium,no
whois_kenzu_1780912361,char_kenzu,Kenzu,prowling Arda is a Maia,"Kenzu Daru is prowling Arda is a Maia (Cartographer).

Armies of the West:
Ambassador, Antar, Ardent, Arrogance, Earand, Furor, Gennessie,
Greed, Kessfare, Lief, Schmidt, Vulpine",Ambassador,comma_name_list,,"Ambassador, Antar, Ardent, Arrogance, Earand, Furor, Gennessie,",low,no
whois_kenzu_1780912361,char_kenzu,Kenzu,prowling Arda is a Maia,"Kenzu Daru is prowling Arda is a Maia (Cartographer).

Armies of the West:
Ambassador, Antar, Ardent, Arrogance, Earand, Furor, Gennessie,
Greed, Kessfare, Lief, Schmidt, Vulpine",Antar,comma_name_list,,"Ambassador, Antar, Ardent, Arrogance, Earand, Furor, Gennessie,",high,yes
whois_kenzu_1780912361,char_kenzu,Kenzu,prowling Arda is a Maia,"Kenzu Daru is prowling Arda is a Maia (Cartographer).

Armies of the West:
Ambassador, Antar, Ardent, Arrogance, Earand, Furor, Gennessie,
Greed, Kessfare, Lief, Schmidt, Vulpine",Ardent,comma_name_list,,"Ambassador, Antar, Ardent, Arrogance, Earand, Furor, Gennessie,",high,yes
whois_kenzu_1780912361,char_kenzu,Kenzu,prowling Arda is a Maia,"Kenzu Daru is prowling Arda is a Maia (Cartographer).

Armies of the West:
Ambassador, Antar, Ardent, Arrogance, Earand, Furor, Gennessie,
Greed, Kessfare, Lief, Schmidt, Vulpine",Arrogance,comma_name_list,,"Ambassador, Antar, Ardent, Arrogance, Earand, Furor, Gennessie,",low,no
whois_kenzu_1780912361,char_kenzu,Kenzu,prowling Arda is a Maia,"Kenzu Daru is prowling Arda is a Maia (Cartographer).

Armies of the West:
Ambassador, Antar, Ardent, Arrogance, Earand, Furor, Gennessie,
Greed, Kessfare, Lief, Schmidt, Vulpine",Earand,comma_name_list,,"Ambassador, Antar, Ardent, Arrogance, Earand, Furor, Gennessie,",high,yes
whois_kenzu_1780912361,char_kenzu,Kenzu,prowling Arda is a Maia,"Kenzu Daru is prowling Arda is a Maia (Cartographer).

Armies of the West:
Ambassador, Antar, Ardent, Arrogance, Earand, Furor, Gennessie,
Greed, Kessfare, Lief, Schmidt, Vulpine",Furor,comma_name_list,,"Ambassador, Antar, Ardent, Arrogance, Earand, Furor, Gennessie,",low,no
whois_kenzu_1780912361,char_kenzu,Kenzu,prowling Arda is a Maia,"Kenzu Daru is prowling Arda is a Maia (Cartographer).

Armies of the West:
Ambassador, Antar, Ardent, Arrogance, Earand, Furor, Gennessie,
Greed, Kessfare, Lief, Schmidt, Vulpine",Gennessie,comma_name_list,,"Ambassador, Antar, Ardent, Arrogance, Earand, Furor, Gennessie,",low,no
whois_kenzu_1780912361,char_kenzu,Kenzu,prowling Arda is a Maia,"Kenzu Daru is prowling Arda is a Maia (Cartographer).

Armies of the West:
Ambassador, Antar, Ardent, Arrogance, Earand, Furor, Gennessie,
Greed, Kessfare, Lief, Schmidt, Vulpine",Greed,comma_name_list,,"Greed, Kessfare, Lief, Schmidt, Vulpine",high,yes
whois_kenzu_1780912361,char_kenzu,Kenzu,prowling Arda is a Maia,"Kenzu Daru is prowling Arda is a Maia (Cartographer).

Armies of the West:
Ambassador, Antar, Ardent, Arrogance, Earand, Furor, Gennessie,
Greed, Kessfare, Lief, Schmidt, Vulpine",Kessfare,comma_name_list,,"Greed, Kessfare, Lief, Schmidt, Vulpine",high,yes
whois_kenzu_1780912361,char_kenzu,Kenzu,prowling Arda is a Maia,"Kenzu Daru is prowling Arda is a Maia (Cartographer).

Armies of the West:
Ambassador, Antar, Ardent, Arrogance, Earand, Furor, Gennessie,
Greed, Kessfare, Lief, Schmidt, Vulpine",Lief,comma_name_list,,"Greed, Kessfare, Lief, Schmidt, Vulpine",high,yes
whois_kenzu_1780912361,char_kenzu,Kenzu,prowling Arda is a Maia,"Kenzu Daru is prowling Arda is a Maia (Cartographer).

Armies of the West:
Ambassador, Antar, Ardent, Arrogance, Earand, Furor, Gennessie,
Greed, Kessfare, Lief, Schmidt, Vulpine",Schmidt,comma_name_list,,"Greed, Kessfare, Lief, Schmidt, Vulpine",high,yes
whois_kenzu_1780912361,char_kenzu,Kenzu,prowling Arda is a Maia,"Kenzu Daru is prowling Arda is a Maia (Cartographer).

Armies of the West:
Ambassador, Antar, Ardent, Arrogance, Earand, Furor, Gennessie,
Greed, Kessfare, Lief, Schmidt, Vulpine",Vulpine,comma_name_list,,"Greed, Kessfare, Lief, Schmidt, Vulpine",low,no
whois_líng_1780912945,,Líng,Maia,"Líng the young and vibrant one is a Maia [Retired].

Azan tells you 'Stop trippin about your age we are still young and vibrant!'",Azan,quoted_speaker,,Azan tells you 'Stop trippin about your age we are still young and vibrant!',high,yes
whois_lorduk_1780913007,char_lorduk,Lorduk,Troll,"Lorduk is a Troll [Retired].

8 feet 10 and 60 stone.
2.70m and 385kg. You certainly dont want meet him!

Fearsome tells you 'relax '
Fearsome tells you 'you sunrockin and retireing chars is costing me a fortune
:)'
Your burden is heavy.",Fearsome,quoted_speaker,,Fearsome tells you 'relax ',high,yes
whois_lorduk_1780913007,char_lorduk,Lorduk,Troll,"Lorduk is a Troll [Retired].

8 feet 10 and 60 stone.
2.70m and 385kg. You certainly dont want meet him!

Fearsome tells you 'relax '
Fearsome tells you 'you sunrockin and retireing chars is costing me a fortune
:)'
Your burden is heavy.",Fearsome,quoted_speaker,,Fearsome tells you 'you sunrockin and retireing chars is costing me a fortune,high,yes
whois_luke_1780913075,char_luke,Luke,Maia,"Luke is a Maia [Retired].

Darkies: Smrtihlav Mochomurka Smrtak Tiggie Lokomotiva Manandoun
Space Kostej Traverza Kylhuk

Zorks: Tahkr Txul Luzifer

Pukes: Litovel Eletherion Plch Mrtvola",Smrtihlav,heading_name_list,Darkies,Darkies: Smrtihlav Mochomurka Smrtak Tiggie Lokomotiva Manandoun,high,yes
whois_luke_1780913075,char_luke,Luke,Maia,"Luke is a Maia [Retired].

Darkies: Smrtihlav Mochomurka Smrtak Tiggie Lokomotiva Manandoun
Space Kostej Traverza Kylhuk

Zorks: Tahkr Txul Luzifer

Pukes: Litovel Eletherion Plch Mrtvola",Mochomurka,heading_name_list,Darkies,Darkies: Smrtihlav Mochomurka Smrtak Tiggie Lokomotiva Manandoun,high,yes
whois_luke_1780913075,char_luke,Luke,Maia,"Luke is a Maia [Retired].

Darkies: Smrtihlav Mochomurka Smrtak Tiggie Lokomotiva Manandoun
Space Kostej Traverza Kylhuk

Zorks: Tahkr Txul Luzifer

Pukes: Litovel Eletherion Plch Mrtvola",Smrtak,heading_name_list,Darkies,Darkies: Smrtihlav Mochomurka Smrtak Tiggie Lokomotiva Manandoun,high,yes
whois_luke_1780913075,char_luke,Luke,Maia,"Luke is a Maia [Retired].

Darkies: Smrtihlav Mochomurka Smrtak Tiggie Lokomotiva Manandoun
Space Kostej Traverza Kylhuk

Zorks: Tahkr Txul Luzifer

Pukes: Litovel Eletherion Plch Mrtvola",Tiggie,heading_name_list,Darkies,Darkies: Smrtihlav Mochomurka Smrtak Tiggie Lokomotiva Manandoun,medium,no
whois_luke_1780913075,char_luke,Luke,Maia,"Luke is a Maia [Retired].

Darkies: Smrtihlav Mochomurka Smrtak Tiggie Lokomotiva Manandoun
Space Kostej Traverza Kylhuk

Zorks: Tahkr Txul Luzifer

Pukes: Litovel Eletherion Plch Mrtvola",Lokomotiva,heading_name_list,Darkies,Darkies: Smrtihlav Mochomurka Smrtak Tiggie Lokomotiva Manandoun,high,yes
whois_luke_1780913075,char_luke,Luke,Maia,"Luke is a Maia [Retired].

Darkies: Smrtihlav Mochomurka Smrtak Tiggie Lokomotiva Manandoun
Space Kostej Traverza Kylhuk

Zorks: Tahkr Txul Luzifer

Pukes: Litovel Eletherion Plch Mrtvola",Manandoun,heading_name_list,Darkies,Darkies: Smrtihlav Mochomurka Smrtak Tiggie Lokomotiva Manandoun,medium,no
whois_luke_1780913075,char_luke,Luke,Maia,"Luke is a Maia [Retired].

Darkies: Smrtihlav Mochomurka Smrtak Tiggie Lokomotiva Manandoun
Space Kostej Traverza Kylhuk

Zorks: Tahkr Txul Luzifer

Pukes: Litovel Eletherion Plch Mrtvola",Litovel,heading_name_list,Pukes,Pukes: Litovel Eletherion Plch Mrtvola,high,yes
whois_luke_1780913075,char_luke,Luke,Maia,"Luke is a Maia [Retired].

Darkies: Smrtihlav Mochomurka Smrtak Tiggie Lokomotiva Manandoun
Space Kostej Traverza Kylhuk

Zorks: Tahkr Txul Luzifer

Pukes: Litovel Eletherion Plch Mrtvola",Eletherion,heading_name_list,Pukes,Pukes: Litovel Eletherion Plch Mrtvola,high,yes
whois_luke_1780913075,char_luke,Luke,Maia,"Luke is a Maia [Retired].

Darkies: Smrtihlav Mochomurka Smrtak Tiggie Lokomotiva Manandoun
Space Kostej Traverza Kylhuk

Zorks: Tahkr Txul Luzifer

Pukes: Litovel Eletherion Plch Mrtvola",Plch,heading_name_list,Pukes,Pukes: Litovel Eletherion Plch Mrtvola,high,yes
whois_luke_1780913075,char_luke,Luke,Maia,"Luke is a Maia [Retired].

Darkies: Smrtihlav Mochomurka Smrtak Tiggie Lokomotiva Manandoun
Space Kostej Traverza Kylhuk

Zorks: Tahkr Txul Luzifer

Pukes: Litovel Eletherion Plch Mrtvola",Mrtvola,heading_name_list,Pukes,Pukes: Litovel Eletherion Plch Mrtvola,medium,no
whois_luvette_1780913092,char_luvette,Luvette,Beorning Battlemistress,"Luvette or leave it!1 is a level twenty-four Beorning
    Battlemistress [Retired].
Last login 25 years, 2 months, and 17 days ago from [numerical
    address].

 Pernicious has arrived from the west.
 Pernicious says 'I thought linux was only for powwow'
 Dizziness and hallucinations overwhelm you.",Pernicious,quoted_speaker,,Pernicious says 'I thought linux was only for powwow',medium,no
whois_malus_1780913176,char_malus,Malus,Orc,"Malus Darkblade, Wielder of Spite the Cold One is an Orc
    [Retired].

Naga tells you '/kit malus - Those Zaugurz Orcs don't deserve kits.'",Naga,quoted_speaker,,Naga tells you '/kit malus - Those Zaugurz Orcs don't deserve kits.',high,yes
whois_melinda_1780913333,char_melinda,Melinda,Black Númenórean,"Melinda bling bling is a Black Númenórean [Retired].

Smrtihlav tells you 'i think hewer decays today'
Smrtihlav tells you 'if it will happen i will call mother and say
sorry I cant come for dinner'
Smrtihlav tells you 'gonna spam do gg'",Smrtihlav,quoted_speaker,,Smrtihlav tells you 'i think hewer decays today',high,yes
whois_melinda_1780913333,char_melinda,Melinda,Black Númenórean,"Melinda bling bling is a Black Númenórean [Retired].

Smrtihlav tells you 'i think hewer decays today'
Smrtihlav tells you 'if it will happen i will call mother and say
sorry I cant come for dinner'
Smrtihlav tells you 'gonna spam do gg'",Smrtihlav,quoted_speaker,,Smrtihlav tells you 'if it will happen i will call mother and say,high,yes
whois_melinda_1780913333,char_melinda,Melinda,Black Númenórean,"Melinda bling bling is a Black Númenórean [Retired].

Smrtihlav tells you 'i think hewer decays today'
Smrtihlav tells you 'if it will happen i will call mother and say
sorry I cant come for dinner'
Smrtihlav tells you 'gonna spam do gg'",Smrtihlav,quoted_speaker,,Smrtihlav tells you 'gonna spam do gg',high,yes
whois_miser_1780913480,char_miser,Miser,Maia,"Miser the Good Ole Busc Pincher is a Maia (Wright) [Retired].
Country:  *  /    
Whities: Felix, Pöxyhm [Semi-Active]
Darkies: Nuzo, Deacon, Heztna, Salvatore, Gowaine, Limey, Medusa [Inactive]

Special Thanks to:
Nighthawk, Nazgum, Malak, Stimpy, Penelion, Valbeesk, the Great Kip and all
the others that I can't remember atm.

/shout m to the Arda crew of late 96' - early 97'",Nuzo,heading_name_list,Darkies,"Darkies: Nuzo, Deacon, Heztna, Salvatore, Gowaine, Limey, Medusa [Inactive]",high,yes
whois_miser_1780913480,char_miser,Miser,Maia,"Miser the Good Ole Busc Pincher is a Maia (Wright) [Retired].
Country:  *  /    
Whities: Felix, Pöxyhm [Semi-Active]
Darkies: Nuzo, Deacon, Heztna, Salvatore, Gowaine, Limey, Medusa [Inactive]

Special Thanks to:
Nighthawk, Nazgum, Malak, Stimpy, Penelion, Valbeesk, the Great Kip and all
the others that I can't remember atm.

/shout m to the Arda crew of late 96' - early 97'",Deacon,heading_name_list,Darkies,"Darkies: Nuzo, Deacon, Heztna, Salvatore, Gowaine, Limey, Medusa [Inactive]",high,yes
whois_miser_1780913480,char_miser,Miser,Maia,"Miser the Good Ole Busc Pincher is a Maia (Wright) [Retired].
Country:  *  /    
Whities: Felix, Pöxyhm [Semi-Active]
Darkies: Nuzo, Deacon, Heztna, Salvatore, Gowaine, Limey, Medusa [Inactive]

Special Thanks to:
Nighthawk, Nazgum, Malak, Stimpy, Penelion, Valbeesk, the Great Kip and all
the others that I can't remember atm.

/shout m to the Arda crew of late 96' - early 97'",Heztna,heading_name_list,Darkies,"Darkies: Nuzo, Deacon, Heztna, Salvatore, Gowaine, Limey, Medusa [Inactive]",medium,no
whois_miser_1780913480,char_miser,Miser,Maia,"Miser the Good Ole Busc Pincher is a Maia (Wright) [Retired].
Country:  *  /    
Whities: Felix, Pöxyhm [Semi-Active]
Darkies: Nuzo, Deacon, Heztna, Salvatore, Gowaine, Limey, Medusa [Inactive]

Special Thanks to:
Nighthawk, Nazgum, Malak, Stimpy, Penelion, Valbeesk, the Great Kip and all
the others that I can't remember atm.

/shout m to the Arda crew of late 96' - early 97'",Salvatore,heading_name_list,Darkies,"Darkies: Nuzo, Deacon, Heztna, Salvatore, Gowaine, Limey, Medusa [Inactive]",medium,no
whois_miser_1780913480,char_miser,Miser,Maia,"Miser the Good Ole Busc Pincher is a Maia (Wright) [Retired].
Country:  *  /    
Whities: Felix, Pöxyhm [Semi-Active]
Darkies: Nuzo, Deacon, Heztna, Salvatore, Gowaine, Limey, Medusa [Inactive]

Special Thanks to:
Nighthawk, Nazgum, Malak, Stimpy, Penelion, Valbeesk, the Great Kip and all
the others that I can't remember atm.

/shout m to the Arda crew of late 96' - early 97'",Gowaine,heading_name_list,Darkies,"Darkies: Nuzo, Deacon, Heztna, Salvatore, Gowaine, Limey, Medusa [Inactive]",medium,no
whois_miser_1780913480,char_miser,Miser,Maia,"Miser the Good Ole Busc Pincher is a Maia (Wright) [Retired].
Country:  *  /    
Whities: Felix, Pöxyhm [Semi-Active]
Darkies: Nuzo, Deacon, Heztna, Salvatore, Gowaine, Limey, Medusa [Inactive]

Special Thanks to:
Nighthawk, Nazgum, Malak, Stimpy, Penelion, Valbeesk, the Great Kip and all
the others that I can't remember atm.

/shout m to the Arda crew of late 96' - early 97'",Limey,heading_name_list,Darkies,"Darkies: Nuzo, Deacon, Heztna, Salvatore, Gowaine, Limey, Medusa [Inactive]",medium,no
whois_miser_1780913480,char_miser,Miser,Maia,"Miser the Good Ole Busc Pincher is a Maia (Wright) [Retired].
Country:  *  /    
Whities: Felix, Pöxyhm [Semi-Active]
Darkies: Nuzo, Deacon, Heztna, Salvatore, Gowaine, Limey, Medusa [Inactive]

Special Thanks to:
Nighthawk, Nazgum, Malak, Stimpy, Penelion, Valbeesk, the Great Kip and all
the others that I can't remember atm.

/shout m to the Arda crew of late 96' - early 97'",Deacon,comma_name_list,,"Darkies: Nuzo, Deacon, Heztna, Salvatore, Gowaine, Limey, Medusa [Inactive]",high,yes
whois_miser_1780913480,char_miser,Miser,Maia,"Miser the Good Ole Busc Pincher is a Maia (Wright) [Retired].
Country:  *  /    
Whities: Felix, Pöxyhm [Semi-Active]
Darkies: Nuzo, Deacon, Heztna, Salvatore, Gowaine, Limey, Medusa [Inactive]

Special Thanks to:
Nighthawk, Nazgum, Malak, Stimpy, Penelion, Valbeesk, the Great Kip and all
the others that I can't remember atm.

/shout m to the Arda crew of late 96' - early 97'",Heztna,comma_name_list,,"Darkies: Nuzo, Deacon, Heztna, Salvatore, Gowaine, Limey, Medusa [Inactive]",low,no
whois_miser_1780913480,char_miser,Miser,Maia,"Miser the Good Ole Busc Pincher is a Maia (Wright) [Retired].
Country:  *  /    
Whities: Felix, Pöxyhm [Semi-Active]
Darkies: Nuzo, Deacon, Heztna, Salvatore, Gowaine, Limey, Medusa [Inactive]

Special Thanks to:
Nighthawk, Nazgum, Malak, Stimpy, Penelion, Valbeesk, the Great Kip and all
the others that I can't remember atm.

/shout m to the Arda crew of late 96' - early 97'",Salvatore,comma_name_list,,"Darkies: Nuzo, Deacon, Heztna, Salvatore, Gowaine, Limey, Medusa [Inactive]",low,no
whois_miser_1780913480,char_miser,Miser,Maia,"Miser the Good Ole Busc Pincher is a Maia (Wright) [Retired].
Country:  *  /    
Whities: Felix, Pöxyhm [Semi-Active]
Darkies: Nuzo, Deacon, Heztna, Salvatore, Gowaine, Limey, Medusa [Inactive]

Special Thanks to:
Nighthawk, Nazgum, Malak, Stimpy, Penelion, Valbeesk, the Great Kip and all
the others that I can't remember atm.

/shout m to the Arda crew of late 96' - early 97'",Gowaine,comma_name_list,,"Darkies: Nuzo, Deacon, Heztna, Salvatore, Gowaine, Limey, Medusa [Inactive]",low,no
whois_miser_1780913480,char_miser,Miser,Maia,"Miser the Good Ole Busc Pincher is a Maia (Wright) [Retired].
Country:  *  /    
Whities: Felix, Pöxyhm [Semi-Active]
Darkies: Nuzo, Deacon, Heztna, Salvatore, Gowaine, Limey, Medusa [Inactive]

Special Thanks to:
Nighthawk, Nazgum, Malak, Stimpy, Penelion, Valbeesk, the Great Kip and all
the others that I can't remember atm.

/shout m to the Arda crew of late 96' - early 97'",Limey,comma_name_list,,"Darkies: Nuzo, Deacon, Heztna, Salvatore, Gowaine, Limey, Medusa [Inactive]",low,no
whois_miser_1780913480,char_miser,Miser,Maia,"Miser the Good Ole Busc Pincher is a Maia (Wright) [Retired].
Country:  *  /    
Whities: Felix, Pöxyhm [Semi-Active]
Darkies: Nuzo, Deacon, Heztna, Salvatore, Gowaine, Limey, Medusa [Inactive]

Special Thanks to:
Nighthawk, Nazgum, Malak, Stimpy, Penelion, Valbeesk, the Great Kip and all
the others that I can't remember atm.

/shout m to the Arda crew of late 96' - early 97'",Nighthawk,comma_name_list,,"Nighthawk, Nazgum, Malak, Stimpy, Penelion, Valbeesk, the Great Kip and all",high,yes
whois_miser_1780913480,char_miser,Miser,Maia,"Miser the Good Ole Busc Pincher is a Maia (Wright) [Retired].
Country:  *  /    
Whities: Felix, Pöxyhm [Semi-Active]
Darkies: Nuzo, Deacon, Heztna, Salvatore, Gowaine, Limey, Medusa [Inactive]

Special Thanks to:
Nighthawk, Nazgum, Malak, Stimpy, Penelion, Valbeesk, the Great Kip and all
the others that I can't remember atm.

/shout m to the Arda crew of late 96' - early 97'",Nazgum,comma_name_list,,"Nighthawk, Nazgum, Malak, Stimpy, Penelion, Valbeesk, the Great Kip and all",high,yes
whois_miser_1780913480,char_miser,Miser,Maia,"Miser the Good Ole Busc Pincher is a Maia (Wright) [Retired].
Country:  *  /    
Whities: Felix, Pöxyhm [Semi-Active]
Darkies: Nuzo, Deacon, Heztna, Salvatore, Gowaine, Limey, Medusa [Inactive]

Special Thanks to:
Nighthawk, Nazgum, Malak, Stimpy, Penelion, Valbeesk, the Great Kip and all
the others that I can't remember atm.

/shout m to the Arda crew of late 96' - early 97'",Malak,comma_name_list,,"Nighthawk, Nazgum, Malak, Stimpy, Penelion, Valbeesk, the Great Kip and all",high,yes
whois_miser_1780913480,char_miser,Miser,Maia,"Miser the Good Ole Busc Pincher is a Maia (Wright) [Retired].
Country:  *  /    
Whities: Felix, Pöxyhm [Semi-Active]
Darkies: Nuzo, Deacon, Heztna, Salvatore, Gowaine, Limey, Medusa [Inactive]

Special Thanks to:
Nighthawk, Nazgum, Malak, Stimpy, Penelion, Valbeesk, the Great Kip and all
the others that I can't remember atm.

/shout m to the Arda crew of late 96' - early 97'",Stimpy,comma_name_list,,"Nighthawk, Nazgum, Malak, Stimpy, Penelion, Valbeesk, the Great Kip and all",high,yes
whois_miser_1780913480,char_miser,Miser,Maia,"Miser the Good Ole Busc Pincher is a Maia (Wright) [Retired].
Country:  *  /    
Whities: Felix, Pöxyhm [Semi-Active]
Darkies: Nuzo, Deacon, Heztna, Salvatore, Gowaine, Limey, Medusa [Inactive]

Special Thanks to:
Nighthawk, Nazgum, Malak, Stimpy, Penelion, Valbeesk, the Great Kip and all
the others that I can't remember atm.

/shout m to the Arda crew of late 96' - early 97'",Penelion,comma_name_list,,"Nighthawk, Nazgum, Malak, Stimpy, Penelion, Valbeesk, the Great Kip and all",low,no
whois_miser_1780913480,char_miser,Miser,Maia,"Miser the Good Ole Busc Pincher is a Maia (Wright) [Retired].
Country:  *  /    
Whities: Felix, Pöxyhm [Semi-Active]
Darkies: Nuzo, Deacon, Heztna, Salvatore, Gowaine, Limey, Medusa [Inactive]

Special Thanks to:
Nighthawk, Nazgum, Malak, Stimpy, Penelion, Valbeesk, the Great Kip and all
the others that I can't remember atm.

/shout m to the Arda crew of late 96' - early 97'",Valbeesk,comma_name_list,,"Nighthawk, Nazgum, Malak, Stimpy, Penelion, Valbeesk, the Great Kip and all",low,no
whois_omega_1780914238,char_omega,Omega,Maia,"Omega W  A  Z  U  P is a Maia (Cartographer).

Player of: Theraz, Batista, Razr, Rocka, Delger, Ludacris, and Wiggler

I'm not retarded, I'm just role-playing challenged
Respect, Love it - Learn it",Batista,comma_name_list,,"Player of: Theraz, Batista, Razr, Rocka, Delger, Ludacris, and Wiggler",low,no
whois_omega_1780914238,char_omega,Omega,Maia,"Omega W  A  Z  U  P is a Maia (Cartographer).

Player of: Theraz, Batista, Razr, Rocka, Delger, Ludacris, and Wiggler

I'm not retarded, I'm just role-playing challenged
Respect, Love it - Learn it",Razr,comma_name_list,,"Player of: Theraz, Batista, Razr, Rocka, Delger, Ludacris, and Wiggler",low,no
whois_omega_1780914238,char_omega,Omega,Maia,"Omega W  A  Z  U  P is a Maia (Cartographer).

Player of: Theraz, Batista, Razr, Rocka, Delger, Ludacris, and Wiggler

I'm not retarded, I'm just role-playing challenged
Respect, Love it - Learn it",Rocka,comma_name_list,,"Player of: Theraz, Batista, Razr, Rocka, Delger, Ludacris, and Wiggler",low,no
whois_omega_1780914238,char_omega,Omega,Maia,"Omega W  A  Z  U  P is a Maia (Cartographer).

Player of: Theraz, Batista, Razr, Rocka, Delger, Ludacris, and Wiggler

I'm not retarded, I'm just role-playing challenged
Respect, Love it - Learn it",Delger,comma_name_list,,"Player of: Theraz, Batista, Razr, Rocka, Delger, Ludacris, and Wiggler",low,no
whois_omega_1780914238,char_omega,Omega,Maia,"Omega W  A  Z  U  P is a Maia (Cartographer).

Player of: Theraz, Batista, Razr, Rocka, Delger, Ludacris, and Wiggler

I'm not retarded, I'm just role-playing challenged
Respect, Love it - Learn it",Ludacris,comma_name_list,,"Player of: Theraz, Batista, Razr, Rocka, Delger, Ludacris, and Wiggler",low,no
whois_pandion_1780914357,char_pandion,Pandion,Man,"Pandion the last Captain of ancient Calenardhon is a Man
    [Retired].
Last login 12 years, 10 months, and 10 days ago.

Yummy, Yummy, Yummy
I got love in my tummy
And I feel like a-lovin you",Yummy,comma_name_list,,"Yummy, Yummy, Yummy",low,no
whois_pandion_1780914357,char_pandion,Pandion,Man,"Pandion the last Captain of ancient Calenardhon is a Man
    [Retired].
Last login 12 years, 10 months, and 10 days ago.

Yummy, Yummy, Yummy
I got love in my tummy
And I feel like a-lovin you",Yummy,comma_name_list,,"Yummy, Yummy, Yummy",low,no
whois_pandion_1780914357,char_pandion,Pandion,Man,"Pandion the last Captain of ancient Calenardhon is a Man
    [Retired].
Last login 12 years, 10 months, and 10 days ago.

Yummy, Yummy, Yummy
I got love in my tummy
And I feel like a-lovin you",Yummy,comma_name_list,,"Yummy, Yummy, Yummy",low,no
whois_pilsner_1780914437,char_pilsner,Pilsner,Maia,"Pilsner Gurqwell, the God of Hammerhead Clan is a Maia.
If his hands are above your head,
than his nuts are the same level
as your teeths.

Whities: Butrus Kokot Koza Prcek Pumba Starobahno Torham
Darkies: Chuj Dolik Guma Hovado Khamil Kurva Mamut Mamutice Mrsina Ozon Tupoun
Zaugurz: Nogir Pepa",Chuj,heading_name_list,Darkies,Darkies: Chuj Dolik Guma Hovado Khamil Kurva Mamut Mamutice Mrsina Ozon Tupoun,medium,no
whois_pilsner_1780914437,char_pilsner,Pilsner,Maia,"Pilsner Gurqwell, the God of Hammerhead Clan is a Maia.
If his hands are above your head,
than his nuts are the same level
as your teeths.

Whities: Butrus Kokot Koza Prcek Pumba Starobahno Torham
Darkies: Chuj Dolik Guma Hovado Khamil Kurva Mamut Mamutice Mrsina Ozon Tupoun
Zaugurz: Nogir Pepa",Dolik,heading_name_list,Darkies,Darkies: Chuj Dolik Guma Hovado Khamil Kurva Mamut Mamutice Mrsina Ozon Tupoun,high,yes
whois_pilsner_1780914437,char_pilsner,Pilsner,Maia,"Pilsner Gurqwell, the God of Hammerhead Clan is a Maia.
If his hands are above your head,
than his nuts are the same level
as your teeths.

Whities: Butrus Kokot Koza Prcek Pumba Starobahno Torham
Darkies: Chuj Dolik Guma Hovado Khamil Kurva Mamut Mamutice Mrsina Ozon Tupoun
Zaugurz: Nogir Pepa",Guma,heading_name_list,Darkies,Darkies: Chuj Dolik Guma Hovado Khamil Kurva Mamut Mamutice Mrsina Ozon Tupoun,medium,no
whois_pilsner_1780914437,char_pilsner,Pilsner,Maia,"Pilsner Gurqwell, the God of Hammerhead Clan is a Maia.
If his hands are above your head,
than his nuts are the same level
as your teeths.

Whities: Butrus Kokot Koza Prcek Pumba Starobahno Torham
Darkies: Chuj Dolik Guma Hovado Khamil Kurva Mamut Mamutice Mrsina Ozon Tupoun
Zaugurz: Nogir Pepa",Hovado,heading_name_list,Darkies,Darkies: Chuj Dolik Guma Hovado Khamil Kurva Mamut Mamutice Mrsina Ozon Tupoun,high,yes
whois_pilsner_1780914437,char_pilsner,Pilsner,Maia,"Pilsner Gurqwell, the God of Hammerhead Clan is a Maia.
If his hands are above your head,
than his nuts are the same level
as your teeths.

Whities: Butrus Kokot Koza Prcek Pumba Starobahno Torham
Darkies: Chuj Dolik Guma Hovado Khamil Kurva Mamut Mamutice Mrsina Ozon Tupoun
Zaugurz: Nogir Pepa",Khamil,heading_name_list,Darkies,Darkies: Chuj Dolik Guma Hovado Khamil Kurva Mamut Mamutice Mrsina Ozon Tupoun,high,yes
whois_pilsner_1780914437,char_pilsner,Pilsner,Maia,"Pilsner Gurqwell, the God of Hammerhead Clan is a Maia.
If his hands are above your head,
than his nuts are the same level
as your teeths.

Whities: Butrus Kokot Koza Prcek Pumba Starobahno Torham
Darkies: Chuj Dolik Guma Hovado Khamil Kurva Mamut Mamutice Mrsina Ozon Tupoun
Zaugurz: Nogir Pepa",Kurva,heading_name_list,Darkies,Darkies: Chuj Dolik Guma Hovado Khamil Kurva Mamut Mamutice Mrsina Ozon Tupoun,high,yes
whois_pilsner_1780914437,char_pilsner,Pilsner,Maia,"Pilsner Gurqwell, the God of Hammerhead Clan is a Maia.
If his hands are above your head,
than his nuts are the same level
as your teeths.

Whities: Butrus Kokot Koza Prcek Pumba Starobahno Torham
Darkies: Chuj Dolik Guma Hovado Khamil Kurva Mamut Mamutice Mrsina Ozon Tupoun
Zaugurz: Nogir Pepa",Mamut,heading_name_list,Darkies,Darkies: Chuj Dolik Guma Hovado Khamil Kurva Mamut Mamutice Mrsina Ozon Tupoun,high,yes
whois_pilsner_1780914437,char_pilsner,Pilsner,Maia,"Pilsner Gurqwell, the God of Hammerhead Clan is a Maia.
If his hands are above your head,
than his nuts are the same level
as your teeths.

Whities: Butrus Kokot Koza Prcek Pumba Starobahno Torham
Darkies: Chuj Dolik Guma Hovado Khamil Kurva Mamut Mamutice Mrsina Ozon Tupoun
Zaugurz: Nogir Pepa",Mamutice,heading_name_list,Darkies,Darkies: Chuj Dolik Guma Hovado Khamil Kurva Mamut Mamutice Mrsina Ozon Tupoun,high,yes
whois_pilsner_1780914437,char_pilsner,Pilsner,Maia,"Pilsner Gurqwell, the God of Hammerhead Clan is a Maia.
If his hands are above your head,
than his nuts are the same level
as your teeths.

Whities: Butrus Kokot Koza Prcek Pumba Starobahno Torham
Darkies: Chuj Dolik Guma Hovado Khamil Kurva Mamut Mamutice Mrsina Ozon Tupoun
Zaugurz: Nogir Pepa",Mrsina,heading_name_list,Darkies,Darkies: Chuj Dolik Guma Hovado Khamil Kurva Mamut Mamutice Mrsina Ozon Tupoun,high,yes
whois_pilsner_1780914437,char_pilsner,Pilsner,Maia,"Pilsner Gurqwell, the God of Hammerhead Clan is a Maia.
If his hands are above your head,
than his nuts are the same level
as your teeths.

Whities: Butrus Kokot Koza Prcek Pumba Starobahno Torham
Darkies: Chuj Dolik Guma Hovado Khamil Kurva Mamut Mamutice Mrsina Ozon Tupoun
Zaugurz: Nogir Pepa",Ozon,heading_name_list,Darkies,Darkies: Chuj Dolik Guma Hovado Khamil Kurva Mamut Mamutice Mrsina Ozon Tupoun,high,yes
whois_pilsner_1780914437,char_pilsner,Pilsner,Maia,"Pilsner Gurqwell, the God of Hammerhead Clan is a Maia.
If his hands are above your head,
than his nuts are the same level
as your teeths.

Whities: Butrus Kokot Koza Prcek Pumba Starobahno Torham
Darkies: Chuj Dolik Guma Hovado Khamil Kurva Mamut Mamutice Mrsina Ozon Tupoun
Zaugurz: Nogir Pepa",Tupoun,heading_name_list,Darkies,Darkies: Chuj Dolik Guma Hovado Khamil Kurva Mamut Mamutice Mrsina Ozon Tupoun,high,yes
whois_quillis_1780914920,char_quillis,Quillis,new dad now! is a Maia,"Quillis is a new dad now! is a Maia (Shaper) [Retired].

In cyberspace, no one can hear you scream....

BUILDING MODE

Description Giver!
Whities:  Saber, Gage, Harn, Eberk, Riordan, Celedon, Kalus
Darkies:  Rend, Rage, Iblis, Fubar, Moghedien and others...",Rend,heading_name_list,Darkies,"Darkies:  Rend, Rage, Iblis, Fubar, Moghedien and others...",high,yes
whois_quillis_1780914920,char_quillis,Quillis,new dad now! is a Maia,"Quillis is a new dad now! is a Maia (Shaper) [Retired].

In cyberspace, no one can hear you scream....

BUILDING MODE

Description Giver!
Whities:  Saber, Gage, Harn, Eberk, Riordan, Celedon, Kalus
Darkies:  Rend, Rage, Iblis, Fubar, Moghedien and others...",Rage,heading_name_list,Darkies,"Darkies:  Rend, Rage, Iblis, Fubar, Moghedien and others...",high,yes
whois_quillis_1780914920,char_quillis,Quillis,new dad now! is a Maia,"Quillis is a new dad now! is a Maia (Shaper) [Retired].

In cyberspace, no one can hear you scream....

BUILDING MODE

Description Giver!
Whities:  Saber, Gage, Harn, Eberk, Riordan, Celedon, Kalus
Darkies:  Rend, Rage, Iblis, Fubar, Moghedien and others...",Iblis,heading_name_list,Darkies,"Darkies:  Rend, Rage, Iblis, Fubar, Moghedien and others...",high,yes
whois_quillis_1780914920,char_quillis,Quillis,new dad now! is a Maia,"Quillis is a new dad now! is a Maia (Shaper) [Retired].

In cyberspace, no one can hear you scream....

BUILDING MODE

Description Giver!
Whities:  Saber, Gage, Harn, Eberk, Riordan, Celedon, Kalus
Darkies:  Rend, Rage, Iblis, Fubar, Moghedien and others...",Fubar,heading_name_list,Darkies,"Darkies:  Rend, Rage, Iblis, Fubar, Moghedien and others...",high,yes
whois_quillis_1780914920,char_quillis,Quillis,new dad now! is a Maia,"Quillis is a new dad now! is a Maia (Shaper) [Retired].

In cyberspace, no one can hear you scream....

BUILDING MODE

Description Giver!
Whities:  Saber, Gage, Harn, Eberk, Riordan, Celedon, Kalus
Darkies:  Rend, Rage, Iblis, Fubar, Moghedien and others...",Gage,comma_name_list,,"Whities:  Saber, Gage, Harn, Eberk, Riordan, Celedon, Kalus",high,yes
whois_quillis_1780914920,char_quillis,Quillis,new dad now! is a Maia,"Quillis is a new dad now! is a Maia (Shaper) [Retired].

In cyberspace, no one can hear you scream....

BUILDING MODE

Description Giver!
Whities:  Saber, Gage, Harn, Eberk, Riordan, Celedon, Kalus
Darkies:  Rend, Rage, Iblis, Fubar, Moghedien and others...",Harn,comma_name_list,,"Whities:  Saber, Gage, Harn, Eberk, Riordan, Celedon, Kalus",low,no
whois_quillis_1780914920,char_quillis,Quillis,new dad now! is a Maia,"Quillis is a new dad now! is a Maia (Shaper) [Retired].

In cyberspace, no one can hear you scream....

BUILDING MODE

Description Giver!
Whities:  Saber, Gage, Harn, Eberk, Riordan, Celedon, Kalus
Darkies:  Rend, Rage, Iblis, Fubar, Moghedien and others...",Eberk,comma_name_list,,"Whities:  Saber, Gage, Harn, Eberk, Riordan, Celedon, Kalus",low,no
whois_quillis_1780914920,char_quillis,Quillis,new dad now! is a Maia,"Quillis is a new dad now! is a Maia (Shaper) [Retired].

In cyberspace, no one can hear you scream....

BUILDING MODE

Description Giver!
Whities:  Saber, Gage, Harn, Eberk, Riordan, Celedon, Kalus
Darkies:  Rend, Rage, Iblis, Fubar, Moghedien and others...",Riordan,comma_name_list,,"Whities:  Saber, Gage, Harn, Eberk, Riordan, Celedon, Kalus",high,yes
whois_quillis_1780914920,char_quillis,Quillis,new dad now! is a Maia,"Quillis is a new dad now! is a Maia (Shaper) [Retired].

In cyberspace, no one can hear you scream....

BUILDING MODE

Description Giver!
Whities:  Saber, Gage, Harn, Eberk, Riordan, Celedon, Kalus
Darkies:  Rend, Rage, Iblis, Fubar, Moghedien and others...",Celedon,comma_name_list,,"Whities:  Saber, Gage, Harn, Eberk, Riordan, Celedon, Kalus",high,yes
whois_quillis_1780914920,char_quillis,Quillis,new dad now! is a Maia,"Quillis is a new dad now! is a Maia (Shaper) [Retired].

In cyberspace, no one can hear you scream....

BUILDING MODE

Description Giver!
Whities:  Saber, Gage, Harn, Eberk, Riordan, Celedon, Kalus
Darkies:  Rend, Rage, Iblis, Fubar, Moghedien and others...",Kalus,comma_name_list,,"Whities:  Saber, Gage, Harn, Eberk, Riordan, Celedon, Kalus",high,yes
whois_quillis_1780914920,char_quillis,Quillis,new dad now! is a Maia,"Quillis is a new dad now! is a Maia (Shaper) [Retired].

In cyberspace, no one can hear you scream....

BUILDING MODE

Description Giver!
Whities:  Saber, Gage, Harn, Eberk, Riordan, Celedon, Kalus
Darkies:  Rend, Rage, Iblis, Fubar, Moghedien and others...",Rage,comma_name_list,,"Darkies:  Rend, Rage, Iblis, Fubar, Moghedien and others...",high,yes
whois_quillis_1780914920,char_quillis,Quillis,new dad now! is a Maia,"Quillis is a new dad now! is a Maia (Shaper) [Retired].

In cyberspace, no one can hear you scream....

BUILDING MODE

Description Giver!
Whities:  Saber, Gage, Harn, Eberk, Riordan, Celedon, Kalus
Darkies:  Rend, Rage, Iblis, Fubar, Moghedien and others...",Iblis,comma_name_list,,"Darkies:  Rend, Rage, Iblis, Fubar, Moghedien and others...",high,yes
whois_quillis_1780914920,char_quillis,Quillis,new dad now! is a Maia,"Quillis is a new dad now! is a Maia (Shaper) [Retired].

In cyberspace, no one can hear you scream....

BUILDING MODE

Description Giver!
Whities:  Saber, Gage, Harn, Eberk, Riordan, Celedon, Kalus
Darkies:  Rend, Rage, Iblis, Fubar, Moghedien and others...",Fubar,comma_name_list,,"Darkies:  Rend, Rage, Iblis, Fubar, Moghedien and others...",high,yes
whois_razoor_1780915146,char_razoor,Razoor,Troll,"Razoor - A Walking Christmastree is a Troll [Retired].

Temegl whines 'we are the 3 overkilling ologs!'
Temegl whines 'with portalwhoring bn!'
Temegl whines 'we are the A team!'

Naomi utters the word 'grzzs'
Temegl lies down and falls asleep.

Naomi says 'portalwhore my ass'",Naomi,quoted_speaker,,Naomi says 'portalwhore my ass',high,yes
whois_romin_1780915362,char_romin,Romin,Dwarven Priest,"Romin will never be an elf! [ML] is a level forty-eight Dwarven
    Priest [Retired].
Last login 11 years, 11 months, and 10 days ago from *.se.

If you see me coming better step aside
A lot of men didn't
A lot of men died
One fist of iron, the other of steel
If the right one don't can get you then the left one will

Zubr says '3 hps cure light!'",Zubr,quoted_speaker,,Zubr says '3 hps cure light!',high,yes
whois_royal_1780915402,char_royal,Royal,Mountain Troll Brute,"Royal is a level twenty Mountain Troll Brute [Retired].
Soart says 'royal mcburger!'",Soart,quoted_speaker,,Soart says 'royal mcburger!',medium,no
whois_rugorn_1780915408,char_rugorn,Rugorn,Beorning Scout,"Rugorn Hugorm is a level thirty-nine Beorning Scout [Retired].
Last login 23 years, 2 months, and 5 days ago from *.dk.

Arwen smiles brightly.
Arwen says 'Hi there! I'm Arwen, and my people call me Undomiel'
Rugorn says 'Rugorn Hugorm here'
Arwen says 'Arwen means ""noble maiden"", and Undomiel means ""evenstar""'
Rugorn says 'Good for you'
Arwen says 'And what does your name mean?'
Rugorn says 'I'm Beorning, babe - our names don't mean shit'
Arwen sniffs sadly.",Arwen,quoted_speaker,,"Arwen says 'Hi there! I'm Arwen, and my people call me Undomiel'",medium,no
whois_rugorn_1780915408,char_rugorn,Rugorn,Beorning Scout,"Rugorn Hugorm is a level thirty-nine Beorning Scout [Retired].
Last login 23 years, 2 months, and 5 days ago from *.dk.

Arwen smiles brightly.
Arwen says 'Hi there! I'm Arwen, and my people call me Undomiel'
Rugorn says 'Rugorn Hugorm here'
Arwen says 'Arwen means ""noble maiden"", and Undomiel means ""evenstar""'
Rugorn says 'Good for you'
Arwen says 'And what does your name mean?'
Rugorn says 'I'm Beorning, babe - our names don't mean shit'
Arwen sniffs sadly.",Rugorn,quoted_speaker,,Rugorn says 'Rugorn Hugorm here',high,yes
whois_rugorn_1780915408,char_rugorn,Rugorn,Beorning Scout,"Rugorn Hugorm is a level thirty-nine Beorning Scout [Retired].
Last login 23 years, 2 months, and 5 days ago from *.dk.

Arwen smiles brightly.
Arwen says 'Hi there! I'm Arwen, and my people call me Undomiel'
Rugorn says 'Rugorn Hugorm here'
Arwen says 'Arwen means ""noble maiden"", and Undomiel means ""evenstar""'
Rugorn says 'Good for you'
Arwen says 'And what does your name mean?'
Rugorn says 'I'm Beorning, babe - our names don't mean shit'
Arwen sniffs sadly.",Arwen,quoted_speaker,,"Arwen says 'Arwen means ""noble maiden"", and Undomiel means ""evenstar""'",medium,no
whois_rugorn_1780915408,char_rugorn,Rugorn,Beorning Scout,"Rugorn Hugorm is a level thirty-nine Beorning Scout [Retired].
Last login 23 years, 2 months, and 5 days ago from *.dk.

Arwen smiles brightly.
Arwen says 'Hi there! I'm Arwen, and my people call me Undomiel'
Rugorn says 'Rugorn Hugorm here'
Arwen says 'Arwen means ""noble maiden"", and Undomiel means ""evenstar""'
Rugorn says 'Good for you'
Arwen says 'And what does your name mean?'
Rugorn says 'I'm Beorning, babe - our names don't mean shit'
Arwen sniffs sadly.",Rugorn,quoted_speaker,,Rugorn says 'Good for you',high,yes
whois_rugorn_1780915408,char_rugorn,Rugorn,Beorning Scout,"Rugorn Hugorm is a level thirty-nine Beorning Scout [Retired].
Last login 23 years, 2 months, and 5 days ago from *.dk.

Arwen smiles brightly.
Arwen says 'Hi there! I'm Arwen, and my people call me Undomiel'
Rugorn says 'Rugorn Hugorm here'
Arwen says 'Arwen means ""noble maiden"", and Undomiel means ""evenstar""'
Rugorn says 'Good for you'
Arwen says 'And what does your name mean?'
Rugorn says 'I'm Beorning, babe - our names don't mean shit'
Arwen sniffs sadly.",Arwen,quoted_speaker,,Arwen says 'And what does your name mean?',medium,no
whois_rugorn_1780915408,char_rugorn,Rugorn,Beorning Scout,"…
ine Beorning Scout [Retired].
Last login 23 years, 2 months, and 5 days ago from *.dk.

Arwen smiles brightly.
Arwen says 'Hi there! I'm Arwen, and my people call me Undomiel'
Rugorn says 'Rugorn Hugorm here'
Arwen says 'Arwen means ""noble maiden"", and Undomiel means ""evenstar""'
Rugorn says 'Good for you'
Arwen says 'And what does your name mean?'
Rugorn says 'I'm Beorning, babe - our names don't mean shit'
Arwen sniffs sadly.",Rugorn,quoted_speaker,,"Rugorn says 'I'm Beorning, babe - our names don't mean shit'",high,yes
whois_sil_1780915792,char_sil,Sil,Silvan Master Healer,"Sil the Elf Ascetic is a level thirty-one Silvan Master Healer
    [Retired].
Last login 11 days and 16 hours ago from *.net.
A kind elf of the wooded lands.
Left behind are the lifetimes of turmoil and bloodshed.

Strength, Bless, Enchant, cures and heals, locate life, break sanctuary, etc.
No, I cant go on adventures, as I am old and lame.",Strength,comma_name_list,,"Strength, Bless, Enchant, cures and heals, locate life, break sanctuary, etc.",low,no
whois_sil_1780915792,char_sil,Sil,Silvan Master Healer,"Sil the Elf Ascetic is a level thirty-one Silvan Master Healer
    [Retired].
Last login 11 days and 16 hours ago from *.net.
A kind elf of the wooded lands.
Left behind are the lifetimes of turmoil and bloodshed.

Strength, Bless, Enchant, cures and heals, locate life, break sanctuary, etc.
No, I cant go on adventures, as I am old and lame.",Bless,comma_name_list,,"Strength, Bless, Enchant, cures and heals, locate life, break sanctuary, etc.",low,no
whois_sil_1780915792,char_sil,Sil,Silvan Master Healer,"Sil the Elf Ascetic is a level thirty-one Silvan Master Healer
    [Retired].
Last login 11 days and 16 hours ago from *.net.
A kind elf of the wooded lands.
Left behind are the lifetimes of turmoil and bloodshed.

Strength, Bless, Enchant, cures and heals, locate life, break sanctuary, etc.
No, I cant go on adventures, as I am old and lame.",Enchant,comma_name_list,,"Strength, Bless, Enchant, cures and heals, locate life, break sanctuary, etc.",low,no
whois_silencio_1780915798,char_silencio,Silencio,Sindarin Warlock,"Silencio Lucidio is a level forty-three Sindarin Warlock
    [Retired].
Last login 15 years, 11 months, and 24 days ago from *.se.

Norwen tells you 'i'm not exactly straight either'",Norwen,quoted_speaker,,Norwen tells you 'i'm not exactly straight either',medium,no
whois_tram_1780916671,char_tram,Tram,Maia,"Tram the Forsaken is a Maia (Cartographer) [Retired].
Player of: Sharghl, Turviniel, Aros, Kingpool, Implithura, Zurolg, Tampax.

Char Tram created: 20th of Oct 1995.",Turviniel,comma_name_list,,"Player of: Sharghl, Turviniel, Aros, Kingpool, Implithura, Zurolg, Tampax.",high,yes
whois_tram_1780916671,char_tram,Tram,Maia,"Tram the Forsaken is a Maia (Cartographer) [Retired].
Player of: Sharghl, Turviniel, Aros, Kingpool, Implithura, Zurolg, Tampax.

Char Tram created: 20th of Oct 1995.",Aros,comma_name_list,,"Player of: Sharghl, Turviniel, Aros, Kingpool, Implithura, Zurolg, Tampax.",high,yes
whois_tram_1780916671,char_tram,Tram,Maia,"Tram the Forsaken is a Maia (Cartographer) [Retired].
Player of: Sharghl, Turviniel, Aros, Kingpool, Implithura, Zurolg, Tampax.

Char Tram created: 20th of Oct 1995.",Kingpool,comma_name_list,,"Player of: Sharghl, Turviniel, Aros, Kingpool, Implithura, Zurolg, Tampax.",high,yes
whois_tram_1780916671,char_tram,Tram,Maia,"Tram the Forsaken is a Maia (Cartographer) [Retired].
Player of: Sharghl, Turviniel, Aros, Kingpool, Implithura, Zurolg, Tampax.

Char Tram created: 20th of Oct 1995.",Implithura,comma_name_list,,"Player of: Sharghl, Turviniel, Aros, Kingpool, Implithura, Zurolg, Tampax.",high,yes
whois_tram_1780916671,char_tram,Tram,Maia,"Tram the Forsaken is a Maia (Cartographer) [Retired].
Player of: Sharghl, Turviniel, Aros, Kingpool, Implithura, Zurolg, Tampax.

Char Tram created: 20th of Oct 1995.",Zurolg,comma_name_list,,"Player of: Sharghl, Turviniel, Aros, Kingpool, Implithura, Zurolg, Tampax.",low,no
whois_tram_1780916671,char_tram,Tram,Maia,"Tram the Forsaken is a Maia (Cartographer) [Retired].
Player of: Sharghl, Turviniel, Aros, Kingpool, Implithura, Zurolg, Tampax.

Char Tram created: 20th of Oct 1995.",Tampax,comma_name_list,,"Player of: Sharghl, Turviniel, Aros, Kingpool, Implithura, Zurolg, Tampax.",low,no
whois_valgarv_1780917009,char_valgarv,Valgarv,Orc,"Valgarv the Red Shirted is an Orc [Retired].
An old tailor says 'Gu uot Valgarv, A don't deal wyth Orcs!'
Narv says 'Your corpse wall be rapped to paeces!'",Narv,quoted_speaker,,Narv says 'Your corpse wall be rapped to paeces!',medium,no
whois_wierd_1780917268,char_wierd,Wierd,Orc,"Wierd Whyred is an Orc [Retired].
Is playing from *.norrland

Sauron tells you 'HELLO SNAGA!'",Sauron,quoted_speaker,,Sauron tells you 'HELLO SNAGA!',medium,no
whois_zina_1780917539,char_zina,Zina,Dúnadan Priestess,"Zina the Willow Stormtrooper is a level thirty-two Dúnadan
    Priestess [Retired].
Last login 2 months and 9 days ago from *.at.

       Zina shouts: ""I will kill them all........most of them.""",Zina,quoted_speaker,,"Zina shouts: ""I will kill them all........most of them.""",high,yes
whois_tower_1780961779,,Tower,Beorning Hero,"…
el fifty-six Beorning
    Hero [Retired].
Last login 3 years, 9 months, and
    4 days ago from [numerical
    address].

Regulators, mount up!

Emissary to the big-bear himself, Beorn.  Sent out into arda
to inform the world our peaceful existance, and also deliver a
word of advice for all who choose to listen, and a warning for
those who don't.

Griand narrates 'sneak snarping'",Griand,quoted_speaker,,Griand narrates 'sneak snarping',medium,no
whois_bogger_1780961791,char_bogger,Bogger,Broadbeam Fighter,"Bogger Violence is a level ninety
    Broadbeam Fighter.
your bash at grinder sends her sprawling.

Delandra creeps 'i like reading in the toilet while i have cup of coffee and my
cigarettes with me:D'

Morgase tells you 'Jag går alltid in med inställningen att jag är glad om jag
dtar när jag gör unqa, tappar jag ingen exp'

(That was after him fall-dying. After that, he mobdied in there as well.)

Gushkatif says 'själv så spelare jag lika dåligt som om jag var nykter'

Auluua sprays: HØR NU PÅ HAN DÆR SKÅNSKE SATAN

Rogon tells you: 'ja du är nog den första jag ser som fått för sig att mappa
som spya :)'",Morgase,quoted_speaker,,Morgase tells you 'Jag går alltid in med inställningen att jag är glad om jag,medium,no
whois_bogger_1780961791,char_bogger,Bogger,Broadbeam Fighter,"…
ter.
your bash at grinder sends her sprawling.

Delandra creeps 'i like reading in the toilet while i have cup of coffee and my
cigarettes with me:D'

Morgase tells you 'Jag går alltid in med inställningen att jag är glad om jag
dtar när jag gör unqa, tappar jag ingen exp'

(That was after him fall-dying. After that, he mobdied in there as well.)

Gushkatif says 'själv så spelare jag lika dåligt som om jag var nykter'

Auluua sprays: HØR NU PÅ HAN DÆR SKÅNSKE SATAN

Rogon tells you: 'ja du är nog den första jag ser som fått för sig att mappa
som spya :)'",Gushkatif,quoted_speaker,,Gushkatif says 'själv så spelare jag lika dåligt som om jag var nykter',medium,no
whois_bogger_1780961791,char_bogger,Bogger,Broadbeam Fighter,"…
and my
cigarettes with me:D'

Morgase tells you 'Jag går alltid in med inställningen att jag är glad om jag
dtar när jag gör unqa, tappar jag ingen exp'

(That was after him fall-dying. After that, he mobdied in there as well.)

Gushkatif says 'själv så spelare jag lika dåligt som om jag var nykter'

Auluua sprays: HØR NU PÅ HAN DÆR SKÅNSKE SATAN

Rogon tells you: 'ja du är nog den första jag ser som fått för sig att mappa
som spya :)'",Rogon,quoted_speaker,,Rogon tells you: 'ja du är nog den första jag ser som fått för sig att mappa,high,yes
whois_brâddóck_1780961797,,Brâddóck,Tarkhnarb Rider,"Brâddóck is a level thirty Tarkhnarb
    Rider [Retired].
Last login 13 years, 2 months, and
    5 days ago from *.net.

Smrtihlav tells you 'exp and some annoying newbie , 2 good reasons'
When I asked why he might kill me. :)

Ornate, engraved sword, garnet-ring, topaz-ring, emerald-ring",Smrtihlav,quoted_speaker,,"Smrtihlav tells you 'exp and some annoying newbie , 2 good reasons'",high,yes
whois_glamduril_1780961947,char_glamduril,Glamduril,Noldorin Sentry,"Glamduril is a level eleven Noldorin Sentry
    [Retired].
Last login 15 years, 9 months, and 19 days ago from
    *.net.
............................
Uber, Hemp, Ganja, Rumble, Belsambar, Belkira, Mojo
Belmakor, Yarblek
Hudo, Gorlim, Roliowyn, Galumir, Yarblek, Ganja",Uber,comma_name_list,,"Uber, Hemp, Ganja, Rumble, Belsambar, Belkira, Mojo",high,yes
whois_glamduril_1780961947,char_glamduril,Glamduril,Noldorin Sentry,"Glamduril is a level eleven Noldorin Sentry
    [Retired].
Last login 15 years, 9 months, and 19 days ago from
    *.net.
............................
Uber, Hemp, Ganja, Rumble, Belsambar, Belkira, Mojo
Belmakor, Yarblek
Hudo, Gorlim, Roliowyn, Galumir, Yarblek, Ganja",Hemp,comma_name_list,,"Uber, Hemp, Ganja, Rumble, Belsambar, Belkira, Mojo",low,no
whois_glamduril_1780961947,char_glamduril,Glamduril,Noldorin Sentry,"Glamduril is a level eleven Noldorin Sentry
    [Retired].
Last login 15 years, 9 months, and 19 days ago from
    *.net.
............................
Uber, Hemp, Ganja, Rumble, Belsambar, Belkira, Mojo
Belmakor, Yarblek
Hudo, Gorlim, Roliowyn, Galumir, Yarblek, Ganja",Ganja,comma_name_list,,"Uber, Hemp, Ganja, Rumble, Belsambar, Belkira, Mojo",low,no
whois_glamduril_1780961947,char_glamduril,Glamduril,Noldorin Sentry,"Glamduril is a level eleven Noldorin Sentry
    [Retired].
Last login 15 years, 9 months, and 19 days ago from
    *.net.
............................
Uber, Hemp, Ganja, Rumble, Belsambar, Belkira, Mojo
Belmakor, Yarblek
Hudo, Gorlim, Roliowyn, Galumir, Yarblek, Ganja",Rumble,comma_name_list,,"Uber, Hemp, Ganja, Rumble, Belsambar, Belkira, Mojo",high,yes
whois_glamduril_1780961947,char_glamduril,Glamduril,Noldorin Sentry,"Glamduril is a level eleven Noldorin Sentry
    [Retired].
Last login 15 years, 9 months, and 19 days ago from
    *.net.
............................
Uber, Hemp, Ganja, Rumble, Belsambar, Belkira, Mojo
Belmakor, Yarblek
Hudo, Gorlim, Roliowyn, Galumir, Yarblek, Ganja",Belsambar,comma_name_list,,"Uber, Hemp, Ganja, Rumble, Belsambar, Belkira, Mojo",low,no
whois_glamduril_1780961947,char_glamduril,Glamduril,Noldorin Sentry,"Glamduril is a level eleven Noldorin Sentry
    [Retired].
Last login 15 years, 9 months, and 19 days ago from
    *.net.
............................
Uber, Hemp, Ganja, Rumble, Belsambar, Belkira, Mojo
Belmakor, Yarblek
Hudo, Gorlim, Roliowyn, Galumir, Yarblek, Ganja",Belkira,comma_name_list,,"Uber, Hemp, Ganja, Rumble, Belsambar, Belkira, Mojo",low,no
whois_glamduril_1780961947,char_glamduril,Glamduril,Noldorin Sentry,"Glamduril is a level eleven Noldorin Sentry
    [Retired].
Last login 15 years, 9 months, and 19 days ago from
    *.net.
............................
Uber, Hemp, Ganja, Rumble, Belsambar, Belkira, Mojo
Belmakor, Yarblek
Hudo, Gorlim, Roliowyn, Galumir, Yarblek, Ganja",Mojo,comma_name_list,,"Uber, Hemp, Ganja, Rumble, Belsambar, Belkira, Mojo",high,yes
whois_glamduril_1780961947,char_glamduril,Glamduril,Noldorin Sentry,"Glamduril is a level eleven Noldorin Sentry
    [Retired].
Last login 15 years, 9 months, and 19 days ago from
    *.net.
............................
Uber, Hemp, Ganja, Rumble, Belsambar, Belkira, Mojo
Belmakor, Yarblek
Hudo, Gorlim, Roliowyn, Galumir, Yarblek, Ganja",Hudo,comma_name_list,,"Hudo, Gorlim, Roliowyn, Galumir, Yarblek, Ganja",low,no
whois_glamduril_1780961947,char_glamduril,Glamduril,Noldorin Sentry,"Glamduril is a level eleven Noldorin Sentry
    [Retired].
Last login 15 years, 9 months, and 19 days ago from
    *.net.
............................
Uber, Hemp, Ganja, Rumble, Belsambar, Belkira, Mojo
Belmakor, Yarblek
Hudo, Gorlim, Roliowyn, Galumir, Yarblek, Ganja",Gorlim,comma_name_list,,"Hudo, Gorlim, Roliowyn, Galumir, Yarblek, Ganja",low,no
whois_glamduril_1780961947,char_glamduril,Glamduril,Noldorin Sentry,"Glamduril is a level eleven Noldorin Sentry
    [Retired].
Last login 15 years, 9 months, and 19 days ago from
    *.net.
............................
Uber, Hemp, Ganja, Rumble, Belsambar, Belkira, Mojo
Belmakor, Yarblek
Hudo, Gorlim, Roliowyn, Galumir, Yarblek, Ganja",Roliowyn,comma_name_list,,"Hudo, Gorlim, Roliowyn, Galumir, Yarblek, Ganja",low,no
whois_glamduril_1780961947,char_glamduril,Glamduril,Noldorin Sentry,"Glamduril is a level eleven Noldorin Sentry
    [Retired].
Last login 15 years, 9 months, and 19 days ago from
    *.net.
............................
Uber, Hemp, Ganja, Rumble, Belsambar, Belkira, Mojo
Belmakor, Yarblek
Hudo, Gorlim, Roliowyn, Galumir, Yarblek, Ganja",Galumir,comma_name_list,,"Hudo, Gorlim, Roliowyn, Galumir, Yarblek, Ganja",low,no
whois_glamduril_1780961947,char_glamduril,Glamduril,Noldorin Sentry,"Glamduril is a level eleven Noldorin Sentry
    [Retired].
Last login 15 years, 9 months, and 19 days ago from
    *.net.
............................
Uber, Hemp, Ganja, Rumble, Belsambar, Belkira, Mojo
Belmakor, Yarblek
Hudo, Gorlim, Roliowyn, Galumir, Yarblek, Ganja",Yarblek,comma_name_list,,"Hudo, Gorlim, Roliowyn, Galumir, Yarblek, Ganja",low,no
whois_glamduril_1780961947,char_glamduril,Glamduril,Noldorin Sentry,"Glamduril is a level eleven Noldorin Sentry
    [Retired].
Last login 15 years, 9 months, and 19 days ago from
    *.net.
............................
Uber, Hemp, Ganja, Rumble, Belsambar, Belkira, Mojo
Belmakor, Yarblek
Hudo, Gorlim, Roliowyn, Galumir, Yarblek, Ganja",Ganja,comma_name_list,,"Hudo, Gorlim, Roliowyn, Galumir, Yarblek, Ganja",low,no
whois_jauer_1780961975,char_jauer,Jauer,Orc,"Jauer says: Fat with Jau! is an Orc [Retired].
Last login 8 years and 29 days ago.

- One of the Titans

Retired with Elestir's full shining until mend and resize is fixed!

Sterman tells you 'nice last narr btw'
Sterman tells you 'well timed and all. It was perfect'",Jauer,quoted_speaker,,Jauer says: Fat with Jau! is an Orc [Retired].,high,yes
whois_jauer_1780961975,char_jauer,Jauer,Orc,"Jauer says: Fat with Jau! is an Orc [Retired].
Last login 8 years and 29 days ago.

- One of the Titans

Retired with Elestir's full shining until mend and resize is fixed!

Sterman tells you 'nice last narr btw'
Sterman tells you 'well timed and all. It was perfect'",Sterman,quoted_speaker,,Sterman tells you 'nice last narr btw',medium,no
whois_jauer_1780961975,char_jauer,Jauer,Orc,"Jauer says: Fat with Jau! is an Orc [Retired].
Last login 8 years and 29 days ago.

- One of the Titans

Retired with Elestir's full shining until mend and resize is fixed!

Sterman tells you 'nice last narr btw'
Sterman tells you 'well timed and all. It was perfect'",Sterman,quoted_speaker,,Sterman tells you 'well timed and all. It was perfect',medium,no
whois_líng_1780961987,,Líng,Maia,"Líng the young and vibrant one is a Maia [Retired].
Last login 15 years, 6 months, and 8 days ago from
    [numerical address].

Azan tells you 'Stop trippin about your age we are still young and vibrant!'",Azan,quoted_speaker,,Azan tells you 'Stop trippin about your age we are still young and vibrant!',high,yes
whois_lorduk_1780961992,char_lorduk,Lorduk,Troll,"Lorduk is a Troll [Retired].
Last login 23 years, 10 months, and 15 days ago.

8 feet 10 and 60 stone.
2.70m and 385kg. You certainly dont want meet him!

Fearsome tells you 'relax '
Fearsome tells you 'you sunrockin and retireing chars is costing me a fortune
:)'",Fearsome,quoted_speaker,,Fearsome tells you 'relax ',high,yes
whois_lorduk_1780961992,char_lorduk,Lorduk,Troll,"Lorduk is a Troll [Retired].
Last login 23 years, 10 months, and 15 days ago.

8 feet 10 and 60 stone.
2.70m and 385kg. You certainly dont want meet him!

Fearsome tells you 'relax '
Fearsome tells you 'you sunrockin and retireing chars is costing me a fortune
:)'",Fearsome,quoted_speaker,,Fearsome tells you 'you sunrockin and retireing chars is costing me a fortune,high,yes
whois_luvette_1780961998,char_luvette,Luvette,Beorning Battlemistress,"Luvette or leave it!1 is a level twenty-four
    Beorning Battlemistress [Retired].
Last login 25 years, 2 months, and 18 days ago from
    [numerical address].

 Pernicious has arrived from the west.
 Pernicious says 'I thought linux was only for powwow'
 Dizziness and hallucinations overwhelm you.",Pernicious,quoted_speaker,,Pernicious says 'I thought linux was only for powwow',medium,no
whois_malus_1780962004,char_malus,Malus,Zaugurz Orc,"Malus Darkblade, Wielder of Spite the Cold One is a
    Zaugurz Orc [Retired].
Last login 3 years, 9 months, and 8 days ago.

Naga tells you '/kit malus - Those Zaugurz Orcs don't deserve kits.'",Naga,quoted_speaker,,Naga tells you '/kit malus - Those Zaugurz Orcs don't deserve kits.',high,yes
whois_melinda_1780962010,char_melinda,Melinda,Black Númenórean,"Melinda bling bling is a Black Númenórean [Retired].
Last login 16 years, 9 months, and 3 days ago.

Smrtihlav tells you 'i think hewer decays today'
Smrtihlav tells you 'if it will happen i will call mother and say
sorry I cant come for dinner'
Smrtihlav tells you 'gonna spam do gg'",Smrtihlav,quoted_speaker,,Smrtihlav tells you 'i think hewer decays today',high,yes
whois_melinda_1780962010,char_melinda,Melinda,Black Númenórean,"Melinda bling bling is a Black Númenórean [Retired].
Last login 16 years, 9 months, and 3 days ago.

Smrtihlav tells you 'i think hewer decays today'
Smrtihlav tells you 'if it will happen i will call mother and say
sorry I cant come for dinner'
Smrtihlav tells you 'gonna spam do gg'",Smrtihlav,quoted_speaker,,Smrtihlav tells you 'if it will happen i will call mother and say,high,yes
whois_melinda_1780962010,char_melinda,Melinda,Black Númenórean,"Melinda bling bling is a Black Númenórean [Retired].
Last login 16 years, 9 months, and 3 days ago.

Smrtihlav tells you 'i think hewer decays today'
Smrtihlav tells you 'if it will happen i will call mother and say
sorry I cant come for dinner'
Smrtihlav tells you 'gonna spam do gg'",Smrtihlav,quoted_speaker,,Smrtihlav tells you 'gonna spam do gg',high,yes
whois_silencio_1780962044,char_silencio,Silencio,Sindarin Warlock,"Silencio Lucidio is a level forty-three Sindarin
    Warlock [Retired].
Last login 15 years, 11 months, and 24 days ago from
    *.se.

Norwen tells you 'i'm not exactly straight either'",Norwen,quoted_speaker,,Norwen tells you 'i'm not exactly straight either',medium,no
whois_wierd_1780962056,char_wierd,Wierd,Orc,"Wierd Whyred is an Orc [Retired].
Last login 16 years, 4 months, and 29 days ago.
Is playing from *.norrland

Sauron tells you 'HELLO SNAGA!'",Sauron,quoted_speaker,,Sauron tells you 'HELLO SNAGA!',medium,no
whois_letholes_1781052441,,Letholes,Elf,"Letholes of the Scouts of Rivendell is an Elf.
Last login 15 years, 9 months, and 18 days ago.

- One of the Hidden Hunters.

Pukes: Artus, Commodore, Dharg, Faihran, Guir, Letholes, Lorte, Romil
Orcs: Erui, Lethal, Morzak, Sniper
BN: Masoj
Troll: Mielo",Artus,heading_name_list,Pukes,"Pukes: Artus, Commodore, Dharg, Faihran, Guir, Letholes, Lorte, Romil",medium,no
whois_letholes_1781052441,,Letholes,Elf,"Letholes of the Scouts of Rivendell is an Elf.
Last login 15 years, 9 months, and 18 days ago.

- One of the Hidden Hunters.

Pukes: Artus, Commodore, Dharg, Faihran, Guir, Letholes, Lorte, Romil
Orcs: Erui, Lethal, Morzak, Sniper
BN: Masoj
Troll: Mielo",Commodore,heading_name_list,Pukes,"Pukes: Artus, Commodore, Dharg, Faihran, Guir, Letholes, Lorte, Romil",medium,no
whois_letholes_1781052441,,Letholes,Elf,"Letholes of the Scouts of Rivendell is an Elf.
Last login 15 years, 9 months, and 18 days ago.

- One of the Hidden Hunters.

Pukes: Artus, Commodore, Dharg, Faihran, Guir, Letholes, Lorte, Romil
Orcs: Erui, Lethal, Morzak, Sniper
BN: Masoj
Troll: Mielo",Dharg,heading_name_list,Pukes,"Pukes: Artus, Commodore, Dharg, Faihran, Guir, Letholes, Lorte, Romil",medium,no
whois_letholes_1781052441,,Letholes,Elf,"Letholes of the Scouts of Rivendell is an Elf.
Last login 15 years, 9 months, and 18 days ago.

- One of the Hidden Hunters.

Pukes: Artus, Commodore, Dharg, Faihran, Guir, Letholes, Lorte, Romil
Orcs: Erui, Lethal, Morzak, Sniper
BN: Masoj
Troll: Mielo",Faihran,heading_name_list,Pukes,"Pukes: Artus, Commodore, Dharg, Faihran, Guir, Letholes, Lorte, Romil",medium,no
whois_letholes_1781052441,,Letholes,Elf,"Letholes of the Scouts of Rivendell is an Elf.
Last login 15 years, 9 months, and 18 days ago.

- One of the Hidden Hunters.

Pukes: Artus, Commodore, Dharg, Faihran, Guir, Letholes, Lorte, Romil
Orcs: Erui, Lethal, Morzak, Sniper
BN: Masoj
Troll: Mielo",Guir,heading_name_list,Pukes,"Pukes: Artus, Commodore, Dharg, Faihran, Guir, Letholes, Lorte, Romil",medium,no
whois_letholes_1781052441,,Letholes,Elf,"Letholes of the Scouts of Rivendell is an Elf.
Last login 15 years, 9 months, and 18 days ago.

- One of the Hidden Hunters.

Pukes: Artus, Commodore, Dharg, Faihran, Guir, Letholes, Lorte, Romil
Orcs: Erui, Lethal, Morzak, Sniper
BN: Masoj
Troll: Mielo",Letholes,heading_name_list,Pukes,"Pukes: Artus, Commodore, Dharg, Faihran, Guir, Letholes, Lorte, Romil",high,yes
whois_letholes_1781052441,,Letholes,Elf,"Letholes of the Scouts of Rivendell is an Elf.
Last login 15 years, 9 months, and 18 days ago.

- One of the Hidden Hunters.

Pukes: Artus, Commodore, Dharg, Faihran, Guir, Letholes, Lorte, Romil
Orcs: Erui, Lethal, Morzak, Sniper
BN: Masoj
Troll: Mielo",Lorte,heading_name_list,Pukes,"Pukes: Artus, Commodore, Dharg, Faihran, Guir, Letholes, Lorte, Romil",medium,no
whois_letholes_1781052441,,Letholes,Elf,"Letholes of the Scouts of Rivendell is an Elf.
Last login 15 years, 9 months, and 18 days ago.

- One of the Hidden Hunters.

Pukes: Artus, Commodore, Dharg, Faihran, Guir, Letholes, Lorte, Romil
Orcs: Erui, Lethal, Morzak, Sniper
BN: Masoj
Troll: Mielo",Romil,heading_name_list,Pukes,"Pukes: Artus, Commodore, Dharg, Faihran, Guir, Letholes, Lorte, Romil",medium,no
whois_letholes_1781052441,,Letholes,Elf,"Letholes of the Scouts of Rivendell is an Elf.
Last login 15 years, 9 months, and 18 days ago.

- One of the Hidden Hunters.

Pukes: Artus, Commodore, Dharg, Faihran, Guir, Letholes, Lorte, Romil
Orcs: Erui, Lethal, Morzak, Sniper
BN: Masoj
Troll: Mielo",Erui,heading_name_list,Orcs,"Orcs: Erui, Lethal, Morzak, Sniper",medium,no
whois_letholes_1781052441,,Letholes,Elf,"Letholes of the Scouts of Rivendell is an Elf.
Last login 15 years, 9 months, and 18 days ago.

- One of the Hidden Hunters.

Pukes: Artus, Commodore, Dharg, Faihran, Guir, Letholes, Lorte, Romil
Orcs: Erui, Lethal, Morzak, Sniper
BN: Masoj
Troll: Mielo",Lethal,heading_name_list,Orcs,"Orcs: Erui, Lethal, Morzak, Sniper",medium,no
whois_letholes_1781052441,,Letholes,Elf,"Letholes of the Scouts of Rivendell is an Elf.
Last login 15 years, 9 months, and 18 days ago.

- One of the Hidden Hunters.

Pukes: Artus, Commodore, Dharg, Faihran, Guir, Letholes, Lorte, Romil
Orcs: Erui, Lethal, Morzak, Sniper
BN: Masoj
Troll: Mielo",Morzak,heading_name_list,Orcs,"Orcs: Erui, Lethal, Morzak, Sniper",medium,no
whois_letholes_1781052441,,Letholes,Elf,"Letholes of the Scouts of Rivendell is an Elf.
Last login 15 years, 9 months, and 18 days ago.

- One of the Hidden Hunters.

Pukes: Artus, Commodore, Dharg, Faihran, Guir, Letholes, Lorte, Romil
Orcs: Erui, Lethal, Morzak, Sniper
BN: Masoj
Troll: Mielo",Sniper,heading_name_list,Orcs,"Orcs: Erui, Lethal, Morzak, Sniper",medium,no
whois_letholes_1781052441,,Letholes,Elf,"Letholes of the Scouts of Rivendell is an Elf.
Last login 15 years, 9 months, and 18 days ago.

- One of the Hidden Hunters.

Pukes: Artus, Commodore, Dharg, Faihran, Guir, Letholes, Lorte, Romil
Orcs: Erui, Lethal, Morzak, Sniper
BN: Masoj
Troll: Mielo",Commodore,comma_name_list,,"Pukes: Artus, Commodore, Dharg, Faihran, Guir, Letholes, Lorte, Romil",low,no
whois_letholes_1781052441,,Letholes,Elf,"Letholes of the Scouts of Rivendell is an Elf.
Last login 15 years, 9 months, and 18 days ago.

- One of the Hidden Hunters.

Pukes: Artus, Commodore, Dharg, Faihran, Guir, Letholes, Lorte, Romil
Orcs: Erui, Lethal, Morzak, Sniper
BN: Masoj
Troll: Mielo",Dharg,comma_name_list,,"Pukes: Artus, Commodore, Dharg, Faihran, Guir, Letholes, Lorte, Romil",low,no
whois_letholes_1781052441,,Letholes,Elf,"Letholes of the Scouts of Rivendell is an Elf.
Last login 15 years, 9 months, and 18 days ago.

- One of the Hidden Hunters.

Pukes: Artus, Commodore, Dharg, Faihran, Guir, Letholes, Lorte, Romil
Orcs: Erui, Lethal, Morzak, Sniper
BN: Masoj
Troll: Mielo",Faihran,comma_name_list,,"Pukes: Artus, Commodore, Dharg, Faihran, Guir, Letholes, Lorte, Romil",low,no
whois_letholes_1781052441,,Letholes,Elf,"Letholes of the Scouts of Rivendell is an Elf.
Last login 15 years, 9 months, and 18 days ago.

- One of the Hidden Hunters.

Pukes: Artus, Commodore, Dharg, Faihran, Guir, Letholes, Lorte, Romil
Orcs: Erui, Lethal, Morzak, Sniper
BN: Masoj
Troll: Mielo",Guir,comma_name_list,,"Pukes: Artus, Commodore, Dharg, Faihran, Guir, Letholes, Lorte, Romil",low,no
whois_letholes_1781052441,,Letholes,Elf,"Letholes of the Scouts of Rivendell is an Elf.
Last login 15 years, 9 months, and 18 days ago.

- One of the Hidden Hunters.

Pukes: Artus, Commodore, Dharg, Faihran, Guir, Letholes, Lorte, Romil
Orcs: Erui, Lethal, Morzak, Sniper
BN: Masoj
Troll: Mielo",Letholes,comma_name_list,,"Pukes: Artus, Commodore, Dharg, Faihran, Guir, Letholes, Lorte, Romil",high,yes
whois_letholes_1781052441,,Letholes,Elf,"Letholes of the Scouts of Rivendell is an Elf.
Last login 15 years, 9 months, and 18 days ago.

- One of the Hidden Hunters.

Pukes: Artus, Commodore, Dharg, Faihran, Guir, Letholes, Lorte, Romil
Orcs: Erui, Lethal, Morzak, Sniper
BN: Masoj
Troll: Mielo",Lorte,comma_name_list,,"Pukes: Artus, Commodore, Dharg, Faihran, Guir, Letholes, Lorte, Romil",low,no
whois_letholes_1781052441,,Letholes,Elf,"Letholes of the Scouts of Rivendell is an Elf.
Last login 15 years, 9 months, and 18 days ago.

- One of the Hidden Hunters.

Pukes: Artus, Commodore, Dharg, Faihran, Guir, Letholes, Lorte, Romil
Orcs: Erui, Lethal, Morzak, Sniper
BN: Masoj
Troll: Mielo",Romil,comma_name_list,,"Pukes: Artus, Commodore, Dharg, Faihran, Guir, Letholes, Lorte, Romil",low,no
whois_letholes_1781052441,,Letholes,Elf,"Letholes of the Scouts of Rivendell is an Elf.
Last login 15 years, 9 months, and 18 days ago.

- One of the Hidden Hunters.

Pukes: Artus, Commodore, Dharg, Faihran, Guir, Letholes, Lorte, Romil
Orcs: Erui, Lethal, Morzak, Sniper
BN: Masoj
Troll: Mielo",Lethal,comma_name_list,,"Orcs: Erui, Lethal, Morzak, Sniper",low,no
whois_letholes_1781052441,,Letholes,Elf,"Letholes of the Scouts of Rivendell is an Elf.
Last login 15 years, 9 months, and 18 days ago.

- One of the Hidden Hunters.

Pukes: Artus, Commodore, Dharg, Faihran, Guir, Letholes, Lorte, Romil
Orcs: Erui, Lethal, Morzak, Sniper
BN: Masoj
Troll: Mielo",Morzak,comma_name_list,,"Orcs: Erui, Lethal, Morzak, Sniper",low,no
whois_letholes_1781052441,,Letholes,Elf,"Letholes of the Scouts of Rivendell is an Elf.
Last login 15 years, 9 months, and 18 days ago.

- One of the Hidden Hunters.

Pukes: Artus, Commodore, Dharg, Faihran, Guir, Letholes, Lorte, Romil
Orcs: Erui, Lethal, Morzak, Sniper
BN: Masoj
Troll: Mielo",Sniper,comma_name_list,,"Orcs: Erui, Lethal, Morzak, Sniper",low,no
whois_vräsh_1781052575,,Vräsh,Dwarven Chieftain,"Vräsh VII is a level forty-five Dwarven Chieftain
    [Retired].
Last login 7 years, 1 month, and 25 days ago from
    [numerical address].

Norìk says 'did you seriously write ""xp buddies ftw"" on my facebook? are
you trying to cockblock me or something?'

Aldweth Booms : Norik tells you 'me renting for 15 minutes to get prepped for
5 hrs of muming,",Norìk,quoted_speaker,,"Norìk says 'did you seriously write ""xp buddies ftw"" on my facebook? are",medium,no
whois_ada_1781576628,,Ada,Maia,"Ada the Whitest is a Maia.
Last login 12 years, 1 month, and
    22 days ago from [numerical
    address].

Also playing:
Pukes: Anton, Korshun, Lisp, Liss, Ostap, Udav, Urfin, Voron, Zakuska
Darkies: Bober, Dracula, Korn, Pej, Pozitiv, Uktuk, Vinni",Anton,heading_name_list,Pukes,"Pukes: Anton, Korshun, Lisp, Liss, Ostap, Udav, Urfin, Voron, Zakuska",high,yes
whois_ada_1781576628,,Ada,Maia,"Ada the Whitest is a Maia.
Last login 12 years, 1 month, and
    22 days ago from [numerical
    address].

Also playing:
Pukes: Anton, Korshun, Lisp, Liss, Ostap, Udav, Urfin, Voron, Zakuska
Darkies: Bober, Dracula, Korn, Pej, Pozitiv, Uktuk, Vinni",Korshun,heading_name_list,Pukes,"Pukes: Anton, Korshun, Lisp, Liss, Ostap, Udav, Urfin, Voron, Zakuska",medium,no
whois_ada_1781576628,,Ada,Maia,"Ada the Whitest is a Maia.
Last login 12 years, 1 month, and
    22 days ago from [numerical
    address].

Also playing:
Pukes: Anton, Korshun, Lisp, Liss, Ostap, Udav, Urfin, Voron, Zakuska
Darkies: Bober, Dracula, Korn, Pej, Pozitiv, Uktuk, Vinni",Lisp,heading_name_list,Pukes,"Pukes: Anton, Korshun, Lisp, Liss, Ostap, Udav, Urfin, Voron, Zakuska",high,yes
whois_ada_1781576628,,Ada,Maia,"Ada the Whitest is a Maia.
Last login 12 years, 1 month, and
    22 days ago from [numerical
    address].

Also playing:
Pukes: Anton, Korshun, Lisp, Liss, Ostap, Udav, Urfin, Voron, Zakuska
Darkies: Bober, Dracula, Korn, Pej, Pozitiv, Uktuk, Vinni",Liss,heading_name_list,Pukes,"Pukes: Anton, Korshun, Lisp, Liss, Ostap, Udav, Urfin, Voron, Zakuska",medium,no
whois_ada_1781576628,,Ada,Maia,"Ada the Whitest is a Maia.
Last login 12 years, 1 month, and
    22 days ago from [numerical
    address].

Also playing:
Pukes: Anton, Korshun, Lisp, Liss, Ostap, Udav, Urfin, Voron, Zakuska
Darkies: Bober, Dracula, Korn, Pej, Pozitiv, Uktuk, Vinni",Ostap,heading_name_list,Pukes,"Pukes: Anton, Korshun, Lisp, Liss, Ostap, Udav, Urfin, Voron, Zakuska",medium,no
whois_ada_1781576628,,Ada,Maia,"Ada the Whitest is a Maia.
Last login 12 years, 1 month, and
    22 days ago from [numerical
    address].

Also playing:
Pukes: Anton, Korshun, Lisp, Liss, Ostap, Udav, Urfin, Voron, Zakuska
Darkies: Bober, Dracula, Korn, Pej, Pozitiv, Uktuk, Vinni",Udav,heading_name_list,Pukes,"Pukes: Anton, Korshun, Lisp, Liss, Ostap, Udav, Urfin, Voron, Zakuska",medium,no
whois_ada_1781576628,,Ada,Maia,"Ada the Whitest is a Maia.
Last login 12 years, 1 month, and
    22 days ago from [numerical
    address].

Also playing:
Pukes: Anton, Korshun, Lisp, Liss, Ostap, Udav, Urfin, Voron, Zakuska
Darkies: Bober, Dracula, Korn, Pej, Pozitiv, Uktuk, Vinni",Urfin,heading_name_list,Pukes,"Pukes: Anton, Korshun, Lisp, Liss, Ostap, Udav, Urfin, Voron, Zakuska",medium,no
whois_ada_1781576628,,Ada,Maia,"Ada the Whitest is a Maia.
Last login 12 years, 1 month, and
    22 days ago from [numerical
    address].

Also playing:
Pukes: Anton, Korshun, Lisp, Liss, Ostap, Udav, Urfin, Voron, Zakuska
Darkies: Bober, Dracula, Korn, Pej, Pozitiv, Uktuk, Vinni",Voron,heading_name_list,Pukes,"Pukes: Anton, Korshun, Lisp, Liss, Ostap, Udav, Urfin, Voron, Zakuska",medium,no
whois_ada_1781576628,,Ada,Maia,"Ada the Whitest is a Maia.
Last login 12 years, 1 month, and
    22 days ago from [numerical
    address].

Also playing:
Pukes: Anton, Korshun, Lisp, Liss, Ostap, Udav, Urfin, Voron, Zakuska
Darkies: Bober, Dracula, Korn, Pej, Pozitiv, Uktuk, Vinni",Zakuska,heading_name_list,Pukes,"Pukes: Anton, Korshun, Lisp, Liss, Ostap, Udav, Urfin, Voron, Zakuska",medium,no
whois_ada_1781576628,,Ada,Maia,"Ada the Whitest is a Maia.
Last login 12 years, 1 month, and
    22 days ago from [numerical
    address].

Also playing:
Pukes: Anton, Korshun, Lisp, Liss, Ostap, Udav, Urfin, Voron, Zakuska
Darkies: Bober, Dracula, Korn, Pej, Pozitiv, Uktuk, Vinni",Bober,heading_name_list,Darkies,"Darkies: Bober, Dracula, Korn, Pej, Pozitiv, Uktuk, Vinni",medium,no
whois_ada_1781576628,,Ada,Maia,"Ada the Whitest is a Maia.
Last login 12 years, 1 month, and
    22 days ago from [numerical
    address].

Also playing:
Pukes: Anton, Korshun, Lisp, Liss, Ostap, Udav, Urfin, Voron, Zakuska
Darkies: Bober, Dracula, Korn, Pej, Pozitiv, Uktuk, Vinni",Dracula,heading_name_list,Darkies,"Darkies: Bober, Dracula, Korn, Pej, Pozitiv, Uktuk, Vinni",medium,no
whois_ada_1781576628,,Ada,Maia,"Ada the Whitest is a Maia.
Last login 12 years, 1 month, and
    22 days ago from [numerical
    address].

Also playing:
Pukes: Anton, Korshun, Lisp, Liss, Ostap, Udav, Urfin, Voron, Zakuska
Darkies: Bober, Dracula, Korn, Pej, Pozitiv, Uktuk, Vinni",Korn,heading_name_list,Darkies,"Darkies: Bober, Dracula, Korn, Pej, Pozitiv, Uktuk, Vinni",high,yes
whois_ada_1781576628,,Ada,Maia,"Ada the Whitest is a Maia.
Last login 12 years, 1 month, and
    22 days ago from [numerical
    address].

Also playing:
Pukes: Anton, Korshun, Lisp, Liss, Ostap, Udav, Urfin, Voron, Zakuska
Darkies: Bober, Dracula, Korn, Pej, Pozitiv, Uktuk, Vinni",Pej,heading_name_list,Darkies,"Darkies: Bober, Dracula, Korn, Pej, Pozitiv, Uktuk, Vinni",medium,no
whois_ada_1781576628,,Ada,Maia,"Ada the Whitest is a Maia.
Last login 12 years, 1 month, and
    22 days ago from [numerical
    address].

Also playing:
Pukes: Anton, Korshun, Lisp, Liss, Ostap, Udav, Urfin, Voron, Zakuska
Darkies: Bober, Dracula, Korn, Pej, Pozitiv, Uktuk, Vinni",Pozitiv,heading_name_list,Darkies,"Darkies: Bober, Dracula, Korn, Pej, Pozitiv, Uktuk, Vinni",medium,no
whois_ada_1781576628,,Ada,Maia,"Ada the Whitest is a Maia.
Last login 12 years, 1 month, and
    22 days ago from [numerical
    address].

Also playing:
Pukes: Anton, Korshun, Lisp, Liss, Ostap, Udav, Urfin, Voron, Zakuska
Darkies: Bober, Dracula, Korn, Pej, Pozitiv, Uktuk, Vinni",Uktuk,heading_name_list,Darkies,"Darkies: Bober, Dracula, Korn, Pej, Pozitiv, Uktuk, Vinni",medium,no
whois_ada_1781576628,,Ada,Maia,"Ada the Whitest is a Maia.
Last login 12 years, 1 month, and
    22 days ago from [numerical
    address].

Also playing:
Pukes: Anton, Korshun, Lisp, Liss, Ostap, Udav, Urfin, Voron, Zakuska
Darkies: Bober, Dracula, Korn, Pej, Pozitiv, Uktuk, Vinni",Vinni,heading_name_list,Darkies,"Darkies: Bober, Dracula, Korn, Pej, Pozitiv, Uktuk, Vinni",medium,no
whois_ada_1781576628,,Ada,Maia,"Ada the Whitest is a Maia.
Last login 12 years, 1 month, and
    22 days ago from [numerical
    address].

Also playing:
Pukes: Anton, Korshun, Lisp, Liss, Ostap, Udav, Urfin, Voron, Zakuska
Darkies: Bober, Dracula, Korn, Pej, Pozitiv, Uktuk, Vinni",Korshun,comma_name_list,,"Pukes: Anton, Korshun, Lisp, Liss, Ostap, Udav, Urfin, Voron, Zakuska",low,no
whois_ada_1781576628,,Ada,Maia,"Ada the Whitest is a Maia.
Last login 12 years, 1 month, and
    22 days ago from [numerical
    address].

Also playing:
Pukes: Anton, Korshun, Lisp, Liss, Ostap, Udav, Urfin, Voron, Zakuska
Darkies: Bober, Dracula, Korn, Pej, Pozitiv, Uktuk, Vinni",Lisp,comma_name_list,,"Pukes: Anton, Korshun, Lisp, Liss, Ostap, Udav, Urfin, Voron, Zakuska",high,yes
whois_ada_1781576628,,Ada,Maia,"Ada the Whitest is a Maia.
Last login 12 years, 1 month, and
    22 days ago from [numerical
    address].

Also playing:
Pukes: Anton, Korshun, Lisp, Liss, Ostap, Udav, Urfin, Voron, Zakuska
Darkies: Bober, Dracula, Korn, Pej, Pozitiv, Uktuk, Vinni",Liss,comma_name_list,,"Pukes: Anton, Korshun, Lisp, Liss, Ostap, Udav, Urfin, Voron, Zakuska",low,no
whois_ada_1781576628,,Ada,Maia,"Ada the Whitest is a Maia.
Last login 12 years, 1 month, and
    22 days ago from [numerical
    address].

Also playing:
Pukes: Anton, Korshun, Lisp, Liss, Ostap, Udav, Urfin, Voron, Zakuska
Darkies: Bober, Dracula, Korn, Pej, Pozitiv, Uktuk, Vinni",Ostap,comma_name_list,,"Pukes: Anton, Korshun, Lisp, Liss, Ostap, Udav, Urfin, Voron, Zakuska",low,no
whois_ada_1781576628,,Ada,Maia,"Ada the Whitest is a Maia.
Last login 12 years, 1 month, and
    22 days ago from [numerical
    address].

Also playing:
Pukes: Anton, Korshun, Lisp, Liss, Ostap, Udav, Urfin, Voron, Zakuska
Darkies: Bober, Dracula, Korn, Pej, Pozitiv, Uktuk, Vinni",Udav,comma_name_list,,"Pukes: Anton, Korshun, Lisp, Liss, Ostap, Udav, Urfin, Voron, Zakuska",low,no
whois_ada_1781576628,,Ada,Maia,"Ada the Whitest is a Maia.
Last login 12 years, 1 month, and
    22 days ago from [numerical
    address].

Also playing:
Pukes: Anton, Korshun, Lisp, Liss, Ostap, Udav, Urfin, Voron, Zakuska
Darkies: Bober, Dracula, Korn, Pej, Pozitiv, Uktuk, Vinni",Urfin,comma_name_list,,"Pukes: Anton, Korshun, Lisp, Liss, Ostap, Udav, Urfin, Voron, Zakuska",low,no
whois_ada_1781576628,,Ada,Maia,"Ada the Whitest is a Maia.
Last login 12 years, 1 month, and
    22 days ago from [numerical
    address].

Also playing:
Pukes: Anton, Korshun, Lisp, Liss, Ostap, Udav, Urfin, Voron, Zakuska
Darkies: Bober, Dracula, Korn, Pej, Pozitiv, Uktuk, Vinni",Voron,comma_name_list,,"Pukes: Anton, Korshun, Lisp, Liss, Ostap, Udav, Urfin, Voron, Zakuska",low,no
whois_ada_1781576628,,Ada,Maia,"Ada the Whitest is a Maia.
Last login 12 years, 1 month, and
    22 days ago from [numerical
    address].

Also playing:
Pukes: Anton, Korshun, Lisp, Liss, Ostap, Udav, Urfin, Voron, Zakuska
Darkies: Bober, Dracula, Korn, Pej, Pozitiv, Uktuk, Vinni",Zakuska,comma_name_list,,"Pukes: Anton, Korshun, Lisp, Liss, Ostap, Udav, Urfin, Voron, Zakuska",low,no
whois_ada_1781576628,,Ada,Maia,"Ada the Whitest is a Maia.
Last login 12 years, 1 month, and
    22 days ago from [numerical
    address].

Also playing:
Pukes: Anton, Korshun, Lisp, Liss, Ostap, Udav, Urfin, Voron, Zakuska
Darkies: Bober, Dracula, Korn, Pej, Pozitiv, Uktuk, Vinni",Dracula,comma_name_list,,"Darkies: Bober, Dracula, Korn, Pej, Pozitiv, Uktuk, Vinni",low,no
whois_ada_1781576628,,Ada,Maia,"Ada the Whitest is a Maia.
Last login 12 years, 1 month, and
    22 days ago from [numerical
    address].

Also playing:
Pukes: Anton, Korshun, Lisp, Liss, Ostap, Udav, Urfin, Voron, Zakuska
Darkies: Bober, Dracula, Korn, Pej, Pozitiv, Uktuk, Vinni",Korn,comma_name_list,,"Darkies: Bober, Dracula, Korn, Pej, Pozitiv, Uktuk, Vinni",high,yes
whois_ada_1781576628,,Ada,Maia,"Ada the Whitest is a Maia.
Last login 12 years, 1 month, and
    22 days ago from [numerical
    address].

Also playing:
Pukes: Anton, Korshun, Lisp, Liss, Ostap, Udav, Urfin, Voron, Zakuska
Darkies: Bober, Dracula, Korn, Pej, Pozitiv, Uktuk, Vinni",Pej,comma_name_list,,"Darkies: Bober, Dracula, Korn, Pej, Pozitiv, Uktuk, Vinni",low,no
whois_ada_1781576628,,Ada,Maia,"Ada the Whitest is a Maia.
Last login 12 years, 1 month, and
    22 days ago from [numerical
    address].

Also playing:
Pukes: Anton, Korshun, Lisp, Liss, Ostap, Udav, Urfin, Voron, Zakuska
Darkies: Bober, Dracula, Korn, Pej, Pozitiv, Uktuk, Vinni",Pozitiv,comma_name_list,,"Darkies: Bober, Dracula, Korn, Pej, Pozitiv, Uktuk, Vinni",low,no
whois_ada_1781576628,,Ada,Maia,"Ada the Whitest is a Maia.
Last login 12 years, 1 month, and
    22 days ago from [numerical
    address].

Also playing:
Pukes: Anton, Korshun, Lisp, Liss, Ostap, Udav, Urfin, Voron, Zakuska
Darkies: Bober, Dracula, Korn, Pej, Pozitiv, Uktuk, Vinni",Uktuk,comma_name_list,,"Darkies: Bober, Dracula, Korn, Pej, Pozitiv, Uktuk, Vinni",low,no
whois_ada_1781576628,,Ada,Maia,"Ada the Whitest is a Maia.
Last login 12 years, 1 month, and
    22 days ago from [numerical
    address].

Also playing:
Pukes: Anton, Korshun, Lisp, Liss, Ostap, Udav, Urfin, Voron, Zakuska
Darkies: Bober, Dracula, Korn, Pej, Pozitiv, Uktuk, Vinni",Vinni,comma_name_list,,"Darkies: Bober, Dracula, Korn, Pej, Pozitiv, Uktuk, Vinni",low,no
whois_alec_1781576756,,Alec,Maia,"Alec is a Maia.
Last login 18 years, 4 months, and
    13 days ago from *.se.
You are hit by a fireball!
Also known as:
Taran, Grimbold, Durambir, Gizmo, Darkblade, Bâen, Câen, Zâen, Râen and Orâen
Ghared, Daevon and Zaer
And not to forget the darkside:
Narat, True, Glaurug, Uruloki and Parc.
And the even more evil side:
Blow, Paingiver and Strach",Taran,comma_name_list,,"Taran, Grimbold, Durambir, Gizmo, Darkblade, Bâen, Câen, Zâen, Râen and Orâen",low,no
whois_alec_1781576756,,Alec,Maia,"Alec is a Maia.
Last login 18 years, 4 months, and
    13 days ago from *.se.
You are hit by a fireball!
Also known as:
Taran, Grimbold, Durambir, Gizmo, Darkblade, Bâen, Câen, Zâen, Râen and Orâen
Ghared, Daevon and Zaer
And not to forget the darkside:
Narat, True, Glaurug, Uruloki and Parc.
And the even more evil side:
Blow, Paingiver and Strach",Grimbold,comma_name_list,,"Taran, Grimbold, Durambir, Gizmo, Darkblade, Bâen, Câen, Zâen, Râen and Orâen",low,no
whois_alec_1781576756,,Alec,Maia,"Alec is a Maia.
Last login 18 years, 4 months, and
    13 days ago from *.se.
You are hit by a fireball!
Also known as:
Taran, Grimbold, Durambir, Gizmo, Darkblade, Bâen, Câen, Zâen, Râen and Orâen
Ghared, Daevon and Zaer
And not to forget the darkside:
Narat, True, Glaurug, Uruloki and Parc.
And the even more evil side:
Blow, Paingiver and Strach",Durambir,comma_name_list,,"Taran, Grimbold, Durambir, Gizmo, Darkblade, Bâen, Câen, Zâen, Râen and Orâen",low,no
whois_alec_1781576756,,Alec,Maia,"Alec is a Maia.
Last login 18 years, 4 months, and
    13 days ago from *.se.
You are hit by a fireball!
Also known as:
Taran, Grimbold, Durambir, Gizmo, Darkblade, Bâen, Câen, Zâen, Râen and Orâen
Ghared, Daevon and Zaer
And not to forget the darkside:
Narat, True, Glaurug, Uruloki and Parc.
And the even more evil side:
Blow, Paingiver and Strach",Gizmo,comma_name_list,,"Taran, Grimbold, Durambir, Gizmo, Darkblade, Bâen, Câen, Zâen, Râen and Orâen",low,no
whois_alec_1781576756,,Alec,Maia,"Alec is a Maia.
Last login 18 years, 4 months, and
    13 days ago from *.se.
You are hit by a fireball!
Also known as:
Taran, Grimbold, Durambir, Gizmo, Darkblade, Bâen, Câen, Zâen, Râen and Orâen
Ghared, Daevon and Zaer
And not to forget the darkside:
Narat, True, Glaurug, Uruloki and Parc.
And the even more evil side:
Blow, Paingiver and Strach",Darkblade,comma_name_list,,"Taran, Grimbold, Durambir, Gizmo, Darkblade, Bâen, Câen, Zâen, Râen and Orâen",low,no
whois_alec_1781576756,,Alec,Maia,"Alec is a Maia.
Last login 18 years, 4 months, and
    13 days ago from *.se.
You are hit by a fireball!
Also known as:
Taran, Grimbold, Durambir, Gizmo, Darkblade, Bâen, Câen, Zâen, Râen and Orâen
Ghared, Daevon and Zaer
And not to forget the darkside:
Narat, True, Glaurug, Uruloki and Parc.
And the even more evil side:
Blow, Paingiver and Strach",Bâen,comma_name_list,,"Taran, Grimbold, Durambir, Gizmo, Darkblade, Bâen, Câen, Zâen, Râen and Orâen",low,no
whois_alec_1781576756,,Alec,Maia,"Alec is a Maia.
Last login 18 years, 4 months, and
    13 days ago from *.se.
You are hit by a fireball!
Also known as:
Taran, Grimbold, Durambir, Gizmo, Darkblade, Bâen, Câen, Zâen, Râen and Orâen
Ghared, Daevon and Zaer
And not to forget the darkside:
Narat, True, Glaurug, Uruloki and Parc.
And the even more evil side:
Blow, Paingiver and Strach",Câen,comma_name_list,,"Taran, Grimbold, Durambir, Gizmo, Darkblade, Bâen, Câen, Zâen, Râen and Orâen",low,no
whois_alec_1781576756,,Alec,Maia,"Alec is a Maia.
Last login 18 years, 4 months, and
    13 days ago from *.se.
You are hit by a fireball!
Also known as:
Taran, Grimbold, Durambir, Gizmo, Darkblade, Bâen, Câen, Zâen, Râen and Orâen
Ghared, Daevon and Zaer
And not to forget the darkside:
Narat, True, Glaurug, Uruloki and Parc.
And the even more evil side:
Blow, Paingiver and Strach",Zâen,comma_name_list,,"Taran, Grimbold, Durambir, Gizmo, Darkblade, Bâen, Câen, Zâen, Râen and Orâen",low,no
whois_alec_1781576756,,Alec,Maia,"Alec is a Maia.
Last login 18 years, 4 months, and
    13 days ago from *.se.
You are hit by a fireball!
Also known as:
Taran, Grimbold, Durambir, Gizmo, Darkblade, Bâen, Câen, Zâen, Râen and Orâen
Ghared, Daevon and Zaer
And not to forget the darkside:
Narat, True, Glaurug, Uruloki and Parc.
And the even more evil side:
Blow, Paingiver and Strach",Narat,comma_name_list,,"Narat, True, Glaurug, Uruloki and Parc.",low,no
whois_alec_1781576756,,Alec,Maia,"Alec is a Maia.
Last login 18 years, 4 months, and
    13 days ago from *.se.
You are hit by a fireball!
Also known as:
Taran, Grimbold, Durambir, Gizmo, Darkblade, Bâen, Câen, Zâen, Râen and Orâen
Ghared, Daevon and Zaer
And not to forget the darkside:
Narat, True, Glaurug, Uruloki and Parc.
And the even more evil side:
Blow, Paingiver and Strach",True,comma_name_list,,"Narat, True, Glaurug, Uruloki and Parc.",low,no
whois_alec_1781576756,,Alec,Maia,"Alec is a Maia.
Last login 18 years, 4 months, and
    13 days ago from *.se.
You are hit by a fireball!
Also known as:
Taran, Grimbold, Durambir, Gizmo, Darkblade, Bâen, Câen, Zâen, Râen and Orâen
Ghared, Daevon and Zaer
And not to forget the darkside:
Narat, True, Glaurug, Uruloki and Parc.
And the even more evil side:
Blow, Paingiver and Strach",Glaurug,comma_name_list,,"Narat, True, Glaurug, Uruloki and Parc.",low,no
whois_aleksey_1781576761,,Aleksey,Maia,"Aleksey The Pahan of Sauron & CO is a
    Maia.
Last login 7 years, 10 months, and
    14 days ago from *.de.
Pukeskums: Babai, Budach

The Right ones: Zmej, Hitme, Vij, Vip",Hitme,comma_name_list,,"The Right ones: Zmej, Hitme, Vij, Vip",low,no
whois_aleksey_1781576761,,Aleksey,Maia,"Aleksey The Pahan of Sauron & CO is a
    Maia.
Last login 7 years, 10 months, and
    14 days ago from *.de.
Pukeskums: Babai, Budach

The Right ones: Zmej, Hitme, Vij, Vip",Vij,comma_name_list,,"The Right ones: Zmej, Hitme, Vij, Vip",high,yes
whois_aleksey_1781576761,,Aleksey,Maia,"Aleksey The Pahan of Sauron & CO is a
    Maia.
Last login 7 years, 10 months, and
    14 days ago from *.de.
Pukeskums: Babai, Budach

The Right ones: Zmej, Hitme, Vij, Vip",Vip,comma_name_list,,"The Right ones: Zmej, Hitme, Vij, Vip",high,yes
whois_ammon_1781576823,,Ammon,Maia,"Ammon says good night is a Maia
    (Cartographer) [Retired].
Last login 7 months and 1 day ago.",Ammon,quoted_speaker,,Ammon says good night is a Maia,high,yes
whois_anólad_1781577555,char_anólad,Anólad,discord bot is a Maia,"Anólad is a discord bot is a Maia
    (Cartographer).
Last login 7 months and 28 days ago
    from *.com.
silly player of Nazgum, Nireth, Nemisa, Itzit, and Gagzik.
watch some mume video logs!
http://nazgum.com/mume/",Nireth,comma_name_list,,"silly player of Nazgum, Nireth, Nemisa, Itzit, and Gagzik.",low,no
whois_anólad_1781577555,char_anólad,Anólad,discord bot is a Maia,"Anólad is a discord bot is a Maia
    (Cartographer).
Last login 7 months and 28 days ago
    from *.com.
silly player of Nazgum, Nireth, Nemisa, Itzit, and Gagzik.
watch some mume video logs!
http://nazgum.com/mume/",Nemisa,comma_name_list,,"silly player of Nazgum, Nireth, Nemisa, Itzit, and Gagzik.",low,no
whois_anólad_1781577555,char_anólad,Anólad,discord bot is a Maia,"Anólad is a discord bot is a Maia
    (Cartographer).
Last login 7 months and 28 days ago
    from *.com.
silly player of Nazgum, Nireth, Nemisa, Itzit, and Gagzik.
watch some mume video logs!
http://nazgum.com/mume/",Itzit,comma_name_list,,"silly player of Nazgum, Nireth, Nemisa, Itzit, and Gagzik.",low,no
whois_aratan_1781577577,,Aratan,Maia,"Aratan the Literate is a Maia
    (Cartographer) [Retired].
Last login 19 years, 2 months, and
    27 days ago from *.dk.

Aratan, Son of Isildur

Player of:
          Nilir, Earún, Aileron, Erléin & Rup

Email: carsten@svensgaard.org",Nilir,comma_name_list,,"Nilir, Earún, Aileron, Erléin & Rup",low,no
whois_aratan_1781577577,,Aratan,Maia,"Aratan the Literate is a Maia
    (Cartographer) [Retired].
Last login 19 years, 2 months, and
    27 days ago from *.dk.

Aratan, Son of Isildur

Player of:
          Nilir, Earún, Aileron, Erléin & Rup

Email: carsten@svensgaard.org",Earún,comma_name_list,,"Nilir, Earún, Aileron, Erléin & Rup",low,no
whois_aratan_1781577577,,Aratan,Maia,"Aratan the Literate is a Maia
    (Cartographer) [Retired].
Last login 19 years, 2 months, and
    27 days ago from *.dk.

Aratan, Son of Isildur

Player of:
          Nilir, Earún, Aileron, Erléin & Rup

Email: carsten@svensgaard.org",Aileron,comma_name_list,,"Nilir, Earún, Aileron, Erléin & Rup",low,no
whois_arcane_1781577594,,Arcane,Maia,"Arcane the Dragonslayer is a Maia
    (Wright).

MUME is a great resource for anyone to learn LOTR lore and experience the
thrill of these adventures first hand.

Incarnations of light:
----------------------

Bevier, Lorindol, Parantaja, Poppis, Risp, Stagger, Tesla

Dark manifestations:
--------------------

Joviel, Rave, Spinner, Swrek",Bevier,comma_name_list,,"Bevier, Lorindol, Parantaja, Poppis, Risp, Stagger, Tesla",low,no
whois_arcane_1781577594,,Arcane,Maia,"Arcane the Dragonslayer is a Maia
    (Wright).

MUME is a great resource for anyone to learn LOTR lore and experience the
thrill of these adventures first hand.

Incarnations of light:
----------------------

Bevier, Lorindol, Parantaja, Poppis, Risp, Stagger, Tesla

Dark manifestations:
--------------------

Joviel, Rave, Spinner, Swrek",Lorindol,comma_name_list,,"Bevier, Lorindol, Parantaja, Poppis, Risp, Stagger, Tesla",low,no
whois_arcane_1781577594,,Arcane,Maia,"Arcane the Dragonslayer is a Maia
    (Wright).

MUME is a great resource for anyone to learn LOTR lore and experience the
thrill of these adventures first hand.

Incarnations of light:
----------------------

Bevier, Lorindol, Parantaja, Poppis, Risp, Stagger, Tesla

Dark manifestations:
--------------------

Joviel, Rave, Spinner, Swrek",Parantaja,comma_name_list,,"Bevier, Lorindol, Parantaja, Poppis, Risp, Stagger, Tesla",low,no
whois_arcane_1781577594,,Arcane,Maia,"Arcane the Dragonslayer is a Maia
    (Wright).

MUME is a great resource for anyone to learn LOTR lore and experience the
thrill of these adventures first hand.

Incarnations of light:
----------------------

Bevier, Lorindol, Parantaja, Poppis, Risp, Stagger, Tesla

Dark manifestations:
--------------------

Joviel, Rave, Spinner, Swrek",Poppis,comma_name_list,,"Bevier, Lorindol, Parantaja, Poppis, Risp, Stagger, Tesla",high,yes
whois_arcane_1781577594,,Arcane,Maia,"Arcane the Dragonslayer is a Maia
    (Wright).

MUME is a great resource for anyone to learn LOTR lore and experience the
thrill of these adventures first hand.

Incarnations of light:
----------------------

Bevier, Lorindol, Parantaja, Poppis, Risp, Stagger, Tesla

Dark manifestations:
--------------------

Joviel, Rave, Spinner, Swrek",Risp,comma_name_list,,"Bevier, Lorindol, Parantaja, Poppis, Risp, Stagger, Tesla",high,yes
whois_arcane_1781577594,,Arcane,Maia,"Arcane the Dragonslayer is a Maia
    (Wright).

MUME is a great resource for anyone to learn LOTR lore and experience the
thrill of these adventures first hand.

Incarnations of light:
----------------------

Bevier, Lorindol, Parantaja, Poppis, Risp, Stagger, Tesla

Dark manifestations:
--------------------

Joviel, Rave, Spinner, Swrek",Stagger,comma_name_list,,"Bevier, Lorindol, Parantaja, Poppis, Risp, Stagger, Tesla",low,no
whois_arcane_1781577594,,Arcane,Maia,"Arcane the Dragonslayer is a Maia
    (Wright).

MUME is a great resource for anyone to learn LOTR lore and experience the
thrill of these adventures first hand.

Incarnations of light:
----------------------

Bevier, Lorindol, Parantaja, Poppis, Risp, Stagger, Tesla

Dark manifestations:
--------------------

Joviel, Rave, Spinner, Swrek",Tesla,comma_name_list,,"Bevier, Lorindol, Parantaja, Poppis, Risp, Stagger, Tesla",low,no
whois_arcane_1781577594,,Arcane,Maia,"Arcane the Dragonslayer is a Maia
    (Wright).

MUME is a great resource for anyone to learn LOTR lore and experience the
thrill of these adventures first hand.

Incarnations of light:
----------------------

Bevier, Lorindol, Parantaja, Poppis, Risp, Stagger, Tesla

Dark manifestations:
--------------------

Joviel, Rave, Spinner, Swrek",Joviel,comma_name_list,,"Joviel, Rave, Spinner, Swrek",low,no
whois_arcane_1781577594,,Arcane,Maia,"Arcane the Dragonslayer is a Maia
    (Wright).

MUME is a great resource for anyone to learn LOTR lore and experience the
thrill of these adventures first hand.

Incarnations of light:
----------------------

Bevier, Lorindol, Parantaja, Poppis, Risp, Stagger, Tesla

Dark manifestations:
--------------------

Joviel, Rave, Spinner, Swrek",Rave,comma_name_list,,"Joviel, Rave, Spinner, Swrek",low,no
whois_arcane_1781577594,,Arcane,Maia,"Arcane the Dragonslayer is a Maia
    (Wright).

MUME is a great resource for anyone to learn LOTR lore and experience the
thrill of these adventures first hand.

Incarnations of light:
----------------------

Bevier, Lorindol, Parantaja, Poppis, Risp, Stagger, Tesla

Dark manifestations:
--------------------

Joviel, Rave, Spinner, Swrek",Spinner,comma_name_list,,"Joviel, Rave, Spinner, Swrek",high,yes
whois_arcane_1781577594,,Arcane,Maia,"Arcane the Dragonslayer is a Maia
    (Wright).

MUME is a great resource for anyone to learn LOTR lore and experience the
thrill of these adventures first hand.

Incarnations of light:
----------------------

Bevier, Lorindol, Parantaja, Poppis, Risp, Stagger, Tesla

Dark manifestations:
--------------------

Joviel, Rave, Spinner, Swrek",Swrek,comma_name_list,,"Joviel, Rave, Spinner, Swrek",low,no
whois_ariakas_1781577625,,Ariakas,Maia,"Ariakas says hello is a Maia (Shaper)
    [Retired].
wotan123@googlemail.com to find me!",Ariakas,quoted_speaker,,Ariakas says hello is a Maia (Shaper),high,yes
whois_arina_1781577677,,Arina,Maia,"Arina the Excited One is a Maia.
Last login 15 years and 16 days ago
    from *.net.
Buri says 'Arina the Arena Winna who's finna make some good dinna.'

p(Leigha)
A brown cow says 'meow?'",Buri,quoted_speaker,,Buri says 'Arina the Arena Winna who's finna make some good dinna.',medium,no
whois_atani_1781577738,,Atani,Maia,"Atani is a Maia.
Last login 2 years, 7 months, and
    21 days ago.

Player of... Smooth, Aragost, Brega, Alonil,
                Finglorion, Edhel, Targit...

Experimenting with Howdy and Dremel

Also play ... Snively and Bhang

                               Fare thee well all!",Aragost,comma_name_list,,"Player of... Smooth, Aragost, Brega, Alonil,",low,no
whois_atani_1781577738,,Atani,Maia,"Atani is a Maia.
Last login 2 years, 7 months, and
    21 days ago.

Player of... Smooth, Aragost, Brega, Alonil,
                Finglorion, Edhel, Targit...

Experimenting with Howdy and Dremel

Also play ... Snively and Bhang

                               Fare thee well all!",Brega,comma_name_list,,"Player of... Smooth, Aragost, Brega, Alonil,",low,no
whois_atani_1781577738,,Atani,Maia,"Atani is a Maia.
Last login 2 years, 7 months, and
    21 days ago.

Player of... Smooth, Aragost, Brega, Alonil,
                Finglorion, Edhel, Targit...

Experimenting with Howdy and Dremel

Also play ... Snively and Bhang

                               Fare thee well all!",Alonil,comma_name_list,,"Player of... Smooth, Aragost, Brega, Alonil,",low,no
whois_atani_1781577738,,Atani,Maia,"Atani is a Maia.
Last login 2 years, 7 months, and
    21 days ago.

Player of... Smooth, Aragost, Brega, Alonil,
                Finglorion, Edhel, Targit...

Experimenting with Howdy and Dremel

Also play ... Snively and Bhang

                               Fare thee well all!",Finglorion,comma_name_list,,"Finglorion, Edhel, Targit...",low,no
whois_atani_1781577738,,Atani,Maia,"Atani is a Maia.
Last login 2 years, 7 months, and
    21 days ago.

Player of... Smooth, Aragost, Brega, Alonil,
                Finglorion, Edhel, Targit...

Experimenting with Howdy and Dremel

Also play ... Snively and Bhang

                               Fare thee well all!",Edhel,comma_name_list,,"Finglorion, Edhel, Targit...",low,no
whois_atani_1781577738,,Atani,Maia,"Atani is a Maia.
Last login 2 years, 7 months, and
    21 days ago.

Player of... Smooth, Aragost, Brega, Alonil,
                Finglorion, Edhel, Targit...

Experimenting with Howdy and Dremel

Also play ... Snively and Bhang

                               Fare thee well all!",Targit,comma_name_list,,"Finglorion, Edhel, Targit...",low,no
whois_auriane_1781577755,char_auriane,Auriane,Maia,"Auriane Daughter of the Light is a
    Maia.
Last login 16 years, 8 months, and
    10 days ago from *.nl.

The Evil Spirit of Devastator, Sécrêt, Hârikírí, Spínâl, Meteor.
The Power of Equínôxë.
The Good Soul of Xatax and Mercurius.

ICQ:    34114926
E-mail: pacmanrulez@yahoo.com",Sécrêt,comma_name_list,,"The Evil Spirit of Devastator, Sécrêt, Hârikírí, Spínâl, Meteor.",low,no
whois_auriane_1781577755,char_auriane,Auriane,Maia,"Auriane Daughter of the Light is a
    Maia.
Last login 16 years, 8 months, and
    10 days ago from *.nl.

The Evil Spirit of Devastator, Sécrêt, Hârikírí, Spínâl, Meteor.
The Power of Equínôxë.
The Good Soul of Xatax and Mercurius.

ICQ:    34114926
E-mail: pacmanrulez@yahoo.com",Hârikírí,comma_name_list,,"The Evil Spirit of Devastator, Sécrêt, Hârikírí, Spínâl, Meteor.",low,no
whois_auriane_1781577755,char_auriane,Auriane,Maia,"Auriane Daughter of the Light is a
    Maia.
Last login 16 years, 8 months, and
    10 days ago from *.nl.

The Evil Spirit of Devastator, Sécrêt, Hârikírí, Spínâl, Meteor.
The Power of Equínôxë.
The Good Soul of Xatax and Mercurius.

ICQ:    34114926
E-mail: pacmanrulez@yahoo.com",Spínâl,comma_name_list,,"The Evil Spirit of Devastator, Sécrêt, Hârikírí, Spínâl, Meteor.",low,no
whois_auriane_1781577755,char_auriane,Auriane,Maia,"Auriane Daughter of the Light is a
    Maia.
Last login 16 years, 8 months, and
    10 days ago from *.nl.

The Evil Spirit of Devastator, Sécrêt, Hârikírí, Spínâl, Meteor.
The Power of Equínôxë.
The Good Soul of Xatax and Mercurius.

ICQ:    34114926
E-mail: pacmanrulez@yahoo.com",Meteor,comma_name_list,,"The Evil Spirit of Devastator, Sécrêt, Hârikírí, Spínâl, Meteor.",high,yes
whois_belenos_1781577903,,Belenos,Maia,"Belenos afk cleaning, washing etc. is a
    Maia (Cartographer) [Retired].
Last login 21 years, 7 months, and
    3 days ago from *.fr.
plays from *.ch. (ch = switzerland)

player of : Paranir, Coco, Bibado, Ronir
            Grabit, Anode, Edigana, Fusil
            Elimos, Buffy, Lunet, Duracuir
            Delelia

ICQ : 14091678",Coco,comma_name_list,,"player of : Paranir, Coco, Bibado, Ronir",high,yes
whois_belenos_1781577903,,Belenos,Maia,"Belenos afk cleaning, washing etc. is a
    Maia (Cartographer) [Retired].
Last login 21 years, 7 months, and
    3 days ago from *.fr.
plays from *.ch. (ch = switzerland)

player of : Paranir, Coco, Bibado, Ronir
            Grabit, Anode, Edigana, Fusil
            Elimos, Buffy, Lunet, Duracuir
            Delelia

ICQ : 14091678",Bibado,comma_name_list,,"player of : Paranir, Coco, Bibado, Ronir",low,no
whois_belenos_1781577903,,Belenos,Maia,"Belenos afk cleaning, washing etc. is a
    Maia (Cartographer) [Retired].
Last login 21 years, 7 months, and
    3 days ago from *.fr.
plays from *.ch. (ch = switzerland)

player of : Paranir, Coco, Bibado, Ronir
            Grabit, Anode, Edigana, Fusil
            Elimos, Buffy, Lunet, Duracuir
            Delelia

ICQ : 14091678",Ronir,comma_name_list,,"player of : Paranir, Coco, Bibado, Ronir",low,no
whois_belenos_1781577903,,Belenos,Maia,"Belenos afk cleaning, washing etc. is a
    Maia (Cartographer) [Retired].
Last login 21 years, 7 months, and
    3 days ago from *.fr.
plays from *.ch. (ch = switzerland)

player of : Paranir, Coco, Bibado, Ronir
            Grabit, Anode, Edigana, Fusil
            Elimos, Buffy, Lunet, Duracuir
            Delelia

ICQ : 14091678",Grabit,comma_name_list,,"Grabit, Anode, Edigana, Fusil",low,no
whois_belenos_1781577903,,Belenos,Maia,"Belenos afk cleaning, washing etc. is a
    Maia (Cartographer) [Retired].
Last login 21 years, 7 months, and
    3 days ago from *.fr.
plays from *.ch. (ch = switzerland)

player of : Paranir, Coco, Bibado, Ronir
            Grabit, Anode, Edigana, Fusil
            Elimos, Buffy, Lunet, Duracuir
            Delelia

ICQ : 14091678",Anode,comma_name_list,,"Grabit, Anode, Edigana, Fusil",low,no
whois_belenos_1781577903,,Belenos,Maia,"Belenos afk cleaning, washing etc. is a
    Maia (Cartographer) [Retired].
Last login 21 years, 7 months, and
    3 days ago from *.fr.
plays from *.ch. (ch = switzerland)

player of : Paranir, Coco, Bibado, Ronir
            Grabit, Anode, Edigana, Fusil
            Elimos, Buffy, Lunet, Duracuir
            Delelia

ICQ : 14091678",Edigana,comma_name_list,,"Grabit, Anode, Edigana, Fusil",low,no
whois_belenos_1781577903,,Belenos,Maia,"Belenos afk cleaning, washing etc. is a
    Maia (Cartographer) [Retired].
Last login 21 years, 7 months, and
    3 days ago from *.fr.
plays from *.ch. (ch = switzerland)

player of : Paranir, Coco, Bibado, Ronir
            Grabit, Anode, Edigana, Fusil
            Elimos, Buffy, Lunet, Duracuir
            Delelia

ICQ : 14091678",Fusil,comma_name_list,,"Grabit, Anode, Edigana, Fusil",low,no
whois_belenos_1781577903,,Belenos,Maia,"Belenos afk cleaning, washing etc. is a
    Maia (Cartographer) [Retired].
Last login 21 years, 7 months, and
    3 days ago from *.fr.
plays from *.ch. (ch = switzerland)

player of : Paranir, Coco, Bibado, Ronir
            Grabit, Anode, Edigana, Fusil
            Elimos, Buffy, Lunet, Duracuir
            Delelia

ICQ : 14091678",Elimos,comma_name_list,,"Elimos, Buffy, Lunet, Duracuir",low,no
whois_belenos_1781577903,,Belenos,Maia,"Belenos afk cleaning, washing etc. is a
    Maia (Cartographer) [Retired].
Last login 21 years, 7 months, and
    3 days ago from *.fr.
plays from *.ch. (ch = switzerland)

player of : Paranir, Coco, Bibado, Ronir
            Grabit, Anode, Edigana, Fusil
            Elimos, Buffy, Lunet, Duracuir
            Delelia

ICQ : 14091678",Buffy,comma_name_list,,"Elimos, Buffy, Lunet, Duracuir",low,no
whois_belenos_1781577903,,Belenos,Maia,"Belenos afk cleaning, washing etc. is a
    Maia (Cartographer) [Retired].
Last login 21 years, 7 months, and
    3 days ago from *.fr.
plays from *.ch. (ch = switzerland)

player of : Paranir, Coco, Bibado, Ronir
            Grabit, Anode, Edigana, Fusil
            Elimos, Buffy, Lunet, Duracuir
            Delelia

ICQ : 14091678",Lunet,comma_name_list,,"Elimos, Buffy, Lunet, Duracuir",low,no
whois_belenos_1781577903,,Belenos,Maia,"Belenos afk cleaning, washing etc. is a
    Maia (Cartographer) [Retired].
Last login 21 years, 7 months, and
    3 days ago from *.fr.
plays from *.ch. (ch = switzerland)

player of : Paranir, Coco, Bibado, Ronir
            Grabit, Anode, Edigana, Fusil
            Elimos, Buffy, Lunet, Duracuir
            Delelia

ICQ : 14091678",Duracuir,comma_name_list,,"Elimos, Buffy, Lunet, Duracuir",low,no
whois_beregond_1781577925,,Beregond,Maia,"Beregond ... is a Maia (Cartographer)
    [Retired].
Last login 17 years, 11 months, and
    21 days ago.

Whites: Burli, Darken, Novantus, Kushiel
Darks:",Darken,comma_name_list,,"Whites: Burli, Darken, Novantus, Kushiel",low,no
whois_beregond_1781577925,,Beregond,Maia,"Beregond ... is a Maia (Cartographer)
    [Retired].
Last login 17 years, 11 months, and
    21 days ago.

Whites: Burli, Darken, Novantus, Kushiel
Darks:",Novantus,comma_name_list,,"Whites: Burli, Darken, Novantus, Kushiel",low,no
whois_beregond_1781577925,,Beregond,Maia,"Beregond ... is a Maia (Cartographer)
    [Retired].
Last login 17 years, 11 months, and
    21 days ago.

Whites: Burli, Darken, Novantus, Kushiel
Darks:",Kushiel,comma_name_list,,"Whites: Burli, Darken, Novantus, Kushiel",low,no
whois_berogond_1781577942,,Berogond,Maia,"Berogond, the last Steward of Gondor is
    a Maia.
Last login 10 years, 4 months, and
    9 days ago.

Pukescum: Bromb, Gallahad, Daenarys, Molotov, Gannon, Erny, Theodin, Zaasha
Garron, Burt, Alodhel, Gluteus, Gwydien, Annator, Brewster, Wargon, Boramir
Tywin

Minions: Umgore, Mongol, Grimace, Thumper, Wargasm, Nahaz, Dominion, Bulvag

Renegades: Blackeye, Browneye

Deleted chars: Flim, Hamfist, Docstrange, Joey, Arogost",Gallahad,comma_name_list,,"Pukescum: Bromb, Gallahad, Daenarys, Molotov, Gannon, Erny, Theodin, Zaasha",low,no
whois_berogond_1781577942,,Berogond,Maia,"Berogond, the last Steward of Gondor is
    a Maia.
Last login 10 years, 4 months, and
    9 days ago.

Pukescum: Bromb, Gallahad, Daenarys, Molotov, Gannon, Erny, Theodin, Zaasha
Garron, Burt, Alodhel, Gluteus, Gwydien, Annator, Brewster, Wargon, Boramir
Tywin

Minions: Umgore, Mongol, Grimace, Thumper, Wargasm, Nahaz, Dominion, Bulvag

Renegades: Blackeye, Browneye

Deleted chars: Flim, Hamfist, Docstrange, Joey, Arogost",Daenarys,comma_name_list,,"Pukescum: Bromb, Gallahad, Daenarys, Molotov, Gannon, Erny, Theodin, Zaasha",low,no
whois_berogond_1781577942,,Berogond,Maia,"Berogond, the last Steward of Gondor is
    a Maia.
Last login 10 years, 4 months, and
    9 days ago.

Pukescum: Bromb, Gallahad, Daenarys, Molotov, Gannon, Erny, Theodin, Zaasha
Garron, Burt, Alodhel, Gluteus, Gwydien, Annator, Brewster, Wargon, Boramir
Tywin

Minions: Umgore, Mongol, Grimace, Thumper, Wargasm, Nahaz, Dominion, Bulvag

Renegades: Blackeye, Browneye

Deleted chars: Flim, Hamfist, Docstrange, Joey, Arogost",Molotov,comma_name_list,,"Pukescum: Bromb, Gallahad, Daenarys, Molotov, Gannon, Erny, Theodin, Zaasha",low,no
whois_berogond_1781577942,,Berogond,Maia,"Berogond, the last Steward of Gondor is
    a Maia.
Last login 10 years, 4 months, and
    9 days ago.

Pukescum: Bromb, Gallahad, Daenarys, Molotov, Gannon, Erny, Theodin, Zaasha
Garron, Burt, Alodhel, Gluteus, Gwydien, Annator, Brewster, Wargon, Boramir
Tywin

Minions: Umgore, Mongol, Grimace, Thumper, Wargasm, Nahaz, Dominion, Bulvag

Renegades: Blackeye, Browneye

Deleted chars: Flim, Hamfist, Docstrange, Joey, Arogost",Gannon,comma_name_list,,"Pukescum: Bromb, Gallahad, Daenarys, Molotov, Gannon, Erny, Theodin, Zaasha",low,no
whois_berogond_1781577942,,Berogond,Maia,"Berogond, the last Steward of Gondor is
    a Maia.
Last login 10 years, 4 months, and
    9 days ago.

Pukescum: Bromb, Gallahad, Daenarys, Molotov, Gannon, Erny, Theodin, Zaasha
Garron, Burt, Alodhel, Gluteus, Gwydien, Annator, Brewster, Wargon, Boramir
Tywin

Minions: Umgore, Mongol, Grimace, Thumper, Wargasm, Nahaz, Dominion, Bulvag

Renegades: Blackeye, Browneye

Deleted chars: Flim, Hamfist, Docstrange, Joey, Arogost",Erny,comma_name_list,,"Pukescum: Bromb, Gallahad, Daenarys, Molotov, Gannon, Erny, Theodin, Zaasha",low,no
whois_berogond_1781577942,,Berogond,Maia,"Berogond, the last Steward of Gondor is
    a Maia.
Last login 10 years, 4 months, and
    9 days ago.

Pukescum: Bromb, Gallahad, Daenarys, Molotov, Gannon, Erny, Theodin, Zaasha
Garron, Burt, Alodhel, Gluteus, Gwydien, Annator, Brewster, Wargon, Boramir
Tywin

Minions: Umgore, Mongol, Grimace, Thumper, Wargasm, Nahaz, Dominion, Bulvag

Renegades: Blackeye, Browneye

Deleted chars: Flim, Hamfist, Docstrange, Joey, Arogost",Theodin,comma_name_list,,"Pukescum: Bromb, Gallahad, Daenarys, Molotov, Gannon, Erny, Theodin, Zaasha",low,no
whois_berogond_1781577942,,Berogond,Maia,"Berogond, the last Steward of Gondor is
    a Maia.
Last login 10 years, 4 months, and
    9 days ago.

Pukescum: Bromb, Gallahad, Daenarys, Molotov, Gannon, Erny, Theodin, Zaasha
Garron, Burt, Alodhel, Gluteus, Gwydien, Annator, Brewster, Wargon, Boramir
Tywin

Minions: Umgore, Mongol, Grimace, Thumper, Wargasm, Nahaz, Dominion, Bulvag

Renegades: Blackeye, Browneye

Deleted chars: Flim, Hamfist, Docstrange, Joey, Arogost",Zaasha,comma_name_list,,"Pukescum: Bromb, Gallahad, Daenarys, Molotov, Gannon, Erny, Theodin, Zaasha",low,no
whois_berogond_1781577942,,Berogond,Maia,"Berogond, the last Steward of Gondor is
    a Maia.
Last login 10 years, 4 months, and
    9 days ago.

Pukescum: Bromb, Gallahad, Daenarys, Molotov, Gannon, Erny, Theodin, Zaasha
Garron, Burt, Alodhel, Gluteus, Gwydien, Annator, Brewster, Wargon, Boramir
Tywin

Minions: Umgore, Mongol, Grimace, Thumper, Wargasm, Nahaz, Dominion, Bulvag

Renegades: Blackeye, Browneye

Deleted chars: Flim, Hamfist, Docstrange, Joey, Arogost",Garron,comma_name_list,,"Garron, Burt, Alodhel, Gluteus, Gwydien, Annator, Brewster, Wargon, Boramir",low,no
whois_berogond_1781577942,,Berogond,Maia,"Berogond, the last Steward of Gondor is
    a Maia.
Last login 10 years, 4 months, and
    9 days ago.

Pukescum: Bromb, Gallahad, Daenarys, Molotov, Gannon, Erny, Theodin, Zaasha
Garron, Burt, Alodhel, Gluteus, Gwydien, Annator, Brewster, Wargon, Boramir
Tywin

Minions: Umgore, Mongol, Grimace, Thumper, Wargasm, Nahaz, Dominion, Bulvag

Renegades: Blackeye, Browneye

Deleted chars: Flim, Hamfist, Docstrange, Joey, Arogost",Burt,comma_name_list,,"Garron, Burt, Alodhel, Gluteus, Gwydien, Annator, Brewster, Wargon, Boramir",low,no
whois_berogond_1781577942,,Berogond,Maia,"Berogond, the last Steward of Gondor is
    a Maia.
Last login 10 years, 4 months, and
    9 days ago.

Pukescum: Bromb, Gallahad, Daenarys, Molotov, Gannon, Erny, Theodin, Zaasha
Garron, Burt, Alodhel, Gluteus, Gwydien, Annator, Brewster, Wargon, Boramir
Tywin

Minions: Umgore, Mongol, Grimace, Thumper, Wargasm, Nahaz, Dominion, Bulvag

Renegades: Blackeye, Browneye

Deleted chars: Flim, Hamfist, Docstrange, Joey, Arogost",Alodhel,comma_name_list,,"Garron, Burt, Alodhel, Gluteus, Gwydien, Annator, Brewster, Wargon, Boramir",low,no
whois_berogond_1781577942,,Berogond,Maia,"Berogond, the last Steward of Gondor is
    a Maia.
Last login 10 years, 4 months, and
    9 days ago.

Pukescum: Bromb, Gallahad, Daenarys, Molotov, Gannon, Erny, Theodin, Zaasha
Garron, Burt, Alodhel, Gluteus, Gwydien, Annator, Brewster, Wargon, Boramir
Tywin

Minions: Umgore, Mongol, Grimace, Thumper, Wargasm, Nahaz, Dominion, Bulvag

Renegades: Blackeye, Browneye

Deleted chars: Flim, Hamfist, Docstrange, Joey, Arogost",Gluteus,comma_name_list,,"Garron, Burt, Alodhel, Gluteus, Gwydien, Annator, Brewster, Wargon, Boramir",low,no
whois_berogond_1781577942,,Berogond,Maia,"Berogond, the last Steward of Gondor is
    a Maia.
Last login 10 years, 4 months, and
    9 days ago.

Pukescum: Bromb, Gallahad, Daenarys, Molotov, Gannon, Erny, Theodin, Zaasha
Garron, Burt, Alodhel, Gluteus, Gwydien, Annator, Brewster, Wargon, Boramir
Tywin

Minions: Umgore, Mongol, Grimace, Thumper, Wargasm, Nahaz, Dominion, Bulvag

Renegades: Blackeye, Browneye

Deleted chars: Flim, Hamfist, Docstrange, Joey, Arogost",Gwydien,comma_name_list,,"Garron, Burt, Alodhel, Gluteus, Gwydien, Annator, Brewster, Wargon, Boramir",low,no
whois_berogond_1781577942,,Berogond,Maia,"Berogond, the last Steward of Gondor is
    a Maia.
Last login 10 years, 4 months, and
    9 days ago.

Pukescum: Bromb, Gallahad, Daenarys, Molotov, Gannon, Erny, Theodin, Zaasha
Garron, Burt, Alodhel, Gluteus, Gwydien, Annator, Brewster, Wargon, Boramir
Tywin

Minions: Umgore, Mongol, Grimace, Thumper, Wargasm, Nahaz, Dominion, Bulvag

Renegades: Blackeye, Browneye

Deleted chars: Flim, Hamfist, Docstrange, Joey, Arogost",Annator,comma_name_list,,"Garron, Burt, Alodhel, Gluteus, Gwydien, Annator, Brewster, Wargon, Boramir",low,no
whois_berogond_1781577942,,Berogond,Maia,"Berogond, the last Steward of Gondor is
    a Maia.
Last login 10 years, 4 months, and
    9 days ago.

Pukescum: Bromb, Gallahad, Daenarys, Molotov, Gannon, Erny, Theodin, Zaasha
Garron, Burt, Alodhel, Gluteus, Gwydien, Annator, Brewster, Wargon, Boramir
Tywin

Minions: Umgore, Mongol, Grimace, Thumper, Wargasm, Nahaz, Dominion, Bulvag

Renegades: Blackeye, Browneye

Deleted chars: Flim, Hamfist, Docstrange, Joey, Arogost",Brewster,comma_name_list,,"Garron, Burt, Alodhel, Gluteus, Gwydien, Annator, Brewster, Wargon, Boramir",low,no
whois_berogond_1781577942,,Berogond,Maia,"Berogond, the last Steward of Gondor is
    a Maia.
Last login 10 years, 4 months, and
    9 days ago.

Pukescum: Bromb, Gallahad, Daenarys, Molotov, Gannon, Erny, Theodin, Zaasha
Garron, Burt, Alodhel, Gluteus, Gwydien, Annator, Brewster, Wargon, Boramir
Tywin

Minions: Umgore, Mongol, Grimace, Thumper, Wargasm, Nahaz, Dominion, Bulvag

Renegades: Blackeye, Browneye

Deleted chars: Flim, Hamfist, Docstrange, Joey, Arogost",Wargon,comma_name_list,,"Garron, Burt, Alodhel, Gluteus, Gwydien, Annator, Brewster, Wargon, Boramir",low,no
whois_berogond_1781577942,,Berogond,Maia,"Berogond, the last Steward of Gondor is
    a Maia.
Last login 10 years, 4 months, and
    9 days ago.

Pukescum: Bromb, Gallahad, Daenarys, Molotov, Gannon, Erny, Theodin, Zaasha
Garron, Burt, Alodhel, Gluteus, Gwydien, Annator, Brewster, Wargon, Boramir
Tywin

Minions: Umgore, Mongol, Grimace, Thumper, Wargasm, Nahaz, Dominion, Bulvag

Renegades: Blackeye, Browneye

Deleted chars: Flim, Hamfist, Docstrange, Joey, Arogost",Boramir,comma_name_list,,"Garron, Burt, Alodhel, Gluteus, Gwydien, Annator, Brewster, Wargon, Boramir",low,no
whois_berogond_1781577942,,Berogond,Maia,"Berogond, the last Steward of Gondor is
    a Maia.
Last login 10 years, 4 months, and
    9 days ago.

Pukescum: Bromb, Gallahad, Daenarys, Molotov, Gannon, Erny, Theodin, Zaasha
Garron, Burt, Alodhel, Gluteus, Gwydien, Annator, Brewster, Wargon, Boramir
Tywin

Minions: Umgore, Mongol, Grimace, Thumper, Wargasm, Nahaz, Dominion, Bulvag

Renegades: Blackeye, Browneye

Deleted chars: Flim, Hamfist, Docstrange, Joey, Arogost",Mongol,comma_name_list,,"Minions: Umgore, Mongol, Grimace, Thumper, Wargasm, Nahaz, Dominion, Bulvag",low,no
whois_berogond_1781577942,,Berogond,Maia,"Berogond, the last Steward of Gondor is
    a Maia.
Last login 10 years, 4 months, and
    9 days ago.

Pukescum: Bromb, Gallahad, Daenarys, Molotov, Gannon, Erny, Theodin, Zaasha
Garron, Burt, Alodhel, Gluteus, Gwydien, Annator, Brewster, Wargon, Boramir
Tywin

Minions: Umgore, Mongol, Grimace, Thumper, Wargasm, Nahaz, Dominion, Bulvag

Renegades: Blackeye, Browneye

Deleted chars: Flim, Hamfist, Docstrange, Joey, Arogost",Grimace,comma_name_list,,"Minions: Umgore, Mongol, Grimace, Thumper, Wargasm, Nahaz, Dominion, Bulvag",low,no
whois_berogond_1781577942,,Berogond,Maia,"Berogond, the last Steward of Gondor is
    a Maia.
Last login 10 years, 4 months, and
    9 days ago.

Pukescum: Bromb, Gallahad, Daenarys, Molotov, Gannon, Erny, Theodin, Zaasha
Garron, Burt, Alodhel, Gluteus, Gwydien, Annator, Brewster, Wargon, Boramir
Tywin

Minions: Umgore, Mongol, Grimace, Thumper, Wargasm, Nahaz, Dominion, Bulvag

Renegades: Blackeye, Browneye

Deleted chars: Flim, Hamfist, Docstrange, Joey, Arogost",Thumper,comma_name_list,,"Minions: Umgore, Mongol, Grimace, Thumper, Wargasm, Nahaz, Dominion, Bulvag",low,no
whois_berogond_1781577942,,Berogond,Maia,"Berogond, the last Steward of Gondor is
    a Maia.
Last login 10 years, 4 months, and
    9 days ago.

Pukescum: Bromb, Gallahad, Daenarys, Molotov, Gannon, Erny, Theodin, Zaasha
Garron, Burt, Alodhel, Gluteus, Gwydien, Annator, Brewster, Wargon, Boramir
Tywin

Minions: Umgore, Mongol, Grimace, Thumper, Wargasm, Nahaz, Dominion, Bulvag

Renegades: Blackeye, Browneye

Deleted chars: Flim, Hamfist, Docstrange, Joey, Arogost",Wargasm,comma_name_list,,"Minions: Umgore, Mongol, Grimace, Thumper, Wargasm, Nahaz, Dominion, Bulvag",low,no
whois_berogond_1781577942,,Berogond,Maia,"Berogond, the last Steward of Gondor is
    a Maia.
Last login 10 years, 4 months, and
    9 days ago.

Pukescum: Bromb, Gallahad, Daenarys, Molotov, Gannon, Erny, Theodin, Zaasha
Garron, Burt, Alodhel, Gluteus, Gwydien, Annator, Brewster, Wargon, Boramir
Tywin

Minions: Umgore, Mongol, Grimace, Thumper, Wargasm, Nahaz, Dominion, Bulvag

Renegades: Blackeye, Browneye

Deleted chars: Flim, Hamfist, Docstrange, Joey, Arogost",Nahaz,comma_name_list,,"Minions: Umgore, Mongol, Grimace, Thumper, Wargasm, Nahaz, Dominion, Bulvag",low,no
whois_berogond_1781577942,,Berogond,Maia,"Berogond, the last Steward of Gondor is
    a Maia.
Last login 10 years, 4 months, and
    9 days ago.

Pukescum: Bromb, Gallahad, Daenarys, Molotov, Gannon, Erny, Theodin, Zaasha
Garron, Burt, Alodhel, Gluteus, Gwydien, Annator, Brewster, Wargon, Boramir
Tywin

Minions: Umgore, Mongol, Grimace, Thumper, Wargasm, Nahaz, Dominion, Bulvag

Renegades: Blackeye, Browneye

Deleted chars: Flim, Hamfist, Docstrange, Joey, Arogost",Dominion,comma_name_list,,"Minions: Umgore, Mongol, Grimace, Thumper, Wargasm, Nahaz, Dominion, Bulvag",low,no
whois_berogond_1781577942,,Berogond,Maia,"Berogond, the last Steward of Gondor is
    a Maia.
Last login 10 years, 4 months, and
    9 days ago.

Pukescum: Bromb, Gallahad, Daenarys, Molotov, Gannon, Erny, Theodin, Zaasha
Garron, Burt, Alodhel, Gluteus, Gwydien, Annator, Brewster, Wargon, Boramir
Tywin

Minions: Umgore, Mongol, Grimace, Thumper, Wargasm, Nahaz, Dominion, Bulvag

Renegades: Blackeye, Browneye

Deleted chars: Flim, Hamfist, Docstrange, Joey, Arogost",Bulvag,comma_name_list,,"Minions: Umgore, Mongol, Grimace, Thumper, Wargasm, Nahaz, Dominion, Bulvag",low,no
whois_berogond_1781577942,,Berogond,Maia,"…
eward of Gondor is
    a Maia.
Last login 10 years, 4 months, and
    9 days ago.

Pukescum: Bromb, Gallahad, Daenarys, Molotov, Gannon, Erny, Theodin, Zaasha
Garron, Burt, Alodhel, Gluteus, Gwydien, Annator, Brewster, Wargon, Boramir
Tywin

Minions: Umgore, Mongol, Grimace, Thumper, Wargasm, Nahaz, Dominion, Bulvag

Renegades: Blackeye, Browneye

Deleted chars: Flim, Hamfist, Docstrange, Joey, Arogost",Hamfist,comma_name_list,,"Deleted chars: Flim, Hamfist, Docstrange, Joey, Arogost",high,yes
whois_berogond_1781577942,,Berogond,Maia,"…
eward of Gondor is
    a Maia.
Last login 10 years, 4 months, and
    9 days ago.

Pukescum: Bromb, Gallahad, Daenarys, Molotov, Gannon, Erny, Theodin, Zaasha
Garron, Burt, Alodhel, Gluteus, Gwydien, Annator, Brewster, Wargon, Boramir
Tywin

Minions: Umgore, Mongol, Grimace, Thumper, Wargasm, Nahaz, Dominion, Bulvag

Renegades: Blackeye, Browneye

Deleted chars: Flim, Hamfist, Docstrange, Joey, Arogost",Docstrange,comma_name_list,,"Deleted chars: Flim, Hamfist, Docstrange, Joey, Arogost",low,no
whois_berogond_1781577942,,Berogond,Maia,"…
eward of Gondor is
    a Maia.
Last login 10 years, 4 months, and
    9 days ago.

Pukescum: Bromb, Gallahad, Daenarys, Molotov, Gannon, Erny, Theodin, Zaasha
Garron, Burt, Alodhel, Gluteus, Gwydien, Annator, Brewster, Wargon, Boramir
Tywin

Minions: Umgore, Mongol, Grimace, Thumper, Wargasm, Nahaz, Dominion, Bulvag

Renegades: Blackeye, Browneye

Deleted chars: Flim, Hamfist, Docstrange, Joey, Arogost",Joey,comma_name_list,,"Deleted chars: Flim, Hamfist, Docstrange, Joey, Arogost",low,no
whois_berogond_1781577942,,Berogond,Maia,"…
eward of Gondor is
    a Maia.
Last login 10 years, 4 months, and
    9 days ago.

Pukescum: Bromb, Gallahad, Daenarys, Molotov, Gannon, Erny, Theodin, Zaasha
Garron, Burt, Alodhel, Gluteus, Gwydien, Annator, Brewster, Wargon, Boramir
Tywin

Minions: Umgore, Mongol, Grimace, Thumper, Wargasm, Nahaz, Dominion, Bulvag

Renegades: Blackeye, Browneye

Deleted chars: Flim, Hamfist, Docstrange, Joey, Arogost",Arogost,comma_name_list,,"Deleted chars: Flim, Hamfist, Docstrange, Joey, Arogost",low,no
whois_voting_1781577964,,Voting,Maia,"Björn Doesn't Care Who's Running; I'm
    Voting f is a Maia (Builder).

Some former warlords:

Bogger, Romin, Vradul, Lenwë 
Zimrathôn, Gryl, Jauer 

You can't have too much of a good thing. That, my existence denies.

msn & icq: bjorn_carlsson@hotmail.com",Bogger,comma_name_list,,"Bogger, Romin, Vradul, Lenwë",high,yes
whois_voting_1781577964,,Voting,Maia,"Björn Doesn't Care Who's Running; I'm
    Voting f is a Maia (Builder).

Some former warlords:

Bogger, Romin, Vradul, Lenwë 
Zimrathôn, Gryl, Jauer 

You can't have too much of a good thing. That, my existence denies.

msn & icq: bjorn_carlsson@hotmail.com",Romin,comma_name_list,,"Bogger, Romin, Vradul, Lenwë",high,yes
whois_voting_1781577964,,Voting,Maia,"Björn Doesn't Care Who's Running; I'm
    Voting f is a Maia (Builder).

Some former warlords:

Bogger, Romin, Vradul, Lenwë 
Zimrathôn, Gryl, Jauer 

You can't have too much of a good thing. That, my existence denies.

msn & icq: bjorn_carlsson@hotmail.com",Vradul,comma_name_list,,"Bogger, Romin, Vradul, Lenwë",high,yes
whois_voting_1781577964,,Voting,Maia,"Björn Doesn't Care Who's Running; I'm
    Voting f is a Maia (Builder).

Some former warlords:

Bogger, Romin, Vradul, Lenwë 
Zimrathôn, Gryl, Jauer 

You can't have too much of a good thing. That, my existence denies.

msn & icq: bjorn_carlsson@hotmail.com",Lenwë,comma_name_list,,"Bogger, Romin, Vradul, Lenwë",high,yes
whois_voting_1781577964,,Voting,Maia,"Björn Doesn't Care Who's Running; I'm
    Voting f is a Maia (Builder).

Some former warlords:

Bogger, Romin, Vradul, Lenwë 
Zimrathôn, Gryl, Jauer 

You can't have too much of a good thing. That, my existence denies.

msn & icq: bjorn_carlsson@hotmail.com",Zimrathôn,comma_name_list,,"Zimrathôn, Gryl, Jauer",high,yes
whois_voting_1781577964,,Voting,Maia,"Björn Doesn't Care Who's Running; I'm
    Voting f is a Maia (Builder).

Some former warlords:

Bogger, Romin, Vradul, Lenwë 
Zimrathôn, Gryl, Jauer 

You can't have too much of a good thing. That, my existence denies.

msn & icq: bjorn_carlsson@hotmail.com",Gryl,comma_name_list,,"Zimrathôn, Gryl, Jauer",low,no
whois_voting_1781577964,,Voting,Maia,"Björn Doesn't Care Who's Running; I'm
    Voting f is a Maia (Builder).

Some former warlords:

Bogger, Romin, Vradul, Lenwë 
Zimrathôn, Gryl, Jauer 

You can't have too much of a good thing. That, my existence denies.

msn & icq: bjorn_carlsson@hotmail.com",Jauer,comma_name_list,,"Zimrathôn, Gryl, Jauer",high,yes
whois_blimb_1781577980,,Blimb,Maia,"Blimb is a Maia (Builder) [Retired].

Player of :
Whities : Kareem, Meerak, Hrul
Darkies : Igrof, Ozark, Fazu, Phor, Boellebob
Email : Bon121@webhiker.dk
d%5
Email : bonielsen121@webhiker.dk",Igrof,heading_name_list,Darkies,"Darkies : Igrof, Ozark, Fazu, Phor, Boellebob",medium,no
whois_blimb_1781577980,,Blimb,Maia,"Blimb is a Maia (Builder) [Retired].

Player of :
Whities : Kareem, Meerak, Hrul
Darkies : Igrof, Ozark, Fazu, Phor, Boellebob
Email : Bon121@webhiker.dk
d%5
Email : bonielsen121@webhiker.dk",Ozark,heading_name_list,Darkies,"Darkies : Igrof, Ozark, Fazu, Phor, Boellebob",medium,no
whois_blimb_1781577980,,Blimb,Maia,"Blimb is a Maia (Builder) [Retired].

Player of :
Whities : Kareem, Meerak, Hrul
Darkies : Igrof, Ozark, Fazu, Phor, Boellebob
Email : Bon121@webhiker.dk
d%5
Email : bonielsen121@webhiker.dk",Fazu,heading_name_list,Darkies,"Darkies : Igrof, Ozark, Fazu, Phor, Boellebob",medium,no
whois_blimb_1781577980,,Blimb,Maia,"Blimb is a Maia (Builder) [Retired].

Player of :
Whities : Kareem, Meerak, Hrul
Darkies : Igrof, Ozark, Fazu, Phor, Boellebob
Email : Bon121@webhiker.dk
d%5
Email : bonielsen121@webhiker.dk",Phor,heading_name_list,Darkies,"Darkies : Igrof, Ozark, Fazu, Phor, Boellebob",medium,no
whois_blimb_1781577980,,Blimb,Maia,"Blimb is a Maia (Builder) [Retired].

Player of :
Whities : Kareem, Meerak, Hrul
Darkies : Igrof, Ozark, Fazu, Phor, Boellebob
Email : Bon121@webhiker.dk
d%5
Email : bonielsen121@webhiker.dk",Boellebob,heading_name_list,Darkies,"Darkies : Igrof, Ozark, Fazu, Phor, Boellebob",medium,no
whois_blimb_1781577980,,Blimb,Maia,"Blimb is a Maia (Builder) [Retired].

Player of :
Whities : Kareem, Meerak, Hrul
Darkies : Igrof, Ozark, Fazu, Phor, Boellebob
Email : Bon121@webhiker.dk
d%5
Email : bonielsen121@webhiker.dk",Ozark,comma_name_list,,"Darkies : Igrof, Ozark, Fazu, Phor, Boellebob",low,no
whois_blimb_1781577980,,Blimb,Maia,"Blimb is a Maia (Builder) [Retired].

Player of :
Whities : Kareem, Meerak, Hrul
Darkies : Igrof, Ozark, Fazu, Phor, Boellebob
Email : Bon121@webhiker.dk
d%5
Email : bonielsen121@webhiker.dk",Fazu,comma_name_list,,"Darkies : Igrof, Ozark, Fazu, Phor, Boellebob",low,no
whois_blimb_1781577980,,Blimb,Maia,"Blimb is a Maia (Builder) [Retired].

Player of :
Whities : Kareem, Meerak, Hrul
Darkies : Igrof, Ozark, Fazu, Phor, Boellebob
Email : Bon121@webhiker.dk
d%5
Email : bonielsen121@webhiker.dk",Phor,comma_name_list,,"Darkies : Igrof, Ozark, Fazu, Phor, Boellebob",low,no
whois_blimb_1781577980,,Blimb,Maia,"Blimb is a Maia (Builder) [Retired].

Player of :
Whities : Kareem, Meerak, Hrul
Darkies : Igrof, Ozark, Fazu, Phor, Boellebob
Email : Bon121@webhiker.dk
d%5
Email : bonielsen121@webhiker.dk",Boellebob,comma_name_list,,"Darkies : Igrof, Ozark, Fazu, Phor, Boellebob",low,no
whois_bruce_1781578487,,Bruce,Maia,"Bruce Campbell - Captain of The Experiment is a
    Maia [Retired].
Last login 21 years, 3 months, and 14 days ago
    from *.com.

Player of: Flamingo, Richter, Skeletor, Ramses, Dmitri, Anger",Richter,comma_name_list,,"Player of: Flamingo, Richter, Skeletor, Ramses, Dmitri, Anger",low,no
whois_bruce_1781578487,,Bruce,Maia,"Bruce Campbell - Captain of The Experiment is a
    Maia [Retired].
Last login 21 years, 3 months, and 14 days ago
    from *.com.

Player of: Flamingo, Richter, Skeletor, Ramses, Dmitri, Anger",Skeletor,comma_name_list,,"Player of: Flamingo, Richter, Skeletor, Ramses, Dmitri, Anger",low,no
whois_bruce_1781578487,,Bruce,Maia,"Bruce Campbell - Captain of The Experiment is a
    Maia [Retired].
Last login 21 years, 3 months, and 14 days ago
    from *.com.

Player of: Flamingo, Richter, Skeletor, Ramses, Dmitri, Anger",Ramses,comma_name_list,,"Player of: Flamingo, Richter, Skeletor, Ramses, Dmitri, Anger",low,no
whois_bruce_1781578487,,Bruce,Maia,"Bruce Campbell - Captain of The Experiment is a
    Maia [Retired].
Last login 21 years, 3 months, and 14 days ago
    from *.com.

Player of: Flamingo, Richter, Skeletor, Ramses, Dmitri, Anger",Dmitri,comma_name_list,,"Player of: Flamingo, Richter, Skeletor, Ramses, Dmitri, Anger",low,no
whois_bruce_1781578487,,Bruce,Maia,"Bruce Campbell - Captain of The Experiment is a
    Maia [Retired].
Last login 21 years, 3 months, and 14 days ago
    from *.com.

Player of: Flamingo, Richter, Skeletor, Ramses, Dmitri, Anger",Anger,comma_name_list,,"Player of: Flamingo, Richter, Skeletor, Ramses, Dmitri, Anger",low,no
whois_caesar_1781578531,,Caesar,traipsing and frolicking in Rohan is a Maia,"Caesar is traipsing and frolicking in Rohan is a
    Maia (Builder) [Retired].

Whities: Locus, Aquilae, Gideon, Nanûk, Eäridhel, Cooper
Darkies: Battlescar, Bahruhk, Gorgon, Mangudai, Tzar, Ducâht

Current project:
A zone in southern Rohan

Articulation is the key!

rmcconkey@gmail.com   ICQ# 754618",Battlescar,heading_name_list,Darkies,"Darkies: Battlescar, Bahruhk, Gorgon, Mangudai, Tzar, Ducâht",medium,no
whois_caesar_1781578531,,Caesar,traipsing and frolicking in Rohan is a Maia,"Caesar is traipsing and frolicking in Rohan is a
    Maia (Builder) [Retired].

Whities: Locus, Aquilae, Gideon, Nanûk, Eäridhel, Cooper
Darkies: Battlescar, Bahruhk, Gorgon, Mangudai, Tzar, Ducâht

Current project:
A zone in southern Rohan

Articulation is the key!

rmcconkey@gmail.com   ICQ# 754618",Bahruhk,heading_name_list,Darkies,"Darkies: Battlescar, Bahruhk, Gorgon, Mangudai, Tzar, Ducâht",medium,no
whois_caesar_1781578531,,Caesar,traipsing and frolicking in Rohan is a Maia,"Caesar is traipsing and frolicking in Rohan is a
    Maia (Builder) [Retired].

Whities: Locus, Aquilae, Gideon, Nanûk, Eäridhel, Cooper
Darkies: Battlescar, Bahruhk, Gorgon, Mangudai, Tzar, Ducâht

Current project:
A zone in southern Rohan

Articulation is the key!

rmcconkey@gmail.com   ICQ# 754618",Gorgon,heading_name_list,Darkies,"Darkies: Battlescar, Bahruhk, Gorgon, Mangudai, Tzar, Ducâht",medium,no
whois_caesar_1781578531,,Caesar,traipsing and frolicking in Rohan is a Maia,"Caesar is traipsing and frolicking in Rohan is a
    Maia (Builder) [Retired].

Whities: Locus, Aquilae, Gideon, Nanûk, Eäridhel, Cooper
Darkies: Battlescar, Bahruhk, Gorgon, Mangudai, Tzar, Ducâht

Current project:
A zone in southern Rohan

Articulation is the key!

rmcconkey@gmail.com   ICQ# 754618",Mangudai,heading_name_list,Darkies,"Darkies: Battlescar, Bahruhk, Gorgon, Mangudai, Tzar, Ducâht",medium,no
whois_caesar_1781578531,,Caesar,traipsing and frolicking in Rohan is a Maia,"Caesar is traipsing and frolicking in Rohan is a
    Maia (Builder) [Retired].

Whities: Locus, Aquilae, Gideon, Nanûk, Eäridhel, Cooper
Darkies: Battlescar, Bahruhk, Gorgon, Mangudai, Tzar, Ducâht

Current project:
A zone in southern Rohan

Articulation is the key!

rmcconkey@gmail.com   ICQ# 754618",Tzar,heading_name_list,Darkies,"Darkies: Battlescar, Bahruhk, Gorgon, Mangudai, Tzar, Ducâht",medium,no
whois_caesar_1781578531,,Caesar,traipsing and frolicking in Rohan is a Maia,"Caesar is traipsing and frolicking in Rohan is a
    Maia (Builder) [Retired].

Whities: Locus, Aquilae, Gideon, Nanûk, Eäridhel, Cooper
Darkies: Battlescar, Bahruhk, Gorgon, Mangudai, Tzar, Ducâht

Current project:
A zone in southern Rohan

Articulation is the key!

rmcconkey@gmail.com   ICQ# 754618",Ducâht,heading_name_list,Darkies,"Darkies: Battlescar, Bahruhk, Gorgon, Mangudai, Tzar, Ducâht",medium,no
whois_caesar_1781578531,,Caesar,traipsing and frolicking in Rohan is a Maia,"Caesar is traipsing and frolicking in Rohan is a
    Maia (Builder) [Retired].

Whities: Locus, Aquilae, Gideon, Nanûk, Eäridhel, Cooper
Darkies: Battlescar, Bahruhk, Gorgon, Mangudai, Tzar, Ducâht

Current project:
A zone in southern Rohan

Articulation is the key!

rmcconkey@gmail.com   ICQ# 754618",Aquilae,comma_name_list,,"Whities: Locus, Aquilae, Gideon, Nanûk, Eäridhel, Cooper",low,no
whois_caesar_1781578531,,Caesar,traipsing and frolicking in Rohan is a Maia,"Caesar is traipsing and frolicking in Rohan is a
    Maia (Builder) [Retired].

Whities: Locus, Aquilae, Gideon, Nanûk, Eäridhel, Cooper
Darkies: Battlescar, Bahruhk, Gorgon, Mangudai, Tzar, Ducâht

Current project:
A zone in southern Rohan

Articulation is the key!

rmcconkey@gmail.com   ICQ# 754618",Gideon,comma_name_list,,"Whities: Locus, Aquilae, Gideon, Nanûk, Eäridhel, Cooper",low,no
whois_caesar_1781578531,,Caesar,traipsing and frolicking in Rohan is a Maia,"Caesar is traipsing and frolicking in Rohan is a
    Maia (Builder) [Retired].

Whities: Locus, Aquilae, Gideon, Nanûk, Eäridhel, Cooper
Darkies: Battlescar, Bahruhk, Gorgon, Mangudai, Tzar, Ducâht

Current project:
A zone in southern Rohan

Articulation is the key!

rmcconkey@gmail.com   ICQ# 754618",Nanûk,comma_name_list,,"Whities: Locus, Aquilae, Gideon, Nanûk, Eäridhel, Cooper",low,no
whois_caesar_1781578531,,Caesar,traipsing and frolicking in Rohan is a Maia,"Caesar is traipsing and frolicking in Rohan is a
    Maia (Builder) [Retired].

Whities: Locus, Aquilae, Gideon, Nanûk, Eäridhel, Cooper
Darkies: Battlescar, Bahruhk, Gorgon, Mangudai, Tzar, Ducâht

Current project:
A zone in southern Rohan

Articulation is the key!

rmcconkey@gmail.com   ICQ# 754618",Eäridhel,comma_name_list,,"Whities: Locus, Aquilae, Gideon, Nanûk, Eäridhel, Cooper",low,no
whois_caesar_1781578531,,Caesar,traipsing and frolicking in Rohan is a Maia,"Caesar is traipsing and frolicking in Rohan is a
    Maia (Builder) [Retired].

Whities: Locus, Aquilae, Gideon, Nanûk, Eäridhel, Cooper
Darkies: Battlescar, Bahruhk, Gorgon, Mangudai, Tzar, Ducâht

Current project:
A zone in southern Rohan

Articulation is the key!

rmcconkey@gmail.com   ICQ# 754618",Cooper,comma_name_list,,"Whities: Locus, Aquilae, Gideon, Nanûk, Eäridhel, Cooper",low,no
whois_caesar_1781578531,,Caesar,traipsing and frolicking in Rohan is a Maia,"Caesar is traipsing and frolicking in Rohan is a
    Maia (Builder) [Retired].

Whities: Locus, Aquilae, Gideon, Nanûk, Eäridhel, Cooper
Darkies: Battlescar, Bahruhk, Gorgon, Mangudai, Tzar, Ducâht

Current project:
A zone in southern Rohan

Articulation is the key!

rmcconkey@gmail.com   ICQ# 754618",Bahruhk,comma_name_list,,"Darkies: Battlescar, Bahruhk, Gorgon, Mangudai, Tzar, Ducâht",low,no
whois_caesar_1781578531,,Caesar,traipsing and frolicking in Rohan is a Maia,"Caesar is traipsing and frolicking in Rohan is a
    Maia (Builder) [Retired].

Whities: Locus, Aquilae, Gideon, Nanûk, Eäridhel, Cooper
Darkies: Battlescar, Bahruhk, Gorgon, Mangudai, Tzar, Ducâht

Current project:
A zone in southern Rohan

Articulation is the key!

rmcconkey@gmail.com   ICQ# 754618",Gorgon,comma_name_list,,"Darkies: Battlescar, Bahruhk, Gorgon, Mangudai, Tzar, Ducâht",low,no
whois_caesar_1781578531,,Caesar,traipsing and frolicking in Rohan is a Maia,"Caesar is traipsing and frolicking in Rohan is a
    Maia (Builder) [Retired].

Whities: Locus, Aquilae, Gideon, Nanûk, Eäridhel, Cooper
Darkies: Battlescar, Bahruhk, Gorgon, Mangudai, Tzar, Ducâht

Current project:
A zone in southern Rohan

Articulation is the key!

rmcconkey@gmail.com   ICQ# 754618",Mangudai,comma_name_list,,"Darkies: Battlescar, Bahruhk, Gorgon, Mangudai, Tzar, Ducâht",low,no
whois_caesar_1781578531,,Caesar,traipsing and frolicking in Rohan is a Maia,"Caesar is traipsing and frolicking in Rohan is a
    Maia (Builder) [Retired].

Whities: Locus, Aquilae, Gideon, Nanûk, Eäridhel, Cooper
Darkies: Battlescar, Bahruhk, Gorgon, Mangudai, Tzar, Ducâht

Current project:
A zone in southern Rohan

Articulation is the key!

rmcconkey@gmail.com   ICQ# 754618",Tzar,comma_name_list,,"Darkies: Battlescar, Bahruhk, Gorgon, Mangudai, Tzar, Ducâht",low,no
whois_caesar_1781578531,,Caesar,traipsing and frolicking in Rohan is a Maia,"Caesar is traipsing and frolicking in Rohan is a
    Maia (Builder) [Retired].

Whities: Locus, Aquilae, Gideon, Nanûk, Eäridhel, Cooper
Darkies: Battlescar, Bahruhk, Gorgon, Mangudai, Tzar, Ducâht

Current project:
A zone in southern Rohan

Articulation is the key!

rmcconkey@gmail.com   ICQ# 754618",Ducâht,comma_name_list,,"Darkies: Battlescar, Bahruhk, Gorgon, Mangudai, Tzar, Ducâht",low,no
whois_cedrim_1781578597,,Cedrim,Maia,"Cedrim is a Maia.
Last login 20 years, 1 month, and 1 day ago from
    *.ee.
Alador, Elenir, Falowen, Gielgud, Isyrion, Kheram, Lamry",Alador,comma_name_list,,"Alador, Elenir, Falowen, Gielgud, Isyrion, Kheram, Lamry",low,no
whois_cedrim_1781578597,,Cedrim,Maia,"Cedrim is a Maia.
Last login 20 years, 1 month, and 1 day ago from
    *.ee.
Alador, Elenir, Falowen, Gielgud, Isyrion, Kheram, Lamry",Elenir,comma_name_list,,"Alador, Elenir, Falowen, Gielgud, Isyrion, Kheram, Lamry",low,no
whois_cedrim_1781578597,,Cedrim,Maia,"Cedrim is a Maia.
Last login 20 years, 1 month, and 1 day ago from
    *.ee.
Alador, Elenir, Falowen, Gielgud, Isyrion, Kheram, Lamry",Falowen,comma_name_list,,"Alador, Elenir, Falowen, Gielgud, Isyrion, Kheram, Lamry",low,no
whois_cedrim_1781578597,,Cedrim,Maia,"Cedrim is a Maia.
Last login 20 years, 1 month, and 1 day ago from
    *.ee.
Alador, Elenir, Falowen, Gielgud, Isyrion, Kheram, Lamry",Gielgud,comma_name_list,,"Alador, Elenir, Falowen, Gielgud, Isyrion, Kheram, Lamry",low,no
whois_cedrim_1781578597,,Cedrim,Maia,"Cedrim is a Maia.
Last login 20 years, 1 month, and 1 day ago from
    *.ee.
Alador, Elenir, Falowen, Gielgud, Isyrion, Kheram, Lamry",Isyrion,comma_name_list,,"Alador, Elenir, Falowen, Gielgud, Isyrion, Kheram, Lamry",low,no
whois_cedrim_1781578597,,Cedrim,Maia,"Cedrim is a Maia.
Last login 20 years, 1 month, and 1 day ago from
    *.ee.
Alador, Elenir, Falowen, Gielgud, Isyrion, Kheram, Lamry",Kheram,comma_name_list,,"Alador, Elenir, Falowen, Gielgud, Isyrion, Kheram, Lamry",low,no
whois_cedrim_1781578597,,Cedrim,Maia,"Cedrim is a Maia.
Last login 20 years, 1 month, and 1 day ago from
    *.ee.
Alador, Elenir, Falowen, Gielgud, Isyrion, Kheram, Lamry",Lamry,comma_name_list,,"Alador, Elenir, Falowen, Gielgud, Isyrion, Kheram, Lamry",low,no
whois_chay_1781578635,,Chay,Maia,"Chay was created September 3, 1997 is a Maia
    (Wright) [Retired].
Email: bmalek@bellsouth.net

Characters: Dread, Elwen, Maliki, Pol, Qaep, Ragruk, Sioned, Inigo",Elwen,comma_name_list,,"Characters: Dread, Elwen, Maliki, Pol, Qaep, Ragruk, Sioned, Inigo",low,no
whois_chay_1781578635,,Chay,Maia,"Chay was created September 3, 1997 is a Maia
    (Wright) [Retired].
Email: bmalek@bellsouth.net

Characters: Dread, Elwen, Maliki, Pol, Qaep, Ragruk, Sioned, Inigo",Maliki,comma_name_list,,"Characters: Dread, Elwen, Maliki, Pol, Qaep, Ragruk, Sioned, Inigo",low,no
whois_chay_1781578635,,Chay,Maia,"Chay was created September 3, 1997 is a Maia
    (Wright) [Retired].
Email: bmalek@bellsouth.net

Characters: Dread, Elwen, Maliki, Pol, Qaep, Ragruk, Sioned, Inigo",Pol,comma_name_list,,"Characters: Dread, Elwen, Maliki, Pol, Qaep, Ragruk, Sioned, Inigo",low,no
whois_chay_1781578635,,Chay,Maia,"Chay was created September 3, 1997 is a Maia
    (Wright) [Retired].
Email: bmalek@bellsouth.net

Characters: Dread, Elwen, Maliki, Pol, Qaep, Ragruk, Sioned, Inigo",Qaep,comma_name_list,,"Characters: Dread, Elwen, Maliki, Pol, Qaep, Ragruk, Sioned, Inigo",low,no
whois_chay_1781578635,,Chay,Maia,"Chay was created September 3, 1997 is a Maia
    (Wright) [Retired].
Email: bmalek@bellsouth.net

Characters: Dread, Elwen, Maliki, Pol, Qaep, Ragruk, Sioned, Inigo",Ragruk,comma_name_list,,"Characters: Dread, Elwen, Maliki, Pol, Qaep, Ragruk, Sioned, Inigo",low,no
whois_chay_1781578635,,Chay,Maia,"Chay was created September 3, 1997 is a Maia
    (Wright) [Retired].
Email: bmalek@bellsouth.net

Characters: Dread, Elwen, Maliki, Pol, Qaep, Ragruk, Sioned, Inigo",Sioned,comma_name_list,,"Characters: Dread, Elwen, Maliki, Pol, Qaep, Ragruk, Sioned, Inigo",low,no
whois_chay_1781578635,,Chay,Maia,"Chay was created September 3, 1997 is a Maia
    (Wright) [Retired].
Email: bmalek@bellsouth.net

Characters: Dread, Elwen, Maliki, Pol, Qaep, Ragruk, Sioned, Inigo",Inigo,comma_name_list,,"Characters: Dread, Elwen, Maliki, Pol, Qaep, Ragruk, Sioned, Inigo",low,no
whois_chrizt_1781578652,,Chrizt,with you is a Maia,"Chrizt is with you is a Maia.
Last login 3 years, 9 months, and 25 days ago.

The good: Avalindë, Bombi, Brunbjörn, Häxa, Kaja

The bad:  Ful, Korp, Kråka, Mårran, Oppfinnar, Stendöd

The ugly: Järv, Mård",Bombi,comma_name_list,,"The good: Avalindë, Bombi, Brunbjörn, Häxa, Kaja",low,no
whois_chrizt_1781578652,,Chrizt,with you is a Maia,"Chrizt is with you is a Maia.
Last login 3 years, 9 months, and 25 days ago.

The good: Avalindë, Bombi, Brunbjörn, Häxa, Kaja

The bad:  Ful, Korp, Kråka, Mårran, Oppfinnar, Stendöd

The ugly: Järv, Mård",Brunbjörn,comma_name_list,,"The good: Avalindë, Bombi, Brunbjörn, Häxa, Kaja",low,no
whois_chrizt_1781578652,,Chrizt,with you is a Maia,"Chrizt is with you is a Maia.
Last login 3 years, 9 months, and 25 days ago.

The good: Avalindë, Bombi, Brunbjörn, Häxa, Kaja

The bad:  Ful, Korp, Kråka, Mårran, Oppfinnar, Stendöd

The ugly: Järv, Mård",Häxa,comma_name_list,,"The good: Avalindë, Bombi, Brunbjörn, Häxa, Kaja",low,no
whois_chrizt_1781578652,,Chrizt,with you is a Maia,"Chrizt is with you is a Maia.
Last login 3 years, 9 months, and 25 days ago.

The good: Avalindë, Bombi, Brunbjörn, Häxa, Kaja

The bad:  Ful, Korp, Kråka, Mårran, Oppfinnar, Stendöd

The ugly: Järv, Mård",Kaja,comma_name_list,,"The good: Avalindë, Bombi, Brunbjörn, Häxa, Kaja",low,no
whois_chrizt_1781578652,,Chrizt,with you is a Maia,"Chrizt is with you is a Maia.
Last login 3 years, 9 months, and 25 days ago.

The good: Avalindë, Bombi, Brunbjörn, Häxa, Kaja

The bad:  Ful, Korp, Kråka, Mårran, Oppfinnar, Stendöd

The ugly: Järv, Mård",Korp,comma_name_list,,"The bad:  Ful, Korp, Kråka, Mårran, Oppfinnar, Stendöd",low,no
whois_chrizt_1781578652,,Chrizt,with you is a Maia,"Chrizt is with you is a Maia.
Last login 3 years, 9 months, and 25 days ago.

The good: Avalindë, Bombi, Brunbjörn, Häxa, Kaja

The bad:  Ful, Korp, Kråka, Mårran, Oppfinnar, Stendöd

The ugly: Järv, Mård",Kråka,comma_name_list,,"The bad:  Ful, Korp, Kråka, Mårran, Oppfinnar, Stendöd",low,no
whois_chrizt_1781578652,,Chrizt,with you is a Maia,"Chrizt is with you is a Maia.
Last login 3 years, 9 months, and 25 days ago.

The good: Avalindë, Bombi, Brunbjörn, Häxa, Kaja

The bad:  Ful, Korp, Kråka, Mårran, Oppfinnar, Stendöd

The ugly: Järv, Mård",Mårran,comma_name_list,,"The bad:  Ful, Korp, Kråka, Mårran, Oppfinnar, Stendöd",low,no
whois_chrizt_1781578652,,Chrizt,with you is a Maia,"Chrizt is with you is a Maia.
Last login 3 years, 9 months, and 25 days ago.

The good: Avalindë, Bombi, Brunbjörn, Häxa, Kaja

The bad:  Ful, Korp, Kråka, Mårran, Oppfinnar, Stendöd

The ugly: Järv, Mård",Oppfinnar,comma_name_list,,"The bad:  Ful, Korp, Kråka, Mårran, Oppfinnar, Stendöd",low,no
whois_chrizt_1781578652,,Chrizt,with you is a Maia,"Chrizt is with you is a Maia.
Last login 3 years, 9 months, and 25 days ago.

The good: Avalindë, Bombi, Brunbjörn, Häxa, Kaja

The bad:  Ful, Korp, Kråka, Mårran, Oppfinnar, Stendöd

The ugly: Järv, Mård",Stendöd,comma_name_list,,"The bad:  Ful, Korp, Kråka, Mårran, Oppfinnar, Stendöd",low,no
whois_citygaurd_1781578679,,Citygaurd,Maia,"Citygaurd Mnemonic is a Maia [Retired].
Last login 24 years, 3 months, and 11 days ago.
Fog tells you 'College Republicans is the best place to meet women.'
Fog tells you 'It's easier to take a conservative and make her like'
Fog tells you 'Sailor Moon than to make a Sailor Moon fan into a'
Fog tells you 'conservative.'",Fog,quoted_speaker,,Fog tells you 'College Republicans is the best place to meet women.',high,yes
whois_citygaurd_1781578679,,Citygaurd,Maia,"Citygaurd Mnemonic is a Maia [Retired].
Last login 24 years, 3 months, and 11 days ago.
Fog tells you 'College Republicans is the best place to meet women.'
Fog tells you 'It's easier to take a conservative and make her like'
Fog tells you 'Sailor Moon than to make a Sailor Moon fan into a'
Fog tells you 'conservative.'",Fog,quoted_speaker,,Fog tells you 'It's easier to take a conservative and make her like',high,yes
whois_citygaurd_1781578679,,Citygaurd,Maia,"Citygaurd Mnemonic is a Maia [Retired].
Last login 24 years, 3 months, and 11 days ago.
Fog tells you 'College Republicans is the best place to meet women.'
Fog tells you 'It's easier to take a conservative and make her like'
Fog tells you 'Sailor Moon than to make a Sailor Moon fan into a'
Fog tells you 'conservative.'",Fog,quoted_speaker,,Fog tells you 'Sailor Moon than to make a Sailor Moon fan into a',high,yes
whois_citygaurd_1781578679,,Citygaurd,Maia,"Citygaurd Mnemonic is a Maia [Retired].
Last login 24 years, 3 months, and 11 days ago.
Fog tells you 'College Republicans is the best place to meet women.'
Fog tells you 'It's easier to take a conservative and make her like'
Fog tells you 'Sailor Moon than to make a Sailor Moon fan into a'
Fog tells you 'conservative.'",Fog,quoted_speaker,,Fog tells you 'conservative.',high,yes
whois_cormac_1781578707,char_cormac,Cormac,Maia,"Cormac is a Maia.
Last login 8 months and 6 days ago from
    [numerical address].

Player of:
Pukes:   Fragir, Berin, Algaron, Pivrnec, Rodan, Zirand
Darkies: Zlababa, Brazoragh, Zloun, Dacan, Dumdum",Fragir,heading_name_list,Pukes,"Pukes:   Fragir, Berin, Algaron, Pivrnec, Rodan, Zirand",high,yes
whois_cormac_1781578707,char_cormac,Cormac,Maia,"Cormac is a Maia.
Last login 8 months and 6 days ago from
    [numerical address].

Player of:
Pukes:   Fragir, Berin, Algaron, Pivrnec, Rodan, Zirand
Darkies: Zlababa, Brazoragh, Zloun, Dacan, Dumdum",Berin,heading_name_list,Pukes,"Pukes:   Fragir, Berin, Algaron, Pivrnec, Rodan, Zirand",high,yes
whois_cormac_1781578707,char_cormac,Cormac,Maia,"Cormac is a Maia.
Last login 8 months and 6 days ago from
    [numerical address].

Player of:
Pukes:   Fragir, Berin, Algaron, Pivrnec, Rodan, Zirand
Darkies: Zlababa, Brazoragh, Zloun, Dacan, Dumdum",Algaron,heading_name_list,Pukes,"Pukes:   Fragir, Berin, Algaron, Pivrnec, Rodan, Zirand",high,yes
whois_cormac_1781578707,char_cormac,Cormac,Maia,"Cormac is a Maia.
Last login 8 months and 6 days ago from
    [numerical address].

Player of:
Pukes:   Fragir, Berin, Algaron, Pivrnec, Rodan, Zirand
Darkies: Zlababa, Brazoragh, Zloun, Dacan, Dumdum",Pivrnec,heading_name_list,Pukes,"Pukes:   Fragir, Berin, Algaron, Pivrnec, Rodan, Zirand",medium,no
whois_cormac_1781578707,char_cormac,Cormac,Maia,"Cormac is a Maia.
Last login 8 months and 6 days ago from
    [numerical address].

Player of:
Pukes:   Fragir, Berin, Algaron, Pivrnec, Rodan, Zirand
Darkies: Zlababa, Brazoragh, Zloun, Dacan, Dumdum",Rodan,heading_name_list,Pukes,"Pukes:   Fragir, Berin, Algaron, Pivrnec, Rodan, Zirand",high,yes
whois_cormac_1781578707,char_cormac,Cormac,Maia,"Cormac is a Maia.
Last login 8 months and 6 days ago from
    [numerical address].

Player of:
Pukes:   Fragir, Berin, Algaron, Pivrnec, Rodan, Zirand
Darkies: Zlababa, Brazoragh, Zloun, Dacan, Dumdum",Zirand,heading_name_list,Pukes,"Pukes:   Fragir, Berin, Algaron, Pivrnec, Rodan, Zirand",high,yes
whois_cormac_1781578707,char_cormac,Cormac,Maia,"Cormac is a Maia.
Last login 8 months and 6 days ago from
    [numerical address].

Player of:
Pukes:   Fragir, Berin, Algaron, Pivrnec, Rodan, Zirand
Darkies: Zlababa, Brazoragh, Zloun, Dacan, Dumdum",Zlababa,heading_name_list,Darkies,"Darkies: Zlababa, Brazoragh, Zloun, Dacan, Dumdum",high,yes
whois_cormac_1781578707,char_cormac,Cormac,Maia,"Cormac is a Maia.
Last login 8 months and 6 days ago from
    [numerical address].

Player of:
Pukes:   Fragir, Berin, Algaron, Pivrnec, Rodan, Zirand
Darkies: Zlababa, Brazoragh, Zloun, Dacan, Dumdum",Brazoragh,heading_name_list,Darkies,"Darkies: Zlababa, Brazoragh, Zloun, Dacan, Dumdum",medium,no
whois_cormac_1781578707,char_cormac,Cormac,Maia,"Cormac is a Maia.
Last login 8 months and 6 days ago from
    [numerical address].

Player of:
Pukes:   Fragir, Berin, Algaron, Pivrnec, Rodan, Zirand
Darkies: Zlababa, Brazoragh, Zloun, Dacan, Dumdum",Zloun,heading_name_list,Darkies,"Darkies: Zlababa, Brazoragh, Zloun, Dacan, Dumdum",medium,no
whois_cormac_1781578707,char_cormac,Cormac,Maia,"Cormac is a Maia.
Last login 8 months and 6 days ago from
    [numerical address].

Player of:
Pukes:   Fragir, Berin, Algaron, Pivrnec, Rodan, Zirand
Darkies: Zlababa, Brazoragh, Zloun, Dacan, Dumdum",Dacan,heading_name_list,Darkies,"Darkies: Zlababa, Brazoragh, Zloun, Dacan, Dumdum",medium,no
whois_cormac_1781578707,char_cormac,Cormac,Maia,"Cormac is a Maia.
Last login 8 months and 6 days ago from
    [numerical address].

Player of:
Pukes:   Fragir, Berin, Algaron, Pivrnec, Rodan, Zirand
Darkies: Zlababa, Brazoragh, Zloun, Dacan, Dumdum",Dumdum,heading_name_list,Darkies,"Darkies: Zlababa, Brazoragh, Zloun, Dacan, Dumdum",medium,no
whois_cormac_1781578707,char_cormac,Cormac,Maia,"Cormac is a Maia.
Last login 8 months and 6 days ago from
    [numerical address].

Player of:
Pukes:   Fragir, Berin, Algaron, Pivrnec, Rodan, Zirand
Darkies: Zlababa, Brazoragh, Zloun, Dacan, Dumdum",Berin,comma_name_list,,"Pukes:   Fragir, Berin, Algaron, Pivrnec, Rodan, Zirand",high,yes
whois_cormac_1781578707,char_cormac,Cormac,Maia,"Cormac is a Maia.
Last login 8 months and 6 days ago from
    [numerical address].

Player of:
Pukes:   Fragir, Berin, Algaron, Pivrnec, Rodan, Zirand
Darkies: Zlababa, Brazoragh, Zloun, Dacan, Dumdum",Algaron,comma_name_list,,"Pukes:   Fragir, Berin, Algaron, Pivrnec, Rodan, Zirand",high,yes
whois_cormac_1781578707,char_cormac,Cormac,Maia,"Cormac is a Maia.
Last login 8 months and 6 days ago from
    [numerical address].

Player of:
Pukes:   Fragir, Berin, Algaron, Pivrnec, Rodan, Zirand
Darkies: Zlababa, Brazoragh, Zloun, Dacan, Dumdum",Pivrnec,comma_name_list,,"Pukes:   Fragir, Berin, Algaron, Pivrnec, Rodan, Zirand",low,no
whois_cormac_1781578707,char_cormac,Cormac,Maia,"Cormac is a Maia.
Last login 8 months and 6 days ago from
    [numerical address].

Player of:
Pukes:   Fragir, Berin, Algaron, Pivrnec, Rodan, Zirand
Darkies: Zlababa, Brazoragh, Zloun, Dacan, Dumdum",Rodan,comma_name_list,,"Pukes:   Fragir, Berin, Algaron, Pivrnec, Rodan, Zirand",high,yes
whois_cormac_1781578707,char_cormac,Cormac,Maia,"Cormac is a Maia.
Last login 8 months and 6 days ago from
    [numerical address].

Player of:
Pukes:   Fragir, Berin, Algaron, Pivrnec, Rodan, Zirand
Darkies: Zlababa, Brazoragh, Zloun, Dacan, Dumdum",Zirand,comma_name_list,,"Pukes:   Fragir, Berin, Algaron, Pivrnec, Rodan, Zirand",high,yes
whois_cormac_1781578707,char_cormac,Cormac,Maia,"Cormac is a Maia.
Last login 8 months and 6 days ago from
    [numerical address].

Player of:
Pukes:   Fragir, Berin, Algaron, Pivrnec, Rodan, Zirand
Darkies: Zlababa, Brazoragh, Zloun, Dacan, Dumdum",Brazoragh,comma_name_list,,"Darkies: Zlababa, Brazoragh, Zloun, Dacan, Dumdum",low,no
whois_cormac_1781578707,char_cormac,Cormac,Maia,"Cormac is a Maia.
Last login 8 months and 6 days ago from
    [numerical address].

Player of:
Pukes:   Fragir, Berin, Algaron, Pivrnec, Rodan, Zirand
Darkies: Zlababa, Brazoragh, Zloun, Dacan, Dumdum",Zloun,comma_name_list,,"Darkies: Zlababa, Brazoragh, Zloun, Dacan, Dumdum",low,no
whois_cormac_1781578707,char_cormac,Cormac,Maia,"Cormac is a Maia.
Last login 8 months and 6 days ago from
    [numerical address].

Player of:
Pukes:   Fragir, Berin, Algaron, Pivrnec, Rodan, Zirand
Darkies: Zlababa, Brazoragh, Zloun, Dacan, Dumdum",Dacan,comma_name_list,,"Darkies: Zlababa, Brazoragh, Zloun, Dacan, Dumdum",low,no
whois_cormac_1781578707,char_cormac,Cormac,Maia,"Cormac is a Maia.
Last login 8 months and 6 days ago from
    [numerical address].

Player of:
Pukes:   Fragir, Berin, Algaron, Pivrnec, Rodan, Zirand
Darkies: Zlababa, Brazoragh, Zloun, Dacan, Dumdum",Dumdum,comma_name_list,,"Darkies: Zlababa, Brazoragh, Zloun, Dacan, Dumdum",low,no
whois_coydt_1781578724,,Coydt,Maia,"Coydt Silvertree is a Maia [Retired].
Last login 14 years, 11 months, and
    27 days ago from *.com.
Coydt shouts from the sky:
The time for action is past!  Now is the time for senseless bickering!",Coydt,quoted_speaker,,Coydt shouts from the sky:,high,yes
whois_dardhel_1781578806,,Dardhel,Maia,"Dardhel - Foreman of The Experiment is
    a Maia (Cartographer) [Retired].
Last login 5 years, 4 months, and
    8 days ago from *.net.
Player of:
   Austin, Beofled, Cameron, Dagg, Elroy, Garulf, Juggernaught, Naive,
   Remy, Ryndil, Sudoc, Vito, Wyrzarr.",Austin,comma_name_list,,"Austin, Beofled, Cameron, Dagg, Elroy, Garulf, Juggernaught, Naive,",low,no
whois_dardhel_1781578806,,Dardhel,Maia,"Dardhel - Foreman of The Experiment is
    a Maia (Cartographer) [Retired].
Last login 5 years, 4 months, and
    8 days ago from *.net.
Player of:
   Austin, Beofled, Cameron, Dagg, Elroy, Garulf, Juggernaught, Naive,
   Remy, Ryndil, Sudoc, Vito, Wyrzarr.",Beofled,comma_name_list,,"Austin, Beofled, Cameron, Dagg, Elroy, Garulf, Juggernaught, Naive,",low,no
whois_dardhel_1781578806,,Dardhel,Maia,"Dardhel - Foreman of The Experiment is
    a Maia (Cartographer) [Retired].
Last login 5 years, 4 months, and
    8 days ago from *.net.
Player of:
   Austin, Beofled, Cameron, Dagg, Elroy, Garulf, Juggernaught, Naive,
   Remy, Ryndil, Sudoc, Vito, Wyrzarr.",Cameron,comma_name_list,,"Austin, Beofled, Cameron, Dagg, Elroy, Garulf, Juggernaught, Naive,",low,no
whois_dardhel_1781578806,,Dardhel,Maia,"Dardhel - Foreman of The Experiment is
    a Maia (Cartographer) [Retired].
Last login 5 years, 4 months, and
    8 days ago from *.net.
Player of:
   Austin, Beofled, Cameron, Dagg, Elroy, Garulf, Juggernaught, Naive,
   Remy, Ryndil, Sudoc, Vito, Wyrzarr.",Dagg,comma_name_list,,"Austin, Beofled, Cameron, Dagg, Elroy, Garulf, Juggernaught, Naive,",low,no
whois_dardhel_1781578806,,Dardhel,Maia,"Dardhel - Foreman of The Experiment is
    a Maia (Cartographer) [Retired].
Last login 5 years, 4 months, and
    8 days ago from *.net.
Player of:
   Austin, Beofled, Cameron, Dagg, Elroy, Garulf, Juggernaught, Naive,
   Remy, Ryndil, Sudoc, Vito, Wyrzarr.",Elroy,comma_name_list,,"Austin, Beofled, Cameron, Dagg, Elroy, Garulf, Juggernaught, Naive,",low,no
whois_dardhel_1781578806,,Dardhel,Maia,"Dardhel - Foreman of The Experiment is
    a Maia (Cartographer) [Retired].
Last login 5 years, 4 months, and
    8 days ago from *.net.
Player of:
   Austin, Beofled, Cameron, Dagg, Elroy, Garulf, Juggernaught, Naive,
   Remy, Ryndil, Sudoc, Vito, Wyrzarr.",Garulf,comma_name_list,,"Austin, Beofled, Cameron, Dagg, Elroy, Garulf, Juggernaught, Naive,",low,no
whois_dardhel_1781578806,,Dardhel,Maia,"Dardhel - Foreman of The Experiment is
    a Maia (Cartographer) [Retired].
Last login 5 years, 4 months, and
    8 days ago from *.net.
Player of:
   Austin, Beofled, Cameron, Dagg, Elroy, Garulf, Juggernaught, Naive,
   Remy, Ryndil, Sudoc, Vito, Wyrzarr.",Juggernaught,comma_name_list,,"Austin, Beofled, Cameron, Dagg, Elroy, Garulf, Juggernaught, Naive,",low,no
whois_dardhel_1781578806,,Dardhel,Maia,"Dardhel - Foreman of The Experiment is
    a Maia (Cartographer) [Retired].
Last login 5 years, 4 months, and
    8 days ago from *.net.
Player of:
   Austin, Beofled, Cameron, Dagg, Elroy, Garulf, Juggernaught, Naive,
   Remy, Ryndil, Sudoc, Vito, Wyrzarr.",Naive,comma_name_list,,"Austin, Beofled, Cameron, Dagg, Elroy, Garulf, Juggernaught, Naive,",low,no
whois_dardhel_1781578806,,Dardhel,Maia,"Dardhel - Foreman of The Experiment is
    a Maia (Cartographer) [Retired].
Last login 5 years, 4 months, and
    8 days ago from *.net.
Player of:
   Austin, Beofled, Cameron, Dagg, Elroy, Garulf, Juggernaught, Naive,
   Remy, Ryndil, Sudoc, Vito, Wyrzarr.",Remy,comma_name_list,,"Remy, Ryndil, Sudoc, Vito, Wyrzarr.",low,no
whois_dardhel_1781578806,,Dardhel,Maia,"Dardhel - Foreman of The Experiment is
    a Maia (Cartographer) [Retired].
Last login 5 years, 4 months, and
    8 days ago from *.net.
Player of:
   Austin, Beofled, Cameron, Dagg, Elroy, Garulf, Juggernaught, Naive,
   Remy, Ryndil, Sudoc, Vito, Wyrzarr.",Ryndil,comma_name_list,,"Remy, Ryndil, Sudoc, Vito, Wyrzarr.",low,no
whois_dardhel_1781578806,,Dardhel,Maia,"Dardhel - Foreman of The Experiment is
    a Maia (Cartographer) [Retired].
Last login 5 years, 4 months, and
    8 days ago from *.net.
Player of:
   Austin, Beofled, Cameron, Dagg, Elroy, Garulf, Juggernaught, Naive,
   Remy, Ryndil, Sudoc, Vito, Wyrzarr.",Sudoc,comma_name_list,,"Remy, Ryndil, Sudoc, Vito, Wyrzarr.",low,no
whois_dardhel_1781578806,,Dardhel,Maia,"Dardhel - Foreman of The Experiment is
    a Maia (Cartographer) [Retired].
Last login 5 years, 4 months, and
    8 days ago from *.net.
Player of:
   Austin, Beofled, Cameron, Dagg, Elroy, Garulf, Juggernaught, Naive,
   Remy, Ryndil, Sudoc, Vito, Wyrzarr.",Vito,comma_name_list,,"Remy, Ryndil, Sudoc, Vito, Wyrzarr.",low,no
whois_dardhel_1781578806,,Dardhel,Maia,"Dardhel - Foreman of The Experiment is
    a Maia (Cartographer) [Retired].
Last login 5 years, 4 months, and
    8 days ago from *.net.
Player of:
   Austin, Beofled, Cameron, Dagg, Elroy, Garulf, Juggernaught, Naive,
   Remy, Ryndil, Sudoc, Vito, Wyrzarr.",Wyrzarr,comma_name_list,,"Remy, Ryndil, Sudoc, Vito, Wyrzarr.",low,no
whois_darquin_1781578823,,Darquin,Maia,"Darquin forgot how to play is a Maia
    [Retired].
Last login 2 years, 8 months, and
    4 days ago from *.com.

Pukes: Rudger Brak Nahar Var

Minions: Korgul Solus Lugrok Torek Asmodeus Grizly",Rudger,heading_name_list,Pukes,Pukes: Rudger Brak Nahar Var,medium,no
whois_darquin_1781578823,,Darquin,Maia,"Darquin forgot how to play is a Maia
    [Retired].
Last login 2 years, 8 months, and
    4 days ago from *.com.

Pukes: Rudger Brak Nahar Var

Minions: Korgul Solus Lugrok Torek Asmodeus Grizly",Brak,heading_name_list,Pukes,Pukes: Rudger Brak Nahar Var,medium,no
whois_darquin_1781578823,,Darquin,Maia,"Darquin forgot how to play is a Maia
    [Retired].
Last login 2 years, 8 months, and
    4 days ago from *.com.

Pukes: Rudger Brak Nahar Var

Minions: Korgul Solus Lugrok Torek Asmodeus Grizly",Nahar,heading_name_list,Pukes,Pukes: Rudger Brak Nahar Var,medium,no
whois_darquin_1781578823,,Darquin,Maia,"Darquin forgot how to play is a Maia
    [Retired].
Last login 2 years, 8 months, and
    4 days ago from *.com.

Pukes: Rudger Brak Nahar Var

Minions: Korgul Solus Lugrok Torek Asmodeus Grizly",Var,heading_name_list,Pukes,Pukes: Rudger Brak Nahar Var,medium,no
whois_daryl_1781578840,,Daryl,Maia,"Daryl of Amon Urnár is a Maia.
Last login 21 years, 2 months, and
    25 days ago from *.nl.

After many years of hunting the evils of Arda, this little hobbit
decided to ascend to immortality. Now she protects her apprenticesses
who try to free Arda of its evils. Some of her followers are:
Cryolite, Amidala, Zohra, Umagon, Oxanna, Phaedra and Joyce
Other followers of her are fighting on the darkie side and are called:
Cindy and Rowana",Cryolite,comma_name_list,,"Cryolite, Amidala, Zohra, Umagon, Oxanna, Phaedra and Joyce",low,no
whois_daryl_1781578840,,Daryl,Maia,"Daryl of Amon Urnár is a Maia.
Last login 21 years, 2 months, and
    25 days ago from *.nl.

After many years of hunting the evils of Arda, this little hobbit
decided to ascend to immortality. Now she protects her apprenticesses
who try to free Arda of its evils. Some of her followers are:
Cryolite, Amidala, Zohra, Umagon, Oxanna, Phaedra and Joyce
Other followers of her are fighting on the darkie side and are called:
Cindy and Rowana",Amidala,comma_name_list,,"Cryolite, Amidala, Zohra, Umagon, Oxanna, Phaedra and Joyce",low,no
whois_daryl_1781578840,,Daryl,Maia,"Daryl of Amon Urnár is a Maia.
Last login 21 years, 2 months, and
    25 days ago from *.nl.

After many years of hunting the evils of Arda, this little hobbit
decided to ascend to immortality. Now she protects her apprenticesses
who try to free Arda of its evils. Some of her followers are:
Cryolite, Amidala, Zohra, Umagon, Oxanna, Phaedra and Joyce
Other followers of her are fighting on the darkie side and are called:
Cindy and Rowana",Zohra,comma_name_list,,"Cryolite, Amidala, Zohra, Umagon, Oxanna, Phaedra and Joyce",low,no
whois_daryl_1781578840,,Daryl,Maia,"Daryl of Amon Urnár is a Maia.
Last login 21 years, 2 months, and
    25 days ago from *.nl.

After many years of hunting the evils of Arda, this little hobbit
decided to ascend to immortality. Now she protects her apprenticesses
who try to free Arda of its evils. Some of her followers are:
Cryolite, Amidala, Zohra, Umagon, Oxanna, Phaedra and Joyce
Other followers of her are fighting on the darkie side and are called:
Cindy and Rowana",Umagon,comma_name_list,,"Cryolite, Amidala, Zohra, Umagon, Oxanna, Phaedra and Joyce",low,no
whois_daryl_1781578840,,Daryl,Maia,"Daryl of Amon Urnár is a Maia.
Last login 21 years, 2 months, and
    25 days ago from *.nl.

After many years of hunting the evils of Arda, this little hobbit
decided to ascend to immortality. Now she protects her apprenticesses
who try to free Arda of its evils. Some of her followers are:
Cryolite, Amidala, Zohra, Umagon, Oxanna, Phaedra and Joyce
Other followers of her are fighting on the darkie side and are called:
Cindy and Rowana",Oxanna,comma_name_list,,"Cryolite, Amidala, Zohra, Umagon, Oxanna, Phaedra and Joyce",low,no
whois_he_1781578845,,he,Maia,"David thinks David is very bizarre, and
    he is a Maia.
Last login 4 years, 1 month, and
    13 days ago.

Player of:
Zorcs!: Zerabethulh, Mortie.
Torcs!: Draaz, Zimar, Zé, Drimdul.
Troll!: Pete.
WhiteMeat!: Tharam, Deavon, Trassel, Regin, Rollo, Millen.
!>eat david
You can't find a david.",Zimar,comma_name_list,,"Torcs!: Draaz, Zimar, Zé, Drimdul.",high,yes
whois_he_1781578845,,he,Maia,"David thinks David is very bizarre, and
    he is a Maia.
Last login 4 years, 1 month, and
    13 days ago.

Player of:
Zorcs!: Zerabethulh, Mortie.
Torcs!: Draaz, Zimar, Zé, Drimdul.
Troll!: Pete.
WhiteMeat!: Tharam, Deavon, Trassel, Regin, Rollo, Millen.
!>eat david
You can't find a david.",Zé,comma_name_list,,"Torcs!: Draaz, Zimar, Zé, Drimdul.",high,yes
whois_he_1781578845,,he,Maia,"David thinks David is very bizarre, and
    he is a Maia.
Last login 4 years, 1 month, and
    13 days ago.

Player of:
Zorcs!: Zerabethulh, Mortie.
Torcs!: Draaz, Zimar, Zé, Drimdul.
Troll!: Pete.
WhiteMeat!: Tharam, Deavon, Trassel, Regin, Rollo, Millen.
!>eat david
You can't find a david.",Drimdul,comma_name_list,,"Torcs!: Draaz, Zimar, Zé, Drimdul.",high,yes
whois_he_1781578845,,he,Maia,"David thinks David is very bizarre, and
    he is a Maia.
Last login 4 years, 1 month, and
    13 days ago.

Player of:
Zorcs!: Zerabethulh, Mortie.
Torcs!: Draaz, Zimar, Zé, Drimdul.
Troll!: Pete.
WhiteMeat!: Tharam, Deavon, Trassel, Regin, Rollo, Millen.
!>eat david
You can't find a david.",Deavon,comma_name_list,,"WhiteMeat!: Tharam, Deavon, Trassel, Regin, Rollo, Millen.",high,yes
whois_he_1781578845,,he,Maia,"David thinks David is very bizarre, and
    he is a Maia.
Last login 4 years, 1 month, and
    13 days ago.

Player of:
Zorcs!: Zerabethulh, Mortie.
Torcs!: Draaz, Zimar, Zé, Drimdul.
Troll!: Pete.
WhiteMeat!: Tharam, Deavon, Trassel, Regin, Rollo, Millen.
!>eat david
You can't find a david.",Trassel,comma_name_list,,"WhiteMeat!: Tharam, Deavon, Trassel, Regin, Rollo, Millen.",high,yes
whois_he_1781578845,,he,Maia,"David thinks David is very bizarre, and
    he is a Maia.
Last login 4 years, 1 month, and
    13 days ago.

Player of:
Zorcs!: Zerabethulh, Mortie.
Torcs!: Draaz, Zimar, Zé, Drimdul.
Troll!: Pete.
WhiteMeat!: Tharam, Deavon, Trassel, Regin, Rollo, Millen.
!>eat david
You can't find a david.",Regin,comma_name_list,,"WhiteMeat!: Tharam, Deavon, Trassel, Regin, Rollo, Millen.",high,yes
whois_he_1781578845,,he,Maia,"David thinks David is very bizarre, and
    he is a Maia.
Last login 4 years, 1 month, and
    13 days ago.

Player of:
Zorcs!: Zerabethulh, Mortie.
Torcs!: Draaz, Zimar, Zé, Drimdul.
Troll!: Pete.
WhiteMeat!: Tharam, Deavon, Trassel, Regin, Rollo, Millen.
!>eat david
You can't find a david.",Rollo,comma_name_list,,"WhiteMeat!: Tharam, Deavon, Trassel, Regin, Rollo, Millen.",low,no
whois_he_1781578845,,he,Maia,"David thinks David is very bizarre, and
    he is a Maia.
Last login 4 years, 1 month, and
    13 days ago.

Player of:
Zorcs!: Zerabethulh, Mortie.
Torcs!: Draaz, Zimar, Zé, Drimdul.
Troll!: Pete.
WhiteMeat!: Tharam, Deavon, Trassel, Regin, Rollo, Millen.
!>eat david
You can't find a david.",Millen,comma_name_list,,"WhiteMeat!: Tharam, Deavon, Trassel, Regin, Rollo, Millen.",high,yes
whois_dawnborn_1781578851,,Dawnborn,Maia,"Dawnborn, the Maia of Tasteless Objects
    is a Maia (Wright).
Ulaz narrates 'its a saturnalia miracle!'

Cyndane narrates 'stabbing is perfectly suited for trolls'

Dong narrates 'how did the crazed dwarf lug -three- barrels of beer to moria?'

Aurora tells you ""THIS GAME MAKES UP ENOUGH OF MY LIFE THAT IF YOU FUCK IT UP,
I'LL HURT YOU""",Ulaz,quoted_speaker,,Ulaz narrates 'its a saturnalia miracle!',medium,no
whois_dawnborn_1781578851,,Dawnborn,Maia,"Dawnborn, the Maia of Tasteless Objects
    is a Maia (Wright).
Ulaz narrates 'its a saturnalia miracle!'

Cyndane narrates 'stabbing is perfectly suited for trolls'

Dong narrates 'how did the crazed dwarf lug -three- barrels of beer to moria?'

Aurora tells you ""THIS GAME MAKES UP ENOUGH OF MY LIFE THAT IF YOU FUCK IT UP,
I'LL HURT YOU""",Cyndane,quoted_speaker,,Cyndane narrates 'stabbing is perfectly suited for trolls',medium,no
whois_dawnborn_1781578851,,Dawnborn,Maia,"Dawnborn, the Maia of Tasteless Objects
    is a Maia (Wright).
Ulaz narrates 'its a saturnalia miracle!'

Cyndane narrates 'stabbing is perfectly suited for trolls'

Dong narrates 'how did the crazed dwarf lug -three- barrels of beer to moria?'

Aurora tells you ""THIS GAME MAKES UP ENOUGH OF MY LIFE THAT IF YOU FUCK IT UP,
I'LL HURT YOU""",Dong,quoted_speaker,,Dong narrates 'how did the crazed dwarf lug -three- barrels of beer to moria?',medium,no
whois_dawnborn_1781578851,,Dawnborn,Maia,"Dawnborn, the Maia of Tasteless Objects
    is a Maia (Wright).
Ulaz narrates 'its a saturnalia miracle!'

Cyndane narrates 'stabbing is perfectly suited for trolls'

Dong narrates 'how did the crazed dwarf lug -three- barrels of beer to moria?'

Aurora tells you ""THIS GAME MAKES UP ENOUGH OF MY LIFE THAT IF YOU FUCK IT UP,
I'LL HURT YOU""",Aurora,quoted_speaker,,"Aurora tells you ""THIS GAME MAKES UP ENOUGH OF MY LIFE THAT IF YOU FUCK IT UP,",medium,no
whois_degolas_1781578867,,Degolas,Maia,"Degolas back is a Maia (Cartographer)
    [Retired].
Last login 15 years, 10 months, and
    20 days ago from *.net.

White: Jayhawk, Umodetic, Litle, Jacob
Dark: Josten, Voiddweller, Vampiric",Umodetic,comma_name_list,,"White: Jayhawk, Umodetic, Litle, Jacob",low,no
whois_degolas_1781578867,,Degolas,Maia,"Degolas back is a Maia (Cartographer)
    [Retired].
Last login 15 years, 10 months, and
    20 days ago from *.net.

White: Jayhawk, Umodetic, Litle, Jacob
Dark: Josten, Voiddweller, Vampiric",Litle,comma_name_list,,"White: Jayhawk, Umodetic, Litle, Jacob",low,no
whois_degolas_1781578867,,Degolas,Maia,"Degolas back is a Maia (Cartographer)
    [Retired].
Last login 15 years, 10 months, and
    20 days ago from *.net.

White: Jayhawk, Umodetic, Litle, Jacob
Dark: Josten, Voiddweller, Vampiric",Jacob,comma_name_list,,"White: Jayhawk, Umodetic, Litle, Jacob",low,no
whois_dorien_1781578928,,Dorien,Maia,"Dorien the Arch Illusionist is a Maia
    (Wright) [Retired].
Whities: Utgbald,Luterin,Farmin,Elrindil,Dumbur,Alarien,Galador,Throdd,Rilia
Darkies: Rogrog,Ulthug,Stomper,Stripper,Orthrod,Virsh,Paskmust

E-Mail: christian@lindeberg.net
URL: http://www.mume.net

Feel free to mail me suggestions about MUME.NET!",Rogrog,heading_name_list,Darkies,"Darkies: Rogrog,Ulthug,Stomper,Stripper,Orthrod,Virsh,Paskmust",medium,no
whois_dorien_1781578928,,Dorien,Maia,"Dorien the Arch Illusionist is a Maia
    (Wright) [Retired].
Whities: Utgbald,Luterin,Farmin,Elrindil,Dumbur,Alarien,Galador,Throdd,Rilia
Darkies: Rogrog,Ulthug,Stomper,Stripper,Orthrod,Virsh,Paskmust

E-Mail: christian@lindeberg.net
URL: http://www.mume.net

Feel free to mail me suggestions about MUME.NET!",Ulthug,heading_name_list,Darkies,"Darkies: Rogrog,Ulthug,Stomper,Stripper,Orthrod,Virsh,Paskmust",medium,no
whois_dorien_1781578928,,Dorien,Maia,"Dorien the Arch Illusionist is a Maia
    (Wright) [Retired].
Whities: Utgbald,Luterin,Farmin,Elrindil,Dumbur,Alarien,Galador,Throdd,Rilia
Darkies: Rogrog,Ulthug,Stomper,Stripper,Orthrod,Virsh,Paskmust

E-Mail: christian@lindeberg.net
URL: http://www.mume.net

Feel free to mail me suggestions about MUME.NET!",Stomper,heading_name_list,Darkies,"Darkies: Rogrog,Ulthug,Stomper,Stripper,Orthrod,Virsh,Paskmust",medium,no
whois_dorien_1781578928,,Dorien,Maia,"Dorien the Arch Illusionist is a Maia
    (Wright) [Retired].
Whities: Utgbald,Luterin,Farmin,Elrindil,Dumbur,Alarien,Galador,Throdd,Rilia
Darkies: Rogrog,Ulthug,Stomper,Stripper,Orthrod,Virsh,Paskmust

E-Mail: christian@lindeberg.net
URL: http://www.mume.net

Feel free to mail me suggestions about MUME.NET!",Stripper,heading_name_list,Darkies,"Darkies: Rogrog,Ulthug,Stomper,Stripper,Orthrod,Virsh,Paskmust",medium,no
whois_dorien_1781578928,,Dorien,Maia,"Dorien the Arch Illusionist is a Maia
    (Wright) [Retired].
Whities: Utgbald,Luterin,Farmin,Elrindil,Dumbur,Alarien,Galador,Throdd,Rilia
Darkies: Rogrog,Ulthug,Stomper,Stripper,Orthrod,Virsh,Paskmust

E-Mail: christian@lindeberg.net
URL: http://www.mume.net

Feel free to mail me suggestions about MUME.NET!",Orthrod,heading_name_list,Darkies,"Darkies: Rogrog,Ulthug,Stomper,Stripper,Orthrod,Virsh,Paskmust",medium,no
whois_dorien_1781578928,,Dorien,Maia,"Dorien the Arch Illusionist is a Maia
    (Wright) [Retired].
Whities: Utgbald,Luterin,Farmin,Elrindil,Dumbur,Alarien,Galador,Throdd,Rilia
Darkies: Rogrog,Ulthug,Stomper,Stripper,Orthrod,Virsh,Paskmust

E-Mail: christian@lindeberg.net
URL: http://www.mume.net

Feel free to mail me suggestions about MUME.NET!",Virsh,heading_name_list,Darkies,"Darkies: Rogrog,Ulthug,Stomper,Stripper,Orthrod,Virsh,Paskmust",medium,no
whois_dorien_1781578928,,Dorien,Maia,"Dorien the Arch Illusionist is a Maia
    (Wright) [Retired].
Whities: Utgbald,Luterin,Farmin,Elrindil,Dumbur,Alarien,Galador,Throdd,Rilia
Darkies: Rogrog,Ulthug,Stomper,Stripper,Orthrod,Virsh,Paskmust

E-Mail: christian@lindeberg.net
URL: http://www.mume.net

Feel free to mail me suggestions about MUME.NET!",Paskmust,heading_name_list,Darkies,"Darkies: Rogrog,Ulthug,Stomper,Stripper,Orthrod,Virsh,Paskmust",medium,no
whois_dorien_1781578928,,Dorien,Maia,"Dorien the Arch Illusionist is a Maia
    (Wright) [Retired].
Whities: Utgbald,Luterin,Farmin,Elrindil,Dumbur,Alarien,Galador,Throdd,Rilia
Darkies: Rogrog,Ulthug,Stomper,Stripper,Orthrod,Virsh,Paskmust

E-Mail: christian@lindeberg.net
URL: http://www.mume.net

Feel free to mail me suggestions about MUME.NET!",Luterin,comma_name_list,,"Whities: Utgbald,Luterin,Farmin,Elrindil,Dumbur,Alarien,Galador,Throdd,Rilia",low,no
whois_dorien_1781578928,,Dorien,Maia,"Dorien the Arch Illusionist is a Maia
    (Wright) [Retired].
Whities: Utgbald,Luterin,Farmin,Elrindil,Dumbur,Alarien,Galador,Throdd,Rilia
Darkies: Rogrog,Ulthug,Stomper,Stripper,Orthrod,Virsh,Paskmust

E-Mail: christian@lindeberg.net
URL: http://www.mume.net

Feel free to mail me suggestions about MUME.NET!",Farmin,comma_name_list,,"Whities: Utgbald,Luterin,Farmin,Elrindil,Dumbur,Alarien,Galador,Throdd,Rilia",low,no
whois_dorien_1781578928,,Dorien,Maia,"Dorien the Arch Illusionist is a Maia
    (Wright) [Retired].
Whities: Utgbald,Luterin,Farmin,Elrindil,Dumbur,Alarien,Galador,Throdd,Rilia
Darkies: Rogrog,Ulthug,Stomper,Stripper,Orthrod,Virsh,Paskmust

E-Mail: christian@lindeberg.net
URL: http://www.mume.net

Feel free to mail me suggestions about MUME.NET!",Elrindil,comma_name_list,,"Whities: Utgbald,Luterin,Farmin,Elrindil,Dumbur,Alarien,Galador,Throdd,Rilia",low,no
whois_dorien_1781578928,,Dorien,Maia,"Dorien the Arch Illusionist is a Maia
    (Wright) [Retired].
Whities: Utgbald,Luterin,Farmin,Elrindil,Dumbur,Alarien,Galador,Throdd,Rilia
Darkies: Rogrog,Ulthug,Stomper,Stripper,Orthrod,Virsh,Paskmust

E-Mail: christian@lindeberg.net
URL: http://www.mume.net

Feel free to mail me suggestions about MUME.NET!",Dumbur,comma_name_list,,"Whities: Utgbald,Luterin,Farmin,Elrindil,Dumbur,Alarien,Galador,Throdd,Rilia",low,no
whois_dorien_1781578928,,Dorien,Maia,"Dorien the Arch Illusionist is a Maia
    (Wright) [Retired].
Whities: Utgbald,Luterin,Farmin,Elrindil,Dumbur,Alarien,Galador,Throdd,Rilia
Darkies: Rogrog,Ulthug,Stomper,Stripper,Orthrod,Virsh,Paskmust

E-Mail: christian@lindeberg.net
URL: http://www.mume.net

Feel free to mail me suggestions about MUME.NET!",Alarien,comma_name_list,,"Whities: Utgbald,Luterin,Farmin,Elrindil,Dumbur,Alarien,Galador,Throdd,Rilia",low,no
whois_dorien_1781578928,,Dorien,Maia,"Dorien the Arch Illusionist is a Maia
    (Wright) [Retired].
Whities: Utgbald,Luterin,Farmin,Elrindil,Dumbur,Alarien,Galador,Throdd,Rilia
Darkies: Rogrog,Ulthug,Stomper,Stripper,Orthrod,Virsh,Paskmust

E-Mail: christian@lindeberg.net
URL: http://www.mume.net

Feel free to mail me suggestions about MUME.NET!",Galador,comma_name_list,,"Whities: Utgbald,Luterin,Farmin,Elrindil,Dumbur,Alarien,Galador,Throdd,Rilia",low,no
whois_dorien_1781578928,,Dorien,Maia,"Dorien the Arch Illusionist is a Maia
    (Wright) [Retired].
Whities: Utgbald,Luterin,Farmin,Elrindil,Dumbur,Alarien,Galador,Throdd,Rilia
Darkies: Rogrog,Ulthug,Stomper,Stripper,Orthrod,Virsh,Paskmust

E-Mail: christian@lindeberg.net
URL: http://www.mume.net

Feel free to mail me suggestions about MUME.NET!",Throdd,comma_name_list,,"Whities: Utgbald,Luterin,Farmin,Elrindil,Dumbur,Alarien,Galador,Throdd,Rilia",low,no
whois_dorien_1781578928,,Dorien,Maia,"Dorien the Arch Illusionist is a Maia
    (Wright) [Retired].
Whities: Utgbald,Luterin,Farmin,Elrindil,Dumbur,Alarien,Galador,Throdd,Rilia
Darkies: Rogrog,Ulthug,Stomper,Stripper,Orthrod,Virsh,Paskmust

E-Mail: christian@lindeberg.net
URL: http://www.mume.net

Feel free to mail me suggestions about MUME.NET!",Rilia,comma_name_list,,"Whities: Utgbald,Luterin,Farmin,Elrindil,Dumbur,Alarien,Galador,Throdd,Rilia",low,no
whois_dorien_1781578928,,Dorien,Maia,"Dorien the Arch Illusionist is a Maia
    (Wright) [Retired].
Whities: Utgbald,Luterin,Farmin,Elrindil,Dumbur,Alarien,Galador,Throdd,Rilia
Darkies: Rogrog,Ulthug,Stomper,Stripper,Orthrod,Virsh,Paskmust

E-Mail: christian@lindeberg.net
URL: http://www.mume.net

Feel free to mail me suggestions about MUME.NET!",Ulthug,comma_name_list,,"Darkies: Rogrog,Ulthug,Stomper,Stripper,Orthrod,Virsh,Paskmust",low,no
whois_dorien_1781578928,,Dorien,Maia,"Dorien the Arch Illusionist is a Maia
    (Wright) [Retired].
Whities: Utgbald,Luterin,Farmin,Elrindil,Dumbur,Alarien,Galador,Throdd,Rilia
Darkies: Rogrog,Ulthug,Stomper,Stripper,Orthrod,Virsh,Paskmust

E-Mail: christian@lindeberg.net
URL: http://www.mume.net

Feel free to mail me suggestions about MUME.NET!",Stomper,comma_name_list,,"Darkies: Rogrog,Ulthug,Stomper,Stripper,Orthrod,Virsh,Paskmust",low,no
whois_dorien_1781578928,,Dorien,Maia,"Dorien the Arch Illusionist is a Maia
    (Wright) [Retired].
Whities: Utgbald,Luterin,Farmin,Elrindil,Dumbur,Alarien,Galador,Throdd,Rilia
Darkies: Rogrog,Ulthug,Stomper,Stripper,Orthrod,Virsh,Paskmust

E-Mail: christian@lindeberg.net
URL: http://www.mume.net

Feel free to mail me suggestions about MUME.NET!",Stripper,comma_name_list,,"Darkies: Rogrog,Ulthug,Stomper,Stripper,Orthrod,Virsh,Paskmust",low,no
whois_dorien_1781578928,,Dorien,Maia,"Dorien the Arch Illusionist is a Maia
    (Wright) [Retired].
Whities: Utgbald,Luterin,Farmin,Elrindil,Dumbur,Alarien,Galador,Throdd,Rilia
Darkies: Rogrog,Ulthug,Stomper,Stripper,Orthrod,Virsh,Paskmust

E-Mail: christian@lindeberg.net
URL: http://www.mume.net

Feel free to mail me suggestions about MUME.NET!",Orthrod,comma_name_list,,"Darkies: Rogrog,Ulthug,Stomper,Stripper,Orthrod,Virsh,Paskmust",low,no
whois_dorien_1781578928,,Dorien,Maia,"Dorien the Arch Illusionist is a Maia
    (Wright) [Retired].
Whities: Utgbald,Luterin,Farmin,Elrindil,Dumbur,Alarien,Galador,Throdd,Rilia
Darkies: Rogrog,Ulthug,Stomper,Stripper,Orthrod,Virsh,Paskmust

E-Mail: christian@lindeberg.net
URL: http://www.mume.net

Feel free to mail me suggestions about MUME.NET!",Virsh,comma_name_list,,"Darkies: Rogrog,Ulthug,Stomper,Stripper,Orthrod,Virsh,Paskmust",low,no
whois_dorien_1781578928,,Dorien,Maia,"Dorien the Arch Illusionist is a Maia
    (Wright) [Retired].
Whities: Utgbald,Luterin,Farmin,Elrindil,Dumbur,Alarien,Galador,Throdd,Rilia
Darkies: Rogrog,Ulthug,Stomper,Stripper,Orthrod,Virsh,Paskmust

E-Mail: christian@lindeberg.net
URL: http://www.mume.net

Feel free to mail me suggestions about MUME.NET!",Paskmust,comma_name_list,,"Darkies: Rogrog,Ulthug,Stomper,Stripper,Orthrod,Virsh,Paskmust",low,no
whois_drakiz_1781578955,,Drakiz,Maia,"Drakiz im on a Mume-break is a Maia.
Last login 16 years, 9 months, and
    14 days ago from *.dk.
Player of:
Dwarf    : Curan, Rockbone, Serek, Vurm, Wezron, Zeveron.
Elf      : Drakin, Ignatio, Justicaros, Resan.
HalfElf  : Evan, Hilm, Plup.
Hobbit   : Driz, Friz, Grogdon.
Man      : Bresh, Lyrom, Onzi, Tordenskjold, Yzgard.
BlackN   : Nosfe.
Orc      : Debador, Fedtmule, Tzoroz, Zhadow.
Troll    : Azab, Kaput, Useless.
>>> And a few more lowbies.",Rockbone,comma_name_list,,"Dwarf    : Curan, Rockbone, Serek, Vurm, Wezron, Zeveron.",low,no
whois_drakiz_1781578955,,Drakiz,Maia,"Drakiz im on a Mume-break is a Maia.
Last login 16 years, 9 months, and
    14 days ago from *.dk.
Player of:
Dwarf    : Curan, Rockbone, Serek, Vurm, Wezron, Zeveron.
Elf      : Drakin, Ignatio, Justicaros, Resan.
HalfElf  : Evan, Hilm, Plup.
Hobbit   : Driz, Friz, Grogdon.
Man      : Bresh, Lyrom, Onzi, Tordenskjold, Yzgard.
BlackN   : Nosfe.
Orc      : Debador, Fedtmule, Tzoroz, Zhadow.
Troll    : Azab, Kaput, Useless.
>>> And a few more lowbies.",Serek,comma_name_list,,"Dwarf    : Curan, Rockbone, Serek, Vurm, Wezron, Zeveron.",low,no
whois_drakiz_1781578955,,Drakiz,Maia,"Drakiz im on a Mume-break is a Maia.
Last login 16 years, 9 months, and
    14 days ago from *.dk.
Player of:
Dwarf    : Curan, Rockbone, Serek, Vurm, Wezron, Zeveron.
Elf      : Drakin, Ignatio, Justicaros, Resan.
HalfElf  : Evan, Hilm, Plup.
Hobbit   : Driz, Friz, Grogdon.
Man      : Bresh, Lyrom, Onzi, Tordenskjold, Yzgard.
BlackN   : Nosfe.
Orc      : Debador, Fedtmule, Tzoroz, Zhadow.
Troll    : Azab, Kaput, Useless.
>>> And a few more lowbies.",Vurm,comma_name_list,,"Dwarf    : Curan, Rockbone, Serek, Vurm, Wezron, Zeveron.",low,no
whois_drakiz_1781578955,,Drakiz,Maia,"Drakiz im on a Mume-break is a Maia.
Last login 16 years, 9 months, and
    14 days ago from *.dk.
Player of:
Dwarf    : Curan, Rockbone, Serek, Vurm, Wezron, Zeveron.
Elf      : Drakin, Ignatio, Justicaros, Resan.
HalfElf  : Evan, Hilm, Plup.
Hobbit   : Driz, Friz, Grogdon.
Man      : Bresh, Lyrom, Onzi, Tordenskjold, Yzgard.
BlackN   : Nosfe.
Orc      : Debador, Fedtmule, Tzoroz, Zhadow.
Troll    : Azab, Kaput, Useless.
>>> And a few more lowbies.",Wezron,comma_name_list,,"Dwarf    : Curan, Rockbone, Serek, Vurm, Wezron, Zeveron.",low,no
whois_drakiz_1781578955,,Drakiz,Maia,"Drakiz im on a Mume-break is a Maia.
Last login 16 years, 9 months, and
    14 days ago from *.dk.
Player of:
Dwarf    : Curan, Rockbone, Serek, Vurm, Wezron, Zeveron.
Elf      : Drakin, Ignatio, Justicaros, Resan.
HalfElf  : Evan, Hilm, Plup.
Hobbit   : Driz, Friz, Grogdon.
Man      : Bresh, Lyrom, Onzi, Tordenskjold, Yzgard.
BlackN   : Nosfe.
Orc      : Debador, Fedtmule, Tzoroz, Zhadow.
Troll    : Azab, Kaput, Useless.
>>> And a few more lowbies.",Zeveron,comma_name_list,,"Dwarf    : Curan, Rockbone, Serek, Vurm, Wezron, Zeveron.",low,no
whois_drakiz_1781578955,,Drakiz,Maia,"Drakiz im on a Mume-break is a Maia.
Last login 16 years, 9 months, and
    14 days ago from *.dk.
Player of:
Dwarf    : Curan, Rockbone, Serek, Vurm, Wezron, Zeveron.
Elf      : Drakin, Ignatio, Justicaros, Resan.
HalfElf  : Evan, Hilm, Plup.
Hobbit   : Driz, Friz, Grogdon.
Man      : Bresh, Lyrom, Onzi, Tordenskjold, Yzgard.
BlackN   : Nosfe.
Orc      : Debador, Fedtmule, Tzoroz, Zhadow.
Troll    : Azab, Kaput, Useless.
>>> And a few more lowbies.",Ignatio,comma_name_list,,"Elf      : Drakin, Ignatio, Justicaros, Resan.",low,no
whois_drakiz_1781578955,,Drakiz,Maia,"Drakiz im on a Mume-break is a Maia.
Last login 16 years, 9 months, and
    14 days ago from *.dk.
Player of:
Dwarf    : Curan, Rockbone, Serek, Vurm, Wezron, Zeveron.
Elf      : Drakin, Ignatio, Justicaros, Resan.
HalfElf  : Evan, Hilm, Plup.
Hobbit   : Driz, Friz, Grogdon.
Man      : Bresh, Lyrom, Onzi, Tordenskjold, Yzgard.
BlackN   : Nosfe.
Orc      : Debador, Fedtmule, Tzoroz, Zhadow.
Troll    : Azab, Kaput, Useless.
>>> And a few more lowbies.",Justicaros,comma_name_list,,"Elf      : Drakin, Ignatio, Justicaros, Resan.",low,no
whois_drakiz_1781578955,,Drakiz,Maia,"Drakiz im on a Mume-break is a Maia.
Last login 16 years, 9 months, and
    14 days ago from *.dk.
Player of:
Dwarf    : Curan, Rockbone, Serek, Vurm, Wezron, Zeveron.
Elf      : Drakin, Ignatio, Justicaros, Resan.
HalfElf  : Evan, Hilm, Plup.
Hobbit   : Driz, Friz, Grogdon.
Man      : Bresh, Lyrom, Onzi, Tordenskjold, Yzgard.
BlackN   : Nosfe.
Orc      : Debador, Fedtmule, Tzoroz, Zhadow.
Troll    : Azab, Kaput, Useless.
>>> And a few more lowbies.",Resan,comma_name_list,,"Elf      : Drakin, Ignatio, Justicaros, Resan.",low,no
whois_drakiz_1781578955,,Drakiz,Maia,"Drakiz im on a Mume-break is a Maia.
Last login 16 years, 9 months, and
    14 days ago from *.dk.
Player of:
Dwarf    : Curan, Rockbone, Serek, Vurm, Wezron, Zeveron.
Elf      : Drakin, Ignatio, Justicaros, Resan.
HalfElf  : Evan, Hilm, Plup.
Hobbit   : Driz, Friz, Grogdon.
Man      : Bresh, Lyrom, Onzi, Tordenskjold, Yzgard.
BlackN   : Nosfe.
Orc      : Debador, Fedtmule, Tzoroz, Zhadow.
Troll    : Azab, Kaput, Useless.
>>> And a few more lowbies.",Lyrom,comma_name_list,,"Man      : Bresh, Lyrom, Onzi, Tordenskjold, Yzgard.",low,no
whois_drakiz_1781578955,,Drakiz,Maia,"Drakiz im on a Mume-break is a Maia.
Last login 16 years, 9 months, and
    14 days ago from *.dk.
Player of:
Dwarf    : Curan, Rockbone, Serek, Vurm, Wezron, Zeveron.
Elf      : Drakin, Ignatio, Justicaros, Resan.
HalfElf  : Evan, Hilm, Plup.
Hobbit   : Driz, Friz, Grogdon.
Man      : Bresh, Lyrom, Onzi, Tordenskjold, Yzgard.
BlackN   : Nosfe.
Orc      : Debador, Fedtmule, Tzoroz, Zhadow.
Troll    : Azab, Kaput, Useless.
>>> And a few more lowbies.",Onzi,comma_name_list,,"Man      : Bresh, Lyrom, Onzi, Tordenskjold, Yzgard.",low,no
whois_drakiz_1781578955,,Drakiz,Maia,"Drakiz im on a Mume-break is a Maia.
Last login 16 years, 9 months, and
    14 days ago from *.dk.
Player of:
Dwarf    : Curan, Rockbone, Serek, Vurm, Wezron, Zeveron.
Elf      : Drakin, Ignatio, Justicaros, Resan.
HalfElf  : Evan, Hilm, Plup.
Hobbit   : Driz, Friz, Grogdon.
Man      : Bresh, Lyrom, Onzi, Tordenskjold, Yzgard.
BlackN   : Nosfe.
Orc      : Debador, Fedtmule, Tzoroz, Zhadow.
Troll    : Azab, Kaput, Useless.
>>> And a few more lowbies.",Tordenskjold,comma_name_list,,"Man      : Bresh, Lyrom, Onzi, Tordenskjold, Yzgard.",low,no
whois_drakiz_1781578955,,Drakiz,Maia,"Drakiz im on a Mume-break is a Maia.
Last login 16 years, 9 months, and
    14 days ago from *.dk.
Player of:
Dwarf    : Curan, Rockbone, Serek, Vurm, Wezron, Zeveron.
Elf      : Drakin, Ignatio, Justicaros, Resan.
HalfElf  : Evan, Hilm, Plup.
Hobbit   : Driz, Friz, Grogdon.
Man      : Bresh, Lyrom, Onzi, Tordenskjold, Yzgard.
BlackN   : Nosfe.
Orc      : Debador, Fedtmule, Tzoroz, Zhadow.
Troll    : Azab, Kaput, Useless.
>>> And a few more lowbies.",Yzgard,comma_name_list,,"Man      : Bresh, Lyrom, Onzi, Tordenskjold, Yzgard.",low,no
whois_drakiz_1781578955,,Drakiz,Maia,"Drakiz im on a Mume-break is a Maia.
Last login 16 years, 9 months, and
    14 days ago from *.dk.
Player of:
Dwarf    : Curan, Rockbone, Serek, Vurm, Wezron, Zeveron.
Elf      : Drakin, Ignatio, Justicaros, Resan.
HalfElf  : Evan, Hilm, Plup.
Hobbit   : Driz, Friz, Grogdon.
Man      : Bresh, Lyrom, Onzi, Tordenskjold, Yzgard.
BlackN   : Nosfe.
Orc      : Debador, Fedtmule, Tzoroz, Zhadow.
Troll    : Azab, Kaput, Useless.
>>> And a few more lowbies.",Fedtmule,comma_name_list,,"Orc      : Debador, Fedtmule, Tzoroz, Zhadow.",low,no
whois_drakiz_1781578955,,Drakiz,Maia,"Drakiz im on a Mume-break is a Maia.
Last login 16 years, 9 months, and
    14 days ago from *.dk.
Player of:
Dwarf    : Curan, Rockbone, Serek, Vurm, Wezron, Zeveron.
Elf      : Drakin, Ignatio, Justicaros, Resan.
HalfElf  : Evan, Hilm, Plup.
Hobbit   : Driz, Friz, Grogdon.
Man      : Bresh, Lyrom, Onzi, Tordenskjold, Yzgard.
BlackN   : Nosfe.
Orc      : Debador, Fedtmule, Tzoroz, Zhadow.
Troll    : Azab, Kaput, Useless.
>>> And a few more lowbies.",Tzoroz,comma_name_list,,"Orc      : Debador, Fedtmule, Tzoroz, Zhadow.",low,no
whois_drakiz_1781578955,,Drakiz,Maia,"Drakiz im on a Mume-break is a Maia.
Last login 16 years, 9 months, and
    14 days ago from *.dk.
Player of:
Dwarf    : Curan, Rockbone, Serek, Vurm, Wezron, Zeveron.
Elf      : Drakin, Ignatio, Justicaros, Resan.
HalfElf  : Evan, Hilm, Plup.
Hobbit   : Driz, Friz, Grogdon.
Man      : Bresh, Lyrom, Onzi, Tordenskjold, Yzgard.
BlackN   : Nosfe.
Orc      : Debador, Fedtmule, Tzoroz, Zhadow.
Troll    : Azab, Kaput, Useless.
>>> And a few more lowbies.",Zhadow,comma_name_list,,"Orc      : Debador, Fedtmule, Tzoroz, Zhadow.",low,no
whois_elvis_1781579197,,Elvis,Maia,"Elvis says 'Fiddlesticks bop' is a Maia
    (Cartographer) [Retired].
Last login 19 years, 9 months, and
    29 days ago from *.no.

   Life is a myth,
   To dream, a salvation,
   Death, a passion,
   Love, a corruption,
   The End, a beginning,
   To wake, a closure,
   To forget is bliss.",Elvis,quoted_speaker,,Elvis says 'Fiddlesticks bop' is a Maia,high,yes
whois_endo_1781579225,,Endo,Maia,"Endo Master Spammer of the IDEA board
    is a Maia (Cartographer).
Last login 2 months and 7 days ago from
    *.net.
Player of the following: Baca, Tugg, Poko, Wren, Shot, Ursu, Fane
Also: Agar, Klax, Rone, Tomu, Dolt, Vino, Quak, Slah, Tunk, Twoh, Ided
Evil:Paro, Oath, Bufz, Evol

Rogon tells you 'you're dominating the living shit out of the idea board!'

Please type Who Ranger if you are looking for some help.

New/Returning players type hints, use the hints command.
Newbie Guides: https://mume.org/wiki/index.php?title=Guides
MUME helpfiles: https://mume.org/help/help_index
MUME newcomers: https://mume.org/resources/newco
…",Paro,heading_name_list,Evil,"Evil:Paro, Oath, Bufz, Evol",medium,no
whois_endo_1781579225,,Endo,Maia,"Endo Master Spammer of the IDEA board
    is a Maia (Cartographer).
Last login 2 months and 7 days ago from
    *.net.
Player of the following: Baca, Tugg, Poko, Wren, Shot, Ursu, Fane
Also: Agar, Klax, Rone, Tomu, Dolt, Vino, Quak, Slah, Tunk, Twoh, Ided
Evil:Paro, Oath, Bufz, Evol

Rogon tells you 'you're dominating the living shit out of the idea board!'

Please type Who Ranger if you are looking for some help.

New/Returning players type hints, use the hints command.
Newbie Guides: https://mume.org/wiki/index.php?title=Guides
MUME helpfiles: https://mume.org/help/help_index
MUME newcomers: https://mume.org/resources/newco
…",Oath,heading_name_list,Evil,"Evil:Paro, Oath, Bufz, Evol",medium,no
whois_endo_1781579225,,Endo,Maia,"Endo Master Spammer of the IDEA board
    is a Maia (Cartographer).
Last login 2 months and 7 days ago from
    *.net.
Player of the following: Baca, Tugg, Poko, Wren, Shot, Ursu, Fane
Also: Agar, Klax, Rone, Tomu, Dolt, Vino, Quak, Slah, Tunk, Twoh, Ided
Evil:Paro, Oath, Bufz, Evol

Rogon tells you 'you're dominating the living shit out of the idea board!'

Please type Who Ranger if you are looking for some help.

New/Returning players type hints, use the hints command.
Newbie Guides: https://mume.org/wiki/index.php?title=Guides
MUME helpfiles: https://mume.org/help/help_index
MUME newcomers: https://mume.org/resources/newco
…",Bufz,heading_name_list,Evil,"Evil:Paro, Oath, Bufz, Evol",medium,no
whois_endo_1781579225,,Endo,Maia,"Endo Master Spammer of the IDEA board
    is a Maia (Cartographer).
Last login 2 months and 7 days ago from
    *.net.
Player of the following: Baca, Tugg, Poko, Wren, Shot, Ursu, Fane
Also: Agar, Klax, Rone, Tomu, Dolt, Vino, Quak, Slah, Tunk, Twoh, Ided
Evil:Paro, Oath, Bufz, Evol

Rogon tells you 'you're dominating the living shit out of the idea board!'

Please type Who Ranger if you are looking for some help.

New/Returning players type hints, use the hints command.
Newbie Guides: https://mume.org/wiki/index.php?title=Guides
MUME helpfiles: https://mume.org/help/help_index
MUME newcomers: https://mume.org/resources/newco
…",Evol,heading_name_list,Evil,"Evil:Paro, Oath, Bufz, Evol",medium,no
whois_endo_1781579225,,Endo,Maia,"Endo Master Spammer of the IDEA board
    is a Maia (Cartographer).
Last login 2 months and 7 days ago from
    *.net.
Player of the following: Baca, Tugg, Poko, Wren, Shot, Ursu, Fane
Also: Agar, Klax, Rone, Tomu, Dolt, Vino, Quak, Slah, Tunk, Twoh, Ided
Evil:Paro, Oath, Bufz, Evol

Rogon tells you 'you're dominating the living shit out of the idea board!'

Please type Who Ranger if you are looking for some help.

New/Returning players type hints, use the hints command.
Newbie Guides: https://mume.org/wiki/index.php?title=Guide
…",Tugg,comma_name_list,,"Player of the following: Baca, Tugg, Poko, Wren, Shot, Ursu, Fane",low,no
whois_endo_1781579225,,Endo,Maia,"Endo Master Spammer of the IDEA board
    is a Maia (Cartographer).
Last login 2 months and 7 days ago from
    *.net.
Player of the following: Baca, Tugg, Poko, Wren, Shot, Ursu, Fane
Also: Agar, Klax, Rone, Tomu, Dolt, Vino, Quak, Slah, Tunk, Twoh, Ided
Evil:Paro, Oath, Bufz, Evol

Rogon tells you 'you're dominating the living shit out of the idea board!'

Please type Who Ranger if you are looking for some help.

New/Returning players type hints, use the hints command.
Newbie Guides: https://mume.org/wiki/index.php?title=Guide
…",Poko,comma_name_list,,"Player of the following: Baca, Tugg, Poko, Wren, Shot, Ursu, Fane",low,no
whois_endo_1781579225,,Endo,Maia,"Endo Master Spammer of the IDEA board
    is a Maia (Cartographer).
Last login 2 months and 7 days ago from
    *.net.
Player of the following: Baca, Tugg, Poko, Wren, Shot, Ursu, Fane
Also: Agar, Klax, Rone, Tomu, Dolt, Vino, Quak, Slah, Tunk, Twoh, Ided
Evil:Paro, Oath, Bufz, Evol

Rogon tells you 'you're dominating the living shit out of the idea board!'

Please type Who Ranger if you are looking for some help.

New/Returning players type hints, use the hints command.
Newbie Guides: https://mume.org/wiki/index.php?title=Guide
…",Wren,comma_name_list,,"Player of the following: Baca, Tugg, Poko, Wren, Shot, Ursu, Fane",low,no
whois_endo_1781579225,,Endo,Maia,"Endo Master Spammer of the IDEA board
    is a Maia (Cartographer).
Last login 2 months and 7 days ago from
    *.net.
Player of the following: Baca, Tugg, Poko, Wren, Shot, Ursu, Fane
Also: Agar, Klax, Rone, Tomu, Dolt, Vino, Quak, Slah, Tunk, Twoh, Ided
Evil:Paro, Oath, Bufz, Evol

Rogon tells you 'you're dominating the living shit out of the idea board!'

Please type Who Ranger if you are looking for some help.

New/Returning players type hints, use the hints command.
Newbie Guides: https://mume.org/wiki/index.php?title=Guide
…",Shot,comma_name_list,,"Player of the following: Baca, Tugg, Poko, Wren, Shot, Ursu, Fane",low,no
whois_endo_1781579225,,Endo,Maia,"Endo Master Spammer of the IDEA board
    is a Maia (Cartographer).
Last login 2 months and 7 days ago from
    *.net.
Player of the following: Baca, Tugg, Poko, Wren, Shot, Ursu, Fane
Also: Agar, Klax, Rone, Tomu, Dolt, Vino, Quak, Slah, Tunk, Twoh, Ided
Evil:Paro, Oath, Bufz, Evol

Rogon tells you 'you're dominating the living shit out of the idea board!'

Please type Who Ranger if you are looking for some help.

New/Returning players type hints, use the hints command.
Newbie Guides: https://mume.org/wiki/index.php?title=Guide
…",Ursu,comma_name_list,,"Player of the following: Baca, Tugg, Poko, Wren, Shot, Ursu, Fane",low,no
whois_endo_1781579225,,Endo,Maia,"Endo Master Spammer of the IDEA board
    is a Maia (Cartographer).
Last login 2 months and 7 days ago from
    *.net.
Player of the following: Baca, Tugg, Poko, Wren, Shot, Ursu, Fane
Also: Agar, Klax, Rone, Tomu, Dolt, Vino, Quak, Slah, Tunk, Twoh, Ided
Evil:Paro, Oath, Bufz, Evol

Rogon tells you 'you're dominating the living shit out of the idea board!'

Please type Who Ranger if you are looking for some help.

New/Returning players type hints, use the hints command.
Newbie Guides: https://mume.org/wiki/index.php?title=Guide
…",Fane,comma_name_list,,"Player of the following: Baca, Tugg, Poko, Wren, Shot, Ursu, Fane",low,no
whois_endo_1781579225,,Endo,Maia,"Endo Master Spammer of the IDEA board
    is a Maia (Cartographer).
Last login 2 months and 7 days ago from
    *.net.
Player of the following: Baca, Tugg, Poko, Wren, Shot, Ursu, Fane
Also: Agar, Klax, Rone, Tomu, Dolt, Vino, Quak, Slah, Tunk, Twoh, Ided
Evil:Paro, Oath, Bufz, Evol

Rogon tells you 'you're dominating the living shit out of the idea board!'

Please type Who Ranger if you are looking for some help.

New/Returning players type hints, use the hints command.
Newbie Guides: https://mume.org/wiki/index.php?title=Guides
MUME helpfiles: https://mume.org/help/help_index
MUME newcomers: http
…",Klax,comma_name_list,,"Also: Agar, Klax, Rone, Tomu, Dolt, Vino, Quak, Slah, Tunk, Twoh, Ided",low,no
whois_endo_1781579225,,Endo,Maia,"Endo Master Spammer of the IDEA board
    is a Maia (Cartographer).
Last login 2 months and 7 days ago from
    *.net.
Player of the following: Baca, Tugg, Poko, Wren, Shot, Ursu, Fane
Also: Agar, Klax, Rone, Tomu, Dolt, Vino, Quak, Slah, Tunk, Twoh, Ided
Evil:Paro, Oath, Bufz, Evol

Rogon tells you 'you're dominating the living shit out of the idea board!'

Please type Who Ranger if you are looking for some help.

New/Returning players type hints, use the hints command.
Newbie Guides: https://mume.org/wiki/index.php?title=Guides
MUME helpfiles: https://mume.org/help/help_index
MUME newcomers: http
…",Rone,comma_name_list,,"Also: Agar, Klax, Rone, Tomu, Dolt, Vino, Quak, Slah, Tunk, Twoh, Ided",low,no
whois_endo_1781579225,,Endo,Maia,"Endo Master Spammer of the IDEA board
    is a Maia (Cartographer).
Last login 2 months and 7 days ago from
    *.net.
Player of the following: Baca, Tugg, Poko, Wren, Shot, Ursu, Fane
Also: Agar, Klax, Rone, Tomu, Dolt, Vino, Quak, Slah, Tunk, Twoh, Ided
Evil:Paro, Oath, Bufz, Evol

Rogon tells you 'you're dominating the living shit out of the idea board!'

Please type Who Ranger if you are looking for some help.

New/Returning players type hints, use the hints command.
Newbie Guides: https://mume.org/wiki/index.php?title=Guides
MUME helpfiles: https://mume.org/help/help_index
MUME newcomers: http
…",Tomu,comma_name_list,,"Also: Agar, Klax, Rone, Tomu, Dolt, Vino, Quak, Slah, Tunk, Twoh, Ided",low,no
whois_endo_1781579225,,Endo,Maia,"Endo Master Spammer of the IDEA board
    is a Maia (Cartographer).
Last login 2 months and 7 days ago from
    *.net.
Player of the following: Baca, Tugg, Poko, Wren, Shot, Ursu, Fane
Also: Agar, Klax, Rone, Tomu, Dolt, Vino, Quak, Slah, Tunk, Twoh, Ided
Evil:Paro, Oath, Bufz, Evol

Rogon tells you 'you're dominating the living shit out of the idea board!'

Please type Who Ranger if you are looking for some help.

New/Returning players type hints, use the hints command.
Newbie Guides: https://mume.org/wiki/index.php?title=Guides
MUME helpfiles: https://mume.org/help/help_index
MUME newcomers: http
…",Dolt,comma_name_list,,"Also: Agar, Klax, Rone, Tomu, Dolt, Vino, Quak, Slah, Tunk, Twoh, Ided",low,no
whois_endo_1781579225,,Endo,Maia,"Endo Master Spammer of the IDEA board
    is a Maia (Cartographer).
Last login 2 months and 7 days ago from
    *.net.
Player of the following: Baca, Tugg, Poko, Wren, Shot, Ursu, Fane
Also: Agar, Klax, Rone, Tomu, Dolt, Vino, Quak, Slah, Tunk, Twoh, Ided
Evil:Paro, Oath, Bufz, Evol

Rogon tells you 'you're dominating the living shit out of the idea board!'

Please type Who Ranger if you are looking for some help.

New/Returning players type hints, use the hints command.
Newbie Guides: https://mume.org/wiki/index.php?title=Guides
MUME helpfiles: https://mume.org/help/help_index
MUME newcomers: http
…",Vino,comma_name_list,,"Also: Agar, Klax, Rone, Tomu, Dolt, Vino, Quak, Slah, Tunk, Twoh, Ided",low,no
whois_endo_1781579225,,Endo,Maia,"Endo Master Spammer of the IDEA board
    is a Maia (Cartographer).
Last login 2 months and 7 days ago from
    *.net.
Player of the following: Baca, Tugg, Poko, Wren, Shot, Ursu, Fane
Also: Agar, Klax, Rone, Tomu, Dolt, Vino, Quak, Slah, Tunk, Twoh, Ided
Evil:Paro, Oath, Bufz, Evol

Rogon tells you 'you're dominating the living shit out of the idea board!'

Please type Who Ranger if you are looking for some help.

New/Returning players type hints, use the hints command.
Newbie Guides: https://mume.org/wiki/index.php?title=Guides
MUME helpfiles: https://mume.org/help/help_index
MUME newcomers: http
…",Quak,comma_name_list,,"Also: Agar, Klax, Rone, Tomu, Dolt, Vino, Quak, Slah, Tunk, Twoh, Ided",low,no
whois_endo_1781579225,,Endo,Maia,"Endo Master Spammer of the IDEA board
    is a Maia (Cartographer).
Last login 2 months and 7 days ago from
    *.net.
Player of the following: Baca, Tugg, Poko, Wren, Shot, Ursu, Fane
Also: Agar, Klax, Rone, Tomu, Dolt, Vino, Quak, Slah, Tunk, Twoh, Ided
Evil:Paro, Oath, Bufz, Evol

Rogon tells you 'you're dominating the living shit out of the idea board!'

Please type Who Ranger if you are looking for some help.

New/Returning players type hints, use the hints command.
Newbie Guides: https://mume.org/wiki/index.php?title=Guides
MUME helpfiles: https://mume.org/help/help_index
MUME newcomers: http
…",Slah,comma_name_list,,"Also: Agar, Klax, Rone, Tomu, Dolt, Vino, Quak, Slah, Tunk, Twoh, Ided",low,no
whois_endo_1781579225,,Endo,Maia,"Endo Master Spammer of the IDEA board
    is a Maia (Cartographer).
Last login 2 months and 7 days ago from
    *.net.
Player of the following: Baca, Tugg, Poko, Wren, Shot, Ursu, Fane
Also: Agar, Klax, Rone, Tomu, Dolt, Vino, Quak, Slah, Tunk, Twoh, Ided
Evil:Paro, Oath, Bufz, Evol

Rogon tells you 'you're dominating the living shit out of the idea board!'

Please type Who Ranger if you are looking for some help.

New/Returning players type hints, use the hints command.
Newbie Guides: https://mume.org/wiki/index.php?title=Guides
MUME helpfiles: https://mume.org/help/help_index
MUME newcomers: http
…",Tunk,comma_name_list,,"Also: Agar, Klax, Rone, Tomu, Dolt, Vino, Quak, Slah, Tunk, Twoh, Ided",low,no
whois_endo_1781579225,,Endo,Maia,"Endo Master Spammer of the IDEA board
    is a Maia (Cartographer).
Last login 2 months and 7 days ago from
    *.net.
Player of the following: Baca, Tugg, Poko, Wren, Shot, Ursu, Fane
Also: Agar, Klax, Rone, Tomu, Dolt, Vino, Quak, Slah, Tunk, Twoh, Ided
Evil:Paro, Oath, Bufz, Evol

Rogon tells you 'you're dominating the living shit out of the idea board!'

Please type Who Ranger if you are looking for some help.

New/Returning players type hints, use the hints command.
Newbie Guides: https://mume.org/wiki/index.php?title=Guides
MUME helpfiles: https://mume.org/help/help_index
MUME newcomers: http
…",Twoh,comma_name_list,,"Also: Agar, Klax, Rone, Tomu, Dolt, Vino, Quak, Slah, Tunk, Twoh, Ided",low,no
whois_endo_1781579225,,Endo,Maia,"Endo Master Spammer of the IDEA board
    is a Maia (Cartographer).
Last login 2 months and 7 days ago from
    *.net.
Player of the following: Baca, Tugg, Poko, Wren, Shot, Ursu, Fane
Also: Agar, Klax, Rone, Tomu, Dolt, Vino, Quak, Slah, Tunk, Twoh, Ided
Evil:Paro, Oath, Bufz, Evol

Rogon tells you 'you're dominating the living shit out of the idea board!'

Please type Who Ranger if you are looking for some help.

New/Returning players type hints, use the hints command.
Newbie Guides: https://mume.org/wiki/index.php?title=Guides
MUME helpfiles: https://mume.org/help/help_index
MUME newcomers: http
…",Ided,comma_name_list,,"Also: Agar, Klax, Rone, Tomu, Dolt, Vino, Quak, Slah, Tunk, Twoh, Ided",low,no
whois_endo_1781579225,,Endo,Maia,"Endo Master Spammer of the IDEA board
    is a Maia (Cartographer).
Last login 2 months and 7 days ago from
    *.net.
Player of the following: Baca, Tugg, Poko, Wren, Shot, Ursu, Fane
Also: Agar, Klax, Rone, Tomu, Dolt, Vino, Quak, Slah, Tunk, Twoh, Ided
Evil:Paro, Oath, Bufz, Evol

Rogon tells you 'you're dominating the living shit out of the idea board!'

Please type Who Ranger if you are looking for some help.

New/Returning players type hints, use the hints command.
Newbie Guides: https://mume.org/wiki/index.php?title=Guides
MUME helpfiles: https://mume.org/help/help_index
MUME newcomers: https://mume.org/resources/newco
…",Oath,comma_name_list,,"Evil:Paro, Oath, Bufz, Evol",low,no
whois_endo_1781579225,,Endo,Maia,"Endo Master Spammer of the IDEA board
    is a Maia (Cartographer).
Last login 2 months and 7 days ago from
    *.net.
Player of the following: Baca, Tugg, Poko, Wren, Shot, Ursu, Fane
Also: Agar, Klax, Rone, Tomu, Dolt, Vino, Quak, Slah, Tunk, Twoh, Ided
Evil:Paro, Oath, Bufz, Evol

Rogon tells you 'you're dominating the living shit out of the idea board!'

Please type Who Ranger if you are looking for some help.

New/Returning players type hints, use the hints command.
Newbie Guides: https://mume.org/wiki/index.php?title=Guides
MUME helpfiles: https://mume.org/help/help_index
MUME newcomers: https://mume.org/resources/newco
…",Bufz,comma_name_list,,"Evil:Paro, Oath, Bufz, Evol",low,no
whois_endo_1781579225,,Endo,Maia,"Endo Master Spammer of the IDEA board
    is a Maia (Cartographer).
Last login 2 months and 7 days ago from
    *.net.
Player of the following: Baca, Tugg, Poko, Wren, Shot, Ursu, Fane
Also: Agar, Klax, Rone, Tomu, Dolt, Vino, Quak, Slah, Tunk, Twoh, Ided
Evil:Paro, Oath, Bufz, Evol

Rogon tells you 'you're dominating the living shit out of the idea board!'

Please type Who Ranger if you are looking for some help.

New/Returning players type hints, use the hints command.
Newbie Guides: https://mume.org/wiki/index.php?title=Guides
MUME helpfiles: https://mume.org/help/help_index
MUME newcomers: https://mume.org/resources/newco
…",Evol,comma_name_list,,"Evil:Paro, Oath, Bufz, Evol",low,no
whois_endo_1781579225,,Endo,Maia,"Endo Master Spammer of the IDEA board
    is a Maia (Cartographer).
Last login 2 months and 7 days ago from
    *.net.
Player of the following: Baca, Tugg, Poko, Wren, Shot, Ursu, Fane
Also: Agar, Klax, Rone, Tomu, Dolt, Vino, Quak, Slah, Tunk, Twoh, Ided
Evil:Paro, Oath, Bufz, Evol

Rogon tells you 'you're dominating the living shit out of the idea board!'

Please type Who Ranger if you are looking for some help.

New/Returning players type hints, use the hints command.
Newbie Guides: https://mume.org/wiki/index.php?title=Guides
MUME helpfiles: https://mume.org/help/help_index
MUME newcomers: https://mume.org/resources/newcomers
Discord invite: https://discord.gg/pVj9SfTV",Rogon,quoted_speaker,,Rogon tells you 'you're dominating the living shit out of the idea board!',high,yes
whois_enforcer_1781579254,char_enforcer,Enforcer,Maia,"Enforcer of Law and Order on Arda is a
    Maia.
Last login 10 days and 5 hours ago.

Nr.1: Ragface, Sardaukar, Glaran, Wind, Grizzle, Pogo, Dungeonbrawler",Sardaukar,comma_name_list,,"Nr.1: Ragface, Sardaukar, Glaran, Wind, Grizzle, Pogo, Dungeonbrawler",high,yes
whois_enforcer_1781579254,char_enforcer,Enforcer,Maia,"Enforcer of Law and Order on Arda is a
    Maia.
Last login 10 days and 5 hours ago.

Nr.1: Ragface, Sardaukar, Glaran, Wind, Grizzle, Pogo, Dungeonbrawler",Glaran,comma_name_list,,"Nr.1: Ragface, Sardaukar, Glaran, Wind, Grizzle, Pogo, Dungeonbrawler",high,yes
whois_enforcer_1781579254,char_enforcer,Enforcer,Maia,"Enforcer of Law and Order on Arda is a
    Maia.
Last login 10 days and 5 hours ago.

Nr.1: Ragface, Sardaukar, Glaran, Wind, Grizzle, Pogo, Dungeonbrawler",Wind,comma_name_list,,"Nr.1: Ragface, Sardaukar, Glaran, Wind, Grizzle, Pogo, Dungeonbrawler",high,yes
whois_enforcer_1781579254,char_enforcer,Enforcer,Maia,"Enforcer of Law and Order on Arda is a
    Maia.
Last login 10 days and 5 hours ago.

Nr.1: Ragface, Sardaukar, Glaran, Wind, Grizzle, Pogo, Dungeonbrawler",Grizzle,comma_name_list,,"Nr.1: Ragface, Sardaukar, Glaran, Wind, Grizzle, Pogo, Dungeonbrawler",low,no
whois_enforcer_1781579254,char_enforcer,Enforcer,Maia,"Enforcer of Law and Order on Arda is a
    Maia.
Last login 10 days and 5 hours ago.

Nr.1: Ragface, Sardaukar, Glaran, Wind, Grizzle, Pogo, Dungeonbrawler",Pogo,comma_name_list,,"Nr.1: Ragface, Sardaukar, Glaran, Wind, Grizzle, Pogo, Dungeonbrawler",low,no
whois_enforcer_1781579254,char_enforcer,Enforcer,Maia,"Enforcer of Law and Order on Arda is a
    Maia.
Last login 10 days and 5 hours ago.

Nr.1: Ragface, Sardaukar, Glaran, Wind, Grizzle, Pogo, Dungeonbrawler",Dungeonbrawler,comma_name_list,,"Nr.1: Ragface, Sardaukar, Glaran, Wind, Grizzle, Pogo, Dungeonbrawler",low,no
whois_faint_1781579648,char_faint,Faint,Maia,"Faint breeze is a Maia.
Last login 8 years, 11 months, and 1 day ago from *.se.

Darkies: Wenom Warzûr Wozno Wierd Thorzor Nushenak Sophia Malus Nazhtrah Vizh
Wozcrue

Whities: Faint(hobbit) Haldor Dreamweaver Ungrim Myth Amayu",Wenom,heading_name_list,Darkies,Darkies: Wenom Warzûr Wozno Wierd Thorzor Nushenak Sophia Malus Nazhtrah Vizh,high,yes
whois_faint_1781579648,char_faint,Faint,Maia,"Faint breeze is a Maia.
Last login 8 years, 11 months, and 1 day ago from *.se.

Darkies: Wenom Warzûr Wozno Wierd Thorzor Nushenak Sophia Malus Nazhtrah Vizh
Wozcrue

Whities: Faint(hobbit) Haldor Dreamweaver Ungrim Myth Amayu",Warzûr,heading_name_list,Darkies,Darkies: Wenom Warzûr Wozno Wierd Thorzor Nushenak Sophia Malus Nazhtrah Vizh,high,yes
whois_faint_1781579648,char_faint,Faint,Maia,"Faint breeze is a Maia.
Last login 8 years, 11 months, and 1 day ago from *.se.

Darkies: Wenom Warzûr Wozno Wierd Thorzor Nushenak Sophia Malus Nazhtrah Vizh
Wozcrue

Whities: Faint(hobbit) Haldor Dreamweaver Ungrim Myth Amayu",Wozno,heading_name_list,Darkies,Darkies: Wenom Warzûr Wozno Wierd Thorzor Nushenak Sophia Malus Nazhtrah Vizh,medium,no
whois_faint_1781579648,char_faint,Faint,Maia,"Faint breeze is a Maia.
Last login 8 years, 11 months, and 1 day ago from *.se.

Darkies: Wenom Warzûr Wozno Wierd Thorzor Nushenak Sophia Malus Nazhtrah Vizh
Wozcrue

Whities: Faint(hobbit) Haldor Dreamweaver Ungrim Myth Amayu",Wierd,heading_name_list,Darkies,Darkies: Wenom Warzûr Wozno Wierd Thorzor Nushenak Sophia Malus Nazhtrah Vizh,high,yes
whois_faint_1781579648,char_faint,Faint,Maia,"Faint breeze is a Maia.
Last login 8 years, 11 months, and 1 day ago from *.se.

Darkies: Wenom Warzûr Wozno Wierd Thorzor Nushenak Sophia Malus Nazhtrah Vizh
Wozcrue

Whities: Faint(hobbit) Haldor Dreamweaver Ungrim Myth Amayu",Thorzor,heading_name_list,Darkies,Darkies: Wenom Warzûr Wozno Wierd Thorzor Nushenak Sophia Malus Nazhtrah Vizh,high,yes
whois_faint_1781579648,char_faint,Faint,Maia,"Faint breeze is a Maia.
Last login 8 years, 11 months, and 1 day ago from *.se.

Darkies: Wenom Warzûr Wozno Wierd Thorzor Nushenak Sophia Malus Nazhtrah Vizh
Wozcrue

Whities: Faint(hobbit) Haldor Dreamweaver Ungrim Myth Amayu",Nushenak,heading_name_list,Darkies,Darkies: Wenom Warzûr Wozno Wierd Thorzor Nushenak Sophia Malus Nazhtrah Vizh,high,yes
whois_faint_1781579648,char_faint,Faint,Maia,"Faint breeze is a Maia.
Last login 8 years, 11 months, and 1 day ago from *.se.

Darkies: Wenom Warzûr Wozno Wierd Thorzor Nushenak Sophia Malus Nazhtrah Vizh
Wozcrue

Whities: Faint(hobbit) Haldor Dreamweaver Ungrim Myth Amayu",Sophia,heading_name_list,Darkies,Darkies: Wenom Warzûr Wozno Wierd Thorzor Nushenak Sophia Malus Nazhtrah Vizh,high,yes
whois_faint_1781579648,char_faint,Faint,Maia,"Faint breeze is a Maia.
Last login 8 years, 11 months, and 1 day ago from *.se.

Darkies: Wenom Warzûr Wozno Wierd Thorzor Nushenak Sophia Malus Nazhtrah Vizh
Wozcrue

Whities: Faint(hobbit) Haldor Dreamweaver Ungrim Myth Amayu",Malus,heading_name_list,Darkies,Darkies: Wenom Warzûr Wozno Wierd Thorzor Nushenak Sophia Malus Nazhtrah Vizh,high,yes
whois_faint_1781579648,char_faint,Faint,Maia,"Faint breeze is a Maia.
Last login 8 years, 11 months, and 1 day ago from *.se.

Darkies: Wenom Warzûr Wozno Wierd Thorzor Nushenak Sophia Malus Nazhtrah Vizh
Wozcrue

Whities: Faint(hobbit) Haldor Dreamweaver Ungrim Myth Amayu",Nazhtrah,heading_name_list,Darkies,Darkies: Wenom Warzûr Wozno Wierd Thorzor Nushenak Sophia Malus Nazhtrah Vizh,medium,no
whois_faint_1781579648,char_faint,Faint,Maia,"Faint breeze is a Maia.
Last login 8 years, 11 months, and 1 day ago from *.se.

Darkies: Wenom Warzûr Wozno Wierd Thorzor Nushenak Sophia Malus Nazhtrah Vizh
Wozcrue

Whities: Faint(hobbit) Haldor Dreamweaver Ungrim Myth Amayu",Vizh,heading_name_list,Darkies,Darkies: Wenom Warzûr Wozno Wierd Thorzor Nushenak Sophia Malus Nazhtrah Vizh,medium,no
whois_farin_1781579676,char_farin,Farin,Maia,"Farin is a Maia [Retired].
Last login 21 years, 10 months, and 21 days ago from *.net.
Whities: Arte, Khad, Eldan, Valen, Jimbo, Uland, Oile
Darkies: Chak, Ruul, Ickabod, Serate, Patty
Recent Experiments: Orvile, Lothl, Luma, Smathe, Illu",Chak,heading_name_list,Darkies,"Darkies: Chak, Ruul, Ickabod, Serate, Patty",high,yes
whois_farin_1781579676,char_farin,Farin,Maia,"Farin is a Maia [Retired].
Last login 21 years, 10 months, and 21 days ago from *.net.
Whities: Arte, Khad, Eldan, Valen, Jimbo, Uland, Oile
Darkies: Chak, Ruul, Ickabod, Serate, Patty
Recent Experiments: Orvile, Lothl, Luma, Smathe, Illu",Ruul,heading_name_list,Darkies,"Darkies: Chak, Ruul, Ickabod, Serate, Patty",high,yes
whois_farin_1781579676,char_farin,Farin,Maia,"Farin is a Maia [Retired].
Last login 21 years, 10 months, and 21 days ago from *.net.
Whities: Arte, Khad, Eldan, Valen, Jimbo, Uland, Oile
Darkies: Chak, Ruul, Ickabod, Serate, Patty
Recent Experiments: Orvile, Lothl, Luma, Smathe, Illu",Ickabod,heading_name_list,Darkies,"Darkies: Chak, Ruul, Ickabod, Serate, Patty",high,yes
whois_farin_1781579676,char_farin,Farin,Maia,"Farin is a Maia [Retired].
Last login 21 years, 10 months, and 21 days ago from *.net.
Whities: Arte, Khad, Eldan, Valen, Jimbo, Uland, Oile
Darkies: Chak, Ruul, Ickabod, Serate, Patty
Recent Experiments: Orvile, Lothl, Luma, Smathe, Illu",Serate,heading_name_list,Darkies,"Darkies: Chak, Ruul, Ickabod, Serate, Patty",high,yes
whois_farin_1781579676,char_farin,Farin,Maia,"Farin is a Maia [Retired].
Last login 21 years, 10 months, and 21 days ago from *.net.
Whities: Arte, Khad, Eldan, Valen, Jimbo, Uland, Oile
Darkies: Chak, Ruul, Ickabod, Serate, Patty
Recent Experiments: Orvile, Lothl, Luma, Smathe, Illu",Patty,heading_name_list,Darkies,"Darkies: Chak, Ruul, Ickabod, Serate, Patty",high,yes
whois_farin_1781579676,char_farin,Farin,Maia,"Farin is a Maia [Retired].
Last login 21 years, 10 months, and 21 days ago from *.net.
Whities: Arte, Khad, Eldan, Valen, Jimbo, Uland, Oile
Darkies: Chak, Ruul, Ickabod, Serate, Patty
Recent Experiments: Orvile, Lothl, Luma, Smathe, Illu",Khad,comma_name_list,,"Whities: Arte, Khad, Eldan, Valen, Jimbo, Uland, Oile",high,yes
whois_farin_1781579676,char_farin,Farin,Maia,"Farin is a Maia [Retired].
Last login 21 years, 10 months, and 21 days ago from *.net.
Whities: Arte, Khad, Eldan, Valen, Jimbo, Uland, Oile
Darkies: Chak, Ruul, Ickabod, Serate, Patty
Recent Experiments: Orvile, Lothl, Luma, Smathe, Illu",Eldan,comma_name_list,,"Whities: Arte, Khad, Eldan, Valen, Jimbo, Uland, Oile",high,yes
whois_farin_1781579676,char_farin,Farin,Maia,"Farin is a Maia [Retired].
Last login 21 years, 10 months, and 21 days ago from *.net.
Whities: Arte, Khad, Eldan, Valen, Jimbo, Uland, Oile
Darkies: Chak, Ruul, Ickabod, Serate, Patty
Recent Experiments: Orvile, Lothl, Luma, Smathe, Illu",Valen,comma_name_list,,"Whities: Arte, Khad, Eldan, Valen, Jimbo, Uland, Oile",high,yes
whois_farin_1781579676,char_farin,Farin,Maia,"Farin is a Maia [Retired].
Last login 21 years, 10 months, and 21 days ago from *.net.
Whities: Arte, Khad, Eldan, Valen, Jimbo, Uland, Oile
Darkies: Chak, Ruul, Ickabod, Serate, Patty
Recent Experiments: Orvile, Lothl, Luma, Smathe, Illu",Jimbo,comma_name_list,,"Whities: Arte, Khad, Eldan, Valen, Jimbo, Uland, Oile",high,yes
whois_farin_1781579676,char_farin,Farin,Maia,"Farin is a Maia [Retired].
Last login 21 years, 10 months, and 21 days ago from *.net.
Whities: Arte, Khad, Eldan, Valen, Jimbo, Uland, Oile
Darkies: Chak, Ruul, Ickabod, Serate, Patty
Recent Experiments: Orvile, Lothl, Luma, Smathe, Illu",Uland,comma_name_list,,"Whities: Arte, Khad, Eldan, Valen, Jimbo, Uland, Oile",high,yes
whois_farin_1781579676,char_farin,Farin,Maia,"Farin is a Maia [Retired].
Last login 21 years, 10 months, and 21 days ago from *.net.
Whities: Arte, Khad, Eldan, Valen, Jimbo, Uland, Oile
Darkies: Chak, Ruul, Ickabod, Serate, Patty
Recent Experiments: Orvile, Lothl, Luma, Smathe, Illu",Oile,comma_name_list,,"Whities: Arte, Khad, Eldan, Valen, Jimbo, Uland, Oile",low,no
whois_farin_1781579676,char_farin,Farin,Maia,"Farin is a Maia [Retired].
Last login 21 years, 10 months, and 21 days ago from *.net.
Whities: Arte, Khad, Eldan, Valen, Jimbo, Uland, Oile
Darkies: Chak, Ruul, Ickabod, Serate, Patty
Recent Experiments: Orvile, Lothl, Luma, Smathe, Illu",Ruul,comma_name_list,,"Darkies: Chak, Ruul, Ickabod, Serate, Patty",high,yes
whois_farin_1781579676,char_farin,Farin,Maia,"Farin is a Maia [Retired].
Last login 21 years, 10 months, and 21 days ago from *.net.
Whities: Arte, Khad, Eldan, Valen, Jimbo, Uland, Oile
Darkies: Chak, Ruul, Ickabod, Serate, Patty
Recent Experiments: Orvile, Lothl, Luma, Smathe, Illu",Ickabod,comma_name_list,,"Darkies: Chak, Ruul, Ickabod, Serate, Patty",high,yes
whois_farin_1781579676,char_farin,Farin,Maia,"Farin is a Maia [Retired].
Last login 21 years, 10 months, and 21 days ago from *.net.
Whities: Arte, Khad, Eldan, Valen, Jimbo, Uland, Oile
Darkies: Chak, Ruul, Ickabod, Serate, Patty
Recent Experiments: Orvile, Lothl, Luma, Smathe, Illu",Serate,comma_name_list,,"Darkies: Chak, Ruul, Ickabod, Serate, Patty",high,yes
whois_farin_1781579676,char_farin,Farin,Maia,"Farin is a Maia [Retired].
Last login 21 years, 10 months, and 21 days ago from *.net.
Whities: Arte, Khad, Eldan, Valen, Jimbo, Uland, Oile
Darkies: Chak, Ruul, Ickabod, Serate, Patty
Recent Experiments: Orvile, Lothl, Luma, Smathe, Illu",Patty,comma_name_list,,"Darkies: Chak, Ruul, Ickabod, Serate, Patty",high,yes
whois_farin_1781579676,char_farin,Farin,Maia,"Farin is a Maia [Retired].
Last login 21 years, 10 months, and 21 days ago from *.net.
Whities: Arte, Khad, Eldan, Valen, Jimbo, Uland, Oile
Darkies: Chak, Ruul, Ickabod, Serate, Patty
Recent Experiments: Orvile, Lothl, Luma, Smathe, Illu",Lothl,comma_name_list,,"Recent Experiments: Orvile, Lothl, Luma, Smathe, Illu",low,no
whois_farin_1781579676,char_farin,Farin,Maia,"Farin is a Maia [Retired].
Last login 21 years, 10 months, and 21 days ago from *.net.
Whities: Arte, Khad, Eldan, Valen, Jimbo, Uland, Oile
Darkies: Chak, Ruul, Ickabod, Serate, Patty
Recent Experiments: Orvile, Lothl, Luma, Smathe, Illu",Luma,comma_name_list,,"Recent Experiments: Orvile, Lothl, Luma, Smathe, Illu",low,no
whois_farin_1781579676,char_farin,Farin,Maia,"Farin is a Maia [Retired].
Last login 21 years, 10 months, and 21 days ago from *.net.
Whities: Arte, Khad, Eldan, Valen, Jimbo, Uland, Oile
Darkies: Chak, Ruul, Ickabod, Serate, Patty
Recent Experiments: Orvile, Lothl, Luma, Smathe, Illu",Smathe,comma_name_list,,"Recent Experiments: Orvile, Lothl, Luma, Smathe, Illu",low,no
whois_farin_1781579676,char_farin,Farin,Maia,"Farin is a Maia [Retired].
Last login 21 years, 10 months, and 21 days ago from *.net.
Whities: Arte, Khad, Eldan, Valen, Jimbo, Uland, Oile
Darkies: Chak, Ruul, Ickabod, Serate, Patty
Recent Experiments: Orvile, Lothl, Luma, Smathe, Illu",Illu,comma_name_list,,"Recent Experiments: Orvile, Lothl, Luma, Smathe, Illu",low,no
whois_fed_1781579687,,Fed,Maia,"Fed the Kind is a Maia.
Last login 5 years, 8 months, and 27 days ago from *.nu.
Player of Carmel, Camille, Helix, Permanecer
Darkies are Bunghol, Boowho, Balzak, Tushie
Muffy is my newiest addiction",Camille,comma_name_list,,"Player of Carmel, Camille, Helix, Permanecer",low,no
whois_fed_1781579687,,Fed,Maia,"Fed the Kind is a Maia.
Last login 5 years, 8 months, and 27 days ago from *.nu.
Player of Carmel, Camille, Helix, Permanecer
Darkies are Bunghol, Boowho, Balzak, Tushie
Muffy is my newiest addiction",Helix,comma_name_list,,"Player of Carmel, Camille, Helix, Permanecer",low,no
whois_fed_1781579687,,Fed,Maia,"Fed the Kind is a Maia.
Last login 5 years, 8 months, and 27 days ago from *.nu.
Player of Carmel, Camille, Helix, Permanecer
Darkies are Bunghol, Boowho, Balzak, Tushie
Muffy is my newiest addiction",Permanecer,comma_name_list,,"Player of Carmel, Camille, Helix, Permanecer",low,no
whois_fed_1781579687,,Fed,Maia,"Fed the Kind is a Maia.
Last login 5 years, 8 months, and 27 days ago from *.nu.
Player of Carmel, Camille, Helix, Permanecer
Darkies are Bunghol, Boowho, Balzak, Tushie
Muffy is my newiest addiction",Boowho,comma_name_list,,"Darkies are Bunghol, Boowho, Balzak, Tushie",low,no
whois_fed_1781579687,,Fed,Maia,"Fed the Kind is a Maia.
Last login 5 years, 8 months, and 27 days ago from *.nu.
Player of Carmel, Camille, Helix, Permanecer
Darkies are Bunghol, Boowho, Balzak, Tushie
Muffy is my newiest addiction",Balzak,comma_name_list,,"Darkies are Bunghol, Boowho, Balzak, Tushie",low,no
whois_fed_1781579687,,Fed,Maia,"Fed the Kind is a Maia.
Last login 5 years, 8 months, and 27 days ago from *.nu.
Player of Carmel, Camille, Helix, Permanecer
Darkies are Bunghol, Boowho, Balzak, Tushie
Muffy is my newiest addiction",Tushie,comma_name_list,,"Darkies are Bunghol, Boowho, Balzak, Tushie",low,no
whois_feon_1781579706,char_feon,Feon,Maia,"Feon Lord, Captain, King of Everything. NSL is a Maia.
Last login 7 years, 7 months, and 27 days ago from *.eu.

Im up and running again, KINDA...
Some chars:
Olorion, Dax, Ilmacill, Scantha, Prosit, Telumehtar, Niedorel, Vandal
Buller......",Olorion,comma_name_list,,"Olorion, Dax, Ilmacill, Scantha, Prosit, Telumehtar, Niedorel, Vandal",high,yes
whois_feon_1781579706,char_feon,Feon,Maia,"Feon Lord, Captain, King of Everything. NSL is a Maia.
Last login 7 years, 7 months, and 27 days ago from *.eu.

Im up and running again, KINDA...
Some chars:
Olorion, Dax, Ilmacill, Scantha, Prosit, Telumehtar, Niedorel, Vandal
Buller......",Dax,comma_name_list,,"Olorion, Dax, Ilmacill, Scantha, Prosit, Telumehtar, Niedorel, Vandal",high,yes
whois_feon_1781579706,char_feon,Feon,Maia,"Feon Lord, Captain, King of Everything. NSL is a Maia.
Last login 7 years, 7 months, and 27 days ago from *.eu.

Im up and running again, KINDA...
Some chars:
Olorion, Dax, Ilmacill, Scantha, Prosit, Telumehtar, Niedorel, Vandal
Buller......",Ilmacill,comma_name_list,,"Olorion, Dax, Ilmacill, Scantha, Prosit, Telumehtar, Niedorel, Vandal",low,no
whois_feon_1781579706,char_feon,Feon,Maia,"Feon Lord, Captain, King of Everything. NSL is a Maia.
Last login 7 years, 7 months, and 27 days ago from *.eu.

Im up and running again, KINDA...
Some chars:
Olorion, Dax, Ilmacill, Scantha, Prosit, Telumehtar, Niedorel, Vandal
Buller......",Scantha,comma_name_list,,"Olorion, Dax, Ilmacill, Scantha, Prosit, Telumehtar, Niedorel, Vandal",low,no
whois_feon_1781579706,char_feon,Feon,Maia,"Feon Lord, Captain, King of Everything. NSL is a Maia.
Last login 7 years, 7 months, and 27 days ago from *.eu.

Im up and running again, KINDA...
Some chars:
Olorion, Dax, Ilmacill, Scantha, Prosit, Telumehtar, Niedorel, Vandal
Buller......",Prosit,comma_name_list,,"Olorion, Dax, Ilmacill, Scantha, Prosit, Telumehtar, Niedorel, Vandal",high,yes
whois_feon_1781579706,char_feon,Feon,Maia,"Feon Lord, Captain, King of Everything. NSL is a Maia.
Last login 7 years, 7 months, and 27 days ago from *.eu.

Im up and running again, KINDA...
Some chars:
Olorion, Dax, Ilmacill, Scantha, Prosit, Telumehtar, Niedorel, Vandal
Buller......",Telumehtar,comma_name_list,,"Olorion, Dax, Ilmacill, Scantha, Prosit, Telumehtar, Niedorel, Vandal",high,yes
whois_feon_1781579706,char_feon,Feon,Maia,"Feon Lord, Captain, King of Everything. NSL is a Maia.
Last login 7 years, 7 months, and 27 days ago from *.eu.

Im up and running again, KINDA...
Some chars:
Olorion, Dax, Ilmacill, Scantha, Prosit, Telumehtar, Niedorel, Vandal
Buller......",Niedorel,comma_name_list,,"Olorion, Dax, Ilmacill, Scantha, Prosit, Telumehtar, Niedorel, Vandal",low,no
whois_feon_1781579706,char_feon,Feon,Maia,"Feon Lord, Captain, King of Everything. NSL is a Maia.
Last login 7 years, 7 months, and 27 days ago from *.eu.

Im up and running again, KINDA...
Some chars:
Olorion, Dax, Ilmacill, Scantha, Prosit, Telumehtar, Niedorel, Vandal
Buller......",Vandal,comma_name_list,,"Olorion, Dax, Ilmacill, Scantha, Prosit, Telumehtar, Niedorel, Vandal",high,yes
whois_findor_1781579756,,Findor,Maia,"Findor the Numb Finn is a Maia [Retired].
Last login 18 years, 7 months, and 21 days ago from *.fi.

The Light Side: Arador, Karadryel, Lahessa, Sirena, Torspo
The Dark Side: Aziz, Perkele, Pharmendacil, Sharghâsh, Taisto",Karadryel,comma_name_list,,"The Light Side: Arador, Karadryel, Lahessa, Sirena, Torspo",low,no
whois_findor_1781579756,,Findor,Maia,"Findor the Numb Finn is a Maia [Retired].
Last login 18 years, 7 months, and 21 days ago from *.fi.

The Light Side: Arador, Karadryel, Lahessa, Sirena, Torspo
The Dark Side: Aziz, Perkele, Pharmendacil, Sharghâsh, Taisto",Lahessa,comma_name_list,,"The Light Side: Arador, Karadryel, Lahessa, Sirena, Torspo",low,no
whois_findor_1781579756,,Findor,Maia,"Findor the Numb Finn is a Maia [Retired].
Last login 18 years, 7 months, and 21 days ago from *.fi.

The Light Side: Arador, Karadryel, Lahessa, Sirena, Torspo
The Dark Side: Aziz, Perkele, Pharmendacil, Sharghâsh, Taisto",Sirena,comma_name_list,,"The Light Side: Arador, Karadryel, Lahessa, Sirena, Torspo",low,no
whois_findor_1781579756,,Findor,Maia,"Findor the Numb Finn is a Maia [Retired].
Last login 18 years, 7 months, and 21 days ago from *.fi.

The Light Side: Arador, Karadryel, Lahessa, Sirena, Torspo
The Dark Side: Aziz, Perkele, Pharmendacil, Sharghâsh, Taisto",Torspo,comma_name_list,,"The Light Side: Arador, Karadryel, Lahessa, Sirena, Torspo",low,no
whois_findor_1781579756,,Findor,Maia,"Findor the Numb Finn is a Maia [Retired].
Last login 18 years, 7 months, and 21 days ago from *.fi.

The Light Side: Arador, Karadryel, Lahessa, Sirena, Torspo
The Dark Side: Aziz, Perkele, Pharmendacil, Sharghâsh, Taisto",Perkele,comma_name_list,,"The Dark Side: Aziz, Perkele, Pharmendacil, Sharghâsh, Taisto",low,no
whois_findor_1781579756,,Findor,Maia,"Findor the Numb Finn is a Maia [Retired].
Last login 18 years, 7 months, and 21 days ago from *.fi.

The Light Side: Arador, Karadryel, Lahessa, Sirena, Torspo
The Dark Side: Aziz, Perkele, Pharmendacil, Sharghâsh, Taisto",Pharmendacil,comma_name_list,,"The Dark Side: Aziz, Perkele, Pharmendacil, Sharghâsh, Taisto",low,no
whois_findor_1781579756,,Findor,Maia,"Findor the Numb Finn is a Maia [Retired].
Last login 18 years, 7 months, and 21 days ago from *.fi.

The Light Side: Arador, Karadryel, Lahessa, Sirena, Torspo
The Dark Side: Aziz, Perkele, Pharmendacil, Sharghâsh, Taisto",Sharghâsh,comma_name_list,,"The Dark Side: Aziz, Perkele, Pharmendacil, Sharghâsh, Taisto",low,no
whois_findor_1781579756,,Findor,Maia,"Findor the Numb Finn is a Maia [Retired].
Last login 18 years, 7 months, and 21 days ago from *.fi.

The Light Side: Arador, Karadryel, Lahessa, Sirena, Torspo
The Dark Side: Aziz, Perkele, Pharmendacil, Sharghâsh, Taisto",Taisto,comma_name_list,,"The Dark Side: Aziz, Perkele, Pharmendacil, Sharghâsh, Taisto",low,no
whois_fredde_1781579844,char_fredde,Fredde,Maia,"Fredde II, Die Harder is a Maia (Cartographer) [Retired].
Last login 12 years, 6 months, and 20 days ago from *.com.

From the kings page:
[Fredde] Fredde, Nazghol, Kasach, Baurk, Kotta, Seek, Glenn, Sistina,
Bastantor - lilklesskiller, spammer, flamer and pretty much self-proud guy",Nazghol,comma_name_list,,"[Fredde] Fredde, Nazghol, Kasach, Baurk, Kotta, Seek, Glenn, Sistina,",high,yes
whois_fredde_1781579844,char_fredde,Fredde,Maia,"Fredde II, Die Harder is a Maia (Cartographer) [Retired].
Last login 12 years, 6 months, and 20 days ago from *.com.

From the kings page:
[Fredde] Fredde, Nazghol, Kasach, Baurk, Kotta, Seek, Glenn, Sistina,
Bastantor - lilklesskiller, spammer, flamer and pretty much self-proud guy",Kasach,comma_name_list,,"[Fredde] Fredde, Nazghol, Kasach, Baurk, Kotta, Seek, Glenn, Sistina,",high,yes
whois_fredde_1781579844,char_fredde,Fredde,Maia,"Fredde II, Die Harder is a Maia (Cartographer) [Retired].
Last login 12 years, 6 months, and 20 days ago from *.com.

From the kings page:
[Fredde] Fredde, Nazghol, Kasach, Baurk, Kotta, Seek, Glenn, Sistina,
Bastantor - lilklesskiller, spammer, flamer and pretty much self-proud guy",Baurk,comma_name_list,,"[Fredde] Fredde, Nazghol, Kasach, Baurk, Kotta, Seek, Glenn, Sistina,",high,yes
whois_fredde_1781579844,char_fredde,Fredde,Maia,"Fredde II, Die Harder is a Maia (Cartographer) [Retired].
Last login 12 years, 6 months, and 20 days ago from *.com.

From the kings page:
[Fredde] Fredde, Nazghol, Kasach, Baurk, Kotta, Seek, Glenn, Sistina,
Bastantor - lilklesskiller, spammer, flamer and pretty much self-proud guy",Kotta,comma_name_list,,"[Fredde] Fredde, Nazghol, Kasach, Baurk, Kotta, Seek, Glenn, Sistina,",high,yes
whois_fredde_1781579844,char_fredde,Fredde,Maia,"Fredde II, Die Harder is a Maia (Cartographer) [Retired].
Last login 12 years, 6 months, and 20 days ago from *.com.

From the kings page:
[Fredde] Fredde, Nazghol, Kasach, Baurk, Kotta, Seek, Glenn, Sistina,
Bastantor - lilklesskiller, spammer, flamer and pretty much self-proud guy",Seek,comma_name_list,,"[Fredde] Fredde, Nazghol, Kasach, Baurk, Kotta, Seek, Glenn, Sistina,",high,yes
whois_fredde_1781579844,char_fredde,Fredde,Maia,"Fredde II, Die Harder is a Maia (Cartographer) [Retired].
Last login 12 years, 6 months, and 20 days ago from *.com.

From the kings page:
[Fredde] Fredde, Nazghol, Kasach, Baurk, Kotta, Seek, Glenn, Sistina,
Bastantor - lilklesskiller, spammer, flamer and pretty much self-proud guy",Glenn,comma_name_list,,"[Fredde] Fredde, Nazghol, Kasach, Baurk, Kotta, Seek, Glenn, Sistina,",high,yes
whois_fredde_1781579844,char_fredde,Fredde,Maia,"Fredde II, Die Harder is a Maia (Cartographer) [Retired].
Last login 12 years, 6 months, and 20 days ago from *.com.

From the kings page:
[Fredde] Fredde, Nazghol, Kasach, Baurk, Kotta, Seek, Glenn, Sistina,
Bastantor - lilklesskiller, spammer, flamer and pretty much self-proud guy",Sistina,comma_name_list,,"[Fredde] Fredde, Nazghol, Kasach, Baurk, Kotta, Seek, Glenn, Sistina,",high,yes
whois_gamór_1781579921,,Gamór,Maia,"Gamór is a Maia (Wright).

                                                        

Benedictus, Dalen, Dearth, Myshkin, Täpp, Snul, Belmont, Conchis, Deloitte

https://mume.org/wiki/index.php/Staff,_Gem_and_Focus_guide
https://mume.org/wiki/index.php/Zaugurz_orc_guide
https://mume.org/wiki/index.php/Troll_guide",Benedictus,comma_name_list,,"Benedictus, Dalen, Dearth, Myshkin, Täpp, Snul, Belmont, Conchis, Deloitte",low,no
whois_gamór_1781579921,,Gamór,Maia,"Gamór is a Maia (Wright).

                                                        

Benedictus, Dalen, Dearth, Myshkin, Täpp, Snul, Belmont, Conchis, Deloitte

https://mume.org/wiki/index.php/Staff,_Gem_and_Focus_guide
https://mume.org/wiki/index.php/Zaugurz_orc_guide
https://mume.org/wiki/index.php/Troll_guide",Dalen,comma_name_list,,"Benedictus, Dalen, Dearth, Myshkin, Täpp, Snul, Belmont, Conchis, Deloitte",low,no
whois_gamór_1781579921,,Gamór,Maia,"Gamór is a Maia (Wright).

                                                        

Benedictus, Dalen, Dearth, Myshkin, Täpp, Snul, Belmont, Conchis, Deloitte

https://mume.org/wiki/index.php/Staff,_Gem_and_Focus_guide
https://mume.org/wiki/index.php/Zaugurz_orc_guide
https://mume.org/wiki/index.php/Troll_guide",Dearth,comma_name_list,,"Benedictus, Dalen, Dearth, Myshkin, Täpp, Snul, Belmont, Conchis, Deloitte",low,no
whois_gamór_1781579921,,Gamór,Maia,"Gamór is a Maia (Wright).

                                                        

Benedictus, Dalen, Dearth, Myshkin, Täpp, Snul, Belmont, Conchis, Deloitte

https://mume.org/wiki/index.php/Staff,_Gem_and_Focus_guide
https://mume.org/wiki/index.php/Zaugurz_orc_guide
https://mume.org/wiki/index.php/Troll_guide",Myshkin,comma_name_list,,"Benedictus, Dalen, Dearth, Myshkin, Täpp, Snul, Belmont, Conchis, Deloitte",low,no
whois_gamór_1781579921,,Gamór,Maia,"Gamór is a Maia (Wright).

                                                        

Benedictus, Dalen, Dearth, Myshkin, Täpp, Snul, Belmont, Conchis, Deloitte

https://mume.org/wiki/index.php/Staff,_Gem_and_Focus_guide
https://mume.org/wiki/index.php/Zaugurz_orc_guide
https://mume.org/wiki/index.php/Troll_guide",Täpp,comma_name_list,,"Benedictus, Dalen, Dearth, Myshkin, Täpp, Snul, Belmont, Conchis, Deloitte",low,no
whois_gamór_1781579921,,Gamór,Maia,"Gamór is a Maia (Wright).

                                                        

Benedictus, Dalen, Dearth, Myshkin, Täpp, Snul, Belmont, Conchis, Deloitte

https://mume.org/wiki/index.php/Staff,_Gem_and_Focus_guide
https://mume.org/wiki/index.php/Zaugurz_orc_guide
https://mume.org/wiki/index.php/Troll_guide",Snul,comma_name_list,,"Benedictus, Dalen, Dearth, Myshkin, Täpp, Snul, Belmont, Conchis, Deloitte",low,no
whois_gamór_1781579921,,Gamór,Maia,"Gamór is a Maia (Wright).

                                                        

Benedictus, Dalen, Dearth, Myshkin, Täpp, Snul, Belmont, Conchis, Deloitte

https://mume.org/wiki/index.php/Staff,_Gem_and_Focus_guide
https://mume.org/wiki/index.php/Zaugurz_orc_guide
https://mume.org/wiki/index.php/Troll_guide",Belmont,comma_name_list,,"Benedictus, Dalen, Dearth, Myshkin, Täpp, Snul, Belmont, Conchis, Deloitte",low,no
whois_gamór_1781579921,,Gamór,Maia,"Gamór is a Maia (Wright).

                                                        

Benedictus, Dalen, Dearth, Myshkin, Täpp, Snul, Belmont, Conchis, Deloitte

https://mume.org/wiki/index.php/Staff,_Gem_and_Focus_guide
https://mume.org/wiki/index.php/Zaugurz_orc_guide
https://mume.org/wiki/index.php/Troll_guide",Conchis,comma_name_list,,"Benedictus, Dalen, Dearth, Myshkin, Täpp, Snul, Belmont, Conchis, Deloitte",low,no
whois_gamór_1781579921,,Gamór,Maia,"Gamór is a Maia (Wright).

                                                        

Benedictus, Dalen, Dearth, Myshkin, Täpp, Snul, Belmont, Conchis, Deloitte

https://mume.org/wiki/index.php/Staff,_Gem_and_Focus_guide
https://mume.org/wiki/index.php/Zaugurz_orc_guide
https://mume.org/wiki/index.php/Troll_guide",Deloitte,comma_name_list,,"Benedictus, Dalen, Dearth, Myshkin, Täpp, Snul, Belmont, Conchis, Deloitte",low,no
whois_gertrude_1781579976,,Gertrude,building is a Maia,"Gertrude the builder is building is a Maia (Wright) [Retired].
Gertrude arrives from the west.
Gertrude says ""hmm, not nearly flat enough"".
Gertrude changes the area to plains!
Gertrude nods in satisfaction.
Gertrude makes a rabbit.  Time to xp!",Gertrude,quoted_speaker,,"Gertrude says ""hmm, not nearly flat enough"".",high,yes
whois_gnomette_1781580015,,Gnomette,Maia,"Gnomette peers at you cautiously (hidden). is a Maia
    (Cartographer) [Retired].
Last login 1 year, 11 months, and 19 days ago.

Whities: Shenn, Jasmin, Ravayne, Minerva, Rosavia,
         Iriana, Trisha, Josephine, Gia, Lokanna.

Darkies: Serégor, Ishtra, Shainara, Grishlar.",Serégor,heading_name_list,Darkies,"Darkies: Serégor, Ishtra, Shainara, Grishlar.",medium,no
whois_gnomette_1781580015,,Gnomette,Maia,"Gnomette peers at you cautiously (hidden). is a Maia
    (Cartographer) [Retired].
Last login 1 year, 11 months, and 19 days ago.

Whities: Shenn, Jasmin, Ravayne, Minerva, Rosavia,
         Iriana, Trisha, Josephine, Gia, Lokanna.

Darkies: Serégor, Ishtra, Shainara, Grishlar.",Ishtra,heading_name_list,Darkies,"Darkies: Serégor, Ishtra, Shainara, Grishlar.",medium,no
whois_gnomette_1781580015,,Gnomette,Maia,"Gnomette peers at you cautiously (hidden). is a Maia
    (Cartographer) [Retired].
Last login 1 year, 11 months, and 19 days ago.

Whities: Shenn, Jasmin, Ravayne, Minerva, Rosavia,
         Iriana, Trisha, Josephine, Gia, Lokanna.

Darkies: Serégor, Ishtra, Shainara, Grishlar.",Shainara,heading_name_list,Darkies,"Darkies: Serégor, Ishtra, Shainara, Grishlar.",medium,no
whois_gnomette_1781580015,,Gnomette,Maia,"Gnomette peers at you cautiously (hidden). is a Maia
    (Cartographer) [Retired].
Last login 1 year, 11 months, and 19 days ago.

Whities: Shenn, Jasmin, Ravayne, Minerva, Rosavia,
         Iriana, Trisha, Josephine, Gia, Lokanna.

Darkies: Serégor, Ishtra, Shainara, Grishlar.",Grishlar,heading_name_list,Darkies,"Darkies: Serégor, Ishtra, Shainara, Grishlar.",medium,no
whois_gnomette_1781580015,,Gnomette,Maia,"Gnomette peers at you cautiously (hidden). is a Maia
    (Cartographer) [Retired].
Last login 1 year, 11 months, and 19 days ago.

Whities: Shenn, Jasmin, Ravayne, Minerva, Rosavia,
         Iriana, Trisha, Josephine, Gia, Lokanna.

Darkies: Serégor, Ishtra, Shainara, Grishlar.",Jasmin,comma_name_list,,"Whities: Shenn, Jasmin, Ravayne, Minerva, Rosavia,",low,no
whois_gnomette_1781580015,,Gnomette,Maia,"Gnomette peers at you cautiously (hidden). is a Maia
    (Cartographer) [Retired].
Last login 1 year, 11 months, and 19 days ago.

Whities: Shenn, Jasmin, Ravayne, Minerva, Rosavia,
         Iriana, Trisha, Josephine, Gia, Lokanna.

Darkies: Serégor, Ishtra, Shainara, Grishlar.",Ravayne,comma_name_list,,"Whities: Shenn, Jasmin, Ravayne, Minerva, Rosavia,",low,no
whois_gnomette_1781580015,,Gnomette,Maia,"Gnomette peers at you cautiously (hidden). is a Maia
    (Cartographer) [Retired].
Last login 1 year, 11 months, and 19 days ago.

Whities: Shenn, Jasmin, Ravayne, Minerva, Rosavia,
         Iriana, Trisha, Josephine, Gia, Lokanna.

Darkies: Serégor, Ishtra, Shainara, Grishlar.",Minerva,comma_name_list,,"Whities: Shenn, Jasmin, Ravayne, Minerva, Rosavia,",low,no
whois_gnomette_1781580015,,Gnomette,Maia,"Gnomette peers at you cautiously (hidden). is a Maia
    (Cartographer) [Retired].
Last login 1 year, 11 months, and 19 days ago.

Whities: Shenn, Jasmin, Ravayne, Minerva, Rosavia,
         Iriana, Trisha, Josephine, Gia, Lokanna.

Darkies: Serégor, Ishtra, Shainara, Grishlar.",Rosavia,comma_name_list,,"Whities: Shenn, Jasmin, Ravayne, Minerva, Rosavia,",low,no
whois_gnomette_1781580015,,Gnomette,Maia,"Gnomette peers at you cautiously (hidden). is a Maia
    (Cartographer) [Retired].
Last login 1 year, 11 months, and 19 days ago.

Whities: Shenn, Jasmin, Ravayne, Minerva, Rosavia,
         Iriana, Trisha, Josephine, Gia, Lokanna.

Darkies: Serégor, Ishtra, Shainara, Grishlar.",Iriana,comma_name_list,,"Iriana, Trisha, Josephine, Gia, Lokanna.",low,no
whois_gnomette_1781580015,,Gnomette,Maia,"Gnomette peers at you cautiously (hidden). is a Maia
    (Cartographer) [Retired].
Last login 1 year, 11 months, and 19 days ago.

Whities: Shenn, Jasmin, Ravayne, Minerva, Rosavia,
         Iriana, Trisha, Josephine, Gia, Lokanna.

Darkies: Serégor, Ishtra, Shainara, Grishlar.",Trisha,comma_name_list,,"Iriana, Trisha, Josephine, Gia, Lokanna.",low,no
whois_gnomette_1781580015,,Gnomette,Maia,"Gnomette peers at you cautiously (hidden). is a Maia
    (Cartographer) [Retired].
Last login 1 year, 11 months, and 19 days ago.

Whities: Shenn, Jasmin, Ravayne, Minerva, Rosavia,
         Iriana, Trisha, Josephine, Gia, Lokanna.

Darkies: Serégor, Ishtra, Shainara, Grishlar.",Josephine,comma_name_list,,"Iriana, Trisha, Josephine, Gia, Lokanna.",low,no
whois_gnomette_1781580015,,Gnomette,Maia,"Gnomette peers at you cautiously (hidden). is a Maia
    (Cartographer) [Retired].
Last login 1 year, 11 months, and 19 days ago.

Whities: Shenn, Jasmin, Ravayne, Minerva, Rosavia,
         Iriana, Trisha, Josephine, Gia, Lokanna.

Darkies: Serégor, Ishtra, Shainara, Grishlar.",Gia,comma_name_list,,"Iriana, Trisha, Josephine, Gia, Lokanna.",low,no
whois_gnomette_1781580015,,Gnomette,Maia,"Gnomette peers at you cautiously (hidden). is a Maia
    (Cartographer) [Retired].
Last login 1 year, 11 months, and 19 days ago.

Whities: Shenn, Jasmin, Ravayne, Minerva, Rosavia,
         Iriana, Trisha, Josephine, Gia, Lokanna.

Darkies: Serégor, Ishtra, Shainara, Grishlar.",Lokanna,comma_name_list,,"Iriana, Trisha, Josephine, Gia, Lokanna.",low,no
whois_gnomette_1781580015,,Gnomette,Maia,"Gnomette peers at you cautiously (hidden). is a Maia
    (Cartographer) [Retired].
Last login 1 year, 11 months, and 19 days ago.

Whities: Shenn, Jasmin, Ravayne, Minerva, Rosavia,
         Iriana, Trisha, Josephine, Gia, Lokanna.

Darkies: Serégor, Ishtra, Shainara, Grishlar.",Ishtra,comma_name_list,,"Darkies: Serégor, Ishtra, Shainara, Grishlar.",low,no
whois_gnomette_1781580015,,Gnomette,Maia,"Gnomette peers at you cautiously (hidden). is a Maia
    (Cartographer) [Retired].
Last login 1 year, 11 months, and 19 days ago.

Whities: Shenn, Jasmin, Ravayne, Minerva, Rosavia,
         Iriana, Trisha, Josephine, Gia, Lokanna.

Darkies: Serégor, Ishtra, Shainara, Grishlar.",Shainara,comma_name_list,,"Darkies: Serégor, Ishtra, Shainara, Grishlar.",low,no
whois_gnomette_1781580015,,Gnomette,Maia,"Gnomette peers at you cautiously (hidden). is a Maia
    (Cartographer) [Retired].
Last login 1 year, 11 months, and 19 days ago.

Whities: Shenn, Jasmin, Ravayne, Minerva, Rosavia,
         Iriana, Trisha, Josephine, Gia, Lokanna.

Darkies: Serégor, Ishtra, Shainara, Grishlar.",Grishlar,comma_name_list,,"Darkies: Serégor, Ishtra, Shainara, Grishlar.",low,no
whois_gríma_1781580131,,Gríma,Maia,"Gríma Wormtongue is a Maia (Cartographer) [Retired].
Last login 3 days and 3 hours ago.

Darkies
Vardamir, Meliza, Mordak, Belegûr, Morgazh, Muzgash, Mordim, Naomi, Morgae,
Mastah, Mama, Notorga, Shwong, Zigur, Morzagh, Morduin, Aulendil, Sadist,
Mishrak, Ringwraith

Whities
Merry, Tindómiel, General, Mahtan, Estella, Nalion, Kherion, Draugluin, Bomfir,
Faledrin, Aegnor",Vardamir,comma_name_list,,"Vardamir, Meliza, Mordak, Belegûr, Morgazh, Muzgash, Mordim, Naomi, Morgae,",low,no
whois_gríma_1781580131,,Gríma,Maia,"Gríma Wormtongue is a Maia (Cartographer) [Retired].
Last login 3 days and 3 hours ago.

Darkies
Vardamir, Meliza, Mordak, Belegûr, Morgazh, Muzgash, Mordim, Naomi, Morgae,
Mastah, Mama, Notorga, Shwong, Zigur, Morzagh, Morduin, Aulendil, Sadist,
Mishrak, Ringwraith

Whities
Merry, Tindómiel, General, Mahtan, Estella, Nalion, Kherion, Draugluin, Bomfir,
Faledrin, Aegnor",Meliza,comma_name_list,,"Vardamir, Meliza, Mordak, Belegûr, Morgazh, Muzgash, Mordim, Naomi, Morgae,",high,yes
whois_gríma_1781580131,,Gríma,Maia,"Gríma Wormtongue is a Maia (Cartographer) [Retired].
Last login 3 days and 3 hours ago.

Darkies
Vardamir, Meliza, Mordak, Belegûr, Morgazh, Muzgash, Mordim, Naomi, Morgae,
Mastah, Mama, Notorga, Shwong, Zigur, Morzagh, Morduin, Aulendil, Sadist,
Mishrak, Ringwraith

Whities
Merry, Tindómiel, General, Mahtan, Estella, Nalion, Kherion, Draugluin, Bomfir,
Faledrin, Aegnor",Mordak,comma_name_list,,"Vardamir, Meliza, Mordak, Belegûr, Morgazh, Muzgash, Mordim, Naomi, Morgae,",high,yes
whois_gríma_1781580131,,Gríma,Maia,"Gríma Wormtongue is a Maia (Cartographer) [Retired].
Last login 3 days and 3 hours ago.

Darkies
Vardamir, Meliza, Mordak, Belegûr, Morgazh, Muzgash, Mordim, Naomi, Morgae,
Mastah, Mama, Notorga, Shwong, Zigur, Morzagh, Morduin, Aulendil, Sadist,
Mishrak, Ringwraith

Whities
Merry, Tindómiel, General, Mahtan, Estella, Nalion, Kherion, Draugluin, Bomfir,
Faledrin, Aegnor",Belegûr,comma_name_list,,"Vardamir, Meliza, Mordak, Belegûr, Morgazh, Muzgash, Mordim, Naomi, Morgae,",low,no
whois_gríma_1781580131,,Gríma,Maia,"Gríma Wormtongue is a Maia (Cartographer) [Retired].
Last login 3 days and 3 hours ago.

Darkies
Vardamir, Meliza, Mordak, Belegûr, Morgazh, Muzgash, Mordim, Naomi, Morgae,
Mastah, Mama, Notorga, Shwong, Zigur, Morzagh, Morduin, Aulendil, Sadist,
Mishrak, Ringwraith

Whities
Merry, Tindómiel, General, Mahtan, Estella, Nalion, Kherion, Draugluin, Bomfir,
Faledrin, Aegnor",Morgazh,comma_name_list,,"Vardamir, Meliza, Mordak, Belegûr, Morgazh, Muzgash, Mordim, Naomi, Morgae,",low,no
whois_gríma_1781580131,,Gríma,Maia,"Gríma Wormtongue is a Maia (Cartographer) [Retired].
Last login 3 days and 3 hours ago.

Darkies
Vardamir, Meliza, Mordak, Belegûr, Morgazh, Muzgash, Mordim, Naomi, Morgae,
Mastah, Mama, Notorga, Shwong, Zigur, Morzagh, Morduin, Aulendil, Sadist,
Mishrak, Ringwraith

Whities
Merry, Tindómiel, General, Mahtan, Estella, Nalion, Kherion, Draugluin, Bomfir,
Faledrin, Aegnor",Muzgash,comma_name_list,,"Vardamir, Meliza, Mordak, Belegûr, Morgazh, Muzgash, Mordim, Naomi, Morgae,",low,no
whois_gríma_1781580131,,Gríma,Maia,"Gríma Wormtongue is a Maia (Cartographer) [Retired].
Last login 3 days and 3 hours ago.

Darkies
Vardamir, Meliza, Mordak, Belegûr, Morgazh, Muzgash, Mordim, Naomi, Morgae,
Mastah, Mama, Notorga, Shwong, Zigur, Morzagh, Morduin, Aulendil, Sadist,
Mishrak, Ringwraith

Whities
Merry, Tindómiel, General, Mahtan, Estella, Nalion, Kherion, Draugluin, Bomfir,
Faledrin, Aegnor",Mordim,comma_name_list,,"Vardamir, Meliza, Mordak, Belegûr, Morgazh, Muzgash, Mordim, Naomi, Morgae,",low,no
whois_gríma_1781580131,,Gríma,Maia,"Gríma Wormtongue is a Maia (Cartographer) [Retired].
Last login 3 days and 3 hours ago.

Darkies
Vardamir, Meliza, Mordak, Belegûr, Morgazh, Muzgash, Mordim, Naomi, Morgae,
Mastah, Mama, Notorga, Shwong, Zigur, Morzagh, Morduin, Aulendil, Sadist,
Mishrak, Ringwraith

Whities
Merry, Tindómiel, General, Mahtan, Estella, Nalion, Kherion, Draugluin, Bomfir,
Faledrin, Aegnor",Naomi,comma_name_list,,"Vardamir, Meliza, Mordak, Belegûr, Morgazh, Muzgash, Mordim, Naomi, Morgae,",high,yes
whois_gríma_1781580131,,Gríma,Maia,"Gríma Wormtongue is a Maia (Cartographer) [Retired].
Last login 3 days and 3 hours ago.

Darkies
Vardamir, Meliza, Mordak, Belegûr, Morgazh, Muzgash, Mordim, Naomi, Morgae,
Mastah, Mama, Notorga, Shwong, Zigur, Morzagh, Morduin, Aulendil, Sadist,
Mishrak, Ringwraith

Whities
Merry, Tindómiel, General, Mahtan, Estella, Nalion, Kherion, Draugluin, Bomfir,
Faledrin, Aegnor",Morgae,comma_name_list,,"Vardamir, Meliza, Mordak, Belegûr, Morgazh, Muzgash, Mordim, Naomi, Morgae,",low,no
whois_gríma_1781580131,,Gríma,Maia,"Gríma Wormtongue is a Maia (Cartographer) [Retired].
Last login 3 days and 3 hours ago.

Darkies
Vardamir, Meliza, Mordak, Belegûr, Morgazh, Muzgash, Mordim, Naomi, Morgae,
Mastah, Mama, Notorga, Shwong, Zigur, Morzagh, Morduin, Aulendil, Sadist,
Mishrak, Ringwraith

Whities
Merry, Tindómiel, General, Mahtan, Estella, Nalion, Kherion, Draugluin, Bomfir,
Faledrin, Aegnor",Mastah,comma_name_list,,"Mastah, Mama, Notorga, Shwong, Zigur, Morzagh, Morduin, Aulendil, Sadist,",high,yes
whois_gríma_1781580131,,Gríma,Maia,"Gríma Wormtongue is a Maia (Cartographer) [Retired].
Last login 3 days and 3 hours ago.

Darkies
Vardamir, Meliza, Mordak, Belegûr, Morgazh, Muzgash, Mordim, Naomi, Morgae,
Mastah, Mama, Notorga, Shwong, Zigur, Morzagh, Morduin, Aulendil, Sadist,
Mishrak, Ringwraith

Whities
Merry, Tindómiel, General, Mahtan, Estella, Nalion, Kherion, Draugluin, Bomfir,
Faledrin, Aegnor",Mama,comma_name_list,,"Mastah, Mama, Notorga, Shwong, Zigur, Morzagh, Morduin, Aulendil, Sadist,",low,no
whois_gríma_1781580131,,Gríma,Maia,"Gríma Wormtongue is a Maia (Cartographer) [Retired].
Last login 3 days and 3 hours ago.

Darkies
Vardamir, Meliza, Mordak, Belegûr, Morgazh, Muzgash, Mordim, Naomi, Morgae,
Mastah, Mama, Notorga, Shwong, Zigur, Morzagh, Morduin, Aulendil, Sadist,
Mishrak, Ringwraith

Whities
Merry, Tindómiel, General, Mahtan, Estella, Nalion, Kherion, Draugluin, Bomfir,
Faledrin, Aegnor",Notorga,comma_name_list,,"Mastah, Mama, Notorga, Shwong, Zigur, Morzagh, Morduin, Aulendil, Sadist,",high,yes
whois_gríma_1781580131,,Gríma,Maia,"Gríma Wormtongue is a Maia (Cartographer) [Retired].
Last login 3 days and 3 hours ago.

Darkies
Vardamir, Meliza, Mordak, Belegûr, Morgazh, Muzgash, Mordim, Naomi, Morgae,
Mastah, Mama, Notorga, Shwong, Zigur, Morzagh, Morduin, Aulendil, Sadist,
Mishrak, Ringwraith

Whities
Merry, Tindómiel, General, Mahtan, Estella, Nalion, Kherion, Draugluin, Bomfir,
Faledrin, Aegnor",Shwong,comma_name_list,,"Mastah, Mama, Notorga, Shwong, Zigur, Morzagh, Morduin, Aulendil, Sadist,",low,no
whois_gríma_1781580131,,Gríma,Maia,"Gríma Wormtongue is a Maia (Cartographer) [Retired].
Last login 3 days and 3 hours ago.

Darkies
Vardamir, Meliza, Mordak, Belegûr, Morgazh, Muzgash, Mordim, Naomi, Morgae,
Mastah, Mama, Notorga, Shwong, Zigur, Morzagh, Morduin, Aulendil, Sadist,
Mishrak, Ringwraith

Whities
Merry, Tindómiel, General, Mahtan, Estella, Nalion, Kherion, Draugluin, Bomfir,
Faledrin, Aegnor",Zigur,comma_name_list,,"Mastah, Mama, Notorga, Shwong, Zigur, Morzagh, Morduin, Aulendil, Sadist,",low,no
whois_gríma_1781580131,,Gríma,Maia,"Gríma Wormtongue is a Maia (Cartographer) [Retired].
Last login 3 days and 3 hours ago.

Darkies
Vardamir, Meliza, Mordak, Belegûr, Morgazh, Muzgash, Mordim, Naomi, Morgae,
Mastah, Mama, Notorga, Shwong, Zigur, Morzagh, Morduin, Aulendil, Sadist,
Mishrak, Ringwraith

Whities
Merry, Tindómiel, General, Mahtan, Estella, Nalion, Kherion, Draugluin, Bomfir,
Faledrin, Aegnor",Morzagh,comma_name_list,,"Mastah, Mama, Notorga, Shwong, Zigur, Morzagh, Morduin, Aulendil, Sadist,",low,no
whois_gríma_1781580131,,Gríma,Maia,"Gríma Wormtongue is a Maia (Cartographer) [Retired].
Last login 3 days and 3 hours ago.

Darkies
Vardamir, Meliza, Mordak, Belegûr, Morgazh, Muzgash, Mordim, Naomi, Morgae,
Mastah, Mama, Notorga, Shwong, Zigur, Morzagh, Morduin, Aulendil, Sadist,
Mishrak, Ringwraith

Whities
Merry, Tindómiel, General, Mahtan, Estella, Nalion, Kherion, Draugluin, Bomfir,
Faledrin, Aegnor",Morduin,comma_name_list,,"Mastah, Mama, Notorga, Shwong, Zigur, Morzagh, Morduin, Aulendil, Sadist,",low,no
whois_gríma_1781580131,,Gríma,Maia,"Gríma Wormtongue is a Maia (Cartographer) [Retired].
Last login 3 days and 3 hours ago.

Darkies
Vardamir, Meliza, Mordak, Belegûr, Morgazh, Muzgash, Mordim, Naomi, Morgae,
Mastah, Mama, Notorga, Shwong, Zigur, Morzagh, Morduin, Aulendil, Sadist,
Mishrak, Ringwraith

Whities
Merry, Tindómiel, General, Mahtan, Estella, Nalion, Kherion, Draugluin, Bomfir,
Faledrin, Aegnor",Aulendil,comma_name_list,,"Mastah, Mama, Notorga, Shwong, Zigur, Morzagh, Morduin, Aulendil, Sadist,",low,no
whois_gríma_1781580131,,Gríma,Maia,"Gríma Wormtongue is a Maia (Cartographer) [Retired].
Last login 3 days and 3 hours ago.

Darkies
Vardamir, Meliza, Mordak, Belegûr, Morgazh, Muzgash, Mordim, Naomi, Morgae,
Mastah, Mama, Notorga, Shwong, Zigur, Morzagh, Morduin, Aulendil, Sadist,
Mishrak, Ringwraith

Whities
Merry, Tindómiel, General, Mahtan, Estella, Nalion, Kherion, Draugluin, Bomfir,
Faledrin, Aegnor",Sadist,comma_name_list,,"Mastah, Mama, Notorga, Shwong, Zigur, Morzagh, Morduin, Aulendil, Sadist,",low,no
whois_gríma_1781580131,,Gríma,Maia,"Gríma Wormtongue is a Maia (Cartographer) [Retired].
Last login 3 days and 3 hours ago.

Darkies
Vardamir, Meliza, Mordak, Belegûr, Morgazh, Muzgash, Mordim, Naomi, Morgae,
Mastah, Mama, Notorga, Shwong, Zigur, Morzagh, Morduin, Aulendil, Sadist,
Mishrak, Ringwraith

Whities
Merry, Tindómiel, General, Mahtan, Estella, Nalion, Kherion, Draugluin, Bomfir,
Faledrin, Aegnor",Merry,comma_name_list,,"Merry, Tindómiel, General, Mahtan, Estella, Nalion, Kherion, Draugluin, Bomfir,",low,no
whois_gríma_1781580131,,Gríma,Maia,"Gríma Wormtongue is a Maia (Cartographer) [Retired].
Last login 3 days and 3 hours ago.

Darkies
Vardamir, Meliza, Mordak, Belegûr, Morgazh, Muzgash, Mordim, Naomi, Morgae,
Mastah, Mama, Notorga, Shwong, Zigur, Morzagh, Morduin, Aulendil, Sadist,
Mishrak, Ringwraith

Whities
Merry, Tindómiel, General, Mahtan, Estella, Nalion, Kherion, Draugluin, Bomfir,
Faledrin, Aegnor",Tindómiel,comma_name_list,,"Merry, Tindómiel, General, Mahtan, Estella, Nalion, Kherion, Draugluin, Bomfir,",low,no
whois_gríma_1781580131,,Gríma,Maia,"Gríma Wormtongue is a Maia (Cartographer) [Retired].
Last login 3 days and 3 hours ago.

Darkies
Vardamir, Meliza, Mordak, Belegûr, Morgazh, Muzgash, Mordim, Naomi, Morgae,
Mastah, Mama, Notorga, Shwong, Zigur, Morzagh, Morduin, Aulendil, Sadist,
Mishrak, Ringwraith

Whities
Merry, Tindómiel, General, Mahtan, Estella, Nalion, Kherion, Draugluin, Bomfir,
Faledrin, Aegnor",General,comma_name_list,,"Merry, Tindómiel, General, Mahtan, Estella, Nalion, Kherion, Draugluin, Bomfir,",low,no
whois_gríma_1781580131,,Gríma,Maia,"Gríma Wormtongue is a Maia (Cartographer) [Retired].
Last login 3 days and 3 hours ago.

Darkies
Vardamir, Meliza, Mordak, Belegûr, Morgazh, Muzgash, Mordim, Naomi, Morgae,
Mastah, Mama, Notorga, Shwong, Zigur, Morzagh, Morduin, Aulendil, Sadist,
Mishrak, Ringwraith

Whities
Merry, Tindómiel, General, Mahtan, Estella, Nalion, Kherion, Draugluin, Bomfir,
Faledrin, Aegnor",Mahtan,comma_name_list,,"Merry, Tindómiel, General, Mahtan, Estella, Nalion, Kherion, Draugluin, Bomfir,",low,no
whois_gríma_1781580131,,Gríma,Maia,"Gríma Wormtongue is a Maia (Cartographer) [Retired].
Last login 3 days and 3 hours ago.

Darkies
Vardamir, Meliza, Mordak, Belegûr, Morgazh, Muzgash, Mordim, Naomi, Morgae,
Mastah, Mama, Notorga, Shwong, Zigur, Morzagh, Morduin, Aulendil, Sadist,
Mishrak, Ringwraith

Whities
Merry, Tindómiel, General, Mahtan, Estella, Nalion, Kherion, Draugluin, Bomfir,
Faledrin, Aegnor",Estella,comma_name_list,,"Merry, Tindómiel, General, Mahtan, Estella, Nalion, Kherion, Draugluin, Bomfir,",low,no
whois_gríma_1781580131,,Gríma,Maia,"Gríma Wormtongue is a Maia (Cartographer) [Retired].
Last login 3 days and 3 hours ago.

Darkies
Vardamir, Meliza, Mordak, Belegûr, Morgazh, Muzgash, Mordim, Naomi, Morgae,
Mastah, Mama, Notorga, Shwong, Zigur, Morzagh, Morduin, Aulendil, Sadist,
Mishrak, Ringwraith

Whities
Merry, Tindómiel, General, Mahtan, Estella, Nalion, Kherion, Draugluin, Bomfir,
Faledrin, Aegnor",Nalion,comma_name_list,,"Merry, Tindómiel, General, Mahtan, Estella, Nalion, Kherion, Draugluin, Bomfir,",low,no
whois_gríma_1781580131,,Gríma,Maia,"Gríma Wormtongue is a Maia (Cartographer) [Retired].
Last login 3 days and 3 hours ago.

Darkies
Vardamir, Meliza, Mordak, Belegûr, Morgazh, Muzgash, Mordim, Naomi, Morgae,
Mastah, Mama, Notorga, Shwong, Zigur, Morzagh, Morduin, Aulendil, Sadist,
Mishrak, Ringwraith

Whities
Merry, Tindómiel, General, Mahtan, Estella, Nalion, Kherion, Draugluin, Bomfir,
Faledrin, Aegnor",Kherion,comma_name_list,,"Merry, Tindómiel, General, Mahtan, Estella, Nalion, Kherion, Draugluin, Bomfir,",low,no
whois_gríma_1781580131,,Gríma,Maia,"Gríma Wormtongue is a Maia (Cartographer) [Retired].
Last login 3 days and 3 hours ago.

Darkies
Vardamir, Meliza, Mordak, Belegûr, Morgazh, Muzgash, Mordim, Naomi, Morgae,
Mastah, Mama, Notorga, Shwong, Zigur, Morzagh, Morduin, Aulendil, Sadist,
Mishrak, Ringwraith

Whities
Merry, Tindómiel, General, Mahtan, Estella, Nalion, Kherion, Draugluin, Bomfir,
Faledrin, Aegnor",Draugluin,comma_name_list,,"Merry, Tindómiel, General, Mahtan, Estella, Nalion, Kherion, Draugluin, Bomfir,",low,no
whois_gríma_1781580131,,Gríma,Maia,"Gríma Wormtongue is a Maia (Cartographer) [Retired].
Last login 3 days and 3 hours ago.

Darkies
Vardamir, Meliza, Mordak, Belegûr, Morgazh, Muzgash, Mordim, Naomi, Morgae,
Mastah, Mama, Notorga, Shwong, Zigur, Morzagh, Morduin, Aulendil, Sadist,
Mishrak, Ringwraith

Whities
Merry, Tindómiel, General, Mahtan, Estella, Nalion, Kherion, Draugluin, Bomfir,
Faledrin, Aegnor",Bomfir,comma_name_list,,"Merry, Tindómiel, General, Mahtan, Estella, Nalion, Kherion, Draugluin, Bomfir,",low,no
whois_guzzi_1781586124,,Guzzi,Maia,"Guzzi . is a Maia.
Last login 10 years, 6 months, and 1 day ago.
Gubbe, Bumdur, Grease, Tlam, buth, Exburg, Zmutz, Qinlawen, Lasha, zmotz.
Sadly cant play any of them well :o)",Gubbe,comma_name_list,,"Gubbe, Bumdur, Grease, Tlam, buth, Exburg, Zmutz, Qinlawen, Lasha, zmotz.",low,no
whois_guzzi_1781586124,,Guzzi,Maia,"Guzzi . is a Maia.
Last login 10 years, 6 months, and 1 day ago.
Gubbe, Bumdur, Grease, Tlam, buth, Exburg, Zmutz, Qinlawen, Lasha, zmotz.
Sadly cant play any of them well :o)",Bumdur,comma_name_list,,"Gubbe, Bumdur, Grease, Tlam, buth, Exburg, Zmutz, Qinlawen, Lasha, zmotz.",low,no
whois_guzzi_1781586124,,Guzzi,Maia,"Guzzi . is a Maia.
Last login 10 years, 6 months, and 1 day ago.
Gubbe, Bumdur, Grease, Tlam, buth, Exburg, Zmutz, Qinlawen, Lasha, zmotz.
Sadly cant play any of them well :o)",Grease,comma_name_list,,"Gubbe, Bumdur, Grease, Tlam, buth, Exburg, Zmutz, Qinlawen, Lasha, zmotz.",low,no
whois_guzzi_1781586124,,Guzzi,Maia,"Guzzi . is a Maia.
Last login 10 years, 6 months, and 1 day ago.
Gubbe, Bumdur, Grease, Tlam, buth, Exburg, Zmutz, Qinlawen, Lasha, zmotz.
Sadly cant play any of them well :o)",Tlam,comma_name_list,,"Gubbe, Bumdur, Grease, Tlam, buth, Exburg, Zmutz, Qinlawen, Lasha, zmotz.",low,no
whois_guzzi_1781586124,,Guzzi,Maia,"Guzzi . is a Maia.
Last login 10 years, 6 months, and 1 day ago.
Gubbe, Bumdur, Grease, Tlam, buth, Exburg, Zmutz, Qinlawen, Lasha, zmotz.
Sadly cant play any of them well :o)",Exburg,comma_name_list,,"Gubbe, Bumdur, Grease, Tlam, buth, Exburg, Zmutz, Qinlawen, Lasha, zmotz.",low,no
whois_guzzi_1781586124,,Guzzi,Maia,"Guzzi . is a Maia.
Last login 10 years, 6 months, and 1 day ago.
Gubbe, Bumdur, Grease, Tlam, buth, Exburg, Zmutz, Qinlawen, Lasha, zmotz.
Sadly cant play any of them well :o)",Zmutz,comma_name_list,,"Gubbe, Bumdur, Grease, Tlam, buth, Exburg, Zmutz, Qinlawen, Lasha, zmotz.",low,no
whois_guzzi_1781586124,,Guzzi,Maia,"Guzzi . is a Maia.
Last login 10 years, 6 months, and 1 day ago.
Gubbe, Bumdur, Grease, Tlam, buth, Exburg, Zmutz, Qinlawen, Lasha, zmotz.
Sadly cant play any of them well :o)",Qinlawen,comma_name_list,,"Gubbe, Bumdur, Grease, Tlam, buth, Exburg, Zmutz, Qinlawen, Lasha, zmotz.",low,no
whois_guzzi_1781586124,,Guzzi,Maia,"Guzzi . is a Maia.
Last login 10 years, 6 months, and 1 day ago.
Gubbe, Bumdur, Grease, Tlam, buth, Exburg, Zmutz, Qinlawen, Lasha, zmotz.
Sadly cant play any of them well :o)",Lasha,comma_name_list,,"Gubbe, Bumdur, Grease, Tlam, buth, Exburg, Zmutz, Qinlawen, Lasha, zmotz.",low,no
whois_heigo_1781586191,,Heigo,Maia,"Heigo the cheater is a Maia.
Last login 1 year, 2 months, and 18 days ago.

Player of:
Ambaal, Greolta, Radikas
Krae, Mutabor, Zigurun
Blazhay, Katac",Ambaal,comma_name_list,,"Ambaal, Greolta, Radikas",low,no
whois_heigo_1781586191,,Heigo,Maia,"Heigo the cheater is a Maia.
Last login 1 year, 2 months, and 18 days ago.

Player of:
Ambaal, Greolta, Radikas
Krae, Mutabor, Zigurun
Blazhay, Katac",Greolta,comma_name_list,,"Ambaal, Greolta, Radikas",low,no
whois_heigo_1781586191,,Heigo,Maia,"Heigo the cheater is a Maia.
Last login 1 year, 2 months, and 18 days ago.

Player of:
Ambaal, Greolta, Radikas
Krae, Mutabor, Zigurun
Blazhay, Katac",Radikas,comma_name_list,,"Ambaal, Greolta, Radikas",low,no
whois_heigo_1781586191,,Heigo,Maia,"Heigo the cheater is a Maia.
Last login 1 year, 2 months, and 18 days ago.

Player of:
Ambaal, Greolta, Radikas
Krae, Mutabor, Zigurun
Blazhay, Katac",Krae,comma_name_list,,"Krae, Mutabor, Zigurun",low,no
whois_heigo_1781586191,,Heigo,Maia,"Heigo the cheater is a Maia.
Last login 1 year, 2 months, and 18 days ago.

Player of:
Ambaal, Greolta, Radikas
Krae, Mutabor, Zigurun
Blazhay, Katac",Mutabor,comma_name_list,,"Krae, Mutabor, Zigurun",low,no
whois_heigo_1781586191,,Heigo,Maia,"Heigo the cheater is a Maia.
Last login 1 year, 2 months, and 18 days ago.

Player of:
Ambaal, Greolta, Radikas
Krae, Mutabor, Zigurun
Blazhay, Katac",Zigurun,comma_name_list,,"Krae, Mutabor, Zigurun",low,no
whois_hobbi_1781586236,,Hobbi,Maia,"Hobbi the Happy Hobbit is a Maia (Wright) [Retired].
Tired of the mortal lands she departed them to live among the ainulindale.
Sitting in the Greenhouse pondering about almost everything.

Player of Iqdragon, Grover, Isabelle, Neorej.
Also Nerzhul, Spragh and Frederieke.

For all ya computer RPG-lovers http://www.rpgcomp.com",Grover,comma_name_list,,"Player of Iqdragon, Grover, Isabelle, Neorej.",low,no
whois_hobbi_1781586236,,Hobbi,Maia,"Hobbi the Happy Hobbit is a Maia (Wright) [Retired].
Tired of the mortal lands she departed them to live among the ainulindale.
Sitting in the Greenhouse pondering about almost everything.

Player of Iqdragon, Grover, Isabelle, Neorej.
Also Nerzhul, Spragh and Frederieke.

For all ya computer RPG-lovers http://www.rpgcomp.com",Isabelle,comma_name_list,,"Player of Iqdragon, Grover, Isabelle, Neorej.",low,no
whois_hobbi_1781586236,,Hobbi,Maia,"Hobbi the Happy Hobbit is a Maia (Wright) [Retired].
Tired of the mortal lands she departed them to live among the ainulindale.
Sitting in the Greenhouse pondering about almost everything.

Player of Iqdragon, Grover, Isabelle, Neorej.
Also Nerzhul, Spragh and Frederieke.

For all ya computer RPG-lovers http://www.rpgcomp.com",Neorej,comma_name_list,,"Player of Iqdragon, Grover, Isabelle, Neorej.",low,no
whois_holma_1781586252,,Holma,Maia,"…
little success,
trying to accomplish at least something he decided to learn how to
use the blessings of the Ainur and other healing magic.
It was then he got contact with the strange spirit of Holma ;)
and left Arda for the tranqulity of Valinor.

Whities: Bermon, Berwen, Boldor, Hokus, Zartran and Zulmar
Bamdur, Barnur and Zigrak newer additions.
Darkies: Blomma, Buurkh, Zugkh and Zyerithoor",Blomma,heading_name_list,Darkies,"Darkies: Blomma, Buurkh, Zugkh and Zyerithoor",medium,no
whois_holma_1781586252,,Holma,Maia,"…
little success,
trying to accomplish at least something he decided to learn how to
use the blessings of the Ainur and other healing magic.
It was then he got contact with the strange spirit of Holma ;)
and left Arda for the tranqulity of Valinor.

Whities: Bermon, Berwen, Boldor, Hokus, Zartran and Zulmar
Bamdur, Barnur and Zigrak newer additions.
Darkies: Blomma, Buurkh, Zugkh and Zyerithoor",Buurkh,heading_name_list,Darkies,"Darkies: Blomma, Buurkh, Zugkh and Zyerithoor",medium,no
whois_holma_1781586252,,Holma,Maia,"…
at once walked the face of Arda under the name of Tareth.
He tried to fight evil as a warrior but had little success,
trying to accomplish at least something he decided to learn how to
use the blessings of the Ainur and other healing magic.
It was then he got contact with the strange spirit of Holma ;)
and left Arda for the tranqulity of Valinor.

Whities: Bermon, Berwen, Boldor, Hokus, Zartran and Zulmar
Bamdur, Barnur and Zigrak newer additions.
Darkies: Blomma, Buurkh, Zugkh and Zyerithoor",Berwen,comma_name_list,,"Whities: Bermon, Berwen, Boldor, Hokus, Zartran and Zulmar",low,no
whois_holma_1781586252,,Holma,Maia,"…
at once walked the face of Arda under the name of Tareth.
He tried to fight evil as a warrior but had little success,
trying to accomplish at least something he decided to learn how to
use the blessings of the Ainur and other healing magic.
It was then he got contact with the strange spirit of Holma ;)
and left Arda for the tranqulity of Valinor.

Whities: Bermon, Berwen, Boldor, Hokus, Zartran and Zulmar
Bamdur, Barnur and Zigrak newer additions.
Darkies: Blomma, Buurkh, Zugkh and Zyerithoor",Boldor,comma_name_list,,"Whities: Bermon, Berwen, Boldor, Hokus, Zartran and Zulmar",low,no
whois_holma_1781586252,,Holma,Maia,"…
at once walked the face of Arda under the name of Tareth.
He tried to fight evil as a warrior but had little success,
trying to accomplish at least something he decided to learn how to
use the blessings of the Ainur and other healing magic.
It was then he got contact with the strange spirit of Holma ;)
and left Arda for the tranqulity of Valinor.

Whities: Bermon, Berwen, Boldor, Hokus, Zartran and Zulmar
Bamdur, Barnur and Zigrak newer additions.
Darkies: Blomma, Buurkh, Zugkh and Zyerithoor",Hokus,comma_name_list,,"Whities: Bermon, Berwen, Boldor, Hokus, Zartran and Zulmar",low,no
whois_humala_1781587051,,Humala,Maia,"Humala titless is a Maia.
Last login 3 years, 7 months, and 30 days ago from *.fi.

    Umi says shine your light on the world

    Shine your light for the world to see",Umi,quoted_speaker,,Umi says shine your light on the world,medium,no
whois_imatin_1781587113,,Imatin,Maia,"Imatin the Mudlet Package Builder and Tweaker is a Maia
    (Builder).
Some mortals: Kaldae, Einor, Faabrat, Glorwen, Mordah, Slegga, Usrhk
Faabrat, Azrubel, Batter, Yrja, Ruarc and Rivendil!

Currently working on: Making a pre-configured MUDLET package for mume with:
- aliases for targetting, doors etc
- actions for simple things like colourmarking being hungry
- markings on some herbs, examples to make your own
- communications window (hide, unhide) for tells/narrates
- spell timers
…",Einor,comma_name_list,,"Some mortals: Kaldae, Einor, Faabrat, Glorwen, Mordah, Slegga, Usrhk",low,no
whois_imatin_1781587113,,Imatin,Maia,"Imatin the Mudlet Package Builder and Tweaker is a Maia
    (Builder).
Some mortals: Kaldae, Einor, Faabrat, Glorwen, Mordah, Slegga, Usrhk
Faabrat, Azrubel, Batter, Yrja, Ruarc and Rivendil!

Currently working on: Making a pre-configured MUDLET package for mume with:
- aliases for targetting, doors etc
- actions for simple things like colourmarking being hungry
- markings on some herbs, examples to make your own
- communications window (hide, unhide) for tells/narrates
- spell timers
…",Faabrat,comma_name_list,,"Some mortals: Kaldae, Einor, Faabrat, Glorwen, Mordah, Slegga, Usrhk",low,no
whois_imatin_1781587113,,Imatin,Maia,"Imatin the Mudlet Package Builder and Tweaker is a Maia
    (Builder).
Some mortals: Kaldae, Einor, Faabrat, Glorwen, Mordah, Slegga, Usrhk
Faabrat, Azrubel, Batter, Yrja, Ruarc and Rivendil!

Currently working on: Making a pre-configured MUDLET package for mume with:
- aliases for targetting, doors etc
- actions for simple things like colourmarking being hungry
- markings on some herbs, examples to make your own
- communications window (hide, unhide) for tells/narrates
- spell timers
…",Glorwen,comma_name_list,,"Some mortals: Kaldae, Einor, Faabrat, Glorwen, Mordah, Slegga, Usrhk",low,no
whois_imatin_1781587113,,Imatin,Maia,"Imatin the Mudlet Package Builder and Tweaker is a Maia
    (Builder).
Some mortals: Kaldae, Einor, Faabrat, Glorwen, Mordah, Slegga, Usrhk
Faabrat, Azrubel, Batter, Yrja, Ruarc and Rivendil!

Currently working on: Making a pre-configured MUDLET package for mume with:
- aliases for targetting, doors etc
- actions for simple things like colourmarking being hungry
- markings on some herbs, examples to make your own
- communications window (hide, unhide) for tells/narrates
- spell timers
…",Mordah,comma_name_list,,"Some mortals: Kaldae, Einor, Faabrat, Glorwen, Mordah, Slegga, Usrhk",low,no
whois_imatin_1781587113,,Imatin,Maia,"Imatin the Mudlet Package Builder and Tweaker is a Maia
    (Builder).
Some mortals: Kaldae, Einor, Faabrat, Glorwen, Mordah, Slegga, Usrhk
Faabrat, Azrubel, Batter, Yrja, Ruarc and Rivendil!

Currently working on: Making a pre-configured MUDLET package for mume with:
- aliases for targetting, doors etc
- actions for simple things like colourmarking being hungry
- markings on some herbs, examples to make your own
- communications window (hide, unhide) for tells/narrates
- spell timers
…",Slegga,comma_name_list,,"Some mortals: Kaldae, Einor, Faabrat, Glorwen, Mordah, Slegga, Usrhk",low,no
whois_imatin_1781587113,,Imatin,Maia,"Imatin the Mudlet Package Builder and Tweaker is a Maia
    (Builder).
Some mortals: Kaldae, Einor, Faabrat, Glorwen, Mordah, Slegga, Usrhk
Faabrat, Azrubel, Batter, Yrja, Ruarc and Rivendil!

Currently working on: Making a pre-configured MUDLET package for mume with:
- aliases for targetting, doors etc
- actions for simple things like colourmarking being hungry
- markings on some herbs, examples to make your own
- communications window (hide, unhide) for tells/narrates
- spell timers
…",Usrhk,comma_name_list,,"Some mortals: Kaldae, Einor, Faabrat, Glorwen, Mordah, Slegga, Usrhk",low,no
whois_imatin_1781587113,,Imatin,Maia,"Imatin the Mudlet Package Builder and Tweaker is a Maia
    (Builder).
Some mortals: Kaldae, Einor, Faabrat, Glorwen, Mordah, Slegga, Usrhk
Faabrat, Azrubel, Batter, Yrja, Ruarc and Rivendil!

Currently working on: Making a pre-configured MUDLET package for mume with:
- aliases for targetting, doors etc
- actions for simple things like colourmarking being hungry
- markings on some herbs, examples to make your own
- communications window (hide, unhide) for tells/narrates
- spell timers, static shown targets and spell speed, spell tracke
…",Faabrat,comma_name_list,,"Faabrat, Azrubel, Batter, Yrja, Ruarc and Rivendil!",low,no
whois_imatin_1781587113,,Imatin,Maia,"Imatin the Mudlet Package Builder and Tweaker is a Maia
    (Builder).
Some mortals: Kaldae, Einor, Faabrat, Glorwen, Mordah, Slegga, Usrhk
Faabrat, Azrubel, Batter, Yrja, Ruarc and Rivendil!

Currently working on: Making a pre-configured MUDLET package for mume with:
- aliases for targetting, doors etc
- actions for simple things like colourmarking being hungry
- markings on some herbs, examples to make your own
- communications window (hide, unhide) for tells/narrates
- spell timers, static shown targets and spell speed, spell tracke
…",Azrubel,comma_name_list,,"Faabrat, Azrubel, Batter, Yrja, Ruarc and Rivendil!",low,no
whois_imatin_1781587113,,Imatin,Maia,"Imatin the Mudlet Package Builder and Tweaker is a Maia
    (Builder).
Some mortals: Kaldae, Einor, Faabrat, Glorwen, Mordah, Slegga, Usrhk
Faabrat, Azrubel, Batter, Yrja, Ruarc and Rivendil!

Currently working on: Making a pre-configured MUDLET package for mume with:
- aliases for targetting, doors etc
- actions for simple things like colourmarking being hungry
- markings on some herbs, examples to make your own
- communications window (hide, unhide) for tells/narrates
- spell timers, static shown targets and spell speed, spell tracke
…",Batter,comma_name_list,,"Faabrat, Azrubel, Batter, Yrja, Ruarc and Rivendil!",low,no
whois_imatin_1781587113,,Imatin,Maia,"Imatin the Mudlet Package Builder and Tweaker is a Maia
    (Builder).
Some mortals: Kaldae, Einor, Faabrat, Glorwen, Mordah, Slegga, Usrhk
Faabrat, Azrubel, Batter, Yrja, Ruarc and Rivendil!

Currently working on: Making a pre-configured MUDLET package for mume with:
- aliases for targetting, doors etc
- actions for simple things like colourmarking being hungry
- markings on some herbs, examples to make your own
- communications window (hide, unhide) for tells/narrates
- spell timers, static shown targets and spell speed, spell tracke
…",Yrja,comma_name_list,,"Faabrat, Azrubel, Batter, Yrja, Ruarc and Rivendil!",low,no
whois_ioméne_1781587173,,Ioméne,Maia,"Ioméne is a Maia.
Last login 12 years, 9 months, and 27 days ago from [numerical
    address].

Poll: Gott & Blandat or Bridgeblandning.

Gott & Blandat: Feanor, Sistina, Azylic, Miyahk, Mandor, Kazan, Draken,
Dragoth, Gattling, Meliza, Giha, Donnamira, Atlas, Ponja, Ausir, Bogger,
Ling, Vrorin, Rocksteady.

Bridgeblaning: Aiele, Amandil, Atanatar, Fankil, Bjorne, Zlam.",Sistina,comma_name_list,,"Gott & Blandat: Feanor, Sistina, Azylic, Miyahk, Mandor, Kazan, Draken,",high,yes
whois_ioméne_1781587173,,Ioméne,Maia,"Ioméne is a Maia.
Last login 12 years, 9 months, and 27 days ago from [numerical
    address].

Poll: Gott & Blandat or Bridgeblandning.

Gott & Blandat: Feanor, Sistina, Azylic, Miyahk, Mandor, Kazan, Draken,
Dragoth, Gattling, Meliza, Giha, Donnamira, Atlas, Ponja, Ausir, Bogger,
Ling, Vrorin, Rocksteady.

Bridgeblaning: Aiele, Amandil, Atanatar, Fankil, Bjorne, Zlam.",Azylic,comma_name_list,,"Gott & Blandat: Feanor, Sistina, Azylic, Miyahk, Mandor, Kazan, Draken,",high,yes
whois_ioméne_1781587173,,Ioméne,Maia,"Ioméne is a Maia.
Last login 12 years, 9 months, and 27 days ago from [numerical
    address].

Poll: Gott & Blandat or Bridgeblandning.

Gott & Blandat: Feanor, Sistina, Azylic, Miyahk, Mandor, Kazan, Draken,
Dragoth, Gattling, Meliza, Giha, Donnamira, Atlas, Ponja, Ausir, Bogger,
Ling, Vrorin, Rocksteady.

Bridgeblaning: Aiele, Amandil, Atanatar, Fankil, Bjorne, Zlam.",Miyahk,comma_name_list,,"Gott & Blandat: Feanor, Sistina, Azylic, Miyahk, Mandor, Kazan, Draken,",high,yes
whois_ioméne_1781587173,,Ioméne,Maia,"Ioméne is a Maia.
Last login 12 years, 9 months, and 27 days ago from [numerical
    address].

Poll: Gott & Blandat or Bridgeblandning.

Gott & Blandat: Feanor, Sistina, Azylic, Miyahk, Mandor, Kazan, Draken,
Dragoth, Gattling, Meliza, Giha, Donnamira, Atlas, Ponja, Ausir, Bogger,
Ling, Vrorin, Rocksteady.

Bridgeblaning: Aiele, Amandil, Atanatar, Fankil, Bjorne, Zlam.",Mandor,comma_name_list,,"Gott & Blandat: Feanor, Sistina, Azylic, Miyahk, Mandor, Kazan, Draken,",high,yes
whois_ioméne_1781587173,,Ioméne,Maia,"Ioméne is a Maia.
Last login 12 years, 9 months, and 27 days ago from [numerical
    address].

Poll: Gott & Blandat or Bridgeblandning.

Gott & Blandat: Feanor, Sistina, Azylic, Miyahk, Mandor, Kazan, Draken,
Dragoth, Gattling, Meliza, Giha, Donnamira, Atlas, Ponja, Ausir, Bogger,
Ling, Vrorin, Rocksteady.

Bridgeblaning: Aiele, Amandil, Atanatar, Fankil, Bjorne, Zlam.",Kazan,comma_name_list,,"Gott & Blandat: Feanor, Sistina, Azylic, Miyahk, Mandor, Kazan, Draken,",high,yes
whois_ioméne_1781587173,,Ioméne,Maia,"Ioméne is a Maia.
Last login 12 years, 9 months, and 27 days ago from [numerical
    address].

Poll: Gott & Blandat or Bridgeblandning.

Gott & Blandat: Feanor, Sistina, Azylic, Miyahk, Mandor, Kazan, Draken,
Dragoth, Gattling, Meliza, Giha, Donnamira, Atlas, Ponja, Ausir, Bogger,
Ling, Vrorin, Rocksteady.

Bridgeblaning: Aiele, Amandil, Atanatar, Fankil, Bjorne, Zlam.",Draken,comma_name_list,,"Gott & Blandat: Feanor, Sistina, Azylic, Miyahk, Mandor, Kazan, Draken,",low,no
whois_ioméne_1781587173,,Ioméne,Maia,"Ioméne is a Maia.
Last login 12 years, 9 months, and 27 days ago from [numerical
    address].

Poll: Gott & Blandat or Bridgeblandning.

Gott & Blandat: Feanor, Sistina, Azylic, Miyahk, Mandor, Kazan, Draken,
Dragoth, Gattling, Meliza, Giha, Donnamira, Atlas, Ponja, Ausir, Bogger,
Ling, Vrorin, Rocksteady.

Bridgeblaning: Aiele, Amandil, Atanatar, Fankil, Bjorne, Zlam.",Dragoth,comma_name_list,,"Dragoth, Gattling, Meliza, Giha, Donnamira, Atlas, Ponja, Ausir, Bogger,",high,yes
whois_ioméne_1781587173,,Ioméne,Maia,"Ioméne is a Maia.
Last login 12 years, 9 months, and 27 days ago from [numerical
    address].

Poll: Gott & Blandat or Bridgeblandning.

Gott & Blandat: Feanor, Sistina, Azylic, Miyahk, Mandor, Kazan, Draken,
Dragoth, Gattling, Meliza, Giha, Donnamira, Atlas, Ponja, Ausir, Bogger,
Ling, Vrorin, Rocksteady.

Bridgeblaning: Aiele, Amandil, Atanatar, Fankil, Bjorne, Zlam.",Gattling,comma_name_list,,"Dragoth, Gattling, Meliza, Giha, Donnamira, Atlas, Ponja, Ausir, Bogger,",high,yes
whois_ioméne_1781587173,,Ioméne,Maia,"Ioméne is a Maia.
Last login 12 years, 9 months, and 27 days ago from [numerical
    address].

Poll: Gott & Blandat or Bridgeblandning.

Gott & Blandat: Feanor, Sistina, Azylic, Miyahk, Mandor, Kazan, Draken,
Dragoth, Gattling, Meliza, Giha, Donnamira, Atlas, Ponja, Ausir, Bogger,
Ling, Vrorin, Rocksteady.

Bridgeblaning: Aiele, Amandil, Atanatar, Fankil, Bjorne, Zlam.",Meliza,comma_name_list,,"Dragoth, Gattling, Meliza, Giha, Donnamira, Atlas, Ponja, Ausir, Bogger,",high,yes
whois_ioméne_1781587173,,Ioméne,Maia,"Ioméne is a Maia.
Last login 12 years, 9 months, and 27 days ago from [numerical
    address].

Poll: Gott & Blandat or Bridgeblandning.

Gott & Blandat: Feanor, Sistina, Azylic, Miyahk, Mandor, Kazan, Draken,
Dragoth, Gattling, Meliza, Giha, Donnamira, Atlas, Ponja, Ausir, Bogger,
Ling, Vrorin, Rocksteady.

Bridgeblaning: Aiele, Amandil, Atanatar, Fankil, Bjorne, Zlam.",Giha,comma_name_list,,"Dragoth, Gattling, Meliza, Giha, Donnamira, Atlas, Ponja, Ausir, Bogger,",low,no
whois_ioméne_1781587173,,Ioméne,Maia,"Ioméne is a Maia.
Last login 12 years, 9 months, and 27 days ago from [numerical
    address].

Poll: Gott & Blandat or Bridgeblandning.

Gott & Blandat: Feanor, Sistina, Azylic, Miyahk, Mandor, Kazan, Draken,
Dragoth, Gattling, Meliza, Giha, Donnamira, Atlas, Ponja, Ausir, Bogger,
Ling, Vrorin, Rocksteady.

Bridgeblaning: Aiele, Amandil, Atanatar, Fankil, Bjorne, Zlam.",Donnamira,comma_name_list,,"Dragoth, Gattling, Meliza, Giha, Donnamira, Atlas, Ponja, Ausir, Bogger,",low,no
whois_ioméne_1781587173,,Ioméne,Maia,"Ioméne is a Maia.
Last login 12 years, 9 months, and 27 days ago from [numerical
    address].

Poll: Gott & Blandat or Bridgeblandning.

Gott & Blandat: Feanor, Sistina, Azylic, Miyahk, Mandor, Kazan, Draken,
Dragoth, Gattling, Meliza, Giha, Donnamira, Atlas, Ponja, Ausir, Bogger,
Ling, Vrorin, Rocksteady.

Bridgeblaning: Aiele, Amandil, Atanatar, Fankil, Bjorne, Zlam.",Atlas,comma_name_list,,"Dragoth, Gattling, Meliza, Giha, Donnamira, Atlas, Ponja, Ausir, Bogger,",high,yes
whois_ioméne_1781587173,,Ioméne,Maia,"Ioméne is a Maia.
Last login 12 years, 9 months, and 27 days ago from [numerical
    address].

Poll: Gott & Blandat or Bridgeblandning.

Gott & Blandat: Feanor, Sistina, Azylic, Miyahk, Mandor, Kazan, Draken,
Dragoth, Gattling, Meliza, Giha, Donnamira, Atlas, Ponja, Ausir, Bogger,
Ling, Vrorin, Rocksteady.

Bridgeblaning: Aiele, Amandil, Atanatar, Fankil, Bjorne, Zlam.",Ponja,comma_name_list,,"Dragoth, Gattling, Meliza, Giha, Donnamira, Atlas, Ponja, Ausir, Bogger,",low,no
whois_ioméne_1781587173,,Ioméne,Maia,"Ioméne is a Maia.
Last login 12 years, 9 months, and 27 days ago from [numerical
    address].

Poll: Gott & Blandat or Bridgeblandning.

Gott & Blandat: Feanor, Sistina, Azylic, Miyahk, Mandor, Kazan, Draken,
Dragoth, Gattling, Meliza, Giha, Donnamira, Atlas, Ponja, Ausir, Bogger,
Ling, Vrorin, Rocksteady.

Bridgeblaning: Aiele, Amandil, Atanatar, Fankil, Bjorne, Zlam.",Ausir,comma_name_list,,"Dragoth, Gattling, Meliza, Giha, Donnamira, Atlas, Ponja, Ausir, Bogger,",high,yes
whois_ioméne_1781587173,,Ioméne,Maia,"Ioméne is a Maia.
Last login 12 years, 9 months, and 27 days ago from [numerical
    address].

Poll: Gott & Blandat or Bridgeblandning.

Gott & Blandat: Feanor, Sistina, Azylic, Miyahk, Mandor, Kazan, Draken,
Dragoth, Gattling, Meliza, Giha, Donnamira, Atlas, Ponja, Ausir, Bogger,
Ling, Vrorin, Rocksteady.

Bridgeblaning: Aiele, Amandil, Atanatar, Fankil, Bjorne, Zlam.",Bogger,comma_name_list,,"Dragoth, Gattling, Meliza, Giha, Donnamira, Atlas, Ponja, Ausir, Bogger,",high,yes
whois_ioméne_1781587173,,Ioméne,Maia,"Ioméne is a Maia.
Last login 12 years, 9 months, and 27 days ago from [numerical
    address].

Poll: Gott & Blandat or Bridgeblandning.

Gott & Blandat: Feanor, Sistina, Azylic, Miyahk, Mandor, Kazan, Draken,
Dragoth, Gattling, Meliza, Giha, Donnamira, Atlas, Ponja, Ausir, Bogger,
Ling, Vrorin, Rocksteady.

Bridgeblaning: Aiele, Amandil, Atanatar, Fankil, Bjorne, Zlam.",Ling,comma_name_list,,"Ling, Vrorin, Rocksteady.",high,yes
whois_ioméne_1781587173,,Ioméne,Maia,"Ioméne is a Maia.
Last login 12 years, 9 months, and 27 days ago from [numerical
    address].

Poll: Gott & Blandat or Bridgeblandning.

Gott & Blandat: Feanor, Sistina, Azylic, Miyahk, Mandor, Kazan, Draken,
Dragoth, Gattling, Meliza, Giha, Donnamira, Atlas, Ponja, Ausir, Bogger,
Ling, Vrorin, Rocksteady.

Bridgeblaning: Aiele, Amandil, Atanatar, Fankil, Bjorne, Zlam.",Vrorin,comma_name_list,,"Ling, Vrorin, Rocksteady.",low,no
whois_ioméne_1781587173,,Ioméne,Maia,"Ioméne is a Maia.
Last login 12 years, 9 months, and 27 days ago from [numerical
    address].

Poll: Gott & Blandat or Bridgeblandning.

Gott & Blandat: Feanor, Sistina, Azylic, Miyahk, Mandor, Kazan, Draken,
Dragoth, Gattling, Meliza, Giha, Donnamira, Atlas, Ponja, Ausir, Bogger,
Ling, Vrorin, Rocksteady.

Bridgeblaning: Aiele, Amandil, Atanatar, Fankil, Bjorne, Zlam.",Rocksteady,comma_name_list,,"Ling, Vrorin, Rocksteady.",low,no
whois_ioméne_1781587173,,Ioméne,Maia,"Ioméne is a Maia.
Last login 12 years, 9 months, and 27 days ago from [numerical
    address].

Poll: Gott & Blandat or Bridgeblandning.

Gott & Blandat: Feanor, Sistina, Azylic, Miyahk, Mandor, Kazan, Draken,
Dragoth, Gattling, Meliza, Giha, Donnamira, Atlas, Ponja, Ausir, Bogger,
Ling, Vrorin, Rocksteady.

Bridgeblaning: Aiele, Amandil, Atanatar, Fankil, Bjorne, Zlam.",Amandil,comma_name_list,,"Bridgeblaning: Aiele, Amandil, Atanatar, Fankil, Bjorne, Zlam.",high,yes
whois_ioméne_1781587173,,Ioméne,Maia,"Ioméne is a Maia.
Last login 12 years, 9 months, and 27 days ago from [numerical
    address].

Poll: Gott & Blandat or Bridgeblandning.

Gott & Blandat: Feanor, Sistina, Azylic, Miyahk, Mandor, Kazan, Draken,
Dragoth, Gattling, Meliza, Giha, Donnamira, Atlas, Ponja, Ausir, Bogger,
Ling, Vrorin, Rocksteady.

Bridgeblaning: Aiele, Amandil, Atanatar, Fankil, Bjorne, Zlam.",Atanatar,comma_name_list,,"Bridgeblaning: Aiele, Amandil, Atanatar, Fankil, Bjorne, Zlam.",high,yes
whois_ioméne_1781587173,,Ioméne,Maia,"Ioméne is a Maia.
Last login 12 years, 9 months, and 27 days ago from [numerical
    address].

Poll: Gott & Blandat or Bridgeblandning.

Gott & Blandat: Feanor, Sistina, Azylic, Miyahk, Mandor, Kazan, Draken,
Dragoth, Gattling, Meliza, Giha, Donnamira, Atlas, Ponja, Ausir, Bogger,
Ling, Vrorin, Rocksteady.

Bridgeblaning: Aiele, Amandil, Atanatar, Fankil, Bjorne, Zlam.",Fankil,comma_name_list,,"Bridgeblaning: Aiele, Amandil, Atanatar, Fankil, Bjorne, Zlam.",high,yes
whois_ioméne_1781587173,,Ioméne,Maia,"Ioméne is a Maia.
Last login 12 years, 9 months, and 27 days ago from [numerical
    address].

Poll: Gott & Blandat or Bridgeblandning.

Gott & Blandat: Feanor, Sistina, Azylic, Miyahk, Mandor, Kazan, Draken,
Dragoth, Gattling, Meliza, Giha, Donnamira, Atlas, Ponja, Ausir, Bogger,
Ling, Vrorin, Rocksteady.

Bridgeblaning: Aiele, Amandil, Atanatar, Fankil, Bjorne, Zlam.",Bjorne,comma_name_list,,"Bridgeblaning: Aiele, Amandil, Atanatar, Fankil, Bjorne, Zlam.",high,yes
whois_ioméne_1781587173,,Ioméne,Maia,"Ioméne is a Maia.
Last login 12 years, 9 months, and 27 days ago from [numerical
    address].

Poll: Gott & Blandat or Bridgeblandning.

Gott & Blandat: Feanor, Sistina, Azylic, Miyahk, Mandor, Kazan, Draken,
Dragoth, Gattling, Meliza, Giha, Donnamira, Atlas, Ponja, Ausir, Bogger,
Ling, Vrorin, Rocksteady.

Bridgeblaning: Aiele, Amandil, Atanatar, Fankil, Bjorne, Zlam.",Zlam,comma_name_list,,"Bridgeblaning: Aiele, Amandil, Atanatar, Fankil, Bjorne, Zlam.",high,yes
whois_irikan_1781587178,,Irikan,Maia,"…
etired].
Last login 18 years, 2 months, and 14 days ago from *.net.
""Life goes by, so do years, and wisdom grows
while the clock steps move farther and farther...
The wise became wiser and have now found a new destiny in life...
Departing to the forever blessed lands of Valinor,
to also forever join the ones who, like him, found their destiny...""

Free People: Alohran, Arikah, Kotm, Irilion, Arafhos, Iriverok
Minions of Sauron: Shadows
www.mumechile.tk - www.geocities.com/alohran_alaher/fttdindex.html",Arikah,comma_name_list,,"Free People: Alohran, Arikah, Kotm, Irilion, Arafhos, Iriverok",low,no
whois_irikan_1781587178,,Irikan,Maia,"…
etired].
Last login 18 years, 2 months, and 14 days ago from *.net.
""Life goes by, so do years, and wisdom grows
while the clock steps move farther and farther...
The wise became wiser and have now found a new destiny in life...
Departing to the forever blessed lands of Valinor,
to also forever join the ones who, like him, found their destiny...""

Free People: Alohran, Arikah, Kotm, Irilion, Arafhos, Iriverok
Minions of Sauron: Shadows
www.mumechile.tk - www.geocities.com/alohran_alaher/fttdindex.html",Kotm,comma_name_list,,"Free People: Alohran, Arikah, Kotm, Irilion, Arafhos, Iriverok",low,no
whois_irikan_1781587178,,Irikan,Maia,"…
etired].
Last login 18 years, 2 months, and 14 days ago from *.net.
""Life goes by, so do years, and wisdom grows
while the clock steps move farther and farther...
The wise became wiser and have now found a new destiny in life...
Departing to the forever blessed lands of Valinor,
to also forever join the ones who, like him, found their destiny...""

Free People: Alohran, Arikah, Kotm, Irilion, Arafhos, Iriverok
Minions of Sauron: Shadows
www.mumechile.tk - www.geocities.com/alohran_alaher/fttdindex.html",Irilion,comma_name_list,,"Free People: Alohran, Arikah, Kotm, Irilion, Arafhos, Iriverok",low,no
whois_irikan_1781587178,,Irikan,Maia,"…
etired].
Last login 18 years, 2 months, and 14 days ago from *.net.
""Life goes by, so do years, and wisdom grows
while the clock steps move farther and farther...
The wise became wiser and have now found a new destiny in life...
Departing to the forever blessed lands of Valinor,
to also forever join the ones who, like him, found their destiny...""

Free People: Alohran, Arikah, Kotm, Irilion, Arafhos, Iriverok
Minions of Sauron: Shadows
www.mumechile.tk - www.geocities.com/alohran_alaher/fttdindex.html",Arafhos,comma_name_list,,"Free People: Alohran, Arikah, Kotm, Irilion, Arafhos, Iriverok",low,no
whois_irikan_1781587178,,Irikan,Maia,"…
etired].
Last login 18 years, 2 months, and 14 days ago from *.net.
""Life goes by, so do years, and wisdom grows
while the clock steps move farther and farther...
The wise became wiser and have now found a new destiny in life...
Departing to the forever blessed lands of Valinor,
to also forever join the ones who, like him, found their destiny...""

Free People: Alohran, Arikah, Kotm, Irilion, Arafhos, Iriverok
Minions of Sauron: Shadows
www.mumechile.tk - www.geocities.com/alohran_alaher/fttdindex.html",Iriverok,comma_name_list,,"Free People: Alohran, Arikah, Kotm, Irilion, Arafhos, Iriverok",low,no
whois_izual_1781603824,,Izual,Maia,"Izual of the Plains is a Maia (Cartographer).

Armies of the West - Rakshasa, Stratos, Gusto, Imperia, Dreux 
Forces of the Dark Lord - Morgue, Imacolata, Ozehael 

                   Vote for MUME!

        The Mud Connector:  http://goo.gl/lQkpjJ",Forces,comma_name_list,,"Forces of the Dark Lord - Morgue, Imacolata, Ozehael",low,no
whois_izual_1781603824,,Izual,Maia,"Izual of the Plains is a Maia (Cartographer).

Armies of the West - Rakshasa, Stratos, Gusto, Imperia, Dreux 
Forces of the Dark Lord - Morgue, Imacolata, Ozehael 

                   Vote for MUME!

        The Mud Connector:  http://goo.gl/lQkpjJ",Dark,comma_name_list,,"Forces of the Dark Lord - Morgue, Imacolata, Ozehael",low,no
whois_izual_1781603824,,Izual,Maia,"Izual of the Plains is a Maia (Cartographer).

Armies of the West - Rakshasa, Stratos, Gusto, Imperia, Dreux 
Forces of the Dark Lord - Morgue, Imacolata, Ozehael 

                   Vote for MUME!

        The Mud Connector:  http://goo.gl/lQkpjJ",Lord,comma_name_list,,"Forces of the Dark Lord - Morgue, Imacolata, Ozehael",low,no
whois_jahara_1781603857,,Jahara,"Vala, one of the Aratar","Jahara the Hobbit Cartographer 🗺 is a Vala, one of
    the Aratar.
     Soldiers of the West           Forces of the Dark Lord   ' /¯\ '
                                                              ||(O)||
   Kedra, Novari, Derinol,          Trul, Edward, Jartun,      \\_//
   Happosai, Diode, Israfel,        Lenny                      |'''|
   Tibor, Doug, Négil,                                         |  '|
   Díli, Iroj, Kelvin, Nátu,        Ocher, Bargle              | ''|
   Snori, Baldir, Herald,                                      /'  \
   Lotto, Itachi, Gretel                                       |' '|
…",Kedra,comma_name_list,,"Kedra, Novari, Derinol,          Trul, Edward, Jartun,      \\_//",low,no
whois_jahara_1781603857,,Jahara,"Vala, one of the Aratar","Jahara the Hobbit Cartographer 🗺 is a Vala, one of
    the Aratar.
     Soldiers of the West           Forces of the Dark Lord   ' /¯\ '
                                                              ||(O)||
   Kedra, Novari, Derinol,          Trul, Edward, Jartun,      \\_//
   Happosai, Diode, Israfel,        Lenny                      |'''|
   Tibor, Doug, Négil,                                         |  '|
   Díli, Iroj, Kelvin, Nátu,        Ocher, Bargle              | ''|
   Snori, Baldir, Herald,                                      /'  \
   Lotto, Itachi, Gretel                                       |' '|
…",Novari,comma_name_list,,"Kedra, Novari, Derinol,          Trul, Edward, Jartun,      \\_//",low,no
whois_jahara_1781603857,,Jahara,"Vala, one of the Aratar","Jahara the Hobbit Cartographer 🗺 is a Vala, one of
    the Aratar.
     Soldiers of the West           Forces of the Dark Lord   ' /¯\ '
                                                              ||(O)||
   Kedra, Novari, Derinol,          Trul, Edward, Jartun,      \\_//
   Happosai, Diode, Israfel,        Lenny                      |'''|
   Tibor, Doug, Négil,                                         |  '|
   Díli, Iroj, Kelvin, Nátu,        Ocher, Bargle              | ''|
   Snori, Baldir, Herald,                                      /'  \
   Lotto, Itachi, Gretel                                       |' '|
…",Derinol,comma_name_list,,"Kedra, Novari, Derinol,          Trul, Edward, Jartun,      \\_//",low,no
whois_jahara_1781603857,,Jahara,"Vala, one of the Aratar","Jahara the Hobbit Cartographer 🗺 is a Vala, one of
    the Aratar.
     Soldiers of the West           Forces of the Dark Lord   ' /¯\ '
                                                              ||(O)||
   Kedra, Novari, Derinol,          Trul, Edward, Jartun,      \\_//
   Happosai, Diode, Israfel,        Lenny                      |'''|
   Tibor, Doug, Négil,                                         |  '|
   Díli, Iroj, Kelvin, Nátu,        Ocher, Bargle              | ''|
   Snori, Baldir, Herald,                                      /'  \
   Lotto, Itachi, Gretel                                       |' '|
…",Trul,comma_name_list,,"Kedra, Novari, Derinol,          Trul, Edward, Jartun,      \\_//",low,no
whois_jahara_1781603857,,Jahara,"Vala, one of the Aratar","Jahara the Hobbit Cartographer 🗺 is a Vala, one of
    the Aratar.
     Soldiers of the West           Forces of the Dark Lord   ' /¯\ '
                                                              ||(O)||
   Kedra, Novari, Derinol,          Trul, Edward, Jartun,      \\_//
   Happosai, Diode, Israfel,        Lenny                      |'''|
   Tibor, Doug, Négil,                                         |  '|
   Díli, Iroj, Kelvin, Nátu,        Ocher, Bargle              | ''|
   Snori, Baldir, Herald,                                      /'  \
   Lotto, Itachi, Gretel                                       |' '|
…",Edward,comma_name_list,,"Kedra, Novari, Derinol,          Trul, Edward, Jartun,      \\_//",low,no
whois_jahara_1781603857,,Jahara,"Vala, one of the Aratar","Jahara the Hobbit Cartographer 🗺 is a Vala, one of
    the Aratar.
     Soldiers of the West           Forces of the Dark Lord   ' /¯\ '
                                                              ||(O)||
   Kedra, Novari, Derinol,          Trul, Edward, Jartun,      \\_//
   Happosai, Diode, Israfel,        Lenny                      |'''|
   Tibor, Doug, Négil,                                         |  '|
   Díli, Iroj, Kelvin, Nátu,        Ocher, Bargle              | ''|
   Snori, Baldir, Herald,                                      /'  \
   Lotto, Itachi, Gretel                                       |' '|
…",Jartun,comma_name_list,,"Kedra, Novari, Derinol,          Trul, Edward, Jartun,      \\_//",low,no
whois_jahara_1781603857,,Jahara,"Vala, one of the Aratar","Jahara the Hobbit Cartographer 🗺 is a Vala, one of
    the Aratar.
     Soldiers of the West           Forces of the Dark Lord   ' /¯\ '
                                                              ||(O)||
   Kedra, Novari, Derinol,          Trul, Edward, Jartun,      \\_//
   Happosai, Diode, Israfel,        Lenny                      |'''|
   Tibor, Doug, Négil,                                         |  '|
   Díli, Iroj, Kelvin, Nátu,        Ocher, Bargle              | ''|
   Snori, Baldir, Herald,                                      /'  \
   Lotto, Itachi, Gretel                                       |' '|
                                                              / '   \
…",Happosai,comma_name_list,,"Happosai, Diode, Israfel,        Lenny                      |'''|",low,no
whois_jahara_1781603857,,Jahara,"Vala, one of the Aratar","Jahara the Hobbit Cartographer 🗺 is a Vala, one of
    the Aratar.
     Soldiers of the West           Forces of the Dark Lord   ' /¯\ '
                                                              ||(O)||
   Kedra, Novari, Derinol,          Trul, Edward, Jartun,      \\_//
   Happosai, Diode, Israfel,        Lenny                      |'''|
   Tibor, Doug, Négil,                                         |  '|
   Díli, Iroj, Kelvin, Nátu,        Ocher, Bargle              | ''|
   Snori, Baldir, Herald,                                      /'  \
   Lotto, Itachi, Gretel                                       |' '|
                                                              / '   \
…",Diode,comma_name_list,,"Happosai, Diode, Israfel,        Lenny                      |'''|",low,no
whois_jahara_1781603857,,Jahara,"Vala, one of the Aratar","Jahara the Hobbit Cartographer 🗺 is a Vala, one of
    the Aratar.
     Soldiers of the West           Forces of the Dark Lord   ' /¯\ '
                                                              ||(O)||
   Kedra, Novari, Derinol,          Trul, Edward, Jartun,      \\_//
   Happosai, Diode, Israfel,        Lenny                      |'''|
   Tibor, Doug, Négil,                                         |  '|
   Díli, Iroj, Kelvin, Nátu,        Ocher, Bargle              | ''|
   Snori, Baldir, Herald,                                      /'  \
   Lotto, Itachi, Gretel                                       |' '|
                                                              / '   \
…",Israfel,comma_name_list,,"Happosai, Diode, Israfel,        Lenny                      |'''|",low,no
whois_jahara_1781603857,,Jahara,"Vala, one of the Aratar","Jahara the Hobbit Cartographer 🗺 is a Vala, one of
    the Aratar.
     Soldiers of the West           Forces of the Dark Lord   ' /¯\ '
                                                              ||(O)||
   Kedra, Novari, Derinol,          Trul, Edward, Jartun,      \\_//
   Happosai, Diode, Israfel,        Lenny                      |'''|
   Tibor, Doug, Négil,                                         |  '|
   Díli, Iroj, Kelvin, Nátu,        Ocher, Bargle              | ''|
   Snori, Baldir, Herald,                                      /'  \
   Lotto, Itachi, Gretel                                       |' '|
                                                              / '   \ 
                                                             |  |' | |
…",Tibor,comma_name_list,,"Tibor, Doug, Négil,                                         |  '|",low,no
whois_jahara_1781603857,,Jahara,"Vala, one of the Aratar","Jahara the Hobbit Cartographer 🗺 is a Vala, one of
    the Aratar.
     Soldiers of the West           Forces of the Dark Lord   ' /¯\ '
                                                              ||(O)||
   Kedra, Novari, Derinol,          Trul, Edward, Jartun,      \\_//
   Happosai, Diode, Israfel,        Lenny                      |'''|
   Tibor, Doug, Négil,                                         |  '|
   Díli, Iroj, Kelvin, Nátu,        Ocher, Bargle              | ''|
   Snori, Baldir, Herald,                                      /'  \
   Lotto, Itachi, Gretel                                       |' '|
                                                              / '   \ 
                                                             |  |' | |
…",Doug,comma_name_list,,"Tibor, Doug, Négil,                                         |  '|",low,no
whois_jahara_1781603857,,Jahara,"Vala, one of the Aratar","Jahara the Hobbit Cartographer 🗺 is a Vala, one of
    the Aratar.
     Soldiers of the West           Forces of the Dark Lord   ' /¯\ '
                                                              ||(O)||
   Kedra, Novari, Derinol,          Trul, Edward, Jartun,      \\_//
   Happosai, Diode, Israfel,        Lenny                      |'''|
   Tibor, Doug, Négil,                                         |  '|
   Díli, Iroj, Kelvin, Nátu,        Ocher, Bargle              | ''|
   Snori, Baldir, Herald,                                      /'  \
   Lotto, Itachi, Gretel                                       |' '|
                                                              / '   \ 
                                                             |  |' | |
…",Négil,comma_name_list,,"Tibor, Doug, Négil,                                         |  '|",low,no
whois_jahara_1781603857,,Jahara,"Vala, one of the Aratar","…
Soldiers of the West           Forces of the Dark Lord   ' /¯\ '
                                                              ||(O)||
   Kedra, Novari, Derinol,          Trul, Edward, Jartun,      \\_//
   Happosai, Diode, Israfel,        Lenny                      |'''|
   Tibor, Doug, Négil,                                         |  '|
   Díli, Iroj, Kelvin, Nátu,        Ocher, Bargle              | ''|
   Snori, Baldir, Herald,                                      /'  \
   Lotto, Itachi, Gretel                                       |' '|
                                                              / '   \ 
                                                             |  |' | |
MUME Page: https://mume.schimmelmann.us                      |' |  |'
…",Díli,comma_name_list,,"Díli, Iroj, Kelvin, Nátu,        Ocher, Bargle              | ''|",low,no
whois_jahara_1781603857,,Jahara,"Vala, one of the Aratar","…
Soldiers of the West           Forces of the Dark Lord   ' /¯\ '
                                                              ||(O)||
   Kedra, Novari, Derinol,          Trul, Edward, Jartun,      \\_//
   Happosai, Diode, Israfel,        Lenny                      |'''|
   Tibor, Doug, Négil,                                         |  '|
   Díli, Iroj, Kelvin, Nátu,        Ocher, Bargle              | ''|
   Snori, Baldir, Herald,                                      /'  \
   Lotto, Itachi, Gretel                                       |' '|
                                                              / '   \ 
                                                             |  |' | |
MUME Page: https://mume.schimmelmann.us                      |' |  |'
…",Iroj,comma_name_list,,"Díli, Iroj, Kelvin, Nátu,        Ocher, Bargle              | ''|",low,no
whois_jahara_1781603857,,Jahara,"Vala, one of the Aratar","…
Soldiers of the West           Forces of the Dark Lord   ' /¯\ '
                                                              ||(O)||
   Kedra, Novari, Derinol,          Trul, Edward, Jartun,      \\_//
   Happosai, Diode, Israfel,        Lenny                      |'''|
   Tibor, Doug, Négil,                                         |  '|
   Díli, Iroj, Kelvin, Nátu,        Ocher, Bargle              | ''|
   Snori, Baldir, Herald,                                      /'  \
   Lotto, Itachi, Gretel                                       |' '|
                                                              / '   \ 
                                                             |  |' | |
MUME Page: https://mume.schimmelmann.us                      |' |  |'
…",Kelvin,comma_name_list,,"Díli, Iroj, Kelvin, Nátu,        Ocher, Bargle              | ''|",low,no
whois_jahara_1781603857,,Jahara,"Vala, one of the Aratar","…
Soldiers of the West           Forces of the Dark Lord   ' /¯\ '
                                                              ||(O)||
   Kedra, Novari, Derinol,          Trul, Edward, Jartun,      \\_//
   Happosai, Diode, Israfel,        Lenny                      |'''|
   Tibor, Doug, Négil,                                         |  '|
   Díli, Iroj, Kelvin, Nátu,        Ocher, Bargle              | ''|
   Snori, Baldir, Herald,                                      /'  \
   Lotto, Itachi, Gretel                                       |' '|
                                                              / '   \ 
                                                             |  |' | |
MUME Page: https://mume.schimmelmann.us                      |' |  |'
…",Nátu,comma_name_list,,"Díli, Iroj, Kelvin, Nátu,        Ocher, Bargle              | ''|",low,no
whois_jahara_1781603857,,Jahara,"Vala, one of the Aratar","…
Soldiers of the West           Forces of the Dark Lord   ' /¯\ '
                                                              ||(O)||
   Kedra, Novari, Derinol,          Trul, Edward, Jartun,      \\_//
   Happosai, Diode, Israfel,        Lenny                      |'''|
   Tibor, Doug, Négil,                                         |  '|
   Díli, Iroj, Kelvin, Nátu,        Ocher, Bargle              | ''|
   Snori, Baldir, Herald,                                      /'  \
   Lotto, Itachi, Gretel                                       |' '|
                                                              / '   \ 
                                                             |  |' | |
MUME Page: https://mume.schimmelmann.us                      |' |  |'
…",Ocher,comma_name_list,,"Díli, Iroj, Kelvin, Nátu,        Ocher, Bargle              | ''|",low,no
whois_jahara_1781603857,,Jahara,"Vala, one of the Aratar","…
||(O)||
   Kedra, Novari, Derinol,          Trul, Edward, Jartun,      \\_//
   Happosai, Diode, Israfel,        Lenny                      |'''|
   Tibor, Doug, Négil,                                         |  '|
   Díli, Iroj, Kelvin, Nátu,        Ocher, Bargle              | ''|
   Snori, Baldir, Herald,                                      /'  \
   Lotto, Itachi, Gretel                                       |' '|
                                                              / '   \ 
                                                             |  |' | |
MUME Page: https://mume.schimmelmann.us                      |' |  |'|
MMapper:   https://mume.github.io/MMapper
Discord:   https://discor
…",Snori,comma_name_list,,"Snori, Baldir, Herald,                                      /'  \",low,no
whois_jahara_1781603857,,Jahara,"Vala, one of the Aratar","…
||(O)||
   Kedra, Novari, Derinol,          Trul, Edward, Jartun,      \\_//
   Happosai, Diode, Israfel,        Lenny                      |'''|
   Tibor, Doug, Négil,                                         |  '|
   Díli, Iroj, Kelvin, Nátu,        Ocher, Bargle              | ''|
   Snori, Baldir, Herald,                                      /'  \
   Lotto, Itachi, Gretel                                       |' '|
                                                              / '   \ 
                                                             |  |' | |
MUME Page: https://mume.schimmelmann.us                      |' |  |'|
MMapper:   https://mume.github.io/MMapper
Discord:   https://discor
…",Baldir,comma_name_list,,"Snori, Baldir, Herald,                                      /'  \",low,no
whois_jahara_1781603857,,Jahara,"Vala, one of the Aratar","…
||(O)||
   Kedra, Novari, Derinol,          Trul, Edward, Jartun,      \\_//
   Happosai, Diode, Israfel,        Lenny                      |'''|
   Tibor, Doug, Négil,                                         |  '|
   Díli, Iroj, Kelvin, Nátu,        Ocher, Bargle              | ''|
   Snori, Baldir, Herald,                                      /'  \
   Lotto, Itachi, Gretel                                       |' '|
                                                              / '   \ 
                                                             |  |' | |
MUME Page: https://mume.schimmelmann.us                      |' |  |'|
MMapper:   https://mume.github.io/MMapper
Discord:   https://discor
…",Herald,comma_name_list,,"Snori, Baldir, Herald,                                      /'  \",low,no
whois_kamlakh_1781603921,char_kamlakh,Kamlakh,about 14 years old is a Maia,"Kamlakh Tear of Blood is about 14 years old is a Maia.
Last login 3 years, 8 months, and 23 days ago from *.lv.
Orlanth says 'you were created 2002-May-14 11:28:00'",Orlanth,quoted_speaker,,Orlanth says 'you were created 2002-May-14 11:28:00',high,yes
whois_kaztor_1781603989,,Kaztor,beautiful! is a Maia,"Kaztor says: Dying is beautiful! is a Maia [Retired].
Last login 25 years, 1 month, and 3 days ago from *.ee.
lex@saba.jrnl.ut.ee",Kaztor,quoted_speaker,,Kaztor says: Dying is beautiful! is a Maia [Retired].,high,yes
whois_kenzu_1781604011,char_kenzu,Kenzu,prowling Arda is a Maia,"Kenzu Daru is prowling Arda is a Maia (Cartographer).
Last login 6 months and 8 days ago from [numerical address].

Armies of the West:
Ambassador, Antar, Ardent, Arrogance, Earand, Furor, Gennessie,
Greed, Kessfare, Lief, Schmidt, Vulpine",Ambassador,comma_name_list,,"Ambassador, Antar, Ardent, Arrogance, Earand, Furor, Gennessie,",low,no
whois_kenzu_1781604011,char_kenzu,Kenzu,prowling Arda is a Maia,"Kenzu Daru is prowling Arda is a Maia (Cartographer).
Last login 6 months and 8 days ago from [numerical address].

Armies of the West:
Ambassador, Antar, Ardent, Arrogance, Earand, Furor, Gennessie,
Greed, Kessfare, Lief, Schmidt, Vulpine",Antar,comma_name_list,,"Ambassador, Antar, Ardent, Arrogance, Earand, Furor, Gennessie,",high,yes
whois_kenzu_1781604011,char_kenzu,Kenzu,prowling Arda is a Maia,"Kenzu Daru is prowling Arda is a Maia (Cartographer).
Last login 6 months and 8 days ago from [numerical address].

Armies of the West:
Ambassador, Antar, Ardent, Arrogance, Earand, Furor, Gennessie,
Greed, Kessfare, Lief, Schmidt, Vulpine",Ardent,comma_name_list,,"Ambassador, Antar, Ardent, Arrogance, Earand, Furor, Gennessie,",high,yes
whois_kenzu_1781604011,char_kenzu,Kenzu,prowling Arda is a Maia,"Kenzu Daru is prowling Arda is a Maia (Cartographer).
Last login 6 months and 8 days ago from [numerical address].

Armies of the West:
Ambassador, Antar, Ardent, Arrogance, Earand, Furor, Gennessie,
Greed, Kessfare, Lief, Schmidt, Vulpine",Arrogance,comma_name_list,,"Ambassador, Antar, Ardent, Arrogance, Earand, Furor, Gennessie,",low,no
whois_kenzu_1781604011,char_kenzu,Kenzu,prowling Arda is a Maia,"Kenzu Daru is prowling Arda is a Maia (Cartographer).
Last login 6 months and 8 days ago from [numerical address].

Armies of the West:
Ambassador, Antar, Ardent, Arrogance, Earand, Furor, Gennessie,
Greed, Kessfare, Lief, Schmidt, Vulpine",Earand,comma_name_list,,"Ambassador, Antar, Ardent, Arrogance, Earand, Furor, Gennessie,",high,yes
whois_kenzu_1781604011,char_kenzu,Kenzu,prowling Arda is a Maia,"Kenzu Daru is prowling Arda is a Maia (Cartographer).
Last login 6 months and 8 days ago from [numerical address].

Armies of the West:
Ambassador, Antar, Ardent, Arrogance, Earand, Furor, Gennessie,
Greed, Kessfare, Lief, Schmidt, Vulpine",Furor,comma_name_list,,"Ambassador, Antar, Ardent, Arrogance, Earand, Furor, Gennessie,",low,no
whois_kenzu_1781604011,char_kenzu,Kenzu,prowling Arda is a Maia,"Kenzu Daru is prowling Arda is a Maia (Cartographer).
Last login 6 months and 8 days ago from [numerical address].

Armies of the West:
Ambassador, Antar, Ardent, Arrogance, Earand, Furor, Gennessie,
Greed, Kessfare, Lief, Schmidt, Vulpine",Gennessie,comma_name_list,,"Ambassador, Antar, Ardent, Arrogance, Earand, Furor, Gennessie,",low,no
whois_kenzu_1781604011,char_kenzu,Kenzu,prowling Arda is a Maia,"Kenzu Daru is prowling Arda is a Maia (Cartographer).
Last login 6 months and 8 days ago from [numerical address].

Armies of the West:
Ambassador, Antar, Ardent, Arrogance, Earand, Furor, Gennessie,
Greed, Kessfare, Lief, Schmidt, Vulpine",Greed,comma_name_list,,"Greed, Kessfare, Lief, Schmidt, Vulpine",high,yes
whois_kenzu_1781604011,char_kenzu,Kenzu,prowling Arda is a Maia,"Kenzu Daru is prowling Arda is a Maia (Cartographer).
Last login 6 months and 8 days ago from [numerical address].

Armies of the West:
Ambassador, Antar, Ardent, Arrogance, Earand, Furor, Gennessie,
Greed, Kessfare, Lief, Schmidt, Vulpine",Kessfare,comma_name_list,,"Greed, Kessfare, Lief, Schmidt, Vulpine",high,yes
whois_kenzu_1781604011,char_kenzu,Kenzu,prowling Arda is a Maia,"Kenzu Daru is prowling Arda is a Maia (Cartographer).
Last login 6 months and 8 days ago from [numerical address].

Armies of the West:
Ambassador, Antar, Ardent, Arrogance, Earand, Furor, Gennessie,
Greed, Kessfare, Lief, Schmidt, Vulpine",Lief,comma_name_list,,"Greed, Kessfare, Lief, Schmidt, Vulpine",high,yes
whois_kenzu_1781604011,char_kenzu,Kenzu,prowling Arda is a Maia,"Kenzu Daru is prowling Arda is a Maia (Cartographer).
Last login 6 months and 8 days ago from [numerical address].

Armies of the West:
Ambassador, Antar, Ardent, Arrogance, Earand, Furor, Gennessie,
Greed, Kessfare, Lief, Schmidt, Vulpine",Schmidt,comma_name_list,,"Greed, Kessfare, Lief, Schmidt, Vulpine",high,yes
whois_kenzu_1781604011,char_kenzu,Kenzu,prowling Arda is a Maia,"Kenzu Daru is prowling Arda is a Maia (Cartographer).
Last login 6 months and 8 days ago from [numerical address].

Armies of the West:
Ambassador, Antar, Ardent, Arrogance, Earand, Furor, Gennessie,
Greed, Kessfare, Lief, Schmidt, Vulpine",Vulpine,comma_name_list,,"Greed, Kessfare, Lief, Schmidt, Vulpine",low,no
whois_kheldur_1781604066,,Kheldur,Maia,"Kheldur el Inmortal is a Maia.
Last login 1 year, 6 months, and 6 days ago from *.net.
 ________________________________________________
|Gáulgon, Bëolden, Säpo, Frösch, Eradan, Fëndor, |
|Walda, Shâldún, Aquiles, Zapô, Eärubon, Razakel,|
|Alâthel, Cálenor, Cosmo, Durkon, Khâzlam, Rofl  |
 ------------------------------------------------
 ___________________________________________
|Kosher, Nâzgrásh, Dågalúr, Vläsh, Adûnakhôr|
 -------------------------------------------
 __________
|Wegz, Zága|
 ----------",Gáulgon,comma_name_list,,"|Gáulgon, Bëolden, Säpo, Frösch, Eradan, Fëndor, |",low,no
whois_kheldur_1781604066,,Kheldur,Maia,"Kheldur el Inmortal is a Maia.
Last login 1 year, 6 months, and 6 days ago from *.net.
 ________________________________________________
|Gáulgon, Bëolden, Säpo, Frösch, Eradan, Fëndor, |
|Walda, Shâldún, Aquiles, Zapô, Eärubon, Razakel,|
|Alâthel, Cálenor, Cosmo, Durkon, Khâzlam, Rofl  |
 ------------------------------------------------
 ___________________________________________
|Kosher, Nâzgrásh, Dågalúr, Vläsh, Adûnakhôr|
 -------------------------------------------
 __________
|Wegz, Zága|
 ----------",Bëolden,comma_name_list,,"|Gáulgon, Bëolden, Säpo, Frösch, Eradan, Fëndor, |",low,no
whois_kheldur_1781604066,,Kheldur,Maia,"Kheldur el Inmortal is a Maia.
Last login 1 year, 6 months, and 6 days ago from *.net.
 ________________________________________________
|Gáulgon, Bëolden, Säpo, Frösch, Eradan, Fëndor, |
|Walda, Shâldún, Aquiles, Zapô, Eärubon, Razakel,|
|Alâthel, Cálenor, Cosmo, Durkon, Khâzlam, Rofl  |
 ------------------------------------------------
 ___________________________________________
|Kosher, Nâzgrásh, Dågalúr, Vläsh, Adûnakhôr|
 -------------------------------------------
 __________
|Wegz, Zága|
 ----------",Säpo,comma_name_list,,"|Gáulgon, Bëolden, Säpo, Frösch, Eradan, Fëndor, |",low,no
whois_kheldur_1781604066,,Kheldur,Maia,"Kheldur el Inmortal is a Maia.
Last login 1 year, 6 months, and 6 days ago from *.net.
 ________________________________________________
|Gáulgon, Bëolden, Säpo, Frösch, Eradan, Fëndor, |
|Walda, Shâldún, Aquiles, Zapô, Eärubon, Razakel,|
|Alâthel, Cálenor, Cosmo, Durkon, Khâzlam, Rofl  |
 ------------------------------------------------
 ___________________________________________
|Kosher, Nâzgrásh, Dågalúr, Vläsh, Adûnakhôr|
 -------------------------------------------
 __________
|Wegz, Zága|
 ----------",Frösch,comma_name_list,,"|Gáulgon, Bëolden, Säpo, Frösch, Eradan, Fëndor, |",low,no
whois_kheldur_1781604066,,Kheldur,Maia,"Kheldur el Inmortal is a Maia.
Last login 1 year, 6 months, and 6 days ago from *.net.
 ________________________________________________
|Gáulgon, Bëolden, Säpo, Frösch, Eradan, Fëndor, |
|Walda, Shâldún, Aquiles, Zapô, Eärubon, Razakel,|
|Alâthel, Cálenor, Cosmo, Durkon, Khâzlam, Rofl  |
 ------------------------------------------------
 ___________________________________________
|Kosher, Nâzgrásh, Dågalúr, Vläsh, Adûnakhôr|
 -------------------------------------------
 __________
|Wegz, Zága|
 ----------",Eradan,comma_name_list,,"|Gáulgon, Bëolden, Säpo, Frösch, Eradan, Fëndor, |",low,no
whois_kheldur_1781604066,,Kheldur,Maia,"Kheldur el Inmortal is a Maia.
Last login 1 year, 6 months, and 6 days ago from *.net.
 ________________________________________________
|Gáulgon, Bëolden, Säpo, Frösch, Eradan, Fëndor, |
|Walda, Shâldún, Aquiles, Zapô, Eärubon, Razakel,|
|Alâthel, Cálenor, Cosmo, Durkon, Khâzlam, Rofl  |
 ------------------------------------------------
 ___________________________________________
|Kosher, Nâzgrásh, Dågalúr, Vläsh, Adûnakhôr|
 -------------------------------------------
 __________
|Wegz, Zága|
 ----------",Fëndor,comma_name_list,,"|Gáulgon, Bëolden, Säpo, Frösch, Eradan, Fëndor, |",high,yes
whois_kheldur_1781604066,,Kheldur,Maia,"Kheldur el Inmortal is a Maia.
Last login 1 year, 6 months, and 6 days ago from *.net.
 ________________________________________________
|Gáulgon, Bëolden, Säpo, Frösch, Eradan, Fëndor, |
|Walda, Shâldún, Aquiles, Zapô, Eärubon, Razakel,|
|Alâthel, Cálenor, Cosmo, Durkon, Khâzlam, Rofl  |
 ------------------------------------------------
 ___________________________________________
|Kosher, Nâzgrásh, Dågalúr, Vläsh, Adûnakhôr|
 -------------------------------------------
 __________
|Wegz, Zága|
 ----------",Walda,comma_name_list,,"|Walda, Shâldún, Aquiles, Zapô, Eärubon, Razakel,|",low,no
whois_kheldur_1781604066,,Kheldur,Maia,"Kheldur el Inmortal is a Maia.
Last login 1 year, 6 months, and 6 days ago from *.net.
 ________________________________________________
|Gáulgon, Bëolden, Säpo, Frösch, Eradan, Fëndor, |
|Walda, Shâldún, Aquiles, Zapô, Eärubon, Razakel,|
|Alâthel, Cálenor, Cosmo, Durkon, Khâzlam, Rofl  |
 ------------------------------------------------
 ___________________________________________
|Kosher, Nâzgrásh, Dågalúr, Vläsh, Adûnakhôr|
 -------------------------------------------
 __________
|Wegz, Zága|
 ----------",Shâldún,comma_name_list,,"|Walda, Shâldún, Aquiles, Zapô, Eärubon, Razakel,|",low,no
whois_kheldur_1781604066,,Kheldur,Maia,"Kheldur el Inmortal is a Maia.
Last login 1 year, 6 months, and 6 days ago from *.net.
 ________________________________________________
|Gáulgon, Bëolden, Säpo, Frösch, Eradan, Fëndor, |
|Walda, Shâldún, Aquiles, Zapô, Eärubon, Razakel,|
|Alâthel, Cálenor, Cosmo, Durkon, Khâzlam, Rofl  |
 ------------------------------------------------
 ___________________________________________
|Kosher, Nâzgrásh, Dågalúr, Vläsh, Adûnakhôr|
 -------------------------------------------
 __________
|Wegz, Zága|
 ----------",Aquiles,comma_name_list,,"|Walda, Shâldún, Aquiles, Zapô, Eärubon, Razakel,|",low,no
whois_kheldur_1781604066,,Kheldur,Maia,"Kheldur el Inmortal is a Maia.
Last login 1 year, 6 months, and 6 days ago from *.net.
 ________________________________________________
|Gáulgon, Bëolden, Säpo, Frösch, Eradan, Fëndor, |
|Walda, Shâldún, Aquiles, Zapô, Eärubon, Razakel,|
|Alâthel, Cálenor, Cosmo, Durkon, Khâzlam, Rofl  |
 ------------------------------------------------
 ___________________________________________
|Kosher, Nâzgrásh, Dågalúr, Vläsh, Adûnakhôr|
 -------------------------------------------
 __________
|Wegz, Zága|
 ----------",Zapô,comma_name_list,,"|Walda, Shâldún, Aquiles, Zapô, Eärubon, Razakel,|",low,no
whois_kheldur_1781604066,,Kheldur,Maia,"Kheldur el Inmortal is a Maia.
Last login 1 year, 6 months, and 6 days ago from *.net.
 ________________________________________________
|Gáulgon, Bëolden, Säpo, Frösch, Eradan, Fëndor, |
|Walda, Shâldún, Aquiles, Zapô, Eärubon, Razakel,|
|Alâthel, Cálenor, Cosmo, Durkon, Khâzlam, Rofl  |
 ------------------------------------------------
 ___________________________________________
|Kosher, Nâzgrásh, Dågalúr, Vläsh, Adûnakhôr|
 -------------------------------------------
 __________
|Wegz, Zága|
 ----------",Eärubon,comma_name_list,,"|Walda, Shâldún, Aquiles, Zapô, Eärubon, Razakel,|",low,no
whois_kheldur_1781604066,,Kheldur,Maia,"Kheldur el Inmortal is a Maia.
Last login 1 year, 6 months, and 6 days ago from *.net.
 ________________________________________________
|Gáulgon, Bëolden, Säpo, Frösch, Eradan, Fëndor, |
|Walda, Shâldún, Aquiles, Zapô, Eärubon, Razakel,|
|Alâthel, Cálenor, Cosmo, Durkon, Khâzlam, Rofl  |
 ------------------------------------------------
 ___________________________________________
|Kosher, Nâzgrásh, Dågalúr, Vläsh, Adûnakhôr|
 -------------------------------------------
 __________
|Wegz, Zága|
 ----------",Razakel,comma_name_list,,"|Walda, Shâldún, Aquiles, Zapô, Eärubon, Razakel,|",low,no
whois_kheldur_1781604066,,Kheldur,Maia,"Kheldur el Inmortal is a Maia.
Last login 1 year, 6 months, and 6 days ago from *.net.
 ________________________________________________
|Gáulgon, Bëolden, Säpo, Frösch, Eradan, Fëndor, |
|Walda, Shâldún, Aquiles, Zapô, Eärubon, Razakel,|
|Alâthel, Cálenor, Cosmo, Durkon, Khâzlam, Rofl  |
 ------------------------------------------------
 ___________________________________________
|Kosher, Nâzgrásh, Dågalúr, Vläsh, Adûnakhôr|
 -------------------------------------------
 __________
|Wegz, Zága|
 ----------",Alâthel,comma_name_list,,"|Alâthel, Cálenor, Cosmo, Durkon, Khâzlam, Rofl  |",low,no
whois_kheldur_1781604066,,Kheldur,Maia,"Kheldur el Inmortal is a Maia.
Last login 1 year, 6 months, and 6 days ago from *.net.
 ________________________________________________
|Gáulgon, Bëolden, Säpo, Frösch, Eradan, Fëndor, |
|Walda, Shâldún, Aquiles, Zapô, Eärubon, Razakel,|
|Alâthel, Cálenor, Cosmo, Durkon, Khâzlam, Rofl  |
 ------------------------------------------------
 ___________________________________________
|Kosher, Nâzgrásh, Dågalúr, Vläsh, Adûnakhôr|
 -------------------------------------------
 __________
|Wegz, Zága|
 ----------",Cálenor,comma_name_list,,"|Alâthel, Cálenor, Cosmo, Durkon, Khâzlam, Rofl  |",low,no
whois_kheldur_1781604066,,Kheldur,Maia,"Kheldur el Inmortal is a Maia.
Last login 1 year, 6 months, and 6 days ago from *.net.
 ________________________________________________
|Gáulgon, Bëolden, Säpo, Frösch, Eradan, Fëndor, |
|Walda, Shâldún, Aquiles, Zapô, Eärubon, Razakel,|
|Alâthel, Cálenor, Cosmo, Durkon, Khâzlam, Rofl  |
 ------------------------------------------------
 ___________________________________________
|Kosher, Nâzgrásh, Dågalúr, Vläsh, Adûnakhôr|
 -------------------------------------------
 __________
|Wegz, Zága|
 ----------",Cosmo,comma_name_list,,"|Alâthel, Cálenor, Cosmo, Durkon, Khâzlam, Rofl  |",low,no
whois_kheldur_1781604066,,Kheldur,Maia,"Kheldur el Inmortal is a Maia.
Last login 1 year, 6 months, and 6 days ago from *.net.
 ________________________________________________
|Gáulgon, Bëolden, Säpo, Frösch, Eradan, Fëndor, |
|Walda, Shâldún, Aquiles, Zapô, Eärubon, Razakel,|
|Alâthel, Cálenor, Cosmo, Durkon, Khâzlam, Rofl  |
 ------------------------------------------------
 ___________________________________________
|Kosher, Nâzgrásh, Dågalúr, Vläsh, Adûnakhôr|
 -------------------------------------------
 __________
|Wegz, Zága|
 ----------",Durkon,comma_name_list,,"|Alâthel, Cálenor, Cosmo, Durkon, Khâzlam, Rofl  |",low,no
whois_kheldur_1781604066,,Kheldur,Maia,"Kheldur el Inmortal is a Maia.
Last login 1 year, 6 months, and 6 days ago from *.net.
 ________________________________________________
|Gáulgon, Bëolden, Säpo, Frösch, Eradan, Fëndor, |
|Walda, Shâldún, Aquiles, Zapô, Eärubon, Razakel,|
|Alâthel, Cálenor, Cosmo, Durkon, Khâzlam, Rofl  |
 ------------------------------------------------
 ___________________________________________
|Kosher, Nâzgrásh, Dågalúr, Vläsh, Adûnakhôr|
 -------------------------------------------
 __________
|Wegz, Zága|
 ----------",Khâzlam,comma_name_list,,"|Alâthel, Cálenor, Cosmo, Durkon, Khâzlam, Rofl  |",low,no
whois_kheldur_1781604066,,Kheldur,Maia,"Kheldur el Inmortal is a Maia.
Last login 1 year, 6 months, and 6 days ago from *.net.
 ________________________________________________
|Gáulgon, Bëolden, Säpo, Frösch, Eradan, Fëndor, |
|Walda, Shâldún, Aquiles, Zapô, Eärubon, Razakel,|
|Alâthel, Cálenor, Cosmo, Durkon, Khâzlam, Rofl  |
 ------------------------------------------------
 ___________________________________________
|Kosher, Nâzgrásh, Dågalúr, Vläsh, Adûnakhôr|
 -------------------------------------------
 __________
|Wegz, Zága|
 ----------",Rofl,comma_name_list,,"|Alâthel, Cálenor, Cosmo, Durkon, Khâzlam, Rofl  |",low,no
whois_kheldur_1781604066,,Kheldur,Maia,"…
login 1 year, 6 months, and 6 days ago from *.net.
 ________________________________________________
|Gáulgon, Bëolden, Säpo, Frösch, Eradan, Fëndor, |
|Walda, Shâldún, Aquiles, Zapô, Eärubon, Razakel,|
|Alâthel, Cálenor, Cosmo, Durkon, Khâzlam, Rofl  |
 ------------------------------------------------
 ___________________________________________
|Kosher, Nâzgrásh, Dågalúr, Vläsh, Adûnakhôr|
 -------------------------------------------
 __________
|Wegz, Zága|
 ----------",Kosher,comma_name_list,,"|Kosher, Nâzgrásh, Dågalúr, Vläsh, Adûnakhôr|",low,no
whois_kheldur_1781604066,,Kheldur,Maia,"…
login 1 year, 6 months, and 6 days ago from *.net.
 ________________________________________________
|Gáulgon, Bëolden, Säpo, Frösch, Eradan, Fëndor, |
|Walda, Shâldún, Aquiles, Zapô, Eärubon, Razakel,|
|Alâthel, Cálenor, Cosmo, Durkon, Khâzlam, Rofl  |
 ------------------------------------------------
 ___________________________________________
|Kosher, Nâzgrásh, Dågalúr, Vläsh, Adûnakhôr|
 -------------------------------------------
 __________
|Wegz, Zága|
 ----------",Nâzgrásh,comma_name_list,,"|Kosher, Nâzgrásh, Dågalúr, Vläsh, Adûnakhôr|",low,no
whois_kheldur_1781604066,,Kheldur,Maia,"…
login 1 year, 6 months, and 6 days ago from *.net.
 ________________________________________________
|Gáulgon, Bëolden, Säpo, Frösch, Eradan, Fëndor, |
|Walda, Shâldún, Aquiles, Zapô, Eärubon, Razakel,|
|Alâthel, Cálenor, Cosmo, Durkon, Khâzlam, Rofl  |
 ------------------------------------------------
 ___________________________________________
|Kosher, Nâzgrásh, Dågalúr, Vläsh, Adûnakhôr|
 -------------------------------------------
 __________
|Wegz, Zága|
 ----------",Dågalúr,comma_name_list,,"|Kosher, Nâzgrásh, Dågalúr, Vläsh, Adûnakhôr|",low,no
whois_kheldur_1781604066,,Kheldur,Maia,"…
login 1 year, 6 months, and 6 days ago from *.net.
 ________________________________________________
|Gáulgon, Bëolden, Säpo, Frösch, Eradan, Fëndor, |
|Walda, Shâldún, Aquiles, Zapô, Eärubon, Razakel,|
|Alâthel, Cálenor, Cosmo, Durkon, Khâzlam, Rofl  |
 ------------------------------------------------
 ___________________________________________
|Kosher, Nâzgrásh, Dågalúr, Vläsh, Adûnakhôr|
 -------------------------------------------
 __________
|Wegz, Zága|
 ----------",Vläsh,comma_name_list,,"|Kosher, Nâzgrásh, Dågalúr, Vläsh, Adûnakhôr|",low,no
whois_kheldur_1781604066,,Kheldur,Maia,"…
login 1 year, 6 months, and 6 days ago from *.net.
 ________________________________________________
|Gáulgon, Bëolden, Säpo, Frösch, Eradan, Fëndor, |
|Walda, Shâldún, Aquiles, Zapô, Eärubon, Razakel,|
|Alâthel, Cálenor, Cosmo, Durkon, Khâzlam, Rofl  |
 ------------------------------------------------
 ___________________________________________
|Kosher, Nâzgrásh, Dågalúr, Vläsh, Adûnakhôr|
 -------------------------------------------
 __________
|Wegz, Zága|
 ----------",Adûnakhôr,comma_name_list,,"|Kosher, Nâzgrásh, Dågalúr, Vläsh, Adûnakhôr|",low,no
whois_kruel_1781604215,,Kruel,Maia,"Kruel the Pink is a Maia.
 ___     .    .    . .    ___
 `-_--__  .  . ___ -  __--_-'
   `-_  ---_ ./   \_--  _-'
     `--_ /o\|  O  | __-'.  .
       __-\_/\--__/_-
  . . /     \/      \  . . .
.   | .'.  |    .`..|.      .
     .\_____/\______/   .
   .        |##|.^.
  .         |##||  .

Player of: Antrax, Berbec, Bruslea, Celdinumbra, Count, Danzig, Gorin, Kratos,
Lingura, Magog, Mormoth, Nicotin, Nou, Nukafuka, Purice, Snort, Spiffy,
Xentar, Anorexia, Bertha, Burdin, Dale, Opeth, Orktank, Pichiponcius, Pinch,
Portocale, Reine, Alghazanth, Rombot, Fingers, Vagrungad",Berbec,comma_name_list,,"Player of: Antrax, Berbec, Bruslea, Celdinumbra, Count, Danzig, Gorin, Kratos,",low,no
whois_kruel_1781604215,,Kruel,Maia,"Kruel the Pink is a Maia.
 ___     .    .    . .    ___
 `-_--__  .  . ___ -  __--_-'
   `-_  ---_ ./   \_--  _-'
     `--_ /o\|  O  | __-'.  .
       __-\_/\--__/_-
  . . /     \/      \  . . .
.   | .'.  |    .`..|.      .
     .\_____/\______/   .
   .        |##|.^.
  .         |##||  .

Player of: Antrax, Berbec, Bruslea, Celdinumbra, Count, Danzig, Gorin, Kratos,
Lingura, Magog, Mormoth, Nicotin, Nou, Nukafuka, Purice, Snort, Spiffy,
Xentar, Anorexia, Bertha, Burdin, Dale, Opeth, Orktank, Pichiponcius, Pinch,
Portocale, Reine, Alghazanth, Rombot, Fingers, Vagrungad",Bruslea,comma_name_list,,"Player of: Antrax, Berbec, Bruslea, Celdinumbra, Count, Danzig, Gorin, Kratos,",low,no
whois_kruel_1781604215,,Kruel,Maia,"Kruel the Pink is a Maia.
 ___     .    .    . .    ___
 `-_--__  .  . ___ -  __--_-'
   `-_  ---_ ./   \_--  _-'
     `--_ /o\|  O  | __-'.  .
       __-\_/\--__/_-
  . . /     \/      \  . . .
.   | .'.  |    .`..|.      .
     .\_____/\______/   .
   .        |##|.^.
  .         |##||  .

Player of: Antrax, Berbec, Bruslea, Celdinumbra, Count, Danzig, Gorin, Kratos,
Lingura, Magog, Mormoth, Nicotin, Nou, Nukafuka, Purice, Snort, Spiffy,
Xentar, Anorexia, Bertha, Burdin, Dale, Opeth, Orktank, Pichiponcius, Pinch,
Portocale, Reine, Alghazanth, Rombot, Fingers, Vagrungad",Celdinumbra,comma_name_list,,"Player of: Antrax, Berbec, Bruslea, Celdinumbra, Count, Danzig, Gorin, Kratos,",low,no
whois_kruel_1781604215,,Kruel,Maia,"Kruel the Pink is a Maia.
 ___     .    .    . .    ___
 `-_--__  .  . ___ -  __--_-'
   `-_  ---_ ./   \_--  _-'
     `--_ /o\|  O  | __-'.  .
       __-\_/\--__/_-
  . . /     \/      \  . . .
.   | .'.  |    .`..|.      .
     .\_____/\______/   .
   .        |##|.^.
  .         |##||  .

Player of: Antrax, Berbec, Bruslea, Celdinumbra, Count, Danzig, Gorin, Kratos,
Lingura, Magog, Mormoth, Nicotin, Nou, Nukafuka, Purice, Snort, Spiffy,
Xentar, Anorexia, Bertha, Burdin, Dale, Opeth, Orktank, Pichiponcius, Pinch,
Portocale, Reine, Alghazanth, Rombot, Fingers, Vagrungad",Count,comma_name_list,,"Player of: Antrax, Berbec, Bruslea, Celdinumbra, Count, Danzig, Gorin, Kratos,",low,no
whois_kruel_1781604215,,Kruel,Maia,"Kruel the Pink is a Maia.
 ___     .    .    . .    ___
 `-_--__  .  . ___ -  __--_-'
   `-_  ---_ ./   \_--  _-'
     `--_ /o\|  O  | __-'.  .
       __-\_/\--__/_-
  . . /     \/      \  . . .
.   | .'.  |    .`..|.      .
     .\_____/\______/   .
   .        |##|.^.
  .         |##||  .

Player of: Antrax, Berbec, Bruslea, Celdinumbra, Count, Danzig, Gorin, Kratos,
Lingura, Magog, Mormoth, Nicotin, Nou, Nukafuka, Purice, Snort, Spiffy,
Xentar, Anorexia, Bertha, Burdin, Dale, Opeth, Orktank, Pichiponcius, Pinch,
Portocale, Reine, Alghazanth, Rombot, Fingers, Vagrungad",Danzig,comma_name_list,,"Player of: Antrax, Berbec, Bruslea, Celdinumbra, Count, Danzig, Gorin, Kratos,",high,yes
whois_kruel_1781604215,,Kruel,Maia,"Kruel the Pink is a Maia.
 ___     .    .    . .    ___
 `-_--__  .  . ___ -  __--_-'
   `-_  ---_ ./   \_--  _-'
     `--_ /o\|  O  | __-'.  .
       __-\_/\--__/_-
  . . /     \/      \  . . .
.   | .'.  |    .`..|.      .
     .\_____/\______/   .
   .        |##|.^.
  .         |##||  .

Player of: Antrax, Berbec, Bruslea, Celdinumbra, Count, Danzig, Gorin, Kratos,
Lingura, Magog, Mormoth, Nicotin, Nou, Nukafuka, Purice, Snort, Spiffy,
Xentar, Anorexia, Bertha, Burdin, Dale, Opeth, Orktank, Pichiponcius, Pinch,
Portocale, Reine, Alghazanth, Rombot, Fingers, Vagrungad",Gorin,comma_name_list,,"Player of: Antrax, Berbec, Bruslea, Celdinumbra, Count, Danzig, Gorin, Kratos,",low,no
whois_kruel_1781604215,,Kruel,Maia,"Kruel the Pink is a Maia.
 ___     .    .    . .    ___
 `-_--__  .  . ___ -  __--_-'
   `-_  ---_ ./   \_--  _-'
     `--_ /o\|  O  | __-'.  .
       __-\_/\--__/_-
  . . /     \/      \  . . .
.   | .'.  |    .`..|.      .
     .\_____/\______/   .
   .        |##|.^.
  .         |##||  .

Player of: Antrax, Berbec, Bruslea, Celdinumbra, Count, Danzig, Gorin, Kratos,
Lingura, Magog, Mormoth, Nicotin, Nou, Nukafuka, Purice, Snort, Spiffy,
Xentar, Anorexia, Bertha, Burdin, Dale, Opeth, Orktank, Pichiponcius, Pinch,
Portocale, Reine, Alghazanth, Rombot, Fingers, Vagrungad",Kratos,comma_name_list,,"Player of: Antrax, Berbec, Bruslea, Celdinumbra, Count, Danzig, Gorin, Kratos,",low,no
whois_kruel_1781604215,,Kruel,Maia,"…
ia.
 ___     .    .    . .    ___
 `-_--__  .  . ___ -  __--_-'
   `-_  ---_ ./   \_--  _-'
     `--_ /o\|  O  | __-'.  .
       __-\_/\--__/_-
  . . /     \/      \  . . .
.   | .'.  |    .`..|.      .
     .\_____/\______/   .
   .        |##|.^.
  .         |##||  .

Player of: Antrax, Berbec, Bruslea, Celdinumbra, Count, Danzig, Gorin, Kratos,
Lingura, Magog, Mormoth, Nicotin, Nou, Nukafuka, Purice, Snort, Spiffy,
Xentar, Anorexia, Bertha, Burdin, Dale, Opeth, Orktank, Pichiponcius, Pinch,
Portocale, Reine, Alghazanth, Rombot, Fingers, Vagrungad",Lingura,comma_name_list,,"Lingura, Magog, Mormoth, Nicotin, Nou, Nukafuka, Purice, Snort, Spiffy,",low,no
whois_kruel_1781604215,,Kruel,Maia,"…
ia.
 ___     .    .    . .    ___
 `-_--__  .  . ___ -  __--_-'
   `-_  ---_ ./   \_--  _-'
     `--_ /o\|  O  | __-'.  .
       __-\_/\--__/_-
  . . /     \/      \  . . .
.   | .'.  |    .`..|.      .
     .\_____/\______/   .
   .        |##|.^.
  .         |##||  .

Player of: Antrax, Berbec, Bruslea, Celdinumbra, Count, Danzig, Gorin, Kratos,
Lingura, Magog, Mormoth, Nicotin, Nou, Nukafuka, Purice, Snort, Spiffy,
Xentar, Anorexia, Bertha, Burdin, Dale, Opeth, Orktank, Pichiponcius, Pinch,
Portocale, Reine, Alghazanth, Rombot, Fingers, Vagrungad",Magog,comma_name_list,,"Lingura, Magog, Mormoth, Nicotin, Nou, Nukafuka, Purice, Snort, Spiffy,",low,no
whois_kruel_1781604215,,Kruel,Maia,"…
ia.
 ___     .    .    . .    ___
 `-_--__  .  . ___ -  __--_-'
   `-_  ---_ ./   \_--  _-'
     `--_ /o\|  O  | __-'.  .
       __-\_/\--__/_-
  . . /     \/      \  . . .
.   | .'.  |    .`..|.      .
     .\_____/\______/   .
   .        |##|.^.
  .         |##||  .

Player of: Antrax, Berbec, Bruslea, Celdinumbra, Count, Danzig, Gorin, Kratos,
Lingura, Magog, Mormoth, Nicotin, Nou, Nukafuka, Purice, Snort, Spiffy,
Xentar, Anorexia, Bertha, Burdin, Dale, Opeth, Orktank, Pichiponcius, Pinch,
Portocale, Reine, Alghazanth, Rombot, Fingers, Vagrungad",Mormoth,comma_name_list,,"Lingura, Magog, Mormoth, Nicotin, Nou, Nukafuka, Purice, Snort, Spiffy,",low,no
whois_kruel_1781604215,,Kruel,Maia,"…
ia.
 ___     .    .    . .    ___
 `-_--__  .  . ___ -  __--_-'
   `-_  ---_ ./   \_--  _-'
     `--_ /o\|  O  | __-'.  .
       __-\_/\--__/_-
  . . /     \/      \  . . .
.   | .'.  |    .`..|.      .
     .\_____/\______/   .
   .        |##|.^.
  .         |##||  .

Player of: Antrax, Berbec, Bruslea, Celdinumbra, Count, Danzig, Gorin, Kratos,
Lingura, Magog, Mormoth, Nicotin, Nou, Nukafuka, Purice, Snort, Spiffy,
Xentar, Anorexia, Bertha, Burdin, Dale, Opeth, Orktank, Pichiponcius, Pinch,
Portocale, Reine, Alghazanth, Rombot, Fingers, Vagrungad",Nicotin,comma_name_list,,"Lingura, Magog, Mormoth, Nicotin, Nou, Nukafuka, Purice, Snort, Spiffy,",low,no
whois_kruel_1781604215,,Kruel,Maia,"…
ia.
 ___     .    .    . .    ___
 `-_--__  .  . ___ -  __--_-'
   `-_  ---_ ./   \_--  _-'
     `--_ /o\|  O  | __-'.  .
       __-\_/\--__/_-
  . . /     \/      \  . . .
.   | .'.  |    .`..|.      .
     .\_____/\______/   .
   .        |##|.^.
  .         |##||  .

Player of: Antrax, Berbec, Bruslea, Celdinumbra, Count, Danzig, Gorin, Kratos,
Lingura, Magog, Mormoth, Nicotin, Nou, Nukafuka, Purice, Snort, Spiffy,
Xentar, Anorexia, Bertha, Burdin, Dale, Opeth, Orktank, Pichiponcius, Pinch,
Portocale, Reine, Alghazanth, Rombot, Fingers, Vagrungad",Nou,comma_name_list,,"Lingura, Magog, Mormoth, Nicotin, Nou, Nukafuka, Purice, Snort, Spiffy,",low,no
whois_kruel_1781604215,,Kruel,Maia,"…
ia.
 ___     .    .    . .    ___
 `-_--__  .  . ___ -  __--_-'
   `-_  ---_ ./   \_--  _-'
     `--_ /o\|  O  | __-'.  .
       __-\_/\--__/_-
  . . /     \/      \  . . .
.   | .'.  |    .`..|.      .
     .\_____/\______/   .
   .        |##|.^.
  .         |##||  .

Player of: Antrax, Berbec, Bruslea, Celdinumbra, Count, Danzig, Gorin, Kratos,
Lingura, Magog, Mormoth, Nicotin, Nou, Nukafuka, Purice, Snort, Spiffy,
Xentar, Anorexia, Bertha, Burdin, Dale, Opeth, Orktank, Pichiponcius, Pinch,
Portocale, Reine, Alghazanth, Rombot, Fingers, Vagrungad",Nukafuka,comma_name_list,,"Lingura, Magog, Mormoth, Nicotin, Nou, Nukafuka, Purice, Snort, Spiffy,",low,no
whois_kruel_1781604215,,Kruel,Maia,"…
ia.
 ___     .    .    . .    ___
 `-_--__  .  . ___ -  __--_-'
   `-_  ---_ ./   \_--  _-'
     `--_ /o\|  O  | __-'.  .
       __-\_/\--__/_-
  . . /     \/      \  . . .
.   | .'.  |    .`..|.      .
     .\_____/\______/   .
   .        |##|.^.
  .         |##||  .

Player of: Antrax, Berbec, Bruslea, Celdinumbra, Count, Danzig, Gorin, Kratos,
Lingura, Magog, Mormoth, Nicotin, Nou, Nukafuka, Purice, Snort, Spiffy,
Xentar, Anorexia, Bertha, Burdin, Dale, Opeth, Orktank, Pichiponcius, Pinch,
Portocale, Reine, Alghazanth, Rombot, Fingers, Vagrungad",Purice,comma_name_list,,"Lingura, Magog, Mormoth, Nicotin, Nou, Nukafuka, Purice, Snort, Spiffy,",low,no
whois_kruel_1781604215,,Kruel,Maia,"…
ia.
 ___     .    .    . .    ___
 `-_--__  .  . ___ -  __--_-'
   `-_  ---_ ./   \_--  _-'
     `--_ /o\|  O  | __-'.  .
       __-\_/\--__/_-
  . . /     \/      \  . . .
.   | .'.  |    .`..|.      .
     .\_____/\______/   .
   .        |##|.^.
  .         |##||  .

Player of: Antrax, Berbec, Bruslea, Celdinumbra, Count, Danzig, Gorin, Kratos,
Lingura, Magog, Mormoth, Nicotin, Nou, Nukafuka, Purice, Snort, Spiffy,
Xentar, Anorexia, Bertha, Burdin, Dale, Opeth, Orktank, Pichiponcius, Pinch,
Portocale, Reine, Alghazanth, Rombot, Fingers, Vagrungad",Snort,comma_name_list,,"Lingura, Magog, Mormoth, Nicotin, Nou, Nukafuka, Purice, Snort, Spiffy,",low,no
whois_kruel_1781604215,,Kruel,Maia,"…
ia.
 ___     .    .    . .    ___
 `-_--__  .  . ___ -  __--_-'
   `-_  ---_ ./   \_--  _-'
     `--_ /o\|  O  | __-'.  .
       __-\_/\--__/_-
  . . /     \/      \  . . .
.   | .'.  |    .`..|.      .
     .\_____/\______/   .
   .        |##|.^.
  .         |##||  .

Player of: Antrax, Berbec, Bruslea, Celdinumbra, Count, Danzig, Gorin, Kratos,
Lingura, Magog, Mormoth, Nicotin, Nou, Nukafuka, Purice, Snort, Spiffy,
Xentar, Anorexia, Bertha, Burdin, Dale, Opeth, Orktank, Pichiponcius, Pinch,
Portocale, Reine, Alghazanth, Rombot, Fingers, Vagrungad",Spiffy,comma_name_list,,"Lingura, Magog, Mormoth, Nicotin, Nou, Nukafuka, Purice, Snort, Spiffy,",low,no
whois_kruel_1781604215,,Kruel,Maia,"…
---_ ./   \_--  _-'
     `--_ /o\|  O  | __-'.  .
       __-\_/\--__/_-
  . . /     \/      \  . . .
.   | .'.  |    .`..|.      .
     .\_____/\______/   .
   .        |##|.^.
  .         |##||  .

Player of: Antrax, Berbec, Bruslea, Celdinumbra, Count, Danzig, Gorin, Kratos,
Lingura, Magog, Mormoth, Nicotin, Nou, Nukafuka, Purice, Snort, Spiffy,
Xentar, Anorexia, Bertha, Burdin, Dale, Opeth, Orktank, Pichiponcius, Pinch,
Portocale, Reine, Alghazanth, Rombot, Fingers, Vagrungad",Xentar,comma_name_list,,"Xentar, Anorexia, Bertha, Burdin, Dale, Opeth, Orktank, Pichiponcius, Pinch,",low,no
whois_kruel_1781604215,,Kruel,Maia,"…
---_ ./   \_--  _-'
     `--_ /o\|  O  | __-'.  .
       __-\_/\--__/_-
  . . /     \/      \  . . .
.   | .'.  |    .`..|.      .
     .\_____/\______/   .
   .        |##|.^.
  .         |##||  .

Player of: Antrax, Berbec, Bruslea, Celdinumbra, Count, Danzig, Gorin, Kratos,
Lingura, Magog, Mormoth, Nicotin, Nou, Nukafuka, Purice, Snort, Spiffy,
Xentar, Anorexia, Bertha, Burdin, Dale, Opeth, Orktank, Pichiponcius, Pinch,
Portocale, Reine, Alghazanth, Rombot, Fingers, Vagrungad",Anorexia,comma_name_list,,"Xentar, Anorexia, Bertha, Burdin, Dale, Opeth, Orktank, Pichiponcius, Pinch,",low,no
whois_kruel_1781604215,,Kruel,Maia,"…
---_ ./   \_--  _-'
     `--_ /o\|  O  | __-'.  .
       __-\_/\--__/_-
  . . /     \/      \  . . .
.   | .'.  |    .`..|.      .
     .\_____/\______/   .
   .        |##|.^.
  .         |##||  .

Player of: Antrax, Berbec, Bruslea, Celdinumbra, Count, Danzig, Gorin, Kratos,
Lingura, Magog, Mormoth, Nicotin, Nou, Nukafuka, Purice, Snort, Spiffy,
Xentar, Anorexia, Bertha, Burdin, Dale, Opeth, Orktank, Pichiponcius, Pinch,
Portocale, Reine, Alghazanth, Rombot, Fingers, Vagrungad",Bertha,comma_name_list,,"Xentar, Anorexia, Bertha, Burdin, Dale, Opeth, Orktank, Pichiponcius, Pinch,",low,no
whois_kruel_1781604215,,Kruel,Maia,"…
---_ ./   \_--  _-'
     `--_ /o\|  O  | __-'.  .
       __-\_/\--__/_-
  . . /     \/      \  . . .
.   | .'.  |    .`..|.      .
     .\_____/\______/   .
   .        |##|.^.
  .         |##||  .

Player of: Antrax, Berbec, Bruslea, Celdinumbra, Count, Danzig, Gorin, Kratos,
Lingura, Magog, Mormoth, Nicotin, Nou, Nukafuka, Purice, Snort, Spiffy,
Xentar, Anorexia, Bertha, Burdin, Dale, Opeth, Orktank, Pichiponcius, Pinch,
Portocale, Reine, Alghazanth, Rombot, Fingers, Vagrungad",Burdin,comma_name_list,,"Xentar, Anorexia, Bertha, Burdin, Dale, Opeth, Orktank, Pichiponcius, Pinch,",low,no
whois_kruel_1781604215,,Kruel,Maia,"…
---_ ./   \_--  _-'
     `--_ /o\|  O  | __-'.  .
       __-\_/\--__/_-
  . . /     \/      \  . . .
.   | .'.  |    .`..|.      .
     .\_____/\______/   .
   .        |##|.^.
  .         |##||  .

Player of: Antrax, Berbec, Bruslea, Celdinumbra, Count, Danzig, Gorin, Kratos,
Lingura, Magog, Mormoth, Nicotin, Nou, Nukafuka, Purice, Snort, Spiffy,
Xentar, Anorexia, Bertha, Burdin, Dale, Opeth, Orktank, Pichiponcius, Pinch,
Portocale, Reine, Alghazanth, Rombot, Fingers, Vagrungad",Dale,comma_name_list,,"Xentar, Anorexia, Bertha, Burdin, Dale, Opeth, Orktank, Pichiponcius, Pinch,",low,no
whois_kruel_1781604215,,Kruel,Maia,"…
---_ ./   \_--  _-'
     `--_ /o\|  O  | __-'.  .
       __-\_/\--__/_-
  . . /     \/      \  . . .
.   | .'.  |    .`..|.      .
     .\_____/\______/   .
   .        |##|.^.
  .         |##||  .

Player of: Antrax, Berbec, Bruslea, Celdinumbra, Count, Danzig, Gorin, Kratos,
Lingura, Magog, Mormoth, Nicotin, Nou, Nukafuka, Purice, Snort, Spiffy,
Xentar, Anorexia, Bertha, Burdin, Dale, Opeth, Orktank, Pichiponcius, Pinch,
Portocale, Reine, Alghazanth, Rombot, Fingers, Vagrungad",Opeth,comma_name_list,,"Xentar, Anorexia, Bertha, Burdin, Dale, Opeth, Orktank, Pichiponcius, Pinch,",low,no
whois_kruel_1781604215,,Kruel,Maia,"…
---_ ./   \_--  _-'
     `--_ /o\|  O  | __-'.  .
       __-\_/\--__/_-
  . . /     \/      \  . . .
.   | .'.  |    .`..|.      .
     .\_____/\______/   .
   .        |##|.^.
  .         |##||  .

Player of: Antrax, Berbec, Bruslea, Celdinumbra, Count, Danzig, Gorin, Kratos,
Lingura, Magog, Mormoth, Nicotin, Nou, Nukafuka, Purice, Snort, Spiffy,
Xentar, Anorexia, Bertha, Burdin, Dale, Opeth, Orktank, Pichiponcius, Pinch,
Portocale, Reine, Alghazanth, Rombot, Fingers, Vagrungad",Orktank,comma_name_list,,"Xentar, Anorexia, Bertha, Burdin, Dale, Opeth, Orktank, Pichiponcius, Pinch,",low,no
whois_kruel_1781604215,,Kruel,Maia,"…
---_ ./   \_--  _-'
     `--_ /o\|  O  | __-'.  .
       __-\_/\--__/_-
  . . /     \/      \  . . .
.   | .'.  |    .`..|.      .
     .\_____/\______/   .
   .        |##|.^.
  .         |##||  .

Player of: Antrax, Berbec, Bruslea, Celdinumbra, Count, Danzig, Gorin, Kratos,
Lingura, Magog, Mormoth, Nicotin, Nou, Nukafuka, Purice, Snort, Spiffy,
Xentar, Anorexia, Bertha, Burdin, Dale, Opeth, Orktank, Pichiponcius, Pinch,
Portocale, Reine, Alghazanth, Rombot, Fingers, Vagrungad",Pichiponcius,comma_name_list,,"Xentar, Anorexia, Bertha, Burdin, Dale, Opeth, Orktank, Pichiponcius, Pinch,",low,no
whois_kruel_1781604215,,Kruel,Maia,"…
---_ ./   \_--  _-'
     `--_ /o\|  O  | __-'.  .
       __-\_/\--__/_-
  . . /     \/      \  . . .
.   | .'.  |    .`..|.      .
     .\_____/\______/   .
   .        |##|.^.
  .         |##||  .

Player of: Antrax, Berbec, Bruslea, Celdinumbra, Count, Danzig, Gorin, Kratos,
Lingura, Magog, Mormoth, Nicotin, Nou, Nukafuka, Purice, Snort, Spiffy,
Xentar, Anorexia, Bertha, Burdin, Dale, Opeth, Orktank, Pichiponcius, Pinch,
Portocale, Reine, Alghazanth, Rombot, Fingers, Vagrungad",Pinch,comma_name_list,,"Xentar, Anorexia, Bertha, Burdin, Dale, Opeth, Orktank, Pichiponcius, Pinch,",low,no
whois_kruel_1781604215,,Kruel,Maia,"…
/     \/      \  . . .
.   | .'.  |    .`..|.      .
     .\_____/\______/   .
   .        |##|.^.
  .         |##||  .

Player of: Antrax, Berbec, Bruslea, Celdinumbra, Count, Danzig, Gorin, Kratos,
Lingura, Magog, Mormoth, Nicotin, Nou, Nukafuka, Purice, Snort, Spiffy,
Xentar, Anorexia, Bertha, Burdin, Dale, Opeth, Orktank, Pichiponcius, Pinch,
Portocale, Reine, Alghazanth, Rombot, Fingers, Vagrungad",Portocale,comma_name_list,,"Portocale, Reine, Alghazanth, Rombot, Fingers, Vagrungad",low,no
whois_kruel_1781604215,,Kruel,Maia,"…
/     \/      \  . . .
.   | .'.  |    .`..|.      .
     .\_____/\______/   .
   .        |##|.^.
  .         |##||  .

Player of: Antrax, Berbec, Bruslea, Celdinumbra, Count, Danzig, Gorin, Kratos,
Lingura, Magog, Mormoth, Nicotin, Nou, Nukafuka, Purice, Snort, Spiffy,
Xentar, Anorexia, Bertha, Burdin, Dale, Opeth, Orktank, Pichiponcius, Pinch,
Portocale, Reine, Alghazanth, Rombot, Fingers, Vagrungad",Reine,comma_name_list,,"Portocale, Reine, Alghazanth, Rombot, Fingers, Vagrungad",low,no
whois_kruel_1781604215,,Kruel,Maia,"…
/     \/      \  . . .
.   | .'.  |    .`..|.      .
     .\_____/\______/   .
   .        |##|.^.
  .         |##||  .

Player of: Antrax, Berbec, Bruslea, Celdinumbra, Count, Danzig, Gorin, Kratos,
Lingura, Magog, Mormoth, Nicotin, Nou, Nukafuka, Purice, Snort, Spiffy,
Xentar, Anorexia, Bertha, Burdin, Dale, Opeth, Orktank, Pichiponcius, Pinch,
Portocale, Reine, Alghazanth, Rombot, Fingers, Vagrungad",Alghazanth,comma_name_list,,"Portocale, Reine, Alghazanth, Rombot, Fingers, Vagrungad",low,no
whois_kruel_1781604215,,Kruel,Maia,"…
/     \/      \  . . .
.   | .'.  |    .`..|.      .
     .\_____/\______/   .
   .        |##|.^.
  .         |##||  .

Player of: Antrax, Berbec, Bruslea, Celdinumbra, Count, Danzig, Gorin, Kratos,
Lingura, Magog, Mormoth, Nicotin, Nou, Nukafuka, Purice, Snort, Spiffy,
Xentar, Anorexia, Bertha, Burdin, Dale, Opeth, Orktank, Pichiponcius, Pinch,
Portocale, Reine, Alghazanth, Rombot, Fingers, Vagrungad",Rombot,comma_name_list,,"Portocale, Reine, Alghazanth, Rombot, Fingers, Vagrungad",low,no
whois_kruel_1781604215,,Kruel,Maia,"…
/     \/      \  . . .
.   | .'.  |    .`..|.      .
     .\_____/\______/   .
   .        |##|.^.
  .         |##||  .

Player of: Antrax, Berbec, Bruslea, Celdinumbra, Count, Danzig, Gorin, Kratos,
Lingura, Magog, Mormoth, Nicotin, Nou, Nukafuka, Purice, Snort, Spiffy,
Xentar, Anorexia, Bertha, Burdin, Dale, Opeth, Orktank, Pichiponcius, Pinch,
Portocale, Reine, Alghazanth, Rombot, Fingers, Vagrungad",Fingers,comma_name_list,,"Portocale, Reine, Alghazanth, Rombot, Fingers, Vagrungad",low,no
whois_kruel_1781604215,,Kruel,Maia,"…
/     \/      \  . . .
.   | .'.  |    .`..|.      .
     .\_____/\______/   .
   .        |##|.^.
  .         |##||  .

Player of: Antrax, Berbec, Bruslea, Celdinumbra, Count, Danzig, Gorin, Kratos,
Lingura, Magog, Mormoth, Nicotin, Nou, Nukafuka, Purice, Snort, Spiffy,
Xentar, Anorexia, Bertha, Burdin, Dale, Opeth, Orktank, Pichiponcius, Pinch,
Portocale, Reine, Alghazanth, Rombot, Fingers, Vagrungad",Vagrungad,comma_name_list,,"Portocale, Reine, Alghazanth, Rombot, Fingers, Vagrungad",low,no
whois_lamia_1781604237,,Lamia,Maia,"Lamia the Sleepless is a Maia (Builder).

p(
  Amund, Zlad, Zauber, Uinrar, Môrne, Astor, Belobog
  Kakuke, Sumac, Shargaas
  Zazzmatazz
)

Feel free to message me on Discord: @mikaldus#1540.",Amund,comma_name_list,,"Amund, Zlad, Zauber, Uinrar, Môrne, Astor, Belobog",low,no
whois_lamia_1781604237,,Lamia,Maia,"Lamia the Sleepless is a Maia (Builder).

p(
  Amund, Zlad, Zauber, Uinrar, Môrne, Astor, Belobog
  Kakuke, Sumac, Shargaas
  Zazzmatazz
)

Feel free to message me on Discord: @mikaldus#1540.",Zlad,comma_name_list,,"Amund, Zlad, Zauber, Uinrar, Môrne, Astor, Belobog",low,no
whois_lamia_1781604237,,Lamia,Maia,"Lamia the Sleepless is a Maia (Builder).

p(
  Amund, Zlad, Zauber, Uinrar, Môrne, Astor, Belobog
  Kakuke, Sumac, Shargaas
  Zazzmatazz
)

Feel free to message me on Discord: @mikaldus#1540.",Zauber,comma_name_list,,"Amund, Zlad, Zauber, Uinrar, Môrne, Astor, Belobog",low,no
whois_lamia_1781604237,,Lamia,Maia,"Lamia the Sleepless is a Maia (Builder).

p(
  Amund, Zlad, Zauber, Uinrar, Môrne, Astor, Belobog
  Kakuke, Sumac, Shargaas
  Zazzmatazz
)

Feel free to message me on Discord: @mikaldus#1540.",Uinrar,comma_name_list,,"Amund, Zlad, Zauber, Uinrar, Môrne, Astor, Belobog",low,no
whois_lamia_1781604237,,Lamia,Maia,"Lamia the Sleepless is a Maia (Builder).

p(
  Amund, Zlad, Zauber, Uinrar, Môrne, Astor, Belobog
  Kakuke, Sumac, Shargaas
  Zazzmatazz
)

Feel free to message me on Discord: @mikaldus#1540.",Môrne,comma_name_list,,"Amund, Zlad, Zauber, Uinrar, Môrne, Astor, Belobog",low,no
whois_lamia_1781604237,,Lamia,Maia,"Lamia the Sleepless is a Maia (Builder).

p(
  Amund, Zlad, Zauber, Uinrar, Môrne, Astor, Belobog
  Kakuke, Sumac, Shargaas
  Zazzmatazz
)

Feel free to message me on Discord: @mikaldus#1540.",Astor,comma_name_list,,"Amund, Zlad, Zauber, Uinrar, Môrne, Astor, Belobog",low,no
whois_lamia_1781604237,,Lamia,Maia,"Lamia the Sleepless is a Maia (Builder).

p(
  Amund, Zlad, Zauber, Uinrar, Môrne, Astor, Belobog
  Kakuke, Sumac, Shargaas
  Zazzmatazz
)

Feel free to message me on Discord: @mikaldus#1540.",Belobog,comma_name_list,,"Amund, Zlad, Zauber, Uinrar, Môrne, Astor, Belobog",low,no
whois_lamia_1781604237,,Lamia,Maia,"Lamia the Sleepless is a Maia (Builder).

p(
  Amund, Zlad, Zauber, Uinrar, Môrne, Astor, Belobog
  Kakuke, Sumac, Shargaas
  Zazzmatazz
)

Feel free to message me on Discord: @mikaldus#1540.",Kakuke,comma_name_list,,"Kakuke, Sumac, Shargaas",low,no
whois_lamia_1781604237,,Lamia,Maia,"Lamia the Sleepless is a Maia (Builder).

p(
  Amund, Zlad, Zauber, Uinrar, Môrne, Astor, Belobog
  Kakuke, Sumac, Shargaas
  Zazzmatazz
)

Feel free to message me on Discord: @mikaldus#1540.",Sumac,comma_name_list,,"Kakuke, Sumac, Shargaas",low,no
whois_lamia_1781604237,,Lamia,Maia,"Lamia the Sleepless is a Maia (Builder).

p(
  Amund, Zlad, Zauber, Uinrar, Môrne, Astor, Belobog
  Kakuke, Sumac, Shargaas
  Zazzmatazz
)

Feel free to message me on Discord: @mikaldus#1540.",Shargaas,comma_name_list,,"Kakuke, Sumac, Shargaas",low,no
whois_laris_1781604265,,Laris,blissfully clueless is a Maia,"Laris is blissfully clueless is a Maia [Retired].
Last login 19 years, 8 months, and 22 days ago from [numerical
    address].

Minions: Alamus, Asher, Shogroth, Mogral
Whities: Andel, Caolin, Dradoc, Diven, Gol",Asher,comma_name_list,,"Minions: Alamus, Asher, Shogroth, Mogral",low,no
whois_laris_1781604265,,Laris,blissfully clueless is a Maia,"Laris is blissfully clueless is a Maia [Retired].
Last login 19 years, 8 months, and 22 days ago from [numerical
    address].

Minions: Alamus, Asher, Shogroth, Mogral
Whities: Andel, Caolin, Dradoc, Diven, Gol",Shogroth,comma_name_list,,"Minions: Alamus, Asher, Shogroth, Mogral",low,no
whois_laris_1781604265,,Laris,blissfully clueless is a Maia,"Laris is blissfully clueless is a Maia [Retired].
Last login 19 years, 8 months, and 22 days ago from [numerical
    address].

Minions: Alamus, Asher, Shogroth, Mogral
Whities: Andel, Caolin, Dradoc, Diven, Gol",Mogral,comma_name_list,,"Minions: Alamus, Asher, Shogroth, Mogral",low,no
whois_laris_1781604265,,Laris,blissfully clueless is a Maia,"Laris is blissfully clueless is a Maia [Retired].
Last login 19 years, 8 months, and 22 days ago from [numerical
    address].

Minions: Alamus, Asher, Shogroth, Mogral
Whities: Andel, Caolin, Dradoc, Diven, Gol",Caolin,comma_name_list,,"Whities: Andel, Caolin, Dradoc, Diven, Gol",high,yes
whois_laris_1781604265,,Laris,blissfully clueless is a Maia,"Laris is blissfully clueless is a Maia [Retired].
Last login 19 years, 8 months, and 22 days ago from [numerical
    address].

Minions: Alamus, Asher, Shogroth, Mogral
Whities: Andel, Caolin, Dradoc, Diven, Gol",Dradoc,comma_name_list,,"Whities: Andel, Caolin, Dradoc, Diven, Gol",low,no
whois_laris_1781604265,,Laris,blissfully clueless is a Maia,"Laris is blissfully clueless is a Maia [Retired].
Last login 19 years, 8 months, and 22 days ago from [numerical
    address].

Minions: Alamus, Asher, Shogroth, Mogral
Whities: Andel, Caolin, Dradoc, Diven, Gol",Diven,comma_name_list,,"Whities: Andel, Caolin, Dradoc, Diven, Gol",low,no
whois_laris_1781604265,,Laris,blissfully clueless is a Maia,"Laris is blissfully clueless is a Maia [Retired].
Last login 19 years, 8 months, and 22 days ago from [numerical
    address].

Minions: Alamus, Asher, Shogroth, Mogral
Whities: Andel, Caolin, Dradoc, Diven, Gol",Gol,comma_name_list,,"Whities: Andel, Caolin, Dradoc, Diven, Gol",low,no
whois_leica_1781604331,,Leica,Maia,"Leica the Troll Elder is a Maia.
Last login 12 years, 3 months, and 15 days ago from *.net.

Let the Chess begin!

Whities: Who Cares
Darkies:  Echo, Fearsome, Siege",Echo,heading_name_list,Darkies,"Darkies:  Echo, Fearsome, Siege",high,yes
whois_leica_1781604331,,Leica,Maia,"Leica the Troll Elder is a Maia.
Last login 12 years, 3 months, and 15 days ago from *.net.

Let the Chess begin!

Whities: Who Cares
Darkies:  Echo, Fearsome, Siege",Fearsome,heading_name_list,Darkies,"Darkies:  Echo, Fearsome, Siege",high,yes
whois_leica_1781604331,,Leica,Maia,"Leica the Troll Elder is a Maia.
Last login 12 years, 3 months, and 15 days ago from *.net.

Let the Chess begin!

Whities: Who Cares
Darkies:  Echo, Fearsome, Siege",Siege,heading_name_list,Darkies,"Darkies:  Echo, Fearsome, Siege",medium,no
whois_lenore_1781604347,,Lenore,Maia,"Lenore says 'Funny I still don't see it.' is a Maia.
Last login 21 years, 9 months, and 10 days ago from *.net.
                                                      / )
+---------------------------------------+            / / __.
  Little Bunny Foo-Foo                              / /_/\__\
    Hopping through the forest                     /,----. )
       Scooping up the field mice,            /\
…",Lenore,quoted_speaker,,Lenore says 'Funny I still don't see it.' is a Maia.,high,yes
whois_lens_1781604353,,Lens,Maia,"Lens newbie god guy is a Maia.
Last login 8 years and 11 months ago from *.net.
   _____       Cort, Felarof, Firefli, Fiskar, Gilsuul, Halian,
`.___,' Lanus, Mearasord, Naquadur, Oromendil, Flamma, Skne
   (___)      Vye",Cort,comma_name_list,,"_____       Cort, Felarof, Firefli, Fiskar, Gilsuul, Halian,",low,no
whois_lens_1781604353,,Lens,Maia,"Lens newbie god guy is a Maia.
Last login 8 years and 11 months ago from *.net.
   _____       Cort, Felarof, Firefli, Fiskar, Gilsuul, Halian,
`.___,' Lanus, Mearasord, Naquadur, Oromendil, Flamma, Skne
   (___)      Vye",Felarof,comma_name_list,,"_____       Cort, Felarof, Firefli, Fiskar, Gilsuul, Halian,",low,no
whois_lens_1781604353,,Lens,Maia,"Lens newbie god guy is a Maia.
Last login 8 years and 11 months ago from *.net.
   _____       Cort, Felarof, Firefli, Fiskar, Gilsuul, Halian,
`.___,' Lanus, Mearasord, Naquadur, Oromendil, Flamma, Skne
   (___)      Vye",Firefli,comma_name_list,,"_____       Cort, Felarof, Firefli, Fiskar, Gilsuul, Halian,",low,no
whois_lens_1781604353,,Lens,Maia,"Lens newbie god guy is a Maia.
Last login 8 years and 11 months ago from *.net.
   _____       Cort, Felarof, Firefli, Fiskar, Gilsuul, Halian,
`.___,' Lanus, Mearasord, Naquadur, Oromendil, Flamma, Skne
   (___)      Vye",Fiskar,comma_name_list,,"_____       Cort, Felarof, Firefli, Fiskar, Gilsuul, Halian,",low,no
whois_lens_1781604353,,Lens,Maia,"Lens newbie god guy is a Maia.
Last login 8 years and 11 months ago from *.net.
   _____       Cort, Felarof, Firefli, Fiskar, Gilsuul, Halian,
`.___,' Lanus, Mearasord, Naquadur, Oromendil, Flamma, Skne
   (___)      Vye",Gilsuul,comma_name_list,,"_____       Cort, Felarof, Firefli, Fiskar, Gilsuul, Halian,",low,no
whois_lens_1781604353,,Lens,Maia,"Lens newbie god guy is a Maia.
Last login 8 years and 11 months ago from *.net.
   _____       Cort, Felarof, Firefli, Fiskar, Gilsuul, Halian,
`.___,' Lanus, Mearasord, Naquadur, Oromendil, Flamma, Skne
   (___)      Vye",Halian,comma_name_list,,"_____       Cort, Felarof, Firefli, Fiskar, Gilsuul, Halian,",low,no
whois_lens_1781604353,,Lens,Maia,"Lens newbie god guy is a Maia.
Last login 8 years and 11 months ago from *.net.
   _____       Cort, Felarof, Firefli, Fiskar, Gilsuul, Halian,
`.___,' Lanus, Mearasord, Naquadur, Oromendil, Flamma, Skne
   (___)      Vye",Lanus,comma_name_list,,"`.___,' Lanus, Mearasord, Naquadur, Oromendil, Flamma, Skne",low,no
whois_lens_1781604353,,Lens,Maia,"Lens newbie god guy is a Maia.
Last login 8 years and 11 months ago from *.net.
   _____       Cort, Felarof, Firefli, Fiskar, Gilsuul, Halian,
`.___,' Lanus, Mearasord, Naquadur, Oromendil, Flamma, Skne
   (___)      Vye",Mearasord,comma_name_list,,"`.___,' Lanus, Mearasord, Naquadur, Oromendil, Flamma, Skne",low,no
whois_lens_1781604353,,Lens,Maia,"Lens newbie god guy is a Maia.
Last login 8 years and 11 months ago from *.net.
   _____       Cort, Felarof, Firefli, Fiskar, Gilsuul, Halian,
`.___,' Lanus, Mearasord, Naquadur, Oromendil, Flamma, Skne
   (___)      Vye",Naquadur,comma_name_list,,"`.___,' Lanus, Mearasord, Naquadur, Oromendil, Flamma, Skne",low,no
whois_lens_1781604353,,Lens,Maia,"Lens newbie god guy is a Maia.
Last login 8 years and 11 months ago from *.net.
   _____       Cort, Felarof, Firefli, Fiskar, Gilsuul, Halian,
`.___,' Lanus, Mearasord, Naquadur, Oromendil, Flamma, Skne
   (___)      Vye",Oromendil,comma_name_list,,"`.___,' Lanus, Mearasord, Naquadur, Oromendil, Flamma, Skne",low,no
whois_lens_1781604353,,Lens,Maia,"Lens newbie god guy is a Maia.
Last login 8 years and 11 months ago from *.net.
   _____       Cort, Felarof, Firefli, Fiskar, Gilsuul, Halian,
`.___,' Lanus, Mearasord, Naquadur, Oromendil, Flamma, Skne
   (___)      Vye",Flamma,comma_name_list,,"`.___,' Lanus, Mearasord, Naquadur, Oromendil, Flamma, Skne",low,no
whois_lens_1781604353,,Lens,Maia,"Lens newbie god guy is a Maia.
Last login 8 years and 11 months ago from *.net.
   _____       Cort, Felarof, Firefli, Fiskar, Gilsuul, Halian,
`.___,' Lanus, Mearasord, Naquadur, Oromendil, Flamma, Skne
   (___)      Vye",Skne,comma_name_list,,"`.___,' Lanus, Mearasord, Naquadur, Oromendil, Flamma, Skne",low,no
whois_lolatmi_1781604417,,Lolatmi,Maia,"Lolatmi is a Maia.
Last login 12 years, 3 months, and 1 day ago.

Ugurz tells you 'i have a friend lives there and so does my mother'
t ugurz 'your friend does your mother? :P'",Ugurz,quoted_speaker,,Ugurz tells you 'i have a friend lives there and so does my mother',high,yes
whois_luke_1781604508,char_luke,Luke,Maia,"Luke is a Maia [Retired].
Last login 3 years, 5 months, and 7 days ago from [numerical
    address].

Darkies: Smrtihlav Mochomurka Smrtak Tiggie Lokomotiva Manandoun
Space Kostej Traverza Kylhuk

Zorks: Tahkr Txul Luzifer

Pukes: Litovel Eletherion Plch Mrtvola",Smrtihlav,heading_name_list,Darkies,Darkies: Smrtihlav Mochomurka Smrtak Tiggie Lokomotiva Manandoun,high,yes
whois_luke_1781604508,char_luke,Luke,Maia,"Luke is a Maia [Retired].
Last login 3 years, 5 months, and 7 days ago from [numerical
    address].

Darkies: Smrtihlav Mochomurka Smrtak Tiggie Lokomotiva Manandoun
Space Kostej Traverza Kylhuk

Zorks: Tahkr Txul Luzifer

Pukes: Litovel Eletherion Plch Mrtvola",Mochomurka,heading_name_list,Darkies,Darkies: Smrtihlav Mochomurka Smrtak Tiggie Lokomotiva Manandoun,high,yes
whois_luke_1781604508,char_luke,Luke,Maia,"Luke is a Maia [Retired].
Last login 3 years, 5 months, and 7 days ago from [numerical
    address].

Darkies: Smrtihlav Mochomurka Smrtak Tiggie Lokomotiva Manandoun
Space Kostej Traverza Kylhuk

Zorks: Tahkr Txul Luzifer

Pukes: Litovel Eletherion Plch Mrtvola",Smrtak,heading_name_list,Darkies,Darkies: Smrtihlav Mochomurka Smrtak Tiggie Lokomotiva Manandoun,high,yes
whois_luke_1781604508,char_luke,Luke,Maia,"Luke is a Maia [Retired].
Last login 3 years, 5 months, and 7 days ago from [numerical
    address].

Darkies: Smrtihlav Mochomurka Smrtak Tiggie Lokomotiva Manandoun
Space Kostej Traverza Kylhuk

Zorks: Tahkr Txul Luzifer

Pukes: Litovel Eletherion Plch Mrtvola",Tiggie,heading_name_list,Darkies,Darkies: Smrtihlav Mochomurka Smrtak Tiggie Lokomotiva Manandoun,medium,no
whois_luke_1781604508,char_luke,Luke,Maia,"Luke is a Maia [Retired].
Last login 3 years, 5 months, and 7 days ago from [numerical
    address].

Darkies: Smrtihlav Mochomurka Smrtak Tiggie Lokomotiva Manandoun
Space Kostej Traverza Kylhuk

Zorks: Tahkr Txul Luzifer

Pukes: Litovel Eletherion Plch Mrtvola",Lokomotiva,heading_name_list,Darkies,Darkies: Smrtihlav Mochomurka Smrtak Tiggie Lokomotiva Manandoun,high,yes
whois_luke_1781604508,char_luke,Luke,Maia,"Luke is a Maia [Retired].
Last login 3 years, 5 months, and 7 days ago from [numerical
    address].

Darkies: Smrtihlav Mochomurka Smrtak Tiggie Lokomotiva Manandoun
Space Kostej Traverza Kylhuk

Zorks: Tahkr Txul Luzifer

Pukes: Litovel Eletherion Plch Mrtvola",Manandoun,heading_name_list,Darkies,Darkies: Smrtihlav Mochomurka Smrtak Tiggie Lokomotiva Manandoun,medium,no
whois_luke_1781604508,char_luke,Luke,Maia,"Luke is a Maia [Retired].
Last login 3 years, 5 months, and 7 days ago from [numerical
    address].

Darkies: Smrtihlav Mochomurka Smrtak Tiggie Lokomotiva Manandoun
Space Kostej Traverza Kylhuk

Zorks: Tahkr Txul Luzifer

Pukes: Litovel Eletherion Plch Mrtvola",Litovel,heading_name_list,Pukes,Pukes: Litovel Eletherion Plch Mrtvola,high,yes
whois_luke_1781604508,char_luke,Luke,Maia,"Luke is a Maia [Retired].
Last login 3 years, 5 months, and 7 days ago from [numerical
    address].

Darkies: Smrtihlav Mochomurka Smrtak Tiggie Lokomotiva Manandoun
Space Kostej Traverza Kylhuk

Zorks: Tahkr Txul Luzifer

Pukes: Litovel Eletherion Plch Mrtvola",Eletherion,heading_name_list,Pukes,Pukes: Litovel Eletherion Plch Mrtvola,high,yes
whois_luke_1781604508,char_luke,Luke,Maia,"Luke is a Maia [Retired].
Last login 3 years, 5 months, and 7 days ago from [numerical
    address].

Darkies: Smrtihlav Mochomurka Smrtak Tiggie Lokomotiva Manandoun
Space Kostej Traverza Kylhuk

Zorks: Tahkr Txul Luzifer

Pukes: Litovel Eletherion Plch Mrtvola",Plch,heading_name_list,Pukes,Pukes: Litovel Eletherion Plch Mrtvola,high,yes
whois_luke_1781604508,char_luke,Luke,Maia,"Luke is a Maia [Retired].
Last login 3 years, 5 months, and 7 days ago from [numerical
    address].

Darkies: Smrtihlav Mochomurka Smrtak Tiggie Lokomotiva Manandoun
Space Kostej Traverza Kylhuk

Zorks: Tahkr Txul Luzifer

Pukes: Litovel Eletherion Plch Mrtvola",Mrtvola,heading_name_list,Pukes,Pukes: Litovel Eletherion Plch Mrtvola,medium,no
whois_líng_1781604524,char_líng,Líng,Maia,"Líng the young and vibrant one is a Maia [Retired].
Last login 15 years, 6 months, and 16 days ago from [numerical
    address].

Azan tells you 'Stop trippin about your age we are still young and vibrant!'",Azan,quoted_speaker,,Azan tells you 'Stop trippin about your age we are still young and vibrant!',high,yes
whois_majesty_1781604579,,Majesty,Maia,"Majesty ""This, too, shall pass."" is a Maia.
Last login 2 years, 3 months, and 8 days ago.

Pukes: Aenos, Ameno, Delerium, Deum, Divinus, Forze, Gareth, Ingole, Istui,
Nolwe, Nookie
Darkies: Burial, Burton, Deofol, Gosu, Macbeth, Messire, Unkind, Untrue, Vanwa
Zorcs: Zocalo",Aenos,heading_name_list,Pukes,"Pukes: Aenos, Ameno, Delerium, Deum, Divinus, Forze, Gareth, Ingole, Istui,",medium,no
whois_majesty_1781604579,,Majesty,Maia,"Majesty ""This, too, shall pass."" is a Maia.
Last login 2 years, 3 months, and 8 days ago.

Pukes: Aenos, Ameno, Delerium, Deum, Divinus, Forze, Gareth, Ingole, Istui,
Nolwe, Nookie
Darkies: Burial, Burton, Deofol, Gosu, Macbeth, Messire, Unkind, Untrue, Vanwa
Zorcs: Zocalo",Ameno,heading_name_list,Pukes,"Pukes: Aenos, Ameno, Delerium, Deum, Divinus, Forze, Gareth, Ingole, Istui,",medium,no
whois_majesty_1781604579,,Majesty,Maia,"Majesty ""This, too, shall pass."" is a Maia.
Last login 2 years, 3 months, and 8 days ago.

Pukes: Aenos, Ameno, Delerium, Deum, Divinus, Forze, Gareth, Ingole, Istui,
Nolwe, Nookie
Darkies: Burial, Burton, Deofol, Gosu, Macbeth, Messire, Unkind, Untrue, Vanwa
Zorcs: Zocalo",Delerium,heading_name_list,Pukes,"Pukes: Aenos, Ameno, Delerium, Deum, Divinus, Forze, Gareth, Ingole, Istui,",medium,no
whois_majesty_1781604579,,Majesty,Maia,"Majesty ""This, too, shall pass."" is a Maia.
Last login 2 years, 3 months, and 8 days ago.

Pukes: Aenos, Ameno, Delerium, Deum, Divinus, Forze, Gareth, Ingole, Istui,
Nolwe, Nookie
Darkies: Burial, Burton, Deofol, Gosu, Macbeth, Messire, Unkind, Untrue, Vanwa
Zorcs: Zocalo",Deum,heading_name_list,Pukes,"Pukes: Aenos, Ameno, Delerium, Deum, Divinus, Forze, Gareth, Ingole, Istui,",medium,no
whois_majesty_1781604579,,Majesty,Maia,"Majesty ""This, too, shall pass."" is a Maia.
Last login 2 years, 3 months, and 8 days ago.

Pukes: Aenos, Ameno, Delerium, Deum, Divinus, Forze, Gareth, Ingole, Istui,
Nolwe, Nookie
Darkies: Burial, Burton, Deofol, Gosu, Macbeth, Messire, Unkind, Untrue, Vanwa
Zorcs: Zocalo",Divinus,heading_name_list,Pukes,"Pukes: Aenos, Ameno, Delerium, Deum, Divinus, Forze, Gareth, Ingole, Istui,",medium,no
whois_majesty_1781604579,,Majesty,Maia,"Majesty ""This, too, shall pass."" is a Maia.
Last login 2 years, 3 months, and 8 days ago.

Pukes: Aenos, Ameno, Delerium, Deum, Divinus, Forze, Gareth, Ingole, Istui,
Nolwe, Nookie
Darkies: Burial, Burton, Deofol, Gosu, Macbeth, Messire, Unkind, Untrue, Vanwa
Zorcs: Zocalo",Forze,heading_name_list,Pukes,"Pukes: Aenos, Ameno, Delerium, Deum, Divinus, Forze, Gareth, Ingole, Istui,",medium,no
whois_majesty_1781604579,,Majesty,Maia,"Majesty ""This, too, shall pass."" is a Maia.
Last login 2 years, 3 months, and 8 days ago.

Pukes: Aenos, Ameno, Delerium, Deum, Divinus, Forze, Gareth, Ingole, Istui,
Nolwe, Nookie
Darkies: Burial, Burton, Deofol, Gosu, Macbeth, Messire, Unkind, Untrue, Vanwa
Zorcs: Zocalo",Gareth,heading_name_list,Pukes,"Pukes: Aenos, Ameno, Delerium, Deum, Divinus, Forze, Gareth, Ingole, Istui,",medium,no
whois_majesty_1781604579,,Majesty,Maia,"Majesty ""This, too, shall pass."" is a Maia.
Last login 2 years, 3 months, and 8 days ago.

Pukes: Aenos, Ameno, Delerium, Deum, Divinus, Forze, Gareth, Ingole, Istui,
Nolwe, Nookie
Darkies: Burial, Burton, Deofol, Gosu, Macbeth, Messire, Unkind, Untrue, Vanwa
Zorcs: Zocalo",Ingole,heading_name_list,Pukes,"Pukes: Aenos, Ameno, Delerium, Deum, Divinus, Forze, Gareth, Ingole, Istui,",medium,no
whois_majesty_1781604579,,Majesty,Maia,"Majesty ""This, too, shall pass."" is a Maia.
Last login 2 years, 3 months, and 8 days ago.

Pukes: Aenos, Ameno, Delerium, Deum, Divinus, Forze, Gareth, Ingole, Istui,
Nolwe, Nookie
Darkies: Burial, Burton, Deofol, Gosu, Macbeth, Messire, Unkind, Untrue, Vanwa
Zorcs: Zocalo",Istui,heading_name_list,Pukes,"Pukes: Aenos, Ameno, Delerium, Deum, Divinus, Forze, Gareth, Ingole, Istui,",medium,no
whois_majesty_1781604579,,Majesty,Maia,"Majesty ""This, too, shall pass."" is a Maia.
Last login 2 years, 3 months, and 8 days ago.

Pukes: Aenos, Ameno, Delerium, Deum, Divinus, Forze, Gareth, Ingole, Istui,
Nolwe, Nookie
Darkies: Burial, Burton, Deofol, Gosu, Macbeth, Messire, Unkind, Untrue, Vanwa
Zorcs: Zocalo",Burial,heading_name_list,Darkies,"Darkies: Burial, Burton, Deofol, Gosu, Macbeth, Messire, Unkind, Untrue, Vanwa",medium,no
whois_majesty_1781604579,,Majesty,Maia,"Majesty ""This, too, shall pass."" is a Maia.
Last login 2 years, 3 months, and 8 days ago.

Pukes: Aenos, Ameno, Delerium, Deum, Divinus, Forze, Gareth, Ingole, Istui,
Nolwe, Nookie
Darkies: Burial, Burton, Deofol, Gosu, Macbeth, Messire, Unkind, Untrue, Vanwa
Zorcs: Zocalo",Burton,heading_name_list,Darkies,"Darkies: Burial, Burton, Deofol, Gosu, Macbeth, Messire, Unkind, Untrue, Vanwa",medium,no
whois_majesty_1781604579,,Majesty,Maia,"Majesty ""This, too, shall pass."" is a Maia.
Last login 2 years, 3 months, and 8 days ago.

Pukes: Aenos, Ameno, Delerium, Deum, Divinus, Forze, Gareth, Ingole, Istui,
Nolwe, Nookie
Darkies: Burial, Burton, Deofol, Gosu, Macbeth, Messire, Unkind, Untrue, Vanwa
Zorcs: Zocalo",Deofol,heading_name_list,Darkies,"Darkies: Burial, Burton, Deofol, Gosu, Macbeth, Messire, Unkind, Untrue, Vanwa",medium,no
whois_majesty_1781604579,,Majesty,Maia,"Majesty ""This, too, shall pass."" is a Maia.
Last login 2 years, 3 months, and 8 days ago.

Pukes: Aenos, Ameno, Delerium, Deum, Divinus, Forze, Gareth, Ingole, Istui,
Nolwe, Nookie
Darkies: Burial, Burton, Deofol, Gosu, Macbeth, Messire, Unkind, Untrue, Vanwa
Zorcs: Zocalo",Gosu,heading_name_list,Darkies,"Darkies: Burial, Burton, Deofol, Gosu, Macbeth, Messire, Unkind, Untrue, Vanwa",medium,no
whois_majesty_1781604579,,Majesty,Maia,"Majesty ""This, too, shall pass."" is a Maia.
Last login 2 years, 3 months, and 8 days ago.

Pukes: Aenos, Ameno, Delerium, Deum, Divinus, Forze, Gareth, Ingole, Istui,
Nolwe, Nookie
Darkies: Burial, Burton, Deofol, Gosu, Macbeth, Messire, Unkind, Untrue, Vanwa
Zorcs: Zocalo",Macbeth,heading_name_list,Darkies,"Darkies: Burial, Burton, Deofol, Gosu, Macbeth, Messire, Unkind, Untrue, Vanwa",medium,no
whois_majesty_1781604579,,Majesty,Maia,"Majesty ""This, too, shall pass."" is a Maia.
Last login 2 years, 3 months, and 8 days ago.

Pukes: Aenos, Ameno, Delerium, Deum, Divinus, Forze, Gareth, Ingole, Istui,
Nolwe, Nookie
Darkies: Burial, Burton, Deofol, Gosu, Macbeth, Messire, Unkind, Untrue, Vanwa
Zorcs: Zocalo",Messire,heading_name_list,Darkies,"Darkies: Burial, Burton, Deofol, Gosu, Macbeth, Messire, Unkind, Untrue, Vanwa",medium,no
whois_majesty_1781604579,,Majesty,Maia,"Majesty ""This, too, shall pass."" is a Maia.
Last login 2 years, 3 months, and 8 days ago.

Pukes: Aenos, Ameno, Delerium, Deum, Divinus, Forze, Gareth, Ingole, Istui,
Nolwe, Nookie
Darkies: Burial, Burton, Deofol, Gosu, Macbeth, Messire, Unkind, Untrue, Vanwa
Zorcs: Zocalo",Unkind,heading_name_list,Darkies,"Darkies: Burial, Burton, Deofol, Gosu, Macbeth, Messire, Unkind, Untrue, Vanwa",medium,no
whois_majesty_1781604579,,Majesty,Maia,"Majesty ""This, too, shall pass."" is a Maia.
Last login 2 years, 3 months, and 8 days ago.

Pukes: Aenos, Ameno, Delerium, Deum, Divinus, Forze, Gareth, Ingole, Istui,
Nolwe, Nookie
Darkies: Burial, Burton, Deofol, Gosu, Macbeth, Messire, Unkind, Untrue, Vanwa
Zorcs: Zocalo",Untrue,heading_name_list,Darkies,"Darkies: Burial, Burton, Deofol, Gosu, Macbeth, Messire, Unkind, Untrue, Vanwa",medium,no
whois_majesty_1781604579,,Majesty,Maia,"Majesty ""This, too, shall pass."" is a Maia.
Last login 2 years, 3 months, and 8 days ago.

Pukes: Aenos, Ameno, Delerium, Deum, Divinus, Forze, Gareth, Ingole, Istui,
Nolwe, Nookie
Darkies: Burial, Burton, Deofol, Gosu, Macbeth, Messire, Unkind, Untrue, Vanwa
Zorcs: Zocalo",Vanwa,heading_name_list,Darkies,"Darkies: Burial, Burton, Deofol, Gosu, Macbeth, Messire, Unkind, Untrue, Vanwa",medium,no
whois_majesty_1781604579,,Majesty,Maia,"Majesty ""This, too, shall pass."" is a Maia.
Last login 2 years, 3 months, and 8 days ago.

Pukes: Aenos, Ameno, Delerium, Deum, Divinus, Forze, Gareth, Ingole, Istui,
Nolwe, Nookie
Darkies: Burial, Burton, Deofol, Gosu, Macbeth, Messire, Unkind, Untrue, Vanwa
Zorcs: Zocalo",Ameno,comma_name_list,,"Pukes: Aenos, Ameno, Delerium, Deum, Divinus, Forze, Gareth, Ingole, Istui,",low,no
whois_majesty_1781604579,,Majesty,Maia,"Majesty ""This, too, shall pass."" is a Maia.
Last login 2 years, 3 months, and 8 days ago.

Pukes: Aenos, Ameno, Delerium, Deum, Divinus, Forze, Gareth, Ingole, Istui,
Nolwe, Nookie
Darkies: Burial, Burton, Deofol, Gosu, Macbeth, Messire, Unkind, Untrue, Vanwa
Zorcs: Zocalo",Delerium,comma_name_list,,"Pukes: Aenos, Ameno, Delerium, Deum, Divinus, Forze, Gareth, Ingole, Istui,",low,no
whois_majesty_1781604579,,Majesty,Maia,"Majesty ""This, too, shall pass."" is a Maia.
Last login 2 years, 3 months, and 8 days ago.

Pukes: Aenos, Ameno, Delerium, Deum, Divinus, Forze, Gareth, Ingole, Istui,
Nolwe, Nookie
Darkies: Burial, Burton, Deofol, Gosu, Macbeth, Messire, Unkind, Untrue, Vanwa
Zorcs: Zocalo",Deum,comma_name_list,,"Pukes: Aenos, Ameno, Delerium, Deum, Divinus, Forze, Gareth, Ingole, Istui,",low,no
whois_majesty_1781604579,,Majesty,Maia,"Majesty ""This, too, shall pass."" is a Maia.
Last login 2 years, 3 months, and 8 days ago.

Pukes: Aenos, Ameno, Delerium, Deum, Divinus, Forze, Gareth, Ingole, Istui,
Nolwe, Nookie
Darkies: Burial, Burton, Deofol, Gosu, Macbeth, Messire, Unkind, Untrue, Vanwa
Zorcs: Zocalo",Divinus,comma_name_list,,"Pukes: Aenos, Ameno, Delerium, Deum, Divinus, Forze, Gareth, Ingole, Istui,",low,no
whois_majesty_1781604579,,Majesty,Maia,"Majesty ""This, too, shall pass."" is a Maia.
Last login 2 years, 3 months, and 8 days ago.

Pukes: Aenos, Ameno, Delerium, Deum, Divinus, Forze, Gareth, Ingole, Istui,
Nolwe, Nookie
Darkies: Burial, Burton, Deofol, Gosu, Macbeth, Messire, Unkind, Untrue, Vanwa
Zorcs: Zocalo",Forze,comma_name_list,,"Pukes: Aenos, Ameno, Delerium, Deum, Divinus, Forze, Gareth, Ingole, Istui,",low,no
whois_majesty_1781604579,,Majesty,Maia,"Majesty ""This, too, shall pass."" is a Maia.
Last login 2 years, 3 months, and 8 days ago.

Pukes: Aenos, Ameno, Delerium, Deum, Divinus, Forze, Gareth, Ingole, Istui,
Nolwe, Nookie
Darkies: Burial, Burton, Deofol, Gosu, Macbeth, Messire, Unkind, Untrue, Vanwa
Zorcs: Zocalo",Gareth,comma_name_list,,"Pukes: Aenos, Ameno, Delerium, Deum, Divinus, Forze, Gareth, Ingole, Istui,",low,no
whois_majesty_1781604579,,Majesty,Maia,"Majesty ""This, too, shall pass."" is a Maia.
Last login 2 years, 3 months, and 8 days ago.

Pukes: Aenos, Ameno, Delerium, Deum, Divinus, Forze, Gareth, Ingole, Istui,
Nolwe, Nookie
Darkies: Burial, Burton, Deofol, Gosu, Macbeth, Messire, Unkind, Untrue, Vanwa
Zorcs: Zocalo",Ingole,comma_name_list,,"Pukes: Aenos, Ameno, Delerium, Deum, Divinus, Forze, Gareth, Ingole, Istui,",low,no
whois_majesty_1781604579,,Majesty,Maia,"Majesty ""This, too, shall pass."" is a Maia.
Last login 2 years, 3 months, and 8 days ago.

Pukes: Aenos, Ameno, Delerium, Deum, Divinus, Forze, Gareth, Ingole, Istui,
Nolwe, Nookie
Darkies: Burial, Burton, Deofol, Gosu, Macbeth, Messire, Unkind, Untrue, Vanwa
Zorcs: Zocalo",Istui,comma_name_list,,"Pukes: Aenos, Ameno, Delerium, Deum, Divinus, Forze, Gareth, Ingole, Istui,",low,no
whois_majesty_1781604579,,Majesty,Maia,"Majesty ""This, too, shall pass."" is a Maia.
Last login 2 years, 3 months, and 8 days ago.

Pukes: Aenos, Ameno, Delerium, Deum, Divinus, Forze, Gareth, Ingole, Istui,
Nolwe, Nookie
Darkies: Burial, Burton, Deofol, Gosu, Macbeth, Messire, Unkind, Untrue, Vanwa
Zorcs: Zocalo",Burton,comma_name_list,,"Darkies: Burial, Burton, Deofol, Gosu, Macbeth, Messire, Unkind, Untrue, Vanwa",low,no
whois_majesty_1781604579,,Majesty,Maia,"Majesty ""This, too, shall pass."" is a Maia.
Last login 2 years, 3 months, and 8 days ago.

Pukes: Aenos, Ameno, Delerium, Deum, Divinus, Forze, Gareth, Ingole, Istui,
Nolwe, Nookie
Darkies: Burial, Burton, Deofol, Gosu, Macbeth, Messire, Unkind, Untrue, Vanwa
Zorcs: Zocalo",Deofol,comma_name_list,,"Darkies: Burial, Burton, Deofol, Gosu, Macbeth, Messire, Unkind, Untrue, Vanwa",low,no
whois_majesty_1781604579,,Majesty,Maia,"Majesty ""This, too, shall pass."" is a Maia.
Last login 2 years, 3 months, and 8 days ago.

Pukes: Aenos, Ameno, Delerium, Deum, Divinus, Forze, Gareth, Ingole, Istui,
Nolwe, Nookie
Darkies: Burial, Burton, Deofol, Gosu, Macbeth, Messire, Unkind, Untrue, Vanwa
Zorcs: Zocalo",Gosu,comma_name_list,,"Darkies: Burial, Burton, Deofol, Gosu, Macbeth, Messire, Unkind, Untrue, Vanwa",low,no
whois_majesty_1781604579,,Majesty,Maia,"Majesty ""This, too, shall pass."" is a Maia.
Last login 2 years, 3 months, and 8 days ago.

Pukes: Aenos, Ameno, Delerium, Deum, Divinus, Forze, Gareth, Ingole, Istui,
Nolwe, Nookie
Darkies: Burial, Burton, Deofol, Gosu, Macbeth, Messire, Unkind, Untrue, Vanwa
Zorcs: Zocalo",Macbeth,comma_name_list,,"Darkies: Burial, Burton, Deofol, Gosu, Macbeth, Messire, Unkind, Untrue, Vanwa",low,no
whois_majesty_1781604579,,Majesty,Maia,"Majesty ""This, too, shall pass."" is a Maia.
Last login 2 years, 3 months, and 8 days ago.

Pukes: Aenos, Ameno, Delerium, Deum, Divinus, Forze, Gareth, Ingole, Istui,
Nolwe, Nookie
Darkies: Burial, Burton, Deofol, Gosu, Macbeth, Messire, Unkind, Untrue, Vanwa
Zorcs: Zocalo",Messire,comma_name_list,,"Darkies: Burial, Burton, Deofol, Gosu, Macbeth, Messire, Unkind, Untrue, Vanwa",low,no
whois_majesty_1781604579,,Majesty,Maia,"Majesty ""This, too, shall pass."" is a Maia.
Last login 2 years, 3 months, and 8 days ago.

Pukes: Aenos, Ameno, Delerium, Deum, Divinus, Forze, Gareth, Ingole, Istui,
Nolwe, Nookie
Darkies: Burial, Burton, Deofol, Gosu, Macbeth, Messire, Unkind, Untrue, Vanwa
Zorcs: Zocalo",Unkind,comma_name_list,,"Darkies: Burial, Burton, Deofol, Gosu, Macbeth, Messire, Unkind, Untrue, Vanwa",low,no
whois_majesty_1781604579,,Majesty,Maia,"Majesty ""This, too, shall pass."" is a Maia.
Last login 2 years, 3 months, and 8 days ago.

Pukes: Aenos, Ameno, Delerium, Deum, Divinus, Forze, Gareth, Ingole, Istui,
Nolwe, Nookie
Darkies: Burial, Burton, Deofol, Gosu, Macbeth, Messire, Unkind, Untrue, Vanwa
Zorcs: Zocalo",Untrue,comma_name_list,,"Darkies: Burial, Burton, Deofol, Gosu, Macbeth, Messire, Unkind, Untrue, Vanwa",low,no
whois_majesty_1781604579,,Majesty,Maia,"Majesty ""This, too, shall pass."" is a Maia.
Last login 2 years, 3 months, and 8 days ago.

Pukes: Aenos, Ameno, Delerium, Deum, Divinus, Forze, Gareth, Ingole, Istui,
Nolwe, Nookie
Darkies: Burial, Burton, Deofol, Gosu, Macbeth, Messire, Unkind, Untrue, Vanwa
Zorcs: Zocalo",Vanwa,comma_name_list,,"Darkies: Burial, Burton, Deofol, Gosu, Macbeth, Messire, Unkind, Untrue, Vanwa",low,no
whois_marcho_1781604671,,Marcho,Maia,"Marcho is a Maia (Cartographer) [Retired].
Last login 22 years, 3 months, and 19 days ago from *.net.
Trolls: Crackle, Rok, Fecal
Númenóreans: Nâlizindubêth, Scrawn, Gondolin
Orcs: Retch, Bog, Gimlet, Sinbad, Apache, Gorgoroth

Wobbits: Duff, Kick
Dwarves: Dross, Norno, Gróin
Pelfs: Cid, Tôlacharn, Limgrist, Maicacen, Artaher, Gollgwaun, Celeb, Morchant
Men: Frumgar, Norm

Ouch.",Crackle,heading_name_list,Trolls,"Trolls: Crackle, Rok, Fecal",medium,no
whois_marcho_1781604671,,Marcho,Maia,"Marcho is a Maia (Cartographer) [Retired].
Last login 22 years, 3 months, and 19 days ago from *.net.
Trolls: Crackle, Rok, Fecal
Númenóreans: Nâlizindubêth, Scrawn, Gondolin
Orcs: Retch, Bog, Gimlet, Sinbad, Apache, Gorgoroth

Wobbits: Duff, Kick
Dwarves: Dross, Norno, Gróin
Pelfs: Cid, Tôlacharn, Limgrist, Maicacen, Artaher, Gollgwaun, Celeb, Morchant
Men: Frumgar, Norm

Ouch.",Rok,heading_name_list,Trolls,"Trolls: Crackle, Rok, Fecal",medium,no
whois_marcho_1781604671,,Marcho,Maia,"Marcho is a Maia (Cartographer) [Retired].
Last login 22 years, 3 months, and 19 days ago from *.net.
Trolls: Crackle, Rok, Fecal
Númenóreans: Nâlizindubêth, Scrawn, Gondolin
Orcs: Retch, Bog, Gimlet, Sinbad, Apache, Gorgoroth

Wobbits: Duff, Kick
Dwarves: Dross, Norno, Gróin
Pelfs: Cid, Tôlacharn, Limgrist, Maicacen, Artaher, Gollgwaun, Celeb, Morchant
Men: Frumgar, Norm

Ouch.",Fecal,heading_name_list,Trolls,"Trolls: Crackle, Rok, Fecal",medium,no
whois_marcho_1781604671,,Marcho,Maia,"Marcho is a Maia (Cartographer) [Retired].
Last login 22 years, 3 months, and 19 days ago from *.net.
Trolls: Crackle, Rok, Fecal
Númenóreans: Nâlizindubêth, Scrawn, Gondolin
Orcs: Retch, Bog, Gimlet, Sinbad, Apache, Gorgoroth

Wobbits: Duff, Kick
Dwarves: Dross, Norno, Gróin
Pelfs: Cid, Tôlacharn, Limgrist, Maicacen, Artaher, Gollgwaun, Celeb, Morchant
Men: Frumgar, Norm

Ouch.",Retch,heading_name_list,Orcs,"Orcs: Retch, Bog, Gimlet, Sinbad, Apache, Gorgoroth",medium,no
whois_marcho_1781604671,,Marcho,Maia,"Marcho is a Maia (Cartographer) [Retired].
Last login 22 years, 3 months, and 19 days ago from *.net.
Trolls: Crackle, Rok, Fecal
Númenóreans: Nâlizindubêth, Scrawn, Gondolin
Orcs: Retch, Bog, Gimlet, Sinbad, Apache, Gorgoroth

Wobbits: Duff, Kick
Dwarves: Dross, Norno, Gróin
Pelfs: Cid, Tôlacharn, Limgrist, Maicacen, Artaher, Gollgwaun, Celeb, Morchant
Men: Frumgar, Norm

Ouch.",Bog,heading_name_list,Orcs,"Orcs: Retch, Bog, Gimlet, Sinbad, Apache, Gorgoroth",medium,no
whois_marcho_1781604671,,Marcho,Maia,"Marcho is a Maia (Cartographer) [Retired].
Last login 22 years, 3 months, and 19 days ago from *.net.
Trolls: Crackle, Rok, Fecal
Númenóreans: Nâlizindubêth, Scrawn, Gondolin
Orcs: Retch, Bog, Gimlet, Sinbad, Apache, Gorgoroth

Wobbits: Duff, Kick
Dwarves: Dross, Norno, Gróin
Pelfs: Cid, Tôlacharn, Limgrist, Maicacen, Artaher, Gollgwaun, Celeb, Morchant
Men: Frumgar, Norm

Ouch.",Gimlet,heading_name_list,Orcs,"Orcs: Retch, Bog, Gimlet, Sinbad, Apache, Gorgoroth",medium,no
whois_marcho_1781604671,,Marcho,Maia,"Marcho is a Maia (Cartographer) [Retired].
Last login 22 years, 3 months, and 19 days ago from *.net.
Trolls: Crackle, Rok, Fecal
Númenóreans: Nâlizindubêth, Scrawn, Gondolin
Orcs: Retch, Bog, Gimlet, Sinbad, Apache, Gorgoroth

Wobbits: Duff, Kick
Dwarves: Dross, Norno, Gróin
Pelfs: Cid, Tôlacharn, Limgrist, Maicacen, Artaher, Gollgwaun, Celeb, Morchant
Men: Frumgar, Norm

Ouch.",Sinbad,heading_name_list,Orcs,"Orcs: Retch, Bog, Gimlet, Sinbad, Apache, Gorgoroth",medium,no
whois_marcho_1781604671,,Marcho,Maia,"Marcho is a Maia (Cartographer) [Retired].
Last login 22 years, 3 months, and 19 days ago from *.net.
Trolls: Crackle, Rok, Fecal
Númenóreans: Nâlizindubêth, Scrawn, Gondolin
Orcs: Retch, Bog, Gimlet, Sinbad, Apache, Gorgoroth

Wobbits: Duff, Kick
Dwarves: Dross, Norno, Gróin
Pelfs: Cid, Tôlacharn, Limgrist, Maicacen, Artaher, Gollgwaun, Celeb, Morchant
Men: Frumgar, Norm

Ouch.",Apache,heading_name_list,Orcs,"Orcs: Retch, Bog, Gimlet, Sinbad, Apache, Gorgoroth",medium,no
whois_marcho_1781604671,,Marcho,Maia,"Marcho is a Maia (Cartographer) [Retired].
Last login 22 years, 3 months, and 19 days ago from *.net.
Trolls: Crackle, Rok, Fecal
Númenóreans: Nâlizindubêth, Scrawn, Gondolin
Orcs: Retch, Bog, Gimlet, Sinbad, Apache, Gorgoroth

Wobbits: Duff, Kick
Dwarves: Dross, Norno, Gróin
Pelfs: Cid, Tôlacharn, Limgrist, Maicacen, Artaher, Gollgwaun, Celeb, Morchant
Men: Frumgar, Norm

Ouch.",Gorgoroth,heading_name_list,Orcs,"Orcs: Retch, Bog, Gimlet, Sinbad, Apache, Gorgoroth",medium,no
whois_marcho_1781604671,,Marcho,Maia,"Marcho is a Maia (Cartographer) [Retired].
Last login 22 years, 3 months, and 19 days ago from *.net.
Trolls: Crackle, Rok, Fecal
Númenóreans: Nâlizindubêth, Scrawn, Gondolin
Orcs: Retch, Bog, Gimlet, Sinbad, Apache, Gorgoroth

Wobbits: Duff, Kick
Dwarves: Dross, Norno, Gróin
Pelfs: Cid, Tôlacharn, Limgrist, Maicacen, Artaher, Gollgwaun, Celeb, Morchant
Men: Frumgar, Norm

Ouch.",Bog,comma_name_list,,"Orcs: Retch, Bog, Gimlet, Sinbad, Apache, Gorgoroth",low,no
whois_marcho_1781604671,,Marcho,Maia,"Marcho is a Maia (Cartographer) [Retired].
Last login 22 years, 3 months, and 19 days ago from *.net.
Trolls: Crackle, Rok, Fecal
Númenóreans: Nâlizindubêth, Scrawn, Gondolin
Orcs: Retch, Bog, Gimlet, Sinbad, Apache, Gorgoroth

Wobbits: Duff, Kick
Dwarves: Dross, Norno, Gróin
Pelfs: Cid, Tôlacharn, Limgrist, Maicacen, Artaher, Gollgwaun, Celeb, Morchant
Men: Frumgar, Norm

Ouch.",Gimlet,comma_name_list,,"Orcs: Retch, Bog, Gimlet, Sinbad, Apache, Gorgoroth",low,no
whois_marcho_1781604671,,Marcho,Maia,"Marcho is a Maia (Cartographer) [Retired].
Last login 22 years, 3 months, and 19 days ago from *.net.
Trolls: Crackle, Rok, Fecal
Númenóreans: Nâlizindubêth, Scrawn, Gondolin
Orcs: Retch, Bog, Gimlet, Sinbad, Apache, Gorgoroth

Wobbits: Duff, Kick
Dwarves: Dross, Norno, Gróin
Pelfs: Cid, Tôlacharn, Limgrist, Maicacen, Artaher, Gollgwaun, Celeb, Morchant
Men: Frumgar, Norm

Ouch.",Sinbad,comma_name_list,,"Orcs: Retch, Bog, Gimlet, Sinbad, Apache, Gorgoroth",low,no
whois_marcho_1781604671,,Marcho,Maia,"Marcho is a Maia (Cartographer) [Retired].
Last login 22 years, 3 months, and 19 days ago from *.net.
Trolls: Crackle, Rok, Fecal
Númenóreans: Nâlizindubêth, Scrawn, Gondolin
Orcs: Retch, Bog, Gimlet, Sinbad, Apache, Gorgoroth

Wobbits: Duff, Kick
Dwarves: Dross, Norno, Gróin
Pelfs: Cid, Tôlacharn, Limgrist, Maicacen, Artaher, Gollgwaun, Celeb, Morchant
Men: Frumgar, Norm

Ouch.",Apache,comma_name_list,,"Orcs: Retch, Bog, Gimlet, Sinbad, Apache, Gorgoroth",low,no
whois_marcho_1781604671,,Marcho,Maia,"Marcho is a Maia (Cartographer) [Retired].
Last login 22 years, 3 months, and 19 days ago from *.net.
Trolls: Crackle, Rok, Fecal
Númenóreans: Nâlizindubêth, Scrawn, Gondolin
Orcs: Retch, Bog, Gimlet, Sinbad, Apache, Gorgoroth

Wobbits: Duff, Kick
Dwarves: Dross, Norno, Gróin
Pelfs: Cid, Tôlacharn, Limgrist, Maicacen, Artaher, Gollgwaun, Celeb, Morchant
Men: Frumgar, Norm

Ouch.",Gorgoroth,comma_name_list,,"Orcs: Retch, Bog, Gimlet, Sinbad, Apache, Gorgoroth",low,no
whois_marcho_1781604671,,Marcho,Maia,"Marcho is a Maia (Cartographer) [Retired].
Last login 22 years, 3 months, and 19 days ago from *.net.
Trolls: Crackle, Rok, Fecal
Númenóreans: Nâlizindubêth, Scrawn, Gondolin
Orcs: Retch, Bog, Gimlet, Sinbad, Apache, Gorgoroth

Wobbits: Duff, Kick
Dwarves: Dross, Norno, Gróin
Pelfs: Cid, Tôlacharn, Limgrist, Maicacen, Artaher, Gollgwaun, Celeb, Morchant
Men: Frumgar, Norm

Ouch.",Tôlacharn,comma_name_list,,"Pelfs: Cid, Tôlacharn, Limgrist, Maicacen, Artaher, Gollgwaun, Celeb, Morchant",low,no
whois_marcho_1781604671,,Marcho,Maia,"Marcho is a Maia (Cartographer) [Retired].
Last login 22 years, 3 months, and 19 days ago from *.net.
Trolls: Crackle, Rok, Fecal
Númenóreans: Nâlizindubêth, Scrawn, Gondolin
Orcs: Retch, Bog, Gimlet, Sinbad, Apache, Gorgoroth

Wobbits: Duff, Kick
Dwarves: Dross, Norno, Gróin
Pelfs: Cid, Tôlacharn, Limgrist, Maicacen, Artaher, Gollgwaun, Celeb, Morchant
Men: Frumgar, Norm

Ouch.",Limgrist,comma_name_list,,"Pelfs: Cid, Tôlacharn, Limgrist, Maicacen, Artaher, Gollgwaun, Celeb, Morchant",low,no
whois_marcho_1781604671,,Marcho,Maia,"Marcho is a Maia (Cartographer) [Retired].
Last login 22 years, 3 months, and 19 days ago from *.net.
Trolls: Crackle, Rok, Fecal
Númenóreans: Nâlizindubêth, Scrawn, Gondolin
Orcs: Retch, Bog, Gimlet, Sinbad, Apache, Gorgoroth

Wobbits: Duff, Kick
Dwarves: Dross, Norno, Gróin
Pelfs: Cid, Tôlacharn, Limgrist, Maicacen, Artaher, Gollgwaun, Celeb, Morchant
Men: Frumgar, Norm

Ouch.",Maicacen,comma_name_list,,"Pelfs: Cid, Tôlacharn, Limgrist, Maicacen, Artaher, Gollgwaun, Celeb, Morchant",low,no
whois_marcho_1781604671,,Marcho,Maia,"Marcho is a Maia (Cartographer) [Retired].
Last login 22 years, 3 months, and 19 days ago from *.net.
Trolls: Crackle, Rok, Fecal
Númenóreans: Nâlizindubêth, Scrawn, Gondolin
Orcs: Retch, Bog, Gimlet, Sinbad, Apache, Gorgoroth

Wobbits: Duff, Kick
Dwarves: Dross, Norno, Gróin
Pelfs: Cid, Tôlacharn, Limgrist, Maicacen, Artaher, Gollgwaun, Celeb, Morchant
Men: Frumgar, Norm

Ouch.",Artaher,comma_name_list,,"Pelfs: Cid, Tôlacharn, Limgrist, Maicacen, Artaher, Gollgwaun, Celeb, Morchant",low,no
whois_marcho_1781604671,,Marcho,Maia,"Marcho is a Maia (Cartographer) [Retired].
Last login 22 years, 3 months, and 19 days ago from *.net.
Trolls: Crackle, Rok, Fecal
Númenóreans: Nâlizindubêth, Scrawn, Gondolin
Orcs: Retch, Bog, Gimlet, Sinbad, Apache, Gorgoroth

Wobbits: Duff, Kick
Dwarves: Dross, Norno, Gróin
Pelfs: Cid, Tôlacharn, Limgrist, Maicacen, Artaher, Gollgwaun, Celeb, Morchant
Men: Frumgar, Norm

Ouch.",Gollgwaun,comma_name_list,,"Pelfs: Cid, Tôlacharn, Limgrist, Maicacen, Artaher, Gollgwaun, Celeb, Morchant",low,no
whois_marcho_1781604671,,Marcho,Maia,"Marcho is a Maia (Cartographer) [Retired].
Last login 22 years, 3 months, and 19 days ago from *.net.
Trolls: Crackle, Rok, Fecal
Númenóreans: Nâlizindubêth, Scrawn, Gondolin
Orcs: Retch, Bog, Gimlet, Sinbad, Apache, Gorgoroth

Wobbits: Duff, Kick
Dwarves: Dross, Norno, Gróin
Pelfs: Cid, Tôlacharn, Limgrist, Maicacen, Artaher, Gollgwaun, Celeb, Morchant
Men: Frumgar, Norm

Ouch.",Celeb,comma_name_list,,"Pelfs: Cid, Tôlacharn, Limgrist, Maicacen, Artaher, Gollgwaun, Celeb, Morchant",low,no
whois_marcho_1781604671,,Marcho,Maia,"Marcho is a Maia (Cartographer) [Retired].
Last login 22 years, 3 months, and 19 days ago from *.net.
Trolls: Crackle, Rok, Fecal
Númenóreans: Nâlizindubêth, Scrawn, Gondolin
Orcs: Retch, Bog, Gimlet, Sinbad, Apache, Gorgoroth

Wobbits: Duff, Kick
Dwarves: Dross, Norno, Gróin
Pelfs: Cid, Tôlacharn, Limgrist, Maicacen, Artaher, Gollgwaun, Celeb, Morchant
Men: Frumgar, Norm

Ouch.",Morchant,comma_name_list,,"Pelfs: Cid, Tôlacharn, Limgrist, Maicacen, Artaher, Gollgwaun, Celeb, Morchant",low,no
whois_ministry_1781604869,,Ministry,Maia,"Ministry says 'shut up take your lithium beyatch' is a Maia
    (Wright) [Retired].
bleh",Ministry,quoted_speaker,,Ministry says 'shut up take your lithium beyatch' is a Maia,high,yes
whois_miser_1781604892,char_miser,Miser,Maia,"Miser the Good Ole Busc Pincher is a Maia (Wright) [Retired].
Country:  *  /    
Whities: Felix, Pöxyhm [Semi-Active]
Darkies: Nuzo, Deacon, Heztna, Salvatore, Gowaine, Limey, Medusa [Inactive]

Special Thanks to:
Nighthawk, Nazgum, Malak, Stimpy, Penelion, Valbeesk, the Great Kip and all
the others that I can't remember atm.

/shout m to the Arda crew of late 96' - early 97'",Nuzo,heading_name_list,Darkies,"Darkies: Nuzo, Deacon, Heztna, Salvatore, Gowaine, Limey, Medusa [Inactive]",high,yes
whois_miser_1781604892,char_miser,Miser,Maia,"Miser the Good Ole Busc Pincher is a Maia (Wright) [Retired].
Country:  *  /    
Whities: Felix, Pöxyhm [Semi-Active]
Darkies: Nuzo, Deacon, Heztna, Salvatore, Gowaine, Limey, Medusa [Inactive]

Special Thanks to:
Nighthawk, Nazgum, Malak, Stimpy, Penelion, Valbeesk, the Great Kip and all
the others that I can't remember atm.

/shout m to the Arda crew of late 96' - early 97'",Deacon,heading_name_list,Darkies,"Darkies: Nuzo, Deacon, Heztna, Salvatore, Gowaine, Limey, Medusa [Inactive]",high,yes
whois_miser_1781604892,char_miser,Miser,Maia,"Miser the Good Ole Busc Pincher is a Maia (Wright) [Retired].
Country:  *  /    
Whities: Felix, Pöxyhm [Semi-Active]
Darkies: Nuzo, Deacon, Heztna, Salvatore, Gowaine, Limey, Medusa [Inactive]

Special Thanks to:
Nighthawk, Nazgum, Malak, Stimpy, Penelion, Valbeesk, the Great Kip and all
the others that I can't remember atm.

/shout m to the Arda crew of late 96' - early 97'",Heztna,heading_name_list,Darkies,"Darkies: Nuzo, Deacon, Heztna, Salvatore, Gowaine, Limey, Medusa [Inactive]",medium,no
whois_miser_1781604892,char_miser,Miser,Maia,"Miser the Good Ole Busc Pincher is a Maia (Wright) [Retired].
Country:  *  /    
Whities: Felix, Pöxyhm [Semi-Active]
Darkies: Nuzo, Deacon, Heztna, Salvatore, Gowaine, Limey, Medusa [Inactive]

Special Thanks to:
Nighthawk, Nazgum, Malak, Stimpy, Penelion, Valbeesk, the Great Kip and all
the others that I can't remember atm.

/shout m to the Arda crew of late 96' - early 97'",Salvatore,heading_name_list,Darkies,"Darkies: Nuzo, Deacon, Heztna, Salvatore, Gowaine, Limey, Medusa [Inactive]",medium,no
whois_miser_1781604892,char_miser,Miser,Maia,"Miser the Good Ole Busc Pincher is a Maia (Wright) [Retired].
Country:  *  /    
Whities: Felix, Pöxyhm [Semi-Active]
Darkies: Nuzo, Deacon, Heztna, Salvatore, Gowaine, Limey, Medusa [Inactive]

Special Thanks to:
Nighthawk, Nazgum, Malak, Stimpy, Penelion, Valbeesk, the Great Kip and all
the others that I can't remember atm.

/shout m to the Arda crew of late 96' - early 97'",Gowaine,heading_name_list,Darkies,"Darkies: Nuzo, Deacon, Heztna, Salvatore, Gowaine, Limey, Medusa [Inactive]",medium,no
whois_miser_1781604892,char_miser,Miser,Maia,"Miser the Good Ole Busc Pincher is a Maia (Wright) [Retired].
Country:  *  /    
Whities: Felix, Pöxyhm [Semi-Active]
Darkies: Nuzo, Deacon, Heztna, Salvatore, Gowaine, Limey, Medusa [Inactive]

Special Thanks to:
Nighthawk, Nazgum, Malak, Stimpy, Penelion, Valbeesk, the Great Kip and all
the others that I can't remember atm.

/shout m to the Arda crew of late 96' - early 97'",Limey,heading_name_list,Darkies,"Darkies: Nuzo, Deacon, Heztna, Salvatore, Gowaine, Limey, Medusa [Inactive]",medium,no
whois_miser_1781604892,char_miser,Miser,Maia,"Miser the Good Ole Busc Pincher is a Maia (Wright) [Retired].
Country:  *  /    
Whities: Felix, Pöxyhm [Semi-Active]
Darkies: Nuzo, Deacon, Heztna, Salvatore, Gowaine, Limey, Medusa [Inactive]

Special Thanks to:
Nighthawk, Nazgum, Malak, Stimpy, Penelion, Valbeesk, the Great Kip and all
the others that I can't remember atm.

/shout m to the Arda crew of late 96' - early 97'",Deacon,comma_name_list,,"Darkies: Nuzo, Deacon, Heztna, Salvatore, Gowaine, Limey, Medusa [Inactive]",high,yes
whois_miser_1781604892,char_miser,Miser,Maia,"Miser the Good Ole Busc Pincher is a Maia (Wright) [Retired].
Country:  *  /    
Whities: Felix, Pöxyhm [Semi-Active]
Darkies: Nuzo, Deacon, Heztna, Salvatore, Gowaine, Limey, Medusa [Inactive]

Special Thanks to:
Nighthawk, Nazgum, Malak, Stimpy, Penelion, Valbeesk, the Great Kip and all
the others that I can't remember atm.

/shout m to the Arda crew of late 96' - early 97'",Heztna,comma_name_list,,"Darkies: Nuzo, Deacon, Heztna, Salvatore, Gowaine, Limey, Medusa [Inactive]",low,no
whois_miser_1781604892,char_miser,Miser,Maia,"Miser the Good Ole Busc Pincher is a Maia (Wright) [Retired].
Country:  *  /    
Whities: Felix, Pöxyhm [Semi-Active]
Darkies: Nuzo, Deacon, Heztna, Salvatore, Gowaine, Limey, Medusa [Inactive]

Special Thanks to:
Nighthawk, Nazgum, Malak, Stimpy, Penelion, Valbeesk, the Great Kip and all
the others that I can't remember atm.

/shout m to the Arda crew of late 96' - early 97'",Salvatore,comma_name_list,,"Darkies: Nuzo, Deacon, Heztna, Salvatore, Gowaine, Limey, Medusa [Inactive]",low,no
whois_miser_1781604892,char_miser,Miser,Maia,"Miser the Good Ole Busc Pincher is a Maia (Wright) [Retired].
Country:  *  /    
Whities: Felix, Pöxyhm [Semi-Active]
Darkies: Nuzo, Deacon, Heztna, Salvatore, Gowaine, Limey, Medusa [Inactive]

Special Thanks to:
Nighthawk, Nazgum, Malak, Stimpy, Penelion, Valbeesk, the Great Kip and all
the others that I can't remember atm.

/shout m to the Arda crew of late 96' - early 97'",Gowaine,comma_name_list,,"Darkies: Nuzo, Deacon, Heztna, Salvatore, Gowaine, Limey, Medusa [Inactive]",low,no
whois_miser_1781604892,char_miser,Miser,Maia,"Miser the Good Ole Busc Pincher is a Maia (Wright) [Retired].
Country:  *  /    
Whities: Felix, Pöxyhm [Semi-Active]
Darkies: Nuzo, Deacon, Heztna, Salvatore, Gowaine, Limey, Medusa [Inactive]

Special Thanks to:
Nighthawk, Nazgum, Malak, Stimpy, Penelion, Valbeesk, the Great Kip and all
the others that I can't remember atm.

/shout m to the Arda crew of late 96' - early 97'",Limey,comma_name_list,,"Darkies: Nuzo, Deacon, Heztna, Salvatore, Gowaine, Limey, Medusa [Inactive]",low,no
whois_miser_1781604892,char_miser,Miser,Maia,"Miser the Good Ole Busc Pincher is a Maia (Wright) [Retired].
Country:  *  /    
Whities: Felix, Pöxyhm [Semi-Active]
Darkies: Nuzo, Deacon, Heztna, Salvatore, Gowaine, Limey, Medusa [Inactive]

Special Thanks to:
Nighthawk, Nazgum, Malak, Stimpy, Penelion, Valbeesk, the Great Kip and all
the others that I can't remember atm.

/shout m to the Arda crew of late 96' - early 97'",Nighthawk,comma_name_list,,"Nighthawk, Nazgum, Malak, Stimpy, Penelion, Valbeesk, the Great Kip and all",high,yes
whois_miser_1781604892,char_miser,Miser,Maia,"Miser the Good Ole Busc Pincher is a Maia (Wright) [Retired].
Country:  *  /    
Whities: Felix, Pöxyhm [Semi-Active]
Darkies: Nuzo, Deacon, Heztna, Salvatore, Gowaine, Limey, Medusa [Inactive]

Special Thanks to:
Nighthawk, Nazgum, Malak, Stimpy, Penelion, Valbeesk, the Great Kip and all
the others that I can't remember atm.

/shout m to the Arda crew of late 96' - early 97'",Nazgum,comma_name_list,,"Nighthawk, Nazgum, Malak, Stimpy, Penelion, Valbeesk, the Great Kip and all",high,yes
whois_miser_1781604892,char_miser,Miser,Maia,"Miser the Good Ole Busc Pincher is a Maia (Wright) [Retired].
Country:  *  /    
Whities: Felix, Pöxyhm [Semi-Active]
Darkies: Nuzo, Deacon, Heztna, Salvatore, Gowaine, Limey, Medusa [Inactive]

Special Thanks to:
Nighthawk, Nazgum, Malak, Stimpy, Penelion, Valbeesk, the Great Kip and all
the others that I can't remember atm.

/shout m to the Arda crew of late 96' - early 97'",Malak,comma_name_list,,"Nighthawk, Nazgum, Malak, Stimpy, Penelion, Valbeesk, the Great Kip and all",high,yes
whois_miser_1781604892,char_miser,Miser,Maia,"Miser the Good Ole Busc Pincher is a Maia (Wright) [Retired].
Country:  *  /    
Whities: Felix, Pöxyhm [Semi-Active]
Darkies: Nuzo, Deacon, Heztna, Salvatore, Gowaine, Limey, Medusa [Inactive]

Special Thanks to:
Nighthawk, Nazgum, Malak, Stimpy, Penelion, Valbeesk, the Great Kip and all
the others that I can't remember atm.

/shout m to the Arda crew of late 96' - early 97'",Stimpy,comma_name_list,,"Nighthawk, Nazgum, Malak, Stimpy, Penelion, Valbeesk, the Great Kip and all",high,yes
whois_miser_1781604892,char_miser,Miser,Maia,"Miser the Good Ole Busc Pincher is a Maia (Wright) [Retired].
Country:  *  /    
Whities: Felix, Pöxyhm [Semi-Active]
Darkies: Nuzo, Deacon, Heztna, Salvatore, Gowaine, Limey, Medusa [Inactive]

Special Thanks to:
Nighthawk, Nazgum, Malak, Stimpy, Penelion, Valbeesk, the Great Kip and all
the others that I can't remember atm.

/shout m to the Arda crew of late 96' - early 97'",Penelion,comma_name_list,,"Nighthawk, Nazgum, Malak, Stimpy, Penelion, Valbeesk, the Great Kip and all",low,no
whois_miser_1781604892,char_miser,Miser,Maia,"Miser the Good Ole Busc Pincher is a Maia (Wright) [Retired].
Country:  *  /    
Whities: Felix, Pöxyhm [Semi-Active]
Darkies: Nuzo, Deacon, Heztna, Salvatore, Gowaine, Limey, Medusa [Inactive]

Special Thanks to:
Nighthawk, Nazgum, Malak, Stimpy, Penelion, Valbeesk, the Great Kip and all
the others that I can't remember atm.

/shout m to the Arda crew of late 96' - early 97'",Valbeesk,comma_name_list,,"Nighthawk, Nazgum, Malak, Stimpy, Penelion, Valbeesk, the Great Kip and all",low,no
whois_moosh_1781604914,,Moosh,Maia,"Moosh the mooshy is a Maia [Retired].
Last login 28 years, 8 months, and 10 days ago from *.se.

You can call me Henke

Yes, I'm one of the .e.kth.se jerks.

I play Boggit, Monnet, Twist, Tango, Mradush and some others
Email: me@cutey.com

Why not take a look at this:
http://www.e.kth.se/esekt/org/vrak/mume/",Monnet,comma_name_list,,"I play Boggit, Monnet, Twist, Tango, Mradush and some others",low,no
whois_moosh_1781604914,,Moosh,Maia,"Moosh the mooshy is a Maia [Retired].
Last login 28 years, 8 months, and 10 days ago from *.se.

You can call me Henke

Yes, I'm one of the .e.kth.se jerks.

I play Boggit, Monnet, Twist, Tango, Mradush and some others
Email: me@cutey.com

Why not take a look at this:
http://www.e.kth.se/esekt/org/vrak/mume/",Twist,comma_name_list,,"I play Boggit, Monnet, Twist, Tango, Mradush and some others",low,no
whois_moosh_1781604914,,Moosh,Maia,"Moosh the mooshy is a Maia [Retired].
Last login 28 years, 8 months, and 10 days ago from *.se.

You can call me Henke

Yes, I'm one of the .e.kth.se jerks.

I play Boggit, Monnet, Twist, Tango, Mradush and some others
Email: me@cutey.com

Why not take a look at this:
http://www.e.kth.se/esekt/org/vrak/mume/",Tango,comma_name_list,,"I play Boggit, Monnet, Twist, Tango, Mradush and some others",low,no
whois_mordril_1781604936,,Mordril,Maia,"Mordril linkless killers must die is a Maia.
Last login 17 years, 3 months, and 3 days ago.
I'm just here to take up space.

Player of:
Pukes: Spellbinder, Ghim, Khayman, Myst, Slayn, Ryoga, Quicksilver
Mael, and Shin
Minions: Ashram, Lestat, Beld, Danneskjold, Badrock, Magnus
and Brytai

For an unusually fun website check out www.amihotornot.com",Spellbinder,heading_name_list,Pukes,"Pukes: Spellbinder, Ghim, Khayman, Myst, Slayn, Ryoga, Quicksilver",medium,no
whois_mordril_1781604936,,Mordril,Maia,"Mordril linkless killers must die is a Maia.
Last login 17 years, 3 months, and 3 days ago.
I'm just here to take up space.

Player of:
Pukes: Spellbinder, Ghim, Khayman, Myst, Slayn, Ryoga, Quicksilver
Mael, and Shin
Minions: Ashram, Lestat, Beld, Danneskjold, Badrock, Magnus
and Brytai

For an unusually fun website check out www.amihotornot.com",Ghim,heading_name_list,Pukes,"Pukes: Spellbinder, Ghim, Khayman, Myst, Slayn, Ryoga, Quicksilver",medium,no
whois_mordril_1781604936,,Mordril,Maia,"Mordril linkless killers must die is a Maia.
Last login 17 years, 3 months, and 3 days ago.
I'm just here to take up space.

Player of:
Pukes: Spellbinder, Ghim, Khayman, Myst, Slayn, Ryoga, Quicksilver
Mael, and Shin
Minions: Ashram, Lestat, Beld, Danneskjold, Badrock, Magnus
and Brytai

For an unusually fun website check out www.amihotornot.com",Khayman,heading_name_list,Pukes,"Pukes: Spellbinder, Ghim, Khayman, Myst, Slayn, Ryoga, Quicksilver",medium,no
whois_mordril_1781604936,,Mordril,Maia,"Mordril linkless killers must die is a Maia.
Last login 17 years, 3 months, and 3 days ago.
I'm just here to take up space.

Player of:
Pukes: Spellbinder, Ghim, Khayman, Myst, Slayn, Ryoga, Quicksilver
Mael, and Shin
Minions: Ashram, Lestat, Beld, Danneskjold, Badrock, Magnus
and Brytai

For an unusually fun website check out www.amihotornot.com",Myst,heading_name_list,Pukes,"Pukes: Spellbinder, Ghim, Khayman, Myst, Slayn, Ryoga, Quicksilver",medium,no
whois_mordril_1781604936,,Mordril,Maia,"Mordril linkless killers must die is a Maia.
Last login 17 years, 3 months, and 3 days ago.
I'm just here to take up space.

Player of:
Pukes: Spellbinder, Ghim, Khayman, Myst, Slayn, Ryoga, Quicksilver
Mael, and Shin
Minions: Ashram, Lestat, Beld, Danneskjold, Badrock, Magnus
and Brytai

For an unusually fun website check out www.amihotornot.com",Slayn,heading_name_list,Pukes,"Pukes: Spellbinder, Ghim, Khayman, Myst, Slayn, Ryoga, Quicksilver",medium,no
whois_mordril_1781604936,,Mordril,Maia,"Mordril linkless killers must die is a Maia.
Last login 17 years, 3 months, and 3 days ago.
I'm just here to take up space.

Player of:
Pukes: Spellbinder, Ghim, Khayman, Myst, Slayn, Ryoga, Quicksilver
Mael, and Shin
Minions: Ashram, Lestat, Beld, Danneskjold, Badrock, Magnus
and Brytai

For an unusually fun website check out www.amihotornot.com",Ryoga,heading_name_list,Pukes,"Pukes: Spellbinder, Ghim, Khayman, Myst, Slayn, Ryoga, Quicksilver",medium,no
whois_mordril_1781604936,,Mordril,Maia,"Mordril linkless killers must die is a Maia.
Last login 17 years, 3 months, and 3 days ago.
I'm just here to take up space.

Player of:
Pukes: Spellbinder, Ghim, Khayman, Myst, Slayn, Ryoga, Quicksilver
Mael, and Shin
Minions: Ashram, Lestat, Beld, Danneskjold, Badrock, Magnus
and Brytai

For an unusually fun website check out www.amihotornot.com",Quicksilver,heading_name_list,Pukes,"Pukes: Spellbinder, Ghim, Khayman, Myst, Slayn, Ryoga, Quicksilver",medium,no
whois_mordril_1781604936,,Mordril,Maia,"Mordril linkless killers must die is a Maia.
Last login 17 years, 3 months, and 3 days ago.
I'm just here to take up space.

Player of:
Pukes: Spellbinder, Ghim, Khayman, Myst, Slayn, Ryoga, Quicksilver
Mael, and Shin
Minions: Ashram, Lestat, Beld, Danneskjold, Badrock, Magnus
and Brytai

For an unusually fun website check out www.amihotornot.com",Ghim,comma_name_list,,"Pukes: Spellbinder, Ghim, Khayman, Myst, Slayn, Ryoga, Quicksilver",low,no
whois_mordril_1781604936,,Mordril,Maia,"Mordril linkless killers must die is a Maia.
Last login 17 years, 3 months, and 3 days ago.
I'm just here to take up space.

Player of:
Pukes: Spellbinder, Ghim, Khayman, Myst, Slayn, Ryoga, Quicksilver
Mael, and Shin
Minions: Ashram, Lestat, Beld, Danneskjold, Badrock, Magnus
and Brytai

For an unusually fun website check out www.amihotornot.com",Khayman,comma_name_list,,"Pukes: Spellbinder, Ghim, Khayman, Myst, Slayn, Ryoga, Quicksilver",low,no
whois_mordril_1781604936,,Mordril,Maia,"Mordril linkless killers must die is a Maia.
Last login 17 years, 3 months, and 3 days ago.
I'm just here to take up space.

Player of:
Pukes: Spellbinder, Ghim, Khayman, Myst, Slayn, Ryoga, Quicksilver
Mael, and Shin
Minions: Ashram, Lestat, Beld, Danneskjold, Badrock, Magnus
and Brytai

For an unusually fun website check out www.amihotornot.com",Myst,comma_name_list,,"Pukes: Spellbinder, Ghim, Khayman, Myst, Slayn, Ryoga, Quicksilver",low,no
whois_mordril_1781604936,,Mordril,Maia,"Mordril linkless killers must die is a Maia.
Last login 17 years, 3 months, and 3 days ago.
I'm just here to take up space.

Player of:
Pukes: Spellbinder, Ghim, Khayman, Myst, Slayn, Ryoga, Quicksilver
Mael, and Shin
Minions: Ashram, Lestat, Beld, Danneskjold, Badrock, Magnus
and Brytai

For an unusually fun website check out www.amihotornot.com",Slayn,comma_name_list,,"Pukes: Spellbinder, Ghim, Khayman, Myst, Slayn, Ryoga, Quicksilver",low,no
whois_mordril_1781604936,,Mordril,Maia,"Mordril linkless killers must die is a Maia.
Last login 17 years, 3 months, and 3 days ago.
I'm just here to take up space.

Player of:
Pukes: Spellbinder, Ghim, Khayman, Myst, Slayn, Ryoga, Quicksilver
Mael, and Shin
Minions: Ashram, Lestat, Beld, Danneskjold, Badrock, Magnus
and Brytai

For an unusually fun website check out www.amihotornot.com",Ryoga,comma_name_list,,"Pukes: Spellbinder, Ghim, Khayman, Myst, Slayn, Ryoga, Quicksilver",low,no
whois_mordril_1781604936,,Mordril,Maia,"Mordril linkless killers must die is a Maia.
Last login 17 years, 3 months, and 3 days ago.
I'm just here to take up space.

Player of:
Pukes: Spellbinder, Ghim, Khayman, Myst, Slayn, Ryoga, Quicksilver
Mael, and Shin
Minions: Ashram, Lestat, Beld, Danneskjold, Badrock, Magnus
and Brytai

For an unusually fun website check out www.amihotornot.com",Quicksilver,comma_name_list,,"Pukes: Spellbinder, Ghim, Khayman, Myst, Slayn, Ryoga, Quicksilver",low,no
whois_mordril_1781604936,,Mordril,Maia,"Mordril linkless killers must die is a Maia.
Last login 17 years, 3 months, and 3 days ago.
I'm just here to take up space.

Player of:
Pukes: Spellbinder, Ghim, Khayman, Myst, Slayn, Ryoga, Quicksilver
Mael, and Shin
Minions: Ashram, Lestat, Beld, Danneskjold, Badrock, Magnus
and Brytai

For an unusually fun website check out www.amihotornot.com",Lestat,comma_name_list,,"Minions: Ashram, Lestat, Beld, Danneskjold, Badrock, Magnus",low,no
whois_mordril_1781604936,,Mordril,Maia,"Mordril linkless killers must die is a Maia.
Last login 17 years, 3 months, and 3 days ago.
I'm just here to take up space.

Player of:
Pukes: Spellbinder, Ghim, Khayman, Myst, Slayn, Ryoga, Quicksilver
Mael, and Shin
Minions: Ashram, Lestat, Beld, Danneskjold, Badrock, Magnus
and Brytai

For an unusually fun website check out www.amihotornot.com",Beld,comma_name_list,,"Minions: Ashram, Lestat, Beld, Danneskjold, Badrock, Magnus",low,no
whois_mordril_1781604936,,Mordril,Maia,"Mordril linkless killers must die is a Maia.
Last login 17 years, 3 months, and 3 days ago.
I'm just here to take up space.

Player of:
Pukes: Spellbinder, Ghim, Khayman, Myst, Slayn, Ryoga, Quicksilver
Mael, and Shin
Minions: Ashram, Lestat, Beld, Danneskjold, Badrock, Magnus
and Brytai

For an unusually fun website check out www.amihotornot.com",Danneskjold,comma_name_list,,"Minions: Ashram, Lestat, Beld, Danneskjold, Badrock, Magnus",low,no
whois_mordril_1781604936,,Mordril,Maia,"Mordril linkless killers must die is a Maia.
Last login 17 years, 3 months, and 3 days ago.
I'm just here to take up space.

Player of:
Pukes: Spellbinder, Ghim, Khayman, Myst, Slayn, Ryoga, Quicksilver
Mael, and Shin
Minions: Ashram, Lestat, Beld, Danneskjold, Badrock, Magnus
and Brytai

For an unusually fun website check out www.amihotornot.com",Badrock,comma_name_list,,"Minions: Ashram, Lestat, Beld, Danneskjold, Badrock, Magnus",low,no
whois_mordril_1781604936,,Mordril,Maia,"Mordril linkless killers must die is a Maia.
Last login 17 years, 3 months, and 3 days ago.
I'm just here to take up space.

Player of:
Pukes: Spellbinder, Ghim, Khayman, Myst, Slayn, Ryoga, Quicksilver
Mael, and Shin
Minions: Ashram, Lestat, Beld, Danneskjold, Badrock, Magnus
and Brytai

For an unusually fun website check out www.amihotornot.com",Magnus,comma_name_list,,"Minions: Ashram, Lestat, Beld, Danneskjold, Badrock, Magnus",low,no
whois_morten_1781604947,,Morten,Maia,"Morten is a Maia (Cartographer) [Retired].
Last login 16 years, 3 months, and 7 days ago from *.no.

Other chars: Anemone, Castor, Crash, Gro, Imadril, Olaug,
             Pomba, Rayban, Snipp, Tharantîn and Valaniel.",Castor,comma_name_list,,"Other chars: Anemone, Castor, Crash, Gro, Imadril, Olaug,",low,no
whois_morten_1781604947,,Morten,Maia,"Morten is a Maia (Cartographer) [Retired].
Last login 16 years, 3 months, and 7 days ago from *.no.

Other chars: Anemone, Castor, Crash, Gro, Imadril, Olaug,
             Pomba, Rayban, Snipp, Tharantîn and Valaniel.",Crash,comma_name_list,,"Other chars: Anemone, Castor, Crash, Gro, Imadril, Olaug,",low,no
whois_morten_1781604947,,Morten,Maia,"Morten is a Maia (Cartographer) [Retired].
Last login 16 years, 3 months, and 7 days ago from *.no.

Other chars: Anemone, Castor, Crash, Gro, Imadril, Olaug,
             Pomba, Rayban, Snipp, Tharantîn and Valaniel.",Gro,comma_name_list,,"Other chars: Anemone, Castor, Crash, Gro, Imadril, Olaug,",low,no
whois_morten_1781604947,,Morten,Maia,"Morten is a Maia (Cartographer) [Retired].
Last login 16 years, 3 months, and 7 days ago from *.no.

Other chars: Anemone, Castor, Crash, Gro, Imadril, Olaug,
             Pomba, Rayban, Snipp, Tharantîn and Valaniel.",Imadril,comma_name_list,,"Other chars: Anemone, Castor, Crash, Gro, Imadril, Olaug,",low,no
whois_morten_1781604947,,Morten,Maia,"Morten is a Maia (Cartographer) [Retired].
Last login 16 years, 3 months, and 7 days ago from *.no.

Other chars: Anemone, Castor, Crash, Gro, Imadril, Olaug,
             Pomba, Rayban, Snipp, Tharantîn and Valaniel.",Olaug,comma_name_list,,"Other chars: Anemone, Castor, Crash, Gro, Imadril, Olaug,",low,no
whois_morten_1781604947,,Morten,Maia,"Morten is a Maia (Cartographer) [Retired].
Last login 16 years, 3 months, and 7 days ago from *.no.

Other chars: Anemone, Castor, Crash, Gro, Imadril, Olaug,
             Pomba, Rayban, Snipp, Tharantîn and Valaniel.",Pomba,comma_name_list,,"Pomba, Rayban, Snipp, Tharantîn and Valaniel.",low,no
whois_morten_1781604947,,Morten,Maia,"Morten is a Maia (Cartographer) [Retired].
Last login 16 years, 3 months, and 7 days ago from *.no.

Other chars: Anemone, Castor, Crash, Gro, Imadril, Olaug,
             Pomba, Rayban, Snipp, Tharantîn and Valaniel.",Rayban,comma_name_list,,"Pomba, Rayban, Snipp, Tharantîn and Valaniel.",low,no
whois_morten_1781604947,,Morten,Maia,"Morten is a Maia (Cartographer) [Retired].
Last login 16 years, 3 months, and 7 days ago from *.no.

Other chars: Anemone, Castor, Crash, Gro, Imadril, Olaug,
             Pomba, Rayban, Snipp, Tharantîn and Valaniel.",Snipp,comma_name_list,,"Pomba, Rayban, Snipp, Tharantîn and Valaniel.",low,no
whois_moulder_1781604953,,Moulder,Maia,"Moulder Boulder is a Maia.
Last login 17 years, 1 month, and 3 days ago from *.com.
- Sin, Tromb, Durbzhum, Dice, (Loco)",Sin,comma_name_list,,"- Sin, Tromb, Durbzhum, Dice, (Loco)",low,no
whois_moulder_1781604953,,Moulder,Maia,"Moulder Boulder is a Maia.
Last login 17 years, 1 month, and 3 days ago from *.com.
- Sin, Tromb, Durbzhum, Dice, (Loco)",Tromb,comma_name_list,,"- Sin, Tromb, Durbzhum, Dice, (Loco)",low,no
whois_moulder_1781604953,,Moulder,Maia,"Moulder Boulder is a Maia.
Last login 17 years, 1 month, and 3 days ago from *.com.
- Sin, Tromb, Durbzhum, Dice, (Loco)",Durbzhum,comma_name_list,,"- Sin, Tromb, Durbzhum, Dice, (Loco)",low,no
whois_moulder_1781604953,,Moulder,Maia,"Moulder Boulder is a Maia.
Last login 17 years, 1 month, and 3 days ago from *.com.
- Sin, Tromb, Durbzhum, Dice, (Loco)",Dice,comma_name_list,,"- Sin, Tromb, Durbzhum, Dice, (Loco)",low,no
whois_moulder_1781604953,,Moulder,Maia,"Moulder Boulder is a Maia.
Last login 17 years, 1 month, and 3 days ago from *.com.
- Sin, Tromb, Durbzhum, Dice, (Loco)",Loco,comma_name_list,,"- Sin, Tromb, Durbzhum, Dice, (Loco)",low,no
whois_nukah_1781605153,,Nukah,Maia,"Nukah nukes is a Maia (Cartographer) [Retired].
Last login 14 years, 5 months, and 21 days ago.
Player of Debris, Filk, Funz, Funzer, Klif, Falk and Vist
MSN: alfonsdreschler@hotmail.com
RL: Delphi programmer

Writing testzone...",Filk,comma_name_list,,"Player of Debris, Filk, Funz, Funzer, Klif, Falk and Vist",high,yes
whois_nukah_1781605153,,Nukah,Maia,"Nukah nukes is a Maia (Cartographer) [Retired].
Last login 14 years, 5 months, and 21 days ago.
Player of Debris, Filk, Funz, Funzer, Klif, Falk and Vist
MSN: alfonsdreschler@hotmail.com
RL: Delphi programmer

Writing testzone...",Funz,comma_name_list,,"Player of Debris, Filk, Funz, Funzer, Klif, Falk and Vist",low,no
whois_nukah_1781605153,,Nukah,Maia,"Nukah nukes is a Maia (Cartographer) [Retired].
Last login 14 years, 5 months, and 21 days ago.
Player of Debris, Filk, Funz, Funzer, Klif, Falk and Vist
MSN: alfonsdreschler@hotmail.com
RL: Delphi programmer

Writing testzone...",Funzer,comma_name_list,,"Player of Debris, Filk, Funz, Funzer, Klif, Falk and Vist",low,no
whois_nukah_1781605153,,Nukah,Maia,"Nukah nukes is a Maia (Cartographer) [Retired].
Last login 14 years, 5 months, and 21 days ago.
Player of Debris, Filk, Funz, Funzer, Klif, Falk and Vist
MSN: alfonsdreschler@hotmail.com
RL: Delphi programmer

Writing testzone...",Klif,comma_name_list,,"Player of Debris, Filk, Funz, Funzer, Klif, Falk and Vist",low,no
whois_omega_1781605214,char_omega,Omega,Maia,"Omega W  A  Z  U  P is a Maia (Cartographer).
Last login 1 year and 7 days ago from [numerical address].

Player of: Theraz, Batista, Razr, Rocka, Delger, Ludacris, and Wiggler

I'm not retarded, I'm just role-playing challenged
Respect, Love it - Learn it",Batista,comma_name_list,,"Player of: Theraz, Batista, Razr, Rocka, Delger, Ludacris, and Wiggler",low,no
whois_omega_1781605214,char_omega,Omega,Maia,"Omega W  A  Z  U  P is a Maia (Cartographer).
Last login 1 year and 7 days ago from [numerical address].

Player of: Theraz, Batista, Razr, Rocka, Delger, Ludacris, and Wiggler

I'm not retarded, I'm just role-playing challenged
Respect, Love it - Learn it",Razr,comma_name_list,,"Player of: Theraz, Batista, Razr, Rocka, Delger, Ludacris, and Wiggler",low,no
whois_omega_1781605214,char_omega,Omega,Maia,"Omega W  A  Z  U  P is a Maia (Cartographer).
Last login 1 year and 7 days ago from [numerical address].

Player of: Theraz, Batista, Razr, Rocka, Delger, Ludacris, and Wiggler

I'm not retarded, I'm just role-playing challenged
Respect, Love it - Learn it",Rocka,comma_name_list,,"Player of: Theraz, Batista, Razr, Rocka, Delger, Ludacris, and Wiggler",low,no
whois_omega_1781605214,char_omega,Omega,Maia,"Omega W  A  Z  U  P is a Maia (Cartographer).
Last login 1 year and 7 days ago from [numerical address].

Player of: Theraz, Batista, Razr, Rocka, Delger, Ludacris, and Wiggler

I'm not retarded, I'm just role-playing challenged
Respect, Love it - Learn it",Delger,comma_name_list,,"Player of: Theraz, Batista, Razr, Rocka, Delger, Ludacris, and Wiggler",low,no
whois_omega_1781605214,char_omega,Omega,Maia,"Omega W  A  Z  U  P is a Maia (Cartographer).
Last login 1 year and 7 days ago from [numerical address].

Player of: Theraz, Batista, Razr, Rocka, Delger, Ludacris, and Wiggler

I'm not retarded, I'm just role-playing challenged
Respect, Love it - Learn it",Ludacris,comma_name_list,,"Player of: Theraz, Batista, Razr, Rocka, Delger, Ludacris, and Wiggler",low,no
whois_paras_1781605314,,Paras,Maia,"Paras Burrfoot of the Hobbits is a Maia (Wright) [Retired].

Player of:
   Alwerethi, Berginyon, Cassius, Dimli, Gurogz, Halmir,
   Kieron, Lolli, Malezar, Marcus, Quasari, Siri, Stuart,
   Tara, TigerLily, Torog, William, Zlatan.",Alwerethi,comma_name_list,,"Alwerethi, Berginyon, Cassius, Dimli, Gurogz, Halmir,",low,no
whois_paras_1781605314,,Paras,Maia,"Paras Burrfoot of the Hobbits is a Maia (Wright) [Retired].

Player of:
   Alwerethi, Berginyon, Cassius, Dimli, Gurogz, Halmir,
   Kieron, Lolli, Malezar, Marcus, Quasari, Siri, Stuart,
   Tara, TigerLily, Torog, William, Zlatan.",Berginyon,comma_name_list,,"Alwerethi, Berginyon, Cassius, Dimli, Gurogz, Halmir,",low,no
whois_paras_1781605314,,Paras,Maia,"Paras Burrfoot of the Hobbits is a Maia (Wright) [Retired].

Player of:
   Alwerethi, Berginyon, Cassius, Dimli, Gurogz, Halmir,
   Kieron, Lolli, Malezar, Marcus, Quasari, Siri, Stuart,
   Tara, TigerLily, Torog, William, Zlatan.",Cassius,comma_name_list,,"Alwerethi, Berginyon, Cassius, Dimli, Gurogz, Halmir,",low,no
whois_paras_1781605314,,Paras,Maia,"Paras Burrfoot of the Hobbits is a Maia (Wright) [Retired].

Player of:
   Alwerethi, Berginyon, Cassius, Dimli, Gurogz, Halmir,
   Kieron, Lolli, Malezar, Marcus, Quasari, Siri, Stuart,
   Tara, TigerLily, Torog, William, Zlatan.",Dimli,comma_name_list,,"Alwerethi, Berginyon, Cassius, Dimli, Gurogz, Halmir,",low,no
whois_paras_1781605314,,Paras,Maia,"Paras Burrfoot of the Hobbits is a Maia (Wright) [Retired].

Player of:
   Alwerethi, Berginyon, Cassius, Dimli, Gurogz, Halmir,
   Kieron, Lolli, Malezar, Marcus, Quasari, Siri, Stuart,
   Tara, TigerLily, Torog, William, Zlatan.",Gurogz,comma_name_list,,"Alwerethi, Berginyon, Cassius, Dimli, Gurogz, Halmir,",low,no
whois_paras_1781605314,,Paras,Maia,"Paras Burrfoot of the Hobbits is a Maia (Wright) [Retired].

Player of:
   Alwerethi, Berginyon, Cassius, Dimli, Gurogz, Halmir,
   Kieron, Lolli, Malezar, Marcus, Quasari, Siri, Stuart,
   Tara, TigerLily, Torog, William, Zlatan.",Halmir,comma_name_list,,"Alwerethi, Berginyon, Cassius, Dimli, Gurogz, Halmir,",low,no
whois_paras_1781605314,,Paras,Maia,"Paras Burrfoot of the Hobbits is a Maia (Wright) [Retired].

Player of:
   Alwerethi, Berginyon, Cassius, Dimli, Gurogz, Halmir,
   Kieron, Lolli, Malezar, Marcus, Quasari, Siri, Stuart,
   Tara, TigerLily, Torog, William, Zlatan.",Kieron,comma_name_list,,"Kieron, Lolli, Malezar, Marcus, Quasari, Siri, Stuart,",low,no
whois_paras_1781605314,,Paras,Maia,"Paras Burrfoot of the Hobbits is a Maia (Wright) [Retired].

Player of:
   Alwerethi, Berginyon, Cassius, Dimli, Gurogz, Halmir,
   Kieron, Lolli, Malezar, Marcus, Quasari, Siri, Stuart,
   Tara, TigerLily, Torog, William, Zlatan.",Lolli,comma_name_list,,"Kieron, Lolli, Malezar, Marcus, Quasari, Siri, Stuart,",high,yes
whois_paras_1781605314,,Paras,Maia,"Paras Burrfoot of the Hobbits is a Maia (Wright) [Retired].

Player of:
   Alwerethi, Berginyon, Cassius, Dimli, Gurogz, Halmir,
   Kieron, Lolli, Malezar, Marcus, Quasari, Siri, Stuart,
   Tara, TigerLily, Torog, William, Zlatan.",Malezar,comma_name_list,,"Kieron, Lolli, Malezar, Marcus, Quasari, Siri, Stuart,",low,no
whois_paras_1781605314,,Paras,Maia,"Paras Burrfoot of the Hobbits is a Maia (Wright) [Retired].

Player of:
   Alwerethi, Berginyon, Cassius, Dimli, Gurogz, Halmir,
   Kieron, Lolli, Malezar, Marcus, Quasari, Siri, Stuart,
   Tara, TigerLily, Torog, William, Zlatan.",Marcus,comma_name_list,,"Kieron, Lolli, Malezar, Marcus, Quasari, Siri, Stuart,",low,no
whois_paras_1781605314,,Paras,Maia,"Paras Burrfoot of the Hobbits is a Maia (Wright) [Retired].

Player of:
   Alwerethi, Berginyon, Cassius, Dimli, Gurogz, Halmir,
   Kieron, Lolli, Malezar, Marcus, Quasari, Siri, Stuart,
   Tara, TigerLily, Torog, William, Zlatan.",Quasari,comma_name_list,,"Kieron, Lolli, Malezar, Marcus, Quasari, Siri, Stuart,",low,no
whois_paras_1781605314,,Paras,Maia,"Paras Burrfoot of the Hobbits is a Maia (Wright) [Retired].

Player of:
   Alwerethi, Berginyon, Cassius, Dimli, Gurogz, Halmir,
   Kieron, Lolli, Malezar, Marcus, Quasari, Siri, Stuart,
   Tara, TigerLily, Torog, William, Zlatan.",Siri,comma_name_list,,"Kieron, Lolli, Malezar, Marcus, Quasari, Siri, Stuart,",low,no
whois_paras_1781605314,,Paras,Maia,"Paras Burrfoot of the Hobbits is a Maia (Wright) [Retired].

Player of:
   Alwerethi, Berginyon, Cassius, Dimli, Gurogz, Halmir,
   Kieron, Lolli, Malezar, Marcus, Quasari, Siri, Stuart,
   Tara, TigerLily, Torog, William, Zlatan.",Stuart,comma_name_list,,"Kieron, Lolli, Malezar, Marcus, Quasari, Siri, Stuart,",low,no
whois_paras_1781605314,,Paras,Maia,"Paras Burrfoot of the Hobbits is a Maia (Wright) [Retired].

Player of:
   Alwerethi, Berginyon, Cassius, Dimli, Gurogz, Halmir,
   Kieron, Lolli, Malezar, Marcus, Quasari, Siri, Stuart,
   Tara, TigerLily, Torog, William, Zlatan.",Tara,comma_name_list,,"Tara, TigerLily, Torog, William, Zlatan.",low,no
whois_paras_1781605314,,Paras,Maia,"Paras Burrfoot of the Hobbits is a Maia (Wright) [Retired].

Player of:
   Alwerethi, Berginyon, Cassius, Dimli, Gurogz, Halmir,
   Kieron, Lolli, Malezar, Marcus, Quasari, Siri, Stuart,
   Tara, TigerLily, Torog, William, Zlatan.",TigerLily,comma_name_list,,"Tara, TigerLily, Torog, William, Zlatan.",low,no
whois_paras_1781605314,,Paras,Maia,"Paras Burrfoot of the Hobbits is a Maia (Wright) [Retired].

Player of:
   Alwerethi, Berginyon, Cassius, Dimli, Gurogz, Halmir,
   Kieron, Lolli, Malezar, Marcus, Quasari, Siri, Stuart,
   Tara, TigerLily, Torog, William, Zlatan.",Torog,comma_name_list,,"Tara, TigerLily, Torog, William, Zlatan.",low,no
whois_paras_1781605314,,Paras,Maia,"Paras Burrfoot of the Hobbits is a Maia (Wright) [Retired].

Player of:
   Alwerethi, Berginyon, Cassius, Dimli, Gurogz, Halmir,
   Kieron, Lolli, Malezar, Marcus, Quasari, Siri, Stuart,
   Tara, TigerLily, Torog, William, Zlatan.",William,comma_name_list,,"Tara, TigerLily, Torog, William, Zlatan.",low,no
whois_paras_1781605314,,Paras,Maia,"Paras Burrfoot of the Hobbits is a Maia (Wright) [Retired].

Player of:
   Alwerethi, Berginyon, Cassius, Dimli, Gurogz, Halmir,
   Kieron, Lolli, Malezar, Marcus, Quasari, Siri, Stuart,
   Tara, TigerLily, Torog, William, Zlatan.",Zlatan,comma_name_list,,"Tara, TigerLily, Torog, William, Zlatan.",low,no
whois_pilsner_1781605386,char_pilsner,Pilsner,Maia,"Pilsner Gurqwell, the God of Hammerhead Clan is a Maia.
Last login 7 years, 7 months, and 21 days ago from *.eu.
If his hands are above your head,
than his nuts are the same level
as your teeths.

Whities: Butrus Kokot Koza Prcek Pumba Starobahno Torham
Darkies: Chuj Dolik Guma Hovado Khamil Kurva Mamut Mamutice Mrsina Ozon Tupoun
Zaugurz: Nogir Pepa",Chuj,heading_name_list,Darkies,Darkies: Chuj Dolik Guma Hovado Khamil Kurva Mamut Mamutice Mrsina Ozon Tupoun,medium,no
whois_pilsner_1781605386,char_pilsner,Pilsner,Maia,"Pilsner Gurqwell, the God of Hammerhead Clan is a Maia.
Last login 7 years, 7 months, and 21 days ago from *.eu.
If his hands are above your head,
than his nuts are the same level
as your teeths.

Whities: Butrus Kokot Koza Prcek Pumba Starobahno Torham
Darkies: Chuj Dolik Guma Hovado Khamil Kurva Mamut Mamutice Mrsina Ozon Tupoun
Zaugurz: Nogir Pepa",Dolik,heading_name_list,Darkies,Darkies: Chuj Dolik Guma Hovado Khamil Kurva Mamut Mamutice Mrsina Ozon Tupoun,high,yes
whois_pilsner_1781605386,char_pilsner,Pilsner,Maia,"Pilsner Gurqwell, the God of Hammerhead Clan is a Maia.
Last login 7 years, 7 months, and 21 days ago from *.eu.
If his hands are above your head,
than his nuts are the same level
as your teeths.

Whities: Butrus Kokot Koza Prcek Pumba Starobahno Torham
Darkies: Chuj Dolik Guma Hovado Khamil Kurva Mamut Mamutice Mrsina Ozon Tupoun
Zaugurz: Nogir Pepa",Guma,heading_name_list,Darkies,Darkies: Chuj Dolik Guma Hovado Khamil Kurva Mamut Mamutice Mrsina Ozon Tupoun,medium,no
whois_pilsner_1781605386,char_pilsner,Pilsner,Maia,"Pilsner Gurqwell, the God of Hammerhead Clan is a Maia.
Last login 7 years, 7 months, and 21 days ago from *.eu.
If his hands are above your head,
than his nuts are the same level
as your teeths.

Whities: Butrus Kokot Koza Prcek Pumba Starobahno Torham
Darkies: Chuj Dolik Guma Hovado Khamil Kurva Mamut Mamutice Mrsina Ozon Tupoun
Zaugurz: Nogir Pepa",Hovado,heading_name_list,Darkies,Darkies: Chuj Dolik Guma Hovado Khamil Kurva Mamut Mamutice Mrsina Ozon Tupoun,high,yes
whois_pilsner_1781605386,char_pilsner,Pilsner,Maia,"Pilsner Gurqwell, the God of Hammerhead Clan is a Maia.
Last login 7 years, 7 months, and 21 days ago from *.eu.
If his hands are above your head,
than his nuts are the same level
as your teeths.

Whities: Butrus Kokot Koza Prcek Pumba Starobahno Torham
Darkies: Chuj Dolik Guma Hovado Khamil Kurva Mamut Mamutice Mrsina Ozon Tupoun
Zaugurz: Nogir Pepa",Khamil,heading_name_list,Darkies,Darkies: Chuj Dolik Guma Hovado Khamil Kurva Mamut Mamutice Mrsina Ozon Tupoun,high,yes
whois_pilsner_1781605386,char_pilsner,Pilsner,Maia,"Pilsner Gurqwell, the God of Hammerhead Clan is a Maia.
Last login 7 years, 7 months, and 21 days ago from *.eu.
If his hands are above your head,
than his nuts are the same level
as your teeths.

Whities: Butrus Kokot Koza Prcek Pumba Starobahno Torham
Darkies: Chuj Dolik Guma Hovado Khamil Kurva Mamut Mamutice Mrsina Ozon Tupoun
Zaugurz: Nogir Pepa",Kurva,heading_name_list,Darkies,Darkies: Chuj Dolik Guma Hovado Khamil Kurva Mamut Mamutice Mrsina Ozon Tupoun,high,yes
whois_pilsner_1781605386,char_pilsner,Pilsner,Maia,"Pilsner Gurqwell, the God of Hammerhead Clan is a Maia.
Last login 7 years, 7 months, and 21 days ago from *.eu.
If his hands are above your head,
than his nuts are the same level
as your teeths.

Whities: Butrus Kokot Koza Prcek Pumba Starobahno Torham
Darkies: Chuj Dolik Guma Hovado Khamil Kurva Mamut Mamutice Mrsina Ozon Tupoun
Zaugurz: Nogir Pepa",Mamut,heading_name_list,Darkies,Darkies: Chuj Dolik Guma Hovado Khamil Kurva Mamut Mamutice Mrsina Ozon Tupoun,high,yes
whois_pilsner_1781605386,char_pilsner,Pilsner,Maia,"Pilsner Gurqwell, the God of Hammerhead Clan is a Maia.
Last login 7 years, 7 months, and 21 days ago from *.eu.
If his hands are above your head,
than his nuts are the same level
as your teeths.

Whities: Butrus Kokot Koza Prcek Pumba Starobahno Torham
Darkies: Chuj Dolik Guma Hovado Khamil Kurva Mamut Mamutice Mrsina Ozon Tupoun
Zaugurz: Nogir Pepa",Mamutice,heading_name_list,Darkies,Darkies: Chuj Dolik Guma Hovado Khamil Kurva Mamut Mamutice Mrsina Ozon Tupoun,high,yes
whois_pilsner_1781605386,char_pilsner,Pilsner,Maia,"Pilsner Gurqwell, the God of Hammerhead Clan is a Maia.
Last login 7 years, 7 months, and 21 days ago from *.eu.
If his hands are above your head,
than his nuts are the same level
as your teeths.

Whities: Butrus Kokot Koza Prcek Pumba Starobahno Torham
Darkies: Chuj Dolik Guma Hovado Khamil Kurva Mamut Mamutice Mrsina Ozon Tupoun
Zaugurz: Nogir Pepa",Mrsina,heading_name_list,Darkies,Darkies: Chuj Dolik Guma Hovado Khamil Kurva Mamut Mamutice Mrsina Ozon Tupoun,high,yes
whois_pilsner_1781605386,char_pilsner,Pilsner,Maia,"Pilsner Gurqwell, the God of Hammerhead Clan is a Maia.
Last login 7 years, 7 months, and 21 days ago from *.eu.
If his hands are above your head,
than his nuts are the same level
as your teeths.

Whities: Butrus Kokot Koza Prcek Pumba Starobahno Torham
Darkies: Chuj Dolik Guma Hovado Khamil Kurva Mamut Mamutice Mrsina Ozon Tupoun
Zaugurz: Nogir Pepa",Ozon,heading_name_list,Darkies,Darkies: Chuj Dolik Guma Hovado Khamil Kurva Mamut Mamutice Mrsina Ozon Tupoun,high,yes
whois_pilsner_1781605386,char_pilsner,Pilsner,Maia,"Pilsner Gurqwell, the God of Hammerhead Clan is a Maia.
Last login 7 years, 7 months, and 21 days ago from *.eu.
If his hands are above your head,
than his nuts are the same level
as your teeths.

Whities: Butrus Kokot Koza Prcek Pumba Starobahno Torham
Darkies: Chuj Dolik Guma Hovado Khamil Kurva Mamut Mamutice Mrsina Ozon Tupoun
Zaugurz: Nogir Pepa",Tupoun,heading_name_list,Darkies,Darkies: Chuj Dolik Guma Hovado Khamil Kurva Mamut Mamutice Mrsina Ozon Tupoun,high,yes
whois_quic_1781605430,,Quic,Maia,"Quic . is a Maia [Retired].
Last login 15 years and 1 day ago from *.net.

*>exits

North - Well of death
South - Off the cliff!
East - Pit of spikes
West - Floorless room
Up - Poison dart though your head
Down - A long way down

Quic says 'Hmm joe never asks for another deathtrap at home'",Quic,quoted_speaker,,Quic says 'Hmm joe never asks for another deathtrap at home',high,yes
whois_quillis_1781605437,char_quillis,Quillis,new dad now! is a Maia,"Quillis is a new dad now! is a Maia (Shaper) [Retired].

In cyberspace, no one can hear you scream....

BUILDING MODE

Description Giver!
Whities:  Saber, Gage, Harn, Eberk, Riordan, Celedon, Kalus
Darkies:  Rend, Rage, Iblis, Fubar, Moghedien and others...",Rend,heading_name_list,Darkies,"Darkies:  Rend, Rage, Iblis, Fubar, Moghedien and others...",high,yes
whois_quillis_1781605437,char_quillis,Quillis,new dad now! is a Maia,"Quillis is a new dad now! is a Maia (Shaper) [Retired].

In cyberspace, no one can hear you scream....

BUILDING MODE

Description Giver!
Whities:  Saber, Gage, Harn, Eberk, Riordan, Celedon, Kalus
Darkies:  Rend, Rage, Iblis, Fubar, Moghedien and others...",Rage,heading_name_list,Darkies,"Darkies:  Rend, Rage, Iblis, Fubar, Moghedien and others...",high,yes
whois_quillis_1781605437,char_quillis,Quillis,new dad now! is a Maia,"Quillis is a new dad now! is a Maia (Shaper) [Retired].

In cyberspace, no one can hear you scream....

BUILDING MODE

Description Giver!
Whities:  Saber, Gage, Harn, Eberk, Riordan, Celedon, Kalus
Darkies:  Rend, Rage, Iblis, Fubar, Moghedien and others...",Iblis,heading_name_list,Darkies,"Darkies:  Rend, Rage, Iblis, Fubar, Moghedien and others...",high,yes
whois_quillis_1781605437,char_quillis,Quillis,new dad now! is a Maia,"Quillis is a new dad now! is a Maia (Shaper) [Retired].

In cyberspace, no one can hear you scream....

BUILDING MODE

Description Giver!
Whities:  Saber, Gage, Harn, Eberk, Riordan, Celedon, Kalus
Darkies:  Rend, Rage, Iblis, Fubar, Moghedien and others...",Fubar,heading_name_list,Darkies,"Darkies:  Rend, Rage, Iblis, Fubar, Moghedien and others...",high,yes
whois_quillis_1781605437,char_quillis,Quillis,new dad now! is a Maia,"Quillis is a new dad now! is a Maia (Shaper) [Retired].

In cyberspace, no one can hear you scream....

BUILDING MODE

Description Giver!
Whities:  Saber, Gage, Harn, Eberk, Riordan, Celedon, Kalus
Darkies:  Rend, Rage, Iblis, Fubar, Moghedien and others...",Gage,comma_name_list,,"Whities:  Saber, Gage, Harn, Eberk, Riordan, Celedon, Kalus",high,yes
whois_quillis_1781605437,char_quillis,Quillis,new dad now! is a Maia,"Quillis is a new dad now! is a Maia (Shaper) [Retired].

In cyberspace, no one can hear you scream....

BUILDING MODE

Description Giver!
Whities:  Saber, Gage, Harn, Eberk, Riordan, Celedon, Kalus
Darkies:  Rend, Rage, Iblis, Fubar, Moghedien and others...",Harn,comma_name_list,,"Whities:  Saber, Gage, Harn, Eberk, Riordan, Celedon, Kalus",low,no
whois_quillis_1781605437,char_quillis,Quillis,new dad now! is a Maia,"Quillis is a new dad now! is a Maia (Shaper) [Retired].

In cyberspace, no one can hear you scream....

BUILDING MODE

Description Giver!
Whities:  Saber, Gage, Harn, Eberk, Riordan, Celedon, Kalus
Darkies:  Rend, Rage, Iblis, Fubar, Moghedien and others...",Eberk,comma_name_list,,"Whities:  Saber, Gage, Harn, Eberk, Riordan, Celedon, Kalus",low,no
whois_quillis_1781605437,char_quillis,Quillis,new dad now! is a Maia,"Quillis is a new dad now! is a Maia (Shaper) [Retired].

In cyberspace, no one can hear you scream....

BUILDING MODE

Description Giver!
Whities:  Saber, Gage, Harn, Eberk, Riordan, Celedon, Kalus
Darkies:  Rend, Rage, Iblis, Fubar, Moghedien and others...",Riordan,comma_name_list,,"Whities:  Saber, Gage, Harn, Eberk, Riordan, Celedon, Kalus",high,yes
whois_quillis_1781605437,char_quillis,Quillis,new dad now! is a Maia,"Quillis is a new dad now! is a Maia (Shaper) [Retired].

In cyberspace, no one can hear you scream....

BUILDING MODE

Description Giver!
Whities:  Saber, Gage, Harn, Eberk, Riordan, Celedon, Kalus
Darkies:  Rend, Rage, Iblis, Fubar, Moghedien and others...",Celedon,comma_name_list,,"Whities:  Saber, Gage, Harn, Eberk, Riordan, Celedon, Kalus",high,yes
whois_quillis_1781605437,char_quillis,Quillis,new dad now! is a Maia,"Quillis is a new dad now! is a Maia (Shaper) [Retired].

In cyberspace, no one can hear you scream....

BUILDING MODE

Description Giver!
Whities:  Saber, Gage, Harn, Eberk, Riordan, Celedon, Kalus
Darkies:  Rend, Rage, Iblis, Fubar, Moghedien and others...",Kalus,comma_name_list,,"Whities:  Saber, Gage, Harn, Eberk, Riordan, Celedon, Kalus",high,yes
whois_quillis_1781605437,char_quillis,Quillis,new dad now! is a Maia,"Quillis is a new dad now! is a Maia (Shaper) [Retired].

In cyberspace, no one can hear you scream....

BUILDING MODE

Description Giver!
Whities:  Saber, Gage, Harn, Eberk, Riordan, Celedon, Kalus
Darkies:  Rend, Rage, Iblis, Fubar, Moghedien and others...",Rage,comma_name_list,,"Darkies:  Rend, Rage, Iblis, Fubar, Moghedien and others...",high,yes
whois_quillis_1781605437,char_quillis,Quillis,new dad now! is a Maia,"Quillis is a new dad now! is a Maia (Shaper) [Retired].

In cyberspace, no one can hear you scream....

BUILDING MODE

Description Giver!
Whities:  Saber, Gage, Harn, Eberk, Riordan, Celedon, Kalus
Darkies:  Rend, Rage, Iblis, Fubar, Moghedien and others...",Iblis,comma_name_list,,"Darkies:  Rend, Rage, Iblis, Fubar, Moghedien and others...",high,yes
whois_quillis_1781605437,char_quillis,Quillis,new dad now! is a Maia,"Quillis is a new dad now! is a Maia (Shaper) [Retired].

In cyberspace, no one can hear you scream....

BUILDING MODE

Description Giver!
Whities:  Saber, Gage, Harn, Eberk, Riordan, Celedon, Kalus
Darkies:  Rend, Rage, Iblis, Fubar, Moghedien and others...",Fubar,comma_name_list,,"Darkies:  Rend, Rage, Iblis, Fubar, Moghedien and others...",high,yes
whois_qwait_1781605442,,Qwait,Maia,"Qwait the Airborne-Hobbit is a Maia (Cartographer).
Last login 3 months and 13 days ago from *.sg.

The teddybear says 'I love you too, Qwait...'
You find a form of beauty in others' pains.

P(Adore,Tulisa,Selena,Resida,Hoal,Katlen)",Tulisa,comma_name_list,,"P(Adore,Tulisa,Selena,Resida,Hoal,Katlen)",low,no
whois_qwait_1781605442,,Qwait,Maia,"Qwait the Airborne-Hobbit is a Maia (Cartographer).
Last login 3 months and 13 days ago from *.sg.

The teddybear says 'I love you too, Qwait...'
You find a form of beauty in others' pains.

P(Adore,Tulisa,Selena,Resida,Hoal,Katlen)",Selena,comma_name_list,,"P(Adore,Tulisa,Selena,Resida,Hoal,Katlen)",low,no
whois_qwait_1781605442,,Qwait,Maia,"Qwait the Airborne-Hobbit is a Maia (Cartographer).
Last login 3 months and 13 days ago from *.sg.

The teddybear says 'I love you too, Qwait...'
You find a form of beauty in others' pains.

P(Adore,Tulisa,Selena,Resida,Hoal,Katlen)",Resida,comma_name_list,,"P(Adore,Tulisa,Selena,Resida,Hoal,Katlen)",low,no
whois_qwait_1781605442,,Qwait,Maia,"Qwait the Airborne-Hobbit is a Maia (Cartographer).
Last login 3 months and 13 days ago from *.sg.

The teddybear says 'I love you too, Qwait...'
You find a form of beauty in others' pains.

P(Adore,Tulisa,Selena,Resida,Hoal,Katlen)",Hoal,comma_name_list,,"P(Adore,Tulisa,Selena,Resida,Hoal,Katlen)",low,no
whois_qwait_1781605442,,Qwait,Maia,"Qwait the Airborne-Hobbit is a Maia (Cartographer).
Last login 3 months and 13 days ago from *.sg.

The teddybear says 'I love you too, Qwait...'
You find a form of beauty in others' pains.

P(Adore,Tulisa,Selena,Resida,Hoal,Katlen)",Katlen,comma_name_list,,"P(Adore,Tulisa,Selena,Resida,Hoal,Katlen)",low,no
whois_rato_1781605495,,Rato,Maia,"Rato is a Maia (Cartographer).
Last login 1 month and 7 days ago from *.br.
Whities: Ampère, Hagar, Dumbledore, Arammis, Floki, Sudo
Kao, Kaos, Macunaima, Arthurius, Bizarro, Taurus, Uhtred
Thorr, Tosco,  Capitão, Gaston, Galahad, Robim, Zécolméia,
João, Mestre.
Darkies: Zébuceta, Mumm, Garmadon, Icebeer, Cameltoe...
      Brasil Brasil Brasil Brasil Brasil
Link 300ms ~ 500ms HO!   http://italofa.googlepages.com",Zébuceta,heading_name_list,Darkies,"Darkies: Zébuceta, Mumm, Garmadon, Icebeer, Cameltoe...",medium,no
whois_rato_1781605495,,Rato,Maia,"Rato is a Maia (Cartographer).
Last login 1 month and 7 days ago from *.br.
Whities: Ampère, Hagar, Dumbledore, Arammis, Floki, Sudo
Kao, Kaos, Macunaima, Arthurius, Bizarro, Taurus, Uhtred
Thorr, Tosco,  Capitão, Gaston, Galahad, Robim, Zécolméia,
João, Mestre.
Darkies: Zébuceta, Mumm, Garmadon, Icebeer, Cameltoe...
      Brasil Brasil Brasil Brasil Brasil
Link 300ms ~ 500ms HO!   http://italofa.googlepages.com",Mumm,heading_name_list,Darkies,"Darkies: Zébuceta, Mumm, Garmadon, Icebeer, Cameltoe...",medium,no
whois_rato_1781605495,,Rato,Maia,"Rato is a Maia (Cartographer).
Last login 1 month and 7 days ago from *.br.
Whities: Ampère, Hagar, Dumbledore, Arammis, Floki, Sudo
Kao, Kaos, Macunaima, Arthurius, Bizarro, Taurus, Uhtred
Thorr, Tosco,  Capitão, Gaston, Galahad, Robim, Zécolméia,
João, Mestre.
Darkies: Zébuceta, Mumm, Garmadon, Icebeer, Cameltoe...
      Brasil Brasil Brasil Brasil Brasil
Link 300ms ~ 500ms HO!   http://italofa.googlepages.com",Garmadon,heading_name_list,Darkies,"Darkies: Zébuceta, Mumm, Garmadon, Icebeer, Cameltoe...",medium,no
whois_rato_1781605495,,Rato,Maia,"Rato is a Maia (Cartographer).
Last login 1 month and 7 days ago from *.br.
Whities: Ampère, Hagar, Dumbledore, Arammis, Floki, Sudo
Kao, Kaos, Macunaima, Arthurius, Bizarro, Taurus, Uhtred
Thorr, Tosco,  Capitão, Gaston, Galahad, Robim, Zécolméia,
João, Mestre.
Darkies: Zébuceta, Mumm, Garmadon, Icebeer, Cameltoe...
      Brasil Brasil Brasil Brasil Brasil
Link 300ms ~ 500ms HO!   http://italofa.googlepages.com",Icebeer,heading_name_list,Darkies,"Darkies: Zébuceta, Mumm, Garmadon, Icebeer, Cameltoe...",medium,no
whois_rato_1781605495,,Rato,Maia,"Rato is a Maia (Cartographer).
Last login 1 month and 7 days ago from *.br.
Whities: Ampère, Hagar, Dumbledore, Arammis, Floki, Sudo
Kao, Kaos, Macunaima, Arthurius, Bizarro, Taurus, Uhtred
Thorr, Tosco,  Capitão, Gaston, Galahad, Robim, Zécolméia,
João, Mestre.
Darkies: Zébuceta, Mumm, Garmadon, Icebeer, Cameltoe...
      Brasil Brasil Brasil Brasil Brasil
Link 300ms ~ 500ms HO!   http://italofa.googlepages.com",Cameltoe,heading_name_list,Darkies,"Darkies: Zébuceta, Mumm, Garmadon, Icebeer, Cameltoe...",medium,no
whois_rato_1781605495,,Rato,Maia,"Rato is a Maia (Cartographer).
Last login 1 month and 7 days ago from *.br.
Whities: Ampère, Hagar, Dumbledore, Arammis, Floki, Sudo
Kao, Kaos, Macunaima, Arthurius, Bizarro, Taurus, Uhtred
Thorr, Tosco,  Capitão, Gaston, Galahad, Robim, Zécolméia,
João, Mestre.
Darkies: Zébuceta, Mumm, Garmadon, Icebeer, Cameltoe...
      Brasil Brasil Brasil Brasil Brasil
Link 300ms ~ 500ms HO!   http://italofa.googlepages.com",Hagar,comma_name_list,,"Whities: Ampère, Hagar, Dumbledore, Arammis, Floki, Sudo",low,no
whois_rato_1781605495,,Rato,Maia,"Rato is a Maia (Cartographer).
Last login 1 month and 7 days ago from *.br.
Whities: Ampère, Hagar, Dumbledore, Arammis, Floki, Sudo
Kao, Kaos, Macunaima, Arthurius, Bizarro, Taurus, Uhtred
Thorr, Tosco,  Capitão, Gaston, Galahad, Robim, Zécolméia,
João, Mestre.
Darkies: Zébuceta, Mumm, Garmadon, Icebeer, Cameltoe...
      Brasil Brasil Brasil Brasil Brasil
Link 300ms ~ 500ms HO!   http://italofa.googlepages.com",Dumbledore,comma_name_list,,"Whities: Ampère, Hagar, Dumbledore, Arammis, Floki, Sudo",low,no
whois_rato_1781605495,,Rato,Maia,"Rato is a Maia (Cartographer).
Last login 1 month and 7 days ago from *.br.
Whities: Ampère, Hagar, Dumbledore, Arammis, Floki, Sudo
Kao, Kaos, Macunaima, Arthurius, Bizarro, Taurus, Uhtred
Thorr, Tosco,  Capitão, Gaston, Galahad, Robim, Zécolméia,
João, Mestre.
Darkies: Zébuceta, Mumm, Garmadon, Icebeer, Cameltoe...
      Brasil Brasil Brasil Brasil Brasil
Link 300ms ~ 500ms HO!   http://italofa.googlepages.com",Arammis,comma_name_list,,"Whities: Ampère, Hagar, Dumbledore, Arammis, Floki, Sudo",low,no
whois_rato_1781605495,,Rato,Maia,"Rato is a Maia (Cartographer).
Last login 1 month and 7 days ago from *.br.
Whities: Ampère, Hagar, Dumbledore, Arammis, Floki, Sudo
Kao, Kaos, Macunaima, Arthurius, Bizarro, Taurus, Uhtred
Thorr, Tosco,  Capitão, Gaston, Galahad, Robim, Zécolméia,
João, Mestre.
Darkies: Zébuceta, Mumm, Garmadon, Icebeer, Cameltoe...
      Brasil Brasil Brasil Brasil Brasil
Link 300ms ~ 500ms HO!   http://italofa.googlepages.com",Floki,comma_name_list,,"Whities: Ampère, Hagar, Dumbledore, Arammis, Floki, Sudo",low,no
whois_rato_1781605495,,Rato,Maia,"Rato is a Maia (Cartographer).
Last login 1 month and 7 days ago from *.br.
Whities: Ampère, Hagar, Dumbledore, Arammis, Floki, Sudo
Kao, Kaos, Macunaima, Arthurius, Bizarro, Taurus, Uhtred
Thorr, Tosco,  Capitão, Gaston, Galahad, Robim, Zécolméia,
João, Mestre.
Darkies: Zébuceta, Mumm, Garmadon, Icebeer, Cameltoe...
      Brasil Brasil Brasil Brasil Brasil
Link 300ms ~ 500ms HO!   http://italofa.googlepages.com",Sudo,comma_name_list,,"Whities: Ampère, Hagar, Dumbledore, Arammis, Floki, Sudo",low,no
whois_rato_1781605495,,Rato,Maia,"Rato is a Maia (Cartographer).
Last login 1 month and 7 days ago from *.br.
Whities: Ampère, Hagar, Dumbledore, Arammis, Floki, Sudo
Kao, Kaos, Macunaima, Arthurius, Bizarro, Taurus, Uhtred
Thorr, Tosco,  Capitão, Gaston, Galahad, Robim, Zécolméia,
João, Mestre.
Darkies: Zébuceta, Mumm, Garmadon, Icebeer, Cameltoe...
      Brasil Brasil Brasil Brasil Brasil
Link 300ms ~ 500ms HO!   http://italofa.googlepages.com",Kao,comma_name_list,,"Kao, Kaos, Macunaima, Arthurius, Bizarro, Taurus, Uhtred",low,no
whois_rato_1781605495,,Rato,Maia,"Rato is a Maia (Cartographer).
Last login 1 month and 7 days ago from *.br.
Whities: Ampère, Hagar, Dumbledore, Arammis, Floki, Sudo
Kao, Kaos, Macunaima, Arthurius, Bizarro, Taurus, Uhtred
Thorr, Tosco,  Capitão, Gaston, Galahad, Robim, Zécolméia,
João, Mestre.
Darkies: Zébuceta, Mumm, Garmadon, Icebeer, Cameltoe...
      Brasil Brasil Brasil Brasil Brasil
Link 300ms ~ 500ms HO!   http://italofa.googlepages.com",Kaos,comma_name_list,,"Kao, Kaos, Macunaima, Arthurius, Bizarro, Taurus, Uhtred",low,no
whois_rato_1781605495,,Rato,Maia,"Rato is a Maia (Cartographer).
Last login 1 month and 7 days ago from *.br.
Whities: Ampère, Hagar, Dumbledore, Arammis, Floki, Sudo
Kao, Kaos, Macunaima, Arthurius, Bizarro, Taurus, Uhtred
Thorr, Tosco,  Capitão, Gaston, Galahad, Robim, Zécolméia,
João, Mestre.
Darkies: Zébuceta, Mumm, Garmadon, Icebeer, Cameltoe...
      Brasil Brasil Brasil Brasil Brasil
Link 300ms ~ 500ms HO!   http://italofa.googlepages.com",Macunaima,comma_name_list,,"Kao, Kaos, Macunaima, Arthurius, Bizarro, Taurus, Uhtred",low,no
whois_rato_1781605495,,Rato,Maia,"Rato is a Maia (Cartographer).
Last login 1 month and 7 days ago from *.br.
Whities: Ampère, Hagar, Dumbledore, Arammis, Floki, Sudo
Kao, Kaos, Macunaima, Arthurius, Bizarro, Taurus, Uhtred
Thorr, Tosco,  Capitão, Gaston, Galahad, Robim, Zécolméia,
João, Mestre.
Darkies: Zébuceta, Mumm, Garmadon, Icebeer, Cameltoe...
      Brasil Brasil Brasil Brasil Brasil
Link 300ms ~ 500ms HO!   http://italofa.googlepages.com",Arthurius,comma_name_list,,"Kao, Kaos, Macunaima, Arthurius, Bizarro, Taurus, Uhtred",low,no
whois_rato_1781605495,,Rato,Maia,"Rato is a Maia (Cartographer).
Last login 1 month and 7 days ago from *.br.
Whities: Ampère, Hagar, Dumbledore, Arammis, Floki, Sudo
Kao, Kaos, Macunaima, Arthurius, Bizarro, Taurus, Uhtred
Thorr, Tosco,  Capitão, Gaston, Galahad, Robim, Zécolméia,
João, Mestre.
Darkies: Zébuceta, Mumm, Garmadon, Icebeer, Cameltoe...
      Brasil Brasil Brasil Brasil Brasil
Link 300ms ~ 500ms HO!   http://italofa.googlepages.com",Bizarro,comma_name_list,,"Kao, Kaos, Macunaima, Arthurius, Bizarro, Taurus, Uhtred",low,no
whois_rato_1781605495,,Rato,Maia,"Rato is a Maia (Cartographer).
Last login 1 month and 7 days ago from *.br.
Whities: Ampère, Hagar, Dumbledore, Arammis, Floki, Sudo
Kao, Kaos, Macunaima, Arthurius, Bizarro, Taurus, Uhtred
Thorr, Tosco,  Capitão, Gaston, Galahad, Robim, Zécolméia,
João, Mestre.
Darkies: Zébuceta, Mumm, Garmadon, Icebeer, Cameltoe...
      Brasil Brasil Brasil Brasil Brasil
Link 300ms ~ 500ms HO!   http://italofa.googlepages.com",Taurus,comma_name_list,,"Kao, Kaos, Macunaima, Arthurius, Bizarro, Taurus, Uhtred",low,no
whois_rato_1781605495,,Rato,Maia,"Rato is a Maia (Cartographer).
Last login 1 month and 7 days ago from *.br.
Whities: Ampère, Hagar, Dumbledore, Arammis, Floki, Sudo
Kao, Kaos, Macunaima, Arthurius, Bizarro, Taurus, Uhtred
Thorr, Tosco,  Capitão, Gaston, Galahad, Robim, Zécolméia,
João, Mestre.
Darkies: Zébuceta, Mumm, Garmadon, Icebeer, Cameltoe...
      Brasil Brasil Brasil Brasil Brasil
Link 300ms ~ 500ms HO!   http://italofa.googlepages.com",Uhtred,comma_name_list,,"Kao, Kaos, Macunaima, Arthurius, Bizarro, Taurus, Uhtred",low,no
whois_rato_1781605495,,Rato,Maia,"Rato is a Maia (Cartographer).
Last login 1 month and 7 days ago from *.br.
Whities: Ampère, Hagar, Dumbledore, Arammis, Floki, Sudo
Kao, Kaos, Macunaima, Arthurius, Bizarro, Taurus, Uhtred
Thorr, Tosco,  Capitão, Gaston, Galahad, Robim, Zécolméia,
João, Mestre.
Darkies: Zébuceta, Mumm, Garmadon, Icebeer, Cameltoe...
      Brasil Brasil Brasil Brasil Brasil
Link 300ms ~ 500ms HO!   http://italofa.googlepages.com",Thorr,comma_name_list,,"Thorr, Tosco,  Capitão, Gaston, Galahad, Robim, Zécolméia,",low,no
whois_rato_1781605495,,Rato,Maia,"Rato is a Maia (Cartographer).
Last login 1 month and 7 days ago from *.br.
Whities: Ampère, Hagar, Dumbledore, Arammis, Floki, Sudo
Kao, Kaos, Macunaima, Arthurius, Bizarro, Taurus, Uhtred
Thorr, Tosco,  Capitão, Gaston, Galahad, Robim, Zécolméia,
João, Mestre.
Darkies: Zébuceta, Mumm, Garmadon, Icebeer, Cameltoe...
      Brasil Brasil Brasil Brasil Brasil
Link 300ms ~ 500ms HO!   http://italofa.googlepages.com",Tosco,comma_name_list,,"Thorr, Tosco,  Capitão, Gaston, Galahad, Robim, Zécolméia,",low,no
whois_rato_1781605495,,Rato,Maia,"Rato is a Maia (Cartographer).
Last login 1 month and 7 days ago from *.br.
Whities: Ampère, Hagar, Dumbledore, Arammis, Floki, Sudo
Kao, Kaos, Macunaima, Arthurius, Bizarro, Taurus, Uhtred
Thorr, Tosco,  Capitão, Gaston, Galahad, Robim, Zécolméia,
João, Mestre.
Darkies: Zébuceta, Mumm, Garmadon, Icebeer, Cameltoe...
      Brasil Brasil Brasil Brasil Brasil
Link 300ms ~ 500ms HO!   http://italofa.googlepages.com",Capitão,comma_name_list,,"Thorr, Tosco,  Capitão, Gaston, Galahad, Robim, Zécolméia,",low,no
whois_rato_1781605495,,Rato,Maia,"Rato is a Maia (Cartographer).
Last login 1 month and 7 days ago from *.br.
Whities: Ampère, Hagar, Dumbledore, Arammis, Floki, Sudo
Kao, Kaos, Macunaima, Arthurius, Bizarro, Taurus, Uhtred
Thorr, Tosco,  Capitão, Gaston, Galahad, Robim, Zécolméia,
João, Mestre.
Darkies: Zébuceta, Mumm, Garmadon, Icebeer, Cameltoe...
      Brasil Brasil Brasil Brasil Brasil
Link 300ms ~ 500ms HO!   http://italofa.googlepages.com",Gaston,comma_name_list,,"Thorr, Tosco,  Capitão, Gaston, Galahad, Robim, Zécolméia,",low,no
whois_rato_1781605495,,Rato,Maia,"Rato is a Maia (Cartographer).
Last login 1 month and 7 days ago from *.br.
Whities: Ampère, Hagar, Dumbledore, Arammis, Floki, Sudo
Kao, Kaos, Macunaima, Arthurius, Bizarro, Taurus, Uhtred
Thorr, Tosco,  Capitão, Gaston, Galahad, Robim, Zécolméia,
João, Mestre.
Darkies: Zébuceta, Mumm, Garmadon, Icebeer, Cameltoe...
      Brasil Brasil Brasil Brasil Brasil
Link 300ms ~ 500ms HO!   http://italofa.googlepages.com",Galahad,comma_name_list,,"Thorr, Tosco,  Capitão, Gaston, Galahad, Robim, Zécolméia,",low,no
whois_rato_1781605495,,Rato,Maia,"Rato is a Maia (Cartographer).
Last login 1 month and 7 days ago from *.br.
Whities: Ampère, Hagar, Dumbledore, Arammis, Floki, Sudo
Kao, Kaos, Macunaima, Arthurius, Bizarro, Taurus, Uhtred
Thorr, Tosco,  Capitão, Gaston, Galahad, Robim, Zécolméia,
João, Mestre.
Darkies: Zébuceta, Mumm, Garmadon, Icebeer, Cameltoe...
      Brasil Brasil Brasil Brasil Brasil
Link 300ms ~ 500ms HO!   http://italofa.googlepages.com",Robim,comma_name_list,,"Thorr, Tosco,  Capitão, Gaston, Galahad, Robim, Zécolméia,",low,no
whois_rato_1781605495,,Rato,Maia,"Rato is a Maia (Cartographer).
Last login 1 month and 7 days ago from *.br.
Whities: Ampère, Hagar, Dumbledore, Arammis, Floki, Sudo
Kao, Kaos, Macunaima, Arthurius, Bizarro, Taurus, Uhtred
Thorr, Tosco,  Capitão, Gaston, Galahad, Robim, Zécolméia,
João, Mestre.
Darkies: Zébuceta, Mumm, Garmadon, Icebeer, Cameltoe...
      Brasil Brasil Brasil Brasil Brasil
Link 300ms ~ 500ms HO!   http://italofa.googlepages.com",Zécolméia,comma_name_list,,"Thorr, Tosco,  Capitão, Gaston, Galahad, Robim, Zécolméia,",low,no
whois_rato_1781605495,,Rato,Maia,"Rato is a Maia (Cartographer).
Last login 1 month and 7 days ago from *.br.
Whities: Ampère, Hagar, Dumbledore, Arammis, Floki, Sudo
Kao, Kaos, Macunaima, Arthurius, Bizarro, Taurus, Uhtred
Thorr, Tosco,  Capitão, Gaston, Galahad, Robim, Zécolméia,
João, Mestre.
Darkies: Zébuceta, Mumm, Garmadon, Icebeer, Cameltoe...
      Brasil Brasil Brasil Brasil Brasil
Link 300ms ~ 500ms HO!   http://italofa.googlepages.com",Mumm,comma_name_list,,"Darkies: Zébuceta, Mumm, Garmadon, Icebeer, Cameltoe...",low,no
whois_rato_1781605495,,Rato,Maia,"Rato is a Maia (Cartographer).
Last login 1 month and 7 days ago from *.br.
Whities: Ampère, Hagar, Dumbledore, Arammis, Floki, Sudo
Kao, Kaos, Macunaima, Arthurius, Bizarro, Taurus, Uhtred
Thorr, Tosco,  Capitão, Gaston, Galahad, Robim, Zécolméia,
João, Mestre.
Darkies: Zébuceta, Mumm, Garmadon, Icebeer, Cameltoe...
      Brasil Brasil Brasil Brasil Brasil
Link 300ms ~ 500ms HO!   http://italofa.googlepages.com",Garmadon,comma_name_list,,"Darkies: Zébuceta, Mumm, Garmadon, Icebeer, Cameltoe...",low,no
whois_rato_1781605495,,Rato,Maia,"Rato is a Maia (Cartographer).
Last login 1 month and 7 days ago from *.br.
Whities: Ampère, Hagar, Dumbledore, Arammis, Floki, Sudo
Kao, Kaos, Macunaima, Arthurius, Bizarro, Taurus, Uhtred
Thorr, Tosco,  Capitão, Gaston, Galahad, Robim, Zécolméia,
João, Mestre.
Darkies: Zébuceta, Mumm, Garmadon, Icebeer, Cameltoe...
      Brasil Brasil Brasil Brasil Brasil
Link 300ms ~ 500ms HO!   http://italofa.googlepages.com",Icebeer,comma_name_list,,"Darkies: Zébuceta, Mumm, Garmadon, Icebeer, Cameltoe...",low,no
whois_rato_1781605495,,Rato,Maia,"Rato is a Maia (Cartographer).
Last login 1 month and 7 days ago from *.br.
Whities: Ampère, Hagar, Dumbledore, Arammis, Floki, Sudo
Kao, Kaos, Macunaima, Arthurius, Bizarro, Taurus, Uhtred
Thorr, Tosco,  Capitão, Gaston, Galahad, Robim, Zécolméia,
João, Mestre.
Darkies: Zébuceta, Mumm, Garmadon, Icebeer, Cameltoe...
      Brasil Brasil Brasil Brasil Brasil
Link 300ms ~ 500ms HO!   http://italofa.googlepages.com",Cameltoe,comma_name_list,,"Darkies: Zébuceta, Mumm, Garmadon, Icebeer, Cameltoe...",low,no
whois_raul_1781605507,,Raul,Maia,"Raul knows that 3 quickbolts will kill a bn! is a Maia.
Last login 1 year and 18 days ago.

 Whities: Trinity Teyon Rhaegar Tuunbaq Teleg Tats Shiare Brelgo
 Darkies: Prist Brath Azmodan Tessa Kara",Prist,heading_name_list,Darkies,Darkies: Prist Brath Azmodan Tessa Kara,high,yes
whois_raul_1781605507,,Raul,Maia,"Raul knows that 3 quickbolts will kill a bn! is a Maia.
Last login 1 year and 18 days ago.

 Whities: Trinity Teyon Rhaegar Tuunbaq Teleg Tats Shiare Brelgo
 Darkies: Prist Brath Azmodan Tessa Kara",Brath,heading_name_list,Darkies,Darkies: Prist Brath Azmodan Tessa Kara,medium,no
whois_raul_1781605507,,Raul,Maia,"Raul knows that 3 quickbolts will kill a bn! is a Maia.
Last login 1 year and 18 days ago.

 Whities: Trinity Teyon Rhaegar Tuunbaq Teleg Tats Shiare Brelgo
 Darkies: Prist Brath Azmodan Tessa Kara",Azmodan,heading_name_list,Darkies,Darkies: Prist Brath Azmodan Tessa Kara,high,yes
whois_raul_1781605507,,Raul,Maia,"Raul knows that 3 quickbolts will kill a bn! is a Maia.
Last login 1 year and 18 days ago.

 Whities: Trinity Teyon Rhaegar Tuunbaq Teleg Tats Shiare Brelgo
 Darkies: Prist Brath Azmodan Tessa Kara",Tessa,heading_name_list,Darkies,Darkies: Prist Brath Azmodan Tessa Kara,high,yes
whois_raul_1781605507,,Raul,Maia,"Raul knows that 3 quickbolts will kill a bn! is a Maia.
Last login 1 year and 18 days ago.

 Whities: Trinity Teyon Rhaegar Tuunbaq Teleg Tats Shiare Brelgo
 Darkies: Prist Brath Azmodan Tessa Kara",Kara,heading_name_list,Darkies,Darkies: Prist Brath Azmodan Tessa Kara,medium,no
whois_rebel_1781605525,,Rebel,Maia,"Rebel Yell is a Maia [Retired].
Last login 22 years, 9 months, and 16 days ago from *.com.

Email : Stjon@spray.se

Whities: Thorac, Faror, Mynduil
Darkies: Snuttan, Tyc, Sargul, Zarc

Rl name Stefan
Old Player:)",Snuttan,heading_name_list,Darkies,"Darkies: Snuttan, Tyc, Sargul, Zarc",medium,no
whois_rebel_1781605525,,Rebel,Maia,"Rebel Yell is a Maia [Retired].
Last login 22 years, 9 months, and 16 days ago from *.com.

Email : Stjon@spray.se

Whities: Thorac, Faror, Mynduil
Darkies: Snuttan, Tyc, Sargul, Zarc

Rl name Stefan
Old Player:)",Tyc,heading_name_list,Darkies,"Darkies: Snuttan, Tyc, Sargul, Zarc",medium,no
whois_rebel_1781605525,,Rebel,Maia,"Rebel Yell is a Maia [Retired].
Last login 22 years, 9 months, and 16 days ago from *.com.

Email : Stjon@spray.se

Whities: Thorac, Faror, Mynduil
Darkies: Snuttan, Tyc, Sargul, Zarc

Rl name Stefan
Old Player:)",Sargul,heading_name_list,Darkies,"Darkies: Snuttan, Tyc, Sargul, Zarc",medium,no
whois_rebel_1781605525,,Rebel,Maia,"Rebel Yell is a Maia [Retired].
Last login 22 years, 9 months, and 16 days ago from *.com.

Email : Stjon@spray.se

Whities: Thorac, Faror, Mynduil
Darkies: Snuttan, Tyc, Sargul, Zarc

Rl name Stefan
Old Player:)",Zarc,heading_name_list,Darkies,"Darkies: Snuttan, Tyc, Sargul, Zarc",medium,no
whois_rebel_1781605525,,Rebel,Maia,"Rebel Yell is a Maia [Retired].
Last login 22 years, 9 months, and 16 days ago from *.com.

Email : Stjon@spray.se

Whities: Thorac, Faror, Mynduil
Darkies: Snuttan, Tyc, Sargul, Zarc

Rl name Stefan
Old Player:)",Tyc,comma_name_list,,"Darkies: Snuttan, Tyc, Sargul, Zarc",low,no
whois_rebel_1781605525,,Rebel,Maia,"Rebel Yell is a Maia [Retired].
Last login 22 years, 9 months, and 16 days ago from *.com.

Email : Stjon@spray.se

Whities: Thorac, Faror, Mynduil
Darkies: Snuttan, Tyc, Sargul, Zarc

Rl name Stefan
Old Player:)",Sargul,comma_name_list,,"Darkies: Snuttan, Tyc, Sargul, Zarc",low,no
whois_rebel_1781605525,,Rebel,Maia,"Rebel Yell is a Maia [Retired].
Last login 22 years, 9 months, and 16 days ago from *.com.

Email : Stjon@spray.se

Whities: Thorac, Faror, Mynduil
Darkies: Snuttan, Tyc, Sargul, Zarc

Rl name Stefan
Old Player:)",Zarc,comma_name_list,,"Darkies: Snuttan, Tyc, Sargul, Zarc",low,no
whois_rik_1781605584,char_rik,Rik,Maia,"…
::   | |   | | | |\ \  | + \ /    \ /    \ |   \/   |
  / // // /      **   '-'   '-' '-' '-' |   / N /\ N N /\ N | |\  /| |
 / // // /                              | + \ N \/ N N \/ N | | \/ | |
(_)(_)(_)                               |   / \    / \    / | |    | |
 (_)(_)         TIK                     '--'   '--'   '--'  '-'    '-'
   (_)
The Good:  Ainko, Akio, Alderik, Francis, Ghij, Harold, Kim,, Knutt, Kyrania,
Marieke,  Obthic, Oksar, Rhamd, Synnove, Tum, Wanda, Xyziristine, Zhyza
The Evil: Ashmash, Billiam, Brutex, Defcon, Hatchie, Inkathurg, Lentracus,
Maglubhiyet, Myrcea, Oki, Oliksia, Qwestus, Timo, Tym, Wrorg, Zhough

mume.kyrania.com mume@kyrania.com around since 2000
It seems my life moved on. Good",Akio,comma_name_list,,"The Good:  Ainko, Akio, Alderik, Francis, Ghij, Harold, Kim,, Knutt, Kyrania,",low,no
whois_rik_1781605584,char_rik,Rik,Maia,"…
::   | |   | | | |\ \  | + \ /    \ /    \ |   \/   |
  / // // /      **   '-'   '-' '-' '-' |   / N /\ N N /\ N | |\  /| |
 / // // /                              | + \ N \/ N N \/ N | | \/ | |
(_)(_)(_)                               |   / \    / \    / | |    | |
 (_)(_)         TIK                     '--'   '--'   '--'  '-'    '-'
   (_)
The Good:  Ainko, Akio, Alderik, Francis, Ghij, Harold, Kim,, Knutt, Kyrania,
Marieke,  Obthic, Oksar, Rhamd, Synnove, Tum, Wanda, Xyziristine, Zhyza
The Evil: Ashmash, Billiam, Brutex, Defcon, Hatchie, Inkathurg, Lentracus,
Maglubhiyet, Myrcea, Oki, Oliksia, Qwestus, Timo, Tym, Wrorg, Zhough

mume.kyrania.com mume@kyrania.com around since 2000
It seems my life moved on. Good",Alderik,comma_name_list,,"The Good:  Ainko, Akio, Alderik, Francis, Ghij, Harold, Kim,, Knutt, Kyrania,",high,yes
whois_rik_1781605584,char_rik,Rik,Maia,"…
::   | |   | | | |\ \  | + \ /    \ /    \ |   \/   |
  / // // /      **   '-'   '-' '-' '-' |   / N /\ N N /\ N | |\  /| |
 / // // /                              | + \ N \/ N N \/ N | | \/ | |
(_)(_)(_)                               |   / \    / \    / | |    | |
 (_)(_)         TIK                     '--'   '--'   '--'  '-'    '-'
   (_)
The Good:  Ainko, Akio, Alderik, Francis, Ghij, Harold, Kim,, Knutt, Kyrania,
Marieke,  Obthic, Oksar, Rhamd, Synnove, Tum, Wanda, Xyziristine, Zhyza
The Evil: Ashmash, Billiam, Brutex, Defcon, Hatchie, Inkathurg, Lentracus,
Maglubhiyet, Myrcea, Oki, Oliksia, Qwestus, Timo, Tym, Wrorg, Zhough

mume.kyrania.com mume@kyrania.com around since 2000
It seems my life moved on. Good",Francis,comma_name_list,,"The Good:  Ainko, Akio, Alderik, Francis, Ghij, Harold, Kim,, Knutt, Kyrania,",high,yes
whois_rik_1781605584,char_rik,Rik,Maia,"…
::   | |   | | | |\ \  | + \ /    \ /    \ |   \/   |
  / // // /      **   '-'   '-' '-' '-' |   / N /\ N N /\ N | |\  /| |
 / // // /                              | + \ N \/ N N \/ N | | \/ | |
(_)(_)(_)                               |   / \    / \    / | |    | |
 (_)(_)         TIK                     '--'   '--'   '--'  '-'    '-'
   (_)
The Good:  Ainko, Akio, Alderik, Francis, Ghij, Harold, Kim,, Knutt, Kyrania,
Marieke,  Obthic, Oksar, Rhamd, Synnove, Tum, Wanda, Xyziristine, Zhyza
The Evil: Ashmash, Billiam, Brutex, Defcon, Hatchie, Inkathurg, Lentracus,
Maglubhiyet, Myrcea, Oki, Oliksia, Qwestus, Timo, Tym, Wrorg, Zhough

mume.kyrania.com mume@kyrania.com around since 2000
It seems my life moved on. Good",Ghij,comma_name_list,,"The Good:  Ainko, Akio, Alderik, Francis, Ghij, Harold, Kim,, Knutt, Kyrania,",low,no
whois_rik_1781605584,char_rik,Rik,Maia,"…
::   | |   | | | |\ \  | + \ /    \ /    \ |   \/   |
  / // // /      **   '-'   '-' '-' '-' |   / N /\ N N /\ N | |\  /| |
 / // // /                              | + \ N \/ N N \/ N | | \/ | |
(_)(_)(_)                               |   / \    / \    / | |    | |
 (_)(_)         TIK                     '--'   '--'   '--'  '-'    '-'
   (_)
The Good:  Ainko, Akio, Alderik, Francis, Ghij, Harold, Kim,, Knutt, Kyrania,
Marieke,  Obthic, Oksar, Rhamd, Synnove, Tum, Wanda, Xyziristine, Zhyza
The Evil: Ashmash, Billiam, Brutex, Defcon, Hatchie, Inkathurg, Lentracus,
Maglubhiyet, Myrcea, Oki, Oliksia, Qwestus, Timo, Tym, Wrorg, Zhough

mume.kyrania.com mume@kyrania.com around since 2000
It seems my life moved on. Good",Harold,comma_name_list,,"The Good:  Ainko, Akio, Alderik, Francis, Ghij, Harold, Kim,, Knutt, Kyrania,",low,no
whois_rik_1781605584,char_rik,Rik,Maia,"…
::   | |   | | | |\ \  | + \ /    \ /    \ |   \/   |
  / // // /      **   '-'   '-' '-' '-' |   / N /\ N N /\ N | |\  /| |
 / // // /                              | + \ N \/ N N \/ N | | \/ | |
(_)(_)(_)                               |   / \    / \    / | |    | |
 (_)(_)         TIK                     '--'   '--'   '--'  '-'    '-'
   (_)
The Good:  Ainko, Akio, Alderik, Francis, Ghij, Harold, Kim,, Knutt, Kyrania,
Marieke,  Obthic, Oksar, Rhamd, Synnove, Tum, Wanda, Xyziristine, Zhyza
The Evil: Ashmash, Billiam, Brutex, Defcon, Hatchie, Inkathurg, Lentracus,
Maglubhiyet, Myrcea, Oki, Oliksia, Qwestus, Timo, Tym, Wrorg, Zhough

mume.kyrania.com mume@kyrania.com around since 2000
It seems my life moved on. Good",Kim,comma_name_list,,"The Good:  Ainko, Akio, Alderik, Francis, Ghij, Harold, Kim,, Knutt, Kyrania,",low,no
whois_rik_1781605584,char_rik,Rik,Maia,"…
::   | |   | | | |\ \  | + \ /    \ /    \ |   \/   |
  / // // /      **   '-'   '-' '-' '-' |   / N /\ N N /\ N | |\  /| |
 / // // /                              | + \ N \/ N N \/ N | | \/ | |
(_)(_)(_)                               |   / \    / \    / | |    | |
 (_)(_)         TIK                     '--'   '--'   '--'  '-'    '-'
   (_)
The Good:  Ainko, Akio, Alderik, Francis, Ghij, Harold, Kim,, Knutt, Kyrania,
Marieke,  Obthic, Oksar, Rhamd, Synnove, Tum, Wanda, Xyziristine, Zhyza
The Evil: Ashmash, Billiam, Brutex, Defcon, Hatchie, Inkathurg, Lentracus,
Maglubhiyet, Myrcea, Oki, Oliksia, Qwestus, Timo, Tym, Wrorg, Zhough

mume.kyrania.com mume@kyrania.com around since 2000
It seems my life moved on. Good",Knutt,comma_name_list,,"The Good:  Ainko, Akio, Alderik, Francis, Ghij, Harold, Kim,, Knutt, Kyrania,",low,no
whois_rik_1781605584,char_rik,Rik,Maia,"…
::   | |   | | | |\ \  | + \ /    \ /    \ |   \/   |
  / // // /      **   '-'   '-' '-' '-' |   / N /\ N N /\ N | |\  /| |
 / // // /                              | + \ N \/ N N \/ N | | \/ | |
(_)(_)(_)                               |   / \    / \    / | |    | |
 (_)(_)         TIK                     '--'   '--'   '--'  '-'    '-'
   (_)
The Good:  Ainko, Akio, Alderik, Francis, Ghij, Harold, Kim,, Knutt, Kyrania,
Marieke,  Obthic, Oksar, Rhamd, Synnove, Tum, Wanda, Xyziristine, Zhyza
The Evil: Ashmash, Billiam, Brutex, Defcon, Hatchie, Inkathurg, Lentracus,
Maglubhiyet, Myrcea, Oki, Oliksia, Qwestus, Timo, Tym, Wrorg, Zhough

mume.kyrania.com mume@kyrania.com around since 2000
It seems my life moved on. Good",Kyrania,comma_name_list,,"The Good:  Ainko, Akio, Alderik, Francis, Ghij, Harold, Kim,, Knutt, Kyrania,",low,no
whois_rik_1781605584,char_rik,Rik,Maia,"…
'-'   '-' '-' '-' |   / N /\ N N /\ N | |\  /| |
 / // // /                              | + \ N \/ N N \/ N | | \/ | |
(_)(_)(_)                               |   / \    / \    / | |    | |
 (_)(_)         TIK                     '--'   '--'   '--'  '-'    '-'
   (_)
The Good:  Ainko, Akio, Alderik, Francis, Ghij, Harold, Kim,, Knutt, Kyrania,
Marieke,  Obthic, Oksar, Rhamd, Synnove, Tum, Wanda, Xyziristine, Zhyza
The Evil: Ashmash, Billiam, Brutex, Defcon, Hatchie, Inkathurg, Lentracus,
Maglubhiyet, Myrcea, Oki, Oliksia, Qwestus, Timo, Tym, Wrorg, Zhough

mume.kyrania.com mume@kyrania.com around since 2000
It seems my life moved on. Good",Marieke,comma_name_list,,"Marieke,  Obthic, Oksar, Rhamd, Synnove, Tum, Wanda, Xyziristine, Zhyza",low,no
whois_rik_1781605584,char_rik,Rik,Maia,"…
'-'   '-' '-' '-' |   / N /\ N N /\ N | |\  /| |
 / // // /                              | + \ N \/ N N \/ N | | \/ | |
(_)(_)(_)                               |   / \    / \    / | |    | |
 (_)(_)         TIK                     '--'   '--'   '--'  '-'    '-'
   (_)
The Good:  Ainko, Akio, Alderik, Francis, Ghij, Harold, Kim,, Knutt, Kyrania,
Marieke,  Obthic, Oksar, Rhamd, Synnove, Tum, Wanda, Xyziristine, Zhyza
The Evil: Ashmash, Billiam, Brutex, Defcon, Hatchie, Inkathurg, Lentracus,
Maglubhiyet, Myrcea, Oki, Oliksia, Qwestus, Timo, Tym, Wrorg, Zhough

mume.kyrania.com mume@kyrania.com around since 2000
It seems my life moved on. Good",Obthic,comma_name_list,,"Marieke,  Obthic, Oksar, Rhamd, Synnove, Tum, Wanda, Xyziristine, Zhyza",low,no
whois_rik_1781605584,char_rik,Rik,Maia,"…
'-'   '-' '-' '-' |   / N /\ N N /\ N | |\  /| |
 / // // /                              | + \ N \/ N N \/ N | | \/ | |
(_)(_)(_)                               |   / \    / \    / | |    | |
 (_)(_)         TIK                     '--'   '--'   '--'  '-'    '-'
   (_)
The Good:  Ainko, Akio, Alderik, Francis, Ghij, Harold, Kim,, Knutt, Kyrania,
Marieke,  Obthic, Oksar, Rhamd, Synnove, Tum, Wanda, Xyziristine, Zhyza
The Evil: Ashmash, Billiam, Brutex, Defcon, Hatchie, Inkathurg, Lentracus,
Maglubhiyet, Myrcea, Oki, Oliksia, Qwestus, Timo, Tym, Wrorg, Zhough

mume.kyrania.com mume@kyrania.com around since 2000
It seems my life moved on. Good",Oksar,comma_name_list,,"Marieke,  Obthic, Oksar, Rhamd, Synnove, Tum, Wanda, Xyziristine, Zhyza",low,no
whois_rik_1781605584,char_rik,Rik,Maia,"…
'-'   '-' '-' '-' |   / N /\ N N /\ N | |\  /| |
 / // // /                              | + \ N \/ N N \/ N | | \/ | |
(_)(_)(_)                               |   / \    / \    / | |    | |
 (_)(_)         TIK                     '--'   '--'   '--'  '-'    '-'
   (_)
The Good:  Ainko, Akio, Alderik, Francis, Ghij, Harold, Kim,, Knutt, Kyrania,
Marieke,  Obthic, Oksar, Rhamd, Synnove, Tum, Wanda, Xyziristine, Zhyza
The Evil: Ashmash, Billiam, Brutex, Defcon, Hatchie, Inkathurg, Lentracus,
Maglubhiyet, Myrcea, Oki, Oliksia, Qwestus, Timo, Tym, Wrorg, Zhough

mume.kyrania.com mume@kyrania.com around since 2000
It seems my life moved on. Good",Rhamd,comma_name_list,,"Marieke,  Obthic, Oksar, Rhamd, Synnove, Tum, Wanda, Xyziristine, Zhyza",low,no
whois_rik_1781605584,char_rik,Rik,Maia,"…
'-'   '-' '-' '-' |   / N /\ N N /\ N | |\  /| |
 / // // /                              | + \ N \/ N N \/ N | | \/ | |
(_)(_)(_)                               |   / \    / \    / | |    | |
 (_)(_)         TIK                     '--'   '--'   '--'  '-'    '-'
   (_)
The Good:  Ainko, Akio, Alderik, Francis, Ghij, Harold, Kim,, Knutt, Kyrania,
Marieke,  Obthic, Oksar, Rhamd, Synnove, Tum, Wanda, Xyziristine, Zhyza
The Evil: Ashmash, Billiam, Brutex, Defcon, Hatchie, Inkathurg, Lentracus,
Maglubhiyet, Myrcea, Oki, Oliksia, Qwestus, Timo, Tym, Wrorg, Zhough

mume.kyrania.com mume@kyrania.com around since 2000
It seems my life moved on. Good",Synnove,comma_name_list,,"Marieke,  Obthic, Oksar, Rhamd, Synnove, Tum, Wanda, Xyziristine, Zhyza",low,no
whois_rik_1781605584,char_rik,Rik,Maia,"…
'-'   '-' '-' '-' |   / N /\ N N /\ N | |\  /| |
 / // // /                              | + \ N \/ N N \/ N | | \/ | |
(_)(_)(_)                               |   / \    / \    / | |    | |
 (_)(_)         TIK                     '--'   '--'   '--'  '-'    '-'
   (_)
The Good:  Ainko, Akio, Alderik, Francis, Ghij, Harold, Kim,, Knutt, Kyrania,
Marieke,  Obthic, Oksar, Rhamd, Synnove, Tum, Wanda, Xyziristine, Zhyza
The Evil: Ashmash, Billiam, Brutex, Defcon, Hatchie, Inkathurg, Lentracus,
Maglubhiyet, Myrcea, Oki, Oliksia, Qwestus, Timo, Tym, Wrorg, Zhough

mume.kyrania.com mume@kyrania.com around since 2000
It seems my life moved on. Good",Tum,comma_name_list,,"Marieke,  Obthic, Oksar, Rhamd, Synnove, Tum, Wanda, Xyziristine, Zhyza",low,no
whois_rik_1781605584,char_rik,Rik,Maia,"…
'-'   '-' '-' '-' |   / N /\ N N /\ N | |\  /| |
 / // // /                              | + \ N \/ N N \/ N | | \/ | |
(_)(_)(_)                               |   / \    / \    / | |    | |
 (_)(_)         TIK                     '--'   '--'   '--'  '-'    '-'
   (_)
The Good:  Ainko, Akio, Alderik, Francis, Ghij, Harold, Kim,, Knutt, Kyrania,
Marieke,  Obthic, Oksar, Rhamd, Synnove, Tum, Wanda, Xyziristine, Zhyza
The Evil: Ashmash, Billiam, Brutex, Defcon, Hatchie, Inkathurg, Lentracus,
Maglubhiyet, Myrcea, Oki, Oliksia, Qwestus, Timo, Tym, Wrorg, Zhough

mume.kyrania.com mume@kyrania.com around since 2000
It seems my life moved on. Good",Wanda,comma_name_list,,"Marieke,  Obthic, Oksar, Rhamd, Synnove, Tum, Wanda, Xyziristine, Zhyza",low,no
whois_rik_1781605584,char_rik,Rik,Maia,"…
'-'   '-' '-' '-' |   / N /\ N N /\ N | |\  /| |
 / // // /                              | + \ N \/ N N \/ N | | \/ | |
(_)(_)(_)                               |   / \    / \    / | |    | |
 (_)(_)         TIK                     '--'   '--'   '--'  '-'    '-'
   (_)
The Good:  Ainko, Akio, Alderik, Francis, Ghij, Harold, Kim,, Knutt, Kyrania,
Marieke,  Obthic, Oksar, Rhamd, Synnove, Tum, Wanda, Xyziristine, Zhyza
The Evil: Ashmash, Billiam, Brutex, Defcon, Hatchie, Inkathurg, Lentracus,
Maglubhiyet, Myrcea, Oki, Oliksia, Qwestus, Timo, Tym, Wrorg, Zhough

mume.kyrania.com mume@kyrania.com around since 2000
It seems my life moved on. Good",Xyziristine,comma_name_list,,"Marieke,  Obthic, Oksar, Rhamd, Synnove, Tum, Wanda, Xyziristine, Zhyza",low,no
whois_rik_1781605584,char_rik,Rik,Maia,"…
'-'   '-' '-' '-' |   / N /\ N N /\ N | |\  /| |
 / // // /                              | + \ N \/ N N \/ N | | \/ | |
(_)(_)(_)                               |   / \    / \    / | |    | |
 (_)(_)         TIK                     '--'   '--'   '--'  '-'    '-'
   (_)
The Good:  Ainko, Akio, Alderik, Francis, Ghij, Harold, Kim,, Knutt, Kyrania,
Marieke,  Obthic, Oksar, Rhamd, Synnove, Tum, Wanda, Xyziristine, Zhyza
The Evil: Ashmash, Billiam, Brutex, Defcon, Hatchie, Inkathurg, Lentracus,
Maglubhiyet, Myrcea, Oki, Oliksia, Qwestus, Timo, Tym, Wrorg, Zhough

mume.kyrania.com mume@kyrania.com around since 2000
It seems my life moved on. Good",Zhyza,comma_name_list,,"Marieke,  Obthic, Oksar, Rhamd, Synnove, Tum, Wanda, Xyziristine, Zhyza",low,no
whois_rik_1781605584,char_rik,Rik,Maia,"…
| + \ N \/ N N \/ N | | \/ | |
(_)(_)(_)                               |   / \    / \    / | |    | |
 (_)(_)         TIK                     '--'   '--'   '--'  '-'    '-'
   (_)
The Good:  Ainko, Akio, Alderik, Francis, Ghij, Harold, Kim,, Knutt, Kyrania,
Marieke,  Obthic, Oksar, Rhamd, Synnove, Tum, Wanda, Xyziristine, Zhyza
The Evil: Ashmash, Billiam, Brutex, Defcon, Hatchie, Inkathurg, Lentracus,
Maglubhiyet, Myrcea, Oki, Oliksia, Qwestus, Timo, Tym, Wrorg, Zhough

mume.kyrania.com mume@kyrania.com around since 2000
It seems my life moved on. Good",Billiam,comma_name_list,,"The Evil: Ashmash, Billiam, Brutex, Defcon, Hatchie, Inkathurg, Lentracus,",low,no
whois_rik_1781605584,char_rik,Rik,Maia,"…
| + \ N \/ N N \/ N | | \/ | |
(_)(_)(_)                               |   / \    / \    / | |    | |
 (_)(_)         TIK                     '--'   '--'   '--'  '-'    '-'
   (_)
The Good:  Ainko, Akio, Alderik, Francis, Ghij, Harold, Kim,, Knutt, Kyrania,
Marieke,  Obthic, Oksar, Rhamd, Synnove, Tum, Wanda, Xyziristine, Zhyza
The Evil: Ashmash, Billiam, Brutex, Defcon, Hatchie, Inkathurg, Lentracus,
Maglubhiyet, Myrcea, Oki, Oliksia, Qwestus, Timo, Tym, Wrorg, Zhough

mume.kyrania.com mume@kyrania.com around since 2000
It seems my life moved on. Good",Brutex,comma_name_list,,"The Evil: Ashmash, Billiam, Brutex, Defcon, Hatchie, Inkathurg, Lentracus,",low,no
whois_rik_1781605584,char_rik,Rik,Maia,"…
| + \ N \/ N N \/ N | | \/ | |
(_)(_)(_)                               |   / \    / \    / | |    | |
 (_)(_)         TIK                     '--'   '--'   '--'  '-'    '-'
   (_)
The Good:  Ainko, Akio, Alderik, Francis, Ghij, Harold, Kim,, Knutt, Kyrania,
Marieke,  Obthic, Oksar, Rhamd, Synnove, Tum, Wanda, Xyziristine, Zhyza
The Evil: Ashmash, Billiam, Brutex, Defcon, Hatchie, Inkathurg, Lentracus,
Maglubhiyet, Myrcea, Oki, Oliksia, Qwestus, Timo, Tym, Wrorg, Zhough

mume.kyrania.com mume@kyrania.com around since 2000
It seems my life moved on. Good",Defcon,comma_name_list,,"The Evil: Ashmash, Billiam, Brutex, Defcon, Hatchie, Inkathurg, Lentracus,",low,no
whois_rik_1781605584,char_rik,Rik,Maia,"…
| + \ N \/ N N \/ N | | \/ | |
(_)(_)(_)                               |   / \    / \    / | |    | |
 (_)(_)         TIK                     '--'   '--'   '--'  '-'    '-'
   (_)
The Good:  Ainko, Akio, Alderik, Francis, Ghij, Harold, Kim,, Knutt, Kyrania,
Marieke,  Obthic, Oksar, Rhamd, Synnove, Tum, Wanda, Xyziristine, Zhyza
The Evil: Ashmash, Billiam, Brutex, Defcon, Hatchie, Inkathurg, Lentracus,
Maglubhiyet, Myrcea, Oki, Oliksia, Qwestus, Timo, Tym, Wrorg, Zhough

mume.kyrania.com mume@kyrania.com around since 2000
It seems my life moved on. Good",Hatchie,comma_name_list,,"The Evil: Ashmash, Billiam, Brutex, Defcon, Hatchie, Inkathurg, Lentracus,",low,no
whois_rik_1781605584,char_rik,Rik,Maia,"…
| + \ N \/ N N \/ N | | \/ | |
(_)(_)(_)                               |   / \    / \    / | |    | |
 (_)(_)         TIK                     '--'   '--'   '--'  '-'    '-'
   (_)
The Good:  Ainko, Akio, Alderik, Francis, Ghij, Harold, Kim,, Knutt, Kyrania,
Marieke,  Obthic, Oksar, Rhamd, Synnove, Tum, Wanda, Xyziristine, Zhyza
The Evil: Ashmash, Billiam, Brutex, Defcon, Hatchie, Inkathurg, Lentracus,
Maglubhiyet, Myrcea, Oki, Oliksia, Qwestus, Timo, Tym, Wrorg, Zhough

mume.kyrania.com mume@kyrania.com around since 2000
It seems my life moved on. Good",Inkathurg,comma_name_list,,"The Evil: Ashmash, Billiam, Brutex, Defcon, Hatchie, Inkathurg, Lentracus,",low,no
whois_rik_1781605584,char_rik,Rik,Maia,"…
| + \ N \/ N N \/ N | | \/ | |
(_)(_)(_)                               |   / \    / \    / | |    | |
 (_)(_)         TIK                     '--'   '--'   '--'  '-'    '-'
   (_)
The Good:  Ainko, Akio, Alderik, Francis, Ghij, Harold, Kim,, Knutt, Kyrania,
Marieke,  Obthic, Oksar, Rhamd, Synnove, Tum, Wanda, Xyziristine, Zhyza
The Evil: Ashmash, Billiam, Brutex, Defcon, Hatchie, Inkathurg, Lentracus,
Maglubhiyet, Myrcea, Oki, Oliksia, Qwestus, Timo, Tym, Wrorg, Zhough

mume.kyrania.com mume@kyrania.com around since 2000
It seems my life moved on. Good",Lentracus,comma_name_list,,"The Evil: Ashmash, Billiam, Brutex, Defcon, Hatchie, Inkathurg, Lentracus,",low,no
whois_rik_1781605584,char_rik,Rik,Maia,"…
|   / \    / \    / | |    | |
 (_)(_)         TIK                     '--'   '--'   '--'  '-'    '-'
   (_)
The Good:  Ainko, Akio, Alderik, Francis, Ghij, Harold, Kim,, Knutt, Kyrania,
Marieke,  Obthic, Oksar, Rhamd, Synnove, Tum, Wanda, Xyziristine, Zhyza
The Evil: Ashmash, Billiam, Brutex, Defcon, Hatchie, Inkathurg, Lentracus,
Maglubhiyet, Myrcea, Oki, Oliksia, Qwestus, Timo, Tym, Wrorg, Zhough

mume.kyrania.com mume@kyrania.com around since 2000
It seems my life moved on. Good",Maglubhiyet,comma_name_list,,"Maglubhiyet, Myrcea, Oki, Oliksia, Qwestus, Timo, Tym, Wrorg, Zhough",low,no
whois_rik_1781605584,char_rik,Rik,Maia,"…
|   / \    / \    / | |    | |
 (_)(_)         TIK                     '--'   '--'   '--'  '-'    '-'
   (_)
The Good:  Ainko, Akio, Alderik, Francis, Ghij, Harold, Kim,, Knutt, Kyrania,
Marieke,  Obthic, Oksar, Rhamd, Synnove, Tum, Wanda, Xyziristine, Zhyza
The Evil: Ashmash, Billiam, Brutex, Defcon, Hatchie, Inkathurg, Lentracus,
Maglubhiyet, Myrcea, Oki, Oliksia, Qwestus, Timo, Tym, Wrorg, Zhough

mume.kyrania.com mume@kyrania.com around since 2000
It seems my life moved on. Good",Myrcea,comma_name_list,,"Maglubhiyet, Myrcea, Oki, Oliksia, Qwestus, Timo, Tym, Wrorg, Zhough",low,no
whois_rik_1781605584,char_rik,Rik,Maia,"…
|   / \    / \    / | |    | |
 (_)(_)         TIK                     '--'   '--'   '--'  '-'    '-'
   (_)
The Good:  Ainko, Akio, Alderik, Francis, Ghij, Harold, Kim,, Knutt, Kyrania,
Marieke,  Obthic, Oksar, Rhamd, Synnove, Tum, Wanda, Xyziristine, Zhyza
The Evil: Ashmash, Billiam, Brutex, Defcon, Hatchie, Inkathurg, Lentracus,
Maglubhiyet, Myrcea, Oki, Oliksia, Qwestus, Timo, Tym, Wrorg, Zhough

mume.kyrania.com mume@kyrania.com around since 2000
It seems my life moved on. Good",Oki,comma_name_list,,"Maglubhiyet, Myrcea, Oki, Oliksia, Qwestus, Timo, Tym, Wrorg, Zhough",low,no
whois_rik_1781605584,char_rik,Rik,Maia,"…
|   / \    / \    / | |    | |
 (_)(_)         TIK                     '--'   '--'   '--'  '-'    '-'
   (_)
The Good:  Ainko, Akio, Alderik, Francis, Ghij, Harold, Kim,, Knutt, Kyrania,
Marieke,  Obthic, Oksar, Rhamd, Synnove, Tum, Wanda, Xyziristine, Zhyza
The Evil: Ashmash, Billiam, Brutex, Defcon, Hatchie, Inkathurg, Lentracus,
Maglubhiyet, Myrcea, Oki, Oliksia, Qwestus, Timo, Tym, Wrorg, Zhough

mume.kyrania.com mume@kyrania.com around since 2000
It seems my life moved on. Good",Oliksia,comma_name_list,,"Maglubhiyet, Myrcea, Oki, Oliksia, Qwestus, Timo, Tym, Wrorg, Zhough",low,no
whois_rik_1781605584,char_rik,Rik,Maia,"…
|   / \    / \    / | |    | |
 (_)(_)         TIK                     '--'   '--'   '--'  '-'    '-'
   (_)
The Good:  Ainko, Akio, Alderik, Francis, Ghij, Harold, Kim,, Knutt, Kyrania,
Marieke,  Obthic, Oksar, Rhamd, Synnove, Tum, Wanda, Xyziristine, Zhyza
The Evil: Ashmash, Billiam, Brutex, Defcon, Hatchie, Inkathurg, Lentracus,
Maglubhiyet, Myrcea, Oki, Oliksia, Qwestus, Timo, Tym, Wrorg, Zhough

mume.kyrania.com mume@kyrania.com around since 2000
It seems my life moved on. Good",Qwestus,comma_name_list,,"Maglubhiyet, Myrcea, Oki, Oliksia, Qwestus, Timo, Tym, Wrorg, Zhough",high,yes
whois_rik_1781605584,char_rik,Rik,Maia,"…
|   / \    / \    / | |    | |
 (_)(_)         TIK                     '--'   '--'   '--'  '-'    '-'
   (_)
The Good:  Ainko, Akio, Alderik, Francis, Ghij, Harold, Kim,, Knutt, Kyrania,
Marieke,  Obthic, Oksar, Rhamd, Synnove, Tum, Wanda, Xyziristine, Zhyza
The Evil: Ashmash, Billiam, Brutex, Defcon, Hatchie, Inkathurg, Lentracus,
Maglubhiyet, Myrcea, Oki, Oliksia, Qwestus, Timo, Tym, Wrorg, Zhough

mume.kyrania.com mume@kyrania.com around since 2000
It seems my life moved on. Good",Timo,comma_name_list,,"Maglubhiyet, Myrcea, Oki, Oliksia, Qwestus, Timo, Tym, Wrorg, Zhough",low,no
whois_rik_1781605584,char_rik,Rik,Maia,"…
|   / \    / \    / | |    | |
 (_)(_)         TIK                     '--'   '--'   '--'  '-'    '-'
   (_)
The Good:  Ainko, Akio, Alderik, Francis, Ghij, Harold, Kim,, Knutt, Kyrania,
Marieke,  Obthic, Oksar, Rhamd, Synnove, Tum, Wanda, Xyziristine, Zhyza
The Evil: Ashmash, Billiam, Brutex, Defcon, Hatchie, Inkathurg, Lentracus,
Maglubhiyet, Myrcea, Oki, Oliksia, Qwestus, Timo, Tym, Wrorg, Zhough

mume.kyrania.com mume@kyrania.com around since 2000
It seems my life moved on. Good",Tym,comma_name_list,,"Maglubhiyet, Myrcea, Oki, Oliksia, Qwestus, Timo, Tym, Wrorg, Zhough",low,no
whois_rik_1781605584,char_rik,Rik,Maia,"…
|   / \    / \    / | |    | |
 (_)(_)         TIK                     '--'   '--'   '--'  '-'    '-'
   (_)
The Good:  Ainko, Akio, Alderik, Francis, Ghij, Harold, Kim,, Knutt, Kyrania,
Marieke,  Obthic, Oksar, Rhamd, Synnove, Tum, Wanda, Xyziristine, Zhyza
The Evil: Ashmash, Billiam, Brutex, Defcon, Hatchie, Inkathurg, Lentracus,
Maglubhiyet, Myrcea, Oki, Oliksia, Qwestus, Timo, Tym, Wrorg, Zhough

mume.kyrania.com mume@kyrania.com around since 2000
It seems my life moved on. Good",Wrorg,comma_name_list,,"Maglubhiyet, Myrcea, Oki, Oliksia, Qwestus, Timo, Tym, Wrorg, Zhough",low,no
whois_rik_1781605584,char_rik,Rik,Maia,"…
|   / \    / \    / | |    | |
 (_)(_)         TIK                     '--'   '--'   '--'  '-'    '-'
   (_)
The Good:  Ainko, Akio, Alderik, Francis, Ghij, Harold, Kim,, Knutt, Kyrania,
Marieke,  Obthic, Oksar, Rhamd, Synnove, Tum, Wanda, Xyziristine, Zhyza
The Evil: Ashmash, Billiam, Brutex, Defcon, Hatchie, Inkathurg, Lentracus,
Maglubhiyet, Myrcea, Oki, Oliksia, Qwestus, Timo, Tym, Wrorg, Zhough

mume.kyrania.com mume@kyrania.com around since 2000
It seems my life moved on. Good",Zhough,comma_name_list,,"Maglubhiyet, Myrcea, Oki, Oliksia, Qwestus, Timo, Tym, Wrorg, Zhough",low,no
whois_robit_1781605614,,Robit,Maia,"Robit Robit Robit is a Maia.
Last login 22 years, 2 months, and 9 days ago from *.au.

Newbie Days:    Dape, Wape, Vape, Mape, Zape.
Enlightenment:  Dhiras, Beodyn, Boras, Reovine.
Discovery:      Chava, Symonds, Havana, Tjumani.
Age of Man:     Eostyr, Neomyr.",Wape,comma_name_list,,"Newbie Days:    Dape, Wape, Vape, Mape, Zape.",low,no
whois_robit_1781605614,,Robit,Maia,"Robit Robit Robit is a Maia.
Last login 22 years, 2 months, and 9 days ago from *.au.

Newbie Days:    Dape, Wape, Vape, Mape, Zape.
Enlightenment:  Dhiras, Beodyn, Boras, Reovine.
Discovery:      Chava, Symonds, Havana, Tjumani.
Age of Man:     Eostyr, Neomyr.",Vape,comma_name_list,,"Newbie Days:    Dape, Wape, Vape, Mape, Zape.",low,no
whois_robit_1781605614,,Robit,Maia,"Robit Robit Robit is a Maia.
Last login 22 years, 2 months, and 9 days ago from *.au.

Newbie Days:    Dape, Wape, Vape, Mape, Zape.
Enlightenment:  Dhiras, Beodyn, Boras, Reovine.
Discovery:      Chava, Symonds, Havana, Tjumani.
Age of Man:     Eostyr, Neomyr.",Mape,comma_name_list,,"Newbie Days:    Dape, Wape, Vape, Mape, Zape.",low,no
whois_robit_1781605614,,Robit,Maia,"Robit Robit Robit is a Maia.
Last login 22 years, 2 months, and 9 days ago from *.au.

Newbie Days:    Dape, Wape, Vape, Mape, Zape.
Enlightenment:  Dhiras, Beodyn, Boras, Reovine.
Discovery:      Chava, Symonds, Havana, Tjumani.
Age of Man:     Eostyr, Neomyr.",Zape,comma_name_list,,"Newbie Days:    Dape, Wape, Vape, Mape, Zape.",low,no
whois_robit_1781605614,,Robit,Maia,"Robit Robit Robit is a Maia.
Last login 22 years, 2 months, and 9 days ago from *.au.

Newbie Days:    Dape, Wape, Vape, Mape, Zape.
Enlightenment:  Dhiras, Beodyn, Boras, Reovine.
Discovery:      Chava, Symonds, Havana, Tjumani.
Age of Man:     Eostyr, Neomyr.",Beodyn,comma_name_list,,"Enlightenment:  Dhiras, Beodyn, Boras, Reovine.",low,no
whois_robit_1781605614,,Robit,Maia,"Robit Robit Robit is a Maia.
Last login 22 years, 2 months, and 9 days ago from *.au.

Newbie Days:    Dape, Wape, Vape, Mape, Zape.
Enlightenment:  Dhiras, Beodyn, Boras, Reovine.
Discovery:      Chava, Symonds, Havana, Tjumani.
Age of Man:     Eostyr, Neomyr.",Boras,comma_name_list,,"Enlightenment:  Dhiras, Beodyn, Boras, Reovine.",low,no
whois_robit_1781605614,,Robit,Maia,"Robit Robit Robit is a Maia.
Last login 22 years, 2 months, and 9 days ago from *.au.

Newbie Days:    Dape, Wape, Vape, Mape, Zape.
Enlightenment:  Dhiras, Beodyn, Boras, Reovine.
Discovery:      Chava, Symonds, Havana, Tjumani.
Age of Man:     Eostyr, Neomyr.",Reovine,comma_name_list,,"Enlightenment:  Dhiras, Beodyn, Boras, Reovine.",low,no
whois_robit_1781605614,,Robit,Maia,"Robit Robit Robit is a Maia.
Last login 22 years, 2 months, and 9 days ago from *.au.

Newbie Days:    Dape, Wape, Vape, Mape, Zape.
Enlightenment:  Dhiras, Beodyn, Boras, Reovine.
Discovery:      Chava, Symonds, Havana, Tjumani.
Age of Man:     Eostyr, Neomyr.",Symonds,comma_name_list,,"Discovery:      Chava, Symonds, Havana, Tjumani.",low,no
whois_robit_1781605614,,Robit,Maia,"Robit Robit Robit is a Maia.
Last login 22 years, 2 months, and 9 days ago from *.au.

Newbie Days:    Dape, Wape, Vape, Mape, Zape.
Enlightenment:  Dhiras, Beodyn, Boras, Reovine.
Discovery:      Chava, Symonds, Havana, Tjumani.
Age of Man:     Eostyr, Neomyr.",Havana,comma_name_list,,"Discovery:      Chava, Symonds, Havana, Tjumani.",low,no
whois_robit_1781605614,,Robit,Maia,"Robit Robit Robit is a Maia.
Last login 22 years, 2 months, and 9 days ago from *.au.

Newbie Days:    Dape, Wape, Vape, Mape, Zape.
Enlightenment:  Dhiras, Beodyn, Boras, Reovine.
Discovery:      Chava, Symonds, Havana, Tjumani.
Age of Man:     Eostyr, Neomyr.",Tjumani,comma_name_list,,"Discovery:      Chava, Symonds, Havana, Tjumani.",low,no
whois_ryalnos_1781605680,,Ryalnos,Maia,"…
----
-----------------------267/15/8-------------------------
--------------------------------------------------------

--Gaheris Tryalno Trygno Siralo Gumfur Balmar Sonlayr---
---------Anzorrag Azgranor Ilyich Korqu Snorlax---------
-----------------------Grishneak------------------------

--------------------------------------------------------

Veld tells you 'I swear you were like 70'",Veld,quoted_speaker,,Veld tells you 'I swear you were like 70',medium,no
whois_science_1781605790,,Science,Maia,"…
ire, a happy and wild hobbit.  Everyone knew he would
go places.  And he has - now he's a god!

I must go down to the seas again, to the lonely sea and the sky,
And all I ask is a tall ship and a star to steer her by,
And the wheel's kick and the wind's song and the white sail's shaking,
And a gray mist on the sea's face, and a gray dawn breaking.
p(Dernhalm, Gail, Opa, Katari, Dundan, Fantasy, Sharkey, Angst)",Gail,comma_name_list,,"p(Dernhalm, Gail, Opa, Katari, Dundan, Fantasy, Sharkey, Angst)",low,no
whois_science_1781605790,,Science,Maia,"…
ire, a happy and wild hobbit.  Everyone knew he would
go places.  And he has - now he's a god!

I must go down to the seas again, to the lonely sea and the sky,
And all I ask is a tall ship and a star to steer her by,
And the wheel's kick and the wind's song and the white sail's shaking,
And a gray mist on the sea's face, and a gray dawn breaking.
p(Dernhalm, Gail, Opa, Katari, Dundan, Fantasy, Sharkey, Angst)",Opa,comma_name_list,,"p(Dernhalm, Gail, Opa, Katari, Dundan, Fantasy, Sharkey, Angst)",low,no
whois_science_1781605790,,Science,Maia,"…
ire, a happy and wild hobbit.  Everyone knew he would
go places.  And he has - now he's a god!

I must go down to the seas again, to the lonely sea and the sky,
And all I ask is a tall ship and a star to steer her by,
And the wheel's kick and the wind's song and the white sail's shaking,
And a gray mist on the sea's face, and a gray dawn breaking.
p(Dernhalm, Gail, Opa, Katari, Dundan, Fantasy, Sharkey, Angst)",Katari,comma_name_list,,"p(Dernhalm, Gail, Opa, Katari, Dundan, Fantasy, Sharkey, Angst)",low,no
whois_science_1781605790,,Science,Maia,"…
ire, a happy and wild hobbit.  Everyone knew he would
go places.  And he has - now he's a god!

I must go down to the seas again, to the lonely sea and the sky,
And all I ask is a tall ship and a star to steer her by,
And the wheel's kick and the wind's song and the white sail's shaking,
And a gray mist on the sea's face, and a gray dawn breaking.
p(Dernhalm, Gail, Opa, Katari, Dundan, Fantasy, Sharkey, Angst)",Dundan,comma_name_list,,"p(Dernhalm, Gail, Opa, Katari, Dundan, Fantasy, Sharkey, Angst)",low,no
whois_science_1781605790,,Science,Maia,"…
ire, a happy and wild hobbit.  Everyone knew he would
go places.  And he has - now he's a god!

I must go down to the seas again, to the lonely sea and the sky,
And all I ask is a tall ship and a star to steer her by,
And the wheel's kick and the wind's song and the white sail's shaking,
And a gray mist on the sea's face, and a gray dawn breaking.
p(Dernhalm, Gail, Opa, Katari, Dundan, Fantasy, Sharkey, Angst)",Fantasy,comma_name_list,,"p(Dernhalm, Gail, Opa, Katari, Dundan, Fantasy, Sharkey, Angst)",low,no
whois_science_1781605790,,Science,Maia,"…
ire, a happy and wild hobbit.  Everyone knew he would
go places.  And he has - now he's a god!

I must go down to the seas again, to the lonely sea and the sky,
And all I ask is a tall ship and a star to steer her by,
And the wheel's kick and the wind's song and the white sail's shaking,
And a gray mist on the sea's face, and a gray dawn breaking.
p(Dernhalm, Gail, Opa, Katari, Dundan, Fantasy, Sharkey, Angst)",Sharkey,comma_name_list,,"p(Dernhalm, Gail, Opa, Katari, Dundan, Fantasy, Sharkey, Angst)",low,no
whois_science_1781605790,,Science,Maia,"…
ire, a happy and wild hobbit.  Everyone knew he would
go places.  And he has - now he's a god!

I must go down to the seas again, to the lonely sea and the sky,
And all I ask is a tall ship and a star to steer her by,
And the wheel's kick and the wind's song and the white sail's shaking,
And a gray mist on the sea's face, and a gray dawn breaking.
p(Dernhalm, Gail, Opa, Katari, Dundan, Fantasy, Sharkey, Angst)",Angst,comma_name_list,,"p(Dernhalm, Gail, Opa, Katari, Dundan, Fantasy, Sharkey, Angst)",low,no
whois_silvermagi_1781605910,,Silvermagi,Maia,"Silvermagi the White is a Maia [Retired].
Last login 21 years, 10 months, and 26 days ago from [numerical
    address].
look at my other souls:
Free Peoples: Calidor, Bralo, Rajnoha ...
Sauron minions: Zlobr, Hromotlk, Babrak, BlackSabbath",Hromotlk,comma_name_list,,"Sauron minions: Zlobr, Hromotlk, Babrak, BlackSabbath",low,no
whois_silvermagi_1781605910,,Silvermagi,Maia,"Silvermagi the White is a Maia [Retired].
Last login 21 years, 10 months, and 26 days ago from [numerical
    address].
look at my other souls:
Free Peoples: Calidor, Bralo, Rajnoha ...
Sauron minions: Zlobr, Hromotlk, Babrak, BlackSabbath",Babrak,comma_name_list,,"Sauron minions: Zlobr, Hromotlk, Babrak, BlackSabbath",low,no
whois_silvermagi_1781605910,,Silvermagi,Maia,"Silvermagi the White is a Maia [Retired].
Last login 21 years, 10 months, and 26 days ago from [numerical
    address].
look at my other souls:
Free Peoples: Calidor, Bralo, Rajnoha ...
Sauron minions: Zlobr, Hromotlk, Babrak, BlackSabbath",BlackSabbath,comma_name_list,,"Sauron minions: Zlobr, Hromotlk, Babrak, BlackSabbath",low,no
whois_sneaky_1781605995,,Sneaky,creaky and old now is a Maia,"Sneaky is creaky and old now is a Maia.
Last login 3 years, 5 months, and 13 days ago from *.net.
email:wafu
Darkies: Grimy, Gorthol, Ajaxharg, Azaxharg, Bnwar, Heala,
Gorthzol, Brogoroth, Felcher
Whities: Drogoroth, Khazum, Mezanime, Elarith, Bogo",Grimy,heading_name_list,Darkies,"Darkies: Grimy, Gorthol, Ajaxharg, Azaxharg, Bnwar, Heala,",medium,no
whois_sneaky_1781605995,,Sneaky,creaky and old now is a Maia,"Sneaky is creaky and old now is a Maia.
Last login 3 years, 5 months, and 13 days ago from *.net.
email:wafu
Darkies: Grimy, Gorthol, Ajaxharg, Azaxharg, Bnwar, Heala,
Gorthzol, Brogoroth, Felcher
Whities: Drogoroth, Khazum, Mezanime, Elarith, Bogo",Gorthol,heading_name_list,Darkies,"Darkies: Grimy, Gorthol, Ajaxharg, Azaxharg, Bnwar, Heala,",medium,no
whois_sneaky_1781605995,,Sneaky,creaky and old now is a Maia,"Sneaky is creaky and old now is a Maia.
Last login 3 years, 5 months, and 13 days ago from *.net.
email:wafu
Darkies: Grimy, Gorthol, Ajaxharg, Azaxharg, Bnwar, Heala,
Gorthzol, Brogoroth, Felcher
Whities: Drogoroth, Khazum, Mezanime, Elarith, Bogo",Ajaxharg,heading_name_list,Darkies,"Darkies: Grimy, Gorthol, Ajaxharg, Azaxharg, Bnwar, Heala,",medium,no
whois_sneaky_1781605995,,Sneaky,creaky and old now is a Maia,"Sneaky is creaky and old now is a Maia.
Last login 3 years, 5 months, and 13 days ago from *.net.
email:wafu
Darkies: Grimy, Gorthol, Ajaxharg, Azaxharg, Bnwar, Heala,
Gorthzol, Brogoroth, Felcher
Whities: Drogoroth, Khazum, Mezanime, Elarith, Bogo",Azaxharg,heading_name_list,Darkies,"Darkies: Grimy, Gorthol, Ajaxharg, Azaxharg, Bnwar, Heala,",medium,no
whois_sneaky_1781605995,,Sneaky,creaky and old now is a Maia,"Sneaky is creaky and old now is a Maia.
Last login 3 years, 5 months, and 13 days ago from *.net.
email:wafu
Darkies: Grimy, Gorthol, Ajaxharg, Azaxharg, Bnwar, Heala,
Gorthzol, Brogoroth, Felcher
Whities: Drogoroth, Khazum, Mezanime, Elarith, Bogo",Bnwar,heading_name_list,Darkies,"Darkies: Grimy, Gorthol, Ajaxharg, Azaxharg, Bnwar, Heala,",medium,no
whois_sneaky_1781605995,,Sneaky,creaky and old now is a Maia,"Sneaky is creaky and old now is a Maia.
Last login 3 years, 5 months, and 13 days ago from *.net.
email:wafu
Darkies: Grimy, Gorthol, Ajaxharg, Azaxharg, Bnwar, Heala,
Gorthzol, Brogoroth, Felcher
Whities: Drogoroth, Khazum, Mezanime, Elarith, Bogo",Heala,heading_name_list,Darkies,"Darkies: Grimy, Gorthol, Ajaxharg, Azaxharg, Bnwar, Heala,",medium,no
whois_sneaky_1781605995,,Sneaky,creaky and old now is a Maia,"Sneaky is creaky and old now is a Maia.
Last login 3 years, 5 months, and 13 days ago from *.net.
email:wafu
Darkies: Grimy, Gorthol, Ajaxharg, Azaxharg, Bnwar, Heala,
Gorthzol, Brogoroth, Felcher
Whities: Drogoroth, Khazum, Mezanime, Elarith, Bogo",Gorthol,comma_name_list,,"Darkies: Grimy, Gorthol, Ajaxharg, Azaxharg, Bnwar, Heala,",low,no
whois_sneaky_1781605995,,Sneaky,creaky and old now is a Maia,"Sneaky is creaky and old now is a Maia.
Last login 3 years, 5 months, and 13 days ago from *.net.
email:wafu
Darkies: Grimy, Gorthol, Ajaxharg, Azaxharg, Bnwar, Heala,
Gorthzol, Brogoroth, Felcher
Whities: Drogoroth, Khazum, Mezanime, Elarith, Bogo",Ajaxharg,comma_name_list,,"Darkies: Grimy, Gorthol, Ajaxharg, Azaxharg, Bnwar, Heala,",low,no
whois_sneaky_1781605995,,Sneaky,creaky and old now is a Maia,"Sneaky is creaky and old now is a Maia.
Last login 3 years, 5 months, and 13 days ago from *.net.
email:wafu
Darkies: Grimy, Gorthol, Ajaxharg, Azaxharg, Bnwar, Heala,
Gorthzol, Brogoroth, Felcher
Whities: Drogoroth, Khazum, Mezanime, Elarith, Bogo",Azaxharg,comma_name_list,,"Darkies: Grimy, Gorthol, Ajaxharg, Azaxharg, Bnwar, Heala,",low,no
whois_sneaky_1781605995,,Sneaky,creaky and old now is a Maia,"Sneaky is creaky and old now is a Maia.
Last login 3 years, 5 months, and 13 days ago from *.net.
email:wafu
Darkies: Grimy, Gorthol, Ajaxharg, Azaxharg, Bnwar, Heala,
Gorthzol, Brogoroth, Felcher
Whities: Drogoroth, Khazum, Mezanime, Elarith, Bogo",Bnwar,comma_name_list,,"Darkies: Grimy, Gorthol, Ajaxharg, Azaxharg, Bnwar, Heala,",low,no
whois_sneaky_1781605995,,Sneaky,creaky and old now is a Maia,"Sneaky is creaky and old now is a Maia.
Last login 3 years, 5 months, and 13 days ago from *.net.
email:wafu
Darkies: Grimy, Gorthol, Ajaxharg, Azaxharg, Bnwar, Heala,
Gorthzol, Brogoroth, Felcher
Whities: Drogoroth, Khazum, Mezanime, Elarith, Bogo",Heala,comma_name_list,,"Darkies: Grimy, Gorthol, Ajaxharg, Azaxharg, Bnwar, Heala,",low,no
whois_sneaky_1781605995,,Sneaky,creaky and old now is a Maia,"Sneaky is creaky and old now is a Maia.
Last login 3 years, 5 months, and 13 days ago from *.net.
email:wafu
Darkies: Grimy, Gorthol, Ajaxharg, Azaxharg, Bnwar, Heala,
Gorthzol, Brogoroth, Felcher
Whities: Drogoroth, Khazum, Mezanime, Elarith, Bogo",Gorthzol,comma_name_list,,"Gorthzol, Brogoroth, Felcher",low,no
whois_sneaky_1781605995,,Sneaky,creaky and old now is a Maia,"Sneaky is creaky and old now is a Maia.
Last login 3 years, 5 months, and 13 days ago from *.net.
email:wafu
Darkies: Grimy, Gorthol, Ajaxharg, Azaxharg, Bnwar, Heala,
Gorthzol, Brogoroth, Felcher
Whities: Drogoroth, Khazum, Mezanime, Elarith, Bogo",Brogoroth,comma_name_list,,"Gorthzol, Brogoroth, Felcher",low,no
whois_sneaky_1781605995,,Sneaky,creaky and old now is a Maia,"Sneaky is creaky and old now is a Maia.
Last login 3 years, 5 months, and 13 days ago from *.net.
email:wafu
Darkies: Grimy, Gorthol, Ajaxharg, Azaxharg, Bnwar, Heala,
Gorthzol, Brogoroth, Felcher
Whities: Drogoroth, Khazum, Mezanime, Elarith, Bogo",Felcher,comma_name_list,,"Gorthzol, Brogoroth, Felcher",low,no
whois_sneaky_1781605995,,Sneaky,creaky and old now is a Maia,"Sneaky is creaky and old now is a Maia.
Last login 3 years, 5 months, and 13 days ago from *.net.
email:wafu
Darkies: Grimy, Gorthol, Ajaxharg, Azaxharg, Bnwar, Heala,
Gorthzol, Brogoroth, Felcher
Whities: Drogoroth, Khazum, Mezanime, Elarith, Bogo",Khazum,comma_name_list,,"Whities: Drogoroth, Khazum, Mezanime, Elarith, Bogo",low,no
whois_sneaky_1781605995,,Sneaky,creaky and old now is a Maia,"Sneaky is creaky and old now is a Maia.
Last login 3 years, 5 months, and 13 days ago from *.net.
email:wafu
Darkies: Grimy, Gorthol, Ajaxharg, Azaxharg, Bnwar, Heala,
Gorthzol, Brogoroth, Felcher
Whities: Drogoroth, Khazum, Mezanime, Elarith, Bogo",Mezanime,comma_name_list,,"Whities: Drogoroth, Khazum, Mezanime, Elarith, Bogo",low,no
whois_sneaky_1781605995,,Sneaky,creaky and old now is a Maia,"Sneaky is creaky and old now is a Maia.
Last login 3 years, 5 months, and 13 days ago from *.net.
email:wafu
Darkies: Grimy, Gorthol, Ajaxharg, Azaxharg, Bnwar, Heala,
Gorthzol, Brogoroth, Felcher
Whities: Drogoroth, Khazum, Mezanime, Elarith, Bogo",Elarith,comma_name_list,,"Whities: Drogoroth, Khazum, Mezanime, Elarith, Bogo",low,no
whois_sneaky_1781605995,,Sneaky,creaky and old now is a Maia,"Sneaky is creaky and old now is a Maia.
Last login 3 years, 5 months, and 13 days ago from *.net.
email:wafu
Darkies: Grimy, Gorthol, Ajaxharg, Azaxharg, Bnwar, Heala,
Gorthzol, Brogoroth, Felcher
Whities: Drogoroth, Khazum, Mezanime, Elarith, Bogo",Bogo,comma_name_list,,"Whities: Drogoroth, Khazum, Mezanime, Elarith, Bogo",low,no
whois_telcontar_1781606209,,Telcontar,Maia,"…
e, and Envinyatar, the Renewer"":    and he lifted
from his breast the green stone that lay there. ""But Strider shall be the name
of my house, if that be ever established. In the high tongue it will not sound
so ill, and Telcontar I will be and all the heirs of my body.""
==============================================================================
p[Khârnik, Polgara, Ancárion, Anthar]
p[Thumpie, Spite, Bulgar]
p[Thû]",Polgara,comma_name_list,,"p[Khârnik, Polgara, Ancárion, Anthar]",low,no
whois_telcontar_1781606209,,Telcontar,Maia,"…
e, and Envinyatar, the Renewer"":    and he lifted
from his breast the green stone that lay there. ""But Strider shall be the name
of my house, if that be ever established. In the high tongue it will not sound
so ill, and Telcontar I will be and all the heirs of my body.""
==============================================================================
p[Khârnik, Polgara, Ancárion, Anthar]
p[Thumpie, Spite, Bulgar]
p[Thû]",Ancárion,comma_name_list,,"p[Khârnik, Polgara, Ancárion, Anthar]",low,no
whois_telcontar_1781606209,,Telcontar,Maia,"…
e, and Envinyatar, the Renewer"":    and he lifted
from his breast the green stone that lay there. ""But Strider shall be the name
of my house, if that be ever established. In the high tongue it will not sound
so ill, and Telcontar I will be and all the heirs of my body.""
==============================================================================
p[Khârnik, Polgara, Ancárion, Anthar]
p[Thumpie, Spite, Bulgar]
p[Thû]",Anthar,comma_name_list,,"p[Khârnik, Polgara, Ancárion, Anthar]",low,no
whois_tempuntekijä_1781606226,,Tempuntekijä,Maia,"Tempuntekijä is a Maia (Cartographer).
Last login 4 years, 4 months, and 29 days ago.
Hi, you might remember me playing such characters as: Iänikuinen, Fin, Glunker,
Kuggom, Naukkis, Satanus, Musta, Störmfors, Picard, Pimeys and Zig.",Hi,comma_name_list,,"Hi, you might remember me playing such characters as: Iänikuinen, Fin, Glunker,",low,no
whois_tempuntekijä_1781606226,,Tempuntekijä,Maia,"Tempuntekijä is a Maia (Cartographer).
Last login 4 years, 4 months, and 29 days ago.
Hi, you might remember me playing such characters as: Iänikuinen, Fin, Glunker,
Kuggom, Naukkis, Satanus, Musta, Störmfors, Picard, Pimeys and Zig.",Fin,comma_name_list,,"Hi, you might remember me playing such characters as: Iänikuinen, Fin, Glunker,",low,no
whois_tempuntekijä_1781606226,,Tempuntekijä,Maia,"Tempuntekijä is a Maia (Cartographer).
Last login 4 years, 4 months, and 29 days ago.
Hi, you might remember me playing such characters as: Iänikuinen, Fin, Glunker,
Kuggom, Naukkis, Satanus, Musta, Störmfors, Picard, Pimeys and Zig.",Glunker,comma_name_list,,"Hi, you might remember me playing such characters as: Iänikuinen, Fin, Glunker,",low,no
whois_tempuntekijä_1781606226,,Tempuntekijä,Maia,"Tempuntekijä is a Maia (Cartographer).
Last login 4 years, 4 months, and 29 days ago.
Hi, you might remember me playing such characters as: Iänikuinen, Fin, Glunker,
Kuggom, Naukkis, Satanus, Musta, Störmfors, Picard, Pimeys and Zig.",Kuggom,comma_name_list,,"Kuggom, Naukkis, Satanus, Musta, Störmfors, Picard, Pimeys and Zig.",low,no
whois_tempuntekijä_1781606226,,Tempuntekijä,Maia,"Tempuntekijä is a Maia (Cartographer).
Last login 4 years, 4 months, and 29 days ago.
Hi, you might remember me playing such characters as: Iänikuinen, Fin, Glunker,
Kuggom, Naukkis, Satanus, Musta, Störmfors, Picard, Pimeys and Zig.",Naukkis,comma_name_list,,"Kuggom, Naukkis, Satanus, Musta, Störmfors, Picard, Pimeys and Zig.",low,no
whois_tempuntekijä_1781606226,,Tempuntekijä,Maia,"Tempuntekijä is a Maia (Cartographer).
Last login 4 years, 4 months, and 29 days ago.
Hi, you might remember me playing such characters as: Iänikuinen, Fin, Glunker,
Kuggom, Naukkis, Satanus, Musta, Störmfors, Picard, Pimeys and Zig.",Satanus,comma_name_list,,"Kuggom, Naukkis, Satanus, Musta, Störmfors, Picard, Pimeys and Zig.",low,no
whois_tempuntekijä_1781606226,,Tempuntekijä,Maia,"Tempuntekijä is a Maia (Cartographer).
Last login 4 years, 4 months, and 29 days ago.
Hi, you might remember me playing such characters as: Iänikuinen, Fin, Glunker,
Kuggom, Naukkis, Satanus, Musta, Störmfors, Picard, Pimeys and Zig.",Musta,comma_name_list,,"Kuggom, Naukkis, Satanus, Musta, Störmfors, Picard, Pimeys and Zig.",low,no
whois_tempuntekijä_1781606226,,Tempuntekijä,Maia,"Tempuntekijä is a Maia (Cartographer).
Last login 4 years, 4 months, and 29 days ago.
Hi, you might remember me playing such characters as: Iänikuinen, Fin, Glunker,
Kuggom, Naukkis, Satanus, Musta, Störmfors, Picard, Pimeys and Zig.",Störmfors,comma_name_list,,"Kuggom, Naukkis, Satanus, Musta, Störmfors, Picard, Pimeys and Zig.",low,no
whois_tempuntekijä_1781606226,,Tempuntekijä,Maia,"Tempuntekijä is a Maia (Cartographer).
Last login 4 years, 4 months, and 29 days ago.
Hi, you might remember me playing such characters as: Iänikuinen, Fin, Glunker,
Kuggom, Naukkis, Satanus, Musta, Störmfors, Picard, Pimeys and Zig.",Picard,comma_name_list,,"Kuggom, Naukkis, Satanus, Musta, Störmfors, Picard, Pimeys and Zig.",low,no
whois_toby_1781606380,,Toby,Maia,"Toby Hornblower, of the Southfarthing is a Maia (Cartographer).
Last login 1 month and 9 days ago from *.net.

It was supposed to be my wedding day today. 05/01/2020.

Archet tells you 'i've never met a player to force an intense dislike
more quickly than that guy.'

Rayne tells you 'you are the worst person i know'

I AM A GODDAMN HOMEOWNER
UPDATE: I HAVE A GODDAMN CHILD
UPDATE#2: I AM GETTING GODDAMN SPINAL SURGERY 03/15/2023

Gruksh the Butcher says 'It is totally forbidden for foreigners to wander
in Valinor with unsheathed weapons, Toby! Follow me!'",Archet,quoted_speaker,,Archet tells you 'i've never met a player to force an intense dislike,medium,no
whois_toby_1781606380,,Toby,Maia,"Toby Hornblower, of the Southfarthing is a Maia (Cartographer).
Last login 1 month and 9 days ago from *.net.

It was supposed to be my wedding day today. 05/01/2020.

Archet tells you 'i've never met a player to force an intense dislike
more quickly than that guy.'

Rayne tells you 'you are the worst person i know'

I AM A GODDAMN HOMEOWNER
UPDATE: I HAVE A GODDAMN CHILD
UPDATE#2: I AM GETTING GODDAMN SPINAL SURGERY 03/15/2023

Gruksh the Butcher says 'It is totally forbidden for foreigners to wander
in Valinor with unsheathed weapons, Toby! Follow me!'",Rayne,quoted_speaker,,Rayne tells you 'you are the worst person i know',medium,no
whois_tram_1781606391,char_tram,Tram,Maia,"Tram the Forsaken is a Maia (Cartographer) [Retired].
Last login 8 years, 7 months, and 20 days ago from *.eu.
Player of: Sharghl, Turviniel, Aros, Kingpool, Implithura, Zurolg, Tampax.

Char Tram created: 20th of Oct 1995.",Turviniel,comma_name_list,,"Player of: Sharghl, Turviniel, Aros, Kingpool, Implithura, Zurolg, Tampax.",high,yes
whois_tram_1781606391,char_tram,Tram,Maia,"Tram the Forsaken is a Maia (Cartographer) [Retired].
Last login 8 years, 7 months, and 20 days ago from *.eu.
Player of: Sharghl, Turviniel, Aros, Kingpool, Implithura, Zurolg, Tampax.

Char Tram created: 20th of Oct 1995.",Aros,comma_name_list,,"Player of: Sharghl, Turviniel, Aros, Kingpool, Implithura, Zurolg, Tampax.",high,yes
whois_tram_1781606391,char_tram,Tram,Maia,"Tram the Forsaken is a Maia (Cartographer) [Retired].
Last login 8 years, 7 months, and 20 days ago from *.eu.
Player of: Sharghl, Turviniel, Aros, Kingpool, Implithura, Zurolg, Tampax.

Char Tram created: 20th of Oct 1995.",Kingpool,comma_name_list,,"Player of: Sharghl, Turviniel, Aros, Kingpool, Implithura, Zurolg, Tampax.",high,yes
whois_tram_1781606391,char_tram,Tram,Maia,"Tram the Forsaken is a Maia (Cartographer) [Retired].
Last login 8 years, 7 months, and 20 days ago from *.eu.
Player of: Sharghl, Turviniel, Aros, Kingpool, Implithura, Zurolg, Tampax.

Char Tram created: 20th of Oct 1995.",Implithura,comma_name_list,,"Player of: Sharghl, Turviniel, Aros, Kingpool, Implithura, Zurolg, Tampax.",high,yes
whois_tram_1781606391,char_tram,Tram,Maia,"Tram the Forsaken is a Maia (Cartographer) [Retired].
Last login 8 years, 7 months, and 20 days ago from *.eu.
Player of: Sharghl, Turviniel, Aros, Kingpool, Implithura, Zurolg, Tampax.

Char Tram created: 20th of Oct 1995.",Zurolg,comma_name_list,,"Player of: Sharghl, Turviniel, Aros, Kingpool, Implithura, Zurolg, Tampax.",low,no
whois_tram_1781606391,char_tram,Tram,Maia,"Tram the Forsaken is a Maia (Cartographer) [Retired].
Last login 8 years, 7 months, and 20 days ago from *.eu.
Player of: Sharghl, Turviniel, Aros, Kingpool, Implithura, Zurolg, Tampax.

Char Tram created: 20th of Oct 1995.",Tampax,comma_name_list,,"Player of: Sharghl, Turviniel, Aros, Kingpool, Implithura, Zurolg, Tampax.",low,no
whois_vanidor_1781606577,,Vanidor,Vala,"Vanidor Silverbranch is a Vala (Architect) [Retired].
Favorite authors (in no special order):
 Fantasy: Tolkien, Glen Cook, Feist, Jordan, Eddings, McKiernan
 Sci-fi:  Weber, Modesitt

Old Mortal Whois:
Hang Bandits and other scum from trees!
Giant Salamanders kill, ban Giant Salamanders!
Horses == Four Legged Assassin's
NRA hunting fantasy style. Hunting rabbits with Lightning Bolts!
When in doubt?  Fireball! Fireball! Fireball",Feist,comma_name_list,,"Fantasy: Tolkien, Glen Cook, Feist, Jordan, Eddings, McKiernan",low,no
whois_vanidor_1781606577,,Vanidor,Vala,"Vanidor Silverbranch is a Vala (Architect) [Retired].
Favorite authors (in no special order):
 Fantasy: Tolkien, Glen Cook, Feist, Jordan, Eddings, McKiernan
 Sci-fi:  Weber, Modesitt

Old Mortal Whois:
Hang Bandits and other scum from trees!
Giant Salamanders kill, ban Giant Salamanders!
Horses == Four Legged Assassin's
NRA hunting fantasy style. Hunting rabbits with Lightning Bolts!
When in doubt?  Fireball! Fireball! Fireball",Jordan,comma_name_list,,"Fantasy: Tolkien, Glen Cook, Feist, Jordan, Eddings, McKiernan",low,no
whois_vanidor_1781606577,,Vanidor,Vala,"Vanidor Silverbranch is a Vala (Architect) [Retired].
Favorite authors (in no special order):
 Fantasy: Tolkien, Glen Cook, Feist, Jordan, Eddings, McKiernan
 Sci-fi:  Weber, Modesitt

Old Mortal Whois:
Hang Bandits and other scum from trees!
Giant Salamanders kill, ban Giant Salamanders!
Horses == Four Legged Assassin's
NRA hunting fantasy style. Hunting rabbits with Lightning Bolts!
When in doubt?  Fireball! Fireball! Fireball",Eddings,comma_name_list,,"Fantasy: Tolkien, Glen Cook, Feist, Jordan, Eddings, McKiernan",low,no
whois_vanidor_1781606577,,Vanidor,Vala,"Vanidor Silverbranch is a Vala (Architect) [Retired].
Favorite authors (in no special order):
 Fantasy: Tolkien, Glen Cook, Feist, Jordan, Eddings, McKiernan
 Sci-fi:  Weber, Modesitt

Old Mortal Whois:
Hang Bandits and other scum from trees!
Giant Salamanders kill, ban Giant Salamanders!
Horses == Four Legged Assassin's
NRA hunting fantasy style. Hunting rabbits with Lightning Bolts!
When in doubt?  Fireball! Fireball! Fireball",McKiernan,comma_name_list,,"Fantasy: Tolkien, Glen Cook, Feist, Jordan, Eddings, McKiernan",low,no
whois_verona_1781606614,,Verona,Maia,"Verona, Ricky is a Maia.
Last login 2 months and 30 days ago from *.ee.

White - Chev, Crawford, Deckard, Faine, Gilgamel, Handsome, Marach,
Mariachi, Mystika, Nazg, Piret, Setesh, Strike, Tamacti

Dark - Balthamael, Carlito, Drauglir, Epic, Kayser, Kukeke, Sheldon,
Meerkat, Molotok, Orson, Snjegurotska, Temüjin, Tramm

Zaug - Bronn, Lumpsais, Mcclane

http://faine.epizy.com",Mariachi,comma_name_list,,"Mariachi, Mystika, Nazg, Piret, Setesh, Strike, Tamacti",low,no
whois_verona_1781606614,,Verona,Maia,"Verona, Ricky is a Maia.
Last login 2 months and 30 days ago from *.ee.

White - Chev, Crawford, Deckard, Faine, Gilgamel, Handsome, Marach,
Mariachi, Mystika, Nazg, Piret, Setesh, Strike, Tamacti

Dark - Balthamael, Carlito, Drauglir, Epic, Kayser, Kukeke, Sheldon,
Meerkat, Molotok, Orson, Snjegurotska, Temüjin, Tramm

Zaug - Bronn, Lumpsais, Mcclane

http://faine.epizy.com",Mystika,comma_name_list,,"Mariachi, Mystika, Nazg, Piret, Setesh, Strike, Tamacti",low,no
whois_verona_1781606614,,Verona,Maia,"Verona, Ricky is a Maia.
Last login 2 months and 30 days ago from *.ee.

White - Chev, Crawford, Deckard, Faine, Gilgamel, Handsome, Marach,
Mariachi, Mystika, Nazg, Piret, Setesh, Strike, Tamacti

Dark - Balthamael, Carlito, Drauglir, Epic, Kayser, Kukeke, Sheldon,
Meerkat, Molotok, Orson, Snjegurotska, Temüjin, Tramm

Zaug - Bronn, Lumpsais, Mcclane

http://faine.epizy.com",Nazg,comma_name_list,,"Mariachi, Mystika, Nazg, Piret, Setesh, Strike, Tamacti",low,no
whois_verona_1781606614,,Verona,Maia,"Verona, Ricky is a Maia.
Last login 2 months and 30 days ago from *.ee.

White - Chev, Crawford, Deckard, Faine, Gilgamel, Handsome, Marach,
Mariachi, Mystika, Nazg, Piret, Setesh, Strike, Tamacti

Dark - Balthamael, Carlito, Drauglir, Epic, Kayser, Kukeke, Sheldon,
Meerkat, Molotok, Orson, Snjegurotska, Temüjin, Tramm

Zaug - Bronn, Lumpsais, Mcclane

http://faine.epizy.com",Piret,comma_name_list,,"Mariachi, Mystika, Nazg, Piret, Setesh, Strike, Tamacti",low,no
whois_verona_1781606614,,Verona,Maia,"Verona, Ricky is a Maia.
Last login 2 months and 30 days ago from *.ee.

White - Chev, Crawford, Deckard, Faine, Gilgamel, Handsome, Marach,
Mariachi, Mystika, Nazg, Piret, Setesh, Strike, Tamacti

Dark - Balthamael, Carlito, Drauglir, Epic, Kayser, Kukeke, Sheldon,
Meerkat, Molotok, Orson, Snjegurotska, Temüjin, Tramm

Zaug - Bronn, Lumpsais, Mcclane

http://faine.epizy.com",Setesh,comma_name_list,,"Mariachi, Mystika, Nazg, Piret, Setesh, Strike, Tamacti",low,no
whois_verona_1781606614,,Verona,Maia,"Verona, Ricky is a Maia.
Last login 2 months and 30 days ago from *.ee.

White - Chev, Crawford, Deckard, Faine, Gilgamel, Handsome, Marach,
Mariachi, Mystika, Nazg, Piret, Setesh, Strike, Tamacti

Dark - Balthamael, Carlito, Drauglir, Epic, Kayser, Kukeke, Sheldon,
Meerkat, Molotok, Orson, Snjegurotska, Temüjin, Tramm

Zaug - Bronn, Lumpsais, Mcclane

http://faine.epizy.com",Strike,comma_name_list,,"Mariachi, Mystika, Nazg, Piret, Setesh, Strike, Tamacti",low,no
whois_verona_1781606614,,Verona,Maia,"Verona, Ricky is a Maia.
Last login 2 months and 30 days ago from *.ee.

White - Chev, Crawford, Deckard, Faine, Gilgamel, Handsome, Marach,
Mariachi, Mystika, Nazg, Piret, Setesh, Strike, Tamacti

Dark - Balthamael, Carlito, Drauglir, Epic, Kayser, Kukeke, Sheldon,
Meerkat, Molotok, Orson, Snjegurotska, Temüjin, Tramm

Zaug - Bronn, Lumpsais, Mcclane

http://faine.epizy.com",Tamacti,comma_name_list,,"Mariachi, Mystika, Nazg, Piret, Setesh, Strike, Tamacti",low,no
whois_verona_1781606614,,Verona,Maia,"Verona, Ricky is a Maia.
Last login 2 months and 30 days ago from *.ee.

White - Chev, Crawford, Deckard, Faine, Gilgamel, Handsome, Marach,
Mariachi, Mystika, Nazg, Piret, Setesh, Strike, Tamacti

Dark - Balthamael, Carlito, Drauglir, Epic, Kayser, Kukeke, Sheldon,
Meerkat, Molotok, Orson, Snjegurotska, Temüjin, Tramm

Zaug - Bronn, Lumpsais, Mcclane

http://faine.epizy.com",Meerkat,comma_name_list,,"Meerkat, Molotok, Orson, Snjegurotska, Temüjin, Tramm",low,no
whois_verona_1781606614,,Verona,Maia,"Verona, Ricky is a Maia.
Last login 2 months and 30 days ago from *.ee.

White - Chev, Crawford, Deckard, Faine, Gilgamel, Handsome, Marach,
Mariachi, Mystika, Nazg, Piret, Setesh, Strike, Tamacti

Dark - Balthamael, Carlito, Drauglir, Epic, Kayser, Kukeke, Sheldon,
Meerkat, Molotok, Orson, Snjegurotska, Temüjin, Tramm

Zaug - Bronn, Lumpsais, Mcclane

http://faine.epizy.com",Molotok,comma_name_list,,"Meerkat, Molotok, Orson, Snjegurotska, Temüjin, Tramm",low,no
whois_verona_1781606614,,Verona,Maia,"Verona, Ricky is a Maia.
Last login 2 months and 30 days ago from *.ee.

White - Chev, Crawford, Deckard, Faine, Gilgamel, Handsome, Marach,
Mariachi, Mystika, Nazg, Piret, Setesh, Strike, Tamacti

Dark - Balthamael, Carlito, Drauglir, Epic, Kayser, Kukeke, Sheldon,
Meerkat, Molotok, Orson, Snjegurotska, Temüjin, Tramm

Zaug - Bronn, Lumpsais, Mcclane

http://faine.epizy.com",Orson,comma_name_list,,"Meerkat, Molotok, Orson, Snjegurotska, Temüjin, Tramm",low,no
whois_verona_1781606614,,Verona,Maia,"Verona, Ricky is a Maia.
Last login 2 months and 30 days ago from *.ee.

White - Chev, Crawford, Deckard, Faine, Gilgamel, Handsome, Marach,
Mariachi, Mystika, Nazg, Piret, Setesh, Strike, Tamacti

Dark - Balthamael, Carlito, Drauglir, Epic, Kayser, Kukeke, Sheldon,
Meerkat, Molotok, Orson, Snjegurotska, Temüjin, Tramm

Zaug - Bronn, Lumpsais, Mcclane

http://faine.epizy.com",Snjegurotska,comma_name_list,,"Meerkat, Molotok, Orson, Snjegurotska, Temüjin, Tramm",low,no
whois_verona_1781606614,,Verona,Maia,"Verona, Ricky is a Maia.
Last login 2 months and 30 days ago from *.ee.

White - Chev, Crawford, Deckard, Faine, Gilgamel, Handsome, Marach,
Mariachi, Mystika, Nazg, Piret, Setesh, Strike, Tamacti

Dark - Balthamael, Carlito, Drauglir, Epic, Kayser, Kukeke, Sheldon,
Meerkat, Molotok, Orson, Snjegurotska, Temüjin, Tramm

Zaug - Bronn, Lumpsais, Mcclane

http://faine.epizy.com",Temüjin,comma_name_list,,"Meerkat, Molotok, Orson, Snjegurotska, Temüjin, Tramm",low,no
whois_verona_1781606614,,Verona,Maia,"Verona, Ricky is a Maia.
Last login 2 months and 30 days ago from *.ee.

White - Chev, Crawford, Deckard, Faine, Gilgamel, Handsome, Marach,
Mariachi, Mystika, Nazg, Piret, Setesh, Strike, Tamacti

Dark - Balthamael, Carlito, Drauglir, Epic, Kayser, Kukeke, Sheldon,
Meerkat, Molotok, Orson, Snjegurotska, Temüjin, Tramm

Zaug - Bronn, Lumpsais, Mcclane

http://faine.epizy.com",Tramm,comma_name_list,,"Meerkat, Molotok, Orson, Snjegurotska, Temüjin, Tramm",low,no
whois_vürogue_1781606676,,Vürogue,Maia,"Vürogue Ugmök  is a Maia.
Last login 15 years, 10 months, and 29 days ago from *.net.
*The Good*: Bashful, Deedlit, Doughboy, Kasumi, Krelian, Lime,
            Philia, Rei, Tira
*The Bad*:  Ooguntz, Ookrom, Oolaug, Yuber
*The Deceased*: Anakin(M),Xök(27),Rugudorull(25),Nök(21),Mök(19),
               Valhna(14),Eldor(9),Oolug(14)*the first oolug*
ALL YOUR BASE ARE BELONG TO US
Effected by: Ragnarok Online",Deedlit,comma_name_list,,"*The Good*: Bashful, Deedlit, Doughboy, Kasumi, Krelian, Lime,",low,no
whois_vürogue_1781606676,,Vürogue,Maia,"Vürogue Ugmök  is a Maia.
Last login 15 years, 10 months, and 29 days ago from *.net.
*The Good*: Bashful, Deedlit, Doughboy, Kasumi, Krelian, Lime,
            Philia, Rei, Tira
*The Bad*:  Ooguntz, Ookrom, Oolaug, Yuber
*The Deceased*: Anakin(M),Xök(27),Rugudorull(25),Nök(21),Mök(19),
               Valhna(14),Eldor(9),Oolug(14)*the first oolug*
ALL YOUR BASE ARE BELONG TO US
Effected by: Ragnarok Online",Doughboy,comma_name_list,,"*The Good*: Bashful, Deedlit, Doughboy, Kasumi, Krelian, Lime,",low,no
whois_vürogue_1781606676,,Vürogue,Maia,"Vürogue Ugmök  is a Maia.
Last login 15 years, 10 months, and 29 days ago from *.net.
*The Good*: Bashful, Deedlit, Doughboy, Kasumi, Krelian, Lime,
            Philia, Rei, Tira
*The Bad*:  Ooguntz, Ookrom, Oolaug, Yuber
*The Deceased*: Anakin(M),Xök(27),Rugudorull(25),Nök(21),Mök(19),
               Valhna(14),Eldor(9),Oolug(14)*the first oolug*
ALL YOUR BASE ARE BELONG TO US
Effected by: Ragnarok Online",Kasumi,comma_name_list,,"*The Good*: Bashful, Deedlit, Doughboy, Kasumi, Krelian, Lime,",low,no
whois_vürogue_1781606676,,Vürogue,Maia,"Vürogue Ugmök  is a Maia.
Last login 15 years, 10 months, and 29 days ago from *.net.
*The Good*: Bashful, Deedlit, Doughboy, Kasumi, Krelian, Lime,
            Philia, Rei, Tira
*The Bad*:  Ooguntz, Ookrom, Oolaug, Yuber
*The Deceased*: Anakin(M),Xök(27),Rugudorull(25),Nök(21),Mök(19),
               Valhna(14),Eldor(9),Oolug(14)*the first oolug*
ALL YOUR BASE ARE BELONG TO US
Effected by: Ragnarok Online",Krelian,comma_name_list,,"*The Good*: Bashful, Deedlit, Doughboy, Kasumi, Krelian, Lime,",low,no
whois_vürogue_1781606676,,Vürogue,Maia,"Vürogue Ugmök  is a Maia.
Last login 15 years, 10 months, and 29 days ago from *.net.
*The Good*: Bashful, Deedlit, Doughboy, Kasumi, Krelian, Lime,
            Philia, Rei, Tira
*The Bad*:  Ooguntz, Ookrom, Oolaug, Yuber
*The Deceased*: Anakin(M),Xök(27),Rugudorull(25),Nök(21),Mök(19),
               Valhna(14),Eldor(9),Oolug(14)*the first oolug*
ALL YOUR BASE ARE BELONG TO US
Effected by: Ragnarok Online",Lime,comma_name_list,,"*The Good*: Bashful, Deedlit, Doughboy, Kasumi, Krelian, Lime,",low,no
whois_vürogue_1781606676,,Vürogue,Maia,"Vürogue Ugmök  is a Maia.
Last login 15 years, 10 months, and 29 days ago from *.net.
*The Good*: Bashful, Deedlit, Doughboy, Kasumi, Krelian, Lime,
            Philia, Rei, Tira
*The Bad*:  Ooguntz, Ookrom, Oolaug, Yuber
*The Deceased*: Anakin(M),Xök(27),Rugudorull(25),Nök(21),Mök(19),
               Valhna(14),Eldor(9),Oolug(14)*the first oolug*
ALL YOUR BASE ARE BELONG TO US
Effected by: Ragnarok Online",Philia,comma_name_list,,"Philia, Rei, Tira",low,no
whois_vürogue_1781606676,,Vürogue,Maia,"Vürogue Ugmök  is a Maia.
Last login 15 years, 10 months, and 29 days ago from *.net.
*The Good*: Bashful, Deedlit, Doughboy, Kasumi, Krelian, Lime,
            Philia, Rei, Tira
*The Bad*:  Ooguntz, Ookrom, Oolaug, Yuber
*The Deceased*: Anakin(M),Xök(27),Rugudorull(25),Nök(21),Mök(19),
               Valhna(14),Eldor(9),Oolug(14)*the first oolug*
ALL YOUR BASE ARE BELONG TO US
Effected by: Ragnarok Online",Rei,comma_name_list,,"Philia, Rei, Tira",low,no
whois_vürogue_1781606676,,Vürogue,Maia,"Vürogue Ugmök  is a Maia.
Last login 15 years, 10 months, and 29 days ago from *.net.
*The Good*: Bashful, Deedlit, Doughboy, Kasumi, Krelian, Lime,
            Philia, Rei, Tira
*The Bad*:  Ooguntz, Ookrom, Oolaug, Yuber
*The Deceased*: Anakin(M),Xök(27),Rugudorull(25),Nök(21),Mök(19),
               Valhna(14),Eldor(9),Oolug(14)*the first oolug*
ALL YOUR BASE ARE BELONG TO US
Effected by: Ragnarok Online",Tira,comma_name_list,,"Philia, Rei, Tira",low,no
whois_vürogue_1781606676,,Vürogue,Maia,"Vürogue Ugmök  is a Maia.
Last login 15 years, 10 months, and 29 days ago from *.net.
*The Good*: Bashful, Deedlit, Doughboy, Kasumi, Krelian, Lime,
            Philia, Rei, Tira
*The Bad*:  Ooguntz, Ookrom, Oolaug, Yuber
*The Deceased*: Anakin(M),Xök(27),Rugudorull(25),Nök(21),Mök(19),
               Valhna(14),Eldor(9),Oolug(14)*the first oolug*
ALL YOUR BASE ARE BELONG TO US
Effected by: Ragnarok Online",Ookrom,comma_name_list,,"*The Bad*:  Ooguntz, Ookrom, Oolaug, Yuber",low,no
whois_vürogue_1781606676,,Vürogue,Maia,"Vürogue Ugmök  is a Maia.
Last login 15 years, 10 months, and 29 days ago from *.net.
*The Good*: Bashful, Deedlit, Doughboy, Kasumi, Krelian, Lime,
            Philia, Rei, Tira
*The Bad*:  Ooguntz, Ookrom, Oolaug, Yuber
*The Deceased*: Anakin(M),Xök(27),Rugudorull(25),Nök(21),Mök(19),
               Valhna(14),Eldor(9),Oolug(14)*the first oolug*
ALL YOUR BASE ARE BELONG TO US
Effected by: Ragnarok Online",Oolaug,comma_name_list,,"*The Bad*:  Ooguntz, Ookrom, Oolaug, Yuber",low,no
whois_vürogue_1781606676,,Vürogue,Maia,"Vürogue Ugmök  is a Maia.
Last login 15 years, 10 months, and 29 days ago from *.net.
*The Good*: Bashful, Deedlit, Doughboy, Kasumi, Krelian, Lime,
            Philia, Rei, Tira
*The Bad*:  Ooguntz, Ookrom, Oolaug, Yuber
*The Deceased*: Anakin(M),Xök(27),Rugudorull(25),Nök(21),Mök(19),
               Valhna(14),Eldor(9),Oolug(14)*the first oolug*
ALL YOUR BASE ARE BELONG TO US
Effected by: Ragnarok Online",Yuber,comma_name_list,,"*The Bad*:  Ooguntz, Ookrom, Oolaug, Yuber",low,no
whois_vürogue_1781606676,,Vürogue,Maia,"Vürogue Ugmök  is a Maia.
Last login 15 years, 10 months, and 29 days ago from *.net.
*The Good*: Bashful, Deedlit, Doughboy, Kasumi, Krelian, Lime,
            Philia, Rei, Tira
*The Bad*:  Ooguntz, Ookrom, Oolaug, Yuber
*The Deceased*: Anakin(M),Xök(27),Rugudorull(25),Nök(21),Mök(19),
               Valhna(14),Eldor(9),Oolug(14)*the first oolug*
ALL YOUR BASE ARE BELONG TO US
Effected by: Ragnarok Online",Xök,comma_name_list,,"*The Deceased*: Anakin(M),Xök(27),Rugudorull(25),Nök(21),Mök(19),",low,no
whois_vürogue_1781606676,,Vürogue,Maia,"Vürogue Ugmök  is a Maia.
Last login 15 years, 10 months, and 29 days ago from *.net.
*The Good*: Bashful, Deedlit, Doughboy, Kasumi, Krelian, Lime,
            Philia, Rei, Tira
*The Bad*:  Ooguntz, Ookrom, Oolaug, Yuber
*The Deceased*: Anakin(M),Xök(27),Rugudorull(25),Nök(21),Mök(19),
               Valhna(14),Eldor(9),Oolug(14)*the first oolug*
ALL YOUR BASE ARE BELONG TO US
Effected by: Ragnarok Online",Rugudorull,comma_name_list,,"*The Deceased*: Anakin(M),Xök(27),Rugudorull(25),Nök(21),Mök(19),",low,no
whois_vürogue_1781606676,,Vürogue,Maia,"Vürogue Ugmök  is a Maia.
Last login 15 years, 10 months, and 29 days ago from *.net.
*The Good*: Bashful, Deedlit, Doughboy, Kasumi, Krelian, Lime,
            Philia, Rei, Tira
*The Bad*:  Ooguntz, Ookrom, Oolaug, Yuber
*The Deceased*: Anakin(M),Xök(27),Rugudorull(25),Nök(21),Mök(19),
               Valhna(14),Eldor(9),Oolug(14)*the first oolug*
ALL YOUR BASE ARE BELONG TO US
Effected by: Ragnarok Online",Nök,comma_name_list,,"*The Deceased*: Anakin(M),Xök(27),Rugudorull(25),Nök(21),Mök(19),",low,no
whois_vürogue_1781606676,,Vürogue,Maia,"Vürogue Ugmök  is a Maia.
Last login 15 years, 10 months, and 29 days ago from *.net.
*The Good*: Bashful, Deedlit, Doughboy, Kasumi, Krelian, Lime,
            Philia, Rei, Tira
*The Bad*:  Ooguntz, Ookrom, Oolaug, Yuber
*The Deceased*: Anakin(M),Xök(27),Rugudorull(25),Nök(21),Mök(19),
               Valhna(14),Eldor(9),Oolug(14)*the first oolug*
ALL YOUR BASE ARE BELONG TO US
Effected by: Ragnarok Online",Mök,comma_name_list,,"*The Deceased*: Anakin(M),Xök(27),Rugudorull(25),Nök(21),Mök(19),",low,no
whois_party_1781606805,,party,"Valië, one of the Aratar","Yavanna says 'I'm not drinking any more beer after that birthday
    party!' is a Valië, one of the Aratar [Retired].

  ""Einstein said that if quantum mechanics were correct then the world would
   be crazy. Einstein was right - the world is crazy.""
       --Daniel Greenberger

  ""So many beers, so little time.""
       --me

  ""Eat a toad in the morning and nothing worse can happen to you for the rest
   of th
…",Yavanna,quoted_speaker,,Yavanna says 'I'm not drinking any more beer after that birthday,medium,no
whois_ynket_1781606838,,Ynket,Maia,"Ynket Yyl is a Maia.
Last login 19 years, 9 months, and 2 days ago from *.se.
I am lost in the black chamber
There's no way to turn back
It takes me down, forever more
And death would be so sweet.

Whities (in order of creation): Grums, Brumm, Mlendion, Fjalar, Llbumbi
Darkies (umm, yeah, here too): Ghrul, Zlurk, Zûrnak, Alcacíl",Brumm,comma_name_list,,"Whities (in order of creation): Grums, Brumm, Mlendion, Fjalar, Llbumbi",low,no
whois_ynket_1781606838,,Ynket,Maia,"Ynket Yyl is a Maia.
Last login 19 years, 9 months, and 2 days ago from *.se.
I am lost in the black chamber
There's no way to turn back
It takes me down, forever more
And death would be so sweet.

Whities (in order of creation): Grums, Brumm, Mlendion, Fjalar, Llbumbi
Darkies (umm, yeah, here too): Ghrul, Zlurk, Zûrnak, Alcacíl",Mlendion,comma_name_list,,"Whities (in order of creation): Grums, Brumm, Mlendion, Fjalar, Llbumbi",low,no
whois_ynket_1781606838,,Ynket,Maia,"Ynket Yyl is a Maia.
Last login 19 years, 9 months, and 2 days ago from *.se.
I am lost in the black chamber
There's no way to turn back
It takes me down, forever more
And death would be so sweet.

Whities (in order of creation): Grums, Brumm, Mlendion, Fjalar, Llbumbi
Darkies (umm, yeah, here too): Ghrul, Zlurk, Zûrnak, Alcacíl",Fjalar,comma_name_list,,"Whities (in order of creation): Grums, Brumm, Mlendion, Fjalar, Llbumbi",low,no
whois_ynket_1781606838,,Ynket,Maia,"Ynket Yyl is a Maia.
Last login 19 years, 9 months, and 2 days ago from *.se.
I am lost in the black chamber
There's no way to turn back
It takes me down, forever more
And death would be so sweet.

Whities (in order of creation): Grums, Brumm, Mlendion, Fjalar, Llbumbi
Darkies (umm, yeah, here too): Ghrul, Zlurk, Zûrnak, Alcacíl",Llbumbi,comma_name_list,,"Whities (in order of creation): Grums, Brumm, Mlendion, Fjalar, Llbumbi",low,no
whois_ynket_1781606838,,Ynket,Maia,"Ynket Yyl is a Maia.
Last login 19 years, 9 months, and 2 days ago from *.se.
I am lost in the black chamber
There's no way to turn back
It takes me down, forever more
And death would be so sweet.

Whities (in order of creation): Grums, Brumm, Mlendion, Fjalar, Llbumbi
Darkies (umm, yeah, here too): Ghrul, Zlurk, Zûrnak, Alcacíl",Zlurk,comma_name_list,,"Darkies (umm, yeah, here too): Ghrul, Zlurk, Zûrnak, Alcacíl",low,no
whois_ynket_1781606838,,Ynket,Maia,"Ynket Yyl is a Maia.
Last login 19 years, 9 months, and 2 days ago from *.se.
I am lost in the black chamber
There's no way to turn back
It takes me down, forever more
And death would be so sweet.

Whities (in order of creation): Grums, Brumm, Mlendion, Fjalar, Llbumbi
Darkies (umm, yeah, here too): Ghrul, Zlurk, Zûrnak, Alcacíl",Zûrnak,comma_name_list,,"Darkies (umm, yeah, here too): Ghrul, Zlurk, Zûrnak, Alcacíl",low,no
whois_ynket_1781606838,,Ynket,Maia,"Ynket Yyl is a Maia.
Last login 19 years, 9 months, and 2 days ago from *.se.
I am lost in the black chamber
There's no way to turn back
It takes me down, forever more
And death would be so sweet.

Whities (in order of creation): Grums, Brumm, Mlendion, Fjalar, Llbumbi
Darkies (umm, yeah, here too): Ghrul, Zlurk, Zûrnak, Alcacíl",Alcacíl,comma_name_list,,"Darkies (umm, yeah, here too): Ghrul, Zlurk, Zûrnak, Alcacíl",low,no
