whois_id,character_id,character_name,slug,descriptor,status,text_path,html_path,has_raw_text,has_raw_html,has_raw_decho,parse_confidence,notes
whois_woland_1780810956,char_woland,Woland,woland,Black Númenórean,Retired,data/evidence/whois/text/woland.txt,data/evidence/whois/html/woland.html,yes,no,no,medium,query_name=woland | display_name=Woland the Professor of Black Magic | epithet_or_title=the Professor of Black Magic
whois_tauno_1780819357,,Tauno,tauno,Dwarven Ranger,Retired,data/evidence/whois/text/tauno.txt,data/evidence/whois/html/tauno.html,yes,no,no,medium,"query_name=tauno | display_name=Tauno Tumpelo, 7th Tumunzahar Battalion | epithet_or_title=Tumpelo, 7th Tumunzahar Battalion | Last login 20 years, 8 months, and 4 days ago from *.fi."
whois_mume_1780820791,,MUME,mume,Maia,,data/evidence/whois/text/mume.txt,data/evidence/whois/html/mume.html,yes,no,no,low,"query_name=bladorfat | display_name=MUME.Client protocol error: {""message"":""GMCP JSON parse error: \""[ \\\""Char 1\\\"", \\\""Client 1\\\"", \\\""Room 1\\\"" \""""}Bladorfat | epithet_or_title=.Client protocol error: {""message"":""GMCP JSON parse error: \""[ \\\""Char 1\\\"", \\\""Client 1\\\"", \\\""Room 1\\\"" \""""}Bladorfat | role=Cartographer | Capture appears to include protocol/output corruption; raw text preserved."
whois_gray_1780820809,char_gray,Gray,gray,Noldorin Wizard,Retired,data/evidence/whois/text/gray.txt,data/evidence/whois/html/gray.html,yes,no,no,medium,"query_name=gray | display_name=Gray the Expert | epithet_or_title=the Expert | Last login 20 years, 4 months, and 12 days ago from [numerical address]."
whois_corvin_1780831178,char_corvin,Corvin,corvin,Silvan Hunter,Retired,data/evidence/whois/text/corvin.txt,data/evidence/whois/html/corvin.html,yes,no,no,medium,"query_name=corvin | display_name=Corvin - one of the Nine | epithet_or_title=- one of the Nine | Last login 22 years, 5 months, and 8 days ago from [numerical address]."
whois_gray_1780831197,char_gray,Gray,gray-2,Noldorin Wizard,,data/evidence/whois/text/gray-2.txt,data/evidence/whois/html/gray-2.html,yes,no,no,medium,"query_name=gray | display_name=Gray the Expert | epithet_or_title=the Expert | Last login 20 years, 4 months, and 12 days ago from [numerical address]."
whois_candid_1780831207,char_candid,Candid,candid,level,,data/evidence/whois/text/candid.txt,data/evidence/whois/html/candid.html,yes,no,no,medium,"query_name=candid | display_name=Candid the Sniper - Nothing Sacred | epithet_or_title=the Sniper - Nothing Sacred | Last login 22 years, 6 months, and 29 days ago from [numerical address]."
whois_santana_1780831482,char_santana,Santana,santana,Tarkhnarb Assassin,,data/evidence/whois/text/santana.txt,data/evidence/whois/html/santana.html,yes,no,no,medium,query_name=santana | display_name=Santana
whois_candid_1780831491,char_candid,Candid,candid-2,level,,data/evidence/whois/text/candid-2.txt,data/evidence/whois/html/candid-2.html,yes,no,no,medium,"query_name=candid | display_name=Candid the Sniper - Nothing Sacred | epithet_or_title=the Sniper - Nothing Sacred | Last login 22 years, 6 months, and 29 days ago from [numerical address]."
whois_candid_1780832128,char_candid,Candid,candid-3,Noldorin Scout,Retired,data/evidence/whois/text/candid-3.txt,data/evidence/whois/html/candid-3.html,yes,no,no,medium,"query_name=candid | display_name=Candid the Sniper - Nothing Sacred | epithet_or_title=the Sniper - Nothing Sacred | Last login 22 years, 6 months, and 29 days ago from [numerical address]."
whois_varvar_1780832170,char_varvar,Varvar,varvar,Tarkhnarb,,data/evidence/whois/text/varvar.txt,data/evidence/whois/html/varvar.html,yes,no,no,medium,query_name=varvar | display_name=Varvar the Black Uruk | epithet_or_title=the Black Uruk
whois_ulairy_1780832177,char_ulairy,Ulairy,ulairy,,,data/evidence/whois/text/ulairy.txt,data/evidence/whois/html/ulairy.html,yes,no,no,medium,query_name=ulairy | display_name=Ulairy - in the memory of Grino | epithet_or_title=- in the memory of Grino
whois_grino_1780832337,char_grino,Grino,grino,Black Númenórean,Retired,data/evidence/whois/text/grino.txt,data/evidence/whois/html/grino.html,yes,no,no,medium,query_name=grino | display_name=Grino Grins | epithet_or_title=Grins
whois_ulairy_1780832470,char_ulairy,Ulairy,ulairy-2,Black Númenórean Mercenary,Retired,data/evidence/whois/text/ulairy-2.txt,data/evidence/whois/html/ulairy-2.html,yes,no,no,medium,query_name=ulairy | display_name=Ulairy - in the memory of Grino | epithet_or_title=- in the memory of Grino
whois_vugluskr_1780832498,char_vugluskr,Vugluskr,vugluskr,Dwarven Battlemaster,Retired,data/evidence/whois/text/vugluskr.txt,data/evidence/whois/html/vugluskr.html,yes,no,no,medium,"query_name=Vugluskr | display_name=Vugluskr | Last login 22 years, 6 months, and 17 days ago from [numerical address]."
whois_orkanoid_1780832511,char_orkanoid,Orkanoid,orkanoid,Orkish Archer,Retired,data/evidence/whois/text/orkanoid.txt,data/evidence/whois/html/orkanoid.html,yes,no,no,medium,"query_name=Orkanoid | display_name=Orkanoid - live fast, die young | epithet_or_title=- live fast, die young"
whois_akela_1780832541,,Akela,akela,Dwarven Battlemaster,Retired,data/evidence/whois/text/akela.txt,data/evidence/whois/html/akela.html,yes,no,no,medium,"query_name=Akela | display_name=Akela the Pack Leader | epithet_or_title=the Pack Leader | Last login 22 years, 3 months, and 18 days ago from [numerical address]."
whois_aeruscator_1780832560,,Aeruscator,aeruscator,Half-elven Healer,Retired,data/evidence/whois/text/aeruscator.txt,data/evidence/whois/html/aeruscator.html,yes,no,no,medium,"query_name=Aeruscator | display_name=Aeruscator the Merchant [AKM] | epithet_or_title=the Merchant [AKM] | Last login 22 years, 3 months, and 30 days ago from [numerical address]."
whois_gangee_1780832781,,Gangee,gangee,Stoor Necromancer,Retired,data/evidence/whois/text/gangee.txt,data/evidence/whois/html/gangee.html,yes,no,no,medium,"query_name=gangee | display_name=Gangee the roly-poly little stoor | epithet_or_title=the roly-poly little stoor | Last login 22 years, 6 months, and 4 days ago from *.edu."
whois_gangee_1780833117,,Gangee,gangee-2,Stoor Necromancer,Retired,data/evidence/whois/text/gangee-2.txt,data/evidence/whois/html/gangee-2.html,yes,no,no,medium,"query_name=gangee | display_name=Gangee the roly-poly little stoor | epithet_or_title=the roly-poly little stoor | Last login 22 years, 6 months, and 4 days ago from *.edu."
whois_ugurz_1780833138,char_ugurz,Ugurz,ugurz,hundred Orkish Assassin,Retired,data/evidence/whois/text/ugurz.txt,data/evidence/whois/html/ugurz.html,yes,no,no,medium,query_name=ugurz | display_name=Ugurz the Forsaken | epithet_or_title=the Forsaken
whois_ugurz_1780833558,char_ugurz,Ugurz,ugurz-2,Orkish Assassin,Retired,data/evidence/whois/text/ugurz-2.txt,data/evidence/whois/html/ugurz-2.html,yes,no,no,medium,query_name=ugurz | display_name=Ugurz the Forsaken | epithet_or_title=the Forsaken
whois_ugurz_1780833675,char_ugurz,Ugurz,ugurz-3,Orkish Assassin,Retired,data/evidence/whois/text/ugurz-3.txt,data/evidence/whois/html/ugurz-3.html,yes,no,no,medium,query_name=ugurz | display_name=Ugurz the Forsaken | epithet_or_title=the Forsaken
whois_devastator_1780833721,char_devastator,Devastator,devastator,Mountain Troll Softskin,Retired,data/evidence/whois/text/devastator.txt,data/evidence/whois/html/devastator.html,yes,no,no,medium,query_name=devastator | display_name=Devastator
whois_labero_1780833736,char_labero,Labero,labero,Black Númenórean Sage,Retired,data/evidence/whois/text/labero.txt,data/evidence/whois/html/labero.html,yes,no,no,medium,query_name=labero | display_name=Labero the Mad | epithet_or_title=the Mad
whois_korn_1780833752,,Korn,korn,Troll,Retired,data/evidence/whois/text/korn.txt,data/evidence/whois/html/korn.html,yes,no,no,medium,query_name=korn | display_name=Korn
whois_azazello_1780833778,char_azazello,Azazello,azazello,Tarkhnarb Champion,Retired,data/evidence/whois/text/azazello.txt,data/evidence/whois/html/azazello.html,yes,no,no,medium,query_name=azazello | display_name=Azazello the Daemon of the Waterless Desert | epithet_or_title=the Daemon of the Waterless Desert
whois_norsu_1780833799,char_norsu,Norsu,norsu,Tarkhnarb Champion,Retired,data/evidence/whois/text/norsu.txt,data/evidence/whois/html/norsu.html,yes,no,no,medium,query_name=norsu | display_name=Norsu has left the building | epithet_or_title=has left the building
whois_huor_1780833817,,Huor,huor,Dúnadan Battlemaster,Retired,data/evidence/whois/text/huor.txt,data/evidence/whois/html/huor.html,yes,no,no,medium,"query_name=huor | display_name=Huor of Dor-lómin, Chieftain of Rhudaur | epithet_or_title=of Dor-lómin, Chieftain of Rhudaur | Last login 26 years, 6 months, and 18 days ago from *.SE."
whois_tuor_1780833829,,Tuor,tuor,Maia,Retired,data/evidence/whois/text/tuor.txt,data/evidence/whois/html/tuor.html,yes,no,no,medium,query_name=tuor | display_name=Tuor of Vinyamar | epithet_or_title=of Vinyamar | role=Cartographer
whois_mochomurka_1780833863,char_mochomurka,Mochomurka,mochomurka,Black Númenórean Warlock,,data/evidence/whois/text/mochomurka.txt,data/evidence/whois/html/mochomurka.html,yes,no,no,medium,query_name=mochomurka | display_name=Mochomurka Ukrutny | epithet_or_title=Ukrutny
whois_relim_1780833876,char_relim,Relim,relim,Man,,data/evidence/whois/text/relim.txt,data/evidence/whois/html/relim.html,yes,no,no,medium,query_name=relim | display_name=Relim N'Ekasrof | epithet_or_title=N'Ekasrof | Last login 5 months and 8 days ago.
whois_porien_1780833903,char_porien,Porien,porien,Maia,,data/evidence/whois/text/porien.txt,data/evidence/whois/html/porien.html,yes,no,no,medium,query_name=porien | display_name=Porien the Knight of Sadness | epithet_or_title=the Knight of Sadness | role=Cartographer
whois_gefe_1780833918,,Gefe,gefe,Maia,Retired,data/evidence/whois/text/gefe.txt,data/evidence/whois/html/gefe.html,yes,no,no,medium,query_name=gefe | display_name=Gefe the Friendly Neighbourhood Ainu | epithet_or_title=the Friendly Neighbourhood Ainu | role=Builder
whois_maartje_1780833943,,Maartje,maartje,Black Númenórean Rider,Retired,data/evidence/whois/text/maartje.txt,data/evidence/whois/html/maartje.html,yes,no,no,medium,query_name=maartje | display_name=Maartje the Black Bi... uhm Witch | epithet_or_title=the Black Bi... uhm Witch
whois_haphet_1780833945,,Haphet,haphet,Mountain Troll Warrior,Retired,data/evidence/whois/text/haphet.txt,data/evidence/whois/html/haphet.html,yes,no,no,medium,query_name=haphet | display_name=Haphet Bloodtroll | epithet_or_title=Bloodtroll
whois_shydaë_1780833957,,Shydaë,shydae,Silvan Quickblade,Retired,data/evidence/whois/text/shydae.txt,data/evidence/whois/html/shydae.html,yes,no,no,medium,"query_name=shydae | display_name=Shydaë the Explorer | epithet_or_title=the Explorer | Last login 20 years, 8 months, and 14 days ago from *.nl."
whois_romaïn_1780833963,,Romaïn,romain,Dwarven Axemaster,Retired,data/evidence/whois/text/romain.txt,data/evidence/whois/html/romain.html,yes,no,no,medium,"query_name=romain | display_name=Romaïn Bloodfire | epithet_or_title=Bloodfire | Last login 21 years, 4 months, and 13 days ago from *.nl."
whois_rik_1780833974,char_rik,Rik,rik,Maia,Retired,data/evidence/whois/text/rik.txt,data/evidence/whois/html/rik.html,yes,no,no,medium,query_name=rik | display_name=Rik Tik TIK BOOM! Served more than 157 kits | epithet_or_title=Tik TIK BOOM! Served more than 157 kits | role=Wright
whois_rik_1780880030,char_rik,Rik,rik-2,Maia,Retired,data/evidence/whois/text/rik-2.txt,data/evidence/whois/html/rik-2.html,yes,no,no,medium,query_name=rik | display_name=Rik Tik TIK BOOM! Served more than 157 kits | epithet_or_title=Tik TIK BOOM! Served more than 157 kits | role=Wright
whois_rik_1780880388,char_rik,Rik,rik-3,Maia,Retired,data/evidence/whois/text/rik-3.txt,data/evidence/whois/html/rik-3.html,yes,no,no,medium,query_name=rik | display_name=Rik Tik TIK BOOM! Served more than 157 kits | epithet_or_title=Tik TIK BOOM! Served more than 157 kits | role=Wright
whois_ainko_1780880761,,Ainko,ainko,Broadbeam Adventurer,Retired,data/evidence/whois/text/ainko.txt,data/evidence/whois/html/ainko.html,yes,no,no,medium,"query_name=ainko | display_name=Ainko the Dwarven Adventurer | epithet_or_title=the Dwarven Adventurer | Last login 1 year, 10 months, and 21 days ago."
whois_tauno_1780894014,char_tauno,Tauno,tauno-2,Dwarven Ranger,Retired,data/evidence/whois/text/tauno-2.txt,data/evidence/whois/html/tauno-2.html,yes,no,no,medium,"query_name=Tauno | display_name=Tauno Tumpelo, 7th Tumunzahar Battalion | epithet_or_title=Tumpelo, 7th Tumunzahar Battalion | Last login 20 years, 8 months, and 5 days ago from *.fi."
whois_aalio_1780895175,char_aalio,Aalio,aalio,Fallohide Hero,Retired,data/evidence/whois/text/aalio.txt,data/evidence/whois/html/aalio.html,yes,no,no,medium,"query_name=Aalio | display_name=Aalio Arvaamaton, Avenger Of Darkness | epithet_or_title=Arvaamaton, Avenger Of Darkness | Last login 21 years, 2 months, and 22 days ago from *.fi."
whois_aalio_1780897598,char_aalio,Aalio,aalio-2,Fallohide Hero,Retired,data/evidence/whois/text/aalio-2.txt,data/evidence/whois/html/aalio-2.html,yes,no,no,medium,"query_name=Aalio | display_name=Aalio Arvaamaton, Avenger Of Darkness | epithet_or_title=Arvaamaton, Avenger Of Darkness | Last login 21 years, 2 months, and 22 days ago from *.fi."
whois_aaz_1780897622,char_aaz,Aaz,aaz,Tarkhnarb Champion,Retired,data/evidence/whois/text/aaz.txt,data/evidence/whois/html/aaz.html,yes,no,no,medium,query_name=Aaz | display_name=Aaz the pervert | epithet_or_title=the pervert
whois_aaz_1780898558,char_aaz,Aaz,aaz-2,Tarkhnarb Champion,Retired,data/evidence/whois/text/aaz-2.txt,data/evidence/whois/html/aaz-2.html,yes,no,no,medium,query_name=aaz | display_name=Aaz the pervert | epithet_or_title=the pervert
whois_abraxas_1780898720,char_abraxas,Abraxas,abraxas,Dwarf,Retired,data/evidence/whois/text/abraxas.txt,data/evidence/whois/html/abraxas.html,yes,no,no,medium,query_name=Abraxas | display_name=Abraxas demands other souls | epithet_or_title=demands other souls | Last login 2 years and 8 days ago.
whois_acheron_1780898725,char_acheron,Acheron,acheron,Sindarin Champion,Retired,data/evidence/whois/text/acheron.txt,data/evidence/whois/html/acheron.html,yes,no,no,medium,"query_name=Acheron | display_name=Acheron | Last login 13 years, 2 months, and 13 days ago from [numerical address]."
whois_achilles_1780898731,char_achilles,Achilles,achilles,Dúnadan Hero,Retired,data/evidence/whois/text/achilles.txt,data/evidence/whois/html/achilles.html,yes,no,no,medium,"query_name=Achilles | display_name=Achilles the Wyrm, Captain of the White Tower | epithet_or_title=the Wyrm, Captain of the White Tower | Last login 4 months and 14 days ago from *.net."
whois_adanedhel_1780898742,char_adanedhel,Adanedhel,adanedhel,Man,Retired,data/evidence/whois/text/adanedhel.txt,data/evidence/whois/html/adanedhel.html,yes,no,no,medium,query_name=Adanedhel | display_name=Adanedhel the Master of Doom | epithet_or_title=the Master of Doom
whois_aegon_1780899052,char_aegon,Aegon,aegon,Man,,data/evidence/whois/text/aegon.txt,data/evidence/whois/html/aegon.html,yes,no,no,medium,"query_name=Aegon | display_name=Aegon Maethýn | epithet_or_title=Maethýn | Last login 7 years, 8 months, and 7 days ago from *.se."
whois_aew_1780899058,char_aew,Aew,aew,Elf,Retired,data/evidence/whois/text/aew.txt,data/evidence/whois/html/aew.html,yes,no,no,medium,query_name=Aew | display_name=Aew | Last login 17 years and 21 days ago.
whois_agân_1780899063,,Agân,agan,Tarkhnarb Shaman,Retired,data/evidence/whois/text/agan.txt,data/evidence/whois/html/agan.html,yes,no,no,medium,query_name=Agan | display_name=Agân
whois_agannardu_1780899074,char_agannardu,Agannardu,agannardu,Black Númenórean,Retired,data/evidence/whois/text/agannardu.txt,data/evidence/whois/html/agannardu.html,yes,no,no,medium,query_name=Agannardu | display_name=Agannardu Kathuphazagan | epithet_or_title=Kathuphazagan
whois_agarakhor_1780899080,char_agarakhor,Agarakhor,agarakhor,Black Númenórean Warlock,Retired,data/evidence/whois/text/agarakhor.txt,data/evidence/whois/html/agarakhor.html,yes,no,no,medium,query_name=Agarakhor | display_name=Agarakhor of Umbar | epithet_or_title=of Umbar
whois_aglar_1780899102,char_aglar,Aglar,aglar,Dwarven Battlemaster,Retired,data/evidence/whois/text/aglar.txt,data/evidence/whois/html/aglar.html,yes,no,no,medium,"query_name=Aglar | display_name=Aglar Soldier of Ironhills | epithet_or_title=Soldier of Ironhills | Last login 8 years, 8 months, and 22 days ago from *.eu."
whois_agonor_1780899107,char_agonor,Agonor,agonor,Dwarven Battlemaster,Retired,data/evidence/whois/text/agonor.txt,data/evidence/whois/html/agonor.html,yes,no,no,medium,"query_name=Agonor | display_name=Agonor Battlesoul, Guardian of Helm's Deep | epithet_or_title=Battlesoul, Guardian of Helm's Deep | Last login 15 years, 5 months, and 3 days ago from *.com."
whois_aielë_1780899113,,Aielë,aiele,Maia,Retired,data/evidence/whois/text/aiele.txt,data/evidence/whois/html/aiele.html,yes,no,no,medium,query_name=Aiele | display_name=Aielë Alenyá | epithet_or_title=Alenyá | role=Cartographer
whois_ajax_1780899129,char_ajax,Ajax,ajax,Maia,,data/evidence/whois/text/ajax.txt,data/evidence/whois/html/ajax.html,yes,no,no,medium,"query_name=Ajax | display_name=Ajax the Greater,Son of Telamon, Bane of Troy | epithet_or_title=the Greater,Son of Telamon, Bane of Troy"
whois_akhorahil_1780899135,char_akhorahil,Akhorahil,akhorahil,Black Númenórean Priest,Retired,data/evidence/whois/text/akhorahil.txt,data/evidence/whois/html/akhorahil.html,yes,no,no,medium,query_name=Akhorahil | display_name=Akhorahil
whois_alantir_1780899146,char_alantir,Alantir,alantir,Maia,Retired,data/evidence/whois/text/alantir.txt,data/evidence/whois/html/alantir.html,yes,no,no,medium,query_name=Alantir | display_name=Alantir Eriëndal | epithet_or_title=Eriëndal | role=Wright
whois_alázar_1780899152,,Alázar,alazar,Half-elven Patriarch,Retired,data/evidence/whois/text/alazar.txt,data/evidence/whois/html/alazar.html,yes,no,no,medium,"query_name=Alazar | display_name=Alázar | Last login 18 years, 7 months, and 30 days ago from [numerical address]."
whois_alcion_1780899157,char_alcion,Alcion,alcion,Sindarin Adventurer,Retired,data/evidence/whois/text/alcion.txt,data/evidence/whois/html/alcion.html,yes,no,no,medium,"query_name=Alcion | display_name=Alcion Agarwaen, forever dark | epithet_or_title=Agarwaen, forever dark | Last login 3 years, 5 months, and 2 days ago."
whois_alderik_1780899163,char_alderik,Alderik,alderik,Elf,Retired,data/evidence/whois/text/alderik.txt,data/evidence/whois/html/alderik.html,yes,no,no,medium,"query_name=Alderik | display_name=Alderik Frystar, The Crazy Idiot | epithet_or_title=Frystar, The Crazy Idiot | Last login 3 years, 6 months, and 20 days ago."
whois_alf_1780899168,char_alf,Alf,alf,Half-Elf,,data/evidence/whois/text/alf.txt,data/evidence/whois/html/alf.html,yes,no,no,medium,query_name=Alf | display_name=Alf
whois_alfank_1780899174,char_alfank,Alfank,alfank,Dwarf,Retired,data/evidence/whois/text/alfank.txt,data/evidence/whois/html/alfank.html,yes,no,no,medium,"query_name=Alfank | display_name=Alfank the Spellblade | epithet_or_title=the Spellblade | Last login 11 years, 10 months, and 28 days ago."
whois_alfo_1780899179,char_alfo,Alfo,alfo,Elf,Retired,data/evidence/whois/text/alfo.txt,data/evidence/whois/html/alfo.html,yes,no,no,medium,"query_name=Alfo | display_name=Alfo La Isla Bonita | epithet_or_title=La Isla Bonita | Last login 20 years, 4 months, and 28 days ago."
whois_alfrim_1780899237,char_alfrim,Alfrim,alfrim,Elf,Retired,data/evidence/whois/text/alfrim.txt,data/evidence/whois/html/alfrim.html,yes,no,no,medium,"query_name=Alfrim | display_name=Alfrim | Last login 17 years, 3 months, and 3 days ago."
whois_algaron_1780899243,char_algaron,Algaron,algaron,Silvan Hero,Retired,data/evidence/whois/text/algaron.txt,data/evidence/whois/html/algaron.html,yes,no,no,medium,"query_name=Algaron | display_name=Algaron the Noble Elf | epithet_or_title=the Noble Elf | Last login 3 years, 6 months, and 26 days ago from [numerical address]."
whois_alhádar_1780899248,,Alhádar,alhadar,Elf,Retired,data/evidence/whois/text/alhadar.txt,data/evidence/whois/html/alhadar.html,yes,no,no,medium,"query_name=Alhadar | display_name=Alhádar the Rampant Preacher | epithet_or_title=the Rampant Preacher | Last login 12 years, 2 months, and 25 days ago."
whois_ali_1780899254,char_ali,Ali,ali,Firebeard Battlemaster,Retired,data/evidence/whois/text/ali.txt,data/evidence/whois/html/ali.html,yes,no,no,medium,query_name=Ali | display_name=Ali G in da house | epithet_or_title=G in da house
whois_alicia_1780899259,char_alicia,Alicia,alicia,Dwarven Weaponsmistress,Retired,data/evidence/whois/text/alicia.txt,data/evidence/whois/html/alicia.html,yes,no,no,medium,query_name=Alicia | display_name=Alicia the creep | epithet_or_title=the creep | Last login 17 years and 30 days ago from *.se.
whois_alizee_1780899265,char_alizee,Alizee,alizee,Sindarin Adventurer,Retired,data/evidence/whois/text/alizee.txt,data/evidence/whois/html/alizee.html,yes,no,no,medium,query_name=Alizee | display_name=Alizee | Last login 16 years and 11 days ago from [numerical address].
whois_alkar_1780899270,char_alkar,Alkar,alkar,Vala,Retired,data/evidence/whois/text/alkar.txt,data/evidence/whois/html/alkar.html,yes,no,no,medium,query_name=Alkar | display_name=Alkar the Radiant | epithet_or_title=the Radiant | role=Mudller
whois_almarian_1780899276,char_almarian,Almarian,almarian,Maia,,data/evidence/whois/text/almarian.txt,data/evidence/whois/html/almarian.html,yes,no,no,medium,"query_name=Almarian | display_name=Almarian - Queen of Númenor, Beloved of Meneldur | epithet_or_title=- Queen of Númenor, Beloved of Meneldur | role=Shaper"
whois_alvedon_1780899281,char_alvedon,Alvedon,alvedon,Sindarin Witch,Retired,data/evidence/whois/text/alvedon.txt,data/evidence/whois/html/alvedon.html,yes,no,no,medium,"query_name=Alvedon | display_name=Alvedon Aerodynamic [NSL] | epithet_or_title=Aerodynamic [NSL] | Last login 19 years, 1 month, and 24 days ago from *.se."
whois_alwëon_1780899287,,Alwëon,alweon,Noldorin Sage,Retired,data/evidence/whois/text/alweon.txt,data/evidence/whois/html/alweon.html,yes,no,no,medium,"query_name=Alweon | display_name=Alwëon of Old | epithet_or_title=of Old | Last login 5 years, 1 month, and 14 days ago."
whois_amandil_1780899292,char_amandil,Amandil,amandil,Vala,Retired,data/evidence/whois/text/amandil.txt,data/evidence/whois/html/amandil.html,yes,no,no,medium,query_name=Amandil | display_name=Amandil the Last Lord of Andúnië | epithet_or_title=the Last Lord of Andúnië | role=Architect
whois_amarant_1780899303,char_amarant,Amarant,amarant,Half-elven Champion,Retired,data/evidence/whois/text/amarant.txt,data/evidence/whois/html/amarant.html,yes,no,no,medium,"query_name=Amarant | display_name=Amarant Silverleaf, Chieftain of Doriath | epithet_or_title=Silverleaf, Chieftain of Doriath"
whois_amàrië_1780899309,,Amàrië,amarie,Elf,Retired,data/evidence/whois/text/amarie.txt,data/evidence/whois/html/amarie.html,yes,no,no,medium,query_name=Amarie | display_name=Amàrië of Valinor | epithet_or_title=of Valinor | Last login 23 years and 18 days ago.
whois_ambolt_1780899314,char_ambolt,Ambolt,ambolt,Dwarf,Retired,data/evidence/whois/text/ambolt.txt,data/evidence/whois/html/ambolt.html,yes,no,no,medium,"query_name=Ambolt | display_name=Ambolt HO! | epithet_or_title=HO! | Last login 17 years, 1 month, and 12 days ago."
whois_amdír_1780899320,,Amdír,amdir,Sindarin Hunter,Retired,data/evidence/whois/text/amdir.txt,data/evidence/whois/html/amdir.html,yes,no,no,medium,"query_name=Amdir | display_name=Amdír of Lothlórien, one of the Galadhrim | epithet_or_title=of Lothlórien, one of the Galadhrim | Last login 13 years, 2 months, and 9 days ago from [numerical address]."
whois_amelia_1780899325,char_amelia,Amelia,amelia,Noldorin Mistress of Healing,Retired,data/evidence/whois/text/amelia.txt,data/evidence/whois/html/amelia.html,yes,no,no,medium,query_name=Amelia | display_name=Amelia Wil Tesla Saillune | epithet_or_title=Wil Tesla Saillune | Last login 10 years and 23 days ago from *.com.
whois_anaconda_1780899331,char_anaconda,Anaconda,anaconda,Orc,Retired,data/evidence/whois/text/anaconda.txt,data/evidence/whois/html/anaconda.html,yes,no,no,medium,query_name=Anaconda | display_name=Anaconda the Solid Snake | epithet_or_title=the Solid Snake
whois_anardil_1780899336,char_anardil,Anardil,anardil,Dúnadan Warden,Retired,data/evidence/whois/text/anardil.txt,data/evidence/whois/html/anardil.html,yes,no,no,medium,"query_name=Anardil | display_name=Anardil of Gondor, Sixth in the Line of Kings | epithet_or_title=of Gondor, Sixth in the Line of Kings | Last login 16 years and 7 days ago from [numerical address]."
whois_ancalimon_1780899342,char_ancalimon,Ancalimon,ancalimon,Man,Retired,data/evidence/whois/text/ancalimon.txt,data/evidence/whois/html/ancalimon.html,yes,no,no,medium,"query_name=Ancalimon | display_name=Ancalimon | Last login 18 years, 4 months, and 5 days ago."
whois_andore_1780899358,char_andore,Andore,andore,Cave Troll Warrior,Retired,data/evidence/whois/text/andore.txt,data/evidence/whois/html/andore.html,yes,no,no,medium,query_name=Andore | display_name=Andore Jr. | epithet_or_title=Jr.
whois_andris_1780899364,char_andris,Andris,andris,Dwarven Battlemaster,Retired,data/evidence/whois/text/andris.txt,data/evidence/whois/html/andris.html,yes,no,no,medium,"query_name=Andris | display_name=Andris - the Mountain Dwarf | epithet_or_title=- the Mountain Dwarf | Last login 24 years, 8 months, and 16 days ago from *.org."
whois_anézka_1780899369,,Anézka,anezka,Black Númenórean,Retired,data/evidence/whois/text/anezka.txt,data/evidence/whois/html/anezka.html,yes,no,no,medium,query_name=Anezka | display_name=Anézka the Vampiric Nun | epithet_or_title=the Vampiric Nun
whois_anneilbalkassoon_1780899380,char_anneilbalkassoon,AnneilBalkassoon,anneilbalkassoon,Troll,Retired,data/evidence/whois/text/anneilbalkassoon.txt,data/evidence/whois/html/anneilbalkassoon.html,yes,no,no,medium,query_name=AnneilBalkassoon | display_name=AnneilBalkassoon the Olog-hai | epithet_or_title=the Olog-hai
whois_anner_1780899386,char_anner,Anner,anner,Orc,Retired,data/evidence/whois/text/anner.txt,data/evidence/whois/html/anner.html,yes,no,no,medium,query_name=Anner | display_name=Anner
whois_anólad_1780899397,,Anólad,anolad,discord bot is a Maia,,data/evidence/whois/text/anolad.txt,data/evidence/whois/html/anolad.html,yes,no,no,medium,query_name=Anolad | display_name=Anólad | role=Cartographer
whois_anselmo_1780899402,char_anselmo,Anselmo,anselmo,Troll,Retired,data/evidence/whois/text/anselmo.txt,data/evidence/whois/html/anselmo.html,yes,no,no,medium,query_name=Anselmo | display_name=Anselmo the Pillar of Eternity | epithet_or_title=the Pillar of Eternity
whois_antar_1780899408,char_antar,Antar,antar,Beorning Hero,Retired,data/evidence/whois/text/antar.txt,data/evidence/whois/html/antar.html,yes,no,no,medium,"query_name=Antar | display_name=Antar of Anduin Vale, Bear of the White Tower | epithet_or_title=of Anduin Vale, Bear of the White Tower | Last login 3 years, 9 months, and 3 days ago from [numerical address]."
whois_anton_1780899413,char_anton,Anton,anton,Silvan Wizard,Retired,data/evidence/whois/text/anton.txt,data/evidence/whois/html/anton.html,yes,no,no,medium,"query_name=Anton | display_name=Anton Gorodeckij | epithet_or_title=Gorodeckij | Last login 15 years, 6 months, and 11 days ago from [numerical address]."
whois_aragil_1780899419,char_aragil,Aragil,aragil,Half-Elf,Retired,data/evidence/whois/text/aragil.txt,data/evidence/whois/html/aragil.html,yes,no,no,medium,"query_name=Aragil | display_name=Aragil the Noble Star | epithet_or_title=the Noble Star | Last login 18 years, 1 month, and 20 days ago."
whois_araglas_1780899424,char_araglas,Araglas,araglas,Man,Retired,data/evidence/whois/text/araglas.txt,data/evidence/whois/html/araglas.html,yes,no,no,medium,"query_name=Araglas | display_name=Araglas Rider of Westmark | epithet_or_title=Rider of Westmark | Last login 12 years, 8 months, and 19 days ago."
whois_arakon_1780899430,char_arakon,Arakon,arakon,Beorning Hero,Retired,data/evidence/whois/text/arakon.txt,data/evidence/whois/html/arakon.html,yes,no,no,medium,"query_name=Arakon | display_name=Arakon Trarkorn | epithet_or_title=Trarkorn | Last login 5 years, 10 months, and 17 days ago from *.net."
whois_aram_1780899435,char_aram,Aram,aram,Eriadorian Hero,Retired,data/evidence/whois/text/aram.txt,data/evidence/whois/html/aram.html,yes,no,no,medium,"query_name=Aram | display_name=Aram | Last login 6 years, 7 months, and 9 days ago from *.com."
whois_aranka_1780899441,char_aranka,Aranka,aranka,Dwarf,Retired,data/evidence/whois/text/aranka.txt,data/evidence/whois/html/aranka.html,yes,no,no,medium,query_name=Aranka | display_name=Aranka the Gypsy Queen | epithet_or_title=the Gypsy Queen | Last login 19 years and 8 days ago.
whois_ardent_1780899446,char_ardent,Ardent,ardent,Dwarven Patriarch,Retired,data/evidence/whois/text/ardent.txt,data/evidence/whois/html/ardent.html,yes,no,no,medium,"query_name=Ardent | display_name=Ardent the Faithful, Prophet of Durin's Army | epithet_or_title=the Faithful, Prophet of Durin's Army | Last login 6 months ago from [numerical address]."
whois_arelia_1780899452,char_arelia,Arelia,arelia,Sindarin Witch,Retired,data/evidence/whois/text/arelia.txt,data/evidence/whois/html/arelia.html,yes,no,no,medium,"query_name=Arelia | display_name=Arelia thanks a lot actionusers Sharmak Vitamin | epithet_or_title=thanks a lot actionusers Sharmak Vitamin | Last login 18 years, 1 month, and 28 days ago from *.ee."
whois_ares_1780899458,char_ares,Ares,ares,Maia,Retired,data/evidence/whois/text/ares.txt,data/evidence/whois/html/ares.html,yes,no,no,medium,query_name=Ares | display_name=Ares the monkey trainer | epithet_or_title=the monkey trainer
whois_arglebargle_1780899463,char_arglebargle,Arglebargle,arglebargle,Tarkhnarb Shaman,Retired,data/evidence/whois/text/arglebargle.txt,data/evidence/whois/html/arglebargle.html,yes,no,no,medium,query_name=Arglebargle | display_name=Arglebargle
whois_arhar_1780899469,char_arhar,Arhar,arhar,Noldorin Hero,Retired,data/evidence/whois/text/arhar.txt,data/evidence/whois/html/arhar.html,yes,no,no,medium,"query_name=Arhar | display_name=Arhar the Old mountain billy-goat | epithet_or_title=the Old mountain billy-goat | Last login 19 years, 4 months, and 18 days ago from [numerical address]."
whois_aris_1780899485,char_aris,Aris,aris,Maia,,data/evidence/whois/text/aris.txt,data/evidence/whois/html/aris.html,yes,no,no,medium,query_name=Aris | display_name=Aris -- its all about numbers | epithet_or_title=-- its all about numbers
whois_arkine_1780899496,char_arkine,Arkine,arkine,Tarkhnarb Soldier,Retired,data/evidence/whois/text/arkine.txt,data/evidence/whois/html/arkine.html,yes,no,no,medium,query_name=Arkine | display_name=Arkine waiting for the M&A beast to return | epithet_or_title=waiting for the M&A beast to return
whois_arla_1780899502,char_arla,Arla,arla,Vala,Retired,data/evidence/whois/text/arla.txt,data/evidence/whois/html/arla.html,yes,no,no,medium,query_name=Arla | display_name=Arla the Scholar of Mudlle | epithet_or_title=the Scholar of Mudlle | role=Mudller
whois_arn_1780899507,char_arn,Arn,arn,Eriadorian Soldier,Retired,data/evidence/whois/text/arn.txt,data/evidence/whois/html/arn.html,yes,no,no,medium,"query_name=Arn | display_name=Arn de Gothia | epithet_or_title=de Gothia | Last login 4 years, 2 months, and 16 days ago."
whois_arte_1780902662,char_arte,Arte,arte,Eriadorian Battlemaster,Retired,data/evidence/whois/text/arte.txt,data/evidence/whois/html/arte.html,yes,no,no,medium,query_name=Arte | display_name=Arte the Arda Roamer | epithet_or_title=the Arda Roamer | Last login 23 years and 27 days ago from *.net.
whois_aschit_1780902678,char_aschit,Aschit,aschit,Rohirric Hunter,Retired,data/evidence/whois/text/aschit.txt,data/evidence/whois/html/aschit.html,yes,no,no,medium,"query_name=Aschit | display_name=Aschit the Geriatric Bard | epithet_or_title=the Geriatric Bard | Last login 18 years, 6 months, and 16 days ago from *.com."
whois_ashmash_1780902689,char_ashmash,Ashmash,ashmash,Tarkhnarb Champion,Retired,data/evidence/whois/text/ashmash.txt,data/evidence/whois/html/ashmash.html,yes,no,no,medium,query_name=Ashmash | display_name=Ashmash Mishmash Lameass | epithet_or_title=Mishmash Lameass
whois_asmandeus_1780902695,char_asmandeus,Asmandeus,asmandeus,Elf,Retired,data/evidence/whois/text/asmandeus.txt,data/evidence/whois/html/asmandeus.html,yes,no,no,medium,"query_name=Asmandeus | display_name=Asmandeus Acalladem of House Acalladem | epithet_or_title=Acalladem of House Acalladem | Last login 16 years, 9 months, and 14 days ago."
whois_athela_1780902711,char_athela,Athela,athela,Silvan Ranger,Retired,data/evidence/whois/text/athela.txt,data/evidence/whois/html/athela.html,yes,no,no,medium,"query_name=Athela | display_name=Athela Athlorion, Lightbringer | epithet_or_title=Athlorion, Lightbringer | Last login 2 years, 3 months, and 4 days ago from *.ee."
whois_atlas_1780902717,char_atlas,Atlas,atlas,Maia,Retired,data/evidence/whois/text/atlas.txt,data/evidence/whois/html/atlas.html,yes,no,no,medium,query_name=Atlas | display_name=Atlas the Ambassador of Mojn | epithet_or_title=the Ambassador of Mojn | role=Cartographer
whois_auriane_1780902728,char_auriane,Auriane,auriane,Maia,,data/evidence/whois/text/auriane.txt,data/evidence/whois/html/auriane.html,yes,no,no,medium,query_name=Auriane | display_name=Auriane Daughter of the Light | epithet_or_title=Daughter of the Light
whois_ausir_1780902733,char_ausir,Ausir,ausir,Vala,Retired,data/evidence/whois/text/ausir.txt,data/evidence/whois/html/ausir.html,yes,no,no,medium,query_name=Ausir | display_name=Ausir | role=Architect
whois_avenir_1780902739,char_avenir,Avenir,avenir,Man,Retired,data/evidence/whois/text/avenir.txt,data/evidence/whois/html/avenir.html,yes,no,no,medium,query_name=Avenir | display_name=Avenir Inevitable | epithet_or_title=Inevitable | Last login 7 years and 10 days ago.
whois_awesome_1780902744,char_awesome,Awesome,awesome,Hill Troll Warrior,Retired,data/evidence/whois/text/awesome.txt,data/evidence/whois/html/awesome.html,yes,no,no,medium,query_name=Awesome | display_name=Awesome ! | epithet_or_title=!
whois_axel_1780902750,char_axel,Axel,axel,Vala,Retired,data/evidence/whois/text/axel.txt,data/evidence/whois/html/axel.html,yes,no,no,medium,query_name=Axel | display_name=Axel erator | epithet_or_title=erator | role=Mudller
whois_azalyn_1780902755,char_azalyn,Azalyn,azalyn,Noldorin Scholar,Retired,data/evidence/whois/text/azalyn.txt,data/evidence/whois/html/azalyn.html,yes,no,no,medium,"query_name=Azalyn | display_name=Azalyn Goza XVI | epithet_or_title=Goza XVI | Last login 23 years, 2 months, and 26 days ago from *.be."
whois_azazhel_1780902761,char_azazhel,Azazhel,azazhel,Tarkhnarb Rider,Retired,data/evidence/whois/text/azazhel.txt,data/evidence/whois/html/azazhel.html,yes,no,no,medium,query_name=Azazhel | display_name=Azazhel the Fallen | epithet_or_title=the Fallen
whois_azg_1780902766,char_azg,Azg,azg,Orc,,data/evidence/whois/text/azg.txt,data/evidence/whois/html/azg.html,yes,no,no,medium,query_name=Azg | display_name=Azg the War Grinder | epithet_or_title=the War Grinder
whois_azmodan_1780902777,char_azmodan,Azmodan,azmodan,Tarkhnarb Battlemaster,Retired,data/evidence/whois/text/azmodan.txt,data/evidence/whois/html/azmodan.html,yes,no,no,medium,"query_name=Azmodan | display_name=Azmodan ar-Rasha, Black Beast of Isengard | epithet_or_title=ar-Rasha, Black Beast of Isengard"
whois_baalrukh_1780902788,char_baalrukh,Baalrukh,baalrukh,Tarkhnarb Warrior,,data/evidence/whois/text/baalrukh.txt,data/evidence/whois/html/baalrukh.html,yes,no,no,medium,query_name=Baalrukh | display_name=Baalrukh
whois_babai_1780902794,char_babai,Babai,babai,Dwarf,Retired,data/evidence/whois/text/babai.txt,data/evidence/whois/html/babai.html,yes,no,no,medium,"query_name=Babai | display_name=Babai has, had and will have you... | epithet_or_title=has, had and will have you... | Last login 3 years, 4 months, and 13 days ago."
whois_badur_1780902805,char_badur,Badur,badur,Dwarf,Retired,data/evidence/whois/text/badur.txt,data/evidence/whois/html/badur.html,yes,no,no,medium,"query_name=Badur | display_name=Badur Redbeard | epithet_or_title=Redbeard | Last login 18 years, 8 months, and 22 days ago."
whois_bagger_1780902810,char_bagger,Bagger,bagger,Dwarf,Retired,data/evidence/whois/text/bagger.txt,data/evidence/whois/html/bagger.html,yes,no,no,medium,query_name=Bagger | display_name=Bagger
whois_baghtru_1780902816,char_baghtru,Baghtru,baghtru,Orkish Veteran,Retired,data/evidence/whois/text/baghtru.txt,data/evidence/whois/html/baghtru.html,yes,no,no,medium,"query_name=Baghtru | display_name=Baghtru B, Defender of the Outpost | epithet_or_title=B, Defender of the Outpost"
whois_bah_1780902821,char_bah,Bah,bah,Orc,Retired,data/evidence/whois/text/bah.txt,data/evidence/whois/html/bah.html,yes,no,no,medium,query_name=Bah | display_name=Bah the Warchief | epithet_or_title=the Warchief
whois_bairanax_1780902827,char_bairanax,Bairanax,bairanax,Maia,Retired,data/evidence/whois/text/bairanax.txt,data/evidence/whois/html/bairanax.html,yes,no,no,medium,query_name=Bairanax | display_name=Bairanax SUCH A BAD GAME I CUD DRAW A BETTER | epithet_or_title=SUCH A BAD GAME I CUD DRAW A BETTER
whois_bajun_1780902832,char_bajun,Bajun,bajun,Silvan Mercenary,Retired,data/evidence/whois/text/bajun.txt,data/evidence/whois/html/bajun.html,yes,no,no,medium,query_name=Bajun | display_name=Bajun | Last login 23 years and 14 days ago from *.net.
whois_balder_1780902838,char_balder,Balder,balder,Hobbit,Retired,data/evidence/whois/text/balder.txt,data/evidence/whois/html/balder.html,yes,no,no,medium,"query_name=Balder | display_name=Balder | Last login 18 years, 9 months, and 17 days ago."
whois_baldwin_1780902843,char_baldwin,Baldwin,baldwin,Dwarf,Retired,data/evidence/whois/text/baldwin.txt,data/evidence/whois/html/baldwin.html,yes,no,no,medium,"query_name=Baldwin | display_name=Baldwin | Last login 14 years, 7 months, and 18 days ago."
whois_baldy_1780902849,char_baldy,Baldy,baldy,Black Númenórean Priest,Retired,data/evidence/whois/text/baldy.txt,data/evidence/whois/html/baldy.html,yes,no,no,medium,query_name=Baldy | display_name=Baldy Monk | epithet_or_title=Monk
whois_balin_1780902854,char_balin,Balin,balin,Dwarven Battlemaster,Retired,data/evidence/whois/text/balin.txt,data/evidence/whois/html/balin.html,yes,no,no,medium,"query_name=Balin | display_name=Balin son of Fundin, Lord of Moria | epithet_or_title=son of Fundin, Lord of Moria | Last login 18 years and 3 months ago from *.se."
whois_balthazar_1780902860,char_balthazar,Balthazar,balthazar,Black Númenórean Wizard,Retired,data/evidence/whois/text/balthazar.txt,data/evidence/whois/html/balthazar.html,yes,no,no,medium,"query_name=Balthazar | display_name=Balthazar Bojangles, Black Numeniowan Manamaniac | epithet_or_title=Bojangles, Black Numeniowan Manamaniac"
whois_bambi_1780902871,char_bambi,Bambi,bambi,Hill Troll Fighter,Retired,data/evidence/whois/text/bambi.txt,data/evidence/whois/html/bambi.html,yes,no,no,medium,query_name=Bambi | display_name=Bambi BouNdErsLayEr | epithet_or_title=BouNdErsLayEr
whois_baphomet_1780902882,char_baphomet,Baphomet,baphomet,Black Númenórean Envoy,Retired,data/evidence/whois/text/baphomet.txt,data/evidence/whois/html/baphomet.html,yes,no,no,medium,query_name=Baphomet | display_name=Baphomet the Slaughter Priest | epithet_or_title=the Slaughter Priest
whois_baradul_1780902893,char_baradul,Baradul,baradul,Dwarven Fighter,Retired,data/evidence/whois/text/baradul.txt,data/evidence/whois/html/baradul.html,yes,no,no,medium,"query_name=Baradul | display_name=Baradul The Dark | epithet_or_title=The Dark | Last login 20 years, 8 months, and 24 days ago from *.net."
whois_barak_1780902898,char_barak,Barak,barak,Dwarven Hero,Retired,data/evidence/whois/text/barak.txt,data/evidence/whois/html/barak.html,yes,no,no,medium,"query_name=Barak | display_name=Barak the smelly dwarf | epithet_or_title=the smelly dwarf | Last login 21 years, 2 months, and 29 days ago from *.fi."
whois_baresark_1780902904,char_baresark,Baresark,baresark,Tarkhnarb Battlemaster,Retired,data/evidence/whois/text/baresark.txt,data/evidence/whois/html/baresark.html,yes,no,no,medium,query_name=Baresark | display_name=Baresark Bummer | epithet_or_title=Bummer
whois_barlok_1780902909,char_barlok,Barlok,barlok,Dwarf,Retired,data/evidence/whois/text/barlok.txt,data/evidence/whois/html/barlok.html,yes,no,no,medium,"query_name=Barlok | display_name=Barlok | Last login 11 years, 3 months, and 19 days ago."
whois_barnes_1780902915,char_barnes,Barnes,barnes,Beorning Adventurer,Retired,data/evidence/whois/text/barnes.txt,data/evidence/whois/html/barnes.html,yes,no,no,medium,"query_name=Barnes | display_name=Barnes | Last login 16 years, 3 months, and 6 days ago from [numerical address]."
whois_basha_1780902920,char_basha,Basha,basha,Hill Troll Wrecker,Retired,data/evidence/whois/text/basha.txt,data/evidence/whois/html/basha.html,yes,no,no,medium,query_name=Basha | display_name=Basha Bashinski - Trollhole Engineer | epithet_or_title=Bashinski - Trollhole Engineer
whois_basta_1780902931,char_basta,Basta,basta,Orc,Retired,data/evidence/whois/text/basta.txt,data/evidence/whois/html/basta.html,yes,no,no,medium,query_name=Basta | display_name=Basta Finland | epithet_or_title=Finland
whois_bastantor_1780902937,char_bastantor,Bastantor,bastantor,Dwarf,Retired,data/evidence/whois/text/bastantor.txt,data/evidence/whois/html/bastantor.html,yes,no,no,medium,"query_name=Bastantor | display_name=Bastantor Blashyrkh | epithet_or_title=Blashyrkh | Last login 7 years, 8 months, and 7 days ago."
whois_bastion_1780902942,char_bastion,Bastion,bastion,Elf,Retired,data/evidence/whois/text/bastion.txt,data/evidence/whois/html/bastion.html,yes,no,no,medium,query_name=Bastion | display_name=Bastion
whois_bates_1780902953,char_bates,Bates,bates,Tarkhnarb Shaman,Retired,data/evidence/whois/text/bates.txt,data/evidence/whois/html/bates.html,yes,no,no,medium,"query_name=Bates | display_name=Bates the Warpig, knows Shamans sucks but | epithet_or_title=the Warpig, knows Shamans sucks but"
whois_batpoop_1780902959,char_batpoop,Batpoop,batpoop,Cave Troll Wrecker,,data/evidence/whois/text/batpoop.txt,data/evidence/whois/html/batpoop.html,yes,no,no,medium,"query_name=Batpoop | display_name=Batpoop, your source of self destruction, | epithet_or_title=, your source of self destruction,"
whois_baûrk_1780902964,,Baûrk,baurk,Tarkhnarb Rider,,data/evidence/whois/text/baurk.txt,data/evidence/whois/html/baurk.html,yes,no,no,medium,query_name=Baurk | display_name=Baûrk Bloodthirst BrekâWwl | epithet_or_title=Bloodthirst BrekâWwl
whois_bearnas_1780902975,char_bearnas,Bearnas,bearnas,Elf,Retired,data/evidence/whois/text/bearnas.txt,data/evidence/whois/html/bearnas.html,yes,no,no,medium,"query_name=Bearnas | display_name=Bearnas | Last login 20 years, 10 months, and 1 day ago."
whois_beastly_1780902981,char_beastly,Beastly,beastly,Cave Troll Fighter,Retired,data/evidence/whois/text/beastly.txt,data/evidence/whois/html/beastly.html,yes,no,no,medium,query_name=Beastly | display_name=Beastly
whois_beat_1780902986,char_beat,Beat,beat,Troll,Retired,data/evidence/whois/text/beat.txt,data/evidence/whois/html/beat.html,yes,no,no,medium,query_name=Beat | display_name=Beat
whois_beleghir_1780902992,char_beleghir,Beleghir,beleghir,Dwarven Battlemaster,Retired,data/evidence/whois/text/beleghir.txt,data/evidence/whois/html/beleghir.html,yes,no,no,medium,"query_name=Beleghir | display_name=Beleghir | Last login 17 years, 10 months, and 29 days ago from *.net."
whois_bellows_1780903008,char_bellows,Bellows,bellows,Dwarven Warrior,Retired,data/evidence/whois/text/bellows.txt,data/evidence/whois/html/bellows.html,yes,no,no,medium,"query_name=Bellows | display_name=Bellows the Dwarven Warrior | epithet_or_title=the Dwarven Warrior | Last login 8 years, 2 months, and 25 days ago from *.se."
whois_belrun_1780903014,char_belrun,Belrun,belrun,Orc,Retired,data/evidence/whois/text/belrun.txt,data/evidence/whois/html/belrun.html,yes,no,no,medium,query_name=Belrun | display_name=Belrun de Sad | epithet_or_title=de Sad
whois_beltira_1780903019,char_beltira,Beltira,beltira,Sindarin Hero,Retired,data/evidence/whois/text/beltira.txt,data/evidence/whois/html/beltira.html,yes,no,no,medium,"query_name=Beltira | display_name=Beltira Blåtira | epithet_or_title=Blåtira | Last login 4 years, 4 months, and 20 days ago from *.se."
whois_bêlzagar_1780903025,,Bêlzagar,belzagar,Black Númenórean Envoy,Retired,data/evidence/whois/text/belzagar.txt,data/evidence/whois/html/belzagar.html,yes,no,no,medium,query_name=Belzagar | display_name=Bêlzagar
whois_bëogul_1780903036,,Bëogul,beogul,Beorning Warrior,Retired,data/evidence/whois/text/beogul.txt,data/evidence/whois/html/beogul.html,yes,no,no,medium,"query_name=Beogul | display_name=Bëogul | Last login 23 years, 7 months, and 27 days ago from *.com."
whois_beorel_1780903041,char_beorel,Beorel,beorel,Man,Retired,data/evidence/whois/text/beorel.txt,data/evidence/whois/html/beorel.html,yes,no,no,medium,query_name=Beorel | display_name=Beorel of Eriador | epithet_or_title=of Eriador | Last login 20 years and 18 days ago.
whois_beowulf_1780903047,char_beowulf,Beowulf,beowulf,Man,Retired,data/evidence/whois/text/beowulf.txt,data/evidence/whois/html/beowulf.html,yes,no,no,medium,"query_name=Beowulf | display_name=Beowulf | Last login 16 years, 10 months, and 25 days ago."
whois_beremon_1780903053,char_beremon,Beremon,beremon,Half-Elf,Retired,data/evidence/whois/text/beremon.txt,data/evidence/whois/html/beremon.html,yes,no,no,medium,query_name=Beremon | display_name=Beremon
whois_berg_1780903058,char_berg,Berg,berg,"not a mage, cleric, or Swedish is a level twenty-six Black Númenórean Ranger",Retired,data/evidence/whois/text/berg.txt,data/evidence/whois/html/berg.html,yes,no,no,medium,query_name=Berg | display_name=Berg
whois_berin_1780903064,char_berin,Berin,berin,Noldorin Wizard,,data/evidence/whois/text/berin.txt,data/evidence/whois/html/berin.html,yes,no,no,medium,query_name=Berin | display_name=Berin the Grey Wizard | epithet_or_title=the Grey Wizard | Last login 1 month and 28 days ago from [numerical address].
whois_beruska_1780903075,char_beruska,Beruska,beruska,Dwarf,Retired,data/evidence/whois/text/beruska.txt,data/evidence/whois/html/beruska.html,yes,no,no,medium,query_name=Beruska | display_name=Beruska Sedmitecna | epithet_or_title=Sedmitecna | Last login 1 month and 29 days ago.
whois_betty_1780903080,char_betty,Betty,betty,Beorning Champion,Retired,data/evidence/whois/text/betty.txt,data/evidence/whois/html/betty.html,yes,no,no,medium,"query_name=Betty | display_name=Betty | Last login 22 years, 10 months, and 24 days ago from *.org."
whois_bian_1780903086,char_bian,Bian,bian,Hobbit,Retired,data/evidence/whois/text/bian.txt,data/evidence/whois/html/bian.html,yes,no,no,medium,"query_name=Bian | display_name=Bian Took | epithet_or_title=Took | Last login 12 years, 6 months, and 25 days ago."
whois_bianca_1780903091,char_bianca,Bianca,bianca,Dúnadan Adventurer,Retired,data/evidence/whois/text/bianca.txt,data/evidence/whois/html/bianca.html,yes,no,no,medium,"query_name=Bianca | display_name=Bianca | Last login 4 years, 1 month, and 11 days ago from *.net."
whois_bianthor_1780903097,char_bianthor,Bianthor,bianthor,Rohirric Hero,Retired,data/evidence/whois/text/bianthor.txt,data/evidence/whois/html/bianthor.html,yes,no,no,medium,"query_name=Bianthor | display_name=Bianthor Bluehair, the Animist of Rohan | epithet_or_title=Bluehair, the Animist of Rohan | Last login 2 years, 6 months, and 15 days ago."
whois_bifur_1780903102,char_bifur,Bifur,bifur,Dwarven Hero,Retired,data/evidence/whois/text/bifur.txt,data/evidence/whois/html/bifur.html,yes,no,no,medium,"query_name=Bifur | display_name=Bifur Blackbeard, Priest of Helm's Deep | epithet_or_title=Blackbeard, Priest of Helm's Deep | Last login 1 year, 8 months, and 19 days ago from [numerical address]."
whois_bigger_1780903113,char_bigger,Bigger,bigger,Dwarf,Retired,data/evidence/whois/text/bigger.txt,data/evidence/whois/html/bigger.html,yes,no,no,medium,"query_name=Bigger | display_name=Bigger Weapon, Bigger Damage! | epithet_or_title=Weapon, Bigger Damage!"
whois_bijec_1780903119,char_bijec,Bijec,bijec,Orc,Retired,data/evidence/whois/text/bijec.txt,data/evidence/whois/html/bijec.html,yes,no,no,medium,query_name=Bijec | display_name=Bijec The Damned Knight | epithet_or_title=The Damned Knight
whois_bizarre_1780903136,char_bizarre,Bizarre,bizarre,Half-elven Heroine,Retired,data/evidence/whois/text/bizarre.txt,data/evidence/whois/html/bizarre.html,yes,no,no,medium,"query_name=Bizarre | display_name=Bizarre Bizarrini | epithet_or_title=Bizarrini | Last login 23 years, 6 months, and 18 days ago from *.ee."
whois_björn_1780903141,,Björn,bjorn,Maia,,data/evidence/whois/text/bjorn.txt,data/evidence/whois/html/bjorn.html,yes,no,no,medium,query_name=Bjorn | display_name=Björn Doesn't Care Who's Running; I'm Voting f | epithet_or_title=Doesn't Care Who's Running; I'm Voting f | role=Builder
whois_blackfoot_1780903147,char_blackfoot,Blackfoot,blackfoot,Tarkhnarb Rider,Retired,data/evidence/whois/text/blackfoot.txt,data/evidence/whois/html/blackfoot.html,yes,no,no,medium,"query_name=Blackfoot | display_name=Blackfoot the Wolfrider, Original Cajun Cannibal | epithet_or_title=the Wolfrider, Original Cajun Cannibal"
whois_blizzard_1780903158,char_blizzard,Blizzard,blizzard,Dwarven Scholar,Retired,data/evidence/whois/text/blizzard.txt,data/evidence/whois/html/blizzard.html,yes,no,no,medium,"query_name=Blizzard | display_name=Blizzard the Converted | epithet_or_title=the Converted | Last login 19 years, 5 months, and 12 days ago from *.pl."
whois_blob_1780903169,char_blob,Blob,blob,Troll,Retired,data/evidence/whois/text/blob.txt,data/evidence/whois/html/blob.html,yes,no,no,medium,query_name=Blob | display_name=Blob
whois_bluebell_1780903180,char_bluebell,Bluebell,bluebell,Fallohide Warrior,Retired,data/evidence/whois/text/bluebell.txt,data/evidence/whois/html/bluebell.html,yes,no,no,medium,"query_name=Bluebell | display_name=Bluebell | Last login 24 years, 2 months, and 12 days ago from *.se."
whois_blyn_1780903185,char_blyn,Blyn,blyn,Elf,Retired,data/evidence/whois/text/blyn.txt,data/evidence/whois/html/blyn.html,yes,no,no,medium,"query_name=Blyn | display_name=Blyn | Last login 20 years, 10 months, and 26 days ago."
whois_bobba_1780903196,char_bobba,Bobba,bobba,Black Númenórean Magician,Retired,data/evidence/whois/text/bobba.txt,data/evidence/whois/html/bobba.html,yes,no,no,medium,query_name=Bobba | display_name=Bobba
whois_bobbie_1780907112,char_bobbie,Bobbie,bobbie,Maia,Retired,data/evidence/whois/text/bobbie.txt,data/evidence/whois/html/bobbie.html,yes,no,no,medium,query_name=Bobbie | display_name=Bobbie Rock star! And dumped by Yants. | epithet_or_title=Rock star! And dumped by Yants.
whois_bodhran_1780907117,char_bodhran,Bodhran,bodhran,Half-Elf,Retired,data/evidence/whois/text/bodhran.txt,data/evidence/whois/html/bodhran.html,yes,no,no,medium,query_name=Bodhran | display_name=Bodhran Bonham | epithet_or_title=Bonham
whois_bodycast_1780907123,char_bodycast,Bodycast,bodycast,Cave Troll Fighter,Retired,data/evidence/whois/text/bodycast.txt,data/evidence/whois/html/bodycast.html,yes,no,no,medium,query_name=Bodycast | display_name=Bodycast
whois_bogger_1780907128,char_bogger,Bogger,bogger,Broadbeam Fighter,,data/evidence/whois/text/bogger.txt,data/evidence/whois/html/bogger.html,yes,no,no,medium,query_name=Bogger | display_name=Bogger Violence | epithet_or_title=Violence
whois_bök_1780907145,,Bök,bok,Firebeard Hero,,data/evidence/whois/text/bok.txt,data/evidence/whois/html/bok.html,yes,no,no,medium,query_name=Bok | display_name=Bök the Granite | epithet_or_title=the Granite | Last login 5 days and 13 hours ago from *.ee.
whois_bómir_1780907150,,Bómir,bomir,Rohirric Hero,Retired,data/evidence/whois/text/bomir.txt,data/evidence/whois/html/bomir.html,yes,no,no,medium,"query_name=Bomir | display_name=Bómir the Baneful | epithet_or_title=the Baneful | Last login 5 years, 1 month, and 14 days ago."
whois_bonebiter_1780907156,char_bonebiter,Bonebiter,bonebiter,Half-Elf,Retired,data/evidence/whois/text/bonebiter.txt,data/evidence/whois/html/bonebiter.html,yes,no,no,medium,"query_name=Bonebiter | display_name=Bonebiter the one-eyed MadMage | epithet_or_title=the one-eyed MadMage | Last login 5 years, 3 months, and 30 days ago."
whois_boomer_1780907161,char_boomer,Boomer,boomer,Orc,Retired,data/evidence/whois/text/boomer.txt,data/evidence/whois/html/boomer.html,yes,no,no,medium,query_name=Boomer | display_name=Boomer
whois_boot_1780907167,char_boot,Boot,boot,Fallohide Priest,Retired,data/evidence/whois/text/boot.txt,data/evidence/whois/html/boot.html,yes,no,no,medium,"query_name=Boot | display_name=Boot the Bouncer | epithet_or_title=the Bouncer | Last login 11 years, 10 months, and 13 days ago from *.ee."
whois_bootyho_1780907172,char_bootyho,Bootyho,bootyho,Black Númenórean Witch,Retired,data/evidence/whois/text/bootyho.txt,data/evidence/whois/html/bootyho.html,yes,no,no,medium,query_name=Bootyho | display_name=Bootyho Witch-Doctor | epithet_or_title=Witch-Doctor
whois_bornack_1780907189,char_bornack,Bornack,bornack,Eriadorian Patriarch,Retired,data/evidence/whois/text/bornack.txt,data/evidence/whois/html/bornack.html,yes,no,no,medium,"query_name=Bornack | display_name=Bornack of Bree, Disciple of Radagast the Brown. | epithet_or_title=of Bree, Disciple of Radagast the Brown. | Last login 17 days and 18 hours ago from *.se."
whois_borodjavka_1780907200,char_borodjavka,Borodjavka,borodjavka,Orc,Retired,data/evidence/whois/text/borodjavka.txt,data/evidence/whois/html/borodjavka.html,yes,no,no,medium,query_name=Borodjavka | display_name=Borodjavka The Cute Princess | epithet_or_title=The Cute Princess
whois_botesia_1780907205,char_botesia,Botesia,botesia,Dúnadan Wizard,Retired,data/evidence/whois/text/botesia.txt,data/evidence/whois/html/botesia.html,yes,no,no,medium,"query_name=Botesia | display_name=Botesia | Last login 16 years, 2 months, and 4 days ago from *.net."
whois_brâddóck_1780907216,,Brâddóck,braddock,Tarkhnarb Rider,Retired,data/evidence/whois/text/braddock.txt,data/evidence/whois/html/braddock.html,yes,no,no,medium,query_name=Braddock | display_name=Brâddóck
whois_brash_1780907227,char_brash,Brash,brash,Tarkhnarb Fighter,,data/evidence/whois/text/brash.txt,data/evidence/whois/html/brash.html,yes,no,no,medium,query_name=Brash | display_name=Brash
whois_brask_1780907233,char_brask,Brask,brask,Beorning Adventurer,Retired,data/evidence/whois/text/brask.txt,data/evidence/whois/html/brask.html,yes,no,no,medium,"query_name=Brask | display_name=Brask | Last login 18 years, 9 months, and 25 days ago from *.dk."
whois_breaux_1780907238,char_breaux,Breaux,breaux,Orc,Retired,data/evidence/whois/text/breaux.txt,data/evidence/whois/html/breaux.html,yes,no,no,medium,query_name=Breaux | display_name=Breaux - Deuce Deceptive | epithet_or_title=- Deuce Deceptive
whois_britney_1780907244,char_britney,Britney,britney,"not a girl, not yet a woman is an Orc",Retired,data/evidence/whois/text/britney.txt,data/evidence/whois/html/britney.html,yes,no,no,medium,query_name=Britney | display_name=Britney
whois_brog_1780907249,char_brog,Brog,brog,Dwarven Battlemaster,Retired,data/evidence/whois/text/brog.txt,data/evidence/whois/html/brog.html,yes,no,no,medium,"query_name=Brog | display_name=Brog | Last login 22 years, 9 months, and 25 days ago from *.com."
whois_brogan_1780907255,char_brogan,Brogan,brogan,Beorning Hero,,data/evidence/whois/text/brogan.txt,data/evidence/whois/html/brogan.html,yes,no,no,medium,"query_name=Brogan | display_name=Brogan | Last login 1 year, 10 months, and 28 days ago."
whois_bromir_1780907260,char_bromir,Bromir,bromir,Dwarf,Retired,data/evidence/whois/text/bromir.txt,data/evidence/whois/html/bromir.html,yes,no,no,medium,"query_name=Bromir | display_name=Bromir Steelsoul | epithet_or_title=Steelsoul | Last login 5 years, 4 months, and 24 days ago."
whois_broom_1780907266,char_broom,Broom,broom,Hill Troll Warrior,Retired,data/evidence/whois/text/broom.txt,data/evidence/whois/html/broom.html,yes,no,no,medium,query_name=Broom | display_name=Broom sweeps the floor with you | epithet_or_title=sweeps the floor with you
whois_bruise_1780907277,char_bruise,Bruise,bruise,Orc,Retired,data/evidence/whois/text/bruise.txt,data/evidence/whois/html/bruise.html,yes,no,no,medium,query_name=Bruise | display_name=Bruise just doesnt give an Orc | epithet_or_title=just doesnt give an Orc
whois_brumbur_1780907283,char_brumbur,Brumbur,brumbur,Dwarf,Retired,data/evidence/whois/text/brumbur.txt,data/evidence/whois/html/brumbur.html,yes,no,no,medium,"query_name=Brumbur | display_name=Brumbur Stonefist, Smithy of the TrueForgers | epithet_or_title=Stonefist, Smithy of the TrueForgers | Last login 13 years, 10 months, and 15 days ago."
whois_bruni_1780907288,char_bruni,Bruni,bruni,Dwarven Patriarch,Retired,data/evidence/whois/text/bruni.txt,data/evidence/whois/html/bruni.html,yes,no,no,medium,"query_name=Bruni | display_name=Bruni Brighthead, Intelligent of Durin's House | epithet_or_title=Brighthead, Intelligent of Durin's House | Last login 13 years and 5 days ago from *.ee."
whois_brutte_1780907294,char_brutte,Brutte,brutte,Troll,Retired,data/evidence/whois/text/brutte.txt,data/evidence/whois/html/brutte.html,yes,no,no,medium,query_name=Brutte | display_name=Brutte the Brute M & M's chocolate troll! | epithet_or_title=the Brute M & M's chocolate troll!
whois_brutux_1780907299,char_brutux,Brutux,brutux,Cave Troll Brute,Retired,data/evidence/whois/text/brutux.txt,data/evidence/whois/html/brutux.html,yes,no,no,medium,query_name=Brutux | display_name=Brutux
whois_brynhilde_1780907305,char_brynhilde,Brynhilde,brynhilde,Dwarf,Retired,data/evidence/whois/text/brynhilde.txt,data/evidence/whois/html/brynhilde.html,yes,no,no,medium,"query_name=Brynhilde | display_name=Brynhilde Stonebreaker, Hearthguard of Berronar | epithet_or_title=Stonebreaker, Hearthguard of Berronar | Last login 3 months and 20 days ago."
whois_bubla_1780907310,char_bubla,Bubla,bubla,Maia,,data/evidence/whois/text/bubla.txt,data/evidence/whois/html/bubla.html,yes,no,no,medium,query_name=Bubla | display_name=Bubla
whois_bubu_1780907316,char_bubu,Bubu,bubu,Man,Retired,data/evidence/whois/text/bubu.txt,data/evidence/whois/html/bubu.html,yes,no,no,medium,"query_name=Bubu | display_name=Bubu tekkno freak | epithet_or_title=tekkno freak | Last login 19 years, 9 months, and 8 days ago."
whois_buffer_1780907322,char_buffer,Buffer,buffer,Dwarven Axemaster,Retired,data/evidence/whois/text/buffer.txt,data/evidence/whois/html/buffer.html,yes,no,no,medium,"query_name=Buffer | display_name=Buffer the Buffer | epithet_or_title=the Buffer | Last login 15 years, 10 months, and 13 days ago from *.net."
whois_buggar_1780907327,char_buggar,Buggar,buggar,Dwarven Fighter,Retired,data/evidence/whois/text/buggar.txt,data/evidence/whois/html/buggar.html,yes,no,no,medium,"query_name=Buggar | display_name=Buggar Dragonscale [ML] | epithet_or_title=Dragonscale [ML] | Last login 12 years, 3 months, and 4 days ago from *.se."
whois_bulldozer_1780907338,char_bulldozer,Bulldozer,bulldozer,Mountain Troll Warrior,Retired,data/evidence/whois/text/bulldozer.txt,data/evidence/whois/html/bulldozer.html,yes,no,no,medium,query_name=Bulldozer | display_name=Bulldozer the Earth Mover | epithet_or_title=the Earth Mover
whois_bullebu_1780907344,char_bullebu,Bullebu,bullebu,Elf,Retired,data/evidence/whois/text/bullebu.txt,data/evidence/whois/html/bullebu.html,yes,no,no,medium,query_name=Bullebu | display_name=Bullebu | Last login 1 month and 27 days ago.
whois_buller_1780907349,char_buller,Buller,buller,Mountain Troll Warrior,Retired,data/evidence/whois/text/buller.txt,data/evidence/whois/html/buller.html,yes,no,no,medium,"query_name=Buller | display_name=Buller O Bong, The LoLog | epithet_or_title=O Bong, The LoLog"
whois_bum_1780907355,char_bum,Bum,bum,Dwarf,Retired,data/evidence/whois/text/bum.txt,data/evidence/whois/html/bum.html,yes,no,no,medium,"query_name=Bum | display_name=Bum the Mad, sometimes Tum and sometimes Lum | epithet_or_title=the Mad, sometimes Tum and sometimes Lum | Last login 13 years, 3 months, and 21 days ago."
whois_bumbur_1780907360,char_bumbur,Bumbur,bumbur,Dwarf,Retired,data/evidence/whois/text/bumbur.txt,data/evidence/whois/html/bumbur.html,yes,no,no,medium,"query_name=Bumbur | display_name=Bumbur son of Dumdur, Battlerager of Belegost | epithet_or_title=son of Dumdur, Battlerager of Belegost | Last login 18 years, 2 months, and 13 days ago."
whois_burb_1780907366,char_burb,Burb,burb,tired of resting is a Maia,,data/evidence/whois/text/burb.txt,data/evidence/whois/html/burb.html,yes,no,no,medium,query_name=Burb | display_name=Burb
whois_burghul_1780907371,char_burghul,Burghul,burghul,Tarkhnarb Shaman,Retired,data/evidence/whois/text/burghul.txt,data/evidence/whois/html/burghul.html,yes,no,no,medium,"query_name=Burghul | display_name=Burghul Foulbreath, shaman of Dol Guldur | epithet_or_title=Foulbreath, shaman of Dol Guldur"
whois_burk_1780907377,char_burk,Burk,burk,Longbeard Chieftain,Retired,data/evidence/whois/text/burk.txt,data/evidence/whois/html/burk.html,yes,no,no,medium,"query_name=Burk | display_name=Burk Bashinski - The Corndog King | epithet_or_title=Bashinski - The Corndog King | Last login 1 year, 6 months, and 28 days ago."
whois_burst_1780907388,char_burst,Burst,burst,Eriadorian Bodyguard,Retired,data/evidence/whois/text/burst.txt,data/evidence/whois/html/burst.html,yes,no,no,medium,"query_name=Burst | display_name=Burst Brownnose | epithet_or_title=Brownnose | Last login 21 years, 4 months, and 29 days ago from *.se."
whois_burzum_1780907393,char_burzum,Burzum,burzum,Orc,Retired,data/evidence/whois/text/burzum.txt,data/evidence/whois/html/burzum.html,yes,no,no,medium,query_name=Burzum | display_name=Burzum Alpha Orc | epithet_or_title=Alpha Orc
whois_butrus_1780907399,char_butrus,Butrus,butrus,Noldorin Wizard,Retired,data/evidence/whois/text/butrus.txt,data/evidence/whois/html/butrus.html,yes,no,no,medium,"query_name=Butrus | display_name=Butrus the Donator | epithet_or_title=the Donator | Last login 15 years, 10 months, and 6 days ago from *.cz."
whois_butter_1780907404,char_butter,Butter,butter,Dwarven Battlemaster,Retired,data/evidence/whois/text/butter.txt,data/evidence/whois/html/butter.html,yes,no,no,medium,"query_name=Butter | display_name=Butter Uzbad, one of the Otso | epithet_or_title=Uzbad, one of the Otso | Last login 17 years, 7 months, and 11 days ago from [numerical address]."
whois_calan_1780907421,char_calan,Calan,calan,Dwarven Warden,Retired,data/evidence/whois/text/calan.txt,data/evidence/whois/html/calan.html,yes,no,no,medium,"query_name=Calan | display_name=Calan | Last login 23 years, 10 months, and 21 days ago from *.fi."
whois_calrandir_1780907432,char_calrandir,Calrandir,calrandir,Dúnadan Ranger,Retired,data/evidence/whois/text/calrandir.txt,data/evidence/whois/html/calrandir.html,yes,no,no,medium,"query_name=Calrandir | display_name=Calrandir Wanderer of Light, of the Grey Company | epithet_or_title=Wanderer of Light, of the Grey Company | Last login 5 years, 4 months, and 6 days ago from *.st."
whois_calvin_1780907437,char_calvin,Calvin,calvin,Beorning Hero,Retired,data/evidence/whois/text/calvin.txt,data/evidence/whois/html/calvin.html,yes,no,no,medium,query_name=Calvin | display_name=Calvin Klein | epithet_or_title=Klein | Last login 23 years and 4 months ago from *.com.
whois_camân_1780907443,,Camân,caman,Elf,Retired,data/evidence/whois/text/caman.txt,data/evidence/whois/html/caman.html,yes,no,no,medium,"query_name=Caman | display_name=Camân Mereldâr | epithet_or_title=Mereldâr | Last login 12 years, 9 months, and 28 days ago."
whois_cano_1780907448,char_cano,Cano,cano,Elf,Retired,data/evidence/whois/text/cano.txt,data/evidence/whois/html/cano.html,yes,no,no,medium,"query_name=Cano | display_name=Cano | Last login 21 years, 10 months, and 20 days ago."
whois_capiche_1780907459,char_capiche,Capiche,capiche,Mountain Troll Warrior,Retired,data/evidence/whois/text/capiche.txt,data/evidence/whois/html/capiche.html,yes,no,no,medium,query_name=Capiche | display_name=Capiche ? | epithet_or_title=?
whois_carak_1780907465,char_carak,Carak,carak,Orc,Retired,data/evidence/whois/text/carak.txt,data/evidence/whois/html/carak.html,yes,no,no,medium,query_name=Carak | display_name=Carak the Hound of Darkness | epithet_or_title=the Hound of Darkness
whois_caress_1780907470,char_caress,Caress,caress,Tarkhnarb Champion,Retired,data/evidence/whois/text/caress.txt,data/evidence/whois/html/caress.html,yes,no,no,medium,query_name=Caress | display_name=Caress of Your Soul | epithet_or_title=of Your Soul
whois_carib_1780907476,char_carib,Carib,carib,Orc,Retired,data/evidence/whois/text/carib.txt,data/evidence/whois/html/carib.html,yes,no,no,medium,query_name=Carib | display_name=Carib feeds on your despair | epithet_or_title=feeds on your despair
whois_carl_1780907481,char_carl,Carl,carl,Troll,Retired,data/evidence/whois/text/carl.txt,data/evidence/whois/html/carl.html,yes,no,no,medium,"query_name=Carl | display_name=Carl Carlson, Safety Operations Supervisor | epithet_or_title=Carlson, Safety Operations Supervisor"
whois_casque_1780907493,char_casque,Casque,casque,Black Númenórean Wizard,Retired,data/evidence/whois/text/casque.txt,data/evidence/whois/html/casque.html,yes,no,no,medium,query_name=Casque | display_name=Casque
whois_cavalera_1780907498,char_cavalera,Cavalera,cavalera,Orc,Retired,data/evidence/whois/text/cavalera.txt,data/evidence/whois/html/cavalera.html,yes,no,no,medium,query_name=Cavalera | display_name=Cavalera Cragganmore | epithet_or_title=Cragganmore
whois_cele_1780907504,char_cele,Cele,cele,Troll,Retired,data/evidence/whois/text/cele.txt,data/evidence/whois/html/cele.html,yes,no,no,medium,query_name=Cele | display_name=Cele a moving RoadBlock | epithet_or_title=a moving RoadBlock
whois_celedon_1780907509,char_celedon,Celedon,celedon,Elf,Retired,data/evidence/whois/text/celedon.txt,data/evidence/whois/html/celedon.html,yes,no,no,medium,"query_name=Celedon | display_name=Celedon Kierney, the Mage | epithet_or_title=Kierney, the Mage | Last login 8 years, 1 month, and 13 days ago."
whois_celórfilas_1780907526,,Celórfilas,celorfilas,Noldorin Hero,,data/evidence/whois/text/celorfilas.txt,data/evidence/whois/html/celorfilas.html,yes,no,no,medium,query_name=Celorfilas | display_name=Celórfilas | Last login 2 months ago.
whois_cen_1780907537,char_cen,Cen,cen,Orc,Retired,data/evidence/whois/text/cen.txt,data/evidence/whois/html/cen.html,yes,no,no,medium,query_name=Cen | display_name=Cen the Firstborn | epithet_or_title=the Firstborn
whois_cénedra_1780907542,,Cénedra,cenedra,Hobbit,Retired,data/evidence/whois/text/cenedra.txt,data/evidence/whois/html/cenedra.html,yes,no,no,medium,query_name=Cenedra | display_name=Cénedra | Last login 17 years and 27 days ago.
whois_centurion_1780907548,char_centurion,Centurion,centurion,Dwarven Hero,Retired,data/evidence/whois/text/centurion.txt,data/evidence/whois/html/centurion.html,yes,no,no,medium,"query_name=Centurion | display_name=Centurion the Ironhead | epithet_or_title=the Ironhead | Last login 19 years, 4 months, and 10 days ago from [numerical address]."
whois_cérion_1780907553,,Cérion,cerion,Elf,Retired,data/evidence/whois/text/cerion.txt,data/evidence/whois/html/cerion.html,yes,no,no,medium,query_name=Cerion | display_name=Cérion of Lorien | epithet_or_title=of Lorien | Last login 17 years and 22 days ago.
whois_chak_1780907570,char_chak,Chak,chak,Tarkhnarb Battlemaster,Retired,data/evidence/whois/text/chak.txt,data/evidence/whois/html/chak.html,yes,no,no,medium,query_name=Chak | display_name=Chak a Khan | epithet_or_title=a Khan
whois_chauncey_1780907581,char_chauncey,Chauncey,chauncey,Maia,Retired,data/evidence/whois/text/chauncey.txt,data/evidence/whois/html/chauncey.html,yes,no,no,medium,query_name=Chauncey | display_name=Chauncey - Eru Chauncey Morgoth - The Oneness!! | epithet_or_title=- Eru Chauncey Morgoth - The Oneness!! | role=Cartographer
whois_chavez_1780907586,char_chavez,Chavez,chavez,Maia,Retired,data/evidence/whois/text/chavez.txt,data/evidence/whois/html/chavez.html,yes,no,no,medium,query_name=Chavez | display_name=Chavez | role=Cartographer
whois_chazan_1780907592,char_chazan,Chazan,chazan,Firebeard Hero,Retired,data/evidence/whois/text/chazan.txt,data/evidence/whois/html/chazan.html,yes,no,no,medium,query_name=Chazan | display_name=Chazan Scragglybeard | epithet_or_title=Scragglybeard
whois_chelíos_1780907597,,Chelíos,chelios,Elf,Retired,data/evidence/whois/text/chelios.txt,data/evidence/whois/html/chelios.html,yes,no,no,medium,query_name=Chelios | display_name=Chelíos of Belfalas | epithet_or_title=of Belfalas
whois_chen_1780907603,char_chen,Chen,chen,Sindarin Hero,Retired,data/evidence/whois/text/chen.txt,data/evidence/whois/html/chen.html,yes,no,no,medium,query_name=Chen | display_name=Chen Zhen | epithet_or_title=Zhen | Last login 2 years and 9 months ago from *.de.
whois_cherish_1780907608,char_cherish,Cherish,cherish,Orkish Snaga,Retired,data/evidence/whois/text/cherish.txt,data/evidence/whois/html/cherish.html,yes,no,no,medium,query_name=Cherish | display_name=Cherish
whois_chewer_1780907614,char_chewer,Chewer,chewer,Cave Troll Wrecker,Retired,data/evidence/whois/text/chewer.txt,data/evidence/whois/html/chewer.html,yes,no,no,medium,query_name=Chewer | display_name=Chewer the vicious swamp monster | epithet_or_title=the vicious swamp monster
whois_chógâll_1780907625,,Chógâll,chogall,Tarkhnarb Shaman,Retired,data/evidence/whois/text/chogall.txt,data/evidence/whois/html/chogall.html,yes,no,no,medium,"query_name=Chogall | display_name=Chógâll Chop, Orkish Torturer in Chief | epithet_or_title=Chop, Orkish Torturer in Chief"
whois_chudwicki_1780907630,char_chudwicki,Chudwicki,chudwicki,Orc,Retired,data/evidence/whois/text/chudwicki.txt,data/evidence/whois/html/chudwicki.html,yes,no,no,medium,"query_name=Chudwicki | display_name=Chudwicki,wondering why Elvis threw it all away, | epithet_or_title=,wondering why Elvis threw it all away,"
whois_cidar_1780907636,char_cidar,Cidar,cidar,Elf,Retired,data/evidence/whois/text/cidar.txt,data/evidence/whois/html/cidar.html,yes,no,no,medium,query_name=Cidar | display_name=Cidar the Petty Elf | epithet_or_title=the Petty Elf | Last login 5 months and 18 days ago.
whois_cilúrâs_1780907641,,Cilúrâs,ciluras,Tarkhnarb Veteran,Retired,data/evidence/whois/text/ciluras.txt,data/evidence/whois/html/ciluras.html,yes,no,no,medium,query_name=Ciluras | display_name=Cilúrâs with a quickness | epithet_or_title=with a quickness
whois_ciryatan_1780907658,char_ciryatan,Ciryatan,ciryatan,Dúnadan Warrior,Retired,data/evidence/whois/text/ciryatan.txt,data/evidence/whois/html/ciryatan.html,yes,no,no,medium,"query_name=Ciryatan | display_name=Ciryatan | Last login 26 years, 10 months, and 20 days ago from *.se."
whois_clangedin_1780907664,char_clangedin,Clangedin,clangedin,Dwarf,Retired,data/evidence/whois/text/clangedin.txt,data/evidence/whois/html/clangedin.html,yes,no,no,medium,query_name=Clangedin | display_name=Clangedin Silverbeard | epithet_or_title=Silverbeard | Last login 20 years and 5 days ago.
whois_clericii_1780907669,char_clericii,Clericii,clericii,Half-Elf,Retired,data/evidence/whois/text/clericii.txt,data/evidence/whois/html/clericii.html,yes,no,no,medium,query_name=Clericii | display_name=Clericii Blessed son of Cleric the first | epithet_or_title=Blessed son of Cleric the first | Last login 7 months and 29 days ago from *.sk.
whois_core_1780907680,char_core,Core,core,Tarkhnarb Veteran,Retired,data/evidence/whois/text/core.txt,data/evidence/whois/html/core.html,yes,no,no,medium,query_name=Core | display_name=Core Dumped | epithet_or_title=Dumped
whois_cormac_1780907686,char_cormac,Cormac,cormac,Maia,,data/evidence/whois/text/cormac.txt,data/evidence/whois/html/cormac.html,yes,no,no,medium,query_name=Cormac | display_name=Cormac
whois_cruel_1780907697,char_cruel,Cruel,cruel,Tarkhnarb Champion,Retired,data/evidence/whois/text/cruel.txt,data/evidence/whois/html/cruel.html,yes,no,no,medium,query_name=Cruel | display_name=Cruel
whois_cruggo_1780907702,char_cruggo,Cruggo,cruggo,Mountain Troll Warrior,Retired,data/evidence/whois/text/cruggo.txt,data/evidence/whois/html/cruggo.html,yes,no,no,medium,query_name=Cruggo | display_name=Cruggo dil! | epithet_or_title=dil!
whois_cryl_1780907708,char_cryl,Cryl,cryl,Sindarin Enchanter,Retired,data/evidence/whois/text/cryl.txt,data/evidence/whois/html/cryl.html,yes,no,no,medium,query_name=Cryl | display_name=Cryl - one of many | epithet_or_title=- one of many | Last login 5 months and 9 days ago from *.ee.
whois_crysania_1780907713,char_crysania,Crysania,crysania,Maia,,data/evidence/whois/text/crysania.txt,data/evidence/whois/html/crysania.html,yes,no,no,medium,"query_name=Crysania | display_name=Crysania Quagmire, Giggity! | epithet_or_title=Quagmire, Giggity!"
whois_cufdrup_1780907719,char_cufdrup,Cufdrup,cufdrup,Orc,Retired,data/evidence/whois/text/cufdrup.txt,data/evidence/whois/html/cufdrup.html,yes,no,no,medium,query_name=Cufdrup | display_name=Cufdrup Poopsnot | epithet_or_title=Poopsnot
whois_cur_1780907724,char_cur,Cur,cur,Man,Retired,data/evidence/whois/text/cur.txt,data/evidence/whois/html/cur.html,yes,no,no,medium,"query_name=Cur | display_name=Cur the Evil, the Bastard | epithet_or_title=the Evil, the Bastard"
whois_curufin_1780907730,char_curufin,Curufin,curufin,Noldorin Burglar,Retired,data/evidence/whois/text/curufin.txt,data/evidence/whois/html/curufin.html,yes,no,no,medium,"query_name=Curufin | display_name=Curufin the Crafty | epithet_or_title=the Crafty | Last login 23 years, 1 month, and 28 days ago from *.com."
whois_curufinwë_1780907735,,Curufinwë,curufinwe,Elf,Retired,data/evidence/whois/text/curufinwe.txt,data/evidence/whois/html/curufinwe.html,yes,no,no,medium,"query_name=Curufinwe | display_name=Curufinwë the Somewhat Sneaky | epithet_or_title=the Somewhat Sneaky | Last login 15 years, 6 months, and 10 days ago."
whois_cylas_1780907746,char_cylas,Cylas,cylas,Sindarin Hero,Retired,data/evidence/whois/text/cylas.txt,data/evidence/whois/html/cylas.html,yes,no,no,medium,"query_name=Cylas | display_name=Cylas the Silent | epithet_or_title=the Silent | Last login 1 year, 2 months, and 12 days ago from *.ee."
whois_cymoril_1780907752,char_cymoril,Cymoril,cymoril,Noldorin Adventurer,Retired,data/evidence/whois/text/cymoril.txt,data/evidence/whois/html/cymoril.html,yes,no,no,medium,"query_name=Cymoril | display_name=Cymoril Athlorion, Nymph of Noldo | epithet_or_title=Athlorion, Nymph of Noldo | Last login 2 years, 3 months, and 4 days ago from *.ee."
whois_cyrano_1780907757,char_cyrano,Cyrano,cyrano,Man,Retired,data/evidence/whois/text/cyrano.txt,data/evidence/whois/html/cyrano.html,yes,no,no,medium,query_name=Cyrano | display_name=Cyrano de Bergerac | epithet_or_title=de Bergerac | Last login 24 years and 21 days ago.
whois_daddy_1780907768,char_daddy,Daddy,daddy,Troll,Retired,data/evidence/whois/text/daddy.txt,data/evidence/whois/html/daddy.html,yes,no,no,medium,query_name=Daddy | display_name=Daddy aka Puff | epithet_or_title=aka Puff
whois_dafur_1780907779,char_dafur,Dafur,dafur,Dwarf,Retired,data/evidence/whois/text/dafur.txt,data/evidence/whois/html/dafur.html,yes,no,no,medium,"query_name=Dafur | display_name=Dafur lost his cookie | epithet_or_title=lost his cookie | Last login 14 years, 3 months, and 21 days ago."
whois_dakkon_1780907785,char_dakkon,Dakkon,dakkon,Dwarven Hero,Retired,data/evidence/whois/text/dakkon.txt,data/evidence/whois/html/dakkon.html,yes,no,no,medium,"query_name=Dakkon | display_name=Dakkon Blackblade | epithet_or_title=Blackblade | Last login 22 years, 9 months, and 24 days ago from *.com."
whois_dalamar_1780907790,char_dalamar,Dalamar,dalamar,Black Númenórean,Retired,data/evidence/whois/text/dalamar.txt,data/evidence/whois/html/dalamar.html,yes,no,no,medium,query_name=Dalamar | display_name=Dalamar Argent | epithet_or_title=Argent
whois_danath_1780907801,char_danath,Danath,danath,Dúnadan Chieftain,Retired,data/evidence/whois/text/danath.txt,data/evidence/whois/html/danath.html,yes,no,no,medium,"query_name=Danath | display_name=Danath Dragonheart the White Sword of Annúminas | epithet_or_title=Dragonheart the White Sword of Annúminas | Last login 23 years, 4 months, and 28 days ago from *.dk."
whois_danzig_1780907807,char_danzig,Danzig,danzig,Dwarf,Retired,data/evidence/whois/text/danzig.txt,data/evidence/whois/html/danzig.html,yes,no,no,medium,query_name=Danzig | display_name=Danzig stands his ground! | epithet_or_title=stands his ground! | Last login 10 months and 17 days ago.
whois_darkun_1780907818,char_darkun,Darkun,darkun,Black Númenórean,Retired,data/evidence/whois/text/darkun.txt,data/evidence/whois/html/darkun.html,yes,no,no,medium,"query_name=Darkun | display_name=Darkun the Angel of Darkness, Servant of Sauron | epithet_or_title=the Angel of Darkness, Servant of Sauron"
whois_david_1780907834,char_david,David,david,"very bizarre, and he is a Maia",,data/evidence/whois/text/david.txt,data/evidence/whois/html/david.html,yes,no,no,medium,query_name=David | display_name=David thinks David | epithet_or_title=thinks David
whois_dax_1780907840,char_dax,Dax,dax,Tarkhnarb Veteran,Retired,data/evidence/whois/text/dax.txt,data/evidence/whois/html/dax.html,yes,no,no,medium,query_name=Dax | display_name=Dax Twisted Mentality | epithet_or_title=Twisted Mentality
whois_daz_1780907845,char_daz,Daz,daz,Dwarven Battlemaster,Retired,data/evidence/whois/text/daz.txt,data/evidence/whois/html/daz.html,yes,no,no,medium,"query_name=Daz | display_name=Daz the Rent-a-Dwarf | epithet_or_title=the Rent-a-Dwarf | Last login 7 years, 9 months, and 5 days ago from *.eu."
whois_dazzle_1780907851,char_dazzle,Dazzle,dazzle,Orc,Retired,data/evidence/whois/text/dazzle.txt,data/evidence/whois/html/dazzle.html,yes,no,no,medium,query_name=Dazzle | display_name=Dazzle
whois_deacon_1780907856,char_deacon,Deacon,deacon,Tarkhnarb Necromancer,Retired,data/evidence/whois/text/deacon.txt,data/evidence/whois/html/deacon.html,yes,no,no,medium,query_name=Deacon | display_name=Deacon Frost | epithet_or_title=Frost
whois_death_1780907862,char_death,Death,death,Tarkhnarb Weaponsmistress,Retired,data/evidence/whois/text/death.txt,data/evidence/whois/html/death.html,yes,no,no,medium,query_name=Death | display_name=Death embraces us all | epithet_or_title=embraces us all
whois_deathwind_1780907867,char_deathwind,Deathwind,deathwind,Black Númenórean,Retired,data/evidence/whois/text/deathwind.txt,data/evidence/whois/html/deathwind.html,yes,no,no,medium,query_name=Deathwind | display_name=Deathwind
whois_deavon_1780907873,char_deavon,Deavon,deavon,Elf,Retired,data/evidence/whois/text/deavon.txt,data/evidence/whois/html/deavon.html,yes,no,no,medium,"query_name=Deavon | display_name=Deavon Moonshadow, the white spider | epithet_or_title=Moonshadow, the white spider | Last login 7 years, 9 months, and 21 days ago."
whois_decoy_1780907878,char_decoy,Decoy,decoy,Orc,,data/evidence/whois/text/decoy.txt,data/evidence/whois/html/decoy.html,yes,no,no,medium,query_name=Decoy | display_name=Decoy
whois_deedoo_1780907884,char_deedoo,Deedoo,deedoo,Elf,Retired,data/evidence/whois/text/deedoo.txt,data/evidence/whois/html/deedoo.html,yes,no,no,medium,"query_name=Deedoo | display_name=Deedoo the crying woman | epithet_or_title=the crying woman | Last login 9 years, 3 months, and 17 days ago."
whois_deemon_1780907890,char_deemon,Deemon,deemon,Hill Troll Softskin,Retired,data/evidence/whois/text/deemon.txt,data/evidence/whois/html/deemon.html,yes,no,no,medium,query_name=Deemon | display_name=Deemon
whois_dell_1780907917,char_dell,Dell,dell,Tarkhnarb Battlemaster,Retired,data/evidence/whois/text/dell.txt,data/evidence/whois/html/dell.html,yes,no,no,medium,query_name=Dell | display_name=Dell D'Urukas | epithet_or_title=D'Urukas
whois_dement_1780907923,char_dement,Dement,dement,Orc,Retired,data/evidence/whois/text/dement.txt,data/evidence/whois/html/dement.html,yes,no,no,medium,query_name=Dement | display_name=Dement bleh! | epithet_or_title=bleh!
whois_déor_1780907934,,Déor,deor,Vala,Retired,data/evidence/whois/text/deor.txt,data/evidence/whois/html/deor.html,yes,no,no,medium,query_name=Deor | display_name=Déor made this title on 5 Oct 2006!11one | epithet_or_title=made this title on 5 Oct 2006!11one | role=Architect
whois_desastre_1780907945,char_desastre,Desastre,desastre,coming your way is a level thirty-five Tarkhnarb Necromancer,Retired,data/evidence/whois/text/desastre.txt,data/evidence/whois/html/desastre.html,yes,no,no,medium,query_name=Desastre | display_name=Desastre
whois_devran_1780907950,char_devran,Devran,devran,Tarkhnarb Necromancer,Retired,data/evidence/whois/text/devran.txt,data/evidence/whois/html/devran.html,yes,no,no,medium,"query_name=Devran | display_name=Devran Kâzh, Officer of the Uruk-Tarkhnarb | epithet_or_title=Kâzh, Officer of the Uruk-Tarkhnarb"
whois_dhàrazor_1780907956,,Dhàrazor,dharazor,Dwarf,Retired,data/evidence/whois/text/dharazor.txt,data/evidence/whois/html/dharazor.html,yes,no,no,medium,"query_name=Dharazor | display_name=Dhàrazor | Last login 15 years, 10 months, and 9 days ago."
whois_diamonium_1780907961,char_diamonium,Diamonium,diamonium,Orc,Retired,data/evidence/whois/text/diamonium.txt,data/evidence/whois/html/diamonium.html,yes,no,no,medium,query_name=Diamonium | display_name=Diamonium the Ambassador of Sauron | epithet_or_title=the Ambassador of Sauron
whois_digital_1780907972,char_digital,Digital,digital,Tarkhnarb Champion,Retired,data/evidence/whois/text/digital.txt,data/evidence/whois/html/digital.html,yes,no,no,medium,query_name=Digital | display_name=Digital Harassment | epithet_or_title=Harassment
whois_dimmu_1780907978,char_dimmu,Dimmu,dimmu,Troll,Retired,data/evidence/whois/text/dimmu.txt,data/evidence/whois/html/dimmu.html,yes,no,no,medium,query_name=Dimmu | display_name=Dimmu
whois_dino_1780907983,char_dino,Dino,dino,Silvan Hero,Retired,data/evidence/whois/text/dino.txt,data/evidence/whois/html/dino.html,yes,no,no,medium,"query_name=Dino | display_name=Dino | Last login 11 years, 10 months, and 18 days ago from *.is."
whois_disembowel_1780907989,char_disembowel,Disembowel,disembowel,"strangling back, seething black is an Orc",Retired,data/evidence/whois/text/disembowel.txt,data/evidence/whois/html/disembowel.html,yes,no,no,medium,query_name=Disembowel | display_name=Disembowel
whois_dispater_1780907994,char_dispater,Dispater,dispater,Orc,Retired,data/evidence/whois/text/dispater.txt,data/evidence/whois/html/dispater.html,yes,no,no,medium,"query_name=Dispater | display_name=Dispater Dreamreaver, Warpig Minister of Offense | epithet_or_title=Dreamreaver, Warpig Minister of Offense"
whois_dizz_1780908000,char_dizz,Dizz,dizz,Tarkhnarb Champion,Retired,data/evidence/whois/text/dizz.txt,data/evidence/whois/html/dizz.html,yes,no,no,medium,query_name=Dizz | display_name=Dizz
whois_djinn_1780908005,char_djinn,Djinn,djinn,Maia,Retired,data/evidence/whois/text/djinn.txt,data/evidence/whois/html/djinn.html,yes,no,no,medium,query_name=Djinn | display_name=Djinn The RrrrrrrAAAAAAving lUnATics | epithet_or_title=The RrrrrrrAAAAAAving lUnATics | role=Cartographer
whois_dliador_1780908011,char_dliador,Dliador,dliador,Sindarin Warlock,Retired,data/evidence/whois/text/dliador.txt,data/evidence/whois/html/dliador.html,yes,no,no,medium,"query_name=Dliador | display_name=Dliador Obligor, revised Article 9 | epithet_or_title=Obligor, revised Article 9 | Last login 5 years, 8 months, and 7 days ago from *.net."
whois_dodge_1780908016,char_dodge,Dodge,dodge,Troll,Retired,data/evidence/whois/text/dodge.txt,data/evidence/whois/html/dodge.html,yes,no,no,medium,"query_name=Dodge | display_name=Dodge - What are you looking at, HUH!? | epithet_or_title=- What are you looking at, HUH!?"
whois_doh_1780908022,char_doh,Doh,doh,Troll,Retired,data/evidence/whois/text/doh.txt,data/evidence/whois/html/doh.html,yes,no,no,medium,query_name=Doh | display_name=Doh Dai-Pohh | epithet_or_title=Dai-Pohh
whois_dolengur_1780908028,char_dolengur,Dolengur,dolengur,Tarkhnarb Champion,Retired,data/evidence/whois/text/dolengur.txt,data/evidence/whois/html/dolengur.html,yes,no,no,medium,query_name=Dolengur | display_name=Dolengur the One and Only | epithet_or_title=the One and Only
whois_dolik_1780908033,char_dolik,Dolik,dolik,Tarkhnarb Champion,Retired,data/evidence/whois/text/dolik.txt,data/evidence/whois/html/dolik.html,yes,no,no,medium,query_name=Dolik | display_name=Dolik shaman | epithet_or_title=shaman
whois_dombur_1780908039,char_dombur,Dombur,dombur,Dwarven Battlemaster,Retired,data/evidence/whois/text/dombur.txt,data/evidence/whois/html/dombur.html,yes,no,no,medium,"query_name=Dombur | display_name=Dombur Silvermail | epithet_or_title=Silvermail | Last login 20 years, 11 months, and 9 days ago from [numerical address]."
whois_dominic_1780908050,char_dominic,Dominic,dominic,Half-elven Hero,Retired,data/evidence/whois/text/dominic.txt,data/evidence/whois/html/dominic.html,yes,no,no,medium,"query_name=Dominic | display_name=Dominic Benedictus | epithet_or_title=Benedictus | Last login 1 year, 8 months, and 12 days ago from *.com."
whois_dône_1780908055,,Dône,done,Dwarf,Retired,data/evidence/whois/text/done.txt,data/evidence/whois/html/done.html,yes,no,no,medium,"query_name=Done | display_name=Dône Deathless, son of Thráin II | epithet_or_title=Deathless, son of Thráin II | Last login 6 years, 8 months, and 5 days ago."
whois_donk_1780908061,char_donk,Donk,donk,Orc,Retired,data/evidence/whois/text/donk.txt,data/evidence/whois/html/donk.html,yes,no,no,medium,query_name=Donk | display_name=Donk the Disfigured | epithet_or_title=the Disfigured
whois_donovan_1780908066,char_donovan,Donovan,donovan,Black Númenórean,Retired,data/evidence/whois/text/donovan.txt,data/evidence/whois/html/donovan.html,yes,no,no,medium,query_name=Donovan | display_name=Donovan
whois_donutello_1780908072,char_donutello,Donutello,donutello,Maia,Retired,data/evidence/whois/text/donutello.txt,data/evidence/whois/html/donutello.html,yes,no,no,medium,query_name=Donutello | display_name=Donutello | role=Cartographer
whois_doomer_1780908078,char_doomer,Doomer,doomer,Orc,Retired,data/evidence/whois/text/doomer.txt,data/evidence/whois/html/doomer.html,yes,no,no,medium,query_name=Doomer | display_name=Doomer
whois_doreth_1780908089,char_doreth,Doreth,doreth,Dwarf,Retired,data/evidence/whois/text/doreth.txt,data/evidence/whois/html/doreth.html,yes,no,no,medium,"query_name=Doreth | display_name=Doreth Lightfoot, Messenger of Durin's House | epithet_or_title=Lightfoot, Messenger of Durin's House | Last login 10 months and 17 days ago from *.ee."
whois_dorfl_1780908094,char_dorfl,Dorfl,dorfl,Dwarven Veteran,Retired,data/evidence/whois/text/dorfl.txt,data/evidence/whois/html/dorfl.html,yes,no,no,medium,"query_name=Dorfl | display_name=Dorfl Garash, Fist of the North | epithet_or_title=Garash, Fist of the North | Last login 7 years, 7 months, and 11 days ago from *.nl."
whois_dork_1780908100,char_dork,Dork,dork,Cave Troll Softskin,Retired,data/evidence/whois/text/dork.txt,data/evidence/whois/html/dork.html,yes,no,no,medium,query_name=Dork | display_name=Dork
whois_dorolff_1780908105,char_dorolff,Dorolff,dorolff,Dwarven Battlemaster,Retired,data/evidence/whois/text/dorolff.txt,data/evidence/whois/html/dorolff.html,yes,no,no,medium,"query_name=Dorolff | display_name=Dorolff the Butcher | epithet_or_title=the Butcher | Last login 22 years, 1 month, and 11 days ago from [numerical address]."
whois_draaz_1780908111,char_draaz,Draaz,draaz,Tarkhnarb Warg-rider,Retired,data/evidence/whois/text/draaz.txt,data/evidence/whois/html/draaz.html,yes,no,no,medium,query_name=Draaz | display_name=Draaz back once again for the renegade master? | epithet_or_title=back once again for the renegade master?
whois_draca_1780908116,char_draca,Draca,draca,Cave Troll Warrior,Retired,data/evidence/whois/text/draca.txt,data/evidence/whois/html/draca.html,yes,no,no,medium,query_name=Draca | display_name=Draca
whois_draccon_1780908122,char_draccon,Draccon,draccon,Tarkhnarb Warrior,Retired,data/evidence/whois/text/draccon.txt,data/evidence/whois/html/draccon.html,yes,no,no,medium,query_name=Draccon | display_name=Draccon the Dragon | epithet_or_title=the Dragon
whois_dracolich_1780908127,char_dracolich,Dracolich,dracolich,Orc,Retired,data/evidence/whois/text/dracolich.txt,data/evidence/whois/html/dracolich.html,yes,no,no,medium,query_name=Dracolich | display_name=Dracolich the Uruk-hai | epithet_or_title=the Uruk-hai
whois_draconis_1780908133,char_draconis,Draconis,draconis,Silvan Warlock,Retired,data/evidence/whois/text/draconis.txt,data/evidence/whois/html/draconis.html,yes,no,no,medium,"query_name=Draconis | display_name=Draconis the Ancient, Warlock of House Dakmor | epithet_or_title=the Ancient, Warlock of House Dakmor | Last login 20 years, 6 months, and 9 days ago from *.ee."
whois_dragan_1780908144,char_dragan,Dragan,dragan,Man,Retired,data/evidence/whois/text/dragan.txt,data/evidence/whois/html/dragan.html,yes,no,no,medium,"query_name=Dragan | display_name=Dragan Crushbone | epithet_or_title=Crushbone | Last login 11 years, 6 months, and 27 days ago."
whois_drägg_1780908149,,Drägg,dragg,Dwarven Weaponsmaster,Retired,data/evidence/whois/text/dragg.txt,data/evidence/whois/html/dragg.html,yes,no,no,medium,"query_name=Dragg | display_name=Drägg - funny because its true | epithet_or_title=- funny because its true | Last login 7 years, 9 months, and 27 days ago from *.se."
whois_draggy_1780908160,char_draggy,Draggy,draggy,Mountain Troll Warrior,Retired,data/evidence/whois/text/draggy.txt,data/evidence/whois/html/draggy.html,yes,no,no,medium,"query_name=Draggy | display_name=Draggy Drone, Raider of Isengard | epithet_or_title=Drone, Raider of Isengard"
whois_draglador_1780908171,char_draglador,Draglador,draglador,Half-elven Healer,Retired,data/evidence/whois/text/draglador.txt,data/evidence/whois/html/draglador.html,yes,no,no,medium,"query_name=Draglador | display_name=Draglador Dark, Druid of Mirkwood | epithet_or_title=Dark, Druid of Mirkwood | Last login 20 years, 5 months, and 13 days ago from *.ee."
whois_dragor_1780908177,char_dragor,Dragor,dragor,Half-elven Priest,Retired,data/evidence/whois/text/dragor.txt,data/evidence/whois/html/dragor.html,yes,no,no,medium,"query_name=Dragor | display_name=Dragor | Last login 1 year, 11 months, and 14 days ago from *.net."
whois_dragóth_1780908182,,Dragóth,dragoth,Tarkhnarb Veteran,Retired,data/evidence/whois/text/dragoth.txt,data/evidence/whois/html/dragoth.html,yes,no,no,medium,"query_name=Dragoth | display_name=Dragóth the Slayer, of the Lost Legion | epithet_or_title=the Slayer, of the Lost Legion"
whois_dramon_1780908188,char_dramon,Dramon,dramon,Orc,Retired,data/evidence/whois/text/dramon.txt,data/evidence/whois/html/dramon.html,yes,no,no,medium,query_name=Dramon | display_name=Dramon the Illwilling | epithet_or_title=the Illwilling
whois_draupner_1780908199,char_draupner,Draupner,draupner,Dwarf,Retired,data/evidence/whois/text/draupner.txt,data/evidence/whois/html/draupner.html,yes,no,no,medium,"query_name=Draupner | display_name=Draupner jingle my change but im still kinda cute | epithet_or_title=jingle my change but im still kinda cute | Last login 7 years, 9 months, and 27 days ago."
whois_drax_1780908204,char_drax,Drax,drax,Black Númenórean Warlock,Retired,data/evidence/whois/text/drax.txt,data/evidence/whois/html/drax.html,yes,no,no,medium,query_name=Drax | display_name=Drax the Dragon | epithet_or_title=the Dragon
whois_dreamweaver_1780908221,char_dreamweaver,Dreamweaver,dreamweaver,Sindarin Warlock,Retired,data/evidence/whois/text/dreamweaver.txt,data/evidence/whois/html/dreamweaver.html,yes,no,no,medium,"query_name=Dreamweaver | display_name=Dreamweaver Foefighter, Shadowdancer of Mistlane | epithet_or_title=Foefighter, Shadowdancer of Mistlane | Last login 19 years, 8 months, and 5 days ago from *.se."
whois_drengist_1780908226,char_drengist,Drengist,drengist,Orc,Retired,data/evidence/whois/text/drengist.txt,data/evidence/whois/html/drengist.html,yes,no,no,medium,query_name=Drengist | display_name=Drengist the Despised | epithet_or_title=the Despised
whois_drenical_1780908232,char_drenical,Drenical,drenical,Dwarven Hero,Retired,data/evidence/whois/text/drenical.txt,data/evidence/whois/html/drenical.html,yes,no,no,medium,"query_name=Drenical | display_name=Drenical son of Enical | epithet_or_title=son of Enical | Last login 15 years, 2 months, and 10 days ago from *.se."
whois_drijian_1780908243,char_drijian,Drijian,drijian,Sindarin Hero,Retired,data/evidence/whois/text/drijian.txt,data/evidence/whois/html/drijian.html,yes,no,no,medium,query_name=Drijian | display_name=Drijian Barawn | epithet_or_title=Barawn | Last login 1 year and 25 days ago from *.net.
whois_drimdul_1780908248,char_drimdul,Drimdul,drimdul,Orc,,data/evidence/whois/text/drimdul.txt,data/evidence/whois/html/drimdul.html,yes,no,no,medium,query_name=Drimdul | display_name=Drimdul
whois_drohm_1780908254,char_drohm,Drohm,drohm,Orc,,data/evidence/whois/text/drohm.txt,data/evidence/whois/html/drohm.html,yes,no,no,medium,query_name=Drohm | display_name=Drohm the Black Angel of Fear | epithet_or_title=the Black Angel of Fear
whois_drokk_1780908259,char_drokk,Drokk,drokk,Orc,,data/evidence/whois/text/drokk.txt,data/evidence/whois/html/drokk.html,yes,no,no,medium,"query_name=Drokk | display_name=Drokk Dragalor, the Betrayer. | epithet_or_title=Dragalor, the Betrayer."
whois_drow_1780908265,char_drow,Drow,drow,Elf,Retired,data/evidence/whois/text/drow.txt,data/evidence/whois/html/drow.html,yes,no,no,medium,"query_name=Drow | display_name=Drow Nan Elmoth | epithet_or_title=Nan Elmoth | Last login 18 years, 11 months, and 24 days ago."
whois_drugar_1780908270,char_drugar,Drugar,drugar,Maia,Retired,data/evidence/whois/text/drugar.txt,data/evidence/whois/html/drugar.html,yes,no,no,medium,query_name=Drugar | display_name=Drugar Bork! ® | epithet_or_title=Bork! ® | role=Cartographer
whois_druin_1780908276,char_druin,Druin,druin,Dwarf,Retired,data/evidence/whois/text/druin.txt,data/evidence/whois/html/druin.html,yes,no,no,medium,"query_name=Druin | display_name=Druin of Orodruin | epithet_or_title=of Orodruin | Last login 3 years, 3 months, and 19 days ago."
whois_dryg_1780908281,char_dryg,Dryg,dryg,Orc,Retired,data/evidence/whois/text/dryg.txt,data/evidence/whois/html/dryg.html,yes,no,no,medium,query_name=Dryg | display_name=Dryg och mild | epithet_or_title=och mild
whois_dugmôk_1780908287,,Dugmôk,dugmok,Tarkhnarb Necromancer,Retired,data/evidence/whois/text/dugmok.txt,data/evidence/whois/html/dugmok.html,yes,no,no,medium,query_name=Dugmok | display_name=Dugmôk the Devastation | epithet_or_title=the Devastation
whois_dûnlop_1780908292,,Dûnlop,dunlop,Elf,Retired,data/evidence/whois/text/dunlop.txt,data/evidence/whois/html/dunlop.html,yes,no,no,medium,query_name=Dunlop | display_name=Dûnlop Dûnlap | epithet_or_title=Dûnlap
whois_dural_1780908298,char_dural,Dural,dural,Dwarven Champion,Retired,data/evidence/whois/text/dural.txt,data/evidence/whois/html/dural.html,yes,no,no,medium,"query_name=Dural | display_name=Dural Steelsoul | epithet_or_title=Steelsoul | Last login 23 years, 6 months, and 5 days ago from *.fi."
whois_durcano_1780908309,char_durcano,Durcano,durcano,Tarkhnarb Fighter,Retired,data/evidence/whois/text/durcano.txt,data/evidence/whois/html/durcano.html,yes,no,no,medium,"query_name=Durcano | display_name=Durcano The Slayer, Lord from the Underworld | epithet_or_title=The Slayer, Lord from the Underworld"
whois_duriel_1780908315,char_duriel,Duriel,duriel,Black Númenórean Wizard,Retired,data/evidence/whois/text/duriel.txt,data/evidence/whois/html/duriel.html,yes,no,no,medium,query_name=Duriel | display_name=Duriel the Lesser Minion of Baal | epithet_or_title=the Lesser Minion of Baal
whois_dûrlak_1780908320,,Dûrlak,durlak,Orc,Retired,data/evidence/whois/text/durlak.txt,data/evidence/whois/html/durlak.html,yes,no,no,medium,query_name=Durlak | display_name=Dûrlak Kâzh of the Sea of Nûrnen | epithet_or_title=Kâzh of the Sea of Nûrnen
whois_dushegub_1780908326,char_dushegub,Dushegub,dushegub,Dwarf,Retired,data/evidence/whois/text/dushegub.txt,data/evidence/whois/html/dushegub.html,yes,no,no,medium,"query_name=Dushegub | display_name=Dushegub lagged | epithet_or_title=lagged | Last login 18 years, 3 months, and 13 days ago."
whois_dwar_1780908337,char_dwar,Dwar,dwar,Black Númenórean Wizard,Retired,data/evidence/whois/text/dwar.txt,data/evidence/whois/html/dwar.html,yes,no,no,medium,query_name=Dwar | display_name=Dwar the Dog-Lord of Depression | epithet_or_title=the Dog-Lord of Depression
whois_dwimmer_1780908342,char_dwimmer,Dwimmer,dwimmer,Tarkhnarb Champion,Retired,data/evidence/whois/text/dwimmer.txt,data/evidence/whois/html/dwimmer.html,yes,no,no,medium,query_name=Dwimmer | display_name=Dwimmer
whois_dwogin_1780908348,char_dwogin,Dwogin,dwogin,Dwarven Warrior,Retired,data/evidence/whois/text/dwogin.txt,data/evidence/whois/html/dwogin.html,yes,no,no,medium,"query_name=Dwogin | display_name=Dwogin the Punk | epithet_or_title=the Punk | Last login 25 years, 2 months, and 21 days ago from [numerical address]."
whois_dynamit_1780908353,char_dynamit,Dynamit,dynamit,Dwarf,Retired,data/evidence/whois/text/dynamit.txt,data/evidence/whois/html/dynamit.html,yes,no,no,medium,"query_name=Dynamit | display_name=Dynamit Harry, biggest bitch north of Isengaard | epithet_or_title=Harry, biggest bitch north of Isengaard | Last login 6 years and 14 days ago."
whois_ëárand_1780908364,,Ëárand,earand,Half-Elf,Retired,data/evidence/whois/text/earand.txt,data/evidence/whois/html/earand.html,yes,no,no,medium,"query_name=Earand | display_name=Ëárand Cataract, Sorcerer of Lothlórien | epithet_or_title=Cataract, Sorcerer of Lothlórien | Last login 3 years, 9 months, and 3 days ago."
whois_eärnur_1780908370,,Eärnur,earnur,Black Númenórean,Retired,data/evidence/whois/text/earnur.txt,data/evidence/whois/html/earnur.html,yes,no,no,medium,query_name=Earnur | display_name=Eärnur the last King of Gondor | epithet_or_title=the last King of Gondor
whois_echo_1780908381,char_echo,Echo,echo,Cave Troll Brute,Retired,data/evidence/whois/text/echo.txt,data/evidence/whois/html/echo.html,yes,no,no,medium,query_name=Echo | display_name=Echo E c h o E c h o | epithet_or_title=E c h o E c h o
whois_eckhart_1780908386,char_eckhart,Eckhart,eckhart,Dúnadan Veteran,Retired,data/evidence/whois/text/eckhart.txt,data/evidence/whois/html/eckhart.html,yes,no,no,medium,"query_name=Eckhart | display_name=Eckhart ""Gurkan"" Brammel | epithet_or_title=""Gurkan"" Brammel | Last login 15 years, 11 months, and 8 days ago from *.se."
whois_eder_1780908392,char_eder,Eder,eder,Dwarf,Retired,data/evidence/whois/text/eder.txt,data/evidence/whois/html/eder.html,yes,no,no,medium,query_name=Eder | display_name=Eder the Master | epithet_or_title=the Master
whois_edrahil_1780908397,char_edrahil,Edrahil,edrahil,Elf,Retired,data/evidence/whois/text/edrahil.txt,data/evidence/whois/html/edrahil.html,yes,no,no,medium,"query_name=Edrahil | display_name=Edrahil | Last login 13 years, 10 months, and 23 days ago."
whois_edvard_1780908403,char_edvard,Edvard,edvard,Maia,Retired,data/evidence/whois/text/edvard.txt,data/evidence/whois/html/edvard.html,yes,no,no,medium,"query_name=Edvard | display_name=Edvard the God, af Norrland | epithet_or_title=the God, af Norrland"
whois_eggrât_1780908408,,Eggrât,eggrat,Orc,Retired,data/evidence/whois/text/eggrat.txt,data/evidence/whois/html/eggrat.html,yes,no,no,medium,"query_name=Eggrat | display_name=Eggrât Inzsc, Break of Dawn | epithet_or_title=Inzsc, Break of Dawn"
whois_eidolon_1780908430,char_eidolon,Eidolon,eidolon,Orc,Retired,data/evidence/whois/text/eidolon.txt,data/evidence/whois/html/eidolon.html,yes,no,no,medium,query_name=Eidolon | display_name=Eidolon The Mental Bitch of Minas Morgul | epithet_or_title=The Mental Bitch of Minas Morgul
whois_eileen_1780908436,char_eileen,Eileen,eileen,Elf,Retired,data/evidence/whois/text/eileen.txt,data/evidence/whois/html/eileen.html,yes,no,no,medium,"query_name=Eileen | display_name=Eileen Summerbreeze, Everqueen of Athel-Loren | epithet_or_title=Summerbreeze, Everqueen of Athel-Loren | Last login 18 years, 1 month, and 21 days ago."
whois_eladamri_1780908447,char_eladamri,Eladamri,eladamri,Elf,Retired,data/evidence/whois/text/eladamri.txt,data/evidence/whois/html/eladamri.html,yes,no,no,medium,query_name=Eladamri | display_name=Eladamri - Lord of Leaves | epithet_or_title=- Lord of Leaves | Last login 9 days and 13 hours ago.
whois_elavar_1780908458,char_elavar,Elavar,elavar,Noldorin Wizard,Retired,data/evidence/whois/text/elavar.txt,data/evidence/whois/html/elavar.html,yes,no,no,medium,"query_name=Elavar | display_name=Elavar the Elf, Stalker of the Misty Mountains | epithet_or_title=the Elf, Stalker of the Misty Mountains | Last login 3 years, 3 months, and 3 days ago."
whois_elaviel_1780908463,char_elaviel,Elaviel,elaviel,Silvan Warrior,Retired,data/evidence/whois/text/elaviel.txt,data/evidence/whois/html/elaviel.html,yes,no,no,medium,"query_name=Elaviel | display_name=Elaviel | Last login 20 years, 4 months, and 28 days ago from *.com."
whois_eldale_1780908474,char_eldale,Eldale,eldale,Hobbit,Retired,data/evidence/whois/text/eldale.txt,data/evidence/whois/html/eldale.html,yes,no,no,medium,"query_name=Eldale | display_name=Eldale | Last login 18 years, 9 months, and 19 days ago."
whois_eldan_1780908480,char_eldan,Eldan,eldan,Half-elven Patriarch,Retired,data/evidence/whois/text/eldan.txt,data/evidence/whois/html/eldan.html,yes,no,no,medium,"query_name=Eldan | display_name=Eldan the Wise-Guy | epithet_or_title=the Wise-Guy | Last login 22 years, 8 months, and 3 days ago from *.net."
whois_eldarion_1780908485,char_eldarion,Eldarion,eldarion,Half-elven Ranger,Retired,data/evidence/whois/text/eldarion.txt,data/evidence/whois/html/eldarion.html,yes,no,no,medium,"query_name=Eldarion | display_name=Eldarion Starshine, Defender of the Crown | epithet_or_title=Starshine, Defender of the Crown | Last login 22 years, 3 months, and 2 days ago from *.dk."
whois_elden_1780908491,char_elden,Elden,elden,Half-elven Patriarch,Retired,data/evidence/whois/text/elden.txt,data/evidence/whois/html/elden.html,yes,no,no,medium,"query_name=Elden | display_name=Elden | Last login 19 years, 10 months, and 9 days ago from *.ee."
whois_eldrasil_1780908496,char_eldrasil,Eldrasil,eldrasil,Elf,Retired,data/evidence/whois/text/eldrasil.txt,data/evidence/whois/html/eldrasil.html,yes,no,no,medium,"query_name=Eldrasil | display_name=Eldrasil M & M's | epithet_or_title=M & M's | Last login 16 years, 4 months, and 7 days ago."
whois_eldrenil_1780908502,char_eldrenil,Eldrenil,eldrenil,Sindarin Wizard,Retired,data/evidence/whois/text/eldrenil.txt,data/evidence/whois/html/eldrenil.html,yes,no,no,medium,"query_name=Eldrenil | display_name=Eldrenil Elàrad of Rivendell | epithet_or_title=Elàrad of Rivendell | Last login 18 years, 3 months, and 21 days ago from *.org."
whois_elebor_1780908507,char_elebor,Elebor,elebor,Dúnadan Hero,Retired,data/evidence/whois/text/elebor.txt,data/evidence/whois/html/elebor.html,yes,no,no,medium,"query_name=Elebor | display_name=Elebor, Knight Crusader of Minas Tirith | epithet_or_title=, Knight Crusader of Minas Tirith | Last login 2 months and 27 days ago from *.ee."
whois_elendur_1780908518,char_elendur,Elendur,elendur,Half-Elf,Retired,data/evidence/whois/text/elendur.txt,data/evidence/whois/html/elendur.html,yes,no,no,medium,"query_name=Elendur | display_name=Elendur | Last login 1 year, 1 month, and 24 days ago."
whois_elenrìl_1780908524,,Elenrìl,elenril,Elf,Retired,data/evidence/whois/text/elenril.txt,data/evidence/whois/html/elenril.html,yes,no,no,medium,"query_name=Elenril | display_name=Elenrìl i Aristar an ehtelë, heruo Ondolindë | epithet_or_title=i Aristar an ehtelë, heruo Ondolindë | Last login 5 years, 8 months, and 30 days ago from [numerical address]."
whois_elenwë_1780908530,,Elenwë,elenwe,Elf,Retired,data/evidence/whois/text/elenwe.txt,data/evidence/whois/html/elenwe.html,yes,no,no,medium,"query_name=Elenwe | display_name=Elenwë | Last login 20 years, 6 months, and 8 days ago."
whois_elestir_1780908535,char_elestir,Elestir,elestir,Elf,Retired,data/evidence/whois/text/elestir.txt,data/evidence/whois/html/elestir.html,yes,no,no,medium,query_name=Elestir | display_name=Elestir Isilme | epithet_or_title=Isilme
whois_eletherion_1780908541,char_eletherion,Eletherion,eletherion,Beorning Battlemaster,Retired,data/evidence/whois/text/eletherion.txt,data/evidence/whois/html/eletherion.html,yes,no,no,medium,"query_name=Eletherion | display_name=Eletherion the Master Executioner | epithet_or_title=the Master Executioner | Last login 6 years, 2 months, and 7 days ago from [numerical address]."
whois_elfwyn_1780908546,char_elfwyn,Elfwyn,elfwyn,Rohirric Rider,Retired,data/evidence/whois/text/elfwyn.txt,data/evidence/whois/html/elfwyn.html,yes,no,no,medium,"query_name=Elfwyn | display_name=Elfwyn of Eastfold, Shieldmaiden of Rohan | epithet_or_title=of Eastfold, Shieldmaiden of Rohan | Last login 18 years, 1 month, and 28 days ago from *.se."
whois_elian_1780908552,char_elian,Elian,elian,Elf,Retired,data/evidence/whois/text/elian.txt,data/evidence/whois/html/elian.html,yes,no,no,medium,"query_name=Elian | display_name=Elian Lumren | epithet_or_title=Lumren | Last login 13 years, 3 months, and 17 days ago."
whois_elirion_1780908557,char_elirion,Elirion,elirion,Dúnadan Battlemaster,Retired,data/evidence/whois/text/elirion.txt,data/evidence/whois/html/elirion.html,yes,no,no,medium,"query_name=Elirion | display_name=Elirion Omafael, ranger of the north | epithet_or_title=Omafael, ranger of the north | Last login 20 years ago from *.se."
whois_elistan_1780908563,char_elistan,Elistan,elistan,Maia,Retired,data/evidence/whois/text/elistan.txt,data/evidence/whois/html/elistan.html,yes,no,no,medium,"query_name=Elistan | display_name=Elistan of many, of few | epithet_or_title=of many, of few"
whois_ellara_1780908574,char_ellara,Ellara,ellara,Half-Elf,Retired,data/evidence/whois/text/ellara.txt,data/evidence/whois/html/ellara.html,yes,no,no,medium,"query_name=Ellara | display_name=Ellara Shentantra, Storm-Queen of Weathertop | epithet_or_title=Shentantra, Storm-Queen of Weathertop | Last login 21 years and 11 days ago."
whois_elle_1780908579,char_elle,Elle,elle,Sindarin Matriarch,Retired,data/evidence/whois/text/elle.txt,data/evidence/whois/html/elle.html,yes,no,no,medium,"query_name=Elle | display_name=Elle the Druidess | epithet_or_title=the Druidess | Last login 14 years, 11 months, and 20 days ago from *.net."
whois_elleth_1780908585,char_elleth,Elleth,elleth,Elf,Retired,data/evidence/whois/text/elleth.txt,data/evidence/whois/html/elleth.html,yes,no,no,medium,"query_name=Elleth | display_name=Elleth Rosinasai | epithet_or_title=Rosinasai | Last login 2 years, 1 month, and 7 days ago."
whois_elmir_1780908590,char_elmir,Elmir,elmir,Man,,data/evidence/whois/text/elmir.txt,data/evidence/whois/html/elmir.html,yes,no,no,medium,"query_name=Elmir | display_name=Elmir Kalaspuffen Hoochiepapa | epithet_or_title=Kalaspuffen Hoochiepapa | Last login 15 years, 10 months, and 8 days ago."
whois_elmo_1780908596,char_elmo,Elmo,elmo,Dwarven Battlemaster,Retired,data/evidence/whois/text/elmo.txt,data/evidence/whois/html/elmo.html,yes,no,no,medium,"query_name=Elmo | display_name=Elmo ooooh! that tickles! | epithet_or_title=ooooh! that tickles! | Last login 20 years, 5 months, and 29 days ago from *.ca."
whois_eloin_1780908601,char_eloin,Eloin,eloin,Sindarin Bodyguard,Retired,data/evidence/whois/text/eloin.txt,data/evidence/whois/html/eloin.html,yes,no,no,medium,"query_name=Eloin | display_name=Eloin | Last login 2 years, 7 months, and 2 days ago from *.ee."
whois_elrik_1780908607,char_elrik,Elrik,elrik,Black Númenórean,Retired,data/evidence/whois/text/elrik.txt,data/evidence/whois/html/elrik.html,yes,no,no,medium,query_name=Elrik | display_name=Elrik the black istar of the Black Shadow Clan | epithet_or_title=the black istar of the Black Shadow Clan
whois_elroh_1780908612,char_elroh,Elroh,elroh,Silvan Hero,Retired,data/evidence/whois/text/elroh.txt,data/evidence/whois/html/elroh.html,yes,no,no,medium,"query_name=Elroh | display_name=Elroh | Last login 24 years, 6 months, and 7 days ago from *.ee."
whois_elrun_1780908618,char_elrun,Elrun,elrun,Elf,Retired,data/evidence/whois/text/elrun.txt,data/evidence/whois/html/elrun.html,yes,no,no,medium,"query_name=Elrun | display_name=Elrun doesn't think so... | epithet_or_title=doesn't think so... | Last login 22 years, 11 months, and 12 days ago."
whois_elsurion_1780908623,char_elsurion,Elsurion,elsurion,Half-elven Patriarch,Retired,data/evidence/whois/text/elsurion.txt,data/evidence/whois/html/elsurion.html,yes,no,no,medium,"query_name=Elsurion | display_name=Elsurion Starlight | epithet_or_title=Starlight | Last login 1 year, 10 months, and 25 days ago."
whois_eluchíl_1780908629,,Eluchíl,eluchil,Half-Elf,Retired,data/evidence/whois/text/eluchil.txt,data/evidence/whois/html/eluchil.html,yes,no,no,medium,"query_name=Eluchil | display_name=Eluchíl Starshine | epithet_or_title=Starshine | Last login 10 years, 3 months, and 15 days ago."
whois_elumïr_1780908634,,Elumïr,elumir,Half-elven Priest,Retired,data/evidence/whois/text/elumir.txt,data/evidence/whois/html/elumir.html,yes,no,no,medium,"query_name=Elumir | display_name=Elumïr the Druid | epithet_or_title=the Druid | Last login 1 year, 8 months, and 12 days ago."
whois_emroth_1780908640,char_emroth,Emroth,emroth,Man,Retired,data/evidence/whois/text/emroth.txt,data/evidence/whois/html/emroth.html,yes,no,no,medium,"query_name=Emroth | display_name=Emroth | Last login 14 years, 9 months, and 9 days ago."
whois_endor_1780908645,char_endor,Endor,endor,Maia,,data/evidence/whois/text/endor.txt,data/evidence/whois/html/endor.html,yes,no,no,medium,query_name=Endor | display_name=Endor
whois_endur_1780908651,char_endur,Endur,endur,Dúnadan Hero,Retired,data/evidence/whois/text/endur.txt,data/evidence/whois/html/endur.html,yes,no,no,medium,"query_name=Endur | display_name=Endur the Steadfast, Knight of the White Tower | epithet_or_title=the Steadfast, Knight of the White Tower | Last login 2 months and 25 days ago from *.net."
whois_enforcer_1780908656,char_enforcer,Enforcer,enforcer,Maia,,data/evidence/whois/text/enforcer.txt,data/evidence/whois/html/enforcer.html,yes,no,no,medium,query_name=Enforcer | display_name=Enforcer of Law and Order on Arda | epithet_or_title=of Law and Order on Arda
whois_engelbert_1780908662,char_engelbert,Engelbert,engelbert,Silvan Warlock,Retired,data/evidence/whois/text/engelbert.txt,data/evidence/whois/html/engelbert.html,yes,no,no,medium,"query_name=Engelbert | display_name=Engelbert | Last login 21 years, 11 months, and 14 days ago from *.ee."
whois_ennor_1780908667,char_ennor,Ennor,ennor,Dwarf,Retired,data/evidence/whois/text/ennor.txt,data/evidence/whois/html/ennor.html,yes,no,no,medium,query_name=Ennor | display_name=Ennor VI | epithet_or_title=VI | Last login 7 months and 23 days ago.
whois_equínôxë_1780908678,,Equínôxë,equinoxe,Orkish Battlemistress,Retired,data/evidence/whois/text/equinoxe.txt,data/evidence/whois/html/equinoxe.html,yes,no,no,medium,query_name=Equinoxe | display_name=Equínôxë Oxýgêne ® | epithet_or_title=Oxýgêne ®
whois_eral_1780908684,char_eral,Eral,eral,Noldorin Wizard,Retired,data/evidence/whois/text/eral.txt,data/evidence/whois/html/eral.html,yes,no,no,medium,"query_name=Eral | display_name=Eral the Earthling | epithet_or_title=the Earthling | Last login 22 years, 6 months, and 13 days ago from *.fi."
whois_erebos_1780908689,char_erebos,Erebos,erebos,Dwarven Hero,Retired,data/evidence/whois/text/erebos.txt,data/evidence/whois/html/erebos.html,yes,no,no,medium,"query_name=Erebos | display_name=Erebos - Get outta my face mango! | epithet_or_title=- Get outta my face mango! | Last login 13 years, 7 months, and 18 days ago from *.cz."
whois_eric_1780908700,char_eric,Eric,eric,Black Númenórean,Retired,data/evidence/whois/text/eric.txt,data/evidence/whois/html/eric.html,yes,no,no,medium,query_name=Eric | display_name=Eric
whois_ermon_1780908711,char_ermon,Ermon,ermon,Dúnadan Chieftain,Retired,data/evidence/whois/text/ermon.txt,data/evidence/whois/html/ermon.html,yes,no,no,medium,"query_name=Ermon | display_name=Ermon | Last login 13 years, 3 months, and 10 days ago from *.no."
whois_ernst_1780908717,char_ernst,Ernst,ernst,Man,Retired,data/evidence/whois/text/ernst.txt,data/evidence/whois/html/ernst.html,yes,no,no,medium,"query_name=Ernst | display_name=Ernst, the Dúnadan Ranger | epithet_or_title=, the Dúnadan Ranger | Last login 11 years, 2 months, and 26 days ago."
whois_erowyn_1780908722,char_erowyn,Erowyn,erowyn,Man,Retired,data/evidence/whois/text/erowyn.txt,data/evidence/whois/html/erowyn.html,yes,no,no,medium,"query_name=Erowyn | display_name=Erowyn of Riddermark | epithet_or_title=of Riddermark | Last login 12 years, 9 months, and 19 days ago."
whois_erudhil_1780908728,char_erudhil,Erudhil,erudhil,Black Númenórean Wizard,Retired,data/evidence/whois/text/erudhil.txt,data/evidence/whois/html/erudhil.html,yes,no,no,medium,"query_name=Erudhil | display_name=Erudhil the Black, High Lord of the East | epithet_or_title=the Black, High Lord of the East"
whois_escape_1780908733,char_escape,Escape,escape,Dwarven Axemaster,Retired,data/evidence/whois/text/escape.txt,data/evidence/whois/html/escape.html,yes,no,no,medium,"query_name=Escape | display_name=Escape short but thin | epithet_or_title=short but thin | Last login 1 year, 5 months, and 8 days ago."
whois_estel_1780908739,char_estel,Estel,estel,Elf,Retired,data/evidence/whois/text/estel.txt,data/evidence/whois/html/estel.html,yes,no,no,medium,"query_name=Estel | display_name=Estel | Last login 18 years, 2 months, and 12 days ago."
whois_eternal_1780908744,char_eternal,Eternal,eternal,Half-Elf,Retired,data/evidence/whois/text/eternal.txt,data/evidence/whois/html/eternal.html,yes,no,no,medium,"query_name=Eternal | display_name=Eternal Erection | epithet_or_title=Erection | Last login 5 years, 4 months, and 8 days ago."
whois_ethar_1780908750,char_ethar,Ethar,ethar,Dúnadan Wizard,Retired,data/evidence/whois/text/ethar.txt,data/evidence/whois/html/ethar.html,yes,no,no,medium,"query_name=Ethar | display_name=Ethar Tar-Minyatur | epithet_or_title=Tar-Minyatur | Last login 5 years, 3 months, and 25 days ago from *.com."
whois_ethne_1780908755,char_ethne,Ethne,ethne,Elf,,data/evidence/whois/text/ethne.txt,data/evidence/whois/html/ethne.html,yes,no,no,medium,"query_name=Ethne | display_name=Ethne Maethýn | epithet_or_title=Maethýn | Last login 7 years, 7 months, and 28 days ago."
whois_eto_1780908761,char_eto,Eto,eto,Fallohide Scout,Retired,data/evidence/whois/text/eto.txt,data/evidence/whois/html/eto.html,yes,no,no,medium,query_name=Eto | display_name=Eto samoe... | epithet_or_title=samoe... | Last login 19 years and 12 days ago from *.net.
whois_etopal_1780908766,char_etopal,Etopal,etopal,Hobbit,Retired,data/evidence/whois/text/etopal.txt,data/evidence/whois/html/etopal.html,yes,no,no,medium,"query_name=Etopal | display_name=Etopal | Last login 27 years, 1 month, and 29 days ago."
whois_evandaar_1780908772,char_evandaar,Evandaar,evandaar,Maia,,data/evidence/whois/text/evandaar.txt,data/evidence/whois/html/evandaar.html,yes,no,no,medium,query_name=Evandaar | display_name=Evandaar | role=Cartographer
whois_everhate_1780908777,char_everhate,Everhate,everhate,Tarkhnarb Battlemistress,Retired,data/evidence/whois/text/everhate.txt,data/evidence/whois/html/everhate.html,yes,no,no,medium,query_name=Everhate | display_name=Everhate the Slaanesh Daemonette | epithet_or_title=the Slaanesh Daemonette
whois_exiled_1780908783,char_exiled,Exiled,exiled,Elf,Retired,data/evidence/whois/text/exiled.txt,data/evidence/whois/html/exiled.html,yes,no,no,medium,query_name=Exiled | display_name=Exiled | Last login 18 years and 19 days ago.
whois_fable_1780908788,char_fable,Fable,fable,Orkish Snaga,Retired,data/evidence/whois/text/fable.txt,data/evidence/whois/html/fable.html,yes,no,no,medium,query_name=Fable | display_name=Fable
whois_faint_1780908805,char_faint,Faint,faint,Maia,,data/evidence/whois/text/faint.txt,data/evidence/whois/html/faint.html,yes,no,no,medium,query_name=Faint | display_name=Faint breeze | epithet_or_title=breeze
whois_fairy_1780908810,char_fairy,Fairy,fairy,Sindarin Witch,Retired,data/evidence/whois/text/fairy.txt,data/evidence/whois/html/fairy.html,yes,no,no,medium,"query_name=Fairy | display_name=Fairy Keijukainen, Dreamweaver of Athel-Loren | epithet_or_title=Keijukainen, Dreamweaver of Athel-Loren | Last login 21 years, 2 months, and 29 days ago from *.fi."
whois_falanor_1780908816,char_falanor,Falanor,falanor,Silvan Healer,Retired,data/evidence/whois/text/falanor.txt,data/evidence/whois/html/falanor.html,yes,no,no,medium,"query_name=Falanor | display_name=Falanor the Elven Lord | epithet_or_title=the Elven Lord | Last login 22 years, 9 months, and 13 days ago from [numerical address]."
whois_faldir_1780908827,char_faldir,Faldir,faldir,Eriadorian Ranger,Retired,data/evidence/whois/text/faldir.txt,data/evidence/whois/html/faldir.html,yes,no,no,medium,"query_name=Faldir | display_name=Faldir blah | epithet_or_title=blah | Last login 23 years, 1 month, and 9 days ago from *.com."
whois_falenor_1780908838,char_falenor,Falenor,falenor,Silvan Rider,Retired,data/evidence/whois/text/falenor.txt,data/evidence/whois/html/falenor.html,yes,no,no,medium,"query_name=Falenor | display_name=Falenor the Elven Lord | epithet_or_title=the Elven Lord | Last login 20 years, 10 months, and 7 days ago from *.ee."
whois_famine_1780908849,char_famine,Famine,famine,Black Númenórean Mercenary,Retired,data/evidence/whois/text/famine.txt,data/evidence/whois/html/famine.html,yes,no,no,medium,query_name=Famine | display_name=Famine
whois_fankil_1780908854,char_fankil,Fankil,fankil,Maia,,data/evidence/whois/text/fankil.txt,data/evidence/whois/html/fankil.html,yes,no,no,medium,query_name=Fankil | display_name=Fankil - servant of Morgoth | epithet_or_title=- servant of Morgoth | role=Shaper
whois_faradoc_1780908860,char_faradoc,Faradoc,faradoc,Hobbit,Retired,data/evidence/whois/text/faradoc.txt,data/evidence/whois/html/faradoc.html,yes,no,no,medium,"query_name=Faradoc | display_name=Faradoc | Last login 15 years, 8 months, and 8 days ago."
whois_faramin_1780908865,char_faramin,Faramin,faramin,Dúnadan Healer,Retired,data/evidence/whois/text/faramin.txt,data/evidence/whois/html/faramin.html,yes,no,no,medium,"query_name=Faramin | display_name=Faramin the Jeweller of Fornost | epithet_or_title=the Jeweller of Fornost | Last login 10 years, 3 months, and 15 days ago from *.se."
whois_farin_1780908876,char_farin,Farin,farin,Maia,Retired,data/evidence/whois/text/farin.txt,data/evidence/whois/html/farin.html,yes,no,no,medium,query_name=Farin | display_name=Farin
whois_farion_1780908882,char_farion,Farion,farion,Elf,Retired,data/evidence/whois/text/farion.txt,data/evidence/whois/html/farion.html,yes,no,no,medium,"query_name=Farion | display_name=Farion Frozen | epithet_or_title=Frozen | Last login 23 years, 2 months, and 7 days ago."
whois_fëagil_1780908887,,Fëagil,feagil,Maia,Retired,data/evidence/whois/text/feagil.txt,data/evidence/whois/html/feagil.html,yes,no,no,medium,query_name=Feagil | display_name=Fëagil the messenger of Varda | epithet_or_title=the messenger of Varda | role=Cartographer
whois_fëagor_1780908893,,Fëagor,feagor,Half-Elf,Retired,data/evidence/whois/text/feagor.txt,data/evidence/whois/html/feagor.html,yes,no,no,medium,"query_name=Feagor | display_name=Fëagor the Butterfly | epithet_or_title=the Butterfly | Last login 5 years, 10 months, and 22 days ago."
whois_féagwath_1780908898,,Féagwath,feagwath,Black Númenórean,Retired,data/evidence/whois/text/feagwath.txt,data/evidence/whois/html/feagwath.html,yes,no,no,medium,query_name=Feagwath | display_name=Féagwath the Undead Sorcerer | epithet_or_title=the Undead Sorcerer
whois_fëanor_1780908904,,Fëanor,feanor,Vala,Retired,data/evidence/whois/text/feanor.txt,data/evidence/whois/html/feanor.html,yes,no,no,medium,query_name=Feanor | display_name=Fëanor the Spirit of Fire | epithet_or_title=the Spirit of Fire | role=Architect
whois_fear_1780908909,char_fear,Fear,fear,Troll,Retired,data/evidence/whois/text/fear.txt,data/evidence/whois/html/fear.html,yes,no,no,medium,query_name=Fear | display_name=Fear
whois_fëaran_1780908915,,Fëaran,fearan,Elf,Retired,data/evidence/whois/text/fearan.txt,data/evidence/whois/html/fearan.html,yes,no,no,medium,"query_name=Fearan | display_name=Fëaran fades into obscurity | epithet_or_title=fades into obscurity | Last login 15 years, 8 months, and 11 days ago."
whois_feärendil_1780908920,,Feärendil,fearendil,Noldorin Scout,Retired,data/evidence/whois/text/fearendil.txt,data/evidence/whois/html/fearendil.html,yes,no,no,medium,query_name=Fearendil | display_name=Feärendil the Golden Star | epithet_or_title=the Golden Star | Last login 9 months and 8 days ago from *.it.
whois_fearless_1780908926,char_fearless,Fearless,fearless,Tarkhnarb Fighter,Retired,data/evidence/whois/text/fearless.txt,data/evidence/whois/html/fearless.html,yes,no,no,medium,query_name=Fearless | display_name=Fearless Fighter from The Gates Of Isthar | epithet_or_title=Fighter from The Gates Of Isthar
whois_fenir_1780908937,char_fenir,Fenir,fenir,Man,Retired,data/evidence/whois/text/fenir.txt,data/evidence/whois/html/fenir.html,yes,no,no,medium,"query_name=Fenir | display_name=Fenir | Last login 14 years, 3 months, and 21 days ago."
whois_feon_1780908942,char_feon,Feon,feon,Maia,,data/evidence/whois/text/feon.txt,data/evidence/whois/html/feon.html,yes,no,no,medium,"query_name=Feon | display_name=Feon Lord, Captain, King of Everything. NSL | epithet_or_title=Lord, Captain, King of Everything. NSL"
whois_feorwyn_1780908948,char_feorwyn,Feorwyn,feorwyn,Rohirric Rider,Retired,data/evidence/whois/text/feorwyn.txt,data/evidence/whois/html/feorwyn.html,yes,no,no,medium,"query_name=Feorwyn | display_name=Feorwyn daughter of Feormund, rider of Eastfold | epithet_or_title=daughter of Feormund, rider of Eastfold | Last login 22 years, 3 months, and 9 days ago from [numerical address]."
whois_feriand_1780908953,char_feriand,Feriand,feriand,Harfoot Hero,Retired,data/evidence/whois/text/feriand.txt,data/evidence/whois/html/feriand.html,yes,no,no,medium,"query_name=Feriand | display_name=Feriand | Last login 6 years, 2 months, and 20 days ago from *.eu."
whois_fero_1780908959,char_fero,Fero,fero,Dwarf,Retired,data/evidence/whois/text/fero.txt,data/evidence/whois/html/fero.html,yes,no,no,medium,"query_name=Fero | display_name=Fero the Pillow Warrior | epithet_or_title=the Pillow Warrior | Last login 4 years, 9 months, and 13 days ago."
whois_ferska_1780908964,char_ferska,Ferska,ferska,Rohirric Sage,Retired,data/evidence/whois/text/ferska.txt,data/evidence/whois/html/ferska.html,yes,no,no,medium,"query_name=Ferska | display_name=Ferska | Last login 17 years, 8 months, and 17 days ago from [numerical address]."
whois_fiend_1780908970,char_fiend,Fiend,fiend,Tarkhnarb Battlemaster,Retired,data/evidence/whois/text/fiend.txt,data/evidence/whois/html/fiend.html,yes,no,no,medium,query_name=Fiend | display_name=Fiend of the Pit | epithet_or_title=of the Pit
whois_fierce_1780908975,char_fierce,Fierce,fierce,point is a level forty Cave Troll Warrior,Retired,data/evidence/whois/text/fierce.txt,data/evidence/whois/html/fierce.html,yes,no,no,medium,query_name=Fierce | display_name=Fierce will be back when there | epithet_or_title=will be back when there
whois_filia_1780908981,char_filia,Filia,filia,Beorning Sentry,Retired,data/evidence/whois/text/filia.txt,data/evidence/whois/html/filia.html,yes,no,no,medium,"query_name=Filia | display_name=Filia | Last login 15 years, 8 months, and 11 days ago from *.ca."
whois_filibert_1780908986,char_filibert,Filibert,filibert,Maia,,data/evidence/whois/text/filibert.txt,data/evidence/whois/html/filibert.html,yes,no,no,medium,query_name=Filibert | display_name=Filibert Unisex | epithet_or_title=Unisex
whois_finadriel_1780908997,char_finadriel,Finadriel,finadriel,Elf,Retired,data/evidence/whois/text/finadriel.txt,data/evidence/whois/html/finadriel.html,yes,no,no,medium,query_name=Finadriel | display_name=Finadriel the Stealthy Prospector | epithet_or_title=the Stealthy Prospector | Last login 3 years and 5 months ago.
whois_findo_1780909003,char_findo,Findo,findo,Elf,Retired,data/evidence/whois/text/findo.txt,data/evidence/whois/html/findo.html,yes,no,no,medium,"query_name=Findo | display_name=Findo Firestorm | epithet_or_title=Firestorm | Last login 22 years, 2 months, and 23 days ago."
whois_finduilas_1780909008,char_finduilas,Finduilas,finduilas,Elf,Retired,data/evidence/whois/text/finduilas.txt,data/evidence/whois/html/finduilas.html,yes,no,no,medium,query_name=Finduilas | display_name=Finduilas of Nargothrond | epithet_or_title=of Nargothrond
whois_fingéror_1780909014,,Fingéror,fingeror,Sindarin Hero,,data/evidence/whois/text/fingeror.txt,data/evidence/whois/html/fingeror.html,yes,no,no,medium,"query_name=Fingeror | display_name=Fingéror | Last login 17 years, 2 months, and 4 days ago from *.se."
whois_firewalker_1780909025,char_firewalker,Firewalker,firewalker,Elf,Retired,data/evidence/whois/text/firewalker.txt,data/evidence/whois/html/firewalker.html,yes,no,no,medium,"query_name=Firewalker | display_name=Firewalker Red Hot Chili Pepper | epithet_or_title=Red Hot Chili Pepper | Last login 23 years, 4 months, and 16 days ago."
whois_fisben_1780909030,char_fisben,Fisben,fisben,Elf,Retired,data/evidence/whois/text/fisben.txt,data/evidence/whois/html/fisben.html,yes,no,no,medium,"query_name=Fisben | display_name=Fisben Mandragora, forgetful Archmage of Krynn | epithet_or_title=Mandragora, forgetful Archmage of Krynn | Last login 2 years, 8 months, and 10 days ago."
whois_flói_1780909041,,Flói,floi,Longbeard Hero,Retired,data/evidence/whois/text/floi.txt,data/evidence/whois/html/floi.html,yes,no,no,medium,"query_name=Floi | display_name=Flói Darkbeard, Quickblade of Durin's House | epithet_or_title=Darkbeard, Quickblade of Durin's House | Last login 2 months and 28 days ago."
whois_folko_1780909052,char_folko,Folko,folko,Stoor Hero,Retired,data/evidence/whois/text/folko.txt,data/evidence/whois/html/folko.html,yes,no,no,medium,query_name=Folko | display_name=Folko | Last login 17 years and 15 days ago from [numerical address].
whois_fong_1780909058,char_fong,Fong,fong,Silvan Adventurer,Retired,data/evidence/whois/text/fong.txt,data/evidence/whois/html/fong.html,yes,no,no,medium,query_name=Fong | display_name=Fong Sai Yuk | epithet_or_title=Sai Yuk | Last login 11 months and 10 days ago from *.th.
whois_forin_1780909063,char_forin,Forin,forin,Dwarven Warrior,Retired,data/evidence/whois/text/forin.txt,data/evidence/whois/html/forin.html,yes,no,no,medium,"query_name=Forin | display_name=Forin Silvermail | epithet_or_title=Silvermail | Last login 14 years, 8 months, and 16 days ago from *.se."
whois_forrest_1780909069,char_forrest,Forrest,forrest,Stoor Burglar,Retired,data/evidence/whois/text/forrest.txt,data/evidence/whois/html/forrest.html,yes,no,no,medium,"query_name=Forrest | display_name=Forrest Brandybuck, defender of Buckland | epithet_or_title=Brandybuck, defender of Buckland | Last login 22 years, 4 months, and 7 days ago from *.net."
whois_fortran_1780909074,char_fortran,Fortran,fortran,Half-elven Priest,Retired,data/evidence/whois/text/fortran.txt,data/evidence/whois/html/fortran.html,yes,no,no,medium,"query_name=Fortran | display_name=Fortran the one | epithet_or_title=the one | Last login 20 years, 6 months, and 29 days ago from [numerical address]."
whois_forve_1780909080,char_forve,Forve,forve,Half-elven Hero,Retired,data/evidence/whois/text/forve.txt,data/evidence/whois/html/forve.html,yes,no,no,medium,"query_name=Forve | display_name=Forve the half of Half-Elf | epithet_or_title=the half of Half-Elf | Last login 2 years, 2 months, and 3 days ago from *.ee."
whois_fragir_1780909085,char_fragir,Fragir,fragir,Dwarven Priest,,data/evidence/whois/text/fragir.txt,data/evidence/whois/html/fragir.html,yes,no,no,medium,"query_name=Fragir | display_name=Fragir the Exorcist, Monk of Durin's House | epithet_or_title=the Exorcist, Monk of Durin's House | Last login 1 month and 28 days ago from [numerical address]."
whois_francis_1780909091,char_francis,Francis,francis,Dwarf,Retired,data/evidence/whois/text/francis.txt,data/evidence/whois/html/francis.html,yes,no,no,medium,"query_name=Francis | display_name=Francis Silverbeard, designer of mining tools | epithet_or_title=Silverbeard, designer of mining tools | Last login 5 years, 10 months, and 15 days ago from *.nu."
whois_fredde_1780909097,char_fredde,Fredde,fredde,Maia,Retired,data/evidence/whois/text/fredde.txt,data/evidence/whois/html/fredde.html,yes,no,no,medium,"query_name=Fredde | display_name=Fredde II, Die Harder | epithet_or_title=II, Die Harder | role=Cartographer"
whois_freight_1780909102,char_freight,Freight,freight,Cave Troll Wrecker,Retired,data/evidence/whois/text/freight.txt,data/evidence/whois/html/freight.html,yes,no,no,medium,query_name=Freight | display_name=Freight Train | epithet_or_title=Train
whois_friar_1780909108,char_friar,Friar,friar,Hobbit,Retired,data/evidence/whois/text/friar.txt,data/evidence/whois/html/friar.html,yes,no,no,medium,query_name=Friar | display_name=Friar Tuck | epithet_or_title=Tuck | Last login 6 years and 16 days ago.
whois_frink_1780909113,char_frink,Frink,frink,Troll,Retired,data/evidence/whois/text/frink.txt,data/evidence/whois/html/frink.html,yes,no,no,medium,query_name=Frink | display_name=Frink
whois_fubar_1780909130,char_fubar,Fubar,fubar,Troll,Retired,data/evidence/whois/text/fubar.txt,data/evidence/whois/html/fubar.html,yes,no,no,medium,query_name=Fubar | display_name=Fubar
whois_fui_1780909135,char_fui,Fui,fui,Orc,Retired,data/evidence/whois/text/fui.txt,data/evidence/whois/html/fui.html,yes,no,no,medium,"query_name=Fui | display_name=Fui Nienna, goddess of Death | epithet_or_title=Nienna, goddess of Death"
whois_fuor_1780909141,char_fuor,Fuor,fuor,Dúnadan Priest,Retired,data/evidence/whois/text/fuor.txt,data/evidence/whois/html/fuor.html,yes,no,no,medium,"query_name=Fuor | display_name=Fuor Fárath, Priest of the White Tower | epithet_or_title=Fárath, Priest of the White Tower | Last login 10 years, 2 months, and 27 days ago from *.com."
whois_furfoot_1780909146,char_furfoot,Furfoot,furfoot,Hobbit,Retired,data/evidence/whois/text/furfoot.txt,data/evidence/whois/html/furfoot.html,yes,no,no,medium,"query_name=Furfoot | display_name=Furfoot Furry, the furiest furball | epithet_or_title=Furry, the furiest furball | Last login 6 years and 14 days ago."
whois_gage_1780909169,char_gage,Gage,gage,Dwarf,Retired,data/evidence/whois/text/gage.txt,data/evidence/whois/html/gage.html,yes,no,no,medium,"query_name=Gage | display_name=Gage GreatHammer, of the Trueforgers | epithet_or_title=GreatHammer, of the Trueforgers | Last login 20 years, 7 months, and 14 days ago."
whois_galádon_1780909174,,Galádon,galadon,Elf,Retired,data/evidence/whois/text/galadon.txt,data/evidence/whois/html/galadon.html,yes,no,no,medium,"query_name=Galadon | display_name=Galádon i Martha | epithet_or_title=i Martha | Last login 12 years, 8 months, and 7 days ago."
whois_galerech_1780909180,char_galerech,Galerech,galerech,Noldorin Master Healer,Retired,data/evidence/whois/text/galerech.txt,data/evidence/whois/html/galerech.html,yes,no,no,medium,"query_name=Galerech | display_name=Galerech | Last login 9 years, 1 month, and 13 days ago from *.com."
whois_galowyn_1780909185,char_galowyn,Galowyn,galowyn,Noldorin Battlemaster,Retired,data/evidence/whois/text/galowyn.txt,data/evidence/whois/html/galowyn.html,yes,no,no,medium,"query_name=Galowyn | display_name=Galowyn the Elven Battlemaster | epithet_or_title=the Elven Battlemaster | Last login 20 years, 5 months, and 24 days ago from *.ca."
whois_galurin_1780909191,char_galurin,Galurin,galurin,Elf,Retired,data/evidence/whois/text/galurin.txt,data/evidence/whois/html/galurin.html,yes,no,no,medium,"query_name=Galurin | display_name=Galurin Son of Ginlon, Prince of the Noldo | epithet_or_title=Son of Ginlon, Prince of the Noldo"
whois_gamak_1780909197,char_gamak,Gamak,gamak,Orc,Retired,data/evidence/whois/text/gamak.txt,data/evidence/whois/html/gamak.html,yes,no,no,medium,query_name=Gamak | display_name=Gamak
whois_gamli_1780909202,char_gamli,Gamli,gamli,Broadbeam Soldier,,data/evidence/whois/text/gamli.txt,data/evidence/whois/html/gamli.html,yes,no,no,medium,"query_name=Gamli | display_name=Gamli, Chieftain of the Iron Hills | epithet_or_title=, Chieftain of the Iron Hills | Last login 9 months and 21 days ago."
whois_gamram_1780909208,char_gamram,Gamram,gamram,Dwarven Ranger,Retired,data/evidence/whois/text/gamram.txt,data/evidence/whois/html/gamram.html,yes,no,no,medium,"query_name=Gamram | display_name=Gamram the Herbalist | epithet_or_title=the Herbalist | Last login 16 years, 3 months, and 14 days ago from *.net."
whois_gattling_1780909219,char_gattling,Gattling,gattling,Maia,Retired,data/evidence/whois/text/gattling.txt,data/evidence/whois/html/gattling.html,yes,no,no,medium,query_name=Gattling | display_name=Gattling Gnu aka Röversten | epithet_or_title=Gnu aka Röversten | role=Wright
whois_gauldoth_1780909224,char_gauldoth,Gauldoth,gauldoth,Tarkhnarb Champion,Retired,data/evidence/whois/text/gauldoth.txt,data/evidence/whois/html/gauldoth.html,yes,no,no,medium,query_name=Gauldoth | display_name=Gauldoth the Half-Dead | epithet_or_title=the Half-Dead
whois_gaurhir_1780909230,char_gaurhir,Gaurhir,gaurhir,Tarkhnarb Warg-rider,Retired,data/evidence/whois/text/gaurhir.txt,data/evidence/whois/html/gaurhir.html,yes,no,no,medium,query_name=Gaurhir | display_name=Gaurhir the Legendslayer | epithet_or_title=the Legendslayer
whois_gaurog_1780909235,char_gaurog,Gaurog,gaurog,Orkish Murderer,Retired,data/evidence/whois/text/gaurog.txt,data/evidence/whois/html/gaurog.html,yes,no,no,medium,"query_name=Gaurog | display_name=Gaurog SpiteSpawn, the Butcher of Angmar | epithet_or_title=SpiteSpawn, the Butcher of Angmar"
whois_gauruk_1780909241,char_gauruk,Gauruk,gauruk,Tarkhnarb Shaman,Retired,data/evidence/whois/text/gauruk.txt,data/evidence/whois/html/gauruk.html,yes,no,no,medium,query_name=Gauruk | display_name=Gauruk Fleshmountain | epithet_or_title=Fleshmountain
whois_gazel_1780909252,char_gazel,Gazel,gazel,Orc,Retired,data/evidence/whois/text/gazel.txt,data/evidence/whois/html/gazel.html,yes,no,no,medium,query_name=Gazel | display_name=Gazel
whois_geirrödr_1780909258,,Geirrödr,geirrodr,Cave Troll Warrior,Retired,data/evidence/whois/text/geirrodr.txt,data/evidence/whois/html/geirrodr.html,yes,no,no,medium,query_name=Geirrodr | display_name=Geirrödr ate your puppy. Oops? | epithet_or_title=ate your puppy. Oops?
whois_gereb_1780909274,char_gereb,Gereb,gereb,Man,,data/evidence/whois/text/gereb.txt,data/evidence/whois/html/gereb.html,yes,no,no,medium,query_name=Gereb | display_name=Gereb of the Old Guard | epithet_or_title=of the Old Guard
whois_geri_1780909280,char_geri,Geri,geri,Orc,Retired,data/evidence/whois/text/geri.txt,data/evidence/whois/html/geri.html,yes,no,no,medium,query_name=Geri | display_name=Geri
whois_ghostly_1780909285,char_ghostly,Ghostly,ghostly,Vala,Retired,data/evidence/whois/text/ghostly.txt,data/evidence/whois/html/ghostly.html,yes,no,no,medium,query_name=Ghostly | display_name=Ghostly Captain's whisky of the week: Aberlour A | epithet_or_title=Captain's whisky of the week: Aberlour A | role=Architect
whois_gilcon_1780909297,char_gilcon,Gilcon,gilcon,Noldorin Wizard,Retired,data/evidence/whois/text/gilcon.txt,data/evidence/whois/html/gilcon.html,yes,no,no,medium,query_name=Gilcon | display_name=Gilcon | Last login 26 years and 3 months ago from *.EDU.
whois_gildur_1780909302,char_gildur,Gildur,gildur,Half-Elf,Retired,data/evidence/whois/text/gildur.txt,data/evidence/whois/html/gildur.html,yes,no,no,medium,query_name=Gildur | display_name=Gildur the Half-elven Rider | epithet_or_title=the Half-elven Rider | Last login 2 months and 26 days ago.
whois_gilmándir_1780909308,,Gilmándir,gilmandir,Elf,Retired,data/evidence/whois/text/gilmandir.txt,data/evidence/whois/html/gilmandir.html,yes,no,no,medium,"query_name=Gilmandir | display_name=Gilmándir The Evil Sinda | epithet_or_title=The Evil Sinda | Last login 5 years, 9 months, and 16 days ago."
whois_gimilzór_1780909324,,Gimilzór,gimilzor,Black Númenórean,Retired,data/evidence/whois/text/gimilzor.txt,data/evidence/whois/html/gimilzor.html,yes,no,no,medium,query_name=Gimilzor | display_name=Gimilzór of the Red Eye | epithet_or_title=of the Red Eye
whois_gimlung_1780909330,char_gimlung,Gimlung,gimlung,Dwarf,,data/evidence/whois/text/gimlung.txt,data/evidence/whois/html/gimlung.html,yes,no,no,medium,query_name=Gimlung | display_name=Gimlung of Old | epithet_or_title=of Old
whois_ginlon_1780909336,char_ginlon,Ginlon,ginlon,Elf,Retired,data/evidence/whois/text/ginlon.txt,data/evidence/whois/html/ginlon.html,yes,no,no,medium,"query_name=Ginlon | display_name=Ginlon - King of the Noldo | epithet_or_title=- King of the Noldo | Last login 17 years, 6 months, and 8 days ago."
whois_girando_1780909347,char_girando,Girando,girando,Black Númenórean Wizard,Retired,data/evidence/whois/text/girando.txt,data/evidence/whois/html/girando.html,yes,no,no,medium,query_name=Girando | display_name=Girando the Gatekeeper of Minas Morgul | epithet_or_title=the Gatekeeper of Minas Morgul
whois_girithol_1780909353,char_girithol,Girithol,girithol,Half-elven Rider,Retired,data/evidence/whois/text/girithol.txt,data/evidence/whois/html/girithol.html,yes,no,no,medium,"query_name=Girithol | display_name=Girithol the President of Burundi | epithet_or_title=the President of Burundi | Last login 11 years, 6 months, and 29 days ago from [numerical address]."
whois_gladush_1780909375,char_gladush,Gladush,gladush,Tarkhnarb Warrior,Retired,data/evidence/whois/text/gladush.txt,data/evidence/whois/html/gladush.html,yes,no,no,medium,query_name=Gladush | display_name=Gladush the Huge Uruk of Dol-Guldur | epithet_or_title=the Huge Uruk of Dol-Guldur
whois_glamduril_1780909380,char_glamduril,Glamduril,glamduril,Noldorin Sentry,Retired,data/evidence/whois/text/glamduril.txt,data/evidence/whois/html/glamduril.html,yes,no,no,medium,"query_name=Glamduril | display_name=Glamduril | Last login 15 years, 9 months, and 18 days ago from *.net."
whois_glaran_1780909386,char_glaran,Glaran,glaran,Dwarf,Retired,data/evidence/whois/text/glaran.txt,data/evidence/whois/html/glaran.html,yes,no,no,medium,"query_name=Glaran | display_name=Glaran Darkbeard, Warrior of Helm's Deep | epithet_or_title=Darkbeard, Warrior of Helm's Deep"
whois_glaref_1780909391,char_glaref,Glaref,glaref,Half-elven Warlock,Retired,data/evidence/whois/text/glaref.txt,data/evidence/whois/html/glaref.html,yes,no,no,medium,"query_name=Glaref | display_name=Glaref ... | epithet_or_title=... | Last login 13 years, 3 months, and 4 days ago from *.ee."
whois_glendale_1780909403,char_glendale,Glendale,glendale,Eriadorian Hero,Retired,data/evidence/whois/text/glendale.txt,data/evidence/whois/html/glendale.html,yes,no,no,medium,"query_name=Glendale | display_name=Glendale,wandering with a Bible and a gun, | epithet_or_title=,wandering with a Bible and a gun, | Last login 22 years, 3 months, and 27 days ago from [numerical address]."
whois_glenn_1780909408,char_glenn,Glenn,glenn,Black Númenórean,Retired,data/evidence/whois/text/glenn.txt,data/evidence/whois/html/glenn.html,yes,no,no,medium,"query_name=Glenn | display_name=Glenn Danzig, Evilness Reincarnated. | epithet_or_title=Danzig, Evilness Reincarnated."
whois_glithraril_1780909414,char_glithraril,Glithraril,glithraril,Elf,Retired,data/evidence/whois/text/glithraril.txt,data/evidence/whois/html/glithraril.html,yes,no,no,medium,"query_name=Glithraril | display_name=Glithraril | Last login 21 years, 10 months, and 6 days ago."
whois_globur_1780909419,char_globur,Globur,globur,Dwarf,,data/evidence/whois/text/globur.txt,data/evidence/whois/html/globur.html,yes,no,no,medium,query_name=Globur | display_name=Globur | Last login 30 days and 8 hours ago.
whois_glubur_1780909431,char_glubur,Glubur,glubur,Dwarf,Retired,data/evidence/whois/text/glubur.txt,data/evidence/whois/html/glubur.html,yes,no,no,medium,"query_name=Glubur | display_name=Glubur | Last login 3 years, 5 months, and 15 days ago."
whois_gobbler_1780909442,char_gobbler,Gobbler,gobbler,Troll,Retired,data/evidence/whois/text/gobbler.txt,data/evidence/whois/html/gobbler.html,yes,no,no,medium,query_name=Gobbler | display_name=Gobbler the vicious swamp monster | epithet_or_title=the vicious swamp monster
whois_goldor_1780909447,char_goldor,Goldor,goldor,Dwarven Hero,Retired,data/evidence/whois/text/goldor.txt,data/evidence/whois/html/goldor.html,yes,no,no,medium,"query_name=Goldor | display_name=Goldor | Last login 11 years, 10 months, and 25 days ago from *.is."
whois_goliat_1780909453,char_goliat,Goliat,goliat,Fallohide Priest,Retired,data/evidence/whois/text/goliat.txt,data/evidence/whois/html/goliat.html,yes,no,no,medium,"query_name=Goliat | display_name=Goliat the small Giant | epithet_or_title=the small Giant | Last login 5 years, 8 months, and 10 days ago."
whois_goretongue_1780909469,char_goretongue,Goretongue,goretongue,Mountain Troll Wrecker,Retired,data/evidence/whois/text/goretongue.txt,data/evidence/whois/html/goretongue.html,yes,no,no,medium,"query_name=Goretongue | display_name=Goretongue Fungusbane, Holy Abomination | epithet_or_title=Fungusbane, Holy Abomination"
whois_gorlach_1780909475,char_gorlach,Gorlach,gorlach,Tarkhnarb Rider,Retired,data/evidence/whois/text/gorlach.txt,data/evidence/whois/html/gorlach.html,yes,no,no,medium,query_name=Gorlach | display_name=Gorlach doesn't want to! | epithet_or_title=doesn't want to!
whois_gorshak_1780909481,char_gorshak,Gorshak,gorshak,Tarkhnarb Rider,Retired,data/evidence/whois/text/gorshak.txt,data/evidence/whois/html/gorshak.html,yes,no,no,medium,query_name=Gorshak | display_name=Gorshak
whois_gothia_1780909486,char_gothia,Gothia,gothia,Orc,Retired,data/evidence/whois/text/gothia.txt,data/evidence/whois/html/gothia.html,yes,no,no,medium,query_name=Gothia | display_name=Gothia General Snus | epithet_or_title=General Snus
whois_gothmog_1780909492,char_gothmog,Gothmog,gothmog,Vala,Retired,data/evidence/whois/text/gothmog.txt,data/evidence/whois/html/gothmog.html,yes,no,no,medium,"query_name=Gothmog | display_name=Gothmog the Captain of Angband, Lord of Balrogs | epithet_or_title=the Captain of Angband, Lord of Balrogs | role=Mudller"
whois_gradash_1780909503,char_gradash,Gradash,gradash,Tarkhnarb Archer,Retired,data/evidence/whois/text/gradash.txt,data/evidence/whois/html/gradash.html,yes,no,no,medium,query_name=Gradash | display_name=Gradash
whois_grak_1780909509,char_grak,Grak,grak,Tarkhnarb Battlemaster,Retired,data/evidence/whois/text/grak.txt,data/evidence/whois/html/grak.html,yes,no,no,medium,query_name=Grak | display_name=Grak Attack | epithet_or_title=Attack
whois_grand_1780909520,char_grand,Grand,grand,Tarkhnarb Champion,Retired,data/evidence/whois/text/grand.txt,data/evidence/whois/html/grand.html,yes,no,no,medium,query_name=Grand | display_name=Grand
whois_granite_1780909531,char_granite,Granite,granite,Hill Troll Warrior,Retired,data/evidence/whois/text/granite.txt,data/evidence/whois/html/granite.html,yes,no,no,medium,query_name=Granite | display_name=Granite the Stone Troll | epithet_or_title=the Stone Troll
whois_granvil_1780909536,char_granvil,Granvil,granvil,Black Númenórean Envoy,Retired,data/evidence/whois/text/granvil.txt,data/evidence/whois/html/granvil.html,yes,no,no,medium,query_name=Granvil | display_name=Granvil the Senile Granny of Black Shadow Clan | epithet_or_title=the Senile Granny of Black Shadow Clan
whois_grashnak_1780909542,char_grashnak,Grashnak,grashnak,Orc,Retired,data/evidence/whois/text/grashnak.txt,data/evidence/whois/html/grashnak.html,yes,no,no,medium,query_name=Grashnak | display_name=Grashnak the Corrupted Shaman | epithet_or_title=the Corrupted Shaman
whois_graugh_1780909547,char_graugh,Graugh,graugh,Tarkhnarb Rider,Retired,data/evidence/whois/text/graugh.txt,data/evidence/whois/html/graugh.html,yes,no,no,medium,query_name=Graugh | display_name=Graugh the Chaotic | epithet_or_title=the Chaotic
whois_greed_1780909553,char_greed,Greed,greed,Dwarven Hero,Retired,data/evidence/whois/text/greed.txt,data/evidence/whois/html/greed.html,yes,no,no,medium,"query_name=Greed | display_name=Greed | Last login 3 years, 9 months, and 3 days ago from [numerical address]."
whois_grez_1780909564,char_grez,Grez,grez,Half-Elf,Retired,data/evidence/whois/text/grez.txt,data/evidence/whois/html/grez.html,yes,no,no,medium,"query_name=Grez | display_name=Grez the disturbed | epithet_or_title=the disturbed | Last login 18 years, 3 months, and 10 days ago."
whois_gringo_1780909569,char_gringo,Gringo,gringo,Hobbit,Retired,data/evidence/whois/text/gringo.txt,data/evidence/whois/html/gringo.html,yes,no,no,medium,query_name=Gringo | display_name=Gringo Bagginz | epithet_or_title=Bagginz
whois_gris_1780909575,char_gris,Gris,gris,Half-Elf,,data/evidence/whois/text/gris.txt,data/evidence/whois/html/gris.html,yes,no,no,medium,query_name=Gris | display_name=Gris | Last login 3 months and 28 days ago.
whois_grishelda_1780909580,char_grishelda,Grishelda,grishelda,Morruhk Adventurer,,data/evidence/whois/text/grishelda.txt,data/evidence/whois/html/grishelda.html,yes,no,no,medium,query_name=Grishelda | display_name=Grishelda
whois_gròk_1780909597,,Gròk,grok,Dwarven Bodyguard,Retired,data/evidence/whois/text/grok.txt,data/evidence/whois/html/grok.html,yes,no,no,medium,"query_name=Grok | display_name=Gròk Róks, Warmonger of Durin's Army | epithet_or_title=Róks, Warmonger of Durin's Army | Last login 13 years, 2 months, and 4 days ago from [numerical address]."
whois_grom_1780909603,char_grom,Grom,grom,Tarkhnarb Battlemaster,Retired,data/evidence/whois/text/grom.txt,data/evidence/whois/html/grom.html,yes,no,no,medium,query_name=Grom | display_name=Grom Hellscream | epithet_or_title=Hellscream
whois_grukh_1780909614,char_grukh,Grukh,grukh,Troll,Retired,data/evidence/whois/text/grukh.txt,data/evidence/whois/html/grukh.html,yes,no,no,medium,"query_name=Grukh | display_name=Grukh | Last login 3 years, 4 months and 14 days ago"
whois_grul_1780909619,char_grul,Grul,grul,Troll,Retired,data/evidence/whois/text/grul.txt,data/evidence/whois/html/grul.html,yes,no,no,medium,query_name=Grul | display_name=Grul the Eater of Hearts | epithet_or_title=the Eater of Hearts
whois_grumph_1780909630,char_grumph,Grumph,grumph,Dwarf,Retired,data/evidence/whois/text/grumph.txt,data/evidence/whois/html/grumph.html,yes,no,no,medium,"query_name=Grumph | display_name=Grumph Hrothgar, Sniffer of Durin's Army | epithet_or_title=Hrothgar, Sniffer of Durin's Army | Last login 13 years, 2 months, and 13 days ago."
whois_grunganator_1780909636,char_grunganator,Grunganator,grunganator,Dwarven Battlemaster,Retired,data/evidence/whois/text/grunganator.txt,data/evidence/whois/html/grunganator.html,yes,no,no,medium,"query_name=Grunganator | display_name=Grunganator Largefeet, Berserker of Durin's House | epithet_or_title=Largefeet, Berserker of Durin's House | Last login 9 years, 2 months, and 8 days ago from *.net."
whois_grunge_1780909642,char_grunge,Grunge,grunge,Maia,,data/evidence/whois/text/grunge.txt,data/evidence/whois/html/grunge.html,yes,no,no,medium,query_name=Grunge | display_name=Grunge created 16 Dec 1995 | epithet_or_title=created 16 Dec 1995
whois_gruumsh_1780909653,char_gruumsh,Gruumsh,gruumsh,Orc,Retired,data/evidence/whois/text/gruumsh.txt,data/evidence/whois/html/gruumsh.html,yes,no,no,medium,query_name=Gruumsh | display_name=Gruumsh the Half-Troll of the North | epithet_or_title=the Half-Troll of the North
whois_grymsh_1780909658,char_grymsh,Grymsh,grymsh,Orc,,data/evidence/whois/text/grymsh.txt,data/evidence/whois/html/grymsh.html,yes,no,no,medium,query_name=Grymsh | display_name=Grymsh the Morbid Flame | epithet_or_title=the Morbid Flame
whois_grytash_1780909664,char_grytash,Grytash,grytash,Orc,Retired,data/evidence/whois/text/grytash.txt,data/evidence/whois/html/grytash.html,yes,no,no,medium,query_name=Grytash | display_name=Grytash inc | epithet_or_title=inc
whois_grythar_1780909670,char_grythar,Grythar,grythar,Tarkhnarb Veteran,Retired,data/evidence/whois/text/grythar.txt,data/evidence/whois/html/grythar.html,yes,no,no,medium,query_name=Grythar | display_name=Grythar Underhill | epithet_or_title=Underhill
whois_guglunk_1780909675,char_guglunk,Guglunk,guglunk,Tarkhnarb Necromancer,Retired,data/evidence/whois/text/guglunk.txt,data/evidence/whois/html/guglunk.html,yes,no,no,medium,query_name=Guglunk | display_name=Guglunk the Master-Shaman of Minas Morgul | epithet_or_title=the Master-Shaman of Minas Morgul
whois_guido_1780909681,char_guido,Guido,guido,Man,Retired,data/evidence/whois/text/guido.txt,data/evidence/whois/html/guido.html,yes,no,no,medium,"query_name=Guido | display_name=Guido | Last login 16 years, 3 months, and 5 days ago."
whois_gulag_1780909686,char_gulag,Gulag,gulag,back where he belongs is a level forty-four Tarkhnarb Soldier,Retired,data/evidence/whois/text/gulag.txt,data/evidence/whois/html/gulag.html,yes,no,no,medium,query_name=Gulag | display_name=Gulag
whois_gundor_1780909692,char_gundor,Gundor,gundor,Dúnadan Battlemaster,Retired,data/evidence/whois/text/gundor.txt,data/evidence/whois/html/gundor.html,yes,no,no,medium,"query_name=Gundor | display_name=Gundor the Son of Hador, brother of Galdor | epithet_or_title=the Son of Hador, brother of Galdor | Last login 12 years and 28 days ago from *.se."
whois_gwira_1780909709,char_gwira,Gwira,gwira,Rohirric Battlemaster,Retired,data/evidence/whois/text/gwira.txt,data/evidence/whois/html/gwira.html,yes,no,no,medium,"query_name=Gwira | display_name=Gwira Blatira | epithet_or_title=Blatira | Last login 24 years, 8 months, and 7 days ago from *.ee."
whois_hairfoot_1780909720,char_hairfoot,Hairfoot,hairfoot,Fallohide Scout,Retired,data/evidence/whois/text/hairfoot.txt,data/evidence/whois/html/hairfoot.html,yes,no,no,medium,"query_name=Hairfoot | display_name=Hairfoot | Last login 23 years, 3 months, and 18 days ago from *.ee."
whois_haity_1780909737,char_haity,Haity,haity,Noldorin Matriarch,Retired,data/evidence/whois/text/haity.txt,data/evidence/whois/html/haity.html,yes,no,no,medium,"query_name=Haity | display_name=Haity the Valkyrie | epithet_or_title=the Valkyrie | Last login 24 years, 11 months, and 11 days ago from *.lv."
whois_haladdin_1780909742,char_haladdin,Haladdin,haladdin,Black Númenórean,Retired,data/evidence/whois/text/haladdin.txt,data/evidence/whois/html/haladdin.html,yes,no,no,medium,query_name=Haladdin | display_name=Haladdin inc | epithet_or_title=inc
whois_hälas_1780909748,,Hälas,halas,Elf,Retired,data/evidence/whois/text/halas.txt,data/evidence/whois/html/halas.html,yes,no,no,medium,"query_name=Halas | display_name=Hälas ....alas !! | epithet_or_title=....alas !! | Last login 14 years, 3 months, and 11 days ago."
whois_haldor_1780909754,char_haldor,Haldor,haldor,Noldorin Warden,Retired,data/evidence/whois/text/haldor.txt,data/evidence/whois/html/haldor.html,yes,no,no,medium,"query_name=Haldor | display_name=Haldor Hélith, Prince of Noldo | epithet_or_title=Hélith, Prince of Noldo | Last login 17 years, 3 months, and 6 days ago from *.se."
whois_hamfist_1780909765,char_hamfist,Hamfist,hamfist,Hobbit,Retired,data/evidence/whois/text/hamfist.txt,data/evidence/whois/html/hamfist.html,yes,no,no,medium,"query_name=Hamfist | display_name=Hamfist Porkpalmed Sausagefingers | epithet_or_title=Porkpalmed Sausagefingers | Last login 9 years, 8 months, and 12 days ago from *.com."
whois_hannibal_1780909776,char_hannibal,Hannibal,hannibal,at the gates is a level forty Tarkhnarb Warg-rider,Retired,data/evidence/whois/text/hannibal.txt,data/evidence/whois/html/hannibal.html,yes,no,no,medium,query_name=Hannibal | display_name=Hannibal
whois_hanr_1780909782,char_hanr,Hanr,hanr,Dwarven Warden,Retired,data/evidence/whois/text/hanr.txt,data/evidence/whois/html/hanr.html,yes,no,no,medium,"query_name=Hanr | display_name=Hanr Whitebeard, Veteran of Durin's House | epithet_or_title=Whitebeard, Veteran of Durin's House | Last login 18 years, 1 month, and 14 days ago from *.ee."
whois_harakiri_1780909787,char_harakiri,Harakiri,harakiri,Elf,Retired,data/evidence/whois/text/harakiri.txt,data/evidence/whois/html/harakiri.html,yes,no,no,medium,"query_name=Harakiri | display_name=Harakiri | Last login 1 year, 8 months, and 7 days ago."
whois_hark_1780909793,char_hark,Hark,hark,Orc,Retired,data/evidence/whois/text/hark.txt,data/evidence/whois/html/hark.html,yes,no,no,medium,query_name=Hark | display_name=Hark
whois_harowen_1780909799,char_harowen,Harowen,harowen,Black Númenórean,Retired,data/evidence/whois/text/harowen.txt,data/evidence/whois/html/harowen.html,yes,no,no,medium,query_name=Harowen | display_name=Harowen
whois_hashtak_1780909804,char_hashtak,Hashtak,hashtak,Orc,,data/evidence/whois/text/hashtak.txt,data/evidence/whois/html/hashtak.html,yes,no,no,medium,query_name=Hashtak | display_name=Hashtak
whois_hatch_1780909815,char_hatch,Hatch,hatch,Hill Troll Warrior,Retired,data/evidence/whois/text/hatch.txt,data/evidence/whois/html/hatch.html,yes,no,no,medium,query_name=Hatch | display_name=Hatch Scratch | epithet_or_title=Scratch
whois_hate_1780909821,char_hate,Hate,hate,Black Númenórean Warlock,Retired,data/evidence/whois/text/hate.txt,data/evidence/whois/html/hate.html,yes,no,no,medium,query_name=Hate | display_name=Hate - Twisted Soul of the Black Shadow Clan | epithet_or_title=- Twisted Soul of the Black Shadow Clan
whois_hated_1780909826,char_hated,Hated,hated,Dúnadan Adventurer,,data/evidence/whois/text/hated.txt,data/evidence/whois/html/hated.html,yes,no,no,medium,query_name=Hated | display_name=Hated and Loved | epithet_or_title=and Loved | Last login 1 month and 16 days ago from *.net.
whois_hatred_1780909832,char_hatred,Hatred,hatred,Orc,Retired,data/evidence/whois/text/hatred.txt,data/evidence/whois/html/hatred.html,yes,no,no,medium,query_name=Hatred | display_name=Hatred the Dark Jewel of Caradhras | epithet_or_title=the Dark Jewel of Caradhras
whois_hazel_1780909837,char_hazel,Hazel,hazel,Half-Elf,Retired,data/evidence/whois/text/hazel.txt,data/evidence/whois/html/hazel.html,yes,no,no,medium,"query_name=Hazel | display_name=Hazel Illusionist, Heart & Flame of Mayavi | epithet_or_title=Illusionist, Heart & Flame of Mayavi"
whois_healer_1780909843,char_healer,Healer,healer,Beorning Rider,Retired,data/evidence/whois/text/healer.txt,data/evidence/whois/html/healer.html,yes,no,no,medium,"query_name=Healer | display_name=Healer the Master-Healer of Fornost | epithet_or_title=the Master-Healer of Fornost | Last login 22 years, 11 months, and 4 days ago from *.ee."
whois_hele_1780909866,char_hele,Hele,hele,Fallohide Footpad,Retired,data/evidence/whois/text/hele.txt,data/evidence/whois/html/hele.html,yes,no,no,medium,"query_name=Hele | display_name=Hele Verminslayer | epithet_or_title=Verminslayer | Last login 13 years, 11 months, and 13 days ago from *.net."
whois_helga_1780909871,char_helga,Helga,helga,Half-Elf,,data/evidence/whois/text/helga.txt,data/evidence/whois/html/helga.html,yes,no,no,medium,"query_name=Helga | display_name=Helga the old, fat and lazy b...ch | epithet_or_title=the old, fat and lazy b...ch | Last login 2 years, 1 month, and 29 days ago."
whois_helios_1780911691,char_helios,Helios,helios,Elf,Retired,data/evidence/whois/text/helios.txt,data/evidence/whois/html/helios.html,yes,no,no,medium,"query_name=Helios | display_name=Helios Narïën, Wizard of Lothlórien | epithet_or_title=Narïën, Wizard of Lothlórien | Last login 17 years, 10 months, and 18 days ago."
whois_hercule_1780911702,char_hercule,Hercule,hercule,Broadbeam Adventurer,Retired,data/evidence/whois/text/hercule.txt,data/evidence/whois/html/hercule.html,yes,no,no,medium,query_name=Hercule | display_name=Hercule Poirot | epithet_or_title=Poirot | Last login 10 months and 28 days ago from [numerical address].
whois_herman_1780911707,char_herman,Herman,herman,Hill Troll Brute,Retired,data/evidence/whois/text/herman.txt,data/evidence/whois/html/herman.html,yes,no,no,medium,query_name=Herman | display_name=Herman Hedning of the Bloodbeat | epithet_or_title=Hedning of the Bloodbeat
whois_héróld_1780911713,,Héróld,herold,Rohirric Patriarch,Retired,data/evidence/whois/text/herold.txt,data/evidence/whois/html/herold.html,yes,no,no,medium,"query_name=Herold | display_name=Héróld the Man Patriarch | epithet_or_title=the Man Patriarch | Last login 3 years, 3 months, and 21 days ago."
whois_hex_1780911718,char_hex,Hex,hex,Dúnadan Quickblade,Retired,data/evidence/whois/text/hex.txt,data/evidence/whois/html/hex.html,yes,no,no,medium,"query_name=Hex | display_name=Hex the Man | epithet_or_title=the Man | Last login 10 years, 3 months, and 10 days ago."
whois_hobit_1780911724,char_hobit,Hobit,hobit,Maia,,data/evidence/whois/text/hobit.txt,data/evidence/whois/html/hobit.html,yes,no,no,medium,query_name=Hobit | display_name=Hobit | role=Cartographer
whois_hoeth_1780911729,char_hoeth,Hoeth,hoeth,Half-Elf,Retired,data/evidence/whois/text/hoeth.txt,data/evidence/whois/html/hoeth.html,yes,no,no,medium,"query_name=Hoeth | display_name=Hoeth Silvertear, Chief Warlock of Amon Súl | epithet_or_title=Silvertear, Chief Warlock of Amon Súl | Last login 19 years, 2 months, and 28 days ago."
whois_hoho_1780911735,char_hoho,Hoho,hoho,Maia,Retired,data/evidence/whois/text/hoho.txt,data/evidence/whois/html/hoho.html,yes,no,no,medium,query_name=Hoho | display_name=Hoho haha hehe hihi | epithet_or_title=haha hehe hihi | role=Cartographer
whois_holy_1780911746,char_holy,Holy,holy,Orc,Retired,data/evidence/whois/text/holy.txt,data/evidence/whois/html/holy.html,yes,no,no,medium,query_name=Holy | display_name=Holy Angel | epithet_or_title=Angel
whois_horstats_1780911757,char_horstats,Horstats,horstats,Orc,Retired,data/evidence/whois/text/horstats.txt,data/evidence/whois/html/horstats.html,yes,no,no,medium,query_name=Horstats | display_name=Horstats :/ | epithet_or_title=:/
whois_horus_1780911763,char_horus,Horus,horus,Tarkhnarb Veteran,Retired,data/evidence/whois/text/horus.txt,data/evidence/whois/html/horus.html,yes,no,no,medium,query_name=Horus | display_name=Horus of Angband | epithet_or_title=of Angband
whois_hovado_1780911768,char_hovado,Hovado,hovado,Tarkhnarb Battlemaster,Retired,data/evidence/whois/text/hovado.txt,data/evidence/whois/html/hovado.html,yes,no,no,medium,query_name=Hovado | display_name=Hovado the Orkish Battlemaster | epithet_or_title=the Orkish Battlemaster
whois_hrym_1780911791,char_hrym,Hrym,hrym,Maia,,data/evidence/whois/text/hrym.txt,data/evidence/whois/html/hrym.html,yes,no,no,medium,query_name=Hrym | display_name=Hrym
whois_hudson_1780911796,char_hudson,Hudson,hudson,Hobbit,Retired,data/evidence/whois/text/hudson.txt,data/evidence/whois/html/hudson.html,yes,no,no,medium,"query_name=Hudson | display_name=Hudson Hawk | epithet_or_title=Hawk | Last login 21 years, 2 months, and 22 days ago."
whois_hugo_1780911802,char_hugo,Hugo,hugo,Dwarf,Retired,data/evidence/whois/text/hugo.txt,data/evidence/whois/html/hugo.html,yes,no,no,medium,"query_name=Hugo | display_name=Hugo Boss the Orcslayer | epithet_or_title=Boss the Orcslayer | Last login 12 years, 9 months, and 23 days ago."
whois_huher_1780911808,char_huher,Huher,huher,Dwarven Battlemaster,Retired,data/evidence/whois/text/huher.txt,data/evidence/whois/html/huher.html,yes,no,no,medium,"query_name=Huher | display_name=Huher the H | epithet_or_title=the H | Last login 20 years, 4 months, and 28 days ago from *.com."
whois_hunchback_1780911819,char_hunchback,Hunchback,hunchback,Hill Troll Fighter,Retired,data/evidence/whois/text/hunchback.txt,data/evidence/whois/html/hunchback.html,yes,no,no,medium,query_name=Hunchback | display_name=Hunchback of Notre Dame | epithet_or_title=of Notre Dame
whois_hwarang_1780911830,char_hwarang,Hwarang,hwarang,Tarkhnarb Champion,Retired,data/evidence/whois/text/hwarang.txt,data/evidence/whois/html/hwarang.html,yes,no,no,medium,query_name=Hwarang | display_name=Hwarang
whois_hwoarang_1780911836,char_hwoarang,Hwoarang,hwoarang,Man,Retired,data/evidence/whois/text/hwoarang.txt,data/evidence/whois/html/hwoarang.html,yes,no,no,medium,query_name=Hwoarang | display_name=Hwoarang
whois_hybrid_1780911842,char_hybrid,Hybrid,hybrid,Mountain Troll Warrior,Retired,data/evidence/whois/text/hybrid.txt,data/evidence/whois/html/hybrid.html,yes,no,no,medium,query_name=Hybrid | display_name=Hybrid
whois_ibis_1780911859,char_ibis,Ibis,ibis,Dwarf,Retired,data/evidence/whois/text/ibis.txt,data/evidence/whois/html/ibis.html,yes,no,no,medium,"query_name=Ibis | display_name=Ibis The Lonely Wolf | epithet_or_title=The Lonely Wolf | Last login 17 years, 2 months, and 13 days ago."
whois_ibrahim_1780911870,char_ibrahim,Ibrahim,ibrahim,Dwarven Axemaster,,data/evidence/whois/text/ibrahim.txt,data/evidence/whois/html/ibrahim.html,yes,no,no,medium,"query_name=Ibrahim | display_name=Ibrahim Moizoos | epithet_or_title=Moizoos | Last login 3 years, 8 months, and 12 days ago from *.net."
whois_ickabod_1780911875,char_ickabod,Ickabod,ickabod,Black Númenórean Mercenary,Retired,data/evidence/whois/text/ickabod.txt,data/evidence/whois/html/ickabod.html,yes,no,no,medium,query_name=Ickabod | display_name=Ickabod Krane | epithet_or_title=Krane
whois_ike_1780911892,char_ike,Ike,ike,Hobbit,Retired,data/evidence/whois/text/ike.txt,data/evidence/whois/html/ike.html,yes,no,no,medium,"query_name=Ike | display_name=Ike Harfoot | epithet_or_title=Harfoot | Last login 13 years, 2 months, and 13 days ago."
whois_illyas_1780911914,char_illyas,Illyas,illyas,Eriadorian Priest,,data/evidence/whois/text/illyas.txt,data/evidence/whois/html/illyas.html,yes,no,no,medium,"query_name=Illyas | display_name=Illyas, Battlepriest of Rhun | epithet_or_title=, Battlepriest of Rhun | Last login 4 months and 5 days ago from *.au."
whois_ilmarin_1780911925,char_ilmarin,Ilmarin,ilmarin,Elf,Retired,data/evidence/whois/text/ilmarin.txt,data/evidence/whois/html/ilmarin.html,yes,no,no,medium,"query_name=Ilmarin | display_name=Ilmarin, tracker of ancient paths | epithet_or_title=, tracker of ancient paths | Last login 19 years, 2 months, and 22 days ago."
whois_imlach_1780911931,char_imlach,Imlach,imlach,Half-elven Champion,Retired,data/evidence/whois/text/imlach.txt,data/evidence/whois/html/imlach.html,yes,no,no,medium,"query_name=Imlach | display_name=Imlach Teltasarë | epithet_or_title=Teltasarë | Last login 3 years, 6 months, and 2 days ago from [numerical address]."
whois_imrazôr_1780911948,,Imrazôr,imrazor,Black Númenórean,Retired,data/evidence/whois/text/imrazor.txt,data/evidence/whois/html/imrazor.html,yes,no,no,medium,query_name=Imrazor | display_name=Imrazôr il Depressivo | epithet_or_title=il Depressivo
whois_indra_1780911954,char_indra,Indra,indra,Rohirric Bodyguard,Retired,data/evidence/whois/text/indra.txt,data/evidence/whois/html/indra.html,yes,no,no,medium,query_name=Indra | display_name=Indra the Weaponsmistress of Rohan | epithet_or_title=the Weaponsmistress of Rohan | Last login 17 years and 30 days ago from *.se.
whois_ingold_1780911959,char_ingold,Ingold,ingold,Man,Retired,data/evidence/whois/text/ingold.txt,data/evidence/whois/html/ingold.html,yes,no,no,medium,query_name=Ingold | display_name=Ingold the Eriadorian Patrol Leader | epithet_or_title=the Eriadorian Patrol Leader
whois_ingwë_1780911965,,Ingwë,ingwe,Noldorin Battlemaster,Retired,data/evidence/whois/text/ingwe.txt,data/evidence/whois/html/ingwe.html,yes,no,no,medium,query_name=Ingwe | display_name=Ingwë King of the Vanyar | epithet_or_title=King of the Vanyar | Last login 23 years and 30 days ago from *.com.
whois_innuendo_1780911970,char_innuendo,Innuendo,innuendo,Half-elven Hero,Retired,data/evidence/whois/text/innuendo.txt,data/evidence/whois/html/innuendo.html,yes,no,no,medium,"query_name=Innuendo | display_name=Innuendo Altharis, Noble of the House of Garador | epithet_or_title=Altharis, Noble of the House of Garador | Last login 2 years, 6 months, and 15 days ago."
whois_insane_1780911976,char_insane,Insane,insane,Hill Troll Wrecker,Retired,data/evidence/whois/text/insane.txt,data/evidence/whois/html/insane.html,yes,no,no,medium,query_name=Insane | display_name=Insane in the Brain | epithet_or_title=in the Brain
whois_inziladûn_1780911981,,Inziladûn,inziladun,Black Númenórean,Retired,data/evidence/whois/text/inziladun.txt,data/evidence/whois/html/inziladun.html,yes,no,no,medium,query_name=Inziladun | display_name=Inziladûn Bsvrjrn | epithet_or_title=Bsvrjrn
whois_iolo_1780911987,char_iolo,Iolo,iolo,Silvan Ranger,,data/evidence/whois/text/iolo.txt,data/evidence/whois/html/iolo.html,yes,no,no,medium,"query_name=Iolo | display_name=Iolo of Mirkwood, Major o'Army of Thranduil | epithet_or_title=of Mirkwood, Major o'Army of Thranduil | Last login 8 months and 2 days ago from *.net."
whois_ior_1780911993,char_ior,Ior,ior,Hill Troll Brute,Retired,data/evidence/whois/text/ior.txt,data/evidence/whois/html/ior.html,yes,no,no,medium,"query_name=Ior | display_name=Ior ""Pathetic. That's what it is. Pathetic"" | epithet_or_title=""Pathetic. That's what it is. Pathetic"""
whois_iorlas_1780911998,char_iorlas,Iorlas,iorlas,Rohirric Adventurer,Retired,data/evidence/whois/text/iorlas.txt,data/evidence/whois/html/iorlas.html,yes,no,no,medium,"query_name=Iorlas | display_name=Iorlas of Riddermark | epithet_or_title=of Riddermark | Last login 9 years, 8 months, and 5 days ago from *.com."
whois_iranon_1780912004,char_iranon,Iranon,iranon,Black Númenórean,Retired,data/evidence/whois/text/iranon.txt,data/evidence/whois/html/iranon.html,yes,no,no,medium,query_name=Iranon | display_name=Iranon
whois_irv_1780912015,char_irv,Irv,irv,Tarkhnarb Assassin,Retired,data/evidence/whois/text/irv.txt,data/evidence/whois/html/irv.html,yes,no,no,medium,query_name=Irv | display_name=Irv
whois_ishant_1780912021,char_ishant,Ishant,ishant,Elf,Retired,data/evidence/whois/text/ishant.txt,data/evidence/whois/html/ishant.html,yes,no,no,medium,"query_name=Ishant | display_name=Ishant in articulo mortis | epithet_or_title=in articulo mortis | Last login 17 years, 5 months, and 24 days ago."
whois_isolde_1780912026,char_isolde,Isolde,isolde,Eriadorian Heroine,,data/evidence/whois/text/isolde.txt,data/evidence/whois/html/isolde.html,yes,no,no,medium,query_name=Isolde | display_name=Isolde | Last login 10 days and 12 hours ago from [numerical address].
whois_ithilagos_1780912037,char_ithilagos,Ithilagos,ithilagos,Sindarin Battlemaster,Retired,data/evidence/whois/text/ithilagos.txt,data/evidence/whois/html/ithilagos.html,yes,no,no,medium,"query_name=Ithilagos | display_name=Ithilagos Helegdol, Agent Obliterateur | epithet_or_title=Helegdol, Agent Obliterateur | Last login 23 years, 6 months, and 18 days ago from *.dk."
whois_itil_1780912048,char_itil,Itil,itil,Half-Elf,Retired,data/evidence/whois/text/itil.txt,data/evidence/whois/html/itil.html,yes,no,no,medium,"query_name=Itil | display_name=Itil Icy | epithet_or_title=Icy | Last login 18 years, 2 months, and 12 days ago."
whois_ivanushka_1780912054,char_ivanushka,Ivanushka,ivanushka,Black Númenórean,Retired,data/evidence/whois/text/ivanushka.txt,data/evidence/whois/html/ivanushka.html,yes,no,no,medium,query_name=Ivanushka | display_name=Ivanushka Foolproof of Black Shadow Clan | epithet_or_title=Foolproof of Black Shadow Clan
whois_iwain_1780912059,char_iwain,Iwain,iwain,Man,Retired,data/evidence/whois/text/iwain.txt,data/evidence/whois/html/iwain.html,yes,no,no,medium,"query_name=Iwain | display_name=Iwain the Shattering Paw | epithet_or_title=the Shattering Paw | Last login 7 years, 2 months, and 24 days ago."
whois_iyachtu_1780912065,char_iyachtu,Iyachtu,iyachtu,Tarkhnarb Veteran,Retired,data/evidence/whois/text/iyachtu.txt,data/evidence/whois/html/iyachtu.html,yes,no,no,medium,"query_name=Iyachtu | display_name=Iyachtu Xvim, Dark Son of Strife | epithet_or_title=Xvim, Dark Son of Strife"
whois_jaagern_1780912071,char_jaagern,Jaagern,jaagern,Elf,Retired,data/evidence/whois/text/jaagern.txt,data/evidence/whois/html/jaagern.html,yes,no,no,medium,query_name=Jaagern | display_name=Jaagern the multi-talented | epithet_or_title=the multi-talented
whois_jabba_1780912076,char_jabba,Jabba,jabba,Maia,Retired,data/evidence/whois/text/jabba.txt,data/evidence/whois/html/jabba.html,yes,no,no,medium,query_name=Jabba | display_name=Jabba the Hut | epithet_or_title=the Hut | role=Wright
whois_jadon_1780912082,char_jadon,Jadon,jadon,the Kaoolest is a Maia,Retired,data/evidence/whois/text/jadon.txt,data/evidence/whois/html/jadon.html,yes,no,no,medium,query_name=Jadon | display_name=Jadon
whois_jamie_1780912087,char_jamie,Jamie,jamie,Cave Troll Softskin,Retired,data/evidence/whois/text/jamie.txt,data/evidence/whois/html/jamie.html,yes,no,no,medium,query_name=Jamie | display_name=Jamie
whois_jandor_1780912093,char_jandor,Jandor,jandor,Dwarven Hero,Retired,data/evidence/whois/text/jandor.txt,data/evidence/whois/html/jandor.html,yes,no,no,medium,"query_name=Jandor | display_name=Jandor Broadbeam, of Belegost | epithet_or_title=Broadbeam, of Belegost"
whois_janosh_1780912099,char_janosh,Janosh,janosh,Mountain Troll Brute,Retired,data/evidence/whois/text/janosh.txt,data/evidence/whois/html/janosh.html,yes,no,no,medium,query_name=Janosh | display_name=Janosh of Ettenmoors | epithet_or_title=of Ettenmoors
whois_jarlaxle_1780912110,char_jarlaxle,Jarlaxle,jarlaxle,Tarkhnarb Soldier,Retired,data/evidence/whois/text/jarlaxle.txt,data/evidence/whois/html/jarlaxle.html,yes,no,no,medium,query_name=Jarlaxle | display_name=Jarlaxle Axebreaker | epithet_or_title=Axebreaker
whois_jätte_1780912121,,Jätte,jatte,Cave Troll Adventurer,Retired,data/evidence/whois/text/jatte.txt,data/evidence/whois/html/jatte.html,yes,no,no,medium,query_name=Jatte | display_name=Jätte stor och stark | epithet_or_title=stor och stark
whois_jauer_1780912127,char_jauer,Jauer,jauer,Orc,Retired,data/evidence/whois/text/jauer.txt,data/evidence/whois/html/jauer.html,yes,no,no,medium,query_name=Jauer | display_name=Jauer says: Fat with Jau! | epithet_or_title=says: Fat with Jau!
whois_jaws_1780912132,char_jaws,Jaws,jaws,Man,Retired,data/evidence/whois/text/jaws.txt,data/evidence/whois/html/jaws.html,yes,no,no,medium,query_name=Jaws | display_name=Jaws | Last login 7 months ago.
whois_jeakoth_1780912138,char_jeakoth,Jeakoth,jeakoth,Dwarf,Retired,data/evidence/whois/text/jeakoth.txt,data/evidence/whois/html/jeakoth.html,yes,no,no,medium,"query_name=Jeakoth | display_name=Jeakoth | Last login 11 years, 8 months, and 1 day ago."
whois_jelly_1780912149,char_jelly,Jelly,jelly,Orc,Retired,data/evidence/whois/text/jelly.txt,data/evidence/whois/html/jelly.html,yes,no,no,medium,query_name=Jelly | display_name=Jelly
whois_jeran_1780912160,char_jeran,Jeran,jeran,Dwarf,Retired,data/evidence/whois/text/jeran.txt,data/evidence/whois/html/jeran.html,yes,no,no,medium,query_name=Jeran | display_name=Jeran
whois_jerle_1780912165,char_jerle,Jerle,jerle,Elf,Retired,data/evidence/whois/text/jerle.txt,data/evidence/whois/html/jerle.html,yes,no,no,medium,"query_name=Jerle | display_name=Jerle Shannara, Rider of the Storm | epithet_or_title=Shannara, Rider of the Storm | Last login 5 years, 11 months, and 9 days ago."
whois_jheran_1780912176,char_jheran,Jheran,jheran,Black Númenórean Ranger,Retired,data/evidence/whois/text/jheran.txt,data/evidence/whois/html/jheran.html,yes,no,no,medium,query_name=Jheran | display_name=Jheran the Snake | epithet_or_title=the Snake
whois_jimbo_1780912182,char_jimbo,Jimbo,jimbo,Fallohide Warden,Retired,data/evidence/whois/text/jimbo.txt,data/evidence/whois/html/jimbo.html,yes,no,no,medium,"query_name=Jimbo | display_name=Jimbo Jones | epithet_or_title=Jones | Last login 23 years, 1 month, and 24 days ago from *.com."
whois_joan_1780912188,char_joan,Joan,joan,Woman,Retired,data/evidence/whois/text/joan.txt,data/evidence/whois/html/joan.html,yes,no,no,medium,"query_name=Joan | display_name=Joan, la Pucelle d'Arnor | epithet_or_title=, la Pucelle d'Arnor"
whois_johannes_1780912193,char_johannes,Johannes,johannes,Dúnadan Apprentice,Retired,data/evidence/whois/text/johannes.txt,data/evidence/whois/html/johannes.html,yes,no,no,medium,query_name=Johannes | display_name=Johannes | Last login 25 years and 27 days ago from *.dk.
whois_johhaidii_1780912199,char_johhaidii,Johhaidii,johhaidii,Hill Troll Wrecker,Retired,data/evidence/whois/text/johhaidii.txt,data/evidence/whois/html/johhaidii.html,yes,no,no,medium,query_name=Johhaidii | display_name=Johhaidii the Troll Adventurer | epithet_or_title=the Troll Adventurer
whois_johnie_1780912205,char_johnie,Johnie,johnie,Rohirric Fighter,Retired,data/evidence/whois/text/johnie.txt,data/evidence/whois/html/johnie.html,yes,no,no,medium,"query_name=Johnie | display_name=Johnie | Last login 23 years, 11 months, and 4 days ago from [numerical address]."
whois_joker_1780912210,char_joker,Joker,joker,Orc,Retired,data/evidence/whois/text/joker.txt,data/evidence/whois/html/joker.html,yes,no,no,medium,"query_name=Joker | display_name=Joker, The Joker | epithet_or_title=, The Joker"
whois_jon_1780912216,char_jon,Jon,jon,Hobbit,Retired,data/evidence/whois/text/jon.txt,data/evidence/whois/html/jon.html,yes,no,no,medium,query_name=Jon | display_name=Jon
whois_jones_1780912221,char_jones,Jones,jones,Mountain Troll Fighter,,data/evidence/whois/text/jones.txt,data/evidence/whois/html/jones.html,yes,no,no,medium,query_name=Jones | display_name=Jones the Preacher | epithet_or_title=the Preacher
whois_jopónen_1780912227,,Jopónen,joponen,Black Númenórean,Retired,data/evidence/whois/text/joponen.txt,data/evidence/whois/html/joponen.html,yes,no,no,medium,query_name=Joponen | display_name=Jopónen the little yellow bike | epithet_or_title=the little yellow bike
whois_jube_1780912233,char_jube,Jube,jube,Orc,Retired,data/evidence/whois/text/jube.txt,data/evidence/whois/html/jube.html,yes,no,no,medium,query_name=Jube | display_name=Jube lugu | epithet_or_title=lugu
whois_junbao_1780912244,char_junbao,Junbao,junbao,Elf,Retired,data/evidence/whois/text/junbao.txt,data/evidence/whois/html/junbao.html,yes,no,no,medium,query_name=Junbao | display_name=Junbao
whois_kade_1780912255,char_kade,Kade,kade,Silvan Quickblade,Retired,data/evidence/whois/text/kade.txt,data/evidence/whois/html/kade.html,yes,no,no,medium,"query_name=Kade | display_name=Kade the Mist in the Woods | epithet_or_title=the Mist in the Woods | Last login 20 years, 8 months, and 28 days ago from *.com."
whois_kalkano_1780912272,char_kalkano,Kalkano,kalkano,Half-elven Patriarch,Retired,data/evidence/whois/text/kalkano.txt,data/evidence/whois/html/kalkano.html,yes,no,no,medium,"query_name=Kalkano | display_name=Kalkano | Last login 17 years, 10 months, and 29 days ago from *.net."
whois_kalus_1780912277,char_kalus,Kalus,kalus,Harfoot Ranger,Retired,data/evidence/whois/text/kalus.txt,data/evidence/whois/html/kalus.html,yes,no,no,medium,"query_name=Kalus | display_name=Kalus Softfoot, Spear-runner of Buckland | epithet_or_title=Softfoot, Spear-runner of Buckland | Last login 23 years, 3 months, and 17 days ago from [numerical address]."
whois_kami_1780912283,char_kami,Kami,kami,Silvan Scholar,Retired,data/evidence/whois/text/kami.txt,data/evidence/whois/html/kami.html,yes,no,no,medium,"query_name=Kami | display_name=Kami boo boo be boo | epithet_or_title=boo boo be boo | Last login 18 years, 7 months, and 7 days ago from *.com."
whois_kamikaze_1780912289,char_kamikaze,Kamikaze,kamikaze,Noldorin Adventurer,Retired,data/evidence/whois/text/kamikaze.txt,data/evidence/whois/html/kamikaze.html,yes,no,no,medium,"query_name=Kamikaze | display_name=Kamikaze | Last login 1 year, 9 months, and 22 days ago."
whois_kamlakh_1780912294,char_kamlakh,Kamlakh,kamlakh,about 14 years old is a Maia,,data/evidence/whois/text/kamlakh.txt,data/evidence/whois/html/kamlakh.html,yes,no,no,medium,query_name=Kamlakh | display_name=Kamlakh Tear of Blood | epithet_or_title=Tear of Blood
whois_kaool_1780912300,char_kaool,Kaool,kaool,Cave Troll Warrior,Retired,data/evidence/whois/text/kaool.txt,data/evidence/whois/html/kaool.html,yes,no,no,medium,query_name=Kaool | display_name=Kaool Runnings and the Olog-hai Bobsled Team | epithet_or_title=Runnings and the Olog-hai Bobsled Team
whois_kardagash_1780912306,char_kardagash,Kardagash,kardagash,Orc,Retired,data/evidence/whois/text/kardagash.txt,data/evidence/whois/html/kardagash.html,yes,no,no,medium,query_name=Kardagash | display_name=Kardagash the Dark Wanderer | epithet_or_title=the Dark Wanderer
whois_karelin_1780912311,char_karelin,Karelin,karelin,Troll,Retired,data/evidence/whois/text/karelin.txt,data/evidence/whois/html/karelin.html,yes,no,no,medium,query_name=Karelin | display_name=Karelin
whois_kasach_1780912317,char_kasach,Kasach,kasach,Tarkhnarb Champion,Retired,data/evidence/whois/text/kasach.txt,data/evidence/whois/html/kasach.html,yes,no,no,medium,query_name=Kasach | display_name=Kasach the Old and Wise Bastard | epithet_or_title=the Old and Wise Bastard
whois_kassler_1780912322,char_kassler,Kassler,kassler,Dwarven Battlemaster,Retired,data/evidence/whois/text/kassler.txt,data/evidence/whois/html/kassler.html,yes,no,no,medium,"query_name=Kassler | display_name=Kassler Köttberg | epithet_or_title=Köttberg | Last login 12 years, 5 months, and 28 days ago from [numerical address]."
whois_kazadoe_1780912328,char_kazadoe,Kazadoe,kazadoe,Half-Elf,Retired,data/evidence/whois/text/kazadoe.txt,data/evidence/whois/html/kazadoe.html,yes,no,no,medium,"query_name=Kazadoe | display_name=Kazadoe a'La Chupackabra | epithet_or_title=a'La Chupackabra | Last login 2 years, 9 months, and 27 days ago."
whois_keldorn_1780912350,char_keldorn,Keldorn,keldorn,Man,Retired,data/evidence/whois/text/keldorn.txt,data/evidence/whois/html/keldorn.html,yes,no,no,medium,"query_name=Keldorn | display_name=Keldorn The MongerWarrior | epithet_or_title=The MongerWarrior | Last login 10 years, 10 months, and 14 days ago."
whois_keno_1780912356,char_keno,Keno,keno,Fallohide Hero,Retired,data/evidence/whois/text/keno.txt,data/evidence/whois/html/keno.html,yes,no,no,medium,query_name=Keno | display_name=Keno the Little Fellow | epithet_or_title=the Little Fellow | Last login 1 year and 4 days ago from *.ee.
whois_kenzu_1780912361,char_kenzu,Kenzu,kenzu,prowling Arda is a Maia,,data/evidence/whois/text/kenzu.txt,data/evidence/whois/html/kenzu.html,yes,no,no,medium,query_name=Kenzu | display_name=Kenzu Daru | epithet_or_title=Daru | role=Cartographer
whois_kess_1780912367,char_kess,Kess,kess,Dwarf,Retired,data/evidence/whois/text/kess.txt,data/evidence/whois/html/kess.html,yes,no,no,medium,"query_name=Kess | display_name=Kess the Golden Eagle, House of Kesslor | epithet_or_title=the Golden Eagle, House of Kesslor | Last login 13 years, 9 months, and 1 day ago."
whois_kessfare_1780912373,char_kessfare,Kessfare,kessfare,Dwarf,Retired,data/evidence/whois/text/kessfare.txt,data/evidence/whois/html/kessfare.html,yes,no,no,medium,"query_name=Kessfare | display_name=Kessfare the Rat, House of Kesslor | epithet_or_title=the Rat, House of Kesslor | Last login 3 years, 9 months, and 3 days ago."
whois_kesslar_1780912378,char_kesslar,Kesslar,kesslar,Dwarven Mercenary,Retired,data/evidence/whois/text/kesslar.txt,data/evidence/whois/html/kesslar.html,yes,no,no,medium,"query_name=Kesslar | display_name=Kesslar the Mercenary | epithet_or_title=the Mercenary | Last login 13 years, 4 months, and 3 days ago from *.com."
whois_kesslik_1780912384,char_kesslik,Kesslik,kesslik,Dwarf,Retired,data/evidence/whois/text/kesslik.txt,data/evidence/whois/html/kesslik.html,yes,no,no,medium,query_name=Kesslik | display_name=Kesslik the White Wolf | epithet_or_title=the White Wolf | Last login 10 months and 2 days ago from [numerical address].
whois_kesslin_1780912389,char_kesslin,Kesslin,kesslin,Dwarf,Retired,data/evidence/whois/text/kesslin.txt,data/evidence/whois/html/kesslin.html,yes,no,no,medium,"query_name=Kesslin | display_name=Kesslin the White Bear, House of Kesslor | epithet_or_title=the White Bear, House of Kesslor | Last login 15 years, 8 months, and 11 days ago."
whois_kessloth_1780912395,char_kessloth,Kessloth,kessloth,Dwarven Axemaster,Retired,data/evidence/whois/text/kessloth.txt,data/evidence/whois/html/kessloth.html,yes,no,no,medium,"query_name=Kessloth | display_name=Kessloth the Sly Mongoose, House of Kesslor | epithet_or_title=the Sly Mongoose, House of Kesslor | Last login 22 years, 7 months, and 26 days ago from *.net."
whois_kesstor_1780912400,char_kesstor,Kesstor,kesstor,Dwarven Chieftain,Retired,data/evidence/whois/text/kesstor.txt,data/evidence/whois/html/kesstor.html,yes,no,no,medium,"query_name=Kesstor | display_name=Kesstor the Silver Badger, House of Kesslor | epithet_or_title=the Silver Badger, House of Kesslor | Last login 13 years and 9 months ago from *.se."
whois_kestrel_1780912406,char_kestrel,Kestrel,kestrel,Maia,,data/evidence/whois/text/kestrel.txt,data/evidence/whois/html/kestrel.html,yes,no,no,medium,query_name=Kestrel | display_name=Kestrel the Winged | epithet_or_title=the Winged
whois_khad_1780912412,char_khad,Khad,khad,Dwarven Battlemaster,Retired,data/evidence/whois/text/khad.txt,data/evidence/whois/html/khad.html,yes,no,no,medium,"query_name=Khad | display_name=Khad the Guide, 7th Tumunzahar Battalion | epithet_or_title=the Guide, 7th Tumunzahar Battalion | Last login 22 years, 8 months, and 8 days ago from *.com."
whois_khakis_1780912423,char_khakis,Khakis,khakis,Dwarven Battlemaster,Retired,data/evidence/whois/text/khakis.txt,data/evidence/whois/html/khakis.html,yes,no,no,medium,"query_name=Khakis | display_name=Khakis Brokenshield of Khazad-dûm | epithet_or_title=Brokenshield of Khazad-dûm | Last login 18 years, 8 months, and 20 days ago from *.com."
whois_khamasin_1780912429,char_khamasin,Khamasin,khamasin,Orkish Cut-Throat,Retired,data/evidence/whois/text/khamasin.txt,data/evidence/whois/html/khamasin.html,yes,no,no,medium,query_name=Khamasin | display_name=Khamasin blowing | epithet_or_title=blowing
whois_khamil_1780912434,char_khamil,Khamil,khamil,Black Númenórean Patriarch,,data/evidence/whois/text/khamil.txt,data/evidence/whois/html/khamil.html,yes,no,no,medium,query_name=Khamil | display_name=Khamil the Black Númenórean Rider | epithet_or_title=the Black Númenórean Rider
whois_kharas_1780912446,char_kharas,Kharas,kharas,Dwarf,Retired,data/evidence/whois/text/kharas.txt,data/evidence/whois/html/kharas.html,yes,no,no,medium,"query_name=Kharas | display_name=Kharas Golden-One | epithet_or_title=Golden-One | Last login 21 years, 8 months, and 3 days ago."
whois_khawin_1780912451,char_khawin,Khawin,khawin,Man,Retired,data/evidence/whois/text/khawin.txt,data/evidence/whois/html/khawin.html,yes,no,no,medium,"query_name=Khawin | display_name=Khawin Gorthaur, The Rohirrim Ranger. | epithet_or_title=Gorthaur, The Rohirrim Ranger. | Last login 10 months ago from *.se."
whois_khazdul_1780912457,char_khazdul,Khazdul,khazdul,Dwarf,,data/evidence/whois/text/khazdul.txt,data/evidence/whois/html/khazdul.html,yes,no,no,medium,"query_name=Khazdul | display_name=Khazdul Maltol [ML], Lord of the Underground | epithet_or_title=Maltol [ML], Lord of the Underground"
whois_khelben_1780912462,char_khelben,Khelben,khelben,Dúnadan Wizard,Retired,data/evidence/whois/text/khelben.txt,data/evidence/whois/html/khelben.html,yes,no,no,medium,"query_name=Khelben | display_name=Khelben ""Blackstaff"" Arunsun (clueless) | epithet_or_title=""Blackstaff"" Arunsun (clueless) | Last login 20 years and 29 days ago from *.nl."
whois_khelek_1780912468,char_khelek,Khelek,khelek,Dwarf,Retired,data/evidence/whois/text/khelek.txt,data/evidence/whois/html/khelek.html,yes,no,no,medium,"query_name=Khelek | display_name=Khelek the Angry Dwarf | epithet_or_title=the Angry Dwarf | Last login 10 years, 2 months, and 26 days ago."
whois_khím_1780912474,,Khím,khim,Dwarven Hero,Retired,data/evidence/whois/text/khim.txt,data/evidence/whois/html/khim.html,yes,no,no,medium,"query_name=Khim | display_name=Khím son of Mîm, of Bar-en-Danwedh | epithet_or_title=son of Mîm, of Bar-en-Danwedh | Last login 11 years, 10 months, and 29 days ago from *.no."
whois_khozdul_1780912490,char_khozdul,Khozdul,khozdul,Dwarf,Retired,data/evidence/whois/text/khozdul.txt,data/evidence/whois/html/khozdul.html,yes,no,no,medium,"query_name=Khozdul | display_name=Khozdul Maltol [ML], the Follower of Khazdul | epithet_or_title=Maltol [ML], the Follower of Khazdul"
whois_khreth_1780912496,char_khreth,Khreth,khreth,Orc,Retired,data/evidence/whois/text/khreth.txt,data/evidence/whois/html/khreth.html,yes,no,no,medium,query_name=Khreth | display_name=Khreth the Fist of Mordor | epithet_or_title=the Fist of Mordor
whois_khzandros_1780912507,char_khzandros,Khzandros,khzandros,Dwarven Battlemaster,Retired,data/evidence/whois/text/khzandros.txt,data/evidence/whois/html/khzandros.html,yes,no,no,medium,"query_name=Khzandros | display_name=Khzandros ""Scrollwhore"" Crapmaster ! - | epithet_or_title=""Scrollwhore"" Crapmaster ! - | Last login 17 years, 11 months, and 6 days ago from *.dk."
whois_kiki_1780912512,char_kiki,Kiki,kiki,Hobbit,Retired,data/evidence/whois/text/kiki.txt,data/evidence/whois/html/kiki.html,yes,no,no,medium,"query_name=Kiki | display_name=Kiki swift of foot | epithet_or_title=swift of foot | Last login 21 years, 10 months, and 22 days ago."
whois_kilin_1780912524,char_kilin,Kilin,kilin,Dwarven Hero,Retired,data/evidence/whois/text/kilin.txt,data/evidence/whois/html/kilin.html,yes,no,no,medium,"query_name=Kilin | display_name=Kilin Ironfist, Gateguard of Helm's Deep | epithet_or_title=Ironfist, Gateguard of Helm's Deep | Last login 24 years, 3 months, and 13 days ago from *.ee."
whois_killdare_1780912529,char_killdare,Killdare,killdare,Black Númenórean Witch,Retired,data/evidence/whois/text/killdare.txt,data/evidence/whois/html/killdare.html,yes,no,no,medium,query_name=Killdare | display_name=Killdare
whois_kingpool_1780912535,char_kingpool,Kingpool,kingpool,Dwarf,Retired,data/evidence/whois/text/kingpool.txt,data/evidence/whois/html/kingpool.html,yes,no,no,medium,"query_name=Kingpool | display_name=Kingpool - One of the Naksitralls | epithet_or_title=- One of the Naksitralls | Last login 22 years, 4 months, and 15 days ago."
whois_kinson_1780912540,char_kinson,Kinson,kinson,Orc,Retired,data/evidence/whois/text/kinson.txt,data/evidence/whois/html/kinson.html,yes,no,no,medium,query_name=Kinson | display_name=Kinson the eternally dead n00b | epithet_or_title=the eternally dead n00b
whois_kiska_1780912546,char_kiska,Kiska,kiska,Elf,Retired,data/evidence/whois/text/kiska.txt,data/evidence/whois/html/kiska.html,yes,no,no,medium,query_name=Kiska | display_name=Kiska | Last login 19 years and 22 days ago.
whois_kitto_1780912551,char_kitto,Kitto,kitto,Beorning Battlemaster,Retired,data/evidence/whois/text/kitto.txt,data/evidence/whois/html/kitto.html,yes,no,no,medium,"query_name=Kitto | display_name=Kitto really | epithet_or_title=really | Last login 19 years, 9 months, and 26 days ago from *.cz."
whois_kloker_1780912557,char_kloker,Kloker,kloker,Dwarf,Retired,data/evidence/whois/text/kloker.txt,data/evidence/whois/html/kloker.html,yes,no,no,medium,"query_name=Kloker | display_name=Kloker the Great, one of the Otso | epithet_or_title=the Great, one of the Otso | Last login 21 years, 11 months, and 26 days ago."
whois_kobold_1780912568,char_kobold,Kobold,kobold,Orc,Retired,data/evidence/whois/text/kobold.txt,data/evidence/whois/html/kobold.html,yes,no,no,medium,"query_name=Kobold | display_name=Kobold The Pain, messenger from The Underworld | epithet_or_title=The Pain, messenger from The Underworld"
whois_mume_1780912574,,MUME,mume-2,Orc,Retired,data/evidence/whois/text/mume-2.txt,data/evidence/whois/html/mume-2.html,yes,no,no,low,"query_name=Kocano | display_name=MUME.Client protocol error: {""message"":""GMCP JSON parse error: \""[ \\\""Char 1\\\"", \\\""Client 1\\\"", \\\""Room 1\\\"" \""""}Kocano The Bite, Sneakful Zaugurz Beast | epithet_or_title=.Client protocol error: {""message"":""GMCP JSON parse error: \""[ \\\""Char 1\\\"", \\\""Client 1\\\"", \\\""Room 1\\\"" \""""}Kocano The Bite, Sneakful Zaugurz Beast | Capture appears to include protocol/output corruption; raw text preserved."
whois_kochurma_1780912580,char_kochurma,Kochurma,kochurma,Orc,Retired,data/evidence/whois/text/kochurma.txt,data/evidence/whois/html/kochurma.html,yes,no,no,medium,query_name=Kochurma | display_name=Kochurma The Master Warrior of Damage Inc | epithet_or_title=The Master Warrior of Damage Inc
whois_koff_1780912591,char_koff,Koff,koff,Noldorin Bodyguard,Retired,data/evidence/whois/text/koff.txt,data/evidence/whois/html/koff.html,yes,no,no,medium,"query_name=Koff | display_name=Koff III Olut | epithet_or_title=III Olut | Last login 21 years, 4 months, and 28 days ago from *.fi."
whois_kogan_1780912597,char_kogan,Kogan,kogan,Dwarven Hero,Retired,data/evidence/whois/text/kogan.txt,data/evidence/whois/html/kogan.html,yes,no,no,medium,query_name=Kogan | display_name=Kogan thinks that BNS suck that's why he | epithet_or_title=thinks that BNS suck that's why he | Last login 3 months and 26 days ago from [numerical address].
whois_korax_1780912602,char_korax,Korax,korax,Dwarf,Retired,data/evidence/whois/text/korax.txt,data/evidence/whois/html/korax.html,yes,no,no,medium,"query_name=Korax | display_name=Korax Bloodaxe | epithet_or_title=Bloodaxe | Last login 22 years, 5 months, and 23 days ago."
whois_korek_1780912608,char_korek,Korek,korek,Tarkhnarb Rider,Retired,data/evidence/whois/text/korek.txt,data/evidence/whois/html/korek.html,yes,no,no,medium,query_name=Korek | display_name=Korek the Despiser | epithet_or_title=the Despiser
whois_korf_1780912614,char_korf,Korf,korf,Dwarven Hero,Retired,data/evidence/whois/text/korf.txt,data/evidence/whois/html/korf.html,yes,no,no,medium,"query_name=Korf | display_name=Korf Broadbeam, of Belegost | epithet_or_title=Broadbeam, of Belegost | Last login 14 years and 30 days ago from *.net."
whois_korin_1780912619,char_korin,Korin,korin,Dwarven Warden,Retired,data/evidence/whois/text/korin.txt,data/evidence/whois/html/korin.html,yes,no,no,medium,"query_name=Korin | display_name=Korin | Last login 24 years, 7 months, and 22 days ago from *.s."
whois_kostêj_1780912625,,Kostêj,kostej,Tarkhnarb Assassin,Retired,data/evidence/whois/text/kostej.txt,data/evidence/whois/html/kostej.html,yes,no,no,medium,query_name=Kostej | display_name=Kostêj Nesmrtelny | epithet_or_title=Nesmrtelny
whois_kötta_1780912631,,Kötta,kotta,Troll,,data/evidence/whois/text/kotta.txt,data/evidence/whois/html/kotta.html,yes,no,no,medium,"query_name=Kotta | display_name=Kötta Pukes, | epithet_or_title=Pukes,"
whois_kovie_1780912636,char_kovie,Kovie,kovie,Tarkhnarb Champion,Retired,data/evidence/whois/text/kovie.txt,data/evidence/whois/html/kovie.html,yes,no,no,medium,"query_name=Kovie | display_name=Kovie Sheinag, pain of Sar-Logoth | epithet_or_title=Sheinag, pain of Sar-Logoth"
whois_koza_1780912642,char_koza,Koza,koza,Dwarven Axemistress,Retired,data/evidence/whois/text/koza.txt,data/evidence/whois/html/koza.html,yes,no,no,medium,"query_name=Koza | display_name=Koza Zkozena Velkopopovicka | epithet_or_title=Zkozena Velkopopovicka | Last login 18 years, 6 months, and 21 days ago from *.cz."
whois_kozel_1780912647,char_kozel,Kozel,kozel,Dwarf,Retired,data/evidence/whois/text/kozel.txt,data/evidence/whois/html/kozel.html,yes,no,no,medium,"query_name=Kozel | display_name=Kozel Velkopopovicky II | epithet_or_title=Velkopopovicky II | Last login 14 years, 11 months, and 3 days ago."
whois_kraal_1780912653,char_kraal,Kraal,kraal,Tarkhnarb Assassin,Retired,data/evidence/whois/text/kraal.txt,data/evidence/whois/html/kraal.html,yes,no,no,medium,query_name=Kraal | display_name=Kraal
whois_krax_1780912659,char_krax,Krax,krax,Dwarven Hero,,data/evidence/whois/text/krax.txt,data/evidence/whois/html/krax.html,yes,no,no,medium,query_name=Krax | display_name=Krax
whois_krkavec_1780912670,char_krkavec,Krkavec,krkavec,Orc,Retired,data/evidence/whois/text/krkavec.txt,data/evidence/whois/html/krkavec.html,yes,no,no,medium,query_name=Krkavec | display_name=Krkavec
whois_kroom_1780912675,char_kroom,Kroom,kroom,Tarkhnarb Adventurer,,data/evidence/whois/text/kroom.txt,data/evidence/whois/html/kroom.html,yes,no,no,medium,query_name=Kroom | display_name=Kroom
whois_krossen_1780912681,char_krossen,Krossen,krossen,Mountain Troll Warrior,Retired,data/evidence/whois/text/krossen.txt,data/evidence/whois/html/krossen.html,yes,no,no,medium,query_name=Krossen | display_name=Krossen S of the Troll Kamikaze Squadron | epithet_or_title=S of the Troll Kamikaze Squadron
whois_krubb_1780912686,char_krubb,Krubb,krubb,Tarkhnarb Assassin,Retired,data/evidence/whois/text/krubb.txt,data/evidence/whois/html/krubb.html,yes,no,no,medium,query_name=Krubb | display_name=Krubb The Pink Power Ranger! | epithet_or_title=The Pink Power Ranger!
whois_kuku_1780912692,char_kuku,Kuku,kuku,Eriadorian Warden,Retired,data/evidence/whois/text/kuku.txt,data/evidence/whois/html/kuku.html,yes,no,no,medium,"query_name=Kuku | display_name=Kuku - for whom the bells tolls | epithet_or_title=- for whom the bells tolls | Last login 15 years, 4 months, and 18 days ago from *.cz."
whois_kulgan_1780912698,char_kulgan,Kulgan,kulgan,Elf,Retired,data/evidence/whois/text/kulgan.txt,data/evidence/whois/html/kulgan.html,yes,no,no,medium,"query_name=Kulgan | display_name=Kulgan the Elf | epithet_or_title=the Elf | Last login 1 year, 2 months, and 11 days ago."
whois_kunduk_1780912703,char_kunduk,Kunduk,kunduk,Orc,Retired,data/evidence/whois/text/kunduk.txt,data/evidence/whois/html/kunduk.html,yes,no,no,medium,query_name=Kunduk | display_name=Kunduk The Master Torturer of Damage Inc | epithet_or_title=The Master Torturer of Damage Inc
whois_kurdran_1780912715,char_kurdran,Kurdran,kurdran,Dwarven Scholar,Retired,data/evidence/whois/text/kurdran.txt,data/evidence/whois/html/kurdran.html,yes,no,no,medium,"query_name=Kurdran | display_name=Kurdran Clawfinger | epithet_or_title=Clawfinger | Last login 23 years, 2 months, and 5 days ago from *.dk."
whois_kurva_1780912720,char_kurva,Kurva,kurva,Tarkhnarb Champion,Retired,data/evidence/whois/text/kurva.txt,data/evidence/whois/html/kurva.html,yes,no,no,medium,query_name=Kurva | display_name=Kurva the Goblin Queen | epithet_or_title=the Goblin Queen
whois_kylm_1780912732,char_kylm,Kylm,kylm,Black Númenórean,Retired,data/evidence/whois/text/kylm.txt,data/evidence/whois/html/kylm.html,yes,no,no,medium,query_name=Kylm | display_name=Kylm the Black Númenórean | epithet_or_title=the Black Númenórean
whois_lâirâthim_1780912743,,Lâirâthim,lairathim,Black Númenórean,Retired,data/evidence/whois/text/lairathim.txt,data/evidence/whois/html/lairathim.html,yes,no,no,medium,query_name=Lairathim | display_name=Lâirâthim - Backfire of the Black Shadow Clan | epithet_or_title=- Backfire of the Black Shadow Clan
whois_lakon_1780912754,char_lakon,Lakon,lakon,Orc,Retired,data/evidence/whois/text/lakon.txt,data/evidence/whois/html/lakon.html,yes,no,no,medium,query_name=Lakon | display_name=Lakon
whois_lalloree_1780912760,char_lalloree,Lalloree,lalloree,Black Númenórean Witch,Retired,data/evidence/whois/text/lalloree.txt,data/evidence/whois/html/lalloree.html,yes,no,no,medium,query_name=Lalloree | display_name=Lalloree the Noble | epithet_or_title=the Noble
whois_lalok_1780912765,char_lalok,Lalok,lalok,Orc,Retired,data/evidence/whois/text/lalok.txt,data/evidence/whois/html/lalok.html,yes,no,no,medium,query_name=Lalok | display_name=Lalok The Big Muscle | epithet_or_title=The Big Muscle
whois_lammoth_1780912776,char_lammoth,Lammoth,lammoth,Orc,Retired,data/evidence/whois/text/lammoth.txt,data/evidence/whois/html/lammoth.html,yes,no,no,medium,"query_name=Lammoth | display_name=Lammoth small, mean and ugly. | epithet_or_title=small, mean and ugly."
whois_lana_1780912782,char_lana,Lana,lana,Orc,Retired,data/evidence/whois/text/lana.txt,data/evidence/whois/html/lana.html,yes,no,no,medium,"query_name=Lana | display_name=Lana del Zaug, Swordswinger from the North | epithet_or_title=del Zaug, Swordswinger from the North"
whois_lancelot_1780912787,char_lancelot,Lancelot,lancelot,Maia,,data/evidence/whois/text/lancelot.txt,data/evidence/whois/html/lancelot.html,yes,no,no,medium,query_name=Lancelot | display_name=Lancelot the failed god of Charging | epithet_or_title=the failed god of Charging
whois_langolier_1780912793,char_langolier,Langolier,langolier,Dwarven Axemaster,Retired,data/evidence/whois/text/langolier.txt,data/evidence/whois/html/langolier.html,yes,no,no,medium,"query_name=Langolier | display_name=Langolier The Time Eater | epithet_or_title=The Time Eater | Last login 20 years, 8 months, and 24 days ago from *.net."
whois_lathos_1780912804,char_lathos,Lathos,lathos,Elf,Retired,data/evidence/whois/text/lathos.txt,data/evidence/whois/html/lathos.html,yes,no,no,medium,"query_name=Lathos | display_name=Lathos the Elven Thief | epithet_or_title=the Elven Thief | Last login 9 years, 7 months, and 14 days ago."
whois_laurelin_1780912810,char_laurelin,Laurelin,laurelin,Elf,Retired,data/evidence/whois/text/laurelin.txt,data/evidence/whois/html/laurelin.html,yes,no,no,medium,"query_name=Laurelin | display_name=Laurelin Shieldmaiden | epithet_or_title=Shieldmaiden | Last login 19 years, 10 months, and 17 days ago."
whois_lavendel_1780912816,char_lavendel,Lavendel,lavendel,Noldorin Priestess,Retired,data/evidence/whois/text/lavendel.txt,data/evidence/whois/html/lavendel.html,yes,no,no,medium,"query_name=Lavendel | display_name=Lavendel | Last login 15 years, 9 months, and 23 days ago from [numerical address]."
whois_lazy_1780912821,char_lazy,Lazy,lazy,Tarkhnarb Warg-rider,Retired,data/evidence/whois/text/lazy.txt,data/evidence/whois/html/lazy.html,yes,no,no,medium,query_name=Lazy | display_name=Lazy
whois_leagel_1780912827,char_leagel,Leagel,leagel,Half-Elf,Retired,data/evidence/whois/text/leagel.txt,data/evidence/whois/html/leagel.html,yes,no,no,medium,"query_name=Leagel | display_name=Leagel Wonderwall | epithet_or_title=Wonderwall | Last login 17 years, 9 months, and 13 days ago."
whois_lefali_1780912838,char_lefali,Lefali,lefali,Elf,Retired,data/evidence/whois/text/lefali.txt,data/evidence/whois/html/lefali.html,yes,no,no,medium,"query_name=Lefali | display_name=Lefali | Last login 16 years, 5 months, and 8 days ago."
whois_leffe_1780912843,char_leffe,Leffe,leffe,Mountain Troll Softskin,Retired,data/evidence/whois/text/leffe.txt,data/evidence/whois/html/leffe.html,yes,no,no,medium,query_name=Leffe | display_name=Leffe
whois_légion_1780912849,,Légion,legion,Noldorin Hero,Retired,data/evidence/whois/text/legion.txt,data/evidence/whois/html/legion.html,yes,no,no,medium,"query_name=Legion | display_name=Légion Doomcaller | epithet_or_title=Doomcaller | Last login 23 years, 5 months, and 9 days ago from [numerical address]."
whois_lehto_1780912855,char_lehto,Lehto,lehto,Maia,,data/evidence/whois/text/lehto.txt,data/evidence/whois/html/lehto.html,yes,no,no,medium,query_name=Lehto | display_name=Lehto | role=Cartographer
whois_lei_1780912860,char_lei,Lei,lei,Tarkhnarb Veteran,Retired,data/evidence/whois/text/lei.txt,data/evidence/whois/html/lei.html,yes,no,no,medium,query_name=Lei | display_name=Lei da newbi killer from Minas Morgul | epithet_or_title=da newbi killer from Minas Morgul
whois_lenwë_1780912866,,Lenwë,lenwe,Noldorin Wizard,,data/evidence/whois/text/lenwe.txt,data/evidence/whois/html/lenwe.html,yes,no,no,medium,query_name=Lenwe | display_name=Lenwë leader of the Nandor | epithet_or_title=leader of the Nandor | Last login 3 months and 11 days ago from *.st.
whois_lerian_1780912878,char_lerian,Lerian,lerian,Man,,data/evidence/whois/text/lerian.txt,data/evidence/whois/html/lerian.html,yes,no,no,medium,"query_name=Lerian | display_name=Lerian Ler | epithet_or_title=Ler | Last login 12 years, 10 months, and 8 days ago."
whois_liart_1780912883,char_liart,Liart,liart,Orc,,data/evidence/whois/text/liart.txt,data/evidence/whois/html/liart.html,yes,no,no,medium,query_name=Liart | display_name=Liart the Snouted Poet Death | epithet_or_title=the Snouted Poet Death
whois_líëf_1780912894,,Líëf,lief,Dwarf,Retired,data/evidence/whois/text/lief.txt,data/evidence/whois/html/lief.html,yes,no,no,medium,"query_name=Lief | display_name=Líëf O'le, Commander of Durin's Army | epithet_or_title=O'le, Commander of Durin's Army"
whois_liliah_1780912900,char_liliah,Liliah,liliah,Maia,Retired,data/evidence/whois/text/liliah.txt,data/evidence/whois/html/liliah.html,yes,no,no,medium,query_name=Liliah | display_name=Liliah [Setting Sun] | epithet_or_title=[Setting Sun] | role=Shaper
whois_lilladde_1780912906,char_lilladde,Lilladde,lilladde,Hobbit,,data/evidence/whois/text/lilladde.txt,data/evidence/whois/html/lilladde.html,yes,no,no,medium,query_name=Lilladde | display_name=Lilladde from Crickhollow | epithet_or_title=from Crickhollow | Last login 2 days and 12 hours ago.
whois_lillian_1780912911,char_lillian,Lillian,lillian,Elf,Retired,data/evidence/whois/text/lillian.txt,data/evidence/whois/html/lillian.html,yes,no,no,medium,"query_name=Lillian | display_name=Lillian the Elven Legend | epithet_or_title=the Elven Legend | Last login 24 years, 9 months, and 27 days ago."
whois_lilljempa_1780912917,char_lilljempa,Lilljempa,lilljempa,Hobbit,Retired,data/evidence/whois/text/lilljempa.txt,data/evidence/whois/html/lilljempa.html,yes,no,no,medium,"query_name=Lilljempa | display_name=Lilljempa Bigbelly, Shires Sausage Expert | epithet_or_title=Bigbelly, Shires Sausage Expert"
whois_lillmarre_1780912922,char_lillmarre,Lillmarre,lillmarre,Hobbit,Retired,data/evidence/whois/text/lillmarre.txt,data/evidence/whois/html/lillmarre.html,yes,no,no,medium,query_name=Lillmarre | display_name=Lillmarre
whois_lina_1780912928,char_lina,Lina,lina,Noldorin Witch,Retired,data/evidence/whois/text/lina.txt,data/evidence/whois/html/lina.html,yes,no,no,medium,"query_name=Lina | display_name=Lina Inverse, Dragon Spooker | epithet_or_title=Inverse, Dragon Spooker | Last login 21 years, 8 months, and 9 days ago from [numerical address]."
whois_linara_1780912939,char_linara,Linara,linara,Black Númenórean Scholar,Retired,data/evidence/whois/text/linara.txt,data/evidence/whois/html/linara.html,yes,no,no,medium,query_name=Linara | display_name=Linara the Clueless One | epithet_or_title=the Clueless One
whois_líng_1780912945,,Líng,ling,Maia,Retired,data/evidence/whois/text/ling.txt,data/evidence/whois/html/ling.html,yes,no,no,medium,query_name=Ling | display_name=Líng the young and vibrant one | epithet_or_title=the young and vibrant one
whois_lisp_1780912956,char_lisp,Lisp,lisp,Dwarf,Retired,data/evidence/whois/text/lisp.txt,data/evidence/whois/html/lisp.html,yes,no,no,medium,"query_name=Lisp | display_name=Lisp Karuk | epithet_or_title=Karuk | Last login 18 years, 10 months, and 26 days ago."
whois_liten_1780912962,char_liten,Liten,liten,Tarkhnarb Champion,Retired,data/evidence/whois/text/liten.txt,data/evidence/whois/html/liten.html,yes,no,no,medium,"query_name=Liten | display_name=Liten Krigare, Servant of Sauron | epithet_or_title=Krigare, Servant of Sauron"
whois_litovel_1780912967,char_litovel,Litovel,litovel,Dwarven Battlemistress,Retired,data/evidence/whois/text/litovel.txt,data/evidence/whois/html/litovel.html,yes,no,no,medium,"query_name=Litovel | display_name=Litovel | Last login 6 years, 2 months, and 7 days ago from [numerical address]."
whois_llort_1780912973,char_llort,Llort,llort,Cave Troll Warrior,Retired,data/evidence/whois/text/llort.txt,data/evidence/whois/html/llort.html,yes,no,no,medium,query_name=Llort | display_name=Llort plays in memory of Xirt | epithet_or_title=plays in memory of Xirt
whois_lochdale_1780912979,char_lochdale,Lochdale,lochdale,Hobbit,Retired,data/evidence/whois/text/lochdale.txt,data/evidence/whois/html/lochdale.html,yes,no,no,medium,"query_name=Lochdale | display_name=Lochdale, wandering with a Bible and a gun, | epithet_or_title=, wandering with a Bible and a gun, | Last login 21 years, 3 months, and 6 days ago."
whois_lokomotiva_1780912984,char_lokomotiva,Lokomotiva,lokomotiva,Cave Troll Warrior,Retired,data/evidence/whois/text/lokomotiva.txt,data/evidence/whois/html/lokomotiva.html,yes,no,no,medium,query_name=Lokomotiva | display_name=Lokomotiva - Trolls for Free Tibet! | epithet_or_title=- Trolls for Free Tibet!
whois_lol_1780912990,char_lol,Lol,lol,Elf,Retired,data/evidence/whois/text/lol.txt,data/evidence/whois/html/lol.html,yes,no,no,medium,"query_name=Lol | display_name=Lol Penguin the ugly One | epithet_or_title=Penguin the ugly One | Last login 13 years, 7 months, and 18 days ago."
whois_lombur_1780912996,char_lombur,Lombur,lombur,Firebeard Axemaster,Retired,data/evidence/whois/text/lombur.txt,data/evidence/whois/html/lombur.html,yes,no,no,medium,"query_name=Lombur | display_name=Lombur Marley, Bard of the Misties, be Jammin | epithet_or_title=Marley, Bard of the Misties, be Jammin | Last login 3 months and 27 days ago from *.se."
whois_lomek_1780913001,char_lomek,Lomek,lomek,Hobbit,Retired,data/evidence/whois/text/lomek.txt,data/evidence/whois/html/lomek.html,yes,no,no,medium,"query_name=Lomek | display_name=Lomek Brandybuck, of the Shire | epithet_or_title=Brandybuck, of the Shire | Last login 6 years, 7 months, and 29 days ago."
whois_lorduk_1780913007,char_lorduk,Lorduk,lorduk,Troll,Retired,data/evidence/whois/text/lorduk.txt,data/evidence/whois/html/lorduk.html,yes,no,no,medium,query_name=Lorduk | display_name=Lorduk
whois_lore_1780913013,char_lore,Lore,lore,Elf,Retired,data/evidence/whois/text/lore.txt,data/evidence/whois/html/lore.html,yes,no,no,medium,"query_name=Lore | display_name=Lore the Ancient, Grand Master of Bards | epithet_or_title=the Ancient, Grand Master of Bards"
whois_lótë_1780913019,,Lótë,lote,Silvan Matriarch,Retired,data/evidence/whois/text/lote.txt,data/evidence/whois/html/lote.html,yes,no,no,medium,"query_name=Lote | display_name=Lótë Shayla Shayla, of Les Miserables | epithet_or_title=Shayla Shayla, of Les Miserables | Last login 13 years, 7 months, and 7 days ago from *.ee."
whois_lothar_1780913025,char_lothar,Lothar,lothar,Mountain Troll Brute,Retired,data/evidence/whois/text/lothar.txt,data/evidence/whois/html/lothar.html,yes,no,no,medium,query_name=Lothar | display_name=Lothar
whois_lotheila_1780913030,char_lotheila,Lotheila,lotheila,Black Númenórean,,data/evidence/whois/text/lotheila.txt,data/evidence/whois/html/lotheila.html,yes,no,no,medium,query_name=Lotheila | display_name=Lotheila The Evil Snake of Black Shadow Clan | epithet_or_title=The Evil Snake of Black Shadow Clan
whois_lothlahn_1780913036,char_lothlahn,Lothlahn,lothlahn,Elf,,data/evidence/whois/text/lothlahn.txt,data/evidence/whois/html/lothlahn.html,yes,no,no,medium,"query_name=Lothlahn | display_name=Lothlahn Witôzwan, swift death of the west | epithet_or_title=Witôzwan, swift death of the west | Last login 15 years and 10 months ago."
whois_lothlori_1780913041,char_lothlori,Lothlori,lothlori,Elf,Retired,data/evidence/whois/text/lothlori.txt,data/evidence/whois/html/lothlori.html,yes,no,no,medium,query_name=Lothlori | display_name=Lothlori flashing Elf | epithet_or_title=flashing Elf
whois_lowanda_1780913047,char_lowanda,Lowanda,lowanda,Silvan Bodyguard,Retired,data/evidence/whois/text/lowanda.txt,data/evidence/whois/html/lowanda.html,yes,no,no,medium,query_name=Lowanda | display_name=Lowanda once lived on 1 hp! | epithet_or_title=once lived on 1 hp! | Last login 23 years and 30 days ago from [numerical address].
whois_lowyn_1780913052,char_lowyn,Lowyn,lowyn,Rohirric Rider,Retired,data/evidence/whois/text/lowyn.txt,data/evidence/whois/html/lowyn.html,yes,no,no,medium,"query_name=Lowyn | display_name=Lowyn Laramir the last Rider of Calenardhon | epithet_or_title=Laramir the last Rider of Calenardhon | Last login 11 years, 9 months, and 27 days ago from *.net."
whois_luber_1780913058,char_luber,Luber,luber,Dwarven Veteran,Retired,data/evidence/whois/text/luber.txt,data/evidence/whois/html/luber.html,yes,no,no,medium,"query_name=Luber | display_name=Luber Bronzeshield, lost in memories of old | epithet_or_title=Bronzeshield, lost in memories of old | Last login 26 years, 9 months, and 1 day ago from *.se."
whois_luckless_1780913064,char_luckless,LuckLess,luckless,Orc,Retired,data/evidence/whois/text/luckless.txt,data/evidence/whois/html/luckless.html,yes,no,no,medium,query_name=Luckless | display_name=LuckLess
whois_luke_1780913075,char_luke,Luke,luke,Maia,Retired,data/evidence/whois/text/luke.txt,data/evidence/whois/html/luke.html,yes,no,no,medium,query_name=Luke | display_name=Luke
whois_lurken_1780913081,char_lurken,Lurken,lurken,Black Númenórean Mercenary,Retired,data/evidence/whois/text/lurken.txt,data/evidence/whois/html/lurken.html,yes,no,no,medium,query_name=Lurken | display_name=Lurken the Sissy Numenorean | epithet_or_title=the Sissy Numenorean
whois_lutien_1780913086,char_lutien,Lutien,lutien,Noldorin Priestess,Retired,data/evidence/whois/text/lutien.txt,data/evidence/whois/html/lutien.html,yes,no,no,medium,query_name=Lutien | display_name=Lutien Tinuviel | epithet_or_title=Tinuviel | Last login 19 years and 5 months ago from *.net.
whois_luvette_1780913092,char_luvette,Luvette,luvette,Beorning Battlemistress,Retired,data/evidence/whois/text/luvette.txt,data/evidence/whois/html/luvette.html,yes,no,no,medium,"query_name=Luvette | display_name=Luvette or leave it!1 | epithet_or_title=or leave it!1 | Last login 25 years, 2 months, and 17 days ago from [numerical address]."
whois_maal_1780913097,char_maal,Maal,maal,Tarkhnarb Champion,Retired,data/evidence/whois/text/maal.txt,data/evidence/whois/html/maal.html,yes,no,no,medium,"query_name=Maal | display_name=Maal Grimblade, Shadow of Mordor | epithet_or_title=Grimblade, Shadow of Mordor"
whois_mabel_1780913103,char_mabel,Mabel,mabel,Orkish Pilferer,Retired,data/evidence/whois/text/mabel.txt,data/evidence/whois/html/mabel.html,yes,no,no,medium,query_name=Mabel | display_name=Mabel
whois_macke_1780913109,char_macke,Macke,macke,Mountain Troll Softskin,Retired,data/evidence/whois/text/macke.txt,data/evidence/whois/html/macke.html,yes,no,no,medium,query_name=Macke | display_name=Macke
whois_macros_1780913114,char_macros,Macros,macros,Black Númenórean Mercenary,Retired,data/evidence/whois/text/macros.txt,data/evidence/whois/html/macros.html,yes,no,no,medium,query_name=Macros | display_name=Macros the Black | epithet_or_title=the Black
whois_madcat_1780913120,char_madcat,Madcat,madcat,Tarkhnarb Assassin,Retired,data/evidence/whois/text/madcat.txt,data/evidence/whois/html/madcat.html,yes,no,no,medium,query_name=Madcat | display_name=Madcat the former GH legend | epithet_or_title=the former GH legend
whois_maeglor_1780913126,char_maeglor,Maeglor,maeglor,Elf,Retired,data/evidence/whois/text/maeglor.txt,data/evidence/whois/html/maeglor.html,yes,no,no,medium,"query_name=Maeglor | display_name=Maeglor, Warden of the Woodland Realm | epithet_or_title=, Warden of the Woodland Realm | Last login 2 years, 4 months, and 22 days ago from *.se."
whois_maegnas_1780913131,char_maegnas,Maegnas,maegnas,"my name, I am the spider's bane! is a level thirty Noldorin Rider",Retired,data/evidence/whois/text/maegnas.txt,data/evidence/whois/html/maegnas.html,yes,no,no,medium,"query_name=Maegnas | display_name=Maegnas | Last login 3 years, 7 months, and 24 days ago from *.ee."
whois_magi_1780913137,char_magi,Magi,magi,Sindarin Heroine,Retired,data/evidence/whois/text/magi.txt,data/evidence/whois/html/magi.html,yes,no,no,medium,query_name=Magi | display_name=Magi does a little magic | epithet_or_title=does a little magic | Last login 1 month and 28 days ago from *.no.
whois_magíca_1780913143,,Magíca,magica,Elf,Retired,data/evidence/whois/text/magica.txt,data/evidence/whois/html/magica.html,yes,no,no,medium,"query_name=Magica | display_name=Magíca de Hex | epithet_or_title=de Hex | Last login 16 years, 8 months, and 27 days ago."
whois_maglor_1780913148,char_maglor,Maglor,maglor,Elf,Retired,data/evidence/whois/text/maglor.txt,data/evidence/whois/html/maglor.html,yes,no,no,medium,"query_name=Maglor | display_name=Maglor the Second son of Fëanor. | epithet_or_title=the Second son of Fëanor. | Last login 10 years, 3 months, and 15 days ago."
whois_magnolia_1780913154,char_magnolia,Magnolia,magnolia,Woman,Retired,data/evidence/whois/text/magnolia.txt,data/evidence/whois/html/magnolia.html,yes,no,no,medium,"query_name=Magnolia | display_name=Magnolia | Last login 21 years, 8 months, and 19 days ago."
whois_mahyr_1780913160,char_mahyr,Mahyr,mahyr,Silvan Scout,Retired,data/evidence/whois/text/mahyr.txt,data/evidence/whois/html/mahyr.html,yes,no,no,medium,"query_name=Mahyr | display_name=Mahyr Pain | epithet_or_title=Pain | Last login 15 years, 11 months, and 24 days ago from [numerical address]."
whois_malach_1780913165,char_malach,Malach,malach,Man,Retired,data/evidence/whois/text/malach.txt,data/evidence/whois/html/malach.html,yes,no,no,medium,"query_name=Malach | display_name=Malach Aradan | epithet_or_title=Aradan | Last login 3 years, 11 months, and 20 days ago."
whois_mâlak_1780913171,,Mâlak,malak,Orc,Retired,data/evidence/whois/text/malak.txt,data/evidence/whois/html/malak.html,yes,no,no,medium,query_name=Malak | display_name=Mâlak the Mangled | epithet_or_title=the Mangled
whois_malus_1780913176,char_malus,Malus,malus,Orc,Retired,data/evidence/whois/text/malus.txt,data/evidence/whois/html/malus.html,yes,no,no,medium,"query_name=Malus | display_name=Malus Darkblade, Wielder of Spite the Cold One | epithet_or_title=Darkblade, Wielder of Spite the Cold One"
whois_malysh_1780913182,char_malysh,Malysh,malysh,Dwarf,Retired,data/evidence/whois/text/malysh.txt,data/evidence/whois/html/malysh.html,yes,no,no,medium,query_name=Malysh | display_name=Malysh | Last login 14 years and 7 days ago.
whois_mammoth_1780913187,char_mammoth,Mammoth,mammoth,Tarkhnarb Adventurer,Retired,data/evidence/whois/text/mammoth.txt,data/evidence/whois/html/mammoth.html,yes,no,no,medium,query_name=Mammoth | display_name=Mammoth
whois_mamut_1780913193,char_mamut,Mamut,mamut,Mountain Troll Wrecker,Retired,data/evidence/whois/text/mamut.txt,data/evidence/whois/html/mamut.html,yes,no,no,medium,query_name=Mamut | display_name=Mamut the Troll Warrior | epithet_or_title=the Troll Warrior
whois_mamutice_1780913199,char_mamutice,Mamutice,mamutice,Cave Troll Warrior,Retired,data/evidence/whois/text/mamutice.txt,data/evidence/whois/html/mamutice.html,yes,no,no,medium,query_name=Mamutice | display_name=Mamutice likes children | epithet_or_title=likes children
whois_manaja_1780913204,char_manaja,Manaja,manaja,Sindarin Wizard,Retired,data/evidence/whois/text/manaja.txt,data/evidence/whois/html/manaja.html,yes,no,no,medium,"query_name=Manaja | display_name=Manaja | Last login 1 year, 4 months, and 26 days ago from *.ee."
whois_manatark_1780913210,char_manatark,Manatark,manatark,done whining for now is a Maia,Retired,data/evidence/whois/text/manatark.txt,data/evidence/whois/html/manatark.html,yes,no,no,medium,query_name=Manatark | display_name=Manatark | role=Wright
whois_manic_1780913215,char_manic,Manic,manic,Tarkhnarb Battlemaster,Retired,data/evidence/whois/text/manic.txt,data/evidence/whois/html/manic.html,yes,no,no,medium,query_name=Manic | display_name=Manic Compression | epithet_or_title=Compression
whois_marillion_1780913232,char_marillion,Marillion,marillion,Black Númenórean Adventurer,,data/evidence/whois/text/marillion.txt,data/evidence/whois/html/marillion.html,yes,no,no,medium,"query_name=Marillion | display_name=Marillion, the Dark | epithet_or_title=, the Dark"
whois_marko_1780913238,char_marko,Marko,marko,Dwarf,Retired,data/evidence/whois/text/marko.txt,data/evidence/whois/html/marko.html,yes,no,no,medium,query_name=Marko | display_name=Marko the Huge Stone-Dwarf | epithet_or_title=the Huge Stone-Dwarf | Last login 17 years and 8 months ago.
whois_marras_1780913243,char_marras,Marras,marras,Hobbit,Retired,data/evidence/whois/text/marras.txt,data/evidence/whois/html/marras.html,yes,no,no,medium,"query_name=Marras | display_name=Marras Murdja, the pathetic overpowered wimp | epithet_or_title=Murdja, the pathetic overpowered wimp | Last login 15 years, 10 months, and 28 days ago."
whois_marroc_1780913255,char_marroc,Marroc,marroc,Hobbit,Retired,data/evidence/whois/text/marroc.txt,data/evidence/whois/html/marroc.html,yes,no,no,medium,"query_name=Marroc | display_name=Marroc Bolger - Pipeweed Smuggler of the Marish | epithet_or_title=Bolger - Pipeweed Smuggler of the Marish | Last login 9 years, 2 months, and 2 days ago."
whois_martijn_1780913260,char_martijn,Martijn,martijn,always glad to help is a Maia,,data/evidence/whois/text/martijn.txt,data/evidence/whois/html/martijn.html,yes,no,no,medium,query_name=Martijn | display_name=Martijn
whois_mastah_1780913266,char_mastah,Mastah,mastah,Troll,Retired,data/evidence/whois/text/mastah.txt,data/evidence/whois/html/mastah.html,yes,no,no,medium,query_name=Mastah | display_name=Mastah of Puppets | epithet_or_title=of Puppets
whois_mato_1780913271,char_mato,Mato,mato,Dwarven Hero,Retired,data/evidence/whois/text/mato.txt,data/evidence/whois/html/mato.html,yes,no,no,medium,"query_name=Mato | display_name=Mato the brutish forest dwarf | epithet_or_title=the brutish forest dwarf | Last login 9 years, 8 months, and 23 days ago from *.se."
whois_maverick_1780913283,char_maverick,Maverick,maverick,Maia,,data/evidence/whois/text/maverick.txt,data/evidence/whois/html/maverick.html,yes,no,no,medium,query_name=Maverick | display_name=Maverick the Cursed One | epithet_or_title=the Cursed One
whois_mazai_1780913288,char_mazai,Mazai,mazai,Half-Elf,Retired,data/evidence/whois/text/mazai.txt,data/evidence/whois/html/mazai.html,yes,no,no,medium,query_name=Mazai | display_name=Mazai the blessed Padre | epithet_or_title=the blessed Padre | Last login 17 years and 15 days ago.
whois_mazrim_1780913294,char_mazrim,Mazrim,mazrim,Orc,,data/evidence/whois/text/mazrim.txt,data/evidence/whois/html/mazrim.html,yes,no,no,medium,"query_name=Mazrim | display_name=Mazrim Taim, M'hael of the Asha'mans | epithet_or_title=Taim, M'hael of the Asha'mans"
whois_mazza_1780913299,char_mazza,Mazza,mazza,Black Númenórean,,data/evidence/whois/text/mazza.txt,data/evidence/whois/html/mazza.html,yes,no,no,medium,query_name=Mazza | display_name=Mazza the Revelator | epithet_or_title=the Revelator
whois_mehter_1780913316,char_mehter,Mehter,mehter,Rohirric Healer,Retired,data/evidence/whois/text/mehter.txt,data/evidence/whois/html/mehter.html,yes,no,no,medium,"query_name=Mehter | display_name=Mehter the Masquerade, Arcanum of Calenardhon | epithet_or_title=the Masquerade, Arcanum of Calenardhon | Last login 21 years, 2 months, and 22 days ago from *.fi."
whois_melinda_1780913333,char_melinda,Melinda,melinda,Black Númenórean,Retired,data/evidence/whois/text/melinda.txt,data/evidence/whois/html/melinda.html,yes,no,no,medium,query_name=Melinda | display_name=Melinda bling bling | epithet_or_title=bling bling
whois_meliza_1780913339,char_meliza,Meliza,meliza,Tarkhnarb Shaman,Retired,data/evidence/whois/text/meliza.txt,data/evidence/whois/html/meliza.html,yes,no,no,medium,query_name=Meliza | display_name=Meliza the Goblin Queen | epithet_or_title=the Goblin Queen
whois_meneldur_1780913345,char_meneldur,Meneldur,meneldur,Maia,Retired,data/evidence/whois/text/meneldur.txt,data/evidence/whois/html/meneldur.html,yes,no,no,medium,"query_name=Meneldur | display_name=Meneldur - Light of Numenor, Beloved of Almarian | epithet_or_title=- Light of Numenor, Beloved of Almarian"
whois_mephistofel_1780913356,char_mephistofel,Mephistofel,mephistofel,Orc,Retired,data/evidence/whois/text/mephistofel.txt,data/evidence/whois/html/mephistofel.html,yes,no,no,medium,query_name=Mephistofel | display_name=Mephistofel ze Puppet Masta | epithet_or_title=ze Puppet Masta
whois_mercurius_1780913362,char_mercurius,Mercurius,mercurius,Silvan Hero,Retired,data/evidence/whois/text/mercurius.txt,data/evidence/whois/html/mercurius.html,yes,no,no,medium,"query_name=Mercurius | display_name=Mercurius the Elven Wizard | epithet_or_title=the Elven Wizard | Last login 2 years, 7 months, and 23 days ago from *.nl."
whois_meriadoc_1780913367,char_meriadoc,Meriadoc,meriadoc,Harfoot Hero,Retired,data/evidence/whois/text/meriadoc.txt,data/evidence/whois/html/meriadoc.html,yes,no,no,medium,query_name=Meriadoc | display_name=Meriadoc Brandybuck | epithet_or_title=Brandybuck | Last login 23 years and 24 days ago from *.com.
whois_meril_1780913373,char_meril,Meril,meril,Man,Retired,data/evidence/whois/text/meril.txt,data/evidence/whois/html/meril.html,yes,no,no,medium,"query_name=Meril | display_name=Meril | Last login 5 years, 7 months, and 13 days ago."
whois_merimac_1780913378,char_merimac,Merimac,merimac,Stoor Hero,Retired,data/evidence/whois/text/merimac.txt,data/evidence/whois/html/merimac.html,yes,no,no,medium,"query_name=Merimac | display_name=Merimac Brandybuck, Buckaneer of Buckland | epithet_or_title=Brandybuck, Buckaneer of Buckland | Last login 26 years, 6 months, and 12 days ago from *.dk."
whois_merlyn_1780913390,char_merlyn,Merlyn,merlyn,Maia,Retired,data/evidence/whois/text/merlyn.txt,data/evidence/whois/html/merlyn.html,yes,no,no,medium,query_name=Merlyn | display_name=Merlyn | role=Wright
whois_mess_1780913395,char_mess,Mess,mess,Mountain Troll Softskin,Retired,data/evidence/whois/text/mess.txt,data/evidence/whois/html/mess.html,yes,no,no,medium,query_name=Mess | display_name=Mess
whois_mikala_1780913418,char_mikala,Mikala,mikala,Half-Elf,Retired,data/evidence/whois/text/mikala.txt,data/evidence/whois/html/mikala.html,yes,no,no,medium,query_name=Mikala | display_name=Mikala ! | epithet_or_title=! | Last login 17 years and 26 days ago.
whois_mikke_1780913424,char_mikke,Mikke,mikke,Hobbit,Retired,data/evidence/whois/text/mikke.txt,data/evidence/whois/html/mikke.html,yes,no,no,medium,"query_name=Mikke | display_name=Mikke | Last login 7 years, 9 months, and 9 days ago."
whois_miko_1780913429,char_miko,Miko,miko,Tarkhnarb Adventurer,Retired,data/evidence/whois/text/miko.txt,data/evidence/whois/html/miko.html,yes,no,no,medium,query_name=Miko | display_name=Miko
whois_milena_1780913435,char_milena,Milena,milena,Orc,Retired,data/evidence/whois/text/milena.txt,data/evidence/whois/html/milena.html,yes,no,no,medium,query_name=Milena | display_name=Milena
whois_miler_1780913441,char_miler,Miler,miler,Orc,,data/evidence/whois/text/miler.txt,data/evidence/whois/html/miler.html,yes,no,no,medium,query_name=Miler | display_name=Miler Madson | epithet_or_title=Madson
whois_milzok_1780913452,char_milzok,Milzok,milzok,Dwarf,Retired,data/evidence/whois/text/milzok.txt,data/evidence/whois/html/milzok.html,yes,no,no,medium,"query_name=Milzok | display_name=Milzok | Last login 4 years, 4 months, and 21 days ago."
whois_miriamele_1780913474,char_miriamele,Miriamele,miriamele,Silvan Wizard,Retired,data/evidence/whois/text/miriamele.txt,data/evidence/whois/html/miriamele.html,yes,no,no,medium,"query_name=Miriamele | display_name=Miriamele the Identifiess | epithet_or_title=the Identifiess | Last login 18 years, 1 month, and 6 days ago from *.se."
whois_miser_1780913480,char_miser,Miser,miser,Maia,Retired,data/evidence/whois/text/miser.txt,data/evidence/whois/html/miser.html,yes,no,no,medium,query_name=Miser | display_name=Miser the Good Ole Busc Pincher | epithet_or_title=the Good Ole Busc Pincher | role=Wright
whois_misery_1780913485,char_misery,Misery,misery,Black Númenórean Sage,,data/evidence/whois/text/misery.txt,data/evidence/whois/html/misery.html,yes,no,no,medium,"query_name=Misery | display_name=Misery Giver, hermit of Minas Morgul | epithet_or_title=Giver, hermit of Minas Morgul"
whois_mishrak_1780913491,char_mishrak,Mishrak,mishrak,Orc,Retired,data/evidence/whois/text/mishrak.txt,data/evidence/whois/html/mishrak.html,yes,no,no,medium,query_name=Mishrak | display_name=Mishrak has no use for a name | epithet_or_title=has no use for a name
whois_mitch_1780913497,char_mitch,Mitch,mitch,Rohirric Soldier,Retired,data/evidence/whois/text/mitch.txt,data/evidence/whois/html/mitch.html,yes,no,no,medium,"query_name=Mitch | display_name=Mitch | Last login 16 years, 8 months, and 20 days ago from *.com."
whois_mithrellas_1780913502,char_mithrellas,Mithrellas,mithrellas,Silvan Heroine,Retired,data/evidence/whois/text/mithrellas.txt,data/evidence/whois/html/mithrellas.html,yes,no,no,medium,"query_name=Mithrellas | display_name=Mithrellas the Elven-lady of Lórien | epithet_or_title=the Elven-lady of Lórien | Last login 13 years, 2 months, and 14 days ago from *.net."
whois_mìyáhk_1780913508,,Mìyáhk,miyahk,Dwarven Warden,Retired,data/evidence/whois/text/miyahk.txt,data/evidence/whois/html/miyahk.html,yes,no,no,medium,query_name=Miyahk | display_name=Mìyáhk Mahk | epithet_or_title=Mahk | Last login 17 years and 23 days ago from *.se.
whois_moby_1780913519,char_moby,Moby,moby,Orc,Retired,data/evidence/whois/text/moby.txt,data/evidence/whois/html/moby.html,yes,no,no,medium,query_name=Moby | display_name=Moby the Dick | epithet_or_title=the Dick
whois_moci_1780913525,char_moci,Moci,moci,Dwarven Axemaster,Retired,data/evidence/whois/text/moci.txt,data/evidence/whois/html/moci.html,yes,no,no,medium,"query_name=Moci | display_name=Moci the Strong and Agile | epithet_or_title=the Strong and Agile | Last login 20 years, 4 months, and 24 days ago from *.net."
whois_mojo_1780913536,char_mojo,Mojo,mojo,Tarkhnarb Snaga,Retired,data/evidence/whois/text/mojo.txt,data/evidence/whois/html/mojo.html,yes,no,no,medium,query_name=Mojo | display_name=Mojo
whois_molak_1780913542,char_molak,Molak,molak,Tarkhnarb Battlemaster,Retired,data/evidence/whois/text/molak.txt,data/evidence/whois/html/molak.html,yes,no,no,medium,query_name=Molak | display_name=Molak
whois_moloko_1780913548,char_moloko,Moloko,moloko,Tarkhnarb Battlemaster,Retired,data/evidence/whois/text/moloko.txt,data/evidence/whois/html/moloko.html,yes,no,no,medium,query_name=Moloko | display_name=Moloko Mörököd | epithet_or_title=Mörököd
whois_molor_1780913553,char_molor,Molor,molor,Silvan Adventurer,Retired,data/evidence/whois/text/molor.txt,data/evidence/whois/html/molor.html,yes,no,no,medium,query_name=Molor | display_name=Molor | Last login 6 months and 5 days ago from [numerical address].
whois_monster_1780913565,char_monster,Monster,monster,Cave Troll Warrior,Retired,data/evidence/whois/text/monster.txt,data/evidence/whois/html/monster.html,yes,no,no,medium,query_name=Monster | display_name=Monster The Monsterous Monster | epithet_or_title=The Monsterous Monster
whois_moonglum_1780913570,char_moonglum,Moonglum,moonglum,Black Númenórean,Retired,data/evidence/whois/text/moonglum.txt,data/evidence/whois/html/moonglum.html,yes,no,no,medium,query_name=Moonglum | display_name=Moonglum of Mordor | epithet_or_title=of Mordor
whois_moonparent_1780913576,char_moonparent,Moonparent,moonparent,Tarkhnarb Necromancer,Retired,data/evidence/whois/text/moonparent.txt,data/evidence/whois/html/moonparent.html,yes,no,no,medium,query_name=Moonparent | display_name=Moonparent ... | epithet_or_title=...
whois_moonshade_1780913581,char_moonshade,Moonshade,moonshade,Elf,Retired,data/evidence/whois/text/moonshade.txt,data/evidence/whois/html/moonshade.html,yes,no,no,medium,"query_name=Moonshade | display_name=Moonshade the Grimy | epithet_or_title=the Grimy | Last login 24 years, 3 months, and 19 days ago."
whois_moortek_1780913587,char_moortek,Moortek,moortek,Orc,Retired,data/evidence/whois/text/moortek.txt,data/evidence/whois/html/moortek.html,yes,no,no,medium,query_name=Moortek | display_name=Moortek - the Don | epithet_or_title=- the Don
whois_morannon_1780913592,char_morannon,Morannon,morannon,Harfoot Necromancer,Retired,data/evidence/whois/text/morannon.txt,data/evidence/whois/html/morannon.html,yes,no,no,medium,"query_name=Morannon | display_name=Morannon the Shirriff of Mordor | epithet_or_title=the Shirriff of Mordor | Last login 11 years, 9 months, and 18 days ago from *.se."
whois_morbet_1780913598,char_morbet,Morbet,morbet,Tarkhnarb Battlemaster,Retired,data/evidence/whois/text/morbet.txt,data/evidence/whois/html/morbet.html,yes,no,no,medium,"query_name=Morbet | display_name=Morbet Outkast, Rider of Goblin Town | epithet_or_title=Outkast, Rider of Goblin Town"
whois_morbid_1780913604,char_morbid,Morbid,morbid,Tarkhnarb Champion,Retired,data/evidence/whois/text/morbid.txt,data/evidence/whois/html/morbid.html,yes,no,no,medium,"query_name=Morbid | display_name=Morbid Menace, Chief Advisor of Great Goblin | epithet_or_title=Menace, Chief Advisor of Great Goblin"
whois_mordak_1780913609,char_mordak,Mordak,mordak,Tarkhnarb Champion,Retired,data/evidence/whois/text/mordak.txt,data/evidence/whois/html/mordak.html,yes,no,no,medium,query_name=Mordak | display_name=Mordak
whois_morfizm_1780913615,char_morfizm,Morfizm,morfizm,Maia,,data/evidence/whois/text/morfizm.txt,data/evidence/whois/html/morfizm.html,yes,no,no,medium,query_name=Morfizm | display_name=Morfizm
whois_morgulduin_1780913626,char_morgulduin,Morgulduin,morgulduin,Orc,Retired,data/evidence/whois/text/morgulduin.txt,data/evidence/whois/html/morgulduin.html,yes,no,no,medium,"query_name=Morgulduin | display_name=Morgulduin, Eye of Sauron | epithet_or_title=, Eye of Sauron"
whois_morholt_1780913632,char_morholt,Morholt,morholt,Black Númenórean,,data/evidence/whois/text/morholt.txt,data/evidence/whois/html/morholt.html,yes,no,no,medium,query_name=Morholt | display_name=Morholt The Headhunter of Black Shadow Clan | epithet_or_title=The Headhunter of Black Shadow Clan
whois_morholth_1780913638,char_morholth,Morholth,morholth,Black Númenórean,Retired,data/evidence/whois/text/morholth.txt,data/evidence/whois/html/morholth.html,yes,no,no,medium,query_name=Morholth | display_name=Morholth
whois_morog_1780913644,char_morog,Morog,morog,Orc,Retired,data/evidence/whois/text/morog.txt,data/evidence/whois/html/morog.html,yes,no,no,medium,query_name=Morog | display_name=Morog the Half-wight | epithet_or_title=the Half-wight
whois_moroz_1780913649,char_moroz,Moroz,moroz,Orc,Retired,data/evidence/whois/text/moroz.txt,data/evidence/whois/html/moroz.html,yes,no,no,medium,query_name=Moroz | display_name=Moroz
whois_morphine_1780913655,char_morphine,Morphine,morphine,Orc,Retired,data/evidence/whois/text/morphine.txt,data/evidence/whois/html/morphine.html,yes,no,no,medium,query_name=Morphine | display_name=Morphine the Pointy Ear-Collector | epithet_or_title=the Pointy Ear-Collector
whois_mors_1780913660,char_mors,Mors,mors,Orc,Retired,data/evidence/whois/text/mors.txt,data/evidence/whois/html/mors.html,yes,no,no,medium,query_name=Mors | display_name=Mors Smor | epithet_or_title=Smor
whois_morthe_1780913666,char_morthe,Morthe,morthe,Dwarf,Retired,data/evidence/whois/text/morthe.txt,data/evidence/whois/html/morthe.html,yes,no,no,medium,"query_name=Morthe | display_name=Morthe the Dwarven Warrior | epithet_or_title=the Dwarven Warrior | Last login 1 year, 2 months, and 21 days ago."
whois_morticus_1780913672,char_morticus,Morticus,morticus,Silvan Rider,Retired,data/evidence/whois/text/morticus.txt,data/evidence/whois/html/morticus.html,yes,no,no,medium,"query_name=Morticus | display_name=Morticus Morfëa the Chaos Lord | epithet_or_title=Morfëa the Chaos Lord | Last login 22 years, 7 months, and 1 day ago from *.ee."
whois_mortie_1780913677,char_mortie,Mortie,mortie,Orc,Retired,data/evidence/whois/text/mortie.txt,data/evidence/whois/html/mortie.html,yes,no,no,medium,query_name=Mortie | display_name=Mortie Murders and Maims | epithet_or_title=Murders and Maims
whois_mortis_1780913683,char_mortis,Mortis,mortis,Black Númenórean,Retired,data/evidence/whois/text/mortis.txt,data/evidence/whois/html/mortis.html,yes,no,no,medium,query_name=Mortis | display_name=Mortis the Harbinger of the Black Shadow Clan | epithet_or_title=the Harbinger of the Black Shadow Clan
whois_mortti_1780913688,char_mortti,Mortti,mortti,Hobbit,Retired,data/evidence/whois/text/mortti.txt,data/evidence/whois/html/mortti.html,yes,no,no,medium,"query_name=Mortti | display_name=Mortti Magnificent, simply the best | epithet_or_title=Magnificent, simply the best | Last login 10 years, 6 months, and 8 days ago."
whois_mosaren_1780913694,char_mosaren,Mosaren,mosaren,Mountain Troll Warrior,Retired,data/evidence/whois/text/mosaren.txt,data/evidence/whois/html/mosaren.html,yes,no,no,medium,query_name=Mosaren | display_name=Mosaren
whois_mosco_1780913700,char_mosco,Mosco,mosco,Hobbit,Retired,data/evidence/whois/text/mosco.txt,data/evidence/whois/html/mosco.html,yes,no,no,medium,"query_name=Mosco | display_name=Mosco | Last login 24 years, 8 months, and 22 days ago."
whois_mouthofsauron_1780913705,char_mouthofsauron,MouthOfSauron,mouthofsauron,Black Númenórean,Retired,data/evidence/whois/text/mouthofsauron.txt,data/evidence/whois/html/mouthofsauron.html,yes,no,no,medium,query_name=MouthOfSauron | display_name=MouthOfSauron the Lieutenant of Barad-Dur | epithet_or_title=the Lieutenant of Barad-Dur
whois_movin_1780913711,char_movin,Movin,movin,Hobbit,Retired,data/evidence/whois/text/movin.txt,data/evidence/whois/html/movin.html,yes,no,no,medium,"query_name=Movin | display_name=Movin moves towards your back | epithet_or_title=moves towards your back | Last login 12 years, 4 months, and 20 days ago."
whois_mrsh_1780913722,char_mrsh,Mrsh,mrsh,Tarkhnarb Warrior,Retired,data/evidence/whois/text/mrsh.txt,data/evidence/whois/html/mrsh.html,yes,no,no,medium,query_name=Mrsh | display_name=Mrsh The Goblin King | epithet_or_title=The Goblin King
whois_mrsina_1780913728,char_mrsina,Mrsina,mrsina,Tarkhnarb Champion,Retired,data/evidence/whois/text/mrsina.txt,data/evidence/whois/html/mrsina.html,yes,no,no,medium,query_name=Mrsina | display_name=Mrsina the filthy | epithet_or_title=the filthy
whois_much_1780913746,char_much,Much,much,Man,Retired,data/evidence/whois/text/much.txt,data/evidence/whois/html/much.html,yes,no,no,medium,"query_name=Much | display_name=Much | Last login 21 years, 11 months, and 23 days ago."
whois_muck_1780913751,char_muck,Muck,muck,Noldorin Sage,Retired,data/evidence/whois/text/muck.txt,data/evidence/whois/html/muck.html,yes,no,no,medium,"query_name=Muck | display_name=Muck the Menace, Maniac of Athel-Loren | epithet_or_title=the Menace, Maniac of Athel-Loren | Last login 15 years, 5 months, and 5 days ago from *.com."
whois_mugorad_1780913757,char_mugorad,Mugorad,mugorad,Black Númenórean Sage,Retired,data/evidence/whois/text/mugorad.txt,data/evidence/whois/html/mugorad.html,yes,no,no,medium,query_name=Mugorad | display_name=Mugorad
whois_mukami_1780913774,char_mukami,Mukami,mukami,Rohirric Battlemaster,Retired,data/evidence/whois/text/mukami.txt,data/evidence/whois/html/mukami.html,yes,no,no,medium,"query_name=Mukami | display_name=Mukami | Last login 17 years, 1 month, and 4 days ago from *.com."
whois_mulgrim_1780913780,char_mulgrim,Mulgrim,mulgrim,Man,Retired,data/evidence/whois/text/mulgrim.txt,data/evidence/whois/html/mulgrim.html,yes,no,no,medium,"query_name=Mulgrim | display_name=Mulgrim the Mighty, Beast of Bards | epithet_or_title=the Mighty, Beast of Bards"
whois_mumma_1780913785,char_mumma,Mumma,mumma,Elf,Retired,data/evidence/whois/text/mumma.txt,data/evidence/whois/html/mumma.html,yes,no,no,medium,query_name=Mumma | display_name=Mumma
whois_mummo_1780913791,char_mummo,Mummo,mummo,Tarkhnarb Veteran,Retired,data/evidence/whois/text/mummo.txt,data/evidence/whois/html/mummo.html,yes,no,no,medium,query_name=Mummo | display_name=Mummo
whois_murzilka_1780913813,char_murzilka,Murzilka,murzilka,Orc,Retired,data/evidence/whois/text/murzilka.txt,data/evidence/whois/html/murzilka.html,yes,no,no,medium,query_name=Murzilka | display_name=Murzilka
whois_mylene_1780913818,char_mylene,Mylene,mylene,Goddess! is an Elf,Retired,data/evidence/whois/text/mylene.txt,data/evidence/whois/html/mylene.html,yes,no,no,medium,query_name=Mylene | display_name=Mylene Farmer | epithet_or_title=Farmer | Last login 10 years and 4 months ago.
whois_myth_1780913824,char_myth,Myth,myth,Half-elven Scholar,Retired,data/evidence/whois/text/myth.txt,data/evidence/whois/html/myth.html,yes,no,no,medium,"query_name=Myth | display_name=Myth Maelthoz | epithet_or_title=Maelthoz | Last login 15 years, 3 months, and 12 days ago from *.se."
whois_nacs_1780913830,char_nacs,Nacs,nacs,Orc,Retired,data/evidence/whois/text/nacs.txt,data/evidence/whois/html/nacs.html,yes,no,no,medium,query_name=Nacs | display_name=Nacs The Berserker of Minas Morgul | epithet_or_title=The Berserker of Minas Morgul
whois_naga_1780913841,char_naga,Naga,naga,Maia,,data/evidence/whois/text/naga.txt,data/evidence/whois/html/naga.html,yes,no,no,medium,query_name=Naga | display_name=Naga the White Serpent | epithet_or_title=the White Serpent | role=Shaper
whois_nagoroth_1780913854,char_nagoroth,Nagoroth,nagoroth,Dwarven Battlemaster,Retired,data/evidence/whois/text/nagoroth.txt,data/evidence/whois/html/nagoroth.html,yes,no,no,medium,"query_name=Nagoroth | display_name=Nagoroth Of Many Things | epithet_or_title=Of Many Things | Last login 20 years, 8 months, and 24 days ago from *.net."
whois_náin_1780913863,,Náin,nain,Dwarf,Retired,data/evidence/whois/text/nain.txt,data/evidence/whois/html/nain.html,yes,no,no,medium,"query_name=Nain | display_name=Náin II | epithet_or_title=II | Last login 17 years, 2 months, and 5 days ago."
whois_naksitrall_1780913872,char_naksitrall,Naksitrall,naksitrall,Black Númenórean,Retired,data/evidence/whois/text/naksitrall.txt,data/evidence/whois/html/naksitrall.html,yes,no,no,medium,query_name=Naksitrall | display_name=Naksitrall - somewhere out there | epithet_or_title=- somewhere out there
whois_naksur_1780913879,char_naksur,Naksur,naksur,Orc,Retired,data/evidence/whois/text/naksur.txt,data/evidence/whois/html/naksur.html,yes,no,no,medium,query_name=Naksur | display_name=Naksur the Queen Bitch of Minas Morgul | epithet_or_title=the Queen Bitch of Minas Morgul
whois_naldor_1780913885,char_naldor,Naldor,naldor,Silvan Battlemaster,Retired,data/evidence/whois/text/naldor.txt,data/evidence/whois/html/naldor.html,yes,no,no,medium,"query_name=Naldor | display_name=Naldor jack-of-all-trades | epithet_or_title=jack-of-all-trades | Last login 25 years, 2 months, and 15 days ago from *.ee."
whois_nali_1780913891,char_nali,Nali,nali,Stoor Adventurer,Retired,data/evidence/whois/text/nali.txt,data/evidence/whois/html/nali.html,yes,no,no,medium,"query_name=Nali | display_name=Nali Naljaks | epithet_or_title=Naljaks | Last login 26 years, 1 month, and 17 days ago from *.ee."
whois_námo_1780913897,,Námo,namo,"Vala, one of the Aratar",Retired,data/evidence/whois/text/namo.txt,data/evidence/whois/html/namo.html,yes,no,no,medium,"query_name=Namo | display_name=Námo the Doomsman, Keeper of the Halls of the Dead | epithet_or_title=the Doomsman, Keeper of the Halls of the Dead"
whois_naomi_1780913904,char_naomi,Naomi,naomi,Black Númenórean Witch,Retired,data/evidence/whois/text/naomi.txt,data/evidence/whois/html/naomi.html,yes,no,no,medium,query_name=Naomi | display_name=Naomi Númenórean | epithet_or_title=Númenórean
whois_nari_1780913927,char_nari,Nari,nari,Dwarven Warden,Retired,data/evidence/whois/text/nari.txt,data/evidence/whois/html/nari.html,yes,no,no,medium,"query_name=Nari | display_name=Nari Khórad, Chancellor of Durin's Army | epithet_or_title=Khórad, Chancellor of Durin's Army | Last login 10 years, 1 month, and 17 days ago from *.com."
whois_natash_1780913949,char_natash,Natash,natash,Silvan Scout,Retired,data/evidence/whois/text/natash.txt,data/evidence/whois/html/natash.html,yes,no,no,medium,"query_name=Natash | display_name=Natash | Last login 22 years, 2 months, and 8 days ago from *.nl."
whois_nazalbeth_1780913955,char_nazalbeth,Nazalbeth,nazalbeth,Black Númenórean Wizard,Retired,data/evidence/whois/text/nazalbeth.txt,data/evidence/whois/html/nazalbeth.html,yes,no,no,medium,query_name=Nazalbeth | display_name=Nazalbeth the blackened heart of Sauron | epithet_or_title=the blackened heart of Sauron
whois_nazghol_1780913960,char_nazghol,Nazghol,nazghol,Orc,Retired,data/evidence/whois/text/nazghol.txt,data/evidence/whois/html/nazghol.html,yes,no,no,medium,query_name=Nazghol | display_name=Nazghol Mâryschk | epithet_or_title=Mâryschk
whois_nazghûl_1780913966,,Nazghûl,nazghul,Orc,Retired,data/evidence/whois/text/nazghul.txt,data/evidence/whois/html/nazghul.html,yes,no,no,medium,query_name=Nazghul | display_name=Nazghûl Shadowy Guardian of The Frozen North | epithet_or_title=Shadowy Guardian of The Frozen North
whois_nazgúm_1780913977,,Nazgúm,nazgum,Tarkhnarb Champion,Retired,data/evidence/whois/text/nazgum.txt,data/evidence/whois/html/nazgum.html,yes,no,no,medium,query_name=Nazgum | display_name=Nazgúm Darktooth | epithet_or_title=Darktooth
whois_nazkuk_1780913983,char_nazkuk,Nazkuk,nazkuk,Tarkhnarb Murderer,Retired,data/evidence/whois/text/nazkuk.txt,data/evidence/whois/html/nazkuk.html,yes,no,no,medium,query_name=Nazkuk | display_name=Nazkuk
whois_nele_1780913988,char_nele,Nele,nele,Dúnadan Warden,Retired,data/evidence/whois/text/nele.txt,data/evidence/whois/html/nele.html,yes,no,no,medium,query_name=Nele | display_name=Nele the Newbie | epithet_or_title=the Newbie | Last login 25 years and 5 months ago from *.ee.
whois_nemil_1780913994,char_nemil,Nemil,nemil,Fallohide Ranger,Retired,data/evidence/whois/text/nemil.txt,data/evidence/whois/html/nemil.html,yes,no,no,medium,"query_name=Nemil | display_name=Nemil of the Maple Mountain | epithet_or_title=of the Maple Mountain | Last login 22 years, 8 months, and 29 days ago from *.com."
whois_neo_1780914000,char_neo,Neo,neo,Beginning to Believe... is a level forty-one Dwarven Weaponsmaster,Retired,data/evidence/whois/text/neo.txt,data/evidence/whois/html/neo.html,yes,no,no,medium,"query_name=Neo | display_name=Neo | Last login 22 years, 4 months, and 8 days ago from *.net."
whois_nerf_1780914005,char_nerf,Nerf,nerf,Cave Troll Brute,Retired,data/evidence/whois/text/nerf.txt,data/evidence/whois/html/nerf.html,yes,no,no,medium,query_name=Nerf | display_name=Nerf
whois_newmie_1780914022,char_newmie,Newmie,newmie,Beorning Bodyguard,Retired,data/evidence/whois/text/newmie.txt,data/evidence/whois/html/newmie.html,yes,no,no,medium,"query_name=Newmie | display_name=Newmie the Beach Patrol senior | epithet_or_title=the Beach Patrol senior | Last login 7 years, 7 months, and 23 days ago from *.se."
whois_néziel_1780914028,,Néziel,neziel,Tarkhnarb Murderess,,data/evidence/whois/text/neziel.txt,data/evidence/whois/html/neziel.html,yes,no,no,medium,query_name=Neziel | display_name=Néziel the Bitch | epithet_or_title=the Bitch
whois_nibble_1780914033,char_nibble,Nibble,nibble,Elf,Retired,data/evidence/whois/text/nibble.txt,data/evidence/whois/html/nibble.html,yes,no,no,medium,"query_name=Nibble | display_name=Nibble My Nipple | epithet_or_title=My Nipple | Last login 13 years, 6 months, and 30 days ago."
whois_nighthawk_1780914051,char_nighthawk,Nighthawk,nighthawk,Maia,Retired,data/evidence/whois/text/nighthawk.txt,data/evidence/whois/html/nighthawk.html,yes,no,no,medium,query_name=Nighthawk | display_name=Nighthawk | role=Cartographer
whois_nightwolf_1780914056,char_nightwolf,Nightwolf,nightwolf,Dwarf,Retired,data/evidence/whois/text/nightwolf.txt,data/evidence/whois/html/nightwolf.html,yes,no,no,medium,"query_name=Nightwolf | display_name=Nightwolf DrischMir, the BAD BOY | epithet_or_title=DrischMir, the BAD BOY | Last login 21 years, 3 months, and 23 days ago."
whois_nimîr_1780914068,,Nimîr,nimir,Silvan Priest,Retired,data/evidence/whois/text/nimir.txt,data/evidence/whois/html/nimir.html,yes,no,no,medium,query_name=Nimir | display_name=Nimîr | Last login 25 years and 6 months ago from *.com.
whois_nimroth_1780914079,char_nimroth,Nimroth,nimroth,Sindarin Hero,Retired,data/evidence/whois/text/nimroth.txt,data/evidence/whois/html/nimroth.html,yes,no,no,medium,"query_name=Nimroth | display_name=Nimroth of Mirkwood | epithet_or_title=of Mirkwood | Last login 1 year, 8 months, and 12 days ago."
whois_nithr_1780914084,char_nithr,Nithr,nithr,Elf,Retired,data/evidence/whois/text/nithr.txt,data/evidence/whois/html/nithr.html,yes,no,no,medium,"query_name=Nithr | display_name=Nithr Shadowleaf | epithet_or_title=Shadowleaf | Last login 1 year, 2 months, and 19 days ago."
whois_nogir_1780914090,char_nogir,Nogir,nogir,warrior. is a level fifty-six Orkish Champion,Retired,data/evidence/whois/text/nogir.txt,data/evidence/whois/html/nogir.html,yes,no,no,medium,query_name=Nogir | display_name=Nogir needs to realise he | epithet_or_title=needs to realise he
whois_nogon_1780914096,char_nogon,Nogon,nogon,Dúnadan Adventurer,Retired,data/evidence/whois/text/nogon.txt,data/evidence/whois/html/nogon.html,yes,no,no,medium,"query_name=Nogon | display_name=Nogon | Last login 17 years, 6 months, and 24 days ago from *.net."
whois_nomad_1780914101,char_nomad,Nomad,nomad,Tarkhnarb Necromancer,Retired,data/evidence/whois/text/nomad.txt,data/evidence/whois/html/nomad.html,yes,no,no,medium,"query_name=Nomad | display_name=Nomad The Evil One, death bringer from The... | epithet_or_title=The Evil One, death bringer from The..."
whois_nooka_1780914107,char_nooka,Nooka,nooka,Cave Troll Warrior,Retired,data/evidence/whois/text/nooka.txt,data/evidence/whois/html/nooka.html,yes,no,no,medium,query_name=Nooka | display_name=Nooka Nooka | epithet_or_title=Nooka
whois_norrland_1780914113,char_norrland,Norrland,norrland,Tarkhnarb Snaga,Retired,data/evidence/whois/text/norrland.txt,data/evidence/whois/html/norrland.html,yes,no,no,medium,query_name=Norrland | display_name=Norrland
whois_notorga_1780914124,char_notorga,Notorga,notorga,Orc,Retired,data/evidence/whois/text/notorga.txt,data/evidence/whois/html/notorga.html,yes,no,no,medium,query_name=Notorga | display_name=Notorga Redblaze | epithet_or_title=Redblaze
whois_nowyr_1780914130,char_nowyr,Nowyr,nowyr,Rohirric Mercenary,Retired,data/evidence/whois/text/nowyr.txt,data/evidence/whois/html/nowyr.html,yes,no,no,medium,"query_name=Nowyr | display_name=Nowyr of Calenardhon | epithet_or_title=of Calenardhon | Last login 14 years, 7 months, and 2 days ago from [numerical address]."
whois_nûri_1780914135,,Nûri,nuri,Dwarf,Retired,data/evidence/whois/text/nuri.txt,data/evidence/whois/html/nuri.html,yes,no,no,medium,"query_name=Nuri | display_name=Nûri | Last login 11 years, 9 months, and 19 days ago."
whois_nushènak_1780914141,,Nushènak,nushenak,Black Númenórean,Retired,data/evidence/whois/text/nushenak.txt,data/evidence/whois/html/nushenak.html,yes,no,no,medium,"query_name=Nushenak | display_name=Nushènak Nemétis, Dark ghost of Vengeance | epithet_or_title=Nemétis, Dark ghost of Vengeance"
whois_nuzo_1780914147,char_nuzo,Nuzo,nuzo,Black Númenórean Ranger,Retired,data/evidence/whois/text/nuzo.txt,data/evidence/whois/html/nuzo.html,yes,no,no,medium,query_name=Nuzo | display_name=Nuzo
whois_occult_1780914153,char_occult,Occult,occult,Half-elf,Retired,data/evidence/whois/text/occult.txt,data/evidence/whois/html/occult.html,yes,no,no,medium,query_name=Occult | display_name=Occult o Infra Uizugrubh | epithet_or_title=o Infra Uizugrubh | Last login 27 years and 2 months ago from *.EDU.
whois_oceanborn_1780914158,char_oceanborn,Oceanborn,oceanborn,Dúnadan Battlemistress,Retired,data/evidence/whois/text/oceanborn.txt,data/evidence/whois/html/oceanborn.html,yes,no,no,medium,"query_name=Oceanborn | display_name=Oceanborn Nightdark and Three Dwarves | epithet_or_title=Nightdark and Three Dwarves | Last login 22 years, 10 months, and 8 days ago from *.ee."
whois_ochrâ_1780914164,,Ochrâ,ochra,Orc,Retired,data/evidence/whois/text/ochra.txt,data/evidence/whois/html/ochra.html,yes,no,no,medium,query_name=Ochra | display_name=Ochrâ the Black Orchid | epithet_or_title=the Black Orchid
whois_odium_1780914181,char_odium,Odium,odium,Black Númenórean Wanderer,Retired,data/evidence/whois/text/odium.txt,data/evidence/whois/html/odium.html,yes,no,no,medium,query_name=Odium | display_name=Odium
whois_oggy_1780914186,char_oggy,Oggy,oggy,Elf,Retired,data/evidence/whois/text/oggy.txt,data/evidence/whois/html/oggy.html,yes,no,no,medium,"query_name=Oggy | display_name=Oggy oh Oggy | epithet_or_title=oh Oggy | Last login 16 years, 6 months, and 7 days ago."
whois_oguga_1780914193,char_oguga,Oguga,oguga,Dwarf,Retired,data/evidence/whois/text/oguga.txt,data/evidence/whois/html/oguga.html,yes,no,no,medium,"query_name=Oguga | display_name=Oguga Ember-Beard, Seeker of Lost Hearths | epithet_or_title=Ember-Beard, Seeker of Lost Hearths | Last login 2 months and 28 days ago."
whois_ogyf_1780914198,char_ogyf,Ogyf,ogyf,Rohirric Rider,Retired,data/evidence/whois/text/ogyf.txt,data/evidence/whois/html/ogyf.html,yes,no,no,medium,"query_name=Ogyf | display_name=Ogyf Methestel, Captain of the Wing of Wold | epithet_or_title=Methestel, Captain of the Wing of Wold | Last login 23 years, 6 months, and 18 days ago from *.dk."
whois_ohthepain_1780914204,char_ohthepain,OhThePain,ohthepain,Black Númenórean,Retired,data/evidence/whois/text/ohthepain.txt,data/evidence/whois/html/ohthepain.html,yes,no,no,medium,query_name=OhThePain | display_name=OhThePain of it all!! | epithet_or_title=of it all!!
whois_oiri_1780914210,char_oiri,Oiri,oiri,Noldorin Hero,Retired,data/evidence/whois/text/oiri.txt,data/evidence/whois/html/oiri.html,yes,no,no,medium,"query_name=Oiri | display_name=Oiri (Glowing) | epithet_or_title=(Glowing) | Last login 18 years, 11 months, and 2 days ago from *.net."
whois_olmer_1780914221,char_olmer,Olmer,olmer,Black Númenórean,Retired,data/evidence/whois/text/olmer.txt,data/evidence/whois/html/olmer.html,yes,no,no,medium,query_name=Olmer | display_name=Olmer from Dale | epithet_or_title=from Dale
whois_olórion_1780914226,,Olórion,olorion,Sindarin Master Healer,Retired,data/evidence/whois/text/olorion.txt,data/evidence/whois/html/olorion.html,yes,no,no,medium,"query_name=Olorion | display_name=Olórion Orginal, Nostach be Orch Gaer | epithet_or_title=Orginal, Nostach be Orch Gaer | Last login 7 years, 7 months, and 19 days ago from *.eu."
whois_omega_1780914238,char_omega,Omega,omega,Maia,,data/evidence/whois/text/omega.txt,data/evidence/whois/html/omega.html,yes,no,no,medium,query_name=Omega | display_name=Omega W A Z U P | epithet_or_title=W A Z U P | role=Cartographer
whois_omen_1780914243,char_omen,Omen,omen,Maia,,data/evidence/whois/text/omen.txt,data/evidence/whois/html/omen.html,yes,no,no,medium,query_name=Omen | display_name=Omen of Changes | epithet_or_title=of Changes
whois_onatah_1780914249,char_onatah,Onatah,onatah,Hill Troll Fighter,Retired,data/evidence/whois/text/onatah.txt,data/evidence/whois/html/onatah.html,yes,no,no,medium,query_name=Onatah | display_name=Onatah the Witch of the Hill | epithet_or_title=the Witch of the Hill
whois_onyx_1780914255,char_onyx,Onyx,onyx,Rohirric Heroine,Retired,data/evidence/whois/text/onyx.txt,data/evidence/whois/html/onyx.html,yes,no,no,medium,"query_name=Onyx | display_name=Onyx Dragon, Ancient Cavalier of Calenardhon | epithet_or_title=Dragon, Ancient Cavalier of Calenardhon | Last login 18 years, 2 months, and 2 days ago from *.fi."
whois_orcbash_1780914260,char_orcbash,Orcbash,orcbash,Tarkhnarb Warg-rider,Retired,data/evidence/whois/text/orcbash.txt,data/evidence/whois/html/orcbash.html,yes,no,no,medium,query_name=Orcbash | display_name=Orcbash
whois_orcobal_1780914266,char_orcobal,Orcobal,orcobal,Tarkhnarb Veteran,Retired,data/evidence/whois/text/orcobal.txt,data/evidence/whois/html/orcobal.html,yes,no,no,medium,"query_name=Orcobal | display_name=Orcobal Rask, Veteran of Isengaard | epithet_or_title=Rask, Veteran of Isengaard"
whois_orikas_1780914283,char_orikas,Orikas,orikas,Half-Elf,Retired,data/evidence/whois/text/orikas.txt,data/evidence/whois/html/orikas.html,yes,no,no,medium,"query_name=Orikas | display_name=Orikas, the Unforgiven Arch-Angel | epithet_or_title=, the Unforgiven Arch-Angel | Last login 6 years and 28 days ago from *.net."
whois_orodreth_1780914288,char_orodreth,Orodreth,orodreth,Elf,Retired,data/evidence/whois/text/orodreth.txt,data/evidence/whois/html/orodreth.html,yes,no,no,medium,"query_name=Orodreth | display_name=Orodreth of Tol Sírion | epithet_or_title=of Tol Sírion | Last login 13 years, 11 months, and 16 days ago."
whois_oscarmeyer_1780914294,char_oscarmeyer,Oscarmeyer,oscarmeyer,Black Númenórean Murderer,Retired,data/evidence/whois/text/oscarmeyer.txt,data/evidence/whois/html/oscarmeyer.html,yes,no,no,medium,query_name=Oscarmeyer | display_name=Oscarmeyer the Evasion Expert of Black Shadow Clan | epithet_or_title=the Evasion Expert of Black Shadow Clan
whois_osilin_1780914300,char_osilin,Osilin,osilin,Black Númenórean Envoy,Retired,data/evidence/whois/text/osilin.txt,data/evidence/whois/html/osilin.html,yes,no,no,medium,query_name=Osilin | display_name=Osilin Osilian | epithet_or_title=Osilian
whois_ôstu_1780914311,,Ôstu,ostu,Elf,Retired,data/evidence/whois/text/ostu.txt,data/evidence/whois/html/ostu.html,yes,no,no,medium,"query_name=Ostu | display_name=Ôstu | Last login 18 years, 10 months, and 8 days ago."
whois_ozon_1780914328,char_ozon,Ozon,ozon,Black Númenórean Envoy,Retired,data/evidence/whois/text/ozon.txt,data/evidence/whois/html/ozon.html,yes,no,no,medium,query_name=Ozon | display_name=Ozon wole? | epithet_or_title=wole?
whois_pagan_1780914340,char_pagan,Pagan,pagan,Man,Retired,data/evidence/whois/text/pagan.txt,data/evidence/whois/html/pagan.html,yes,no,no,medium,query_name=Pagan | display_name=Pagan the child of the storm | epithet_or_title=the child of the storm | Last login 24 years and 5 days ago.
whois_paka_1780914351,char_paka,Paka,paka,Dwarven Battlemaster,Retired,data/evidence/whois/text/paka.txt,data/evidence/whois/html/paka.html,yes,no,no,medium,"query_name=Paka | display_name=Paka | Last login 23 years, 4 months, and 13 days ago from *.ee."
whois_pandion_1780914357,char_pandion,Pandion,pandion,Man,Retired,data/evidence/whois/text/pandion.txt,data/evidence/whois/html/pandion.html,yes,no,no,medium,"query_name=Pandion | display_name=Pandion the last Captain of ancient Calenardhon | epithet_or_title=the last Captain of ancient Calenardhon | Last login 12 years, 10 months, and 10 days ago."
whois_pasta_1780914368,char_pasta,Pasta,pasta,Orc,Retired,data/evidence/whois/text/pasta.txt,data/evidence/whois/html/pasta.html,yes,no,no,medium,query_name=Pasta | display_name=Pasta
whois_patty_1780914374,char_patty,Patty,patty,Hill Troll Wrecker,Retired,data/evidence/whois/text/patty.txt,data/evidence/whois/html/patty.html,yes,no,no,medium,query_name=Patty | display_name=Patty Whack | epithet_or_title=Whack
whois_pepa_1780914379,char_pepa,Pepa,pepa,Orkish Champion,Retired,data/evidence/whois/text/pepa.txt,data/evidence/whois/html/pepa.html,yes,no,no,medium,query_name=Pepa | display_name=Pepa z depa | epithet_or_title=z depa
whois_perago_1780914385,char_perago,Perago,perago,Hobbit,Retired,data/evidence/whois/text/perago.txt,data/evidence/whois/html/perago.html,yes,no,no,medium,"query_name=Perago | display_name=Perago RumbleFoot | epithet_or_title=RumbleFoot | Last login 20 years, 8 months, and 24 days ago."
whois_perl_1780914391,char_perl,Perl,perl,Dwarf,Retired,data/evidence/whois/text/perl.txt,data/evidence/whois/html/perl.html,yes,no,no,medium,"query_name=Perl | display_name=Perl | Last login 9 years, 8 months, and 15 days ago."
whois_pestilence_1780914402,char_pestilence,Pestilence,pestilence,Tarkhnarb Snaga,Retired,data/evidence/whois/text/pestilence.txt,data/evidence/whois/html/pestilence.html,yes,no,no,medium,query_name=Pestilence | display_name=Pestilence
whois_pheare_1780914414,char_pheare,Pheare,pheare,Black Númenórean,Retired,data/evidence/whois/text/pheare.txt,data/evidence/whois/html/pheare.html,yes,no,no,medium,"query_name=Pheare | display_name=Pheare the Unclean,lord of the Black Druids | epithet_or_title=the Unclean,lord of the Black Druids"
whois_photon_1780914419,char_photon,Photon,photon,Orc,Retired,data/evidence/whois/text/photon.txt,data/evidence/whois/html/photon.html,yes,no,no,medium,query_name=Photon | display_name=Photon the Corpse | epithet_or_title=the Corpse
whois_piastr_1780914425,char_piastr,Piastr,piastr,Orc,Retired,data/evidence/whois/text/piastr.txt,data/evidence/whois/html/piastr.html,yes,no,no,medium,query_name=Piastr | display_name=Piastr the Master Beerkeeper of Damage Inc | epithet_or_title=the Master Beerkeeper of Damage Inc
whois_pickle_1780914431,char_pickle,Pickle,pickle,Orc,Retired,data/evidence/whois/text/pickle.txt,data/evidence/whois/html/pickle.html,yes,no,no,medium,query_name=Pickle | display_name=Pickle
whois_pilsner_1780914437,char_pilsner,Pilsner,pilsner,Maia,,data/evidence/whois/text/pilsner.txt,data/evidence/whois/html/pilsner.html,yes,no,no,medium,"query_name=Pilsner | display_name=Pilsner Gurqwell, the God of Hammerhead Clan | epithet_or_title=Gurqwell, the God of Hammerhead Clan"
whois_pinion_1780914449,char_pinion,Pinion,pinion,Black Númenórean,Retired,data/evidence/whois/text/pinion.txt,data/evidence/whois/html/pinion.html,yes,no,no,medium,query_name=Pinion | display_name=Pinion the Mad Marionette | epithet_or_title=the Mad Marionette
whois_piow_1780914454,char_piow,Piow,piow,Orkish Champion,Retired,data/evidence/whois/text/piow.txt,data/evidence/whois/html/piow.html,yes,no,no,medium,query_name=Piow | display_name=Piow the Orkish Soldier | epithet_or_title=the Orkish Soldier
whois_plch_1780914472,char_plch,Plch,plch,Sindarin Scholar,Retired,data/evidence/whois/text/plch.txt,data/evidence/whois/html/plch.html,yes,no,no,medium,"query_name=Plch | display_name=Plch Prch the Orcish Spy | epithet_or_title=Prch the Orcish Spy | Last login 16 years, 6 months, and 7 days ago from *.cz."
whois_plohish_1780914477,char_plohish,Plohish,plohish,Hobbit,Retired,data/evidence/whois/text/plohish.txt,data/evidence/whois/html/plohish.html,yes,no,no,medium,"query_name=Plohish | display_name=Plohish the nasty wabbit | epithet_or_title=the nasty wabbit | Last login 20 years, 10 months, and 26 days ago."
whois_polydeukes_1780914483,char_polydeukes,Polydeukes,polydeukes,Black Númenórean,Retired,data/evidence/whois/text/polydeukes.txt,data/evidence/whois/html/polydeukes.html,yes,no,no,medium,query_name=Polydeukes | display_name=Polydeukes The Chieftain of Minas Morgul | epithet_or_title=The Chieftain of Minas Morgul
whois_pomfrit_1780914489,char_pomfrit,Pomfrit,pomfrit,Fallohide Patriarch,Retired,data/evidence/whois/text/pomfrit.txt,data/evidence/whois/html/pomfrit.html,yes,no,no,medium,"query_name=Pomfrit | display_name=Pomfrit Potatohead, Arch Priest of the Shire | epithet_or_title=Potatohead, Arch Priest of the Shire | Last login 21 years, 9 months, and 11 days ago from [numerical address]."
whois_popeye_1780914506,char_popeye,Popeye,popeye,Fallohide Hunter,Retired,data/evidence/whois/text/popeye.txt,data/evidence/whois/html/popeye.html,yes,no,no,medium,"query_name=Popeye | display_name=Popeye Punk, A Pitch Slinger | epithet_or_title=Punk, A Pitch Slinger | Last login 10 years, 2 months, and 1 day ago from *.ee."
whois_poppis_1780914512,char_poppis,Poppis,poppis,Half-Elf,Retired,data/evidence/whois/text/poppis.txt,data/evidence/whois/html/poppis.html,yes,no,no,medium,"query_name=Poppis | display_name=Poppis the Punisher, Rogue of the White Tower | epithet_or_title=the Punisher, Rogue of the White Tower | Last login 9 years, 3 months, and 4 days ago."
whois_posh_1780914835,char_posh,Posh,posh,Orc,Retired,data/evidence/whois/text/posh.txt,data/evidence/whois/html/posh.html,yes,no,no,medium,query_name=Posh | display_name=Posh Spice. Fear my wrath (and singing) | epithet_or_title=Spice. Fear my wrath (and singing)
whois_praiodan_1780914846,char_praiodan,Praiodan,praiodan,Half-Elf,Retired,data/evidence/whois/text/praiodan.txt,data/evidence/whois/html/praiodan.html,yes,no,no,medium,"query_name=Praiodan | display_name=Praiodan | Last login 5 years, 4 months, and 13 days ago."
whois_prcek_1780914852,char_prcek,Prcek,prcek,Dwarven Hero,Retired,data/evidence/whois/text/prcek.txt,data/evidence/whois/html/prcek.html,yes,no,no,medium,"query_name=Prcek | display_name=Prcek the Dwarven Fighter | epithet_or_title=the Dwarven Fighter | Last login 10 years, 11 months, and 16 days ago from *.cz."
whois_pretty_1780914858,char_pretty,Pretty,pretty,Troll,Retired,data/evidence/whois/text/pretty.txt,data/evidence/whois/html/pretty.html,yes,no,no,medium,query_name=Pretty | display_name=Pretty boy the toy of Sauron | epithet_or_title=boy the toy of Sauron
whois_prey_1780914863,char_prey,Prey,prey,Tarkhnarb Champion,Retired,data/evidence/whois/text/prey.txt,data/evidence/whois/html/prey.html,yes,no,no,medium,"query_name=Prey | display_name=Prey of Evil, Servant of Sauron | epithet_or_title=of Evil, Servant of Sauron"
whois_prima_1780914869,char_prima,Prima,prima,Troll,Retired,data/evidence/whois/text/prima.txt,data/evidence/whois/html/prima.html,yes,no,no,medium,query_name=Prima | display_name=Prima
whois_prist_1780914875,char_prist,Prist,prist,Black Númenórean Warlock,Retired,data/evidence/whois/text/prist.txt,data/evidence/whois/html/prist.html,yes,no,no,medium,query_name=Prist | display_name=Prist ... For the Glory of Númenór! | epithet_or_title=... For the Glory of Númenór!
whois_prosit_1780914880,char_prosit,Prosit,prosit,Dwarven Warden,Retired,data/evidence/whois/text/prosit.txt,data/evidence/whois/html/prosit.html,yes,no,no,medium,"query_name=Prosit | display_name=Prosit Sigin, One of the Otso [NSL] | epithet_or_title=Sigin, One of the Otso [NSL] | Last login 17 years, 9 months, and 12 days ago from [numerical address]."
whois_psycho_1780914886,char_psycho,Psycho,psycho,Black Númenórean Burglar,Retired,data/evidence/whois/text/psycho.txt,data/evidence/whois/html/psycho.html,yes,no,no,medium,query_name=Psycho | display_name=Psycho the Black Númenórean Ass as sin | epithet_or_title=the Black Númenórean Ass as sin
whois_pumuckl_1780914897,char_pumuckl,Pumuckl,pumuckl,Silvan Battlemaster,Retired,data/evidence/whois/text/pumuckl.txt,data/evidence/whois/html/pumuckl.html,yes,no,no,medium,"query_name=Pumuckl | display_name=Pumuckl of Master EDER, King of all Kobolds | epithet_or_title=of Master EDER, King of all Kobolds | Last login 18 years, 2 months, and 13 days ago from *.at."
whois_quillis_1780914920,char_quillis,Quillis,quillis,new dad now! is a Maia,Retired,data/evidence/whois/text/quillis.txt,data/evidence/whois/html/quillis.html,yes,no,no,medium,query_name=Quillis | display_name=Quillis | role=Shaper
whois_quin_1780914925,char_quin,Quin,quin,Harfoot Veteran,Retired,data/evidence/whois/text/quin.txt,data/evidence/whois/html/quin.html,yes,no,no,medium,"query_name=Quin | display_name=Quin the Eskimo | epithet_or_title=the Eskimo | Last login 23 years, 6 months, and 17 days ago from [numerical address]."
whois_qul_1780914931,char_qul,Qul,qul,Hobbit,Retired,data/evidence/whois/text/qul.txt,data/evidence/whois/html/qul.html,yes,no,no,medium,"query_name=Qul | display_name=Qul de Sac | epithet_or_title=de Sac | Last login 9 years, 8 months, and 2 days ago."
whois_qwestus_1780914937,char_qwestus,Qwestus,qwestus,Orc,Retired,data/evidence/whois/text/qwestus.txt,data/evidence/whois/html/qwestus.html,yes,no,no,medium,"query_name=Qwestus | display_name=Qwestus the Outcast from Goblin Town | epithet_or_title=the Outcast from Goblin Town | Last login 4 years, 5 months and 18 days ago"
whois_rackhir_1780914954,char_rackhir,Rackhir,rackhir,Dúnadan Patriarch,Retired,data/evidence/whois/text/rackhir.txt,data/evidence/whois/html/rackhir.html,yes,no,no,medium,query_name=Rackhir | display_name=Rackhir Ragnarök the Dúnadan Sage | epithet_or_title=Ragnarök the Dúnadan Sage | Last login 3 months and 9 days ago from *.se.
whois_radbug_1780914959,char_radbug,Radbug,radbug,Tarkhnarb Shaman,Retired,data/evidence/whois/text/radbug.txt,data/evidence/whois/html/radbug.html,yes,no,no,medium,"query_name=Radbug | display_name=Radbug Spitbolt, Shaman of the Blogrum-Hai | epithet_or_title=Spitbolt, Shaman of the Blogrum-Hai"
whois_radegast_1780914965,char_radegast,Radegast,radegast,Dwarf,Retired,data/evidence/whois/text/radegast.txt,data/evidence/whois/html/radegast.html,yes,no,no,medium,"query_name=Radegast | display_name=Radegast | Last login 14 years, 7 months, and 6 days ago."
whois_rael_1780914971,char_rael,Rael,rael,Hobbit,,data/evidence/whois/text/rael.txt,data/evidence/whois/html/rael.html,yes,no,no,medium,query_name=Rael | display_name=Rael the Midnight Rambler | epithet_or_title=the Midnight Rambler | Last login less than one hour ago from [numerical address].
whois_rafa_1780914976,char_rafa,Rafa,rafa,Hobbit,Retired,data/evidence/whois/text/rafa.txt,data/evidence/whois/html/rafa.html,yes,no,no,medium,"query_name=Rafa | display_name=Rafa of Hardbottle | epithet_or_title=of Hardbottle | Last login 18 years, 6 months, and 28 days ago."
whois_rage_1780914982,char_rage,Rage,rage,Tarkhnarb Necromancer,Retired,data/evidence/whois/text/rage.txt,data/evidence/whois/html/rage.html,yes,no,no,medium,query_name=Rage | display_name=Rage
whois_ragface_1780914988,char_ragface,Ragface,ragface,Black Númenórean,Retired,data/evidence/whois/text/ragface.txt,data/evidence/whois/html/ragface.html,yes,no,no,medium,query_name=Ragface | display_name=Ragface Twinkletoes | epithet_or_title=Twinkletoes
whois_rahz_1780914999,char_rahz,Rahz,rahz,Mountain Troll Warrior,Retired,data/evidence/whois/text/rahz.txt,data/evidence/whois/html/rahz.html,yes,no,no,medium,query_name=Rahz | display_name=Rahz the Olog Huiznami | epithet_or_title=the Olog Huiznami
whois_raichu_1780915005,char_raichu,Raichu,raichu,Mountain Troll Brute,,data/evidence/whois/text/raichu.txt,data/evidence/whois/html/raichu.html,yes,no,no,medium,query_name=Raichu | display_name=Raichu
whois_râin_1780915011,,Râin,rain,Half-elven Hero,Retired,data/evidence/whois/text/rain.txt,data/evidence/whois/html/rain.html,yes,no,no,medium,query_name=Rain | display_name=Râin
whois_ramangth_1780915022,char_ramangth,Ramangth,ramangth,Black Númenórean Wanderer,Retired,data/evidence/whois/text/ramangth.txt,data/evidence/whois/html/ramangth.html,yes,no,no,medium,query_name=Ramangth | display_name=Ramangth the Death Renderer | epithet_or_title=the Death Renderer
whois_ramiris_1780915027,char_ramiris,Ramiris,ramiris,Elf,Retired,data/evidence/whois/text/ramiris.txt,data/evidence/whois/html/ramiris.html,yes,no,no,medium,query_name=Ramiris | display_name=Ramiris - Shadow of the Highlands | epithet_or_title=- Shadow of the Highlands | Last login 7 months and 5 days ago.
whois_ramtir_1780915033,char_ramtir,Ramtir,ramtir,Tarkhnarb Warg-rider,Retired,data/evidence/whois/text/ramtir.txt,data/evidence/whois/html/ramtir.html,yes,no,no,medium,query_name=Ramtir | display_name=Ramtir the rapscallion | epithet_or_title=the rapscallion
whois_ranax_1780915039,char_ranax,Ranax,ranax,Orc,Retired,data/evidence/whois/text/ranax.txt,data/evidence/whois/html/ranax.html,yes,no,no,medium,query_name=Ranax | display_name=Ranax the Warmachine | epithet_or_title=the Warmachine
whois_rancid_1780915044,char_rancid,Rancid,rancid,Orc,,data/evidence/whois/text/rancid.txt,data/evidence/whois/html/rancid.html,yes,no,no,medium,query_name=Rancid | display_name=Rancid - Black Beast of the Misty Mountains - | epithet_or_title=- Black Beast of the Misty Mountains -
whois_rancör_1780915050,,Rancör,rancor,Mountain Troll Fighter,Retired,data/evidence/whois/text/rancor.txt,data/evidence/whois/html/rancor.html,yes,no,no,medium,query_name=Rancor | display_name=Rancör
whois_ranhith_1780915056,char_ranhith,Ranhith,ranhith,Silvan Hunter,Retired,data/evidence/whois/text/ranhith.txt,data/evidence/whois/html/ranhith.html,yes,no,no,medium,"query_name=Ranhith | display_name=Ranhith | Last login 14 years, 3 months, and 6 days ago from *.dk."
whois_ranna_1780915067,char_ranna,Ranna,ranna,Orc,Retired,data/evidence/whois/text/ranna.txt,data/evidence/whois/html/ranna.html,yes,no,no,medium,"query_name=Ranna | display_name=Ranna doesn't like harming bashers, but | epithet_or_title=doesn't like harming bashers, but"
whois_rashnak_1780915073,char_rashnak,Rashnak,rashnak,Maia,Retired,data/evidence/whois/text/rashnak.txt,data/evidence/whois/html/rashnak.html,yes,no,no,medium,query_name=Rashnak | display_name=Rashnak Risuparta | epithet_or_title=Risuparta | role=Shaper
whois_rasputin_1780915078,char_rasputin,Rasputin,rasputin,Elf,Retired,data/evidence/whois/text/rasputin.txt,data/evidence/whois/html/rasputin.html,yes,no,no,medium,"query_name=Rasputin | display_name=Rasputin The charismatic, Elrond's dog | epithet_or_title=The charismatic, Elrond's dog | Last login 8 months and 23 days ago."
whois_rasta_1780915084,char_rasta,Rasta,rasta,Orc,,data/evidence/whois/text/rasta.txt,data/evidence/whois/html/rasta.html,yes,no,no,medium,query_name=Rasta | display_name=Rasta Fari | epithet_or_title=Fari
whois_rästik_1780915089,,Rästik,rastik,Silvan Scout,Retired,data/evidence/whois/text/rastik.txt,data/evidence/whois/html/rastik.html,yes,no,no,medium,"query_name=Rastik | display_name=Rästik the Albino Viper from Depths of Moria | epithet_or_title=the Albino Viper from Depths of Moria | Last login 22 years, 10 months, and 8 days ago from *.ee."
whois_raudo_1780915101,char_raudo,Raudo,raudo,Elf,,data/evidence/whois/text/raudo.txt,data/evidence/whois/html/raudo.html,yes,no,no,medium,query_name=Raudo | display_name=Raudo Explodes | epithet_or_title=Explodes | Last login 10 days and 20 hours ago from [numerical address].
whois_rauko_1780915106,char_rauko,Rauko,rauko,Tarkhnarb Battlemaster,Retired,data/evidence/whois/text/rauko.txt,data/evidence/whois/html/rauko.html,yes,no,no,medium,query_name=Rauko | display_name=Rauko the GateKeeper of GoblinTown | epithet_or_title=the GateKeeper of GoblinTown
whois_raun_1780915112,char_raun,Raun,raun,Orc,Retired,data/evidence/whois/text/raun.txt,data/evidence/whois/html/raun.html,yes,no,no,medium,query_name=Raun | display_name=Raun the Dreamcatcher | epithet_or_title=the Dreamcatcher
whois_ravendark_1780915118,char_ravendark,Ravendark,ravendark,Black Númenórean Mercenary,Retired,data/evidence/whois/text/ravendark.txt,data/evidence/whois/html/ravendark.html,yes,no,no,medium,query_name=Ravendark | display_name=Ravendark Demonblade | epithet_or_title=Demonblade
whois_ray_1780915123,char_ray,Ray,ray,Troll,Retired,data/evidence/whois/text/ray.txt,data/evidence/whois/html/ray.html,yes,no,no,medium,query_name=Ray | display_name=Ray
whois_rayden_1780915129,char_rayden,Rayden,rayden,Maia,,data/evidence/whois/text/rayden.txt,data/evidence/whois/html/rayden.html,yes,no,no,medium,query_name=Rayden | display_name=Rayden the Master of All Tpyoes | epithet_or_title=the Master of All Tpyoes
whois_razamazar_1780915135,char_razamazar,Razamazar,razamazar,Mountain Troll Fighter,Retired,data/evidence/whois/text/razamazar.txt,data/evidence/whois/html/razamazar.html,yes,no,no,medium,query_name=Razamazar | display_name=Razamazar razamazaR | epithet_or_title=razamazaR
whois_raze_1780915140,char_raze,Raze,raze,Orc,Retired,data/evidence/whois/text/raze.txt,data/evidence/whois/html/raze.html,yes,no,no,medium,query_name=Raze | display_name=Raze the Orc | epithet_or_title=the Orc
whois_razoor_1780915146,char_razoor,Razoor,razoor,Troll,Retired,data/evidence/whois/text/razoor.txt,data/evidence/whois/html/razoor.html,yes,no,no,medium,query_name=Razoor | display_name=Razoor - A Walking Christmastree | epithet_or_title=- A Walking Christmastree
whois_reaper_1780915151,char_reaper,Reaper,reaper,Silvan Heroine,Retired,data/evidence/whois/text/reaper.txt,data/evidence/whois/html/reaper.html,yes,no,no,medium,"query_name=Reaper | display_name=Reaper Moonlight, Mystique Of Athel-Loren | epithet_or_title=Moonlight, Mystique Of Athel-Loren | Last login 21 years, 2 months, and 21 days ago from *.fi."
whois_reef_1780915164,char_reef,Reef,reef,Mountain Troll Warrior,Retired,data/evidence/whois/text/reef.txt,data/evidence/whois/html/reef.html,yes,no,no,medium,"query_name=Reef | display_name=Reef Surfer, the Grommet | epithet_or_title=Surfer, the Grommet"
whois_regin_1780915172,char_regin,Regin,regin,Dwarf,Retired,data/evidence/whois/text/regin.txt,data/evidence/whois/html/regin.html,yes,no,no,medium,"query_name=Regin | display_name=Regin Regens and rocks your socksoff! | epithet_or_title=Regens and rocks your socksoff! | Last login 7 years, 9 months, and 21 days ago."
whois_reijki_1780915180,char_reijki,Reijki,reijki,Noldorin Warden,Retired,data/evidence/whois/text/reijki.txt,data/evidence/whois/html/reijki.html,yes,no,no,medium,"query_name=Reijki | display_name=Reijki | Last login 22 years, 1 month, and 8 days ago from [numerical address]."
whois_rend_1780915197,char_rend,Rend,rend,Tarkhnarb Champion,Retired,data/evidence/whois/text/rend.txt,data/evidence/whois/html/rend.html,yes,no,no,medium,query_name=Rend | display_name=Rend the Uruk-hai | epithet_or_title=the Uruk-hai
whois_réndra_1780915203,,Réndra,rendra,Silvan Matriarch,,data/evidence/whois/text/rendra.txt,data/evidence/whois/html/rendra.html,yes,no,no,medium,query_name=Rendra | display_name=Réndra | Last login 13 days and 18 hours ago from *.se.
whois_reno_1780915208,char_reno,Reno,reno,Hobbit,Retired,data/evidence/whois/text/reno.txt,data/evidence/whois/html/reno.html,yes,no,no,medium,"query_name=Reno | display_name=Reno the Turk | epithet_or_title=the Turk | Last login 13 years, 4 months, and 5 days ago."
whois_rentera_1780915214,char_rentera,Rentera,rentera,Elf,Retired,data/evidence/whois/text/rentera.txt,data/evidence/whois/html/rentera.html,yes,no,no,medium,query_name=Rentera | display_name=Rentera the Wanderer | epithet_or_title=the Wanderer
whois_revenan_1780915220,char_revenan,Revenan,revenan,Elf,Retired,data/evidence/whois/text/revenan.txt,data/evidence/whois/html/revenan.html,yes,no,no,medium,"query_name=Revenan | display_name=Revenan R. Raggamuffin the 3rd | epithet_or_title=R. Raggamuffin the 3rd | Last login 12 years, 10 months, and 1 day ago."
whois_rhand_1780915225,char_rhand,Rhand,rhand,Dúnadan Ranger,Retired,data/evidence/whois/text/rhand.txt,data/evidence/whois/html/rhand.html,yes,no,no,medium,"query_name=Rhand | display_name=Rhand Al'Thor, the Dragon Reborn | epithet_or_title=Al'Thor, the Dragon Reborn | Last login 19 years, 1 month, and 4 days ago from *.nl."
whois_rhobe_1780915231,char_rhobe,Rhobe,rhobe,Orc,Retired,data/evidence/whois/text/rhobe.txt,data/evidence/whois/html/rhobe.html,yes,no,no,medium,query_name=Rhobe | display_name=Rhobe Manslayer | epithet_or_title=Manslayer
whois_rhodry_1780915237,char_rhodry,Rhodry,rhodry,Half-elven Master Healer,,data/evidence/whois/text/rhodry.txt,data/evidence/whois/html/rhodry.html,yes,no,no,medium,query_name=Rhodry | display_name=Rhodry EPC | epithet_or_title=EPC | Last login 10 days and 12 hours ago from [numerical address].
whois_rhômbuc_1780915242,,Rhômbuc,rhombuc,Orc,Retired,data/evidence/whois/text/rhombuc.txt,data/evidence/whois/html/rhombuc.html,yes,no,no,medium,query_name=Rhombuc | display_name=Rhômbuc the Guardian of Zirak-zigil | epithet_or_title=the Guardian of Zirak-zigil
whois_rhuarc_1780915248,char_rhuarc,Rhuarc,rhuarc,Dwarven Warrior,Retired,data/evidence/whois/text/rhuarc.txt,data/evidence/whois/html/rhuarc.html,yes,no,no,medium,"query_name=Rhuarc | display_name=Rhuarc | Last login 19 years, 7 months, and 8 days ago from *.be."
whois_rhuka_1780915254,char_rhuka,Rhuka,rhuka,Orc,Retired,data/evidence/whois/text/rhuka.txt,data/evidence/whois/html/rhuka.html,yes,no,no,medium,"query_name=Rhuka | display_name=Rhuka H2O, hard as water | epithet_or_title=H2O, hard as water"
whois_ric_1780915260,char_ric,Ric,ric,Silvan Ranger,Retired,data/evidence/whois/text/ric.txt,data/evidence/whois/html/ric.html,yes,no,no,medium,"query_name=Ric | display_name=Ric WHOOOOOO Flair, can go all night long | epithet_or_title=WHOOOOOO Flair, can go all night long | Last login 24 years, 3 months, and 3 days ago from *.ca."
whois_riekor_1780915265,char_riekor,Riekor,riekor,Black Númenórean,Retired,data/evidence/whois/text/riekor.txt,data/evidence/whois/html/riekor.html,yes,no,no,medium,query_name=Riekor | display_name=Riekor
whois_rio_1780915277,char_rio,Rio,rio,Elf,Retired,data/evidence/whois/text/rio.txt,data/evidence/whois/html/rio.html,yes,no,no,medium,query_name=Rio | display_name=Rio the Black | epithet_or_title=the Black | Last login 27 years and 5 days ago.
whois_riordan_1780915283,char_riordan,Riordan,riordan,Elf,Retired,data/evidence/whois/text/riordan.txt,data/evidence/whois/html/riordan.html,yes,no,no,medium,"query_name=Riordan | display_name=Riordan Parnell | epithet_or_title=Parnell | Last login 22 years, 7 months, and 1 day ago."
whois_rippin_1780915288,char_rippin,Rippin,rippin,Fallohide Bodyguard,Retired,data/evidence/whois/text/rippin.txt,data/evidence/whois/html/rippin.html,yes,no,no,medium,"query_name=Rippin | display_name=Rippin Hood, Second Lieutenant of the SST | epithet_or_title=Hood, Second Lieutenant of the SST | Last login 23 years, 11 months, and 27 days ago from *.nl."
whois_rìsca_1780915294,,Rìsca,risca,Dúnadan Hero,Retired,data/evidence/whois/text/risca.txt,data/evidence/whois/html/risca.html,yes,no,no,medium,"query_name=Risca | display_name=Rìsca Evenlock, the Wandering Jester | epithet_or_title=Evenlock, the Wandering Jester | Last login 5 years, 10 months, and 23 days ago from *.com."
whois_risp_1780915300,char_risp,Risp,risp,Half-elven Wizard,Retired,data/evidence/whois/text/risp.txt,data/evidence/whois/html/risp.html,yes,no,no,medium,"query_name=Risp | display_name=Risp the Shadow of Rivendell | epithet_or_title=the Shadow of Rivendell | Last login 9 years, 8 months, and 20 days ago from *.fi."
whois_rivet_1780915305,char_rivet,Rivet,rivet,Tarkhnarb Murderer,Retired,data/evidence/whois/text/rivet.txt,data/evidence/whois/html/rivet.html,yes,no,no,medium,query_name=Rivet | display_name=Rivet the Transfixer | epithet_or_title=the Transfixer
whois_rodothlim_1780915328,char_rodothlim,Rodothlim,rodothlim,Half-Elf,,data/evidence/whois/text/rodothlim.txt,data/evidence/whois/html/rodothlim.html,yes,no,no,medium,"query_name=Rodothlim | display_name=Rodothlim | Last login 19 years, 2 months, and 27 days ago."
whois_rogon_1780915334,char_rogon,Rogon,rogon,"Vala, one of the Aratar",,data/evidence/whois/text/rogon.txt,data/evidence/whois/html/rogon.html,yes,no,no,medium,query_name=Rogon | display_name=Rogon Rogoff | epithet_or_title=Rogoff
whois_röhic_1780915340,,Röhic,rohic,Maia,,data/evidence/whois/text/rohic.txt,data/evidence/whois/html/rohic.html,yes,no,no,medium,query_name=Rohic | display_name=Röhic
whois_röhick_1780915345,,Röhick,rohick,Hobbit,Retired,data/evidence/whois/text/rohick.txt,data/evidence/whois/html/rohick.html,yes,no,no,medium,"query_name=Rohick | display_name=Röhick | Last login 12 years, 2 months, and 2 days ago."
whois_röhik_1780915351,,Röhik,rohik,Hobbit,Retired,data/evidence/whois/text/rohik.txt,data/evidence/whois/html/rohik.html,yes,no,no,medium,"query_name=Rohik | display_name=Röhik | Last login 8 years, 6 months, and 11 days ago."
whois_roman_1780915357,char_roman,Roman,roman,Maia,,data/evidence/whois/text/roman.txt,data/evidence/whois/html/roman.html,yes,no,no,medium,query_name=Roman | display_name=Roman
whois_romin_1780915362,char_romin,Romin,romin,Dwarven Priest,Retired,data/evidence/whois/text/romin.txt,data/evidence/whois/html/romin.html,yes,no,no,medium,"query_name=Romin | display_name=Romin will never be an elf! [ML] | epithet_or_title=will never be an elf! [ML] | Last login 11 years, 11 months, and 10 days ago from *.se."
whois_ronin_1780915368,char_ronin,Ronin,ronin,Dwarf,Retired,data/evidence/whois/text/ronin.txt,data/evidence/whois/html/ronin.html,yes,no,no,medium,query_name=Ronin | display_name=Ronin the Warrior | epithet_or_title=the Warrior | Last login 11 months and 9 days ago.
whois_rorka_1780915373,char_rorka,Rorka,rorka,looking for a great title! is a level twenty-two Tarkhnarb Murderess,Retired,data/evidence/whois/text/rorka.txt,data/evidence/whois/html/rorka.html,yes,no,no,medium,query_name=Rorka | display_name=Rorka
whois_rotho_1780915385,char_rotho,Rotho,rotho,Stoor Bodyguard,Retired,data/evidence/whois/text/rotho.txt,data/evidence/whois/html/rotho.html,yes,no,no,medium,query_name=Rotho | display_name=Rotho Brandybuck | epithet_or_title=Brandybuck | Last login 9 months and 5 days ago.
whois_royal_1780915402,char_royal,Royal,royal,Mountain Troll Brute,Retired,data/evidence/whois/text/royal.txt,data/evidence/whois/html/royal.html,yes,no,no,medium,query_name=Royal | display_name=Royal
whois_rugorn_1780915408,char_rugorn,Rugorn,rugorn,Beorning Scout,Retired,data/evidence/whois/text/rugorn.txt,data/evidence/whois/html/rugorn.html,yes,no,no,medium,"query_name=Rugorn | display_name=Rugorn Hugorm | epithet_or_title=Hugorm | Last login 23 years, 2 months, and 5 days ago from *.dk."
whois_rulla_1780915419,char_rulla,Rulla,rulla,Fallohide Scout,Retired,data/evidence/whois/text/rulla.txt,data/evidence/whois/html/rulla.html,yes,no,no,medium,"query_name=Rulla | display_name=Rulla Fram | epithet_or_title=Fram | Last login 4 years, 4 months, and 21 days ago from [numerical address]."
whois_rumble_1780915424,char_rumble,Rumble,rumble,Cave Troll Wrecker,,data/evidence/whois/text/rumble.txt,data/evidence/whois/html/rumble.html,yes,no,no,medium,query_name=Rumble | display_name=Rumble in the Jungle | epithet_or_title=in the Jungle
whois_rumptsais_1780915430,char_rumptsais,Rumptsais,rumptsais,Tarkhnarb Cut-Throat,Retired,data/evidence/whois/text/rumptsais.txt,data/evidence/whois/html/rumptsais.html,yes,no,no,medium,query_name=Rumptsais | display_name=Rumptsais Sarquindi of the White Hand | epithet_or_title=Sarquindi of the White Hand
whois_ruul_1780915442,char_ruul,Ruul,ruul,Tarkhnarb Necromancer,Retired,data/evidence/whois/text/ruul.txt,data/evidence/whois/html/ruul.html,yes,no,no,medium,query_name=Ruul | display_name=Ruul the Orc Shamoneous | epithet_or_title=the Orc Shamoneous
whois_ryu_1780915447,char_ryu,Ryu,ryu,Hobbit,Retired,data/evidence/whois/text/ryu.txt,data/evidence/whois/html/ryu.html,yes,no,no,medium,"query_name=Ryu | display_name=Ryu ""toe-slasher"" Burrfoot, of the Hobbitses | epithet_or_title=""toe-slasher"" Burrfoot, of the Hobbitses | Last login 14 years, 1 month, and 8 days ago."
whois_rza_1780915453,char_rza,Rza,rza,Dwarf,Retired,data/evidence/whois/text/rza.txt,data/evidence/whois/html/rza.html,yes,no,no,medium,"query_name=Rza | display_name=Rza | Last login 20 years, 9 months, and 24 days ago."
whois_sabadon_1780915464,char_sabadon,Sabadon,sabadon,Maia,,data/evidence/whois/text/sabadon.txt,data/evidence/whois/html/sabadon.html,yes,no,no,medium,query_name=Sabadon | display_name=Sabadon the Bimbo | epithet_or_title=the Bimbo | role=Wright
whois_saber_1780915470,char_saber,Saber,saber,Dwarf,Retired,data/evidence/whois/text/saber.txt,data/evidence/whois/html/saber.html,yes,no,no,medium,"query_name=Saber | display_name=Saber Stonesong, Templar of the TrueForgers | epithet_or_title=Stonesong, Templar of the TrueForgers | Last login 19 years, 8 months, and 10 days ago."
whois_sabish_1780915476,char_sabish,Sabish,sabish,Orkish Battlemaster,Retired,data/evidence/whois/text/sabish.txt,data/evidence/whois/html/sabish.html,yes,no,no,medium,query_name=Sabish | display_name=Sabish
whois_saemo_1780915487,char_saemo,Saemo,saemo,hiding in shadows is a Hobbit,Retired,data/evidence/whois/text/saemo.txt,data/evidence/whois/html/saemo.html,yes,no,no,medium,"query_name=Saemo | display_name=Saemo | Last login 19 years, 2 months, and 11 days ago."
whois_saeth_1780915493,char_saeth,Saeth,saeth,Maia,,data/evidence/whois/text/saeth.txt,data/evidence/whois/html/saeth.html,yes,no,no,medium,query_name=Saeth | display_name=Saeth | role=Cartographer
whois_saint_1780915504,char_saint,Saint,saint,Dúnadan Scholar,Retired,data/evidence/whois/text/saint.txt,data/evidence/whois/html/saint.html,yes,no,no,medium,"query_name=Saint | display_name=Saint the Templar of Isengard | epithet_or_title=the Templar of Isengard | Last login 2 years, 7 months, and 10 days ago from *.ee."
whois_sakuolts_1780915509,char_sakuolts,Sakuolts,sakuolts,Half-elf,Retired,data/evidence/whois/text/sakuolts.txt,data/evidence/whois/html/sakuolts.html,yes,no,no,medium,"query_name=Sakuolts | display_name=Sakuolts another sunset without | epithet_or_title=another sunset without | Last login 27 years, 1 month, and 28 days ago from *.ee."
whois_sakura_1780915515,char_sakura,Sakura,sakura,Sindarin Scholar,Retired,data/evidence/whois/text/sakura.txt,data/evidence/whois/html/sakura.html,yes,no,no,medium,"query_name=Sakura | display_name=Sakura Kinomoto | epithet_or_title=Kinomoto | Last login 17 years, 10 months, and 5 days ago from [numerical address]."
whois_salmar_1780915526,char_salmar,Salmar,salmar,Maia,Retired,data/evidence/whois/text/salmar.txt,data/evidence/whois/html/salmar.html,yes,no,no,medium,query_name=Salmar | display_name=Salmar Ulumúri | epithet_or_title=Ulumúri
whois_salta_1780915532,char_salta,Salta,salta,Orc,Retired,data/evidence/whois/text/salta.txt,data/evidence/whois/html/salta.html,yes,no,no,medium,query_name=Salta | display_name=Salta Najfen | epithet_or_title=Najfen
whois_san_1780915538,char_san,San,san,Dúnadan Battlemaster,Retired,data/evidence/whois/text/san.txt,data/evidence/whois/html/san.html,yes,no,no,medium,"query_name=San | display_name=San glares at the sun | epithet_or_title=glares at the sun | Last login 20 years, 11 months, and 20 days ago from [numerical address]."
whois_sarah_1780915543,char_sarah,Sarah,sarah,Elf,Retired,data/evidence/whois/text/sarah.txt,data/evidence/whois/html/sarah.html,yes,no,no,medium,"query_name=Sarah | display_name=Sarah Moonlight, Child of Athel-Loren | epithet_or_title=Moonlight, Child of Athel-Loren | Last login 10 years and 4 months ago."
whois_sardaukar_1780915549,char_sardaukar,Sardaukar,sardaukar,Orc,Retired,data/evidence/whois/text/sardaukar.txt,data/evidence/whois/html/sardaukar.html,yes,no,no,medium,"query_name=Sardaukar | display_name=Sardaukar Arrakis, the Snow Viper | epithet_or_title=Arrakis, the Snow Viper"
whois_schmidt_1780915560,char_schmidt,Schmidt,schmidt,Half-elven Chieftain,Retired,data/evidence/whois/text/schmidt.txt,data/evidence/whois/html/schmidt.html,yes,no,no,medium,"query_name=Schmidt | display_name=Schmidt the Venerable, Oracle of Lothlórien | epithet_or_title=the Venerable, Oracle of Lothlórien | Last login 6 months ago."
whois_scorn_1780915566,char_scorn,Scorn,scorn,Tarkhnarb Battlemaster,Retired,data/evidence/whois/text/scorn.txt,data/evidence/whois/html/scorn.html,yes,no,no,medium,query_name=Scorn | display_name=Scorn Kharâzsh the Deathdragon | epithet_or_title=Kharâzsh the Deathdragon
whois_scorpio_1780915571,char_scorpio,Scorpio,scorpio,Elf,Retired,data/evidence/whois/text/scorpio.txt,data/evidence/whois/html/scorpio.html,yes,no,no,medium,"query_name=Scorpio | display_name=Scorpio | Last login 18 years, 8 months, and 22 days ago."
whois_scotty_1780915577,char_scotty,Scotty,scotty,Elf,Retired,data/evidence/whois/text/scotty.txt,data/evidence/whois/html/scotty.html,yes,no,no,medium,"query_name=Scotty | display_name=Scotty the Mayor of Bree | epithet_or_title=the Mayor of Bree | Last login 3 years, 9 months, and 21 days ago."
whois_scrape_1780915583,char_scrape,Scrape,scrape,Dwarven Chieftain,Retired,data/evidence/whois/text/scrape.txt,data/evidence/whois/html/scrape.html,yes,no,no,medium,"query_name=Scrape | display_name=Scrape the large mean-looking dwarf | epithet_or_title=the large mean-looking dwarf | Last login 24 years, 8 months, and 3 days ago from *.net."
whois_seek_1780915594,char_seek,Seek,seek,Tarkhnarb Footpad,Retired,data/evidence/whois/text/seek.txt,data/evidence/whois/html/seek.html,yes,no,no,medium,"query_name=Seek | display_name=Seek And Destroy, Nocturnal Assassinator | epithet_or_title=And Destroy, Nocturnal Assassinator"
whois_seethe_1780915600,char_seethe,Seethe,seethe,Orc,Retired,data/evidence/whois/text/seethe.txt,data/evidence/whois/html/seethe.html,yes,no,no,medium,query_name=Seethe | display_name=Seethe the Harvester of Sorrow | epithet_or_title=the Harvester of Sorrow
whois_sehanine_1780915606,char_sehanine,Sehanine,sehanine,Elf,Retired,data/evidence/whois/text/sehanine.txt,data/evidence/whois/html/sehanine.html,yes,no,no,medium,"query_name=Sehanine | display_name=Sehanine Moonbow, Avatar of the Elven Moongoddess | epithet_or_title=Moonbow, Avatar of the Elven Moongoddess | Last login 20 years, 4 months, and 10 days ago."
whois_semirhage_1780915617,char_semirhage,Semirhage,semirhage,Black Númenórean,Retired,data/evidence/whois/text/semirhage.txt,data/evidence/whois/html/semirhage.html,yes,no,no,medium,query_name=Semirhage | display_name=Semirhage Nae'blis | epithet_or_title=Nae'blis
whois_serate_1780915622,char_serate,Serate,serate,Tarkhnarb Scout,Retired,data/evidence/whois/text/serate.txt,data/evidence/whois/html/serate.html,yes,no,no,medium,query_name=Serate | display_name=Serate D'Dagger | epithet_or_title=D'Dagger
whois_seríon_1780915628,,Seríon,serion,Elf,Retired,data/evidence/whois/text/serion.txt,data/evidence/whois/html/serion.html,yes,no,no,medium,query_name=Serion | display_name=Seríon lightbringer - banisher of dark | epithet_or_title=lightbringer - banisher of dark | Last login 6 years and 10 days ago.
whois_sethron_1780915634,char_sethron,Sethron,sethron,Half-Elf,Retired,data/evidence/whois/text/sethron.txt,data/evidence/whois/html/sethron.html,yes,no,no,medium,"query_name=Sethron | display_name=Sethron | Last login 16 years, 4 months, and 25 days ago."
whois_shades_1780915639,char_shades,Shades,shades,Orc,Retired,data/evidence/whois/text/shades.txt,data/evidence/whois/html/shades.html,yes,no,no,medium,query_name=Shades | display_name=Shades of Darkness | epithet_or_title=of Darkness
whois_shadoh_1780915645,char_shadoh,Shadoh,shadoh,Half-Elf,Retired,data/evidence/whois/text/shadoh.txt,data/evidence/whois/html/shadoh.html,yes,no,no,medium,"query_name=Shadoh | display_name=Shadoh | Last login 16 years, 3 months, and 23 days ago."
whois_shadrach_1780915651,char_shadrach,Shadrach,shadrach,Orc,Retired,data/evidence/whois/text/shadrach.txt,data/evidence/whois/html/shadrach.html,yes,no,no,medium,query_name=Shadrach | display_name=Shadrach the Butcher of Bree | epithet_or_title=the Butcher of Bree
whois_shagra_1780915662,char_shagra,Shagra,shagra,Orc,Retired,data/evidence/whois/text/shagra.txt,data/evidence/whois/html/shagra.html,yes,no,no,medium,query_name=Shagra | display_name=Shagra
whois_shagrath_1780915668,char_shagrath,Shagrath,shagrath,Elf,Retired,data/evidence/whois/text/shagrath.txt,data/evidence/whois/html/shagrath.html,yes,no,no,medium,"query_name=Shagrath | display_name=Shagrath the Guardian Anger | epithet_or_title=the Guardian Anger | Last login 16 years, 9 months, and 8 days ago."
whois_shaïgan_1780915673,,Shaïgan,shaigan,Dwarf,,data/evidence/whois/text/shaigan.txt,data/evidence/whois/html/shaigan.html,yes,no,no,medium,query_name=Shaigan | display_name=Shaïgan | Last login 1 day and 20 hours ago.
whois_shaitan_1780915679,char_shaitan,Shaitan,shaitan,Black Númenórean,Retired,data/evidence/whois/text/shaitan.txt,data/evidence/whois/html/shaitan.html,yes,no,no,medium,query_name=Shaitan | display_name=Shaitan - your pet Devil | epithet_or_title=- your pet Devil
whois_shala_1780915685,char_shala,Shala,shala,Silvan Hero,Retired,data/evidence/whois/text/shala.txt,data/evidence/whois/html/shala.html,yes,no,no,medium,"query_name=Shala | display_name=Shala the Guardian of Wilderness | epithet_or_title=the Guardian of Wilderness | Last login 11 years, 4 months, and 25 days ago from *.net."
whois_sharaaz_1780915696,char_sharaaz,Sharaaz,sharaaz,Orc,Retired,data/evidence/whois/text/sharaaz.txt,data/evidence/whois/html/sharaaz.html,yes,no,no,medium,"query_name=Sharaaz | display_name=Sharaaz zaarahS, Mirrorimage | epithet_or_title=zaarahS, Mirrorimage"
whois_sharg_1780915707,char_sharg,Sharg,sharg,Orc,Retired,data/evidence/whois/text/sharg.txt,data/evidence/whois/html/sharg.html,yes,no,no,medium,query_name=Sharg | display_name=Sharg
whois_sharmak_1780915719,char_sharmak,Sharmak,sharmak,Orc,Retired,data/evidence/whois/text/sharmak.txt,data/evidence/whois/html/sharmak.html,yes,no,no,medium,query_name=Sharmak | display_name=Sharmak The Necromancer of Minas Morgul | epithet_or_title=The Necromancer of Minas Morgul
whois_shartomb_1780915724,char_shartomb,Shartomb,shartomb,Orc,Retired,data/evidence/whois/text/shartomb.txt,data/evidence/whois/html/shartomb.html,yes,no,no,medium,"query_name=Shartomb | display_name=Shartomb swings a punch, spits a tooth | epithet_or_title=swings a punch, spits a tooth"
whois_shathûr_1780915735,,Shathûr,shathur,Dwarven Weaponsmaster,Retired,data/evidence/whois/text/shathur.txt,data/evidence/whois/html/shathur.html,yes,no,no,medium,"query_name=Shathur | display_name=Shathûr Felak | epithet_or_title=Felak | Last login 23 years, 11 months, and 9 days ago from *.dk."
whois_sheol_1780915741,char_sheol,Sheol,sheol,Hill Troll Brute,Retired,data/evidence/whois/text/sheol.txt,data/evidence/whois/html/sheol.html,yes,no,no,medium,query_name=Sheol | display_name=Sheol Stonefist | epithet_or_title=Stonefist
whois_shimmer_1780915747,char_shimmer,Shimmer,shimmer,Dúnadan Adventurer,Retired,data/evidence/whois/text/shimmer.txt,data/evidence/whois/html/shimmer.html,yes,no,no,medium,"query_name=Shimmer | display_name=Shimmer | Last login 4 years, 1 month, and 11 days ago from *.net."
whois_shorty_1780915752,char_shorty,Shorty,shorty,Hobbit,Retired,data/evidence/whois/text/shorty.txt,data/evidence/whois/html/shorty.html,yes,no,no,medium,query_name=Shorty | display_name=Shorty the Pimp | epithet_or_title=the Pimp | Last login 17 years and 25 days ago.
whois_shrew_1780915764,char_shrew,Shrew,shrew,Black Númenórean,,data/evidence/whois/text/shrew.txt,data/evidence/whois/html/shrew.html,yes,no,no,medium,query_name=Shrew | display_name=Shrew d Operator | epithet_or_title=d Operator
whois_shriek_1780915769,char_shriek,Shriek,shriek,Black Númenórean,Retired,data/evidence/whois/text/shriek.txt,data/evidence/whois/html/shriek.html,yes,no,no,medium,query_name=Shriek | display_name=Shriek the Black Nazgûl of Númenór | epithet_or_title=the Black Nazgûl of Númenór
whois_shrimp_1780915775,char_shrimp,Shrimp,shrimp,Orc,Retired,data/evidence/whois/text/shrimp.txt,data/evidence/whois/html/shrimp.html,yes,no,no,medium,"query_name=Shrimp | display_name=Shrimp the Pimp, King of Zaugurz | epithet_or_title=the Pimp, King of Zaugurz"
whois_sikander_1780915786,char_sikander,Sikander,sikander,Man,Retired,data/evidence/whois/text/sikander.txt,data/evidence/whois/html/sikander.html,yes,no,no,medium,"query_name=Sikander | display_name=Sikander | Last login 12 years, 7 months, and 13 days ago."
whois_sil_1780915792,char_sil,Sil,sil,Silvan Master Healer,Retired,data/evidence/whois/text/sil.txt,data/evidence/whois/html/sil.html,yes,no,no,medium,query_name=Sil | display_name=Sil the Elf Ascetic | epithet_or_title=the Elf Ascetic | Last login 11 days and 16 hours ago from *.net.
whois_silencio_1780915798,char_silencio,Silencio,silencio,Sindarin Warlock,Retired,data/evidence/whois/text/silencio.txt,data/evidence/whois/html/silencio.html,yes,no,no,medium,"query_name=Silencio | display_name=Silencio Lucidio | epithet_or_title=Lucidio | Last login 15 years, 11 months, and 24 days ago from *.se."
whois_silenoz_1780915803,char_silenoz,Silenoz,silenoz,Maia,,data/evidence/whois/text/silenoz.txt,data/evidence/whois/html/silenoz.html,yes,no,no,medium,query_name=Silenoz | display_name=Silenoz
whois_silmarin_1780915815,char_silmarin,Silmarin,silmarin,one of them... is an Elf,Retired,data/evidence/whois/text/silmarin.txt,data/evidence/whois/html/silmarin.html,yes,no,no,medium,"query_name=Silmarin | display_name=Silmarin | Last login 21 years, 1 month, and 22 days ago."
whois_simba_1780915820,char_simba,Simba,simba,Beorning Adventurer,,data/evidence/whois/text/simba.txt,data/evidence/whois/html/simba.html,yes,no,no,medium,query_name=Simba | display_name=Simba | Last login 2 months and 9 days ago from *.net.
whois_sinner_1780915837,char_sinner,Sinner,sinner,Troll,Retired,data/evidence/whois/text/sinner.txt,data/evidence/whois/html/sinner.html,yes,no,no,medium,query_name=Sinner | display_name=Sinner SoulTear | epithet_or_title=SoulTear
whois_sirael_1780915843,char_sirael,Sirael,sirael,Elf,Retired,data/evidence/whois/text/sirael.txt,data/evidence/whois/html/sirael.html,yes,no,no,medium,"query_name=Sirael | display_name=Sirael | Last login 13 years, 9 months, and 2 days ago."
whois_siriala_1780915849,char_siriala,Siriala,siriala,Half-elven Scholar,Retired,data/evidence/whois/text/siriala.txt,data/evidence/whois/html/siriala.html,yes,no,no,medium,query_name=Siriala | display_name=Siriala Moonbeam | epithet_or_title=Moonbeam | Last login 15 years and 30 days ago from *.se.
whois_síroth_1780915854,,Síroth,siroth,Sindarin Hero,Retired,data/evidence/whois/text/siroth.txt,data/evidence/whois/html/siroth.html,yes,no,no,medium,"query_name=Siroth | display_name=Síroth of Ondolindë | epithet_or_title=of Ondolindë | Last login 14 years, 6 months, and 21 days ago from [numerical address]."
whois_sisalik_1780915860,char_sisalik,Sisalik,sisalik,Silvan Rider,Retired,data/evidence/whois/text/sisalik.txt,data/evidence/whois/html/sisalik.html,yes,no,no,medium,query_name=Sisalik | display_name=Sisalik the Grey-Green Squirrel | epithet_or_title=the Grey-Green Squirrel | Last login 10 years and 12 days ago from *.eu.
whois_sistina_1780915866,char_sistina,Sistina,sistina,Elf,Retired,data/evidence/whois/text/sistina.txt,data/evidence/whois/html/sistina.html,yes,no,no,medium,"query_name=Sistina | display_name=Sistina Eowil, Witch of Lómilmaviel | epithet_or_title=Eowil, Witch of Lómilmaviel | Last login 7 years, 7 months, and 17 days ago."
whois_sivanor_1780915872,char_sivanor,Sivanor,sivanor,Silvan Hunter,Retired,data/evidence/whois/text/sivanor.txt,data/evidence/whois/html/sivanor.html,yes,no,no,medium,"query_name=Sivanor | display_name=Sivanor the lonely Wanderer | epithet_or_title=the lonely Wanderer | Last login 5 years, 5 months, and 27 days ago from *.de."
whois_skip_1780915877,char_skip,Skip,skip,Orc,Retired,data/evidence/whois/text/skip.txt,data/evidence/whois/html/skip.html,yes,no,no,medium,query_name=Skip | display_name=Skip hops and bounces around... | epithet_or_title=hops and bounces around...
whois_skitz_1780915883,char_skitz,Skitz,skitz,sexy! is a Man,Retired,data/evidence/whois/text/skitz.txt,data/evidence/whois/html/skitz.html,yes,no,no,medium,"query_name=Skitz | display_name=Skitz | Last login 17 years, 1 month, and 30 days ago."
whois_skud_1780915889,char_skud,Skud,skud,"heading for beautiful, tropical Iraq is a level thirty-one Hill Troll Warrior",Retired,data/evidence/whois/text/skud.txt,data/evidence/whois/html/skud.html,yes,no,no,medium,query_name=Skud | display_name=Skud
whois_skyfire_1780915894,char_skyfire,Skyfire,skyfire,Half-elven Battlemaster,Retired,data/evidence/whois/text/skyfire.txt,data/evidence/whois/html/skyfire.html,yes,no,no,medium,"query_name=Skyfire | display_name=Skyfire Flamestrike, Wardancer of Athel-Loren | epithet_or_title=Flamestrike, Wardancer of Athel-Loren | Last login 19 years, 9 months, and 8 days ago from *.fi."
whois_slobber_1780915900,char_slobber,Slobber,slobber,Cave Troll Warrior,Retired,data/evidence/whois/text/slobber.txt,data/evidence/whois/html/slobber.html,yes,no,no,medium,query_name=Slobber | display_name=Slobber
whois_sloshed_1780915911,char_sloshed,Sloshed,sloshed,Tarkhnarb Battlemaster,Retired,data/evidence/whois/text/sloshed.txt,data/evidence/whois/html/sloshed.html,yes,no,no,medium,query_name=Sloshed | display_name=Sloshed of Team Canada! | epithet_or_title=of Team Canada!
whois_sloth_1780915917,char_sloth,Sloth,sloth,Eriadorian Scout,Retired,data/evidence/whois/text/sloth.txt,data/evidence/whois/html/sloth.html,yes,no,no,medium,"query_name=Sloth | display_name=Sloth Comes for You... Slowly... | epithet_or_title=Comes for You... Slowly... | Last login 22 years, 4 months, and 8 days ago from *.net."
whois_smallfist_1780915923,char_smallfist,Smallfist,smallfist,Troll,Retired,data/evidence/whois/text/smallfist.txt,data/evidence/whois/html/smallfist.html,yes,no,no,medium,query_name=Smallfist | display_name=Smallfist
whois_smasher_1780915929,char_smasher,Smasher,smasher,Cave Troll Smasher,Retired,data/evidence/whois/text/smasher.txt,data/evidence/whois/html/smasher.html,yes,no,no,medium,query_name=Smasher | display_name=Smasher the Shiny Thing Taker | epithet_or_title=the Shiny Thing Taker
whois_smitsy_1780915934,char_smitsy,Smitsy,smitsy,Stoor Battlemaster,Retired,data/evidence/whois/text/smitsy.txt,data/evidence/whois/html/smitsy.html,yes,no,no,medium,"query_name=Smitsy | display_name=Smitsy Billy | epithet_or_title=Billy | Last login 5 years, 9 months, and 27 days ago from *.ee."
whois_smoke_1780915940,char_smoke,Smoke,smoke,Mountain Troll Warrior,Retired,data/evidence/whois/text/smoke.txt,data/evidence/whois/html/smoke.html,yes,no,no,medium,query_name=Smoke | display_name=Smoke from your pyre | epithet_or_title=from your pyre
whois_smrtak_1780915946,char_smrtak,Smrtak,smrtak,Tarkhnarb Battlemaster,Retired,data/evidence/whois/text/smrtak.txt,data/evidence/whois/html/smrtak.html,yes,no,no,medium,query_name=Smrtak | display_name=Smrtak
whois_smrtihlav_1780915951,char_smrtihlav,Smrtihlav,smrtihlav,Tarkhnarb Veteran,Retired,data/evidence/whois/text/smrtihlav.txt,data/evidence/whois/html/smrtihlav.html,yes,no,no,medium,query_name=Smrtihlav | display_name=Smrtihlav
whois_snark_1780915957,char_snark,Snark,snark,Cave Troll Brute,,data/evidence/whois/text/snark.txt,data/evidence/whois/html/snark.html,yes,no,no,medium,query_name=Snark | display_name=Snark
whois_snick_1780915962,char_snick,Snick,snick,Dwarven Battlemaster,Retired,data/evidence/whois/text/snick.txt,data/evidence/whois/html/snick.html,yes,no,no,medium,"query_name=Snick | display_name=Snick Snorum | epithet_or_title=Snorum | Last login 22 years, 11 months, and 1 day ago from *.com."
whois_snicker_1780915968,char_snicker,Snicker,snicker,Black Númenórean Wizard,Retired,data/evidence/whois/text/snicker.txt,data/evidence/whois/html/snicker.html,yes,no,no,medium,query_name=Snicker | display_name=Snicker the gibbering idiot | epithet_or_title=the gibbering idiot
whois_snooker_1780915979,char_snooker,Snooker,snooker,Orc,Retired,data/evidence/whois/text/snooker.txt,data/evidence/whois/html/snooker.html,yes,no,no,medium,query_name=Snooker | display_name=Snooker the living 8-ball | epithet_or_title=the living 8-ball
whois_snork_1780915985,char_snork,Snork,snork,Tarkhnarb Champion,Retired,data/evidence/whois/text/snork.txt,data/evidence/whois/html/snork.html,yes,no,no,medium,query_name=Snork | display_name=Snork
whois_snotty_1780915991,char_snotty,Snotty,snotty,Orc,,data/evidence/whois/text/snotty.txt,data/evidence/whois/html/snotty.html,yes,no,no,medium,query_name=Snotty | display_name=Snotty the Snaga | epithet_or_title=the Snaga
whois_snowball_1780915997,char_snowball,Snowball,snowball,Black Númenórean,Retired,data/evidence/whois/text/snowball.txt,data/evidence/whois/html/snowball.html,yes,no,no,medium,query_name=Snowball | display_name=Snowball - Firekeeper of the Black Shadow Clan | epithet_or_title=- Firekeeper of the Black Shadow Clan
whois_snowy_1780916002,char_snowy,Snowy,snowy,Noldorin Wizard,Retired,data/evidence/whois/text/snowy.txt,data/evidence/whois/html/snowy.html,yes,no,no,medium,"query_name=Snowy | display_name=Snowy the White Wizard | epithet_or_title=the White Wizard | Last login 19 years, 8 months, and 24 days ago from *.ee."
whois_snuggles_1780916008,char_snuggles,Snuggles,snuggles,Tarkhnarb Champion,,data/evidence/whois/text/snuggles.txt,data/evidence/whois/html/snuggles.html,yes,no,no,medium,query_name=Snuggles | display_name=Snuggles the Psychopath | epithet_or_title=the Psychopath
whois_soerd_1780916014,char_soerd,Soerd,soerd,Tarkhnarb Soldier,Retired,data/evidence/whois/text/soerd.txt,data/evidence/whois/html/soerd.html,yes,no,no,medium,query_name=Soerd | display_name=Soerd
whois_sofinia_1780916020,char_sofinia,Sofinia,sofinia,Elf,Retired,data/evidence/whois/text/sofinia.txt,data/evidence/whois/html/sofinia.html,yes,no,no,medium,"query_name=Sofinia | display_name=Sofinia, Sofinia the Beloved One | epithet_or_title=, Sofinia the Beloved One | Last login 13 years, 11 months, and 15 days ago."
whois_sookoll_1780916025,char_sookoll,Sookoll,sookoll,slowly turning to stone is a Troll,Retired,data/evidence/whois/text/sookoll.txt,data/evidence/whois/html/sookoll.html,yes,no,no,medium,query_name=Sookoll | display_name=Sookoll
whois_soother_1780916031,char_soother,Soother,soother,Orc,Retired,data/evidence/whois/text/soother.txt,data/evidence/whois/html/soother.html,yes,no,no,medium,query_name=Soother | display_name=Soother of Souls | epithet_or_title=of Souls
whois_sophia_1780916037,char_sophia,Sophia,sophia,Black Númenórean,Retired,data/evidence/whois/text/sophia.txt,data/evidence/whois/html/sophia.html,yes,no,no,medium,"query_name=Sophia | display_name=Sophia Shade, Stalker of the South | epithet_or_title=Shade, Stalker of the South"
whois_sophiajansson_1780916042,char_sophiajansson,Sophiajansson,sophiajansson,Black Númenórean,Retired,data/evidence/whois/text/sophiajansson.txt,data/evidence/whois/html/sophiajansson.html,yes,no,no,medium,query_name=Sophiajansson | display_name=Sophiajansson
whois_space_1780916048,char_space,Space,space,Tarkhnarb Necromancer,Retired,data/evidence/whois/text/space.txt,data/evidence/whois/html/space.html,yes,no,no,medium,query_name=Space | display_name=Space Man | epithet_or_title=Man
whois_spark_1780916054,char_spark,Spark,spark,Dwarven Ranger,Retired,data/evidence/whois/text/spark.txt,data/evidence/whois/html/spark.html,yes,no,no,medium,"query_name=Spark | display_name=Spark the large earth dwarf | epithet_or_title=the large earth dwarf | Last login 24 years, 3 months, and 13 days ago from *.ee."
whois_spears_1780916059,char_spears,Spears,spears,Troll,,data/evidence/whois/text/spears.txt,data/evidence/whois/html/spears.html,yes,no,no,medium,query_name=Spears | display_name=Spears the Olog-Moi | epithet_or_title=the Olog-Moi
whois_spinner_1780916071,char_spinner,Spinner,spinner,Orc,Retired,data/evidence/whois/text/spinner.txt,data/evidence/whois/html/spinner.html,yes,no,no,medium,query_name=Spinner | display_name=Spinner Bloodlust | epithet_or_title=Bloodlust
whois_splat_1780916082,char_splat,Splat,splat,Hill Troll Warrior,Retired,data/evidence/whois/text/splat.txt,data/evidence/whois/html/splat.html,yes,no,no,medium,query_name=Splat | display_name=Splat
whois_splatter_1780916088,char_splatter,Splatter,splatter,Tarkhnarb Veteran,Retired,data/evidence/whois/text/splatter.txt,data/evidence/whois/html/splatter.html,yes,no,no,medium,query_name=Splatter | display_name=Splatter Bonecracker of Barad-dûr | epithet_or_title=Bonecracker of Barad-dûr
whois_spooky_1780916094,char_spooky,Spooky,spooky,Orc,Retired,data/evidence/whois/text/spooky.txt,data/evidence/whois/html/spooky.html,yes,no,no,medium,query_name=Spooky | display_name=Spooky - do ? | epithet_or_title=- do ?
whois_spud_1780916099,char_spud,Spud,spud,Maia,,data/evidence/whois/text/spud.txt,data/evidence/whois/html/spud.html,yes,no,no,medium,query_name=Spud | display_name=Spud
whois_squidgy_1780916111,char_squidgy,Squidgy,squidgy,Dwarven Battlemaster,Retired,data/evidence/whois/text/squidgy.txt,data/evidence/whois/html/squidgy.html,yes,no,no,medium,"query_name=Squidgy | display_name=Squidgy Bob, Durin's Bane's Bane.. hopefully | epithet_or_title=Bob, Durin's Bane's Bane.. hopefully | Last login 3 years, 10 months, and 20 days ago from *.uk."
whois_squiffy_1780916117,char_squiffy,Squiffy,squiffy,Maia,,data/evidence/whois/text/squiffy.txt,data/evidence/whois/html/squiffy.html,yes,no,no,medium,query_name=Squiffy | display_name=Squiffy The Wonky God | epithet_or_title=The Wonky God | role=Cartographer
whois_starobahno_1780916128,char_starobahno,Starobahno,starobahno,Dwarven Hero,Retired,data/evidence/whois/text/starobahno.txt,data/evidence/whois/html/starobahno.html,yes,no,no,medium,"query_name=Starobahno | display_name=Starobahno the Dwarven Sage | epithet_or_title=the Dwarven Sage | Last login 17 years, 3 months, and 18 days ago from [numerical address]."
whois_starsa_1780916134,char_starsa,Starsa,starsa,Black Númenórean,Retired,data/evidence/whois/text/starsa.txt,data/evidence/whois/html/starsa.html,yes,no,no,medium,query_name=Starsa | display_name=Starsa
whois_stealthy_1780916139,char_stealthy,Stealthy,stealthy,Orc,Retired,data/evidence/whois/text/stealthy.txt,data/evidence/whois/html/stealthy.html,yes,no,no,medium,query_name=Stealthy | display_name=Stealthy bugger | epithet_or_title=bugger
whois_steele_1780916145,char_steele,Steele,steele,Maia,,data/evidence/whois/text/steele.txt,data/evidence/whois/html/steele.html,yes,no,no,medium,query_name=Steele | display_name=Steele - Guardian of the White Tower | epithet_or_title=- Guardian of the White Tower
whois_stolb_1780916156,char_stolb,Stolb,stolb,Tarkhnarb Champion,Retired,data/evidence/whois/text/stolb.txt,data/evidence/whois/html/stolb.html,yes,no,no,medium,query_name=Stolb | display_name=Stolb the Master Executor of Damage Inc | epithet_or_title=the Master Executor of Damage Inc
whois_stormblast_1780916162,char_stormblast,Stormblast,stormblast,Black Númenórean,Retired,data/evidence/whois/text/stormblast.txt,data/evidence/whois/html/stormblast.html,yes,no,no,medium,query_name=Stormblast | display_name=Stormblast the One | epithet_or_title=the One
whois_stussy_1780916174,char_stussy,Stussy,stussy,Mountain Troll Softskin,Retired,data/evidence/whois/text/stussy.txt,data/evidence/whois/html/stussy.html,yes,no,no,medium,query_name=Stussy | display_name=Stussy
whois_suiram_1780916191,char_suiram,Suiram,suiram,Orc,Retired,data/evidence/whois/text/suiram.txt,data/evidence/whois/html/suiram.html,yes,no,no,medium,query_name=Suiram | display_name=Suiram Sunwalker! | epithet_or_title=Sunwalker!
whois_sunflower_1780916202,char_sunflower,Sunflower,sunflower,Hobbit,Retired,data/evidence/whois/text/sunflower.txt,data/evidence/whois/html/sunflower.html,yes,no,no,medium,"query_name=Sunflower | display_name=Sunflower | Last login 25 years, 6 months, and 13 days ago."
whois_sunshine_1780916208,char_sunshine,Sunshine,sunshine,Cave Troll Adventurer,Retired,data/evidence/whois/text/sunshine.txt,data/evidence/whois/html/sunshine.html,yes,no,no,medium,query_name=Sunshine | display_name=Sunshine the Troll Adventurer | epithet_or_title=the Troll Adventurer
whois_svarog_1780916213,char_svarog,Svarog,svarog,Noldorin Hero,Retired,data/evidence/whois/text/svarog.txt,data/evidence/whois/html/svarog.html,yes,no,no,medium,"query_name=Svarog | display_name=Svarog :) | epithet_or_title=:) | Last login 1 year, 3 months, and 11 days ago from *.ee."
whois_svin_1780916219,char_svin,Svin,svin,Orc,,data/evidence/whois/text/svin.txt,data/evidence/whois/html/svin.html,yes,no,no,medium,query_name=Svin | display_name=Svin
whois_swork_1780916225,char_swork,Swork,swork,Maia,Retired,data/evidence/whois/text/swork.txt,data/evidence/whois/html/swork.html,yes,no,no,medium,query_name=Swork | display_name=Swork . | epithet_or_title=. | role=Cartographer
whois_sylan_1780916231,char_sylan,Sylan,sylan,Eriadorian Hero,Retired,data/evidence/whois/text/sylan.txt,data/evidence/whois/html/sylan.html,yes,no,no,medium,"query_name=Sylan | display_name=Sylan of Dale | epithet_or_title=of Dale | Last login 13 years, 2 months, and 13 days ago from *.net."
whois_taelo_1780916236,char_taelo,Taelo,taelo,Hobbit,Retired,data/evidence/whois/text/taelo.txt,data/evidence/whois/html/taelo.html,yes,no,no,medium,"query_name=Taelo | display_name=Taelo the Hobbit Scout | epithet_or_title=the Hobbit Scout | Last login 22 years, 8 months, and 20 days ago."
whois_taggert_1780916242,char_taggert,Taggert,taggert,Dwarf,Retired,data/evidence/whois/text/taggert.txt,data/evidence/whois/html/taggert.html,yes,no,no,medium,"query_name=Taggert | display_name=Taggert Axemoron | epithet_or_title=Axemoron | Last login 21 years, 8 months, and 24 days ago."
whois_tagrin_1780916254,char_tagrin,Tagrin,tagrin,Stoor Hero,Retired,data/evidence/whois/text/tagrin.txt,data/evidence/whois/html/tagrin.html,yes,no,no,medium,"query_name=Tagrin | display_name=Tagrin Straw Hat | epithet_or_title=Straw Hat | Last login 22 years, 8 months, and 1 day ago from [numerical address]."
whois_tahkr_1780916259,char_tahkr,Tahkr,tahkr,Orkish Battlemaster,Retired,data/evidence/whois/text/tahkr.txt,data/evidence/whois/html/tahkr.html,yes,no,no,medium,query_name=Tahkr | display_name=Tahkr
whois_tairach_1780916265,char_tairach,Tairach,tairach,Orc,Retired,data/evidence/whois/text/tairach.txt,data/evidence/whois/html/tairach.html,yes,no,no,medium,query_name=Tairach | display_name=Tairach Grimblade | epithet_or_title=Grimblade
whois_talson_1780916270,char_talson,Talson,talson,Elf,Retired,data/evidence/whois/text/talson.txt,data/evidence/whois/html/talson.html,yes,no,no,medium,"query_name=Talson | display_name=Talson | Last login 25 years, 7 months, and 23 days ago."
whois_tanc_1780916276,char_tanc,Tanc,tanc,Dwarf,Retired,data/evidence/whois/text/tanc.txt,data/evidence/whois/html/tanc.html,yes,no,no,medium,"query_name=Tanc | display_name=Tanc The Ironmaiden | epithet_or_title=The Ironmaiden | Last login 18 years, 3 months, and 18 days ago."
whois_tandada_1780916282,char_tandada,Tandada,tandada,Tarkhnarb Champion,Retired,data/evidence/whois/text/tandada.txt,data/evidence/whois/html/tandada.html,yes,no,no,medium,query_name=Tandada | display_name=Tandada the lazy | epithet_or_title=the lazy
whois_tanelorn_1780916288,char_tanelorn,Tanelorn,tanelorn,Dúnadan Hero,Retired,data/evidence/whois/text/tanelorn.txt,data/evidence/whois/html/tanelorn.html,yes,no,no,medium,query_name=Tanelorn | display_name=Tanelorn | Last login 22 years and 17 days ago from *.ru.
whois_tarannon_1780916293,char_tarannon,Tarannon,tarannon,Black Númenórean Adventurer,,data/evidence/whois/text/tarannon.txt,data/evidence/whois/html/tarannon.html,yes,no,no,medium,query_name=Tarannon | display_name=Tarannon the Terrible | epithet_or_title=the Terrible
whois_tardéer_1780916299,,Tardéer,tardeer,Man,Retired,data/evidence/whois/text/tardeer.txt,data/evidence/whois/html/tardeer.html,yes,no,no,medium,"query_name=Tardeer | display_name=Tardéer | Last login 4 years, 4 months, and 24 days ago."
whois_tars_1780916305,char_tars,Tars,tars,Orc,Retired,data/evidence/whois/text/tars.txt,data/evidence/whois/html/tars.html,yes,no,no,medium,query_name=Tars | display_name=Tars Tarkas King of the Tribe that Returned | epithet_or_title=Tarkas King of the Tribe that Returned
whois_tasa_1780916310,char_tasa,Tasa,tasa,Stoor Warden,Retired,data/evidence/whois/text/tasa.txt,data/evidence/whois/html/tasa.html,yes,no,no,medium,"query_name=Tasa | display_name=Tasa Steamyhead, Shirriff of Moria | epithet_or_title=Steamyhead, Shirriff of Moria | Last login 25 years, 9 months, and 2 days ago from *.ee."
whois_tasslehoff_1780916316,char_tasslehoff,Tasslehoff,tasslehoff,Hobbit,Retired,data/evidence/whois/text/tasslehoff.txt,data/evidence/whois/html/tasslehoff.html,yes,no,no,medium,"query_name=Tasslehoff | display_name=Tasslehoff Burrfoot | epithet_or_title=Burrfoot | Last login 3 years, 7 months, and 25 days ago from [numerical address]."
whois_tauin_1780916321,char_tauin,Tauin,tauin,Firebeard Battlemaster,,data/evidence/whois/text/tauin.txt,data/evidence/whois/html/tauin.html,yes,no,no,medium,"query_name=Tauin | display_name=Tauin Tunis, Ranger of the Red Dragons | epithet_or_title=Tunis, Ranger of the Red Dragons | Last login 2 months and 19 days ago from *.com."
whois_taurek_1780916327,char_taurek,Taurek,taurek,Orc,Retired,data/evidence/whois/text/taurek.txt,data/evidence/whois/html/taurek.html,yes,no,no,medium,"query_name=Taurek | display_name=Taurek Tagamoth, Warblade of the Reaper | epithet_or_title=Tagamoth, Warblade of the Reaper"
whois_téar_1780916333,,Téar,tear,Dwarf,Retired,data/evidence/whois/text/tear.txt,data/evidence/whois/html/tear.html,yes,no,no,medium,"query_name=Tear | display_name=Téar Oldenburg, son of Thráin II | epithet_or_title=Oldenburg, son of Thráin II | Last login 22 years, 2 months, and 14 days ago."
whois_teejay_1780916338,char_teejay,Teejay,teejay,Elf,Retired,data/evidence/whois/text/teejay.txt,data/evidence/whois/html/teejay.html,yes,no,no,medium,query_name=Teejay | display_name=Teejay | Last login 16 years and 5 days ago.
whois_telith_1780916349,char_telith,Telith,telith,Half-elven Master Healer,,data/evidence/whois/text/telith.txt,data/evidence/whois/html/telith.html,yes,no,no,medium,query_name=Telith | display_name=Telith the Transer from West | epithet_or_title=the Transer from West | Last login 17 years and 13 days ago from [numerical address].
whois_telumehtar_1780916355,char_telumehtar,Telumehtar,telumehtar,Dúnadan Soldier,Retired,data/evidence/whois/text/telumehtar.txt,data/evidence/whois/html/telumehtar.html,yes,no,no,medium,"query_name=Telumehtar | display_name=Telumehtar Umbardacil, King of Gondor [NSL] | epithet_or_title=Umbardacil, King of Gondor [NSL] | Last login 17 years, 9 months, and 12 days ago from [numerical address]."
whois_tempest_1780916366,char_tempest,Tempest,tempest,Woman,Retired,data/evidence/whois/text/tempest.txt,data/evidence/whois/html/tempest.html,yes,no,no,medium,query_name=Tempest | display_name=Tempest the Stormbringer | epithet_or_title=the Stormbringer | Last login 4 months and 14 days ago.
whois_teomyr_1780916372,char_teomyr,Teomyr,teomyr,Beorning Battlemaster,Retired,data/evidence/whois/text/teomyr.txt,data/evidence/whois/html/teomyr.html,yes,no,no,medium,"query_name=Teomyr | display_name=Teomyr the Black, bastard son of Beorn | epithet_or_title=the Black, bastard son of Beorn | Last login 18 years, 7 months, and 11 days ago from [numerical address]."
whois_terendul_1780916377,char_terendul,Terendul,terendul,Elf,Retired,data/evidence/whois/text/terendul.txt,data/evidence/whois/html/terendul.html,yes,no,no,medium,"query_name=Terendul | display_name=Terendul Dunnacogn | epithet_or_title=Dunnacogn | Last login 24 years, 5 months, and 7 days ago."
whois_tervin_1780916383,char_tervin,Tervin,tervin,Dwarf,Retired,data/evidence/whois/text/tervin.txt,data/evidence/whois/html/tervin.html,yes,no,no,medium,"query_name=Tervin | display_name=Tervin | Last login 22 years, 10 months, and 2 days ago."
whois_tessa_1780916389,char_tessa,Tessa,tessa,Tarkhnarb Warg-rider,Retired,data/evidence/whois/text/tessa.txt,data/evidence/whois/html/tessa.html,yes,no,no,medium,query_name=Tessa | display_name=Tessa the Despoiler | epithet_or_title=the Despoiler
whois_teufel_1780916394,char_teufel,Teufel,teufel,Orc,Retired,data/evidence/whois/text/teufel.txt,data/evidence/whois/html/teufel.html,yes,no,no,medium,query_name=Teufel | display_name=Teufel iz on your back! | epithet_or_title=iz on your back!
whois_tezcatlipoca_1780916400,char_tezcatlipoca,Tezcatlipoca,tezcatlipoca,Dwarven Hero,Retired,data/evidence/whois/text/tezcatlipoca.txt,data/evidence/whois/html/tezcatlipoca.html,yes,no,no,medium,"query_name=Tezcatlipoca | display_name=Tezcatlipoca Thunderblade, Warden of Durin's House | epithet_or_title=Thunderblade, Warden of Durin's House | Last login 3 years, 6 months, and 18 days ago from *.ee."
whois_tha_1780916406,char_tha,Tha,tha,Dwarven Chieftain,Retired,data/evidence/whois/text/tha.txt,data/evidence/whois/html/tha.html,yes,no,no,medium,"query_name=Tha | display_name=Tha Darksoul, Berserker of Durin's House | epithet_or_title=Darksoul, Berserker of Durin's House | Last login 22 years, 10 months, and 23 days ago from *.ee."
whois_thanquol_1780916423,char_thanquol,Thanquol,thanquol,Tarkhnarb Champion,Retired,data/evidence/whois/text/thanquol.txt,data/evidence/whois/html/thanquol.html,yes,no,no,medium,"query_name=Thanquol | display_name=Thanquol Skrrizk, Greyseer of Stormblight | epithet_or_title=Skrrizk, Greyseer of Stormblight"
whois_tharam_1780916434,char_tharam,Tharam,tharam,Dwarven Battlemaster,,data/evidence/whois/text/tharam.txt,data/evidence/whois/html/tharam.html,yes,no,no,medium,"query_name=Tharam | display_name=Tharam Thromborg, the Dirty Donut of the [tCoA] | epithet_or_title=Thromborg, the Dirty Donut of the [tCoA] | Last login 7 years, 9 months, and 10 days ago from *.se."
whois_tharon_1780916445,char_tharon,Tharon,tharon,Elf,Retired,data/evidence/whois/text/tharon.txt,data/evidence/whois/html/tharon.html,yes,no,no,medium,"query_name=Tharon | display_name=Tharon the Master of Arcanes | epithet_or_title=the Master of Arcanes | Last login 15 years, 4 months, and 5 days ago."
whois_thedèen_1780916451,,Thedèen,thedeen,Man,Retired,data/evidence/whois/text/thedeen.txt,data/evidence/whois/html/thedeen.html,yes,no,no,medium,query_name=Thedeen | display_name=Thedèen
whois_thezí_1780916462,,Thezí,thezi,Orc,,data/evidence/whois/text/thezi.txt,data/evidence/whois/html/thezi.html,yes,no,no,medium,query_name=Thezi | display_name=Thezí ìzehT | epithet_or_title=ìzehT
whois_thilax_1780916468,char_thilax,Thilax,thilax,Man,Retired,data/evidence/whois/text/thilax.txt,data/evidence/whois/html/thilax.html,yes,no,no,medium,"query_name=Thilax | display_name=Thilax the Rough Boy | epithet_or_title=the Rough Boy | Last login 19 years, 4 months, and 11 days ago."
whois_thiondash_1780916474,char_thiondash,Thiondash,thiondash,Dwarf,Retired,data/evidence/whois/text/thiondash.txt,data/evidence/whois/html/thiondash.html,yes,no,no,medium,"query_name=Thiondash | display_name=Thiondash the Mastersmith, son of Tordol | epithet_or_title=the Mastersmith, son of Tordol | Last login 5 years, 10 months, and 8 days ago."
whois_thoirin_1780916479,char_thoirin,Thoirin,thoirin,Maia,,data/evidence/whois/text/thoirin.txt,data/evidence/whois/html/thoirin.html,yes,no,no,medium,query_name=Thoirin | display_name=Thoirin Maltol | epithet_or_title=Maltol | role=Cartographer
whois_thonr_1780916485,char_thonr,Thonr,thonr,Elf,Retired,data/evidence/whois/text/thonr.txt,data/evidence/whois/html/thonr.html,yes,no,no,medium,query_name=Thonr | display_name=Thonr the... | epithet_or_title=the...
whois_thoronwë_1780916502,,Thoronwë,thoronwe,Elf,Retired,data/evidence/whois/text/thoronwe.txt,data/evidence/whois/html/thoronwe.html,yes,no,no,medium,query_name=Thoronwe | display_name=Thoronwë | Last login 11 years and 12 days ago.
whois_thorzor_1780916507,char_thorzor,Thorzor,thorzor,Tarkhnarb Battlemaster,Retired,data/evidence/whois/text/thorzor.txt,data/evidence/whois/html/thorzor.html,yes,no,no,medium,query_name=Thorzor | display_name=Thorzor - true Warrior for hire | epithet_or_title=- true Warrior for hire
whois_thrak_1780916513,char_thrak,Thrak,thrak,Orc,Retired,data/evidence/whois/text/thrak.txt,data/evidence/whois/html/thrak.html,yes,no,no,medium,query_name=Thrak | display_name=Thrak
whois_throg_1780916519,char_throg,Throg,throg,Dwarven Hero,Retired,data/evidence/whois/text/throg.txt,data/evidence/whois/html/throg.html,yes,no,no,medium,"query_name=Throg | display_name=Throg | Last login 18 years, 2 months, and 2 days ago from *.se."
whois_thróin_1780916524,,Thróin,throin,Dwarven Battlemaster,Retired,data/evidence/whois/text/throin.txt,data/evidence/whois/html/throin.html,yes,no,no,medium,"query_name=Throin | display_name=Thróin Broadbeam, of Belegost | epithet_or_title=Broadbeam, of Belegost | Last login 13 years, 2 months, and 4 days ago from *.net."
whois_throk_1780916530,char_throk,Throk,throk,Cave Troll Brute,,data/evidence/whois/text/throk.txt,data/evidence/whois/html/throk.html,yes,no,no,medium,"query_name=Throk | display_name=Throk the Fell Terror, Beast of Angband | epithet_or_title=the Fell Terror, Beast of Angband"
whois_thrór_1780916535,,Thrór,thror,Longbeard Hero,Retired,data/evidence/whois/text/thror.txt,data/evidence/whois/html/thror.html,yes,no,no,medium,"query_name=Thror | display_name=Thrór Blacksmith, Elder of Durin's House | epithet_or_title=Blacksmith, Elder of Durin's House | Last login 2 months and 26 days ago from *.ee."
whois_thwag_1780916541,char_thwag,Thwag,thwag,Tarkhnarb Necromancer,Retired,data/evidence/whois/text/thwag.txt,data/evidence/whois/html/thwag.html,yes,no,no,medium,query_name=Thwag | display_name=Thwag the Right Hand of Mandos | epithet_or_title=the Right Hand of Mandos
whois_tiá_1780916547,,Tiá,tia,Dwarven Battlemistress,Retired,data/evidence/whois/text/tia.txt,data/evidence/whois/html/tia.html,yes,no,no,medium,"query_name=Tia | display_name=Tiá the Silver Smurfette | epithet_or_title=the Silver Smurfette | Last login 23 years, 6 months, and 16 days ago from *.sg."
whois_tiamat_1780916553,char_tiamat,Tiamat,tiamat,Noldorin Warlock,,data/evidence/whois/text/tiamat.txt,data/evidence/whois/html/tiamat.html,yes,no,no,medium,query_name=Tiamat | display_name=Tiamat The Red Devil | epithet_or_title=The Red Devil | Last login 1 hour ago.
whois_tianbao_1780916558,char_tianbao,Tianbao,tianbao,Half-elven Patriarch,Retired,data/evidence/whois/text/tianbao.txt,data/evidence/whois/html/tianbao.html,yes,no,no,medium,"query_name=Tianbao | display_name=Tianbao, Patriarch of Tirion | epithet_or_title=, Patriarch of Tirion | Last login 11 months and 9 days ago from *.th."
whois_tim_1780916564,char_tim,Tim,tim,Half-Elf,Retired,data/evidence/whois/text/tim.txt,data/evidence/whois/html/tim.html,yes,no,no,medium,"query_name=Tim | display_name=Tim the Enchanter | epithet_or_title=the Enchanter | Last login 22 years, 4 months, and 7 days ago."
whois_tindomerel_1780916570,char_tindomerel,Tindomerel,tindomerel,so hot your head goes Yufzbarr is a level sixty-one Noldorin Heroine,Retired,data/evidence/whois/text/tindomerel.txt,data/evidence/whois/html/tindomerel.html,yes,no,no,medium,query_name=Tindomerel | display_name=Tindomerel | Last login 7 months and 3 days ago.
whois_toe_1780916575,char_toe,Toe,toe,the key! is a level thirty-five Cave Troll Wrecker,Retired,data/evidence/whois/text/toe.txt,data/evidence/whois/html/toe.html,yes,no,no,medium,query_name=Toe | display_name=Toe stinks: Offence | epithet_or_title=stinks: Offence
whois_tôin_1780916581,,Tôin,toin,Dwarven Hero,Retired,data/evidence/whois/text/toin.txt,data/evidence/whois/html/toin.html,yes,no,no,medium,"query_name=Toin | display_name=Tôin Grudgebearer, Emissary of Belegost | epithet_or_title=Grudgebearer, Emissary of Belegost | Last login 13 years, 8 months, and 25 days ago from *.se."
whois_toker_1780916587,char_toker,Toker,toker,Dwarven Ranger,Retired,data/evidence/whois/text/toker.txt,data/evidence/whois/html/toker.html,yes,no,no,medium,"query_name=Toker | display_name=Toker Torcil, one of the Otso | epithet_or_title=Torcil, one of the Otso | Last login 13 years, 2 months, and 9 days ago from *.no."
whois_toku_1780916592,char_toku,Toku,toku,Hobbit,Retired,data/evidence/whois/text/toku.txt,data/evidence/whois/html/toku.html,yes,no,no,medium,query_name=Toku | display_name=Toku has fallen and he cant get up | epithet_or_title=has fallen and he cant get up | Last login 22 years and 24 days ago.
whois_tolman_1780916598,char_tolman,Tolman,tolman,Hobbit,Retired,data/evidence/whois/text/tolman.txt,data/evidence/whois/html/tolman.html,yes,no,no,medium,"query_name=Tolman | display_name=Tolman Boldman | epithet_or_title=Boldman | Last login 16 years, 7 months, and 1 day ago."
whois_tommy_1780916604,char_tommy,Tommy,tommy,Hobbit,Retired,data/evidence/whois/text/tommy.txt,data/evidence/whois/html/tommy.html,yes,no,no,medium,query_name=Tommy | display_name=Tommy Hilfiger aka stingAErn - Big Pimpin' | epithet_or_title=Hilfiger aka stingAErn - Big Pimpin'
whois_tora_1780916615,char_tora,Tora,tora,Man,Retired,data/evidence/whois/text/tora.txt,data/evidence/whois/html/tora.html,yes,no,no,medium,"query_name=Tora | display_name=Tora | Last login 1 year, 10 months, and 15 days ago from *.net."
whois_toran_1780916621,char_toran,Toran,toran,Half-elven Scout,Retired,data/evidence/whois/text/toran.txt,data/evidence/whois/html/toran.html,yes,no,no,medium,query_name=Toran | display_name=Toran | Last login 6 years and 26 days ago from *.nu.
whois_torham_1780916626,char_torham,Torham,torham,Beorning Battlemaster,Retired,data/evidence/whois/text/torham.txt,data/evidence/whois/html/torham.html,yes,no,no,medium,"query_name=Torham | display_name=Torham the Hero | epithet_or_title=the Hero | Last login 17 years, 3 months, and 18 days ago from [numerical address]."
whois_torkild_1780916632,char_torkild,Torkild,torkild,Man,Retired,data/evidence/whois/text/torkild.txt,data/evidence/whois/html/torkild.html,yes,no,no,medium,query_name=Torkild | display_name=Torkild
whois_torment_1780916637,char_torment,Torment,torment,Tarkhnarb Rider,Retired,data/evidence/whois/text/torment.txt,data/evidence/whois/html/torment.html,yes,no,no,medium,query_name=Torment | display_name=Torment the Fallen-From-Grace | epithet_or_title=the Fallen-From-Grace
whois_torq_1780916643,char_torq,Torq,torq,Tarkhnarb Warrior,,data/evidence/whois/text/torq.txt,data/evidence/whois/html/torq.html,yes,no,no,medium,query_name=Torq | display_name=Torq Torq Torq | epithet_or_title=Torq Torq
whois_torvald_1780916649,char_torvald,Torvald,torvald,Dwarven Mercenary,Retired,data/evidence/whois/text/torvald.txt,data/evidence/whois/html/torvald.html,yes,no,no,medium,query_name=Torvald | display_name=Torvald | Last login 19 years and 11 months ago from *.se.
whois_toulen_1780916654,char_toulen,Toulen,toulen,Elf,Retired,data/evidence/whois/text/toulen.txt,data/evidence/whois/html/toulen.html,yes,no,no,medium,"query_name=Toulen | display_name=Toulen Orthodox Mage! [the fallen one] | epithet_or_title=Orthodox Mage! [the fallen one] | Last login 20 years, 4 months, and 28 days ago."
whois_tragikomix_1780916666,char_tragikomix,Tragikomix,tragikomix,Black Númenórean,Retired,data/evidence/whois/text/tragikomix.txt,data/evidence/whois/html/tragikomix.html,yes,no,no,medium,"query_name=Tragikomix | display_name=Tragikomix the Timeslider, likes the Pinball Effect | epithet_or_title=the Timeslider, likes the Pinball Effect"
whois_tram_1780916671,char_tram,Tram,tram,Maia,Retired,data/evidence/whois/text/tram.txt,data/evidence/whois/html/tram.html,yes,no,no,medium,query_name=Tram | display_name=Tram the Forsaken | epithet_or_title=the Forsaken | role=Cartographer
whois_trassel_1780916688,char_trassel,Trassel,trassel,Half-Elf,Retired,data/evidence/whois/text/trassel.txt,data/evidence/whois/html/trassel.html,yes,no,no,medium,"query_name=Trassel | display_name=Trassel the White Raven | epithet_or_title=the White Raven | Last login 7 years, 9 months, and 22 days ago."
whois_traverza_1780916694,char_traverza,Traverza,traverza,Troll,Retired,data/evidence/whois/text/traverza.txt,data/evidence/whois/html/traverza.html,yes,no,no,medium,query_name=Traverza | display_name=Traverza Rezava | epithet_or_title=Rezava
whois_trazsh_1780916699,char_trazsh,Trazsh,trazsh,Tarkhnarb Battlemaster,Retired,data/evidence/whois/text/trazsh.txt,data/evidence/whois/html/trazsh.html,yes,no,no,medium,query_name=Trazsh | display_name=Trazsh the Dark Warrior of GoblinTown | epithet_or_title=the Dark Warrior of GoblinTown
whois_trinity_1780916711,char_trinity,Trinity,trinity,Rohirric Rider,Retired,data/evidence/whois/text/trinity.txt,data/evidence/whois/html/trinity.html,yes,no,no,medium,"query_name=Trinity | display_name=Trinity Silverspear, Outrider of Rohan | epithet_or_title=Silverspear, Outrider of Rohan | Last login 1 year and 10 days ago from *.ee."
whois_trobo_1780916716,char_trobo,Trobo,trobo,Hobbit,Retired,data/evidence/whois/text/trobo.txt,data/evidence/whois/html/trobo.html,yes,no,no,medium,"query_name=Trobo | display_name=Trobo | Last login 7 years, 1 month, and 21 days ago."
whois_trori_1780916733,char_trori,Trori,trori,Dwarf,Retired,data/evidence/whois/text/trori.txt,data/evidence/whois/html/trori.html,yes,no,no,medium,"query_name=Trori | display_name=Trori the Crazed | epithet_or_title=the Crazed | Last login 17 years, 1 month, and 11 days ago."
whois_tukanek_1780916739,char_tukanek,Tukanek,tukanek,Dwarf,Retired,data/evidence/whois/text/tukanek.txt,data/evidence/whois/html/tukanek.html,yes,no,no,medium,"query_name=Tukanek | display_name=Tukanek Dwarven Bastard | epithet_or_title=Dwarven Bastard | Last login 1 year, 4 months, and 25 days ago from *.net."
whois_tupoun_1780916750,char_tupoun,Tupoun,tupoun,Tarkhnarb Champion,Retired,data/evidence/whois/text/tupoun.txt,data/evidence/whois/html/tupoun.html,yes,no,no,medium,query_name=Tupoun | display_name=Tupoun the Brute | epithet_or_title=the Brute
whois_turgon_1780916756,char_turgon,Turgon,turgon,Noldorin Rider,Retired,data/evidence/whois/text/turgon.txt,data/evidence/whois/html/turgon.html,yes,no,no,medium,"query_name=Turgon | display_name=Turgon the Wise, Lord of Gondolin | epithet_or_title=the Wise, Lord of Gondolin | Last login 10 years, 3 months, and 15 days ago from *.se."
whois_turim_1780916761,char_turim,Turim,turim,Dwarf,Retired,data/evidence/whois/text/turim.txt,data/evidence/whois/html/turim.html,yes,no,no,medium,"query_name=Turim | display_name=Turim - | epithet_or_title=- | Last login 16 years, 3 months, and 2 days ago."
whois_tutti_1780916773,char_tutti,Tutti,tutti,Half-elven Hero,Retired,data/evidence/whois/text/tutti.txt,data/evidence/whois/html/tutti.html,yes,no,no,medium,"query_name=Tutti | display_name=Tutti Hottentotti | epithet_or_title=Hottentotti | Last login 7 years, 5 months, and 13 days ago from [numerical address]."
whois_tvimina_1780916779,char_tvimina,Tvimina,tvimina,Hobbit,Retired,data/evidence/whois/text/tvimina.txt,data/evidence/whois/html/tvimina.html,yes,no,no,medium,"query_name=Tvimina | display_name=Tvimina | Last login 3 years, 4 months, and 10 days ago."
whois_twog_1780916784,char_twog,Twog,twog,Orc,Retired,data/evidence/whois/text/twog.txt,data/evidence/whois/html/twog.html,yes,no,no,medium,query_name=Twog | display_name=Twog
whois_twoq_1780916790,char_twoq,Twoq,twoq,Dwarf,Retired,data/evidence/whois/text/twoq.txt,data/evidence/whois/html/twoq.html,yes,no,no,medium,"query_name=Twoq | display_name=Twoq | Last login 13 years, 7 months, and 23 days ago."
whois_tygr_1780916795,char_tygr,Tygr,tygr,Half-Elf,Retired,data/evidence/whois/text/tygr.txt,data/evidence/whois/html/tygr.html,yes,no,no,medium,query_name=Tygr | display_name=Tygr | Last login 17 years and 7 days ago.
whois_tyrion_1780916801,char_tyrion,Tyrion,tyrion,Black Númenórean,Retired,data/evidence/whois/text/tyrion.txt,data/evidence/whois/html/tyrion.html,yes,no,no,medium,query_name=Tyrion | display_name=Tyrion Lannister | epithet_or_title=Lannister
whois_tzanck_1780916807,char_tzanck,Tzanck,tzanck,Tarkhnarb Necromancer,Retired,data/evidence/whois/text/tzanck.txt,data/evidence/whois/html/tzanck.html,yes,no,no,medium,query_name=Tzanck | display_name=Tzanck Sneer | epithet_or_title=Sneer
whois_uber_1780916812,char_uber,Uber,uber,Dwarf,Retired,data/evidence/whois/text/uber.txt,data/evidence/whois/html/uber.html,yes,no,no,medium,query_name=Uber | display_name=Uber the Pirate | epithet_or_title=the Pirate | Last login 7 months and 16 days ago.
whois_udo_1780916818,char_udo,Udo,udo,Dwarf,Retired,data/evidence/whois/text/udo.txt,data/evidence/whois/html/udo.html,yes,no,no,medium,"query_name=Udo | display_name=Udo ChestBeard, King of MithrilBalls | epithet_or_title=ChestBeard, King of MithrilBalls | Last login 3 years, 5 months, and 26 days ago."
whois_uffe_1780916823,char_uffe,Uffe,uffe,Orkish Fighter,,data/evidence/whois/text/uffe.txt,data/evidence/whois/html/uffe.html,yes,no,no,medium,query_name=Uffe | display_name=Uffe Knuffar | epithet_or_title=Knuffar
whois_ughár_1780916835,,Ughár,ughar,Tarkhnarb Necromancer,Retired,data/evidence/whois/text/ughar.txt,data/evidence/whois/html/ughar.html,yes,no,no,medium,query_name=Ughar | display_name=Ughár the Ugly | epithet_or_title=the Ugly
whois_ugnez_1780916840,char_ugnez,Ugnez,ugnez,Tarkhnarb Battlemaster,Retired,data/evidence/whois/text/ugnez.txt,data/evidence/whois/html/ugnez.html,yes,no,no,medium,"query_name=Ugnez | display_name=Ugnez the Dreadlord, Lord of Darkness | epithet_or_title=the Dreadlord, Lord of Darkness"
whois_ukuvul_1780916852,char_ukuvul,Ukuvul,ukuvul,Orkish Sentry,Retired,data/evidence/whois/text/ukuvul.txt,data/evidence/whois/html/ukuvul.html,yes,no,no,medium,query_name=Ukuvul | display_name=Ukuvul
whois_ula_1780916857,char_ula,Ula,ula,Tarkhnarb Cut-Throat,Retired,data/evidence/whois/text/ula.txt,data/evidence/whois/html/ula.html,yes,no,no,medium,query_name=Ula | display_name=Ula
whois_uland_1780916863,char_uland,Uland,uland,Noldorin Hero,Retired,data/evidence/whois/text/uland.txt,data/evidence/whois/html/uland.html,yes,no,no,medium,"query_name=Uland | display_name=Uland the Elder | epithet_or_title=the Elder | Last login 23 years, 1 month, and 23 days ago from *.com."
whois_uldrâk_1780916868,,Uldrâk,uldrak,Tarkhnarb Battlemaster,Retired,data/evidence/whois/text/uldrak.txt,data/evidence/whois/html/uldrak.html,yes,no,no,medium,query_name=Uldrak | display_name=Uldrâk of Angband | epithet_or_title=of Angband
whois_ulfhild_1780916874,char_ulfhild,Ulfhild,ulfhild,Hill Troll Warrior,,data/evidence/whois/text/ulfhild.txt,data/evidence/whois/html/ulfhild.html,yes,no,no,medium,query_name=Ulfhild | display_name=Ulfhild of the Hill | epithet_or_title=of the Hill
whois_ulkaar_1780916880,char_ulkaar,Ulkaar,ulkaar,Orc,Retired,data/evidence/whois/text/ulkaar.txt,data/evidence/whois/html/ulkaar.html,yes,no,no,medium,query_name=Ulkaar | display_name=Ulkaar
whois_umanidd_1780916885,char_umanidd,Umanidd,umanidd,Black Númenórean,Retired,data/evidence/whois/text/umanidd.txt,data/evidence/whois/html/umanidd.html,yes,no,no,medium,query_name=Umanidd | display_name=Umanidd Rag Doll | epithet_or_title=Rag Doll
whois_umnik_1780916891,char_umnik,Umnik,umnik,Half-elven Warlock,,data/evidence/whois/text/umnik.txt,data/evidence/whois/html/umnik.html,yes,no,no,medium,query_name=Umnik | display_name=Umnik smart headmaster | epithet_or_title=smart headmaster
whois_ungrim_1780916902,char_ungrim,Ungrim,ungrim,Dwarven Battlemaster,Retired,data/evidence/whois/text/ungrim.txt,data/evidence/whois/html/ungrim.html,yes,no,no,medium,"query_name=Ungrim | display_name=Ungrim | Last login 21 years, 4 months, and 13 days ago from *.se."
whois_unholy_1780916908,char_unholy,Unholy,unholy,Tarkhnarb Champion,Retired,data/evidence/whois/text/unholy.txt,data/evidence/whois/html/unholy.html,yes,no,no,medium,query_name=Unholy | display_name=Unholy Misery | epithet_or_title=Misery
whois_uralyon_1780916919,char_uralyon,Uralyon,uralyon,Black Númenórean Mercenary,Retired,data/evidence/whois/text/uralyon.txt,data/evidence/whois/html/uralyon.html,yes,no,no,medium,query_name=Uralyon | display_name=Uralyon
whois_uriond_1780916925,char_uriond,Uriond,uriond,Elf,Retired,data/evidence/whois/text/uriond.txt,data/evidence/whois/html/uriond.html,yes,no,no,medium,query_name=Uriond | display_name=Uriond | Last login 1 year and 10 months ago.
whois_uzbâd_1780916942,,Uzbâd,uzbad,Dwarf,,data/evidence/whois/text/uzbad.txt,data/evidence/whois/html/uzbad.html,yes,no,no,medium,query_name=Uzbad | display_name=Uzbâd Unz | epithet_or_title=Unz | Last login 6 days and 15 hours ago.
whois_vaim_1780916958,char_vaim,Vaim,vaim,Elf,Retired,data/evidence/whois/text/vaim.txt,data/evidence/whois/html/vaim.html,yes,no,no,medium,"query_name=Vaim | display_name=Vaim ... | epithet_or_title=... | Last login 2 years, 7 months, and 3 days ago."
whois_väinämöinen_1780916964,,Väinämöinen,vainamoinen,Silvan Hero,Retired,data/evidence/whois/text/vainamoinen.txt,data/evidence/whois/html/vainamoinen.html,yes,no,no,medium,"query_name=Vainamoinen | display_name=Väinämöinen Väkevä | epithet_or_title=Väkevä | Last login 3 years, 4 months, and 22 days ago from *.com."
whois_valacar_1780916970,char_valacar,Valacar,valacar,Man,Retired,data/evidence/whois/text/valacar.txt,data/evidence/whois/html/valacar.html,yes,no,no,medium,"query_name=Valacar | display_name=Valacar | Last login 10 years, 1 month, and 17 days ago."
whois_valamir_1780916975,char_valamir,Valamir,valamir,Elf,,data/evidence/whois/text/valamir.txt,data/evidence/whois/html/valamir.html,yes,no,no,medium,query_name=Valamir | display_name=Valamir the Magemaster of the Red Dragons | epithet_or_title=the Magemaster of the Red Dragons | Last login 5 days and 15 hours ago.
whois_válandar_1780916981,,Válandar,valandar,Elf,Retired,data/evidence/whois/text/valandar.txt,data/evidence/whois/html/valandar.html,yes,no,no,medium,query_name=Valandar | display_name=Válandar
whois_valdja_1780916992,char_valdja,Valdja,valdja,Orc,Retired,data/evidence/whois/text/valdja.txt,data/evidence/whois/html/valdja.html,yes,no,no,medium,query_name=Valdja | display_name=Valdja the Blackened | epithet_or_title=the Blackened
whois_valen_1780916998,char_valen,Valen,valen,Eriadorian Hero,Retired,data/evidence/whois/text/valen.txt,data/evidence/whois/html/valen.html,yes,no,no,medium,"query_name=Valen | display_name=Valen the Guide | epithet_or_title=the Guide | Last login 25 years, 10 months, and 12 days ago from *.edu."
whois_valeria_1780917003,char_valeria,Valeria,valeria,Elf,,data/evidence/whois/text/valeria.txt,data/evidence/whois/html/valeria.html,yes,no,no,medium,query_name=Valeria | display_name=Valeria | Last login 1 month and 11 days ago from *.com.
whois_valgarv_1780917009,char_valgarv,Valgarv,valgarv,Orc,Retired,data/evidence/whois/text/valgarv.txt,data/evidence/whois/html/valgarv.html,yes,no,no,medium,query_name=Valgarv | display_name=Valgarv the Red Shirted | epithet_or_title=the Red Shirted
whois_valir_1780917015,char_valir,Valir,valir,Dwarf,Retired,data/evidence/whois/text/valir.txt,data/evidence/whois/html/valir.html,yes,no,no,medium,query_name=Valir | display_name=Valir the Dwarven Champion | epithet_or_title=the Dwarven Champion | Last login 11 years and 8 days ago.
whois_valkyria_1780917020,char_valkyria,Valkyria,valkyria,Silvan Warden,Retired,data/evidence/whois/text/valkyria.txt,data/evidence/whois/html/valkyria.html,yes,no,no,medium,"query_name=Valkyria | display_name=Valkyria | Last login 21 years, 10 months, and 4 days ago from *.com."
whois_valkyrie_1780917026,char_valkyrie,Valkyrie,valkyrie,Woman,Retired,data/evidence/whois/text/valkyrie.txt,data/evidence/whois/html/valkyrie.html,yes,no,no,medium,"query_name=Valkyrie | display_name=Valkyrie the Man Huntress | epithet_or_title=the Man Huntress | Last login 21 years, 9 months, and 19 days ago."
whois_vandal_1780917031,char_vandal,Vandal,vandal,Mountain Troll Softskin,Retired,data/evidence/whois/text/vandal.txt,data/evidence/whois/html/vandal.html,yes,no,no,medium,query_name=Vandal | display_name=Vandal
whois_vanimeldë_1780917037,,Vanimeldë,vanimelde,Black Númenórean,Retired,data/evidence/whois/text/vanimelde.txt,data/evidence/whois/html/vanimelde.html,yes,no,no,medium,query_name=Vanimelde | display_name=Vanimeldë the Queen | epithet_or_title=the Queen
whois_vargas_1780917048,char_vargas,Vargas,vargas,Orc,Retired,data/evidence/whois/text/vargas.txt,data/evidence/whois/html/vargas.html,yes,no,no,medium,query_name=Vargas | display_name=Vargas
whois_vasa_1780917054,char_vasa,Vasa,vasa,Harfoot Hero,Retired,data/evidence/whois/text/vasa.txt,data/evidence/whois/html/vasa.html,yes,no,no,medium,query_name=Vasa | display_name=Vasa the bouncing Ninja | epithet_or_title=the bouncing Ninja | Last login 10 months and 21 days ago from *.net.
whois_vasilisa_1780917060,char_vasilisa,Vasilisa,vasilisa,Elf,Retired,data/evidence/whois/text/vasilisa.txt,data/evidence/whois/html/vasilisa.html,yes,no,no,medium,"query_name=Vasilisa | display_name=Vasilisa the Wise | epithet_or_title=the Wise | Last login 3 years, 2 months, and 3 days ago."
whois_vassago_1780917065,char_vassago,Vassago,vassago,Orc,Retired,data/evidence/whois/text/vassago.txt,data/evidence/whois/html/vassago.html,yes,no,no,medium,query_name=Vassago | display_name=Vassago dfg | epithet_or_title=dfg
whois_vecna_1780917082,char_vecna,Vecna,vecna,Black Númenórean,Retired,data/evidence/whois/text/vecna.txt,data/evidence/whois/html/vecna.html,yes,no,no,medium,"query_name=Vecna | display_name=Vecna, Master of the Spider Throne | epithet_or_title=, Master of the Spider Throne"
whois_verminaard_1780917094,char_verminaard,Verminaard,verminaard,Orc,Retired,data/evidence/whois/text/verminaard.txt,data/evidence/whois/html/verminaard.html,yes,no,no,medium,query_name=Verminaard | display_name=Verminaard the Bloodstained | epithet_or_title=the Bloodstained
whois_viclona_1780917099,char_viclona,Viclona,viclona,Elf,Retired,data/evidence/whois/text/viclona.txt,data/evidence/whois/html/viclona.html,yes,no,no,medium,"query_name=Viclona | display_name=Viclona | Last login 15 years, 3 months, and 7 days ago."
whois_vidomina_1780917105,char_vidomina,Vidomina,vidomina,Eriadorian Heroine,Retired,data/evidence/whois/text/vidomina.txt,data/evidence/whois/html/vidomina.html,yes,no,no,medium,"query_name=Vidomina | display_name=Vidomina Hero from the Past | epithet_or_title=Hero from the Past | Last login 3 years, 6 months, and 24 days ago from *.ee."
whois_vij_1780917110,char_vij,Vij,vij,Troll,Retired,data/evidence/whois/text/vij.txt,data/evidence/whois/html/vij.html,yes,no,no,medium,query_name=Vij | display_name=Vij the sissy one | epithet_or_title=the sissy one
whois_vili_1780917116,char_vili,Vili,vili,Dwarven Veteran,Retired,data/evidence/whois/text/vili.txt,data/evidence/whois/html/vili.html,yes,no,no,medium,"query_name=Vili | display_name=Vili | Last login 16 years, 7 months, and 18 days ago from *.com."
whois_vincenzo_1780917127,char_vincenzo,Vincenzo,vincenzo,Harfoot Sage,Retired,data/evidence/whois/text/vincenzo.txt,data/evidence/whois/html/vincenzo.html,yes,no,no,medium,"query_name=Vincenzo | display_name=Vincenzo Vigilante, Crimson Sage of the SST | epithet_or_title=Vigilante, Crimson Sage of the SST | Last login 24 years, 5 months, and 4 days ago from *.dk."
whois_vip_1780917133,char_vip,Vip,vip,Black Númenórean Envoy,Retired,data/evidence/whois/text/vip.txt,data/evidence/whois/html/vip.html,yes,no,no,medium,query_name=Vip | display_name=Vip the Black Necrofilonean Patriarch | epithet_or_title=the Black Necrofilonean Patriarch
whois_vishnak_1780917138,char_vishnak,Vishnak,vishnak,Tarkhnarb Veteran,Retired,data/evidence/whois/text/vishnak.txt,data/evidence/whois/html/vishnak.html,yes,no,no,medium,query_name=Vishnak | display_name=Vishnak the Dark Caress | epithet_or_title=the Dark Caress
whois_vlas_1780917144,char_vlas,Vlas,vlas,Troll,Retired,data/evidence/whois/text/vlas.txt,data/evidence/whois/html/vlas.html,yes,no,no,medium,query_name=Vlas | display_name=Vlas
whois_voile_1780917150,char_voile,Voile,voile,Maia,Retired,data/evidence/whois/text/voile.txt,data/evidence/whois/html/voile.html,yes,no,no,medium,"query_name=Voile | display_name=Voile the ""Liquidator"" | epithet_or_title=the ""Liquidator"" | role=Cartographer"
whois_vôld_1780917155,,Vôld,vold,Orkish Veteran,Retired,data/evidence/whois/text/vold.txt,data/evidence/whois/html/vold.html,yes,no,no,medium,query_name=Vold | display_name=Vôld Sám | epithet_or_title=Sám
whois_voltron_1780917161,char_voltron,Voltron,voltron,Mountain Troll Warrior,Retired,data/evidence/whois/text/voltron.txt,data/evidence/whois/html/voltron.html,yes,no,no,medium,query_name=Voltron | display_name=Voltron the Defender of the Universe! | epithet_or_title=the Defender of the Universe!
whois_vortex_1780917172,char_vortex,Vortex,vortex,Mountain Troll Warrior,Retired,data/evidence/whois/text/vortex.txt,data/evidence/whois/html/vortex.html,yes,no,no,medium,query_name=Vortex | display_name=Vortex Vaporizer | epithet_or_title=Vaporizer
whois_vradul_1780917178,char_vradul,Vradul,vradul,Dwarven Ranger,Retired,data/evidence/whois/text/vradul.txt,data/evidence/whois/html/vradul.html,yes,no,no,medium,"query_name=Vradul | display_name=Vradul | Last login 7 years, 10 months, and 9 days ago from [numerical address]."
whois_vrede_1780917189,char_vrede,Vrede,vrede,Hobbit,Retired,data/evidence/whois/text/vrede.txt,data/evidence/whois/html/vrede.html,yes,no,no,medium,"query_name=Vrede | display_name=Vrede the Criminal | epithet_or_title=the Criminal | Last login 17 years, 6 months, and 7 days ago."
whois_vridush_1780917195,char_vridush,Vridush,vridush,Orc,Retired,data/evidence/whois/text/vridush.txt,data/evidence/whois/html/vridush.html,yes,no,no,medium,query_name=Vridush | display_name=Vridush all I can breath; all that I feel | epithet_or_title=all I can breath; all that I feel
whois_vsevolod_1780917206,char_vsevolod,Vsevolod,vsevolod,Orc,Retired,data/evidence/whois/text/vsevolod.txt,data/evidence/whois/html/vsevolod.html,yes,no,no,medium,query_name=Vsevolod | display_name=Vsevolod Polotskij | epithet_or_title=Polotskij
whois_waba_1780917217,char_waba,Waba,waba,"Vala, one of the Aratar",,data/evidence/whois/text/waba.txt,data/evidence/whois/html/waba.html,yes,no,no,medium,query_name=Waba | display_name=Waba
whois_wacka_1780917223,char_wacka,Wacka,wacka,Troll,Retired,data/evidence/whois/text/wacka.txt,data/evidence/whois/html/wacka.html,yes,no,no,medium,query_name=Wacka | display_name=Wacka Microphone | epithet_or_title=Microphone
whois_warren_1780917234,char_warren,Warren,warren,Dwarf,Retired,data/evidence/whois/text/warren.txt,data/evidence/whois/html/warren.html,yes,no,no,medium,"query_name=Warren | display_name=Warren | Last login 19 years, 9 months, and 18 days ago."
whois_warzûr_1780917240,,Warzûr,warzur,Tarkhnarb Battlemaster,Retired,data/evidence/whois/text/warzur.txt,data/evidence/whois/html/warzur.html,yes,no,no,medium,query_name=Warzur | display_name=Warzûr the Master Battlelord of Mazarbul | epithet_or_title=the Master Battlelord of Mazarbul
whois_watár_1780917246,,Watár,watar,Tarkhnarb Assassin,Retired,data/evidence/whois/text/watar.txt,data/evidence/whois/html/watar.html,yes,no,no,medium,query_name=Watar | display_name=Watár the Foolish Snaga | epithet_or_title=the Foolish Snaga
whois_wenom_1780917251,char_wenom,Wenom,wenom,Tarkhnarb Assassin,Retired,data/evidence/whois/text/wenom.txt,data/evidence/whois/html/wenom.html,yes,no,no,medium,"query_name=Wenom | display_name=Wenom Viddelvith, Dark orc Warrior | epithet_or_title=Viddelvith, Dark orc Warrior"
whois_wierd_1780917268,char_wierd,Wierd,wierd,Orc,Retired,data/evidence/whois/text/wierd.txt,data/evidence/whois/html/wierd.html,yes,no,no,medium,query_name=Wierd | display_name=Wierd Whyred | epithet_or_title=Whyred
whois_wilma_1780917273,char_wilma,Wilma,wilma,Hill Troll Softskin,Retired,data/evidence/whois/text/wilma.txt,data/evidence/whois/html/wilma.html,yes,no,no,medium,query_name=Wilma | display_name=Wilma
whois_wind_1780917279,char_wind,Wind,wind,Tarkhnarb Veteran,Retired,data/evidence/whois/text/wind.txt,data/evidence/whois/html/wind.html,yes,no,no,medium,"query_name=Wind | display_name=Wind Warcall, Lieutenant of Great Goblin | epithet_or_title=Warcall, Lieutenant of Great Goblin"
whois_winnie_1780917285,char_winnie,Winnie,winnie,Beorning Battlemistress,Retired,data/evidence/whois/text/winnie.txt,data/evidence/whois/html/winnie.html,yes,no,no,medium,"query_name=Winnie | display_name=Winnie the Bear-girl | epithet_or_title=the Bear-girl | Last login 18 years, 8 months, and 29 days ago from *.be."
whois_winzy_1780917290,char_winzy,Winzy,winzy,Man,Retired,data/evidence/whois/text/winzy.txt,data/evidence/whois/html/winzy.html,yes,no,no,medium,"query_name=Winzy | display_name=Winzy No Bangs [M.L], the first son of Beorn | epithet_or_title=No Bangs [M.L], the first son of Beorn | Last login 5 months and 6 days ago."
whois_wobbit_1780917296,char_wobbit,Wobbit,wobbit,Harfoot Priestess,Retired,data/evidence/whois/text/wobbit.txt,data/evidence/whois/html/wobbit.html,yes,no,no,medium,"query_name=Wobbit | display_name=Wobbit Golden Heart | epithet_or_title=Golden Heart | Last login 12 years, 4 months, and 24 days ago from [numerical address]."
whois_woe_1780917301,char_woe,Woe,woe,Tarkhnarb Rider,Retired,data/evidence/whois/text/woe.txt,data/evidence/whois/html/woe.html,yes,no,no,medium,query_name=Woe | display_name=Woe your fate | epithet_or_title=your fate
whois_wong_1780917313,char_wong,Wong,wong,Silvan Hero,Retired,data/evidence/whois/text/wong.txt,data/evidence/whois/html/wong.html,yes,no,no,medium,query_name=Wong | display_name=Wong Fei Hung | epithet_or_title=Fei Hung | Last login 2 years and 9 months ago from *.de.
whois_wow_1780917318,char_wow,Wow,wow,Maia,Retired,data/evidence/whois/text/wow.txt,data/evidence/whois/html/wow.html,yes,no,no,medium,query_name=Wow | display_name=Wow bagger | epithet_or_title=bagger | role=Cartographer
whois_wryak_1780917335,char_wryak,Wryak,wryak,Maia,,data/evidence/whois/text/wryak.txt,data/evidence/whois/html/wryak.html,yes,no,no,medium,query_name=Wryak | display_name=Wryak the Worthless | epithet_or_title=the Worthless
whois_wucheria_1780917346,char_wucheria,Wucheria,wucheria,Troll,Retired,data/evidence/whois/text/wucheria.txt,data/evidence/whois/html/wucheria.html,yes,no,no,medium,query_name=Wucheria | display_name=Wucheria Bancrofti | epithet_or_title=Bancrofti
whois_wurzl_1780917352,char_wurzl,Wurzl,wurzl,Hobbit,Retired,data/evidence/whois/text/wurzl.txt,data/evidence/whois/html/wurzl.html,yes,no,no,medium,query_name=Wurzl | display_name=Wurzl the Widowmaker | epithet_or_title=the Widowmaker | Last login 2 months and 9 days ago from *.at.
whois_wyzz_1780917358,char_wyzz,Wyzz,wyzz,Silvan Patriarch,Retired,data/evidence/whois/text/wyzz.txt,data/evidence/whois/html/wyzz.html,yes,no,no,medium,"query_name=Wyzz | display_name=Wyzz the Ancient, Archmage of Athel-Loren | epithet_or_title=the Ancient, Archmage of Athel-Loren | Last login 15 years, 11 months, and 16 days ago from *.se."
whois_xágök_1780917363,,Xágök,xagok,Orkish Burglar,Retired,data/evidence/whois/text/xagok.txt,data/evidence/whois/html/xagok.html,yes,no,no,medium,query_name=Xagok | display_name=Xágök
whois_xaltotun_1780917369,char_xaltotun,Xaltotun,xaltotun,Tarkhnarb Champion,Retired,data/evidence/whois/text/xaltotun.txt,data/evidence/whois/html/xaltotun.html,yes,no,no,medium,"query_name=Xaltotun | display_name=Xaltotun the Purple Ninja, Tunck-Fu Clan | epithet_or_title=the Purple Ninja, Tunck-Fu Clan"
whois_xandahar_1780917375,char_xandahar,Xandahar,xandahar,Black Númenórean Rider,Retired,data/evidence/whois/text/xandahar.txt,data/evidence/whois/html/xandahar.html,yes,no,no,medium,query_name=Xandahar | display_name=Xandahar
whois_xander_1780917380,char_xander,Xander,xander,Half-elven Sentry,Retired,data/evidence/whois/text/xander.txt,data/evidence/whois/html/xander.html,yes,no,no,medium,"query_name=Xander | display_name=Xander | Last login 20 years, 9 months, and 29 days ago from *.com."
whois_xelloss_1780917397,char_xelloss,Xelloss,xelloss,Tarkhnarb Necromancer,Retired,data/evidence/whois/text/xelloss.txt,data/evidence/whois/html/xelloss.html,yes,no,no,medium,query_name=Xelloss | display_name=Xelloss
whois_xile_1780917403,char_xile,Xile,xile,Silvan Mountaineer,Retired,data/evidence/whois/text/xile.txt,data/evidence/whois/html/xile.html,yes,no,no,medium,"query_name=Xile | display_name=Xile from society. | epithet_or_title=from society. | Last login 1 year, 9 months, and 12 days ago."
whois_yanwe_1780917420,char_yanwe,Yanwe,yanwe,Woman,Retired,data/evidence/whois/text/yanwe.txt,data/evidence/whois/html/yanwe.html,yes,no,no,medium,"query_name=Yanwe | display_name=Yanwe | Last login 22 years, 9 months, and 17 days ago."
whois_ypsilon_1780917426,char_ypsilon,Ypsilon,ypsilon,Noldorin Quickblade,Retired,data/evidence/whois/text/ypsilon.txt,data/evidence/whois/html/ypsilon.html,yes,no,no,medium,"query_name=Ypsilon | display_name=Ypsilon the Still Wind of the Underdark | epithet_or_title=the Still Wind of the Underdark | Last login 18 years, 10 months, and 14 days ago from *.ee."
whois_ytinas_1780917431,char_ytinas,Ytinas,ytinas,Maia,Retired,data/evidence/whois/text/ytinas.txt,data/evidence/whois/html/ytinas.html,yes,no,no,medium,query_name=Ytinas | display_name=Ytinas Ni crosses the road. Why? | epithet_or_title=Ni crosses the road. Why?
whois_zaber_1780917437,char_zaber,Zaber,zaber,Half-elven Soldier,Retired,data/evidence/whois/text/zaber.txt,data/evidence/whois/html/zaber.html,yes,no,no,medium,"query_name=Zaber | display_name=Zaber King of Half Elves - Old[NSL]School | epithet_or_title=King of Half Elves - Old[NSL]School | Last login 10 years, 10 months, and 17 days ago from *.eu."
whois_zanetha_1780917442,char_zanetha,Zanetha,zanetha,Mountain Troll Warrior,Retired,data/evidence/whois/text/zanetha.txt,data/evidence/whois/html/zanetha.html,yes,no,no,medium,"query_name=Zanetha | display_name=Zanetha Zane, Raider of Isengard | epithet_or_title=Zane, Raider of Isengard"
whois_zar_1780917448,char_zar,Zar,zar,Harfoot Hunter,Retired,data/evidence/whois/text/zar.txt,data/evidence/whois/html/zar.html,yes,no,no,medium,"query_name=Zar | display_name=Zar The Swift Pain | epithet_or_title=The Swift Pain | Last login 20 years, 8 months, and 24 days ago from *.net."
whois_zé_1780917454,,Zé,ze,Orc,Retired,data/evidence/whois/text/ze.txt,data/evidence/whois/html/ze.html,yes,no,no,medium,query_name=Ze | display_name=Zé the Anomali Animal | epithet_or_title=the Anomali Animal
whois_zed_1780917459,char_zed,Zed,zed,Cave Troll Warrior,Retired,data/evidence/whois/text/zed.txt,data/evidence/whois/html/zed.html,yes,no,no,medium,query_name=Zed | display_name=Zed Dredd of the Troll Kamikaze Squadron | epithet_or_title=Dredd of the Troll Kamikaze Squadron
whois_zeddicus_1780917466,char_zeddicus,Zeddicus,zeddicus,Dwarven Hero,Retired,data/evidence/whois/text/zeddicus.txt,data/evidence/whois/html/zeddicus.html,yes,no,no,medium,"query_name=Zeddicus | display_name=Zeddicus Stronghand, Warden of Durin's House | epithet_or_title=Stronghand, Warden of Durin's House | Last login 23 years, 1 month, and 22 days ago from [numerical address]."
whois_zerabethulh_1780917471,char_zerabethulh,Zerabethulh,zerabethulh,Orkish Veteran,Retired,data/evidence/whois/text/zerabethulh.txt,data/evidence/whois/html/zerabethulh.html,yes,no,no,medium,query_name=Zerabethulh | display_name=Zerabethulh the Brutal Mosquitoehunter | epithet_or_title=the Brutal Mosquitoehunter
whois_zeroth_1780917477,char_zeroth,Zeroth,zeroth,Tarkhnarb Battlemaster,Retired,data/evidence/whois/text/zeroth.txt,data/evidence/whois/html/zeroth.html,yes,no,no,medium,query_name=Zeroth | display_name=Zeroth
whois_zeus_1780917483,char_zeus,Zeus,zeus,Maia,,data/evidence/whois/text/zeus.txt,data/evidence/whois/html/zeus.html,yes,no,no,medium,query_name=Zeus | display_name=Zeus Overlord of Thunder and Lightning | epithet_or_title=Overlord of Thunder and Lightning
whois_zevier_1780917488,char_zevier,Zevier,zevier,Silvan Priestess,Retired,data/evidence/whois/text/zevier.txt,data/evidence/whois/html/zevier.html,yes,no,no,medium,"query_name=Zevier | display_name=Zevier Summerbreeze, Beauty of Athel-Loren | epithet_or_title=Summerbreeze, Beauty of Athel-Loren | Last login 19 years, 9 months, and 8 days ago from *.fi."
whois_zhagrat_1780917494,char_zhagrat,Zhagrat,zhagrat,Tarkhnarb Shaman,,data/evidence/whois/text/zhagrat.txt,data/evidence/whois/html/zhagrat.html,yes,no,no,medium,query_name=Zhagrat | display_name=Zhagrat the Orkish Shaman | epithet_or_title=the Orkish Shaman
whois_zhorgas_1780917500,char_zhorgas,Zhorgas,zhorgas,Orkish Scout,Retired,data/evidence/whois/text/zhorgas.txt,data/evidence/whois/html/zhorgas.html,yes,no,no,medium,"query_name=Zhorgas | display_name=Zhorgas Sánp, Wanna-be Defender of the Outpost | epithet_or_title=Sánp, Wanna-be Defender of the Outpost"
whois_zhuk_1780917505,char_zhuk,Zhuk,zhuk,Orc,Retired,data/evidence/whois/text/zhuk.txt,data/evidence/whois/html/zhuk.html,yes,no,no,medium,query_name=Zhuk | display_name=Zhuk aka Pyroblast Pyroblastovich | epithet_or_title=aka Pyroblast Pyroblastovich
whois_zigrakh_1780917511,char_zigrakh,Zigrakh,zigrakh,Orkish Veteran,Retired,data/evidence/whois/text/zigrakh.txt,data/evidence/whois/html/zigrakh.html,yes,no,no,medium,query_name=Zigrakh | display_name=Zigrakh the heavily scarred | epithet_or_title=the heavily scarred
whois_zigûrakhôr_1780917516,,Zigûrakhôr,zigurakhor,Black Númenórean,Retired,data/evidence/whois/text/zigurakhor.txt,data/evidence/whois/html/zigurakhor.html,yes,no,no,medium,query_name=Zigurakhor | display_name=Zigûrakhôr - Servant of the Agannâlô | epithet_or_title=- Servant of the Agannâlô
whois_zimar_1780917528,char_zimar,Zimar,zimar,Tarkhnarb Fighter,Retired,data/evidence/whois/text/zimar.txt,data/evidence/whois/html/zimar.html,yes,no,no,medium,"query_name=Zimar | display_name=Zimar Zimrakhim, Zneeky Zneekums | epithet_or_title=Zimrakhim, Zneeky Zneekums"
whois_zimrathôn_1780917533,,Zimrathôn,zimrathon,Black Númenórean,Retired,data/evidence/whois/text/zimrathon.txt,data/evidence/whois/html/zimrathon.html,yes,no,no,medium,query_name=Zimrathon | display_name=Zimrathôn the Dark Shadow of Cirith Ungol | epithet_or_title=the Dark Shadow of Cirith Ungol
whois_zina_1780917539,char_zina,Zina,zina,Dúnadan Priestess,Retired,data/evidence/whois/text/zina.txt,data/evidence/whois/html/zina.html,yes,no,no,medium,query_name=Zina | display_name=Zina the Willow Stormtrooper | epithet_or_title=the Willow Stormtrooper | Last login 2 months and 9 days ago from *.at.
whois_zirand_1780917545,char_zirand,Zirand,zirand,Man,Retired,data/evidence/whois/text/zirand.txt,data/evidence/whois/html/zirand.html,yes,no,no,medium,"query_name=Zirand | display_name=Zirand the Assassin | epithet_or_title=the Assassin | Last login 2 years, 10 months, and 7 days ago."
whois_zlababa_1780917550,char_zlababa,Zlababa,zlababa,Tarkhnarb Battlemaster,Retired,data/evidence/whois/text/zlababa.txt,data/evidence/whois/html/zlababa.html,yes,no,no,medium,query_name=Zlababa | display_name=Zlababa
whois_zlo_1780917556,char_zlo,Zlo,zlo,Troll,Retired,data/evidence/whois/text/zlo.txt,data/evidence/whois/html/zlo.html,yes,no,no,medium,query_name=Zlo | display_name=Zlo
whois_zmej_1780917561,char_zmej,Zmej,zmej,Tarkhnarb Champion,Retired,data/evidence/whois/text/zmej.txt,data/evidence/whois/html/zmej.html,yes,no,no,medium,query_name=Zmej | display_name=Zmej Gorinich of Damage Inc | epithet_or_title=Gorinich of Damage Inc
whois_zocker_1780917567,char_zocker,Zocker,zocker,Black Númenórean,Retired,data/evidence/whois/text/zocker.txt,data/evidence/whois/html/zocker.html,yes,no,no,medium,query_name=Zocker | display_name=Zocker the Sweet but not so Deadly | epithet_or_title=the Sweet but not so Deadly
whois_zomb_1780917573,char_zomb,Zomb,zomb,your Papa Bodyguard is an Orc,,data/evidence/whois/text/zomb.txt,data/evidence/whois/html/zomb.html,yes,no,no,medium,query_name=Zomb | display_name=Zomb
whois_zoone_1780917578,char_zoone,Zoone,zoone,Sauron's gift to women is a level thirty-four Tarkhnarb Battlemaster,Retired,data/evidence/whois/text/zoone.txt,data/evidence/whois/html/zoone.html,yes,no,no,medium,query_name=Zoone | display_name=Zoone
whois_zorek_1780917590,char_zorek,Zorek,zorek,Orc,,data/evidence/whois/text/zorek.txt,data/evidence/whois/html/zorek.html,yes,no,no,medium,query_name=Zorek | display_name=Zorek the New Breed | epithet_or_title=the New Breed
whois_zorgmol_1780917595,char_zorgmol,Zorgmol,zorgmol,Orc,Retired,data/evidence/whois/text/zorgmol.txt,data/evidence/whois/html/zorgmol.html,yes,no,no,medium,query_name=Zorgmol | display_name=Zorgmol
whois_zorgoth_1780917601,char_zorgoth,Zorgoth,zorgoth,Orc,Retired,data/evidence/whois/text/zorgoth.txt,data/evidence/whois/html/zorgoth.html,yes,no,no,medium,query_name=Zorgoth | display_name=Zorgoth the Mastersmith of Durgash tribe | epithet_or_title=the Mastersmith of Durgash tribe
whois_zorrak_1780917607,char_zorrak,Zorrak,zorrak,Tarkhnarb Necromancer,Retired,data/evidence/whois/text/zorrak.txt,data/evidence/whois/html/zorrak.html,yes,no,no,medium,query_name=Zorrak | display_name=Zorrak Orcanoid | epithet_or_title=Orcanoid
whois_zrói_1780917618,,Zrói,zroi,Dwarf,Retired,data/evidence/whois/text/zroi.txt,data/evidence/whois/html/zroi.html,yes,no,no,medium,"query_name=Zroi | display_name=Zrói | Last login 9 years, 3 months, and 3 days ago."
whois_zubr_1780917623,char_zubr,Zubr,zubr,Dwarf,Retired,data/evidence/whois/text/zubr.txt,data/evidence/whois/html/zubr.html,yes,no,no,medium,"query_name=Zubr | display_name=Zubr has a Twisted Nerve | epithet_or_title=has a Twisted Nerve | Last login 9 years, 3 months, and 14 days ago."
whois_zug_1780917629,char_zug,Zug,zug,Orc,Retired,data/evidence/whois/text/zug.txt,data/evidence/whois/html/zug.html,yes,no,no,medium,query_name=Zug | display_name=Zug the Bringer of Darkness | epithet_or_title=the Bringer of Darkness
whois_zuljin_1780917635,char_zuljin,Zuljin,zuljin,Orc,Retired,data/evidence/whois/text/zuljin.txt,data/evidence/whois/html/zuljin.html,yes,no,no,medium,query_name=Zuljin | display_name=Zuljin Gorefang | epithet_or_title=Gorefang
whois_zygmud_1780917640,char_zygmud,Zygmud,zygmud,Black Númenórean,Retired,data/evidence/whois/text/zygmud.txt,data/evidence/whois/html/zygmud.html,yes,no,no,medium,"query_name=Zygmud | display_name=Zygmud The Outcast, banned from Kragero | epithet_or_title=The Outcast, banned from Kragero"
whois_bladorfat_1780961751,,Bladorfat,bladorfat,Maia,,data/evidence/whois/text/bladorfat.txt,data/evidence/whois/html/bladorfat.html,yes,no,no,medium,query_name=Bladorfat | display_name=Bladorfat | role=Cartographer
whois_haphet_1780961757,char_haphet,Haphet,haphet-2,Mountain Troll Warrior,Retired,data/evidence/whois/text/haphet-2.txt,data/evidence/whois/html/haphet-2.html,yes,no,no,medium,"query_name=Haphet | display_name=Haphet Bloodtroll | epithet_or_title=Bloodtroll | Last login 17 years, 1 month, and 10 days ago from *.nl."
whois_romaïn_1780961762,char_romaïn,Romaïn,romain-2,Dwarven Axemaster,Retired,data/evidence/whois/text/romain-2.txt,data/evidence/whois/html/romain-2.html,yes,no,no,medium,"query_name=Romain | display_name=Romaïn Bloodfire | epithet_or_title=Bloodfire | Last login 21 years, 4 months, and 15 days ago from *.nl."
whois_aaz_1780961768,char_aaz,Aaz,aaz-3,Tarkhnarb Champion,Retired,data/evidence/whois/text/aaz-3.txt,data/evidence/whois/html/aaz-3.html,yes,no,no,medium,"query_name=Aaz | display_name=Aaz the pervert | epithet_or_title=the pervert | Last login 1 year, 8 months, and 14 days ago from *.ee."
whois_alázar_1780961774,char_alázar,Alázar,alazar-2,Half-elven Patriarch,Retired,data/evidence/whois/text/alazar-2.txt,data/evidence/whois/html/alazar-2.html,yes,no,no,medium,query_name=Alazar | display_name=Alázar | Last login 18 years and 8 months ago from [numerical address].
whois_tower_1780961779,,Tower,tower,Beorning Hero,Retired,data/evidence/whois/text/tower.txt,data/evidence/whois/html/tower.html,yes,no,no,medium,"query_name=Antar | display_name=Tower | Last login 3 years, 9 months, and 4 days ago from [numerical address]."
whois_beleghir_1780961785,char_beleghir,Beleghir,beleghir-2,Dwarven Battlemaster,Retired,data/evidence/whois/text/beleghir-2.txt,data/evidence/whois/html/beleghir-2.html,yes,no,no,medium,"query_name=Beleghir | display_name=Beleghir | Last login 17 years, 10 months, and 30 days ago from *.net."
whois_bogger_1780961791,char_bogger,Bogger,bogger-2,Broadbeam Fighter,,data/evidence/whois/text/bogger-2.txt,data/evidence/whois/html/bogger-2.html,yes,no,no,medium,query_name=Bogger | display_name=Bogger Violence | epithet_or_title=Violence
whois_brâddóck_1780961797,,Brâddóck,braddock-2,Tarkhnarb Rider,Retired,data/evidence/whois/text/braddock-2.txt,data/evidence/whois/html/braddock-2.html,yes,no,no,medium,"query_name=Braddock | display_name=Brâddóck | Last login 13 years, 2 months, and 5 days ago from *.net."
whois_fragir_1780961941,char_fragir,Fragir,fragir-2,Dwarven Priest,,data/evidence/whois/text/fragir-2.txt,data/evidence/whois/html/fragir-2.html,yes,no,no,medium,"query_name=Fragir | display_name=Fragir the Exorcist, Monk of Durin's House | epithet_or_title=the Exorcist, Monk of Durin's House | Last login 1 month and 28 days ago from [numerical address]."
whois_glamduril_1780961947,char_glamduril,Glamduril,glamduril-2,Noldorin Sentry,Retired,data/evidence/whois/text/glamduril-2.txt,data/evidence/whois/html/glamduril-2.html,yes,no,no,medium,"query_name=Glamduril | display_name=Glamduril | Last login 15 years, 9 months, and 19 days ago from *.net."
whois_graugh_1780961952,char_graugh,Graugh,graugh-2,Tarkhnarb Rider,Retired,data/evidence/whois/text/graugh-2.txt,data/evidence/whois/html/graugh-2.html,yes,no,no,medium,"query_name=Graugh | display_name=Graugh the Chaotic | epithet_or_title=the Chaotic | Last login 10 years, 4 months, and 6 days ago from *.se."
whois_hatred_1780961964,char_hatred,Hatred,hatred-2,Orc,Retired,data/evidence/whois/text/hatred-2.txt,data/evidence/whois/html/hatred-2.html,yes,no,no,medium,"query_name=Hatred | display_name=Hatred the Dark Jewel of Caradhras | epithet_or_title=the Dark Jewel of Caradhras | Last login 22 years, 5 months, and 25 days ago."
whois_jauer_1780961975,char_jauer,Jauer,jauer-2,Orc,Retired,data/evidence/whois/text/jauer-2.txt,data/evidence/whois/html/jauer-2.html,yes,no,no,medium,query_name=Jauer | display_name=Jauer says: Fat with Jau! | epithet_or_title=says: Fat with Jau! | Last login 8 years and 29 days ago.
whois_kocano_1780961981,char_kocano,Kocano,kocano,Zaugurz Orc,Retired,data/evidence/whois/text/kocano.txt,data/evidence/whois/html/kocano.html,yes,no,no,medium,"query_name=Kocano | display_name=Kocano The Bite, Sneakful Zaugurz Beast | epithet_or_title=The Bite, Sneakful Zaugurz Beast | Last login 18 years, 8 months, and 1 day ago."
whois_líng_1780961987,,Líng,ling-2,Maia,Retired,data/evidence/whois/text/ling-2.txt,data/evidence/whois/html/ling-2.html,yes,no,no,medium,"query_name=Ling | display_name=Líng the young and vibrant one | epithet_or_title=the young and vibrant one | Last login 15 years, 6 months, and 8 days ago from [numerical address]."
whois_lorduk_1780961992,char_lorduk,Lorduk,lorduk-2,Troll,Retired,data/evidence/whois/text/lorduk-2.txt,data/evidence/whois/html/lorduk-2.html,yes,no,no,medium,"query_name=Lorduk | display_name=Lorduk | Last login 23 years, 10 months, and 15 days ago."
whois_luvette_1780961998,char_luvette,Luvette,luvette-2,Beorning Battlemistress,Retired,data/evidence/whois/text/luvette-2.txt,data/evidence/whois/html/luvette-2.html,yes,no,no,medium,"query_name=Luvette | display_name=Luvette or leave it!1 | epithet_or_title=or leave it!1 | Last login 25 years, 2 months, and 18 days ago from [numerical address]."
whois_malus_1780962004,char_malus,Malus,malus-2,Zaugurz Orc,Retired,data/evidence/whois/text/malus-2.txt,data/evidence/whois/html/malus-2.html,yes,no,no,medium,"query_name=Malus | display_name=Malus Darkblade, Wielder of Spite the Cold One | epithet_or_title=Darkblade, Wielder of Spite the Cold One | Last login 3 years, 9 months, and 8 days ago."
whois_melinda_1780962010,char_melinda,Melinda,melinda-2,Black Númenórean,Retired,data/evidence/whois/text/melinda-2.txt,data/evidence/whois/html/melinda-2.html,yes,no,no,medium,"query_name=Melinda | display_name=Melinda bling bling | epithet_or_title=bling bling | Last login 16 years, 9 months, and 3 days ago."
whois_misery_1780962015,char_misery,Misery,misery-2,Black Númenórean Sage,,data/evidence/whois/text/misery-2.txt,data/evidence/whois/html/misery-2.html,yes,no,no,medium,"query_name=Misery | display_name=Misery Giver, hermit of Minas Morgul | epithet_or_title=Giver, hermit of Minas Morgul | Last login 13 years, 1 month, and 2 days ago from *.com."
whois_naga_1780962021,char_naga,Naga,naga-2,Maia,,data/evidence/whois/text/naga-2.txt,data/evidence/whois/html/naga-2.html,yes,no,no,medium,query_name=Naga | display_name=Naga the White Serpent | epithet_or_title=the White Serpent | role=Shaper
whois_orodreth_1780962027,char_orodreth,Orodreth,orodreth-2,Elf,Retired,data/evidence/whois/text/orodreth-2.txt,data/evidence/whois/html/orodreth-2.html,yes,no,no,medium,"query_name=Orodreth | display_name=Orodreth of Tol Sírion | epithet_or_title=of Tol Sírion | Last login 13 years, 11 months, and 17 days ago."
whois_pinion_1780962033,char_pinion,Pinion,pinion-2,Black Númenórean,Retired,data/evidence/whois/text/pinion-2.txt,data/evidence/whois/html/pinion-2.html,yes,no,no,medium,"query_name=Pinion | display_name=Pinion the Mad Marionette | epithet_or_title=the Mad Marionette | Last login 13 years, 8 months, and 19 days ago."
whois_rotho_1780962039,char_rotho,Rotho,rotho-2,Stoor Bodyguard,Retired,data/evidence/whois/text/rotho-2.txt,data/evidence/whois/html/rotho-2.html,yes,no,no,medium,query_name=Rotho | display_name=Rotho Brandybuck | epithet_or_title=Brandybuck | Last login 9 months and 6 days ago.
whois_silencio_1780962044,char_silencio,Silencio,silencio-2,Sindarin Warlock,Retired,data/evidence/whois/text/silencio-2.txt,data/evidence/whois/html/silencio-2.html,yes,no,no,medium,"query_name=Silencio | display_name=Silencio Lucidio | epithet_or_title=Lucidio | Last login 15 years, 11 months, and 24 days ago from *.se."
whois_teomyr_1780962050,char_teomyr,Teomyr,teomyr-2,Beorning Battlemaster,Retired,data/evidence/whois/text/teomyr-2.txt,data/evidence/whois/html/teomyr-2.html,yes,no,no,medium,"query_name=Teomyr | display_name=Teomyr the Black, bastard son of Beorn | epithet_or_title=the Black, bastard son of Beorn | Last login 18 years, 7 months, and 12 days ago from [numerical address]."
whois_wierd_1780962056,char_wierd,Wierd,wierd-2,Orc,Retired,data/evidence/whois/text/wierd-2.txt,data/evidence/whois/html/wierd-2.html,yes,no,no,medium,"query_name=Wierd | display_name=Wierd Whyred | epithet_or_title=Whyred | Last login 16 years, 4 months, and 29 days ago."
whois_ëárand_1780962301,,Ëárand,earand-2,Half-Elf,Retired,data/evidence/whois/text/earand-2.txt,data/evidence/whois/html/earand-2.html,yes,no,no,medium,"query_name=earand | display_name=Ëárand Cataract, Sorcerer of Lothlórien | epithet_or_title=Cataract, Sorcerer of Lothlórien | Last login 3 years, 9 months, and 4 days ago."
whois_aelor_1781052192,,Aelor,aelor,Firebeard Warden,,data/evidence/whois/text/aelor.txt,data/evidence/whois/html/aelor.html,yes,no,no,medium,"query_name=Aelor | display_name=Aelor Alefist, Drunken Warden of Khazad-dûm | epithet_or_title=Alefist, Drunken Warden of Khazad-dûm | Last login 2 days and 23 hours ago from *.com."
whois_aerie_1781052198,,Aerie,aerie,Half-elven Priestess,Retired,data/evidence/whois/text/aerie.txt,data/evidence/whois/html/aerie.html,yes,no,no,medium,"query_name=Aerie | display_name=Aerie Avariel, The Purifier [DL] | epithet_or_title=Avariel, The Purifier [DL]"
whois_aldweth_1781052209,,Aldweth,aldweth,Dwarf,,data/evidence/whois/text/aldweth.txt,data/evidence/whois/html/aldweth.html,yes,no,no,medium,"query_name=Aldweth | display_name=Aldweth of Belegost, Chosen of Aulë | epithet_or_title=of Belegost, Chosen of Aulë"
whois_awreth_1781052227,,Awreth,awreth,Maia,,data/evidence/whois/text/awreth.txt,data/evidence/whois/html/awreth.html,yes,no,no,medium,query_name=Awreth | display_name=Awreth the Valiant | epithet_or_title=the Valiant | Last login 1 year and 3 days ago from *.net.
whois_brawn_1781052240,,Brawn,brawn,Dwarven Mercenary,Retired,data/evidence/whois/text/brawn.txt,data/evidence/whois/html/brawn.html,yes,no,no,medium,"query_name=Brawn | display_name=Brawn | Last login 19 years, 5 months, and 5 days ago from *.net."
whois_burli_1781052247,,Burli,burli,Dwarven Battlemaster,Retired,data/evidence/whois/text/burli.txt,data/evidence/whois/html/burli.html,yes,no,no,medium,"query_name=Burli | display_name=Burli Brawler | epithet_or_title=Brawler | Last login 1 year, 10 months, and 6 days ago from [numerical address]."
whois_coco_1781052253,,Coco,coco,Black Númenórean,Retired,data/evidence/whois/text/coco.txt,data/evidence/whois/html/coco.html,yes,no,no,medium,query_name=Coco | display_name=Coco
whois_condor_1781052260,,Condor,condor,Dwarven Battlemaster,Retired,data/evidence/whois/text/condor.txt,data/evidence/whois/html/condor.html,yes,no,no,medium,"query_name=Condor | display_name=Condor Headslayer, Gladiator of Durin's House | epithet_or_title=Headslayer, Gladiator of Durin's House | Last login 7 years, 5 months, and 5 days ago from *.ee."
whois_dwalid_1781052279,,Dwalid,dwalid,Dwarf,,data/evidence/whois/text/dwalid.txt,data/evidence/whois/html/dwalid.html,yes,no,no,medium,"query_name=Dwalid | display_name=Dwalid the Dimwitted, Crusader of Erebor | epithet_or_title=the Dimwitted, Crusader of Erebor | Last login 16 years, 10 months, and 23 days ago."
whois_dône_1781052285,char_dône,Dône,done-2,Dwarf,Retired,data/evidence/whois/text/done-2.txt,data/evidence/whois/html/done-2.html,yes,no,no,medium,"query_name=Dòne | display_name=Dône Deathless, son of Thráin II | epithet_or_title=Deathless, son of Thráin II | Last login 6 years, 8 months, and 6 days ago."
whois_eld_1781052293,,Eld,eld,Dwarven Hero,Retired,data/evidence/whois/text/eld.txt,data/evidence/whois/html/eld.html,yes,no,no,medium,"query_name=Eld | display_name=Eld Clearthought, Herbalist of Durin's House | epithet_or_title=Clearthought, Herbalist of Durin's House | Last login 4 months and 28 days ago from *.ee."
whois_erath_1781052299,,Erath,erath,Dwarven Hero,Retired,data/evidence/whois/text/erath.txt,data/evidence/whois/html/erath.html,yes,no,no,medium,"query_name=Erath | display_name=Erath Soulblade, Warrior of Durin's House | epithet_or_title=Soulblade, Warrior of Durin's House | Last login 11 years, 10 months, and 8 days ago from *.com."
whois_fari_1781052317,,Fari,fari,Dwarf,Retired,data/evidence/whois/text/fari.txt,data/evidence/whois/html/fari.html,yes,no,no,medium,"query_name=Fari | display_name=Fari Feelin Lucky, Gambler of Durin's Army | epithet_or_title=Feelin Lucky, Gambler of Durin's Army"
whois_fathrà_1781052323,,Fathrà,fathra,Elf,Retired,data/evidence/whois/text/fathra.txt,data/evidence/whois/html/fathra.html,yes,no,no,medium,"query_name=Fathra | display_name=Fathrà Narathòrn | epithet_or_title=Narathòrn | Last login 21 years, 7 months, and 26 days ago."
whois_filk_1781052329,,Filk,filk,Dwarven Bodyguard,Retired,data/evidence/whois/text/filk.txt,data/evidence/whois/html/filk.html,yes,no,no,medium,"query_name=Filk | display_name=Filk the telnet legend | epithet_or_title=the telnet legend | Last login 2 years, 8 months, and 26 days ago from *.net."
whois_fëndor_1781052334,,Fëndor,fendor,Half-elven Adventurer,Retired,data/evidence/whois/text/fendor.txt,data/evidence/whois/html/fendor.html,yes,no,no,medium,"query_name=Fëndor | display_name=Fëndor Defendor | epithet_or_title=Defendor | Last login 3 years, 5 months, and 12 days ago from *.net."
whois_gilean_1781052346,,Gilean,gilean,Eriadorian Enchanter,Retired,data/evidence/whois/text/gilean.txt,data/evidence/whois/html/gilean.html,yes,no,no,medium,"query_name=Gilean | display_name=Gilean Chanter for Hire | epithet_or_title=Chanter for Hire | Last login 4 years, 7 months, and 1 day ago from *.net."
whois_groan_1781052352,,Groan,groan,Troll,Retired,data/evidence/whois/text/groan.txt,data/evidence/whois/html/groan.html,yes,no,no,medium,"query_name=Groan | display_name=Groan in pain, pukes, | epithet_or_title=in pain, pukes, | Last login 18 years, 9 months, and 3 days ago."
whois_grunga_1781052357,,Grunga,grunga,Dwarven Battlemistress,Retired,data/evidence/whois/text/grunga.txt,data/evidence/whois/html/grunga.html,yes,no,no,medium,"query_name=Grunga | display_name=Grunga Nimblefinger, Maiden of Durin's House | epithet_or_title=Nimblefinger, Maiden of Durin's House | Last login 14 years, 7 months, and 24 days ago from *.ee."
whois_harduin_1781052375,,Harduin,harduin,Dwarven Battlemaster,Retired,data/evidence/whois/text/harduin.txt,data/evidence/whois/html/harduin.html,yes,no,no,medium,query_name=Harduin | display_name=Harduin Stronghelm | epithet_or_title=Stronghelm | Last login 18 years and 12 days ago from [numerical address].
whois_höelün_1781052386,,Höelün,hoelun,Noldorin Priestess,Retired,data/evidence/whois/text/hoelun.txt,data/evidence/whois/html/hoelun.html,yes,no,no,medium,query_name=Höelun | display_name=Höelün the Red Fog From West | epithet_or_title=the Red Fog From West
whois_ilwin_1781052392,,Ilwin,ilwin,Dwarven Battlemaster,Retired,data/evidence/whois/text/ilwin.txt,data/evidence/whois/html/ilwin.html,yes,no,no,medium,"query_name=Ilwin | display_name=Ilwin Ironfist, the Xper [AOA] | epithet_or_title=Ironfist, the Xper [AOA] | Last login 6 years, 1 month, and 5 days ago from *.ee."
whois_kibgil_1781052404,,Kibgil,kibgil,Dwarf,Retired,data/evidence/whois/text/kibgil.txt,data/evidence/whois/html/kibgil.html,yes,no,no,medium,"query_name=Kibgil | display_name=Kibgil and Bits, the Wall of Durin's Army | epithet_or_title=and Bits, the Wall of Durin's Army"
whois_kill_1781052416,,Kill,kill,Mountain Troll Softskin,Retired,data/evidence/whois/text/kill.txt,data/evidence/whois/html/kill.html,yes,no,no,medium,"query_name=Kill | display_name=Kill | Last login 21 years, 1 month, and 2 days ago from *.net."
whois_letholes_1781052441,,Letholes,letholes,Elf,,data/evidence/whois/text/letholes.txt,data/evidence/whois/html/letholes.html,yes,no,no,medium,"query_name=Letholes | display_name=Letholes of the Scouts of Rivendell | epithet_or_title=of the Scouts of Rivendell | Last login 15 years, 9 months, and 18 days ago."
whois_lian_1781052449,,Lian,lian,Dwarven Patriarch,Retired,data/evidence/whois/text/lian.txt,data/evidence/whois/html/lian.html,yes,no,no,medium,"query_name=Lian | display_name=Lian, Patriarch of Durin's Army | epithet_or_title=, Patriarch of Durin's Army | Last login 2 years, 9 months, and 1 day ago from *.de."
whois_lolli_1781052457,,Lolli,lolli,Cave Troll Fighter,Retired,data/evidence/whois/text/lolli.txt,data/evidence/whois/html/lolli.html,yes,no,no,medium,query_name=Lolli | display_name=Lolli | Last login 23 years and 17 days ago from *.dk.
whois_loreth_1781052465,,Loreth,loreth,Dwarven Champion,Retired,data/evidence/whois/text/loreth.txt,data/evidence/whois/html/loreth.html,yes,no,no,medium,"query_name=Loreth | display_name=Loreth Beerbelly, Brewer of Durin's House | epithet_or_title=Beerbelly, Brewer of Durin's House | Last login 10 years, 5 months, and 6 days ago from *.ee."
whois_nator_1781052489,,Nator,nator,Broadbeam Hero,Retired,data/evidence/whois/text/nator.txt,data/evidence/whois/html/nator.html,yes,no,no,medium,"query_name=Nator | display_name=Nator Bloodlust, Guardian of Durin's House | epithet_or_title=Bloodlust, Guardian of Durin's House | Last login 1 year, 3 months, and 12 days ago from *.ee."
whois_njaa_1781052501,,Njaa,njaa,Maia,,data/evidence/whois/text/njaa.txt,data/evidence/whois/html/njaa.html,yes,no,no,medium,"query_name=Njaa | display_name=Njaa the sweet little kitten [Bots] | epithet_or_title=the sweet little kitten [Bots] | Last login 13 years, 10 months, and 24 days ago from *.ee."
whois_oddvar_1781052506,,Oddvar,oddvar,Firebeard Hero,Retired,data/evidence/whois/text/oddvar.txt,data/evidence/whois/html/oddvar.html,yes,no,no,medium,"query_name=Oddvar | display_name=Oddvar the Coward | epithet_or_title=the Coward | Last login 1 year, 4 months, and 8 days ago from *.com."
whois_rackarth_1781052512,,Rackarth,rackarth,Noldorin Hero,Retired,data/evidence/whois/text/rackarth.txt,data/evidence/whois/html/rackarth.html,yes,no,no,medium,"query_name=Rackarth | display_name=Rackarth | Last login 15 years, 8 months, and 22 days ago from *.com."
whois_razer_1781052518,,Razer,razer,on a holiday is a Maia,,data/evidence/whois/text/razer.txt,data/evidence/whois/html/razer.html,yes,no,no,medium,"query_name=Razer | display_name=Razer | Last login 1 year, 5 months, and 7 days ago from *.net."
whois_ritz_1781052524,,Ritz,ritz,Broadbeam Hero,,data/evidence/whois/text/ritz.txt,data/evidence/whois/html/ritz.html,yes,no,no,medium,query_name=Ritz | display_name=Ritz Cracker | epithet_or_title=Cracker | Last login 24 days and 3 hours ago from [numerical address].
whois_rohwan_1781052529,,Rohwan,rohwan,Rohirric Chieftain,Retired,data/evidence/whois/text/rohwan.txt,data/evidence/whois/html/rohwan.html,yes,no,no,medium,query_name=Rohwan | display_name=Rohwan - Chieftain of Rohan | epithet_or_title=- Chieftain of Rohan | Last login 11 months and 11 days ago from *.th.
whois_roy_1781052535,,Roy,roy,Dwarf,Retired,data/evidence/whois/text/roy.txt,data/evidence/whois/html/roy.html,yes,no,no,medium,"query_name=Roy | display_name=Roy Boy, Jester of Durin's Army | epithet_or_title=Boy, Jester of Durin's Army | Last login 21 years and 7 months ago."
whois_röxic_1781052541,,Röxic,roxic,Man,Retired,data/evidence/whois/text/roxic.txt,data/evidence/whois/html/roxic.html,yes,no,no,medium,"query_name=Röxic | display_name=Röxic | Last login 8 years, 11 months, and 22 days ago."
whois_shwash_1781052547,,Shwash,shwash,Firebeard Hero,,data/evidence/whois/text/shwash.txt,data/evidence/whois/html/shwash.html,yes,no,no,medium,"query_name=Shwash | display_name=Shwash Bummer, Drunkard of Durin's House | epithet_or_title=Bummer, Drunkard of Durin's House | Last login 1 month and 13 days ago from *.ee."
whois_strah_1781052558,,Strah,strah,Dwarven Axemaster,Retired,data/evidence/whois/text/strah.txt,data/evidence/whois/html/strah.html,yes,no,no,medium,"query_name=Strah | display_name=Strah The Protector of Durin's Army | epithet_or_title=The Protector of Durin's Army | Last login 21 years, 9 months, and 4 days ago from *.ee."
whois_tendor_1781052564,,Tendor,tendor,Man,Retired,data/evidence/whois/text/tendor.txt,data/evidence/whois/html/tendor.html,yes,no,no,medium,query_name=Tendor | display_name=Tendor touch of a paw | epithet_or_title=touch of a paw
whois_vräsh_1781052575,,Vräsh,vrash,Dwarven Chieftain,Retired,data/evidence/whois/text/vrash.txt,data/evidence/whois/html/vrash.html,yes,no,no,medium,"query_name=Vräsh | display_name=Vräsh VII | epithet_or_title=VII | Last login 7 years, 1 month, and 25 days ago from [numerical address]."
whois_whity_1781052587,,Whity,whity,Stoor Adventurer,Retired,data/evidence/whois/text/whity.txt,data/evidence/whois/html/whity.html,yes,no,no,medium,"query_name=Whity | display_name=Whity the Dove | epithet_or_title=the Dove | Last login 6 years, 9 months, and 13 days ago from *.eu."
whois_xury_1781052593,,Xury,xury,Dwarven Hero,Retired,data/evidence/whois/text/xury.txt,data/evidence/whois/html/xury.html,yes,no,no,medium,"query_name=Xury | display_name=Xury Evilcleaver, Ranger of Belegost | epithet_or_title=Evilcleaver, Ranger of Belegost | Last login 10 years, 10 months, and 10 days ago from *.net."
whois_zigin_1781052598,,Zigin,zigin,Dwarf,Retired,data/evidence/whois/text/zigin.txt,data/evidence/whois/html/zigin.html,yes,no,no,medium,"query_name=Zigin | display_name=Zigin Tangledbeard, Zealot of Durin's House | epithet_or_title=Tangledbeard, Zealot of Durin's House | Last login 3 years, 7 months, and 1 day ago."
whois_access_1781576616,,Access,access,Maia,Retired,data/evidence/whois/text/access.txt,data/evidence/whois/html/access.html,yes,no,no,medium,"query_name=Access | display_name=Access the Guest | epithet_or_title=the Guest | Last login 27 years, 6 months, and 15 days ago from *.net."
whois_acke_1781576622,,Acke,acke,Maia,Retired,data/evidence/whois/text/acke.txt,data/evidence/whois/html/acke.html,yes,no,no,medium,query_name=Acke | display_name=Acke ekcA | epithet_or_title=ekcA | Last login 25 years and 11 days ago from *.ee.
whois_ada_1781576628,,Ada,ada,Maia,,data/evidence/whois/text/ada.txt,data/evidence/whois/html/ada.html,yes,no,no,medium,"query_name=Ada | display_name=Ada the Whitest | epithet_or_title=the Whitest | Last login 12 years, 1 month, and 22 days ago from [numerical address]."
whois_adara_1781576633,,Adara,adara,lost is a Maia,,data/evidence/whois/text/adara.txt,data/evidence/whois/html/adara.html,yes,no,no,medium,query_name=Adara | display_name=Adara | Last login 10 months and 22 days ago from *.net.
whois_aderel_1781576639,,Aderel,aderel,Maia,,data/evidence/whois/text/aderel.txt,data/evidence/whois/html/aderel.html,yes,no,no,medium,"query_name=Aderel | display_name=Aderel the drunk | epithet_or_title=the drunk | Last login 12 years, 5 months, and 27 days ago from [numerical address]."
whois_aderyn_1781576644,,Aderyn,aderyn,Maia,Retired,data/evidence/whois/text/aderyn.txt,data/evidence/whois/html/aderyn.html,yes,no,no,medium,query_name=Aderyn | display_name=Aderyn . | epithet_or_title=. | role=Wright
whois_aellynn_1781576650,,Aellynn,aellynn,Maia,,data/evidence/whois/text/aellynn.txt,data/evidence/whois/html/aellynn.html,yes,no,no,medium,"query_name=Aellynn | display_name=Aellynn Goddess of Faith | epithet_or_title=Goddess of Faith | Last login 22 years, 2 months, and 17 days ago from *.se."
whois_aetirus_1781576655,,Aetirus,aetirus,Maia,Retired,data/evidence/whois/text/aetirus.txt,data/evidence/whois/html/aetirus.html,yes,no,no,medium,"query_name=Aetirus | display_name=Aetirus | Last login 20 years, 10 months, and 9 days ago from *.SE."
whois_agamand_1781576661,,Agamand,agamand,Maia,,data/evidence/whois/text/agamand.txt,data/evidence/whois/html/agamand.html,yes,no,no,medium,"query_name=Agamand | display_name=Agamand the White | epithet_or_title=the White | Last login 5 years, 4 months, and 3 days ago."
whois_aglaruin_1781576666,,Aglaruin,aglaruin,Maia,,data/evidence/whois/text/aglaruin.txt,data/evidence/whois/html/aglaruin.html,yes,no,no,medium,"query_name=Aglaruin | display_name=Aglaruin | Last login 1 year, 1 month, and 10 days ago from *.com."
whois_ahti_1781576672,,Ahti,ahti,Drosophila Melanogaster. is a Maia,Retired,data/evidence/whois/text/ahti.txt,data/evidence/whois/html/ahti.html,yes,no,no,medium,"query_name=Ahti | display_name=Ahti | Last login 27 years, 6 months, and 25 days ago from *.uk."
whois_ahura_1781576677,,Ahura,ahura,Maia,,data/evidence/whois/text/ahura.txt,data/evidence/whois/html/ahura.html,yes,no,no,medium,"query_name=Ahura | display_name=Ahura Mazdao the Great Aura | epithet_or_title=Mazdao the Great Aura | Last login 1 year, 5 months, and 2 days ago from *.cz."
whois_aielë_1781576683,char_aielë,Aielë,aiele-2,Maia,Retired,data/evidence/whois/text/aiele-2.txt,data/evidence/whois/html/aiele-2.html,yes,no,no,medium,"query_name=Aielë | display_name=Aielë Alenyá | epithet_or_title=Alenyá | role=Cartographer | Last login 1 year, 1 month, and 10 days ago from *.se."
whois_aikios_1781576688,,Aikios,aikios,Maia,Retired,data/evidence/whois/text/aikios.txt,data/evidence/whois/html/aikios.html,yes,no,no,medium,"query_name=Aikios | display_name=Aikios, Lord of Snus! | epithet_or_title=, Lord of Snus! | Last login 8 years, 6 months, and 13 days ago from *.eu."
whois_ainagul_1781576694,,Ainagul,ainagul,Maia,,data/evidence/whois/text/ainagul.txt,data/evidence/whois/html/ainagul.html,yes,no,no,medium,"query_name=Ainagul | display_name=Ainagul the Ainu of the Lucky | epithet_or_title=the Ainu of the Lucky | Last login 20 years, 9 months, and 12 days ago from [numerical address]."
whois_air_1781576699,,Air,air,Maia,,data/evidence/whois/text/air.txt,data/evidence/whois/html/air.html,yes,no,no,medium,query_name=Air | display_name=Air ½ | epithet_or_title=½ | Last login 10 days and 1 hour ago.
whois_of_1781576705,,of,of,Maia,,data/evidence/whois/text/of.txt,data/evidence/whois/html/of.html,yes,no,no,medium,"query_name=Ajax | display_name=of Troy | epithet_or_title=Troy | Last login 1 year, 2 months, and 26 days ago from [numerical address]."
whois_digital_1781576710,char_digital,digital,digital-2,Maia,,data/evidence/whois/text/digital-2.txt,data/evidence/whois/html/digital-2.html,yes,no,no,medium,query_name=Akihiko | display_name=digital prison | epithet_or_title=prison | Last login 5 months and 3 days ago.
whois_alamar_1781576716,,Alamar,alamar,Maia,Retired,data/evidence/whois/text/alamar.txt,data/evidence/whois/html/alamar.html,yes,no,no,medium,query_name=Alamar | display_name=Alamar | role=Cartographer
whois_alantir_1781576721,char_alantir,Alantir,alantir-2,Maia,Retired,data/evidence/whois/text/alantir-2.txt,data/evidence/whois/html/alantir-2.html,yes,no,no,medium,query_name=Alantir | display_name=Alantir Eriëndal | epithet_or_title=Eriëndal | role=Wright
whois_alderon_1781576739,,Alderon,alderon,Maia,Retired,data/evidence/whois/text/alderon.txt,data/evidence/whois/html/alderon.html,yes,no,no,medium,"query_name=Alderon | display_name=Alderon friend of Freeciv | epithet_or_title=friend of Freeciv | Last login 5 years, 2 months, and 27 days ago from *.com."
whois_aldor_1781576745,,Aldor,aldor,Maia,Retired,data/evidence/whois/text/aldor.txt,data/evidence/whois/html/aldor.html,yes,no,no,medium,"query_name=Aldor | display_name=Aldor | Last login 25 years, 4 months, and 10 days ago."
whois_aldro_1781576750,,Aldro,aldro,running for re-election is a Maia,,data/evidence/whois/text/aldro.txt,data/evidence/whois/html/aldro.html,yes,no,no,medium,"query_name=Aldro | display_name=Aldro | Last login 1 year, 2 months, and 19 days ago."
whois_alec_1781576756,,Alec,alec,Maia,,data/evidence/whois/text/alec.txt,data/evidence/whois/html/alec.html,yes,no,no,medium,"query_name=Alec | display_name=Alec | Last login 18 years, 4 months, and 13 days ago from *.se."
whois_aleksey_1781576761,,Aleksey,aleksey,Maia,,data/evidence/whois/text/aleksey.txt,data/evidence/whois/html/aleksey.html,yes,no,no,medium,"query_name=Aleksey | display_name=Aleksey The Pahan of Sauron & CO | epithet_or_title=The Pahan of Sauron & CO | Last login 7 years, 10 months, and 14 days ago from *.de."
whois_algolas_1781576767,,Algolas,algolas,Maia,,data/evidence/whois/text/algolas.txt,data/evidence/whois/html/algolas.html,yes,no,no,medium,"query_name=Algolas | display_name=Algolas | Last login 14 years, 3 months, and 21 days ago from *.at."
whois_alkar_1781576772,char_alkar,Alkar,alkar-2,Vala,Retired,data/evidence/whois/text/alkar-2.txt,data/evidence/whois/html/alkar-2.html,yes,no,no,medium,query_name=Alkar | display_name=Alkar the Radiant | epithet_or_title=the Radiant | role=Mudller
whois_almarea_1781576778,,Almarea,almarea,Maia,,data/evidence/whois/text/almarea.txt,data/evidence/whois/html/almarea.html,yes,no,no,medium,query_name=Almarea | display_name=Almarea Elenath | epithet_or_title=Elenath
whois_meneldur_1781576783,char_meneldur,Meneldur,meneldur-2,Maia,,data/evidence/whois/text/meneldur-2.txt,data/evidence/whois/html/meneldur-2.html,yes,no,no,medium,query_name=Almarian | display_name=Meneldur | role=Shaper
whois_aloonion_1781576789,,Aloonion,aloonion,Maia,,data/evidence/whois/text/aloonion.txt,data/evidence/whois/html/aloonion.html,yes,no,no,medium,query_name=Aloonion | display_name=Aloonion the Alo | epithet_or_title=the Alo | role=Shaper
whois_alysia_1781576797,,Alysia,alysia,Maia,Retired,data/evidence/whois/text/alysia.txt,data/evidence/whois/html/alysia.html,yes,no,no,medium,query_name=Alysia | display_name=Alysia Sykuru | epithet_or_title=Sykuru | role=Wright
whois_amandil_1781576804,char_amandil,Amandil,amandil-2,Vala,Retired,data/evidence/whois/text/amandil-2.txt,data/evidence/whois/html/amandil-2.html,yes,no,no,medium,query_name=Amandil | display_name=Amandil the Last Lord of Andúnië | epithet_or_title=the Last Lord of Andúnië | role=Architect
whois_ame_1781576812,,Ame,ame,Maia,,data/evidence/whois/text/ame.txt,data/evidence/whois/html/ame.html,yes,no,no,medium,"query_name=Ame | display_name=Ame the Ascendant | epithet_or_title=the Ascendant | Last login 19 years, 10 months, and 16 days ago."
whois_amlion_1781576818,,Amlion,amlion,Maia,Retired,data/evidence/whois/text/amlion.txt,data/evidence/whois/html/amlion.html,yes,no,no,medium,"query_name=Amlion | display_name=Amlion the Maia | epithet_or_title=the Maia | role=Cartographer | Last login 19 years, 8 months, and 28 days ago from *.ee."
whois_ammon_1781576823,,Ammon,ammon,Maia,Retired,data/evidence/whois/text/ammon.txt,data/evidence/whois/html/ammon.html,yes,no,no,medium,query_name=Ammon | display_name=Ammon says good night | epithet_or_title=says good night | role=Cartographer | Last login 7 months and 1 day ago.
whois_amras_1781576829,,Amras,amras,your father! is a Maia,,data/evidence/whois/text/amras.txt,data/evidence/whois/html/amras.html,yes,no,no,medium,"query_name=Amras | display_name=Amras Onk Onk ® | epithet_or_title=Onk Onk ® | Last login 4 years, 7 months, and 7 days ago."
whois_ancalagon_1781576836,,Ancalagon,ancalagon,Vala,Retired,data/evidence/whois/text/ancalagon.txt,data/evidence/whois/html/ancalagon.html,yes,no,no,medium,query_name=Ancalagon | display_name=Ancalagon the Black (Clueless) | epithet_or_title=the Black (Clueless) | role=Mudller
whois_andela_1781576844,,Andela,andela,Maia,,data/evidence/whois/text/andela.txt,data/evidence/whois/html/andela.html,yes,no,no,medium,"query_name=Andela | display_name=Andela the Fair | epithet_or_title=the Fair | Last login 23 years, 2 months, and 14 days ago."
whois_andreas_1781576855,,Andreas,andreas,Maia,,data/evidence/whois/text/andreas.txt,data/evidence/whois/html/andreas.html,yes,no,no,medium,"query_name=Andreas | display_name=Andreas - Hanne wanted to be here | epithet_or_title=- Hanne wanted to be here | Last login 2 years, 11 months, and 1 day ago from *.ua."
whois_andróg_1781576860,,Andróg,androg,Maia,,data/evidence/whois/text/androg.txt,data/evidence/whois/html/androg.html,yes,no,no,medium,query_name=Andróg | display_name=Andróg The Outlaw of Gaurwaith | epithet_or_title=The Outlaw of Gaurwaith | role=Shaper
whois_ankamon_1781577533,,Ankamon,ankamon,Maia,,data/evidence/whois/text/ankamon.txt,data/evidence/whois/html/ankamon.html,yes,no,no,medium,"query_name=Ankamon | display_name=Ankamon Kakamon | epithet_or_title=Kakamon | Last login 7 years, 8 months, and 13 days ago."
whois_anne_1781577539,,Anne,anne,Maia,Retired,data/evidence/whois/text/anne.txt,data/evidence/whois/html/anne.html,yes,no,no,medium,"query_name=Anne | display_name=Anne | role=Cartographer | Last login 4 years, 4 months, and 29 days ago."
whois_anthrax_1781577544,,Anthrax,anthrax,Maia,Retired,data/evidence/whois/text/anthrax.txt,data/evidence/whois/html/anthrax.html,yes,no,no,medium,query_name=Anthrax | display_name=Anthrax the Pain | epithet_or_title=the Pain | role=Wright
whois_antti_1781577550,,Antti,antti,Vala,,data/evidence/whois/text/antti.txt,data/evidence/whois/html/antti.html,yes,no,no,medium,"query_name=Antti | display_name=Antti Ainu of Finns, Gnomes and Trolls | epithet_or_title=Ainu of Finns, Gnomes and Trolls | role=Architect"
whois_anólad_1781577555,char_anólad,Anólad,anolad-2,discord bot is a Maia,,data/evidence/whois/text/anolad-2.txt,data/evidence/whois/html/anolad-2.html,yes,no,no,medium,query_name=Anólad | display_name=Anólad | role=Cartographer | Last login 7 months and 28 days ago from *.com.
whois_anómyr_1781577561,,Anómyr,anomyr,Maia,Retired,data/evidence/whois/text/anomyr.txt,data/evidence/whois/html/anomyr.html,yes,no,no,medium,query_name=Anómyr | display_name=Anómyr the Old | epithet_or_title=the Old | Last login 14 years and 21 days ago from [numerical address].
whois_apalonia_1781577566,,Apalonia,apalonia,Maia,,data/evidence/whois/text/apalonia.txt,data/evidence/whois/html/apalonia.html,yes,no,no,medium,"query_name=Apalonia | display_name=Apalonia the Greatest, Mayor of Arda | epithet_or_title=the Greatest, Mayor of Arda | role=Cartographer"
whois_apolline_1781577572,,Apolline,apolline,Maia,Retired,data/evidence/whois/text/apolline.txt,data/evidence/whois/html/apolline.html,yes,no,no,medium,"query_name=Apolline | display_name=Apolline the Eternal Newby | epithet_or_title=the Eternal Newby | Last login 9 years, 1 month, and 2 days ago."
whois_aratan_1781577577,,Aratan,aratan,Maia,Retired,data/evidence/whois/text/aratan.txt,data/evidence/whois/html/aratan.html,yes,no,no,medium,"query_name=Aratan | display_name=Aratan the Literate | epithet_or_title=the Literate | role=Cartographer | Last login 19 years, 2 months, and 27 days ago from *.dk."
whois_arathorn_1781577583,,Arathorn,arathorn,Vala,Retired,data/evidence/whois/text/arathorn.txt,data/evidence/whois/html/arathorn.html,yes,no,no,medium,query_name=Arathorn | display_name=Arathorn | role=Mudller
whois_araw_1781577588,,Araw,araw,Maia,,data/evidence/whois/text/araw.txt,data/evidence/whois/html/araw.html,yes,no,no,medium,"query_name=Araw | display_name=Araw | Last login 11 years, 2 months, and 19 days ago from *.se."
whois_arcane_1781577594,,Arcane,arcane,Maia,,data/evidence/whois/text/arcane.txt,data/evidence/whois/html/arcane.html,yes,no,no,medium,query_name=Arcane | display_name=Arcane the Dragonslayer | epithet_or_title=the Dragonslayer | role=Wright
whois_aredhel_1781577599,,Aredhel,aredhel,Valië,Retired,data/evidence/whois/text/aredhel.txt,data/evidence/whois/html/aredhel.html,yes,no,no,medium,query_name=Aredhel | display_name=Aredhel Ar-Feiniel | epithet_or_title=Ar-Feiniel | role=Architect
whois_ares_1781577605,char_ares,Ares,ares-2,Maia,Retired,data/evidence/whois/text/ares-2.txt,data/evidence/whois/html/ares-2.html,yes,no,no,medium,query_name=Ares | display_name=Ares the monkey trainer | epithet_or_title=the monkey trainer | Last login 4 months and 21 days ago from *.ee.
whois_arfang_1781577617,,Arfang,arfang,Vala,,data/evidence/whois/text/arfang.txt,data/evidence/whois/html/arfang.html,yes,no,no,medium,query_name=Arfang | display_name=Arfang the Nenuial's Fisherman | epithet_or_title=the Nenuial's Fisherman | role=Mudller
whois_ariakas_1781577625,,Ariakas,ariakas,Maia,Retired,data/evidence/whois/text/ariakas.txt,data/evidence/whois/html/ariakas.html,yes,no,no,medium,query_name=Ariakas | display_name=Ariakas says hello | epithet_or_title=says hello | role=Shaper
whois_ariana_1781577637,,Ariana,ariana,Maia,Retired,data/evidence/whois/text/ariana.txt,data/evidence/whois/html/ariana.html,yes,no,no,medium,query_name=Ariana | display_name=Ariana :) | epithet_or_title=:) | role=Wright
whois_arien_1781577652,,Arien,arien,Maia,,data/evidence/whois/text/arien.txt,data/evidence/whois/html/arien.html,yes,no,no,medium,"query_name=Arien | display_name=Arien the Sun | epithet_or_title=the Sun | Last login 3 years, 3 months, and 12 days ago from [numerical address]."
whois_aries_1781577663,,Aries,aries,Maia,,data/evidence/whois/text/aries.txt,data/evidence/whois/html/aries.html,yes,no,no,medium,"query_name=Aries | display_name=Aries has returned to his former glory | epithet_or_title=has returned to his former glory | Last login 12 years, 9 months, and 26 days ago from *.com."
whois_arina_1781577677,,Arina,arina,Maia,,data/evidence/whois/text/arina.txt,data/evidence/whois/html/arina.html,yes,no,no,medium,query_name=Arina | display_name=Arina the Excited One | epithet_or_title=the Excited One | Last login 15 years and 16 days ago from *.net.
whois_arion_1781577685,,Arion,arion,"Vala, one of the Aratar",Retired,data/evidence/whois/text/arion.txt,data/evidence/whois/html/arion.html,yes,no,no,medium,query_name=Arion | display_name=Arion the Burninator | epithet_or_title=the Burninator
whois_aris_1781577697,char_aris,Aris,aris-2,Maia,,data/evidence/whois/text/aris-2.txt,data/evidence/whois/html/aris-2.html,yes,no,no,medium,"query_name=Aris | display_name=Aris -- its all about numbers | epithet_or_title=-- its all about numbers | Last login 20 years, 10 months, and 28 days ago from *.se."
whois_ark_1781577704,,Ark,ark,Maia,Retired,data/evidence/whois/text/ark.txt,data/evidence/whois/html/ark.html,yes,no,no,medium,"query_name=Ark | display_name=Ark the Ancient One | epithet_or_title=the Ancient One | Last login 13 years, 4 months, and 7 days ago from *.com."
whois_arla_1781577714,char_arla,Arla,arla-2,Vala,Retired,data/evidence/whois/text/arla-2.txt,data/evidence/whois/html/arla-2.html,yes,no,no,medium,query_name=Arla | display_name=Arla the Scholar of Mudlle | epithet_or_title=the Scholar of Mudlle | role=Mudller
whois_armin_1781577720,,Armin,armin,Maia,Retired,data/evidence/whois/text/armin.txt,data/evidence/whois/html/armin.html,yes,no,no,medium,"query_name=Armin | display_name=Armin doesn't discriminate by name (UK) | epithet_or_title=doesn't discriminate by name (UK) | Last login 2 years, 6 months, and 5 days ago from *.at."
whois_arthad_1781577727,,Arthad,arthad,Maia,Retired,data/evidence/whois/text/arthad.txt,data/evidence/whois/html/arthad.html,yes,no,no,medium,"query_name=Arthad | display_name=Arthad the Indifferent | epithet_or_title=the Indifferent | Last login 26 years, 4 months, and 14 days ago from *.net."
whois_atanatar_1781577733,,Atanatar,atanatar,Maia,Retired,data/evidence/whois/text/atanatar.txt,data/evidence/whois/html/atanatar.html,yes,no,no,medium,"query_name=Atanatar | display_name=Atanatar II Alcarin, the Glorious | epithet_or_title=II Alcarin, the Glorious | role=Wright"
whois_atani_1781577738,,Atani,atani,Maia,,data/evidence/whois/text/atani.txt,data/evidence/whois/html/atani.html,yes,no,no,medium,"query_name=Atani | display_name=Atani | Last login 2 years, 7 months, and 21 days ago."
whois_atlas_1781577744,char_atlas,Atlas,atlas-2,Maia,Retired,data/evidence/whois/text/atlas-2.txt,data/evidence/whois/html/atlas-2.html,yes,no,no,medium,"query_name=Atlas | display_name=Atlas the Ambassador of Mojn | epithet_or_title=the Ambassador of Mojn | role=Cartographer | Last login 10 years, 6 months, and 18 days ago from *.dk."
whois_morias_1781577749,,Moria's,moria-s,Maia,Retired,data/evidence/whois/text/moria-s.txt,data/evidence/whois/html/moria-s.html,yes,no,no,medium,query_name=Aule | display_name=Moria's Realm | epithet_or_title=Realm | role=Shaper
whois_auriane_1781577755,char_auriane,Auriane,auriane-2,Maia,,data/evidence/whois/text/auriane-2.txt,data/evidence/whois/html/auriane-2.html,yes,no,no,medium,"query_name=Auriane | display_name=Auriane Daughter of the Light | epithet_or_title=Daughter of the Light | Last login 16 years, 8 months, and 10 days ago from *.nl."
whois_ausir_1781577760,char_ausir,Ausir,ausir-2,Vala,Retired,data/evidence/whois/text/ausir-2.txt,data/evidence/whois/html/ausir-2.html,yes,no,no,medium,query_name=Ausir | display_name=Ausir | role=Architect
whois_avatar_1781577766,,Avatar,avatar,Maia,Retired,data/evidence/whois/text/avatar.txt,data/evidence/whois/html/avatar.html,yes,no,no,medium,"query_name=Avatar | display_name=Avatar the bane of Avatar | epithet_or_title=the bane of Avatar | Last login 31 years, 5 months, and 24 days ago."
whois_avitar_1781577771,,Avitar,avitar,Vala,Retired,data/evidence/whois/text/avitar.txt,data/evidence/whois/html/avitar.html,yes,no,no,medium,query_name=Avitar | display_name=Avitar the Champion for Gil-Galad | epithet_or_title=the Champion for Gil-Galad | role=Mudller
whois_awhanil_1781577777,,Awhanil,awhanil,Maia,,data/evidence/whois/text/awhanil.txt,data/evidence/whois/html/awhanil.html,yes,no,no,medium,"query_name=Awhanil | display_name=Awhanil the Vulture | epithet_or_title=the Vulture | Last login 3 years, 7 months, and 9 days ago from *.com."
whois_awreth_1781577782,char_awreth,Awreth,awreth-2,Maia,,data/evidence/whois/text/awreth-2.txt,data/evidence/whois/html/awreth-2.html,yes,no,no,medium,query_name=Awreth | display_name=Awreth the Valiant | epithet_or_title=the Valiant | Last login 1 year and 9 days ago from *.net.
whois_axel_1781577788,char_axel,Axel,axel-2,Vala,Retired,data/evidence/whois/text/axel-2.txt,data/evidence/whois/html/axel-2.html,yes,no,no,medium,query_name=Axel | display_name=Axel erator | epithet_or_title=erator | role=Mudller
whois_azaghâl_1781577793,,Azaghâl,azaghal,Vala,Retired,data/evidence/whois/text/azaghal.txt,data/evidence/whois/html/azaghal.html,yes,no,no,medium,query_name=Azaghâl | display_name=Azaghâl the Lord of Belegost | epithet_or_title=the Lord of Belegost | role=Architect
whois_azan_1781577799,,Azan,azan,Maia,,data/evidence/whois/text/azan.txt,data/evidence/whois/html/azan.html,yes,no,no,medium,query_name=Azan | display_name=Azan the Dark | epithet_or_title=the Dark | role=Wright
whois_babe_1781577804,,Babe,babe,Building is a Maia,Retired,data/evidence/whois/text/babe.txt,data/evidence/whois/html/babe.html,yes,no,no,medium,"query_name=Babe | display_name=Babe | role=Cartographer | Last login 4 years, 4 months, and 29 days ago from [numerical address]."
whois_badger_1781577810,,Badger,badger,Vala,Retired,data/evidence/whois/text/badger.txt,data/evidence/whois/html/badger.html,yes,no,no,medium,query_name=Badger | display_name=Badger | role=Architect
whois_bahrud_1781577815,,Bahrud,bahrud,Maia,Retired,data/evidence/whois/text/bahrud.txt,data/evidence/whois/html/bahrud.html,yes,no,no,medium,query_name=Bahrud | display_name=Bahrud has Changed. | epithet_or_title=has Changed.
whois_better_1781577821,,BETTER,better,Maia,Retired,data/evidence/whois/text/better.txt,data/evidence/whois/html/better.html,yes,no,no,medium,"query_name=Bairanax | display_name=BETTER | Last login 11 years, 6 months, and 6 days ago."
whois_baldur_1781577826,,Baldur,baldur,Maia,,data/evidence/whois/text/baldur.txt,data/evidence/whois/html/baldur.html,yes,no,no,medium,"query_name=Baldur | display_name=Baldur MR. Wieenie | epithet_or_title=MR. Wieenie | Last login 15 years, 3 months, and 25 days ago from *.net."
whois_balux_1781577832,,Balux,balux,Maia,,data/evidence/whois/text/balux.txt,data/evidence/whois/html/balux.html,yes,no,no,medium,"query_name=Balux | display_name=Balux the King of bears | epithet_or_title=the King of bears | Last login 17 years, 7 months, and 18 days ago from *.cz."
whois_bambuk_1781577837,,Bambuk,bambuk,Maia,Retired,data/evidence/whois/text/bambuk.txt,data/evidence/whois/html/bambuk.html,yes,no,no,medium,"query_name=Bambuk | display_name=Bambuk Lómë túrë sinómë | epithet_or_title=Lómë túrë sinómë | role=Cartographer | Last login 2 years, 4 months, and 24 days ago from *.no."
whois_bantak_1781577843,,Bantak,bantak,Maia,,data/evidence/whois/text/bantak.txt,data/evidence/whois/html/bantak.html,yes,no,no,medium,query_name=Bantak | display_name=Bantak the Beer God | epithet_or_title=the Beer God | role=Wright
whois_barinak_1781577848,,Barinak,barinak,Maia,,data/evidence/whois/text/barinak.txt,data/evidence/whois/html/barinak.html,yes,no,no,medium,"query_name=Barinak | display_name=Barinak | role=Cartographer | Last login 1 year, 2 months, and 23 days ago from *.com."
whois_barloen_1781577854,,Barloen,barloen,Maia,,data/evidence/whois/text/barloen.txt,data/evidence/whois/html/barloen.html,yes,no,no,medium,query_name=Barloen | display_name=Barloen the bartender | epithet_or_title=the bartender | Last login 12 years and 15 days ago from [numerical address].
whois_remember_1781577859,,Remember,remember,game,,data/evidence/whois/text/remember.txt,data/evidence/whois/html/remember.html,yes,no,no,medium,query_name=Barney | display_name=Remember that this | epithet_or_title=that this
whois_baw_1781577865,,Baw,baw,Maia,Retired,data/evidence/whois/text/baw.txt,data/evidence/whois/html/baw.html,yes,no,no,medium,"query_name=Baw | display_name=[Tired] | Last login 24 years, 11 months, and 3 days ago."
whois_bayd_1781577870,,Bayd,bayd,Maia,,data/evidence/whois/text/bayd.txt,data/evidence/whois/html/bayd.html,yes,no,no,medium,"query_name=Bayd | display_name=Bayd died in hurricane ivan | epithet_or_title=died in hurricane ivan | Last login 12 years, 6 months, and 19 days ago from *.net."
whois_becha_1781577876,,Becha,becha,Maia,Retired,data/evidence/whois/text/becha.txt,data/evidence/whois/html/becha.html,yes,no,no,medium,"query_name=Becha | display_name=Becha takes too many posts literally | epithet_or_title=takes too many posts literally | role=Cartographer | Last login 27 years, 1 month, and 25 days ago from *.com."
whois_becrux_1781577881,,Becrux,becrux,Maia,Retired,data/evidence/whois/text/becrux.txt,data/evidence/whois/html/becrux.html,yes,no,no,medium,"query_name=Becrux | display_name=Becrux, the thief in the sky | epithet_or_title=, the thief in the sky | Last login 13 years, 3 months, and 27 days ago from *.se."
whois_beldin_1781577887,,Beldin,beldin,Maia,Retired,data/evidence/whois/text/beldin.txt,data/evidence/whois/html/beldin.html,yes,no,no,medium,"query_name=Beldin | display_name=Beldin the Hunchback | epithet_or_title=the Hunchback | Last login 28 years, 9 months, and 18 days ago from [numerical address]."
whois_belegor_1781577892,,Belegor,belegor,Maia,Retired,data/evidence/whois/text/belegor.txt,data/evidence/whois/html/belegor.html,yes,no,no,medium,query_name=Belegor | display_name=Belegor Spirit of the Winds | epithet_or_title=Spirit of the Winds | role=Wright
whois_belegurthruin_1781577898,,Belegurthruin,belegurthruin,Maia,,data/evidence/whois/text/belegurthruin.txt,data/evidence/whois/html/belegurthruin.html,yes,no,no,medium,query_name=Belegurthruin | display_name=Belegurthruin BreeMaia | epithet_or_title=BreeMaia | role=Cartographer | Last login 1 year ago from *.net.
whois_belenos_1781577903,,Belenos,belenos,Maia,Retired,data/evidence/whois/text/belenos.txt,data/evidence/whois/html/belenos.html,yes,no,no,medium,"query_name=Belenos | display_name=Belenos afk cleaning, washing etc. | epithet_or_title=afk cleaning, washing etc. | role=Cartographer | Last login 21 years, 7 months, and 3 days ago from *.fr."
whois_belewor_1781577909,,Belewor,belewor,Maia,,data/evidence/whois/text/belewor.txt,data/evidence/whois/html/belewor.html,yes,no,no,medium,"query_name=Belewor | display_name=Belewor new | epithet_or_title=new | Last login 1 year, 1 month, and 9 days ago."
whois_belmir_1781577914,,Belmir,belmir,Maia,,data/evidence/whois/text/belmir.txt,data/evidence/whois/html/belmir.html,yes,no,no,medium,"query_name=Belmir | display_name=Belmir | Last login 6 years, 8 months, and 21 days ago."
whois_beran_1781577920,,Beran,beran,Maia,,data/evidence/whois/text/beran.txt,data/evidence/whois/html/beran.html,yes,no,no,medium,query_name=Beran | display_name=Beran has a title | epithet_or_title=has a title | Last login 8 years and 16 days ago.
whois_beregond_1781577925,,Beregond,beregond,Maia,Retired,data/evidence/whois/text/beregond.txt,data/evidence/whois/html/beregond.html,yes,no,no,medium,"query_name=Beregond | display_name=Beregond ... | epithet_or_title=... | role=Cartographer | Last login 17 years, 11 months, and 21 days ago."
whois_berek_1781577931,,Berek,berek,Maia,,data/evidence/whois/text/berek.txt,data/evidence/whois/html/berek.html,yes,no,no,medium,"query_name=Berek | display_name=Berek Guffmeister | epithet_or_title=Guffmeister | Last login 22 years, 5 months, and 16 days ago."
whois_berend_1781577936,,Berend,berend,Maia,,data/evidence/whois/text/berend.txt,data/evidence/whois/html/berend.html,yes,no,no,medium,"query_name=Berend | display_name=Berend The Beorning Barber | epithet_or_title=The Beorning Barber | role=Cartographer | Last login 7 years, 9 months, and 19 days ago from *.net."
whois_berogond_1781577942,,Berogond,berogond,Maia,,data/evidence/whois/text/berogond.txt,data/evidence/whois/html/berogond.html,yes,no,no,medium,"query_name=Berogond | display_name=Berogond, the last Steward of Gondor | epithet_or_title=, the last Steward of Gondor | Last login 10 years, 4 months, and 9 days ago."
whois_firm_1781577947,,firm,firm,Maia,,data/evidence/whois/text/firm.txt,data/evidence/whois/html/firm.html,yes,no,no,medium,query_name=Betsy | display_name=firm | Last login 7 months ago from [numerical address].
whois_bit_1781577953,,Bit,bit,Maia,Retired,data/evidence/whois/text/bit.txt,data/evidence/whois/html/bit.html,yes,no,no,medium,query_name=Bit | display_name=Bit the Wabbit-Hunter | epithet_or_title=the Wabbit-Hunter | role=Builder
whois_bjorne_1781577958,,Bjorne,bjorne,Maia,,data/evidence/whois/text/bjorne.txt,data/evidence/whois/html/bjorne.html,yes,no,no,medium,"query_name=Bjorne | display_name=Bjorne | Last login 10 years, 5 months, and 9 days ago from *.se."
whois_voting_1781577964,,Voting,voting,Maia,,data/evidence/whois/text/voting.txt,data/evidence/whois/html/voting.html,yes,no,no,medium,query_name=Björn | display_name=Voting f | epithet_or_title=f | role=Builder
whois_temptation_1781577969,,Temptation,temptation,Maia,,data/evidence/whois/text/temptation.txt,data/evidence/whois/html/temptation.html,yes,no,no,medium,"query_name=Blackfox | display_name=Temptation Island | epithet_or_title=Island | Last login 17 years, 4 months, and 9 days ago from *.at."
whois_bladorfat_1781577975,char_bladorfat,Bladorfat,bladorfat-2,Maia,,data/evidence/whois/text/bladorfat-2.txt,data/evidence/whois/html/bladorfat-2.html,yes,no,no,medium,query_name=Bladorfat | display_name=Bladorfat | role=Cartographer
whois_blimb_1781577980,,Blimb,blimb,Maia,Retired,data/evidence/whois/text/blimb.txt,data/evidence/whois/html/blimb.html,yes,no,no,medium,query_name=Blimb | display_name=Blimb | role=Builder
whois_bobbie_1781578429,char_bobbie,Bobbie,bobbie-2,Maia,Retired,data/evidence/whois/text/bobbie-2.txt,data/evidence/whois/html/bobbie-2.html,yes,no,no,medium,"query_name=Bobbie | display_name=Bobbie Rock star! And dumped by Yants. | epithet_or_title=Rock star! And dumped by Yants. | Last login 15 years, 11 months, and 13 days ago from *.se."
whois_bodruith_1781578448,,Bodruith,bodruith,Maia,,data/evidence/whois/text/bodruith.txt,data/evidence/whois/html/bodruith.html,yes,no,no,medium,"query_name=Bodruith | display_name=Bodruith Broomhandle, the Sage | epithet_or_title=Broomhandle, the Sage | Last login 3 years, 5 months, and 24 days ago from *.net."
whois_boing_1781578454,,Boing,boing,Maia,Retired,data/evidence/whois/text/boing.txt,data/evidence/whois/html/boing.html,yes,no,no,medium,query_name=Boing | display_name=Boing the Newbie God | epithet_or_title=the Newbie God | Last login 4 months and 2 days ago from *.net.
whois_bomber_1781578459,,Bomber,bomber,Maia,,data/evidence/whois/text/bomber.txt,data/evidence/whois/html/bomber.html,yes,no,no,medium,"query_name=Bomber | display_name=Bomber explodes knowing he | epithet_or_title=explodes knowing he | Last login 14 years, 8 months, and 16 days ago from *.net."
whois_bore_1781578465,,Bore,bore,Maia,Retired,data/evidence/whois/text/bore.txt,data/evidence/whois/html/bore.html,yes,no,no,medium,"query_name=Bore | display_name=Bore the Snowpupil | epithet_or_title=the Snowpupil | Last login 26 years, 3 months, and 24 days ago from *.se."
whois_borne_1781578470,,Borne,borne,snooring and stuff is a Maia,,data/evidence/whois/text/borne.txt,data/evidence/whois/html/borne.html,yes,no,no,medium,"query_name=Borne | display_name=Borne | Last login 14 years, 9 months, and 20 days ago from *.net."
whois_brandish_1781578476,,Brandish,brandish,Maia,,data/evidence/whois/text/brandish.txt,data/evidence/whois/html/brandish.html,yes,no,no,medium,query_name=Brandish | display_name=Brandish the Runaway Train - Choo Choo | epithet_or_title=the Runaway Train - Choo Choo | role=Wright
whois_brico_1781578481,,Brico,brico,Maia,,data/evidence/whois/text/brico.txt,data/evidence/whois/html/brico.html,yes,no,no,medium,query_name=Brico | display_name=Brico | Last login 21 days and 7 hours ago from [numerical address].
whois_bruce_1781578487,,Bruce,bruce,Maia,Retired,data/evidence/whois/text/bruce.txt,data/evidence/whois/html/bruce.html,yes,no,no,medium,"query_name=Bruce | display_name=Bruce Campbell - Captain of The Experiment | epithet_or_title=Campbell - Captain of The Experiment | Last login 21 years, 3 months, and 14 days ago from *.com."
whois_brylon_1781578492,,Brylon,brylon,Maia,,data/evidence/whois/text/brylon.txt,data/evidence/whois/html/brylon.html,yes,no,no,medium,query_name=Brylon | display_name=Brylon | role=Wright
whois_bubla_1781578498,char_bubla,Bubla,bubla-2,Maia,,data/evidence/whois/text/bubla-2.txt,data/evidence/whois/html/bubla-2.html,yes,no,no,medium,query_name=Bubla | display_name=Bubla | Last login 2 months and 13 days ago.
whois_bullroarer_1781578503,,Bullroarer,bullroarer,Maia,Retired,data/evidence/whois/text/bullroarer.txt,data/evidence/whois/html/bullroarer.html,yes,no,no,medium,"query_name=Bullroarer | display_name=Bullroarer Dilligaf | epithet_or_title=Dilligaf | Last login 2 years, 5 months, and 1 day ago from *.net."
whois_burb_1781578509,char_burb,Burb,burb-2,tired of resting is a Maia,,data/evidence/whois/text/burb-2.txt,data/evidence/whois/html/burb-2.html,yes,no,no,medium,"query_name=Burb | display_name=Burb | Last login 13 years, 2 months, and 18 days ago."
whois_burl_1781578514,,Burl,burl,Maia,,data/evidence/whois/text/burl.txt,data/evidence/whois/html/burl.html,yes,no,no,medium,"query_name=Burl | display_name=Burl | Last login 9 years, 4 months, and 5 days ago from [numerical address]."
whois_burnus_1781578520,,Burnus,burnus,Maia,Retired,data/evidence/whois/text/burnus.txt,data/evidence/whois/html/burnus.html,yes,no,no,medium,query_name=Burnus | display_name=Burnus Ironblood | epithet_or_title=Ironblood | role=Builder
whois_caerroil_1781578525,,Caerroil,caerroil,Maia,Retired,data/evidence/whois/text/caerroil.txt,data/evidence/whois/html/caerroil.html,yes,no,no,medium,"query_name=Caerroil | display_name=Caerroil Wildwood, Forestal of Garroting Deep | epithet_or_title=Wildwood, Forestal of Garroting Deep | role=Cartographer | Last login 15 years, 6 months, and 3 days ago."
whois_caesar_1781578531,,Caesar,caesar,traipsing and frolicking in Rohan is a Maia,Retired,data/evidence/whois/text/caesar.txt,data/evidence/whois/html/caesar.html,yes,no,no,medium,query_name=Caesar | display_name=Caesar | role=Builder
whois_cai_1781578536,,Cai,cai,Maia,,data/evidence/whois/text/cai.txt,data/evidence/whois/html/cai.html,yes,no,no,medium,"query_name=Cai | display_name=Cai the White | epithet_or_title=the White | Last login 1 year, 1 month, and 21 days ago."
whois_caidi_1781578542,,Caidi,caidi,Maia,Retired,data/evidence/whois/text/caidi.txt,data/evidence/whois/html/caidi.html,yes,no,no,medium,"query_name=Caidi | display_name=Caidi the Maia of Love | epithet_or_title=the Maia of Love | Last login 30 years, 8 months, and 29 days ago."
whois_calamity_1781578547,,Calamity,calamity,Maia,Retired,data/evidence/whois/text/calamity.txt,data/evidence/whois/html/calamity.html,yes,no,no,medium,"query_name=Calamity | display_name=Calamity the part-timer | epithet_or_title=the part-timer | Last login 3 years, 3 months, and 19 days ago from *.net."
whois_caldan_1781578553,,Caldan,caldan,Maia,,data/evidence/whois/text/caldan.txt,data/evidence/whois/html/caldan.html,yes,no,no,medium,query_name=Caldan | display_name=Caldan Tutcaldan | epithet_or_title=Tutcaldan | role=Wright
whois_calebin_1781578558,,Calebin,calebin,Maia,Retired,data/evidence/whois/text/calebin.txt,data/evidence/whois/html/calebin.html,yes,no,no,medium,query_name=Calebin | display_name=Calebin old and feeble | epithet_or_title=old and feeble | role=Wright
whois_calesto_1781578564,,Calesto,calesto,Maia,,data/evidence/whois/text/calesto.txt,data/evidence/whois/html/calesto.html,yes,no,no,medium,"query_name=Calesto | display_name=Calesto | Last login 10 years, 6 months, and 12 days ago from *.net."
whois_calmacil_1781578569,,Calmacil,calmacil,Maia,Retired,data/evidence/whois/text/calmacil.txt,data/evidence/whois/html/calmacil.html,yes,no,no,medium,"query_name=Calmacil | display_name=Calmacil Ar-Belzagar, the 18th King of Númenor | epithet_or_title=Ar-Belzagar, the 18th King of Númenor | role=Wright"
whois_cararion_1781578575,,Cararion,cararion,Maia,,data/evidence/whois/text/cararion.txt,data/evidence/whois/html/cararion.html,yes,no,no,medium,"query_name=Cararion | display_name=Cararion the Mad Gibberer | epithet_or_title=the Mad Gibberer | Last login 17 years, 8 months, and 15 days ago from *.fi."
whois_cardin_1781578580,,Cardin,cardin,Maia,Retired,data/evidence/whois/text/cardin.txt,data/evidence/whois/html/cardin.html,yes,no,no,medium,query_name=Cardin | display_name=Cardin the one and only. | epithet_or_title=the one and only. | role=Wright
whois_carousel_1781578586,,Carousel,carousel,Maia,Retired,data/evidence/whois/text/carousel.txt,data/evidence/whois/html/carousel.html,yes,no,no,medium,"query_name=Carousel | display_name=Carousel Queen of Darkness | epithet_or_title=Queen of Darkness | Last login 21 years, 9 months, and 6 days ago."
whois_cassanunda_1781578591,,Cassanunda,cassanunda,Maia,Retired,data/evidence/whois/text/cassanunda.txt,data/evidence/whois/html/cassanunda.html,yes,no,no,medium,query_name=Cassanunda | display_name=Cassanunda Tries Harder | epithet_or_title=Tries Harder | role=Builder
whois_cedrim_1781578597,,Cedrim,cedrim,Maia,,data/evidence/whois/text/cedrim.txt,data/evidence/whois/html/cedrim.html,yes,no,no,medium,"query_name=Cedrim | display_name=Cedrim | Last login 20 years, 1 month, and 1 day ago from *.ee."
whois_ceeris_1781578602,,Ceeris,ceeris,Maia,,data/evidence/whois/text/ceeris.txt,data/evidence/whois/html/ceeris.html,yes,no,no,medium,"query_name=Ceeris | display_name=Ceeris | Last login 5 years, 4 months, and 9 days ago from *.nu."
whois_celebsil_1781578608,,Celebsil,celebsil,back and bored is a Maia,Retired,data/evidence/whois/text/celebsil.txt,data/evidence/whois/html/celebsil.html,yes,no,no,medium,query_name=Celebsil | display_name=Celebsil | role=Wright
whois_ceno_1781578613,,Ceno,ceno,is a Maia,,data/evidence/whois/text/ceno.txt,data/evidence/whois/html/ceno.html,yes,no,no,medium,query_name=Ceno | display_name=Ceno | Last login 1 month and 11 days ago from *.fi.
whois_ceres_1781578619,,Ceres,ceres,Maia,,data/evidence/whois/text/ceres.txt,data/evidence/whois/html/ceres.html,yes,no,no,medium,"query_name=Ceres | display_name=Ceres | Last login 11 years, 6 months, and 1 day ago from *.eu."
whois_chauncey_1781578624,char_chauncey,Chauncey,chauncey-2,Maia,Retired,data/evidence/whois/text/chauncey-2.txt,data/evidence/whois/html/chauncey-2.html,yes,no,no,medium,"query_name=Chauncey | display_name=Chauncey - Eru Chauncey Morgoth - The Oneness!! | epithet_or_title=- Eru Chauncey Morgoth - The Oneness!! | role=Cartographer | Last login 18 years, 5 months, and 24 days ago from *.net."
whois_chavez_1781578630,char_chavez,Chavez,chavez-2,Maia,Retired,data/evidence/whois/text/chavez-2.txt,data/evidence/whois/html/chavez-2.html,yes,no,no,medium,"query_name=Chavez | display_name=Chavez | role=Cartographer | Last login 1 year, 8 months, and 6 days ago."
whois_chay_1781578635,,Chay,chay,Maia,Retired,data/evidence/whois/text/chay.txt,data/evidence/whois/html/chay.html,yes,no,no,medium,"query_name=Chay | display_name=Chay was created September 3, 1997 | epithet_or_title=was created September 3, 1997 | role=Wright"
whois_chicken_1781578641,,Chicken,chicken,forbidden to get a kit by the Valar is a Maia,Retired,data/evidence/whois/text/chicken.txt,data/evidence/whois/html/chicken.html,yes,no,no,medium,query_name=Chicken | display_name=Chicken | role=Wright
whois_chops_1781578646,,Chops,chops,Maia,Retired,data/evidence/whois/text/chops.txt,data/evidence/whois/html/chops.html,yes,no,no,medium,query_name=Chops | display_name=Chops Chops Chops Chops Chops | epithet_or_title=Chops Chops Chops Chops | Last login 14 hours ago.
whois_chrizt_1781578652,,Chrizt,chrizt,with you is a Maia,,data/evidence/whois/text/chrizt.txt,data/evidence/whois/html/chrizt.html,yes,no,no,medium,"query_name=Chrizt | display_name=Chrizt | Last login 3 years, 9 months, and 25 days ago."
whois_chuck_1781578657,,Chuck,chuck,Maia,,data/evidence/whois/text/chuck.txt,data/evidence/whois/html/chuck.html,yes,no,no,medium,"query_name=Chuck | display_name=Chuck Rogers | epithet_or_title=Rogers | Last login 14 years, 10 months, and 28 days ago from [numerical address]."
whois_ciara_1781578663,,Ciara,ciara,Maia,,data/evidence/whois/text/ciara.txt,data/evidence/whois/html/ciara.html,yes,no,no,medium,query_name=Ciara | display_name=Ciara | role=Cartographer | Last login 1 month and 9 days ago from *.nl.
whois_cielo_1781578668,,Cielo,cielo,Maia,Retired,data/evidence/whois/text/cielo.txt,data/evidence/whois/html/cielo.html,yes,no,no,medium,"query_name=Cielo | display_name=Cielo Uzziel the Evil Lag Queen | epithet_or_title=Uzziel the Evil Lag Queen | Last login 1 year, 9 months, and 7 days ago from [numerical address]."
whois_ciltor_1781578674,,Ciltor,ciltor,Maia,,data/evidence/whois/text/ciltor.txt,data/evidence/whois/html/ciltor.html,yes,no,no,medium,query_name=Ciltor | display_name=Ciltor ð | epithet_or_title=ð | role=Wright
whois_citygaurd_1781578679,,Citygaurd,citygaurd,Maia,Retired,data/evidence/whois/text/citygaurd.txt,data/evidence/whois/html/citygaurd.html,yes,no,no,medium,"query_name=Citygaurd | display_name=Citygaurd Mnemonic | epithet_or_title=Mnemonic | Last login 24 years, 3 months, and 11 days ago."
whois_cliff_1781578685,,Cliff,cliff,Maia,,data/evidence/whois/text/cliff.txt,data/evidence/whois/html/cliff.html,yes,no,no,medium,"query_name=Cliff | display_name=Cliff the Grey | epithet_or_title=the Grey | Last login 21 years, 10 months, and 4 days ago from *.com."
whois_cobble_1781578690,,Cobble,cobble,Maia,Retired,data/evidence/whois/text/cobble.txt,data/evidence/whois/html/cobble.html,yes,no,no,medium,"query_name=Cobble | display_name=Cobble wobble | epithet_or_title=wobble | Last login 9 years, 5 months, and 11 days ago from *.eu."
whois_conklin_1781578696,,Conklin,conklin,Maia,Retired,data/evidence/whois/text/conklin.txt,data/evidence/whois/html/conklin.html,yes,no,no,medium,"query_name=Conklin | display_name=Conklin | role=Cartographer | Last login 10 years, 11 months, and 23 days ago."
whois_cookie_1781578702,,Cookie,cookie,Maia,Retired,data/evidence/whois/text/cookie.txt,data/evidence/whois/html/cookie.html,yes,no,no,medium,query_name=Cookie | display_name=Cookie Monster has finally retired | epithet_or_title=Monster has finally retired | role=Builder
whois_cormac_1781578707,char_cormac,Cormac,cormac-2,Maia,,data/evidence/whois/text/cormac-2.txt,data/evidence/whois/html/cormac-2.html,yes,no,no,medium,query_name=Cormac | display_name=Cormac | Last login 8 months and 6 days ago from [numerical address].
whois_cosmos_1781578713,,Cosmos,cosmos,Maia,,data/evidence/whois/text/cosmos.txt,data/evidence/whois/html/cosmos.html,yes,no,no,medium,query_name=Cosmos | display_name=Cosmos the Ancient | epithet_or_title=the Ancient | Last login 10 months and 5 days ago from *.it.
whois_covah_1781578718,,Covah,covah,Maia,Retired,data/evidence/whois/text/covah.txt,data/evidence/whois/html/covah.html,yes,no,no,medium,"query_name=Covah | display_name=Covah the Street Illusionist | epithet_or_title=the Street Illusionist | Last login 18 years, 9 months, and 8 days ago."
whois_coydt_1781578724,,Coydt,coydt,Maia,Retired,data/evidence/whois/text/coydt.txt,data/evidence/whois/html/coydt.html,yes,no,no,medium,"query_name=Coydt | display_name=Coydt Silvertree | epithet_or_title=Silvertree | Last login 14 years, 11 months, and 27 days ago from *.com."
whois_crazack_1781578729,,Crazack,crazack,Maia,Retired,data/evidence/whois/text/crazack.txt,data/evidence/whois/html/crazack.html,yes,no,no,medium,query_name=Crazack | display_name=Crazack of the Eternal Fire | epithet_or_title=of the Eternal Fire | role=Builder
whois_tell_1781578735,,tell,tell,Maia,Retired,data/evidence/whois/text/tell.txt,data/evidence/whois/html/tell.html,yes,no,no,medium,query_name=Creston | display_name=tell) | epithet_or_title=) | role=Wright
whois_critter_1781578740,,Critter,critter,Maia,Retired,data/evidence/whois/text/critter.txt,data/evidence/whois/html/critter.html,yes,no,no,medium,"query_name=Critter | display_name=Critter robbed of c, one still left | epithet_or_title=robbed of c, one still left | Last login 23 years, 4 months, and 16 days ago from [numerical address]."
whois_cryhavoc_1781578746,,CryHavoc,cryhavoc,Implementor,Retired,data/evidence/whois/text/cryhavoc.txt,data/evidence/whois/html/cryhavoc.html,yes,no,no,medium,query_name=CryHavoc | display_name=CryHavoc Kementari | epithet_or_title=Kementari
whois_crysania_1781578751,char_crysania,Crysania,crysania-2,Maia,,data/evidence/whois/text/crysania-2.txt,data/evidence/whois/html/crysania-2.html,yes,no,no,medium,"query_name=Crysania | display_name=Crysania Quagmire, Giggity! | epithet_or_title=Quagmire, Giggity! | Last login 10 months and 26 days ago from *.fi."
whois_cuantar_1781578757,,Cuantar,cuantar,Maia,,data/evidence/whois/text/cuantar.txt,data/evidence/whois/html/cuantar.html,yes,no,no,medium,query_name=Cuantar | display_name=Cuantar the Wandering Quantum Mechanic | epithet_or_title=the Wandering Quantum Mechanic | role=Builder
whois_culbor_1781578762,,Culbor,culbor,Maia,,data/evidence/whois/text/culbor.txt,data/evidence/whois/html/culbor.html,yes,no,no,medium,"query_name=Culbor | display_name=Culbor | Last login 11 years, 4 months, and 15 days ago."
whois_curumo_1781578768,,Curumo,curumo,Maia,,data/evidence/whois/text/curumo.txt,data/evidence/whois/html/curumo.html,yes,no,no,medium,"query_name=Curumo | display_name=Curumo, head of the White Council | epithet_or_title=, head of the White Council | Last login 2 months and 28 days ago."
whois_cute_1781578773,,Cute,cute,Maia,,data/evidence/whois/text/cute.txt,data/evidence/whois/html/cute.html,yes,no,no,medium,"query_name=Cute | display_name=Cute | Last login 15 years, 10 months, and 26 days ago from *.net."
whois_cúthalion_1781578779,,Cúthalion,cuthalion,Maia,,data/evidence/whois/text/cuthalion.txt,data/evidence/whois/html/cuthalion.html,yes,no,no,medium,"query_name=Cúthalion | display_name=Cúthalion the Warped Longbow | epithet_or_title=the Warped Longbow | Last login 1 year, 1 month, and 10 days ago from *.de."
whois_daemor_1781578784,,Daemor,daemor,Maia,Retired,data/evidence/whois/text/daemor.txt,data/evidence/whois/html/daemor.html,yes,no,no,medium,"query_name=Daemor | display_name=Daemor the Raven | epithet_or_title=the Raven | role=Cartographer | Last login 3 years, 5 months, and 19 days ago from *.no."
whois_dand_1781578790,,Dand,dand,Gone is a Maia,Retired,data/evidence/whois/text/dand.txt,data/evidence/whois/html/dand.html,yes,no,no,medium,query_name=Dand | display_name=Dand | Last login 29 years and 26 days ago.
whois_daniel_1781578795,,Daniel,daniel,Maia,Retired,data/evidence/whois/text/daniel.txt,data/evidence/whois/html/daniel.html,yes,no,no,medium,query_name=Daniel | display_name=Daniel the Lazy! | epithet_or_title=the Lazy! | role=Wright
whois_darcy_1781578801,,Darcy,darcy,Maia,Retired,data/evidence/whois/text/darcy.txt,data/evidence/whois/html/darcy.html,yes,no,no,medium,query_name=Darcy | display_name=Darcy the Yellow | epithet_or_title=the Yellow | Last login 10 years and 22 days ago.
whois_dardhel_1781578806,,Dardhel,dardhel,Maia,Retired,data/evidence/whois/text/dardhel.txt,data/evidence/whois/html/dardhel.html,yes,no,no,medium,"query_name=Dardhel | display_name=Dardhel - Foreman of The Experiment | epithet_or_title=- Foreman of The Experiment | role=Cartographer | Last login 5 years, 4 months, and 8 days ago from *.net."
whois_mountain_1781578812,,Mountain,mountain,Maia,,data/evidence/whois/text/mountain.txt,data/evidence/whois/html/mountain.html,yes,no,no,medium,"query_name=Dargor | display_name=Mountain | Last login 20 years, 5 months, and 14 days ago."
whois_daro_1781578817,,Daro,daro,Maia,Retired,data/evidence/whois/text/daro.txt,data/evidence/whois/html/daro.html,yes,no,no,medium,"query_name=Daro | display_name=Daro the absent | epithet_or_title=the absent | Last login 23 years, 3 months, and 7 days ago from *.se."
whois_darquin_1781578823,,Darquin,darquin,Maia,Retired,data/evidence/whois/text/darquin.txt,data/evidence/whois/html/darquin.html,yes,no,no,medium,"query_name=Darquin | display_name=Darquin forgot how to play | epithet_or_title=forgot how to play | Last login 2 years, 8 months, and 4 days ago from *.com."
whois_ready_1781578828,,ready,ready,Vala,Retired,data/evidence/whois/text/ready.txt,data/evidence/whois/html/ready.html,yes,no,no,medium,query_name=Darthang | display_name=ready to serve you | epithet_or_title=to serve you | role=Architect
whois_darvil_1781578834,,Darvil,darvil,Maia,,data/evidence/whois/text/darvil.txt,data/evidence/whois/html/darvil.html,yes,no,no,medium,"query_name=Darvil | display_name=Darvil the pinky green Cat | epithet_or_title=the pinky green Cat | Last login 20 years, 5 months, and 10 days ago from *.com."
whois_daryl_1781578840,,Daryl,daryl,Maia,,data/evidence/whois/text/daryl.txt,data/evidence/whois/html/daryl.html,yes,no,no,medium,"query_name=Daryl | display_name=Daryl of Amon Urnár | epithet_or_title=of Amon Urnár | Last login 21 years, 2 months, and 25 days ago from *.nl."
whois_he_1781578845,,he,he,Maia,,data/evidence/whois/text/he.txt,data/evidence/whois/html/he.html,yes,no,no,medium,"query_name=David | display_name=he | Last login 4 years, 1 month, and 13 days ago."
whois_dawnborn_1781578851,,Dawnborn,dawnborn,Maia,,data/evidence/whois/text/dawnborn.txt,data/evidence/whois/html/dawnborn.html,yes,no,no,medium,"query_name=Dawnborn | display_name=Dawnborn, the Maia of Tasteless Objects | epithet_or_title=, the Maia of Tasteless Objects | role=Wright"
whois_deamon_1781578856,,Deamon,deamon,Maia,Retired,data/evidence/whois/text/deamon.txt,data/evidence/whois/html/deamon.html,yes,no,no,medium,"query_name=Deamon | display_name=Deamon of the Realms | epithet_or_title=of the Realms | Last login 33 years, 5 months, and 17 days ago from *.EDU."
whois_deda_1781578862,,Deda,deda,Maia,,data/evidence/whois/text/deda.txt,data/evidence/whois/html/deda.html,yes,no,no,medium,"query_name=Deda | display_name=Deda Lebeda | epithet_or_title=Lebeda | Last login 13 years, 8 months, and 27 days ago."
whois_degolas_1781578867,,Degolas,degolas,Maia,Retired,data/evidence/whois/text/degolas.txt,data/evidence/whois/html/degolas.html,yes,no,no,medium,"query_name=Degolas | display_name=Degolas back | epithet_or_title=back | role=Cartographer | Last login 15 years, 10 months, and 20 days ago from *.net."
whois_dende_1781578873,,Dende,dende,Maia,,data/evidence/whois/text/dende.txt,data/evidence/whois/html/dende.html,yes,no,no,medium,"query_name=Dende | display_name=Dende | Last login 17 years, 11 months, and 2 days ago from *.net."
whois_deneth_1781578878,,Deneth,deneth,Maia,Retired,data/evidence/whois/text/deneth.txt,data/evidence/whois/html/deneth.html,yes,no,no,medium,query_name=Deneth | display_name=Deneth sleeps with the lights on.... | epithet_or_title=sleeps with the lights on.... | Last login 25 years and 30 days ago from *.uk.
whois_deodred_1781578884,,Deodred,deodred,Maia,Retired,data/evidence/whois/text/deodred.txt,data/evidence/whois/html/deodred.html,yes,no,no,medium,"query_name=Deodred | display_name=Deodred the lost | epithet_or_title=the lost | Last login 21 years, 10 months, and 6 days ago from *.se."
whois_deriel_1781578889,,Deriel,deriel,Maia,,data/evidence/whois/text/deriel.txt,data/evidence/whois/html/deriel.html,yes,no,no,medium,"query_name=Deriel | display_name=Deriel the White | epithet_or_title=the White | Last login 2 years, 10 months, and 9 days ago from *.net."
whois_are_1781578895,,are,are,Maia,Retired,data/evidence/whois/text/are.txt,data/evidence/whois/html/are.html,yes,no,no,medium,query_name=Destiny | display_name=are | role=Wright
whois_dewa_1781578900,,Dewa,dewa,Maia,,data/evidence/whois/text/dewa.txt,data/evidence/whois/html/dewa.html,yes,no,no,medium,query_name=Dewa | display_name=Dewa | Last login 12 years and 11 months ago.
whois_dhalia_1781578906,,Dhalia,dhalia,Maia,,data/evidence/whois/text/dhalia.txt,data/evidence/whois/html/dhalia.html,yes,no,no,medium,"query_name=Dhalia | display_name=Dhalia the Fair | epithet_or_title=the Fair | Last login 8 years, 8 months, and 2 days ago from *.eu."
whois_diana_1781578911,,Diana,diana,Maia,,data/evidence/whois/text/diana.txt,data/evidence/whois/html/diana.html,yes,no,no,medium,query_name=Diana | display_name=Diana the White Worm. | epithet_or_title=the White Worm. | Last login 5 months and 4 days ago.
whois_djinn_1781578917,char_djinn,Djinn,djinn-2,Maia,Retired,data/evidence/whois/text/djinn-2.txt,data/evidence/whois/html/djinn-2.html,yes,no,no,medium,query_name=Djinn | display_name=Djinn The RrrrrrrAAAAAAving lUnATics | epithet_or_title=The RrrrrrrAAAAAAving lUnATics | role=Cartographer | Last login 1 month and 15 days ago from *.be.
whois_donutello_1781578922,char_donutello,Donutello,donutello-2,Maia,Retired,data/evidence/whois/text/donutello-2.txt,data/evidence/whois/html/donutello-2.html,yes,no,no,medium,"query_name=Donutello | display_name=Donutello | role=Cartographer | Last login 8 years, 7 months, and 26 days ago from *.eu."
whois_dorien_1781578928,,Dorien,dorien,Maia,Retired,data/evidence/whois/text/dorien.txt,data/evidence/whois/html/dorien.html,yes,no,no,medium,query_name=Dorien | display_name=Dorien the Arch Illusionist | epithet_or_title=the Arch Illusionist | role=Wright
whois_universe_1781578933,,universe,universe,Maia,Retired,data/evidence/whois/text/universe.txt,data/evidence/whois/html/universe.html,yes,no,no,medium,query_name=Dorin | display_name=universe | role=Wright
whois_dorn_1781578939,,Dorn,dorn,Maia,Retired,data/evidence/whois/text/dorn.txt,data/evidence/whois/html/dorn.html,yes,no,no,medium,query_name=Dorn | display_name=Dorn might be around | epithet_or_title=might be around | role=Builder
whois_division_1781578944,,division,division,Maia,Retired,data/evidence/whois/text/division.txt,data/evidence/whois/html/division.html,yes,no,no,medium,query_name=Draak | display_name=division | role=Builder
whois_drago_1781578950,,Drago,drago,Maia,Retired,data/evidence/whois/text/drago.txt,data/evidence/whois/html/drago.html,yes,no,no,medium,query_name=Drago | display_name=Drago the Immortal | epithet_or_title=the Immortal | role=Wright
whois_drakiz_1781578955,,Drakiz,drakiz,Maia,,data/evidence/whois/text/drakiz.txt,data/evidence/whois/html/drakiz.html,yes,no,no,medium,"query_name=Drakiz | display_name=Drakiz im on a Mume-break | epithet_or_title=im on a Mume-break | Last login 16 years, 9 months, and 14 days ago from *.dk."
whois_draught_1781578961,,Draught,draught,"Vala, one of the Aratar",Retired,data/evidence/whois/text/draught.txt,data/evidence/whois/html/draught.html,yes,no,no,medium,query_name=Draught | display_name=Draught the Windy Wizard - [] | epithet_or_title=the Windy Wizard - []
whois_drink_1781578966,,Drink,drink,Maia,,data/evidence/whois/text/drink.txt,data/evidence/whois/html/drink.html,yes,no,no,medium,query_name=Drink | display_name=Drink on me | epithet_or_title=on me | Last login 2 years and 29 days ago.
whois_drugar_1781578972,char_drugar,Drugar,drugar-2,Maia,Retired,data/evidence/whois/text/drugar-2.txt,data/evidence/whois/html/drugar-2.html,yes,no,no,medium,"query_name=Drugar | display_name=Drugar Bork! ® | epithet_or_title=Bork! ® | role=Cartographer | Last login 24 years, 7 months, and 6 days ago from *.net."
whois_drugo_1781578977,,Drugo,drugo,Maia,,data/evidence/whois/text/drugo.txt,data/evidence/whois/html/drugo.html,yes,no,no,medium,query_name=Drugo | display_name=Drugo von Drugis. Lord of True Newbies | epithet_or_title=von Drugis. Lord of True Newbies | role=Wright
whois_dryden_1781578983,,Dryden,dryden,Maia,Retired,data/evidence/whois/text/dryden.txt,data/evidence/whois/html/dryden.html,yes,no,no,medium,"query_name=Dryden | display_name=Dryden the Human Maiar | epithet_or_title=the Human Maiar | Last login 34 years, 2 months, and 2 days ago from *.edu."
whois_dröm_1781578988,,Dröm,drom,Maia,Retired,data/evidence/whois/text/drom.txt,data/evidence/whois/html/drom.html,yes,no,no,medium,"query_name=Dröm | display_name=Dröm Yellow Rose | epithet_or_title=Yellow Rose | Last login 6 years, 7 months, and 23 days ago."
whois_durin_1781578994,,Durin,durin,Maia,Retired,data/evidence/whois/text/durin.txt,data/evidence/whois/html/durin.html,yes,no,no,medium,query_name=Durin | display_name=Durin the Father of Dwarves | epithet_or_title=the Father of Dwarves | role=Wright
whois_souls_1781578999,,Souls,souls,Maia,,data/evidence/whois/text/souls.txt,data/evidence/whois/html/souls.html,yes,no,no,medium,query_name=Durmegil | display_name=Souls | role=Cartographer | Last login 5 months and 4 days ago from [numerical address].
whois_dushmoll_1781579005,,Dushmoll,dushmoll,Maia,Retired,data/evidence/whois/text/dushmoll.txt,data/evidence/whois/html/dushmoll.html,yes,no,no,medium,"query_name=Dushmoll | display_name=Dushmoll the Troll | epithet_or_title=the Troll | Last login 29 years, 2 months, and 21 days ago from *.EDU."
whois_dáin_1781579011,,Dáin,dain,"Vala, one of the Aratar",,data/evidence/whois/text/dain.txt,data/evidence/whois/html/dain.html,yes,no,no,medium,query_name=Dáin | display_name=Dáin II Ironfoot | epithet_or_title=II Ironfoot
whois_déja_1781579017,,Déja,deja,Maia,,data/evidence/whois/text/deja.txt,data/evidence/whois/html/deja.html,yes,no,no,medium,query_name=Déja | display_name=Déja Vu has seen it all before. | epithet_or_title=Vu has seen it all before.
whois_déor_1781579029,char_déor,Déor,deor-2,Vala,Retired,data/evidence/whois/text/deor-2.txt,data/evidence/whois/html/deor-2.html,yes,no,no,medium,query_name=Déor | display_name=2006!11one | role=Architect
whois_dúlin_1781579037,,Dúlin,dulin,Maia,,data/evidence/whois/text/dulin.txt,data/evidence/whois/html/dulin.html,yes,no,no,medium,query_name=Dúlin | display_name=Dúlin Thuringwethil | epithet_or_title=Thuringwethil | Last login 20 years and 3 months ago from *.fi.
whois_earolon_1781579045,,Earolon,earolon,Maia,,data/evidence/whois/text/earolon.txt,data/evidence/whois/html/earolon.html,yes,no,no,medium,"query_name=Earolon | display_name=Earolon - | epithet_or_title=- | Last login 1 year, 7 months, and 23 days ago from *.com."
whois_edomir_1781579053,,Edomir,edomir,happy nappy!!! is a Maia,,data/evidence/whois/text/edomir.txt,data/evidence/whois/html/edomir.html,yes,no,no,medium,"query_name=Edomir | display_name=Edomir | Last login 8 years, 2 months, and 5 days ago from *.eu."
whois_edvard_1781579060,char_edvard,Edvard,edvard-2,Maia,Retired,data/evidence/whois/text/edvard-2.txt,data/evidence/whois/html/edvard-2.html,yes,no,no,medium,"query_name=Edvard | display_name=Edvard the God, af Norrland | epithet_or_title=the God, af Norrland | Last login 2 years, 8 months, and 6 days ago from *.se."
whois_eileya_1781579065,,Eileya,eileya,Maia,,data/evidence/whois/text/eileya.txt,data/evidence/whois/html/eileya.html,yes,no,no,medium,"query_name=Eileya | display_name=Eileya | Last login 13 years, 4 months, and 9 days ago."
whois_eis_1781579077,,Eis,eis,Maia,,data/evidence/whois/text/eis.txt,data/evidence/whois/html/eis.html,yes,no,no,medium,query_name=Eis | display_name=Eis Bär Baby [150:101] | epithet_or_title=Bär Baby [150:101] | Last login 5 years and 9 days ago from *.at.
whois_ekolas_1781579090,,Ekolas,ekolas,Maia,Retired,data/evidence/whois/text/ekolas.txt,data/evidence/whois/html/ekolas.html,yes,no,no,medium,"query_name=Ekolas | display_name=Ekolas the Useful | epithet_or_title=the Useful | Last login 16 years, 10 months, and 19 days ago from [numerical address]."
whois_elagorn_1781579098,,Elagorn,elagorn,Maia,,data/evidence/whois/text/elagorn.txt,data/evidence/whois/html/elagorn.html,yes,no,no,medium,"query_name=Elagorn | display_name=Elagorn the Omnipotent | epithet_or_title=the Omnipotent | Last login 1 year, 11 months, and 1 day ago from [numerical address]."
whois_elan_1781579105,,Elan,elan,Maia,Retired,data/evidence/whois/text/elan.txt,data/evidence/whois/html/elan.html,yes,no,no,medium,query_name=Elan | display_name=Elan Morin Tedronai | epithet_or_title=Morin Tedronai | role=Builder
whois_elaniel_1781579113,,Elaniel,elaniel,Maia,,data/evidence/whois/text/elaniel.txt,data/evidence/whois/html/elaniel.html,yes,no,no,medium,"query_name=Elaniel | display_name=Elaniel the Beginner | epithet_or_title=the Beginner | Last login 17 years, 7 months, and 22 days ago from *.ee."
whois_eldahal_1781579121,,Eldahal,eldahal,Maia,,data/evidence/whois/text/eldahal.txt,data/evidence/whois/html/eldahal.html,yes,no,no,medium,"query_name=Eldahal | display_name=Eldahal the White | epithet_or_title=the White | Last login 19 years, 11 months, and 12 days ago from [numerical address]."
whois_eldamir_1781579128,,Eldamir,eldamir,Maia,Retired,data/evidence/whois/text/eldamir.txt,data/evidence/whois/html/eldamir.html,yes,no,no,medium,"query_name=Eldamir | display_name=Eldamir . | epithet_or_title=. | Last login 14 years, 4 months, and 23 days ago from *.com."
whois_elemir_1781579137,,Elemir,elemir,Vala,,data/evidence/whois/text/elemir.txt,data/evidence/whois/html/elemir.html,yes,no,no,medium,"query_name=Elemir | display_name=Elemir, King of Catastrophe, | epithet_or_title=, King of Catastrophe, | role=Architect"
whois_elemmakil_1781579151,,Elemmakil,elemmakil,Maia,,data/evidence/whois/text/elemmakil.txt,data/evidence/whois/html/elemmakil.html,yes,no,no,medium,"query_name=Elemmakil | display_name=Elemmakil, Captain of the Gate of Wood | epithet_or_title=, Captain of the Gate of Wood | role=Cartographer | Last login 5 years, 10 months, and 12 days ago from *.net."
whois_elerrína_1781579157,,Elerrína,elerrina,Maia,Retired,data/evidence/whois/text/elerrina.txt,data/evidence/whois/html/elerrina.html,yes,no,no,medium,"query_name=Elerrína | display_name=Elerrína | role=Cartographer | Last login 6 years, 2 months, and 1 day ago."
whois_kits_1781579165,,kits,kits,Maia,Retired,data/evidence/whois/text/kits.txt,data/evidence/whois/html/kits.html,yes,no,no,medium,query_name=Elfan | display_name=kits | role=Wright
whois_elistan_1781579173,char_elistan,Elistan,elistan-2,Maia,Retired,data/evidence/whois/text/elistan-2.txt,data/evidence/whois/html/elistan-2.html,yes,no,no,medium,"query_name=Elistan | display_name=Elistan of many, of few | epithet_or_title=of many, of few"
whois_elithrandir_1781579182,,Elithrandir,elithrandir,Maia,,data/evidence/whois/text/elithrandir.txt,data/evidence/whois/html/elithrandir.html,yes,no,no,medium,"query_name=Elithrandir | display_name=Elithrandir I | epithet_or_title=I | Last login 16 years, 9 months, and 24 days ago from *.cz."
whois_ellessar_1781579188,,Ellessar,ellessar,Maia,,data/evidence/whois/text/ellessar.txt,data/evidence/whois/html/ellessar.html,yes,no,no,medium,query_name=Ellessar | display_name=Ellessar | role=Wright
whois_elvis_1781579197,,Elvis,elvis,Maia,Retired,data/evidence/whois/text/elvis.txt,data/evidence/whois/html/elvis.html,yes,no,no,medium,"query_name=Elvis | display_name=Elvis says 'Fiddlesticks bop' | epithet_or_title=says 'Fiddlesticks bop' | role=Cartographer | Last login 19 years, 9 months, and 29 days ago from *.no."
whois_emcas_1781579213,,Emcas,emcas,Maia,Retired,data/evidence/whois/text/emcas.txt,data/evidence/whois/html/emcas.html,yes,no,no,medium,"query_name=Emcas | display_name=Emcas the Unbeliever | epithet_or_title=the Unbeliever | Last login 12 years, 8 months, and 19 days ago from *.com."
whois_ender_1781579219,,Ender,ender,Maia,Retired,data/evidence/whois/text/ender.txt,data/evidence/whois/html/ender.html,yes,no,no,medium,query_name=Ender | display_name=Ender | Last login 10 months and 28 days ago from [numerical address].
whois_endo_1781579225,,Endo,endo,Maia,,data/evidence/whois/text/endo.txt,data/evidence/whois/html/endo.html,yes,no,no,medium,query_name=Endo | display_name=Endo Master Spammer of the IDEA board | epithet_or_title=Master Spammer of the IDEA board | role=Cartographer | Last login 2 months and 7 days ago from *.net.
whois_endor_1781579233,char_endor,Endor,endor-2,Maia,,data/evidence/whois/text/endor-2.txt,data/evidence/whois/html/endor-2.html,yes,no,no,medium,query_name=Endor | display_name=Endor | Last login 6 months and 11 days ago.
whois_enerdhil_1781579245,,Enerdhil,enerdhil,Maia,,data/evidence/whois/text/enerdhil.txt,data/evidence/whois/html/enerdhil.html,yes,no,no,medium,"query_name=Enerdhil | display_name=Enerdhil the jewel-smith of Gondolin | epithet_or_title=the jewel-smith of Gondolin | Last login 8 years, 6 months, and 23 days ago from [numerical address]."
whois_enforcer_1781579254,char_enforcer,Enforcer,enforcer-2,Maia,,data/evidence/whois/text/enforcer-2.txt,data/evidence/whois/html/enforcer-2.html,yes,no,no,medium,query_name=Enforcer | display_name=Enforcer of Law and Order on Arda | epithet_or_title=of Law and Order on Arda | Last login 10 days and 5 hours ago.
whois_ennui_1781579259,,Ennui,ennui,Maia,,data/evidence/whois/text/ennui.txt,data/evidence/whois/html/ennui.html,yes,no,no,medium,query_name=Ennui | display_name=Ennui (Idle) | epithet_or_title=(Idle) | role=Cartographer | Last login 10 months and 22 days ago from *.net.
whois_eolung_1781579265,,Eolung,eolung,Maia,Retired,data/evidence/whois/text/eolung.txt,data/evidence/whois/html/eolung.html,yes,no,no,medium,query_name=Eolung | display_name=Eolung of the House of Eorl | epithet_or_title=of the House of Eorl | role=Shaper
whois_eoras_1781579270,,Eoras,eoras,Maia,,data/evidence/whois/text/eoras.txt,data/evidence/whois/html/eoras.html,yes,no,no,medium,"query_name=Eoras | display_name=Eoras the White | epithet_or_title=the White | role=Cartographer | Last login 2 years, 8 months, and 8 days ago from *.net."
whois_eporedax_1781579276,,Eporedax,eporedax,Maia,,data/evidence/whois/text/eporedax.txt,data/evidence/whois/html/eporedax.html,yes,no,no,medium,"query_name=Eporedax | display_name=Eporedax the Eternal Newbie | epithet_or_title=the Eternal Newbie | Last login 13 years, 9 months, and 24 days ago from *.cz."
whois_erach_1781579281,,Erach,erach,Maia,,data/evidence/whois/text/erach.txt,data/evidence/whois/html/erach.html,yes,no,no,medium,"query_name=Erach | display_name=Erach Cares | epithet_or_title=Cares | Last login 1 year, 2 months, and 14 days ago from *.com."
whois_erat_1781579287,,Erat,erat,Maia,Retired,data/evidence/whois/text/erat.txt,data/evidence/whois/html/erat.html,yes,no,no,medium,"query_name=Erat | display_name=Erat the not so very old and ancient | epithet_or_title=the not so very old and ancient | Last login 25 years, 3 months, and 4 days ago from *.no."
whois_erekosë_1781579292,,Erekosë,erekose,Maia,,data/evidence/whois/text/erekose.txt,data/evidence/whois/html/erekose.html,yes,no,no,medium,"query_name=Erekosë | display_name=Erekosë | role=Cartographer | Last login 2 years, 4 months, and 22 days ago."
whois_erent_1781579545,,Erent,erent,Maia,Retired,data/evidence/whois/text/erent.txt,data/evidence/whois/html/erent.html,yes,no,no,medium,"query_name=erent | display_name=Erent Crackere, Your Funky WhiteBread. | epithet_or_title=Crackere, Your Funky WhiteBread. | role=Cartographer | Last login 18 years, 6 months, and 16 days ago."
whois_erg_1781579576,,Erg,erg,Maia,Retired,data/evidence/whois/text/erg.txt,data/evidence/whois/html/erg.html,yes,no,no,medium,"query_name=Erg | display_name=Erg . | epithet_or_title=. | role=Cartographer | Last login 23 years, 5 months, and 26 days ago from *.fi."
whois_erika_1781579581,,Erika,erika,Maia,,data/evidence/whois/text/erika.txt,data/evidence/whois/html/erika.html,yes,no,no,medium,query_name=Erika | display_name=Erika has a freak degree | epithet_or_title=has a freak degree | Last login 4 months ago.
whois_erios_1781579587,,Erios,erios,Maia,Retired,data/evidence/whois/text/erios.txt,data/evidence/whois/html/erios.html,yes,no,no,medium,"query_name=Erios | display_name=Erios null | epithet_or_title=null | Last login 25 years, 2 months, and 30 days ago from *.de."
whois_erl_1781579592,,Erl,erl,Maia,,data/evidence/whois/text/erl.txt,data/evidence/whois/html/erl.html,yes,no,no,medium,"query_name=Erl | display_name=Erl the Young | epithet_or_title=the Young | Last login 21 years, 11 months, and 18 days ago."
whois_eru_1781579598,,Eru,eru,Implementor,,data/evidence/whois/text/eru.txt,data/evidence/whois/html/eru.html,yes,no,no,medium,query_name=Eru | display_name=Eru Ilúvatar | epithet_or_title=Ilúvatar
whois_esen_1781579603,,Esen,esen,Maia,,data/evidence/whois/text/esen.txt,data/evidence/whois/html/esen.html,yes,no,no,medium,query_name=Esen | display_name=Esen | Last login 6 months and 22 days ago from [numerical address].
whois_estike_1781579609,,Estike,estike,Maia,,data/evidence/whois/text/estike.txt,data/evidence/whois/html/estike.html,yes,no,no,medium,"query_name=Estike | display_name=Estike the White | epithet_or_title=the White | Last login 4 years, 9 months, and 16 days ago from *.hu."
whois_evandaar_1781579615,char_evandaar,Evandaar,evandaar-2,Maia,,data/evidence/whois/text/evandaar-2.txt,data/evidence/whois/html/evandaar-2.html,yes,no,no,medium,query_name=Evandaar | display_name=Evandaar | role=Cartographer
whois_everminda_1781579620,,Everminda,everminda,Maia,Retired,data/evidence/whois/text/everminda.txt,data/evidence/whois/html/everminda.html,yes,no,no,medium,query_name=Everminda | display_name=Everminda | role=Wright
whois_eärendel_1781579626,,Eärendel,earendel,Maia,Retired,data/evidence/whois/text/earendel.txt,data/evidence/whois/html/earendel.html,yes,no,no,medium,"query_name=Eärendel | display_name=Eärendel the Mariner | epithet_or_title=the Mariner | role=Cartographer | Last login 5 years, 4 months, and 10 days ago from *.net."
whois_eärendil_1781579631,,Eärendil,earendil,Vala,Retired,data/evidence/whois/text/earendil.txt,data/evidence/whois/html/earendil.html,yes,no,no,medium,query_name=Eärendil | display_name=Eärendil the Mariner | epithet_or_title=the Mariner | role=Architect
whois_eönwe_1781579637,,Eönwe,eonwe,Vala,Retired,data/evidence/whois/text/eonwe.txt,data/evidence/whois/html/eonwe.html,yes,no,no,medium,query_name=Eönwe | display_name=Eönwe the Forgotten | epithet_or_title=the Forgotten | role=Architect
whois_faeythe_1781579642,,Faeythe,faeythe,Maia,,data/evidence/whois/text/faeythe.txt,data/evidence/whois/html/faeythe.html,yes,no,no,medium,"query_name=Faeythe | display_name=Faeythe the Dreamcatcher | epithet_or_title=the Dreamcatcher | Last login 10 years, 6 months, and 7 days ago."
whois_faint_1781579648,char_faint,Faint,faint-2,Maia,,data/evidence/whois/text/faint-2.txt,data/evidence/whois/html/faint-2.html,yes,no,no,medium,"query_name=Faint | display_name=Faint breeze | epithet_or_title=breeze | Last login 8 years, 11 months, and 1 day ago from *.se."
whois_fakhr_1781579653,,Fakhr,fakhr,Maia,Retired,data/evidence/whois/text/fakhr.txt,data/evidence/whois/html/fakhr.html,yes,no,no,medium,"query_name=Fakhr | display_name=Fakhr the illegitimate son of Eru and Takhr. | epithet_or_title=the illegitimate son of Eru and Takhr. | role=Cartographer | Last login 6 years, 8 months, and 16 days ago from *.net."
whois_falch_1781579659,,Falch,falch,Maia,Retired,data/evidence/whois/text/falch.txt,data/evidence/whois/html/falch.html,yes,no,no,medium,query_name=Falch | display_name=Falch | role=Cartographer
whois_faloth_1781579664,,Faloth,faloth,Maia,Retired,data/evidence/whois/text/faloth.txt,data/evidence/whois/html/faloth.html,yes,no,no,medium,"query_name=Faloth | display_name=Faloth | role=Cartographer | Last login 22 years, 5 months, and 5 days ago from *.net."
whois_fankil_1781579670,char_fankil,Fankil,fankil-2,Maia,,data/evidence/whois/text/fankil-2.txt,data/evidence/whois/html/fankil-2.html,yes,no,no,medium,query_name=Fankil | display_name=Fankil - servant of Morgoth | epithet_or_title=- servant of Morgoth | role=Shaper
whois_farin_1781579676,char_farin,Farin,farin-2,Maia,Retired,data/evidence/whois/text/farin-2.txt,data/evidence/whois/html/farin-2.html,yes,no,no,medium,"query_name=Farin | display_name=Farin | Last login 21 years, 10 months, and 21 days ago from *.net."
whois_fastdanr_1781579681,,Fastdanr,fastdanr,Maia,Retired,data/evidence/whois/text/fastdanr.txt,data/evidence/whois/html/fastdanr.html,yes,no,no,medium,"query_name=Fastdanr | display_name=Fastdanr the Man Apprentice | epithet_or_title=the Man Apprentice | Last login 21 years, 3 months, and 8 days ago from *.net."
whois_fed_1781579687,,Fed,fed,Maia,,data/evidence/whois/text/fed.txt,data/evidence/whois/html/fed.html,yes,no,no,medium,"query_name=Fed | display_name=Fed the Kind | epithet_or_title=the Kind | Last login 5 years, 8 months, and 27 days ago from *.nu."
whois_felbad_1781579695,,Felbad,felbad,Maia,,data/evidence/whois/text/felbad.txt,data/evidence/whois/html/felbad.html,yes,no,no,medium,"query_name=Felbad | display_name=Felbad | Last login 3 years, 6 months, and 8 days ago from *.be."
whois_fenderjaguar_1781579700,,Fenderjaguar,fenderjaguar,Maia,,data/evidence/whois/text/fenderjaguar.txt,data/evidence/whois/html/fenderjaguar.html,yes,no,no,medium,query_name=Fenderjaguar | display_name=Fenderjaguar the Lemonade Man | epithet_or_title=the Lemonade Man
whois_feon_1781579706,char_feon,Feon,feon-2,Maia,,data/evidence/whois/text/feon-2.txt,data/evidence/whois/html/feon-2.html,yes,no,no,medium,"query_name=Feon | display_name=Feon Lord, Captain, King of Everything. NSL | epithet_or_title=Lord, Captain, King of Everything. NSL | Last login 7 years, 7 months, and 27 days ago from *.eu."
whois_ferguson_1781579711,,Ferguson,ferguson,Maia,,data/evidence/whois/text/ferguson.txt,data/evidence/whois/html/ferguson.html,yes,no,no,medium,"query_name=Ferguson | display_name=Ferguson the Forester | epithet_or_title=the Forester | Last login 19 years, 6 months, and 16 days ago from *.uk."
whois_feri_1781579717,,Feri,feri,Maia,,data/evidence/whois/text/feri.txt,data/evidence/whois/html/feri.html,yes,no,no,medium,"query_name=Feri | display_name=Feri Áts, Leader of the Redshirts | epithet_or_title=Áts, Leader of the Redshirts | Last login 1 year and 1 day ago from *.ee."
whois_ferumbras_1781579722,,Ferumbras,ferumbras,Maia,Retired,data/evidence/whois/text/ferumbras.txt,data/evidence/whois/html/ferumbras.html,yes,no,no,medium,query_name=Ferumbras | display_name=Ferumbras Took | epithet_or_title=Took | role=Shaper
whois_fgiri_1781579728,,Fgiri,fgiri,Maia,,data/evidence/whois/text/fgiri.txt,data/evidence/whois/html/fgiri.html,yes,no,no,medium,"query_name=Fgiri | display_name=Fgiri Mgiri, the Magical Monkey | epithet_or_title=Mgiri, the Magical Monkey | Last login 17 years, 10 months, and 23 days ago from *.edu."
whois_fidel_1781579733,,Fidel,fidel,Maia,,data/evidence/whois/text/fidel.txt,data/evidence/whois/html/fidel.html,yes,no,no,medium,"query_name=Fidel | display_name=Fidel the Red | epithet_or_title=the Red | Last login 4 years, 7 months, and 29 days ago from *.com."
whois_fili_1781579739,,Fili,fili,"Vala, one of the Aratar",Retired,data/evidence/whois/text/fili.txt,data/evidence/whois/html/fili.html,yes,no,no,medium,query_name=Fili | display_name=Fili
whois_filibert_1781579745,char_filibert,Filibert,filibert-2,Maia,,data/evidence/whois/text/filibert-2.txt,data/evidence/whois/html/filibert-2.html,yes,no,no,medium,"query_name=Filibert | display_name=Filibert Unisex | epithet_or_title=Unisex | Last login 19 years, 10 months, and 16 days ago from *.se."
whois_filmus_1781579750,,Filmus,filmus,Maia,Retired,data/evidence/whois/text/filmus.txt,data/evidence/whois/html/filmus.html,yes,no,no,medium,"query_name=Filmus | display_name=Filmus the god of the swamps | epithet_or_title=the god of the swamps | role=Cartographer | Last login 2 years, 5 months, and 20 days ago from *.com."
whois_findor_1781579756,,Findor,findor,Maia,Retired,data/evidence/whois/text/findor.txt,data/evidence/whois/html/findor.html,yes,no,no,medium,"query_name=Findor | display_name=Findor the Numb Finn | epithet_or_title=the Numb Finn | Last login 18 years, 7 months, and 21 days ago from *.fi."
whois_fint_1781579761,,Fint,fint,Maia,,data/evidence/whois/text/fint.txt,data/evidence/whois/html/fint.html,yes,no,no,medium,"query_name=Fint | display_name=Fint vabhsee | epithet_or_title=vabhsee | Last login 20 years, 4 months, and 22 days ago from [numerical address]."
whois_finwë_1781579767,,Finwë,finwe,Maia,,data/evidence/whois/text/finwe.txt,data/evidence/whois/html/finwe.html,yes,no,no,medium,query_name=Finwë | display_name=Finwë : Join MUME Announcements | epithet_or_title=: Join MUME Announcements | role=Wright
whois_fionwë_1781579772,,Fionwë,fionwe,Maia,,data/evidence/whois/text/fionwe.txt,data/evidence/whois/html/fionwe.html,yes,no,no,medium,"query_name=Fionwë | display_name=Fionwë the banner-bearer and Herald of Manwë | epithet_or_title=the banner-bearer and Herald of Manwë | Last login 5 years, 11 months, and 23 days ago."
whois_firebolt_1781579778,,Firebolt,firebolt,Maia,Retired,data/evidence/whois/text/firebolt.txt,data/evidence/whois/html/firebolt.html,yes,no,no,medium,query_name=Firebolt | display_name=Firebolt | role=Cartographer | Last login 2 years and 18 days ago from [numerical address].
whois_flash_1781579783,,Flash,flash,Maia,Retired,data/evidence/whois/text/flash.txt,data/evidence/whois/html/flash.html,yes,no,no,medium,"query_name=Flash | display_name=Flash don't ask for help I'm --> | epithet_or_title=don't ask for help I'm --> | Last login 25 years, 4 months, and 19 days ago from *.com."
whois_fluk_1781579789,,Fluk,fluk,Maia,,data/evidence/whois/text/fluk.txt,data/evidence/whois/html/fluk.html,yes,no,no,medium,"query_name=Fluk | display_name=Fluk | Last login 13 years, 8 months, and 3 days ago from *.nl."
whois_fog_1781579798,,Fog,fog,Maia,Retired,data/evidence/whois/text/fog.txt,data/evidence/whois/html/fog.html,yes,no,no,medium,query_name=Fog | display_name=Fog 1/2 orders you to 'Join the Dark Order Of Fog' | epithet_or_title=1/2 orders you to 'Join the Dark Order Of Fog' | role=Builder
whois_foin_1781579804,,Foin,foin,Maia,Retired,data/evidence/whois/text/foin.txt,data/evidence/whois/html/foin.html,yes,no,no,medium,query_name=Foin | display_name=Foin the Lion King | epithet_or_title=the Lion King | role=Wright
whois_foobitz_1781579812,,Foobitz,foobitz,Maia,Retired,data/evidence/whois/text/foobitz.txt,data/evidence/whois/html/foobitz.html,yes,no,no,medium,"query_name=Foobitz | display_name=Foobitz the Foobinator | epithet_or_title=the Foobinator | role=Cartographer | Last login 17 years, 1 month, and 5 days ago from *.net."
whois_force_1781579819,,Force,force,Vala,,data/evidence/whois/text/force.txt,data/evidence/whois/html/force.html,yes,no,no,medium,query_name=Force | display_name=Force parties like it's 1999 | epithet_or_title=parties like it's 1999 | role=Architect
whois_ford_1781579827,,Ford,ford,Maia,,data/evidence/whois/text/ford.txt,data/evidence/whois/html/ford.html,yes,no,no,medium,"query_name=Ford | display_name=Ford the Yellow | epithet_or_title=the Yellow | Last login 23 years, 7 months, and 5 days ago from *.ee."
whois_fornax_1781579833,,Fornax,fornax,Maia,Retired,data/evidence/whois/text/fornax.txt,data/evidence/whois/html/fornax.html,yes,no,no,medium,query_name=Fornax | display_name=Fornax mostly afk | epithet_or_title=mostly afk | role=Wright
whois_foroil_1781579838,,Foroil,foroil,Maia,Retired,data/evidence/whois/text/foroil.txt,data/evidence/whois/html/foroil.html,yes,no,no,medium,"query_name=Foroil | display_name=Foroil | role=Cartographer | Last login 2 years, 11 months, and 11 days ago."
whois_fredde_1781579844,char_fredde,Fredde,fredde-2,Maia,Retired,data/evidence/whois/text/fredde-2.txt,data/evidence/whois/html/fredde-2.html,yes,no,no,medium,"query_name=Fredde | display_name=Fredde II, Die Harder | epithet_or_title=II, Die Harder | role=Cartographer | Last login 12 years, 6 months, and 20 days ago from *.com."
whois_freedom_1781579849,,Freedom,freedom,Maia,,data/evidence/whois/text/freedom.txt,data/evidence/whois/html/freedom.html,yes,no,no,medium,"query_name=Freedom | display_name=Freedom to chose your own fate | epithet_or_title=to chose your own fate | Last login 14 years, 1 month, and 27 days ago from *.net."
whois_freeway_1781579855,,Freeway,freeway,Maia,Retired,data/evidence/whois/text/freeway.txt,data/evidence/whois/html/freeway.html,yes,no,no,medium,"query_name=Freeway | display_name=Freeway do the right Thing | epithet_or_title=do the right Thing | Last login 10 years, 6 months, and 25 days ago from *.eu."
whois_freyah_1781579860,,Freyah,freyah,Maia,,data/evidence/whois/text/freyah.txt,data/evidence/whois/html/freyah.html,yes,no,no,medium,"query_name=Freyah | display_name=Freyah the White | epithet_or_title=the White | Last login 1 year, 11 months, and 25 days ago from *.net."
whois_freyja_1781579866,,Freyja,freyja,Maia,Retired,data/evidence/whois/text/freyja.txt,data/evidence/whois/html/freyja.html,yes,no,no,medium,"query_name=Freyja | display_name=Freyja the Ursula, Mother of Bears | epithet_or_title=the Ursula, Mother of Bears | role=Cartographer"
whois_fron_1781579871,,Fron,fron,Maia,Retired,data/evidence/whois/text/fron.txt,data/evidence/whois/html/fron.html,yes,no,no,medium,"query_name=Fron | display_name=Fron Greybeard | epithet_or_title=Greybeard | Last login 11 years, 9 months, and 27 days ago from *.it."
whois_frór_1781579877,,Frór,fror,"Vala, one of the Aratar",,data/evidence/whois/text/fror.txt,data/evidence/whois/html/fror.html,yes,no,no,medium,query_name=Frór | display_name=Frór of Erebor | epithet_or_title=of Erebor
whois_fumble_1781579882,,Fumble,fumble,thinking about it again is a Maia,Retired,data/evidence/whois/text/fumble.txt,data/evidence/whois/html/fumble.html,yes,no,no,medium,"query_name=Fumble | display_name=Fumble | Last login 24 years, 1 month, and 1 day ago from *.com."
whois_fènrir_1781579888,,Fènrir,fenrir,Maia,,data/evidence/whois/text/fenrir.txt,data/evidence/whois/html/fenrir.html,yes,no,no,medium,query_name=Fènrir | display_name=Fènrir
whois_fëagil_1781579893,char_fëagil,Fëagil,feagil-2,Maia,Retired,data/evidence/whois/text/feagil-2.txt,data/evidence/whois/html/feagil-2.html,yes,no,no,medium,"query_name=Fëagil | display_name=Fëagil the messenger of Varda | epithet_or_title=the messenger of Varda | role=Cartographer | Last login 9 years, 1 month, and 10 days ago from *.eu."
whois_fëanor_1781579899,char_fëanor,Fëanor,feanor-2,Vala,Retired,data/evidence/whois/text/feanor-2.txt,data/evidence/whois/html/feanor-2.html,yes,no,no,medium,query_name=Fëanor | display_name=Fëanor the Spirit of Fire | epithet_or_title=the Spirit of Fire | role=Architect
whois_gablgin_1781579905,,Gablgin,gablgin,Maia,,data/evidence/whois/text/gablgin.txt,data/evidence/whois/html/gablgin.html,yes,no,no,medium,"query_name=Gablgin | display_name=Gablgin a reminder to change his title | epithet_or_title=a reminder to change his title | Last login 9 years, 2 months, and 11 days ago from *.net."
whois_galaviel_1781579910,,Galaviel,galaviel,Maia,Retired,data/evidence/whois/text/galaviel.txt,data/evidence/whois/html/galaviel.html,yes,no,no,medium,"query_name=Galaviel | display_name=Galaviel of Spring | epithet_or_title=of Spring | Last login 24 years, 2 months, and 20 days ago."
whois_galen_1781579916,,Galen,galen,Vala,Retired,data/evidence/whois/text/galen.txt,data/evidence/whois/html/galen.html,yes,no,no,medium,query_name=Galen | display_name=Galen the Machine | epithet_or_title=the Machine | role=Architect
whois_gamór_1781579921,,Gamór,gamor,Maia,,data/evidence/whois/text/gamor.txt,data/evidence/whois/html/gamor.html,yes,no,no,medium,query_name=Gamór | display_name=Gamór | role=Wright
whois_gandalug_1781579927,,Gandalug,gandalug,Maia,,data/evidence/whois/text/gandalug.txt,data/evidence/whois/html/gandalug.html,yes,no,no,medium,"query_name=Gandalug | display_name=Gandalug | Last login 19 years, 8 months, and 16 days ago from *.com."
whois_gathen_1781579932,,Gathen,gathen,adrift in real life is a Maia,Retired,data/evidence/whois/text/gathen.txt,data/evidence/whois/html/gathen.html,yes,no,no,medium,"query_name=Gathen | display_name=Gathen | role=Cartographer | Last login 22 years, 5 months, and 27 days ago from *.com."
whois_gattling_1781579938,char_gattling,Gattling,gattling-2,Maia,Retired,data/evidence/whois/text/gattling-2.txt,data/evidence/whois/html/gattling-2.html,yes,no,no,medium,query_name=Gattling | display_name=Gattling Gnu aka Röversten | epithet_or_title=Gnu aka Röversten | role=Wright
whois_gaul_1781579943,,Gaul,gaul,Maia,Retired,data/evidence/whois/text/gaul.txt,data/evidence/whois/html/gaul.html,yes,no,no,medium,query_name=Gaul | display_name=Gaul cares too little | epithet_or_title=cares too little | role=Builder
whois_gauss_1781579949,,Gauss,gauss,Maia,Retired,data/evidence/whois/text/gauss.txt,data/evidence/whois/html/gauss.html,yes,no,no,medium,"query_name=Gauss | display_name=Gauss the Blue | epithet_or_title=the Blue | Last login 13 years, 4 months, and 6 days ago."
whois_gawain_1781579954,,Gawain,gawain,Maia,,data/evidence/whois/text/gawain.txt,data/evidence/whois/html/gawain.html,yes,no,no,medium,"query_name=Gawain | display_name=Gawain yawns. | epithet_or_title=yawns. | Last login 4 years, 6 months, and 20 days ago from *.de."
whois_gefe_1781579960,char_gefe,Gefe,gefe-2,Maia,Retired,data/evidence/whois/text/gefe-2.txt,data/evidence/whois/html/gefe-2.html,yes,no,no,medium,query_name=Gefe | display_name=Gefe the Friendly Neighbourhood Ainu | epithet_or_title=the Friendly Neighbourhood Ainu | role=Builder
whois_gehrman_1781579965,,Gehrman,gehrman,Maia,,data/evidence/whois/text/gehrman.txt,data/evidence/whois/html/gehrman.html,yes,no,no,medium,"query_name=Gehrman | display_name=Gehrman, the First Hunter | epithet_or_title=, the First Hunter | Last login 5 months and 15 days ago from *.se."
whois_genbu_1781579971,,Genbu,genbu,Here to Help is a Maia,,data/evidence/whois/text/genbu.txt,data/evidence/whois/html/genbu.html,yes,no,no,medium,"query_name=Genbu | display_name=Genbu | Last login 14 years, 6 months, and 27 days ago from *.com."
whois_gertrude_1781579976,,Gertrude,gertrude,building is a Maia,Retired,data/evidence/whois/text/gertrude.txt,data/evidence/whois/html/gertrude.html,yes,no,no,medium,query_name=Gertrude | display_name=Gertrude the builder | epithet_or_title=the builder | role=Wright
whois_gevald_1781579982,,Gevald,gevald,Maia,Retired,data/evidence/whois/text/gevald.txt,data/evidence/whois/html/gevald.html,yes,no,no,medium,"query_name=Gevald | display_name=Gevald Lord of The Land | epithet_or_title=Lord of The Land | Last login 27 years, 8 months, and 12 days ago from *.no."
whois_ghostly_1781579987,char_ghostly,Ghostly,ghostly-2,Vala,Retired,data/evidence/whois/text/ghostly-2.txt,data/evidence/whois/html/ghostly-2.html,yes,no,no,medium,query_name=Ghostly | display_name=Ghostly Captain's whisky of the week: Aberlour A | epithet_or_title=Captain's whisky of the week: Aberlour A | role=Architect
whois_ghrym_1781579993,,Ghrym,ghrym,hiding in the shadows watching you... is a Maia,Retired,data/evidence/whois/text/ghrym.txt,data/evidence/whois/html/ghrym.html,yes,no,no,medium,"query_name=Ghrym | display_name=Ghrym | Last login 21 years, 8 months, and 21 days ago from *.com."
whois_gilgala_1781579998,,Gilgala,gilgala,Maia,Retired,data/evidence/whois/text/gilgala.txt,data/evidence/whois/html/gilgala.html,yes,no,no,medium,query_name=Gilgala | display_name=Gilgala the Multiclored | epithet_or_title=the Multiclored | role=Wright
whois_gili_1781580004,,Gili,gili,Maia,,data/evidence/whois/text/gili.txt,data/evidence/whois/html/gili.html,yes,no,no,medium,"query_name=Gili | display_name=Gili | Last login 19 years, 3 months, and 1 day ago."
whois_gilthanas_1781580009,,Gilthanas,gilthanas,too absorbed by Magic is a Maia,Retired,data/evidence/whois/text/gilthanas.txt,data/evidence/whois/html/gilthanas.html,yes,no,no,medium,"query_name=Gilthanas | display_name=Gilthanas | Last login 31 years, 3 months, and 12 days ago."
whois_gnomette_1781580015,,Gnomette,gnomette,Maia,Retired,data/evidence/whois/text/gnomette.txt,data/evidence/whois/html/gnomette.html,yes,no,no,medium,"query_name=Gnomette | display_name=Gnomette peers at you cautiously (hidden). | epithet_or_title=peers at you cautiously (hidden). | role=Cartographer | Last login 1 year, 11 months, and 19 days ago."
whois_gomtuu_1781580020,,Gomtuu,gomtuu,Maia,,data/evidence/whois/text/gomtuu.txt,data/evidence/whois/html/gomtuu.html,yes,no,no,medium,query_name=Gomtuu | display_name=Gomtuu The Lonley | epithet_or_title=The Lonley | Last login 7 days and 11 hours ago from *.at.
whois_gonfor_1781580026,,Gonfor,gonfor,Maia,Retired,data/evidence/whois/text/gonfor.txt,data/evidence/whois/html/gonfor.html,yes,no,no,medium,query_name=Gonfor | display_name=Gonfor has relinquished the throne | epithet_or_title=has relinquished the throne | role=Wright
whois_good_1781580031,,Good,good,Maia,Retired,data/evidence/whois/text/good.txt,data/evidence/whois/html/good.html,yes,no,no,medium,query_name=Good | display_name=Good god | epithet_or_title=god | role=Wright
whois_gordanin_1781580037,,Gordanin,gordanin,Maia,,data/evidence/whois/text/gordanin.txt,data/evidence/whois/html/gordanin.html,yes,no,no,medium,"query_name=Gordanin | display_name=Gordanin the White | epithet_or_title=the White | Last login 11 years, 5 months, and 9 days ago from *.se."
whois_gorefang_1781580042,,Gorefang,gorefang,Maia,Retired,data/evidence/whois/text/gorefang.txt,data/evidence/whois/html/gorefang.html,yes,no,no,medium,"query_name=Gorefang | display_name=Gorefang the Pragmatic | epithet_or_title=the Pragmatic | Last login 27 years, 2 months, and 25 days ago from [numerical address]."
whois_gorth_1781580048,,Gorth,gorth,Maia,Retired,data/evidence/whois/text/gorth.txt,data/evidence/whois/html/gorth.html,yes,no,no,medium,"query_name=Gorth | display_name=Gorth the Spoon Lord, Bearer of the One Spoon | epithet_or_title=the Spoon Lord, Bearer of the One Spoon | Last login 25 years, 7 months, and 11 days ago from *.com."
whois_gothmog_1781580054,char_gothmog,Gothmog,gothmog-2,Vala,Retired,data/evidence/whois/text/gothmog-2.txt,data/evidence/whois/html/gothmog-2.html,yes,no,no,medium,"query_name=Gothmog | display_name=Gothmog the Captain of Angband, Lord of Balrogs | epithet_or_title=the Captain of Angband, Lord of Balrogs | role=Mudller"
whois_gothûrzaz_1781580059,,Gothûrzaz,gothurzaz,Maia,,data/evidence/whois/text/gothurzaz.txt,data/evidence/whois/html/gothurzaz.html,yes,no,no,medium,query_name=Gothûrzaz | display_name=Gothûrzaz The Grim | epithet_or_title=The Grim | role=Cartographer
whois_gozer_1781580065,,Gozer,gozer,Maia,Retired,data/evidence/whois/text/gozer.txt,data/evidence/whois/html/gozer.html,yes,no,no,medium,"query_name=Gozer | display_name=Gozer the Destructor | epithet_or_title=the Destructor | Last login 31 years, 5 months, and 8 days ago."
whois_graven_1781580070,,Graven,graven,Maia,,data/evidence/whois/text/graven.txt,data/evidence/whois/html/graven.html,yes,no,no,medium,"query_name=Graven | display_name=Graven Souless, Black Nightmare of the Deep | epithet_or_title=Souless, Black Nightmare of the Deep | role=Wright"
whois_grax_1781580076,,Grax,grax,Maia,Retired,data/evidence/whois/text/grax.txt,data/evidence/whois/html/grax.html,yes,no,no,medium,query_name=Grax | display_name=Grax Flax | epithet_or_title=Flax | role=Wright
whois_grennif_1781580081,,Grennif,grennif,Maia,,data/evidence/whois/text/grennif.txt,data/evidence/whois/html/grennif.html,yes,no,no,medium,query_name=Grennif | display_name=Grennif the White | epithet_or_title=the White | Last login 8 months and 25 days ago from *.net.
whois_grimble_1781580087,,Grimble,grimble,Maia,Retired,data/evidence/whois/text/grimble.txt,data/evidence/whois/html/grimble.html,yes,no,no,medium,"query_name=Grimble | display_name=Grimble Grumble | epithet_or_title=Grumble | role=Cartographer | Last login 1 year, 5 months, and 3 days ago."
whois_grin_1781580092,,Grin,grin,Maia,Retired,data/evidence/whois/text/grin.txt,data/evidence/whois/html/grin.html,yes,no,no,medium,"query_name=Grin | display_name=Grin > | epithet_or_title=> | Last login 27 years, 11 months, and 25 days ago from *.net."
whois_grizz_1781580098,,Grizz,grizz,Maia,,data/evidence/whois/text/grizz.txt,data/evidence/whois/html/grizz.html,yes,no,no,medium,query_name=Grizz | display_name=Grizz Lee | epithet_or_title=Lee | Last login 14 years and 9 months ago from *.net.
whois_gruenthar_1781580103,,Gruenthar,gruenthar,Vala,Retired,data/evidence/whois/text/gruenthar.txt,data/evidence/whois/html/gruenthar.html,yes,no,no,medium,query_name=Gruenthar | display_name=Gruenthar the Woodsmith | epithet_or_title=the Woodsmith | role=Architect
whois_grumble_1781580109,,Grumble,grumble,Maia,Retired,data/evidence/whois/text/grumble.txt,data/evidence/whois/html/grumble.html,yes,no,no,medium,query_name=Grumble | display_name=Grumble Bum | epithet_or_title=Bum | role=Wright
whois_grung_1781580114,,Grung,grung,back after a 4 year break is a Maia,Retired,data/evidence/whois/text/grung.txt,data/evidence/whois/html/grung.html,yes,no,no,medium,"query_name=Grung | display_name=Grung | Last login 25 years, 11 months, and 27 days ago from *.com."
whois_grunge_1781580120,char_grunge,Grunge,grunge-2,Maia,,data/evidence/whois/text/grunge-2.txt,data/evidence/whois/html/grunge-2.html,yes,no,no,medium,query_name=Grunge | display_name=Grunge created 16 Dec 1995 | epithet_or_title=created 16 Dec 1995 | Last login 4 months and 11 days ago.
whois_gruumph_1781580125,,Gruumph,gruumph,bored..... VERY bored is a Maia,,data/evidence/whois/text/gruumph.txt,data/evidence/whois/html/gruumph.html,yes,no,no,medium,query_name=Gruumph | display_name=Gruumph | Last login 21 years and 4 months ago from *.AT.
whois_gríma_1781580131,,Gríma,grima,Maia,Retired,data/evidence/whois/text/grima.txt,data/evidence/whois/html/grima.html,yes,no,no,medium,query_name=Gríma | display_name=Gríma Wormtongue | epithet_or_title=Wormtongue | role=Cartographer | Last login 3 days and 3 hours ago.
whois_guilin_1781580136,,Guilin,guilin,Maia,,data/evidence/whois/text/guilin.txt,data/evidence/whois/html/guilin.html,yes,no,no,medium,query_name=Guilin | display_name=Guilin needs assignment | epithet_or_title=needs assignment | Last login 4 years and 5 days ago from [numerical address].
whois_guzzi_1781586124,,Guzzi,guzzi,Maia,,data/evidence/whois/text/guzzi.txt,data/evidence/whois/html/guzzi.html,yes,no,no,medium,"query_name=Guzzi | display_name=Guzzi . | epithet_or_title=. | Last login 10 years, 6 months, and 1 day ago."
whois_gwaywffon_1781586130,,Gwaywffon,gwaywffon,Maia,Retired,data/evidence/whois/text/gwaywffon.txt,data/evidence/whois/html/gwaywffon.html,yes,no,no,medium,query_name=Gwaywffon | display_name=Gwaywffon | role=Builder
whois_gwen_1781586136,,Gwen,gwen,Maia,,data/evidence/whois/text/gwen.txt,data/evidence/whois/html/gwen.html,yes,no,no,medium,"query_name=Gwen | display_name=Gwen Elmore | epithet_or_title=Elmore | Last login 21 years, 5 months, and 29 days ago from *.com."
whois_gwendolyn_1781586141,,Gwendolyn,gwendolyn,Maia,Retired,data/evidence/whois/text/gwendolyn.txt,data/evidence/whois/html/gwendolyn.html,yes,no,no,medium,"query_name=Gwendolyn | display_name=Gwendolyn makes a yummy disco-stew | epithet_or_title=makes a yummy disco-stew | Last login 14 years, 8 months, and 24 days ago from *.de."
whois_haelon_1781586147,,Haelon,haelon,Maia,,data/evidence/whois/text/haelon.txt,data/evidence/whois/html/haelon.html,yes,no,no,medium,"query_name=Haelon | display_name=Haelon AkA Hellu | epithet_or_title=AkA Hellu | Last login 8 years, 8 months, and 12 days ago."
whois_hail_1781586152,,Hail,hail,Maia,Retired,data/evidence/whois/text/hail.txt,data/evidence/whois/html/hail.html,yes,no,no,medium,"query_name=Hail | display_name=Hail Vesarvi | epithet_or_title=Vesarvi | Last login 26 years, 3 months, and 26 days ago from *.net."
whois_halal_1781586158,,Halal,halal,Maia,,data/evidence/whois/text/halal.txt,data/evidence/whois/html/halal.html,yes,no,no,medium,"query_name=Halal | display_name=Halal Always Lag | epithet_or_title=Always Lag | Last login 3 years, 1 month, and 13 days ago from *.id."
whois_hambag_1781586163,,Hambag,hambag,Maia,Retired,data/evidence/whois/text/hambag.txt,data/evidence/whois/html/hambag.html,yes,no,no,medium,"query_name=Hambag | display_name=Hambag | Last login 26 years, 4 months, and 12 days ago from *.com."
whois_hanne_1781586169,,Hanne,hanne,Maia,,data/evidence/whois/text/hanne.txt,data/evidence/whois/html/hanne.html,yes,no,no,medium,"query_name=Hanne | display_name=Hanne (never really) left hibernation | epithet_or_title=(never really) left hibernation | role=Cartographer | Last login 5 years, 1 month, and 16 days ago from *.se."
whois_hanse_1781586174,,Hanse,hanse,Maia,Retired,data/evidence/whois/text/hanse.txt,data/evidence/whois/html/hanse.html,yes,no,no,medium,query_name=Hanse | display_name=Hanse of the Roots | epithet_or_title=of the Roots | role=Cartographer | Last login 3 years and 5 months ago from *.org.
whois_harad_1781586180,,Harad,harad,Maia,Retired,data/evidence/whois/text/harad.txt,data/evidence/whois/html/harad.html,yes,no,no,medium,query_name=Harad | display_name=Harad | role=Wright
whois_harco_1781586185,,Harco,harco,Maia,Retired,data/evidence/whois/text/harco.txt,data/evidence/whois/html/harco.html,yes,no,no,medium,"query_name=Harco | display_name=Harco misses Chelliance | epithet_or_title=misses Chelliance | Last login 31 years, 5 months, and 22 days ago from *.no."
whois_heigo_1781586191,,Heigo,heigo,Maia,,data/evidence/whois/text/heigo.txt,data/evidence/whois/html/heigo.html,yes,no,no,medium,"query_name=Heigo | display_name=Heigo the cheater | epithet_or_title=the cheater | Last login 1 year, 2 months, and 18 days ago."
whois_helene_1781586197,,Helene,helene,not sleeping and not social is a Maia,Retired,data/evidence/whois/text/helene.txt,data/evidence/whois/html/helene.html,yes,no,no,medium,query_name=Helene | display_name=Helene | role=Wright
whois_helevorn_1781586202,,Helevorn,helevorn,Maia,Retired,data/evidence/whois/text/helevorn.txt,data/evidence/whois/html/helevorn.html,yes,no,no,medium,query_name=Helevorn | display_name=Helevorn ²³ | epithet_or_title=²³ | role=Shaper
whois_helluin_1781586207,,Helluin,helluin,Maia,,data/evidence/whois/text/helluin.txt,data/evidence/whois/html/helluin.html,yes,no,no,medium,"query_name=Helluin | display_name=Helluin the Blue | epithet_or_title=the Blue | role=Cartographer | Last login 2 years, 5 months, and 22 days ago."
whois_helmuta_1781586213,,Helmuta,helmuta,Maia,,data/evidence/whois/text/helmuta.txt,data/evidence/whois/html/helmuta.html,yes,no,no,medium,query_name=Helmuta | display_name=Helmuta the White | epithet_or_title=the White
whois_hermatic_1781586219,,Hermatic,hermatic,Maia,Retired,data/evidence/whois/text/hermatic.txt,data/evidence/whois/html/hermatic.html,yes,no,no,medium,query_name=Hermatic | display_name=Hermatic CIB | epithet_or_title=CIB | Last login 1 month and 25 days ago from [numerical address].
whois_highlander_1781586224,,Highlander,highlander,Maia,Retired,data/evidence/whois/text/highlander.txt,data/evidence/whois/html/highlander.html,yes,no,no,medium,"query_name=Highlander | display_name=Highlander | Last login 20 years, 2 months, and 14 days ago."
whois_hillar_1781586230,,Hillar,hillar,Maia,,data/evidence/whois/text/hillar.txt,data/evidence/whois/html/hillar.html,yes,no,no,medium,query_name=Hillar | display_name=Hillar the mindless grinder | epithet_or_title=the mindless grinder
whois_hobbi_1781586236,,Hobbi,hobbi,Maia,Retired,data/evidence/whois/text/hobbi.txt,data/evidence/whois/html/hobbi.html,yes,no,no,medium,query_name=Hobbi | display_name=Hobbi the Happy Hobbit | epithet_or_title=the Happy Hobbit | role=Wright
whois_hobit_1781586241,char_hobit,Hobit,hobit-2,Maia,,data/evidence/whois/text/hobit-2.txt,data/evidence/whois/html/hobit-2.html,yes,no,no,medium,"query_name=Hobit | display_name=Hobit | role=Cartographer | Last login 1 year, 8 months, and 17 days ago."
whois_hoho_1781586247,char_hoho,Hoho,hoho-2,Maia,Retired,data/evidence/whois/text/hoho-2.txt,data/evidence/whois/html/hoho-2.html,yes,no,no,medium,"query_name=Hoho | display_name=Hoho haha hehe hihi | epithet_or_title=haha hehe hihi | role=Cartographer | Last login 19 years, 2 months, and 12 days ago from *.se."
whois_holma_1781586252,,Holma,holma,Maia,,data/evidence/whois/text/holma.txt,data/evidence/whois/html/holma.html,yes,no,no,medium,"query_name=Holma | display_name=Holma of the BZ | epithet_or_title=of the BZ | Last login 10 years, 11 months, and 20 days ago from *.se."
whois_hoosier_1781586258,,Hoosier,hoosier,Maia,,data/evidence/whois/text/hoosier.txt,data/evidence/whois/html/hoosier.html,yes,no,no,medium,query_name=Hoosier | display_name=Hoosier Hoo Hoo Hoo | epithet_or_title=Hoo Hoo Hoo | role=Cartographer | Last login 1 day and 7 hours ago from *.net.
whois_hrym_1781587040,char_hrym,Hrym,hrym-2,Maia,,data/evidence/whois/text/hrym-2.txt,data/evidence/whois/html/hrym-2.html,yes,no,no,medium,"query_name=Hrym | display_name=Hrym | Last login 17 years, 8 months, and 9 days ago from *.ee."
whois_huan_1781587046,,Huan,huan,Maia,Retired,data/evidence/whois/text/huan.txt,data/evidence/whois/html/huan.html,yes,no,no,medium,"query_name=Huan | display_name=Huan the Mighty Hound of Valinor | epithet_or_title=the Mighty Hound of Valinor | Last login 4 years, 4 months, and 8 days ago from *.com."
whois_humala_1781587051,,Humala,humala,Maia,,data/evidence/whois/text/humala.txt,data/evidence/whois/html/humala.html,yes,no,no,medium,"query_name=Humala | display_name=Humala titless | epithet_or_title=titless | Last login 3 years, 7 months, and 30 days ago from *.fi."
whois_humpty_1781587057,,Humpty,humpty,Maia,,data/evidence/whois/text/humpty.txt,data/evidence/whois/html/humpty.html,yes,no,no,medium,"query_name=Humpty | display_name=Humpty Dumpty sat on a wall | epithet_or_title=Dumpty sat on a wall | Last login 4 years, 5 months, and 20 days ago from *.fr."
whois_huron_1781587062,,Huron,huron,Maia,,data/evidence/whois/text/huron.txt,data/evidence/whois/html/huron.html,yes,no,no,medium,"query_name=Huron | display_name=Huron The Overlooker | epithet_or_title=The Overlooker | Last login 14 years, 9 months, and 7 days ago from *.net."
whois_hza_1781587068,,Hza,hza,Maia,Retired,data/evidence/whois/text/hza.txt,data/evidence/whois/html/hza.html,yes,no,no,medium,query_name=Hza | display_name=Hza . | epithet_or_title=. | role=Cartographer | Last login 11 months and 27 days ago from *.ee.
whois_húrin_1781587073,,Húrin,hurin,Maia,,data/evidence/whois/text/hurin.txt,data/evidence/whois/html/hurin.html,yes,no,no,medium,"query_name=Húrin | display_name=Húrin Thalion | epithet_or_title=Thalion | Last login 16 years, 9 months, and 19 days ago from *.no."
whois_idle_1781587079,,Idle,idle,Maia,,data/evidence/whois/text/idle.txt,data/evidence/whois/html/idle.html,yes,no,no,medium,query_name=Idle | display_name=Idle | Last login 1 month and 12 days ago from *.africa.
whois_ilie_1781587085,,Ilie,ilie,"Valië, one of the Aratar",Retired,data/evidence/whois/text/ilie.txt,data/evidence/whois/html/ilie.html,yes,no,no,medium,query_name=Ilie | display_name=Ilie the Aratie | epithet_or_title=the Aratie
whois_illwe_1781587091,,Illwe,illwe,Maia,Retired,data/evidence/whois/text/illwe.txt,data/evidence/whois/html/illwe.html,yes,no,no,medium,"query_name=Illwe | display_name=Illwe the Ruined Lizard King | epithet_or_title=the Ruined Lizard King | Last login 26 years, 1 month, and 21 days ago from *.com."
whois_illüen_1781587096,,Illüen,illuen,Maia,,data/evidence/whois/text/illuen.txt,data/evidence/whois/html/illuen.html,yes,no,no,medium,query_name=Illüen | display_name=Illüen the Bright | epithet_or_title=the Bright | Last login 13 years and 10 months ago.
whois_iluvator_1781587102,,Iluvator,iluvator,"building, proofing, and stuff is a Maia",Retired,data/evidence/whois/text/iluvator.txt,data/evidence/whois/html/iluvator.html,yes,no,no,medium,query_name=Iluvator | display_name=Iluvator | role=Cartographer | Last login 12 years and 19 days ago from *.com.
whois_imago_1781587108,,Imago,imago,"Vala, one of the Aratar",,data/evidence/whois/text/imago.txt,data/evidence/whois/html/imago.html,yes,no,no,medium,query_name=Imago | display_name=Imago the Ainu of Win & Great Success | epithet_or_title=the Ainu of Win & Great Success
whois_imatin_1781587113,,Imatin,imatin,Maia,,data/evidence/whois/text/imatin.txt,data/evidence/whois/html/imatin.html,yes,no,no,medium,query_name=Imatin | display_name=Imatin the Mudlet Package Builder and Tweaker | epithet_or_title=the Mudlet Package Builder and Tweaker | role=Builder
whois_imrahil_1781587119,,Imrahil,imrahil,Maia,Retired,data/evidence/whois/text/imrahil.txt,data/evidence/whois/html/imrahil.html,yes,no,no,medium,"query_name=Imrahil | display_name=Imrahil the Lesser God | epithet_or_title=the Lesser God | Last login 26 years, 1 month, and 7 days ago from *.fi."
whois_incánus_1781587124,,Incánus,incanus,Vala,Retired,data/evidence/whois/text/incanus.txt,data/evidence/whois/html/incanus.html,yes,no,no,medium,query_name=Incánus | display_name=Incánus Greyhat - [Tifosi] | epithet_or_title=Greyhat - [Tifosi] | role=Mudller
whois_indigo_1781587130,,Indigo,indigo,Maia,,data/evidence/whois/text/indigo.txt,data/evidence/whois/html/indigo.html,yes,no,no,medium,query_name=Indigo | display_name=Indigo Porphyrogénnetos | epithet_or_title=Porphyrogénnetos | role=Shaper
whois_indur_1781587135,,Indur,indur,Maia,,data/evidence/whois/text/indur.txt,data/evidence/whois/html/indur.html,yes,no,no,medium,query_name=Indur | display_name=Indur Dawndeath | epithet_or_title=Dawndeath | Last login 5 months and 5 days ago from *.net.
whois_inghorlas_1781587141,,Inghorlas,inghorlas,Maia,Retired,data/evidence/whois/text/inghorlas.txt,data/evidence/whois/html/inghorlas.html,yes,no,no,medium,"query_name=Inghorlas | display_name=Inghorlas the Friendly Ranger | epithet_or_title=the Friendly Ranger | Last login 19 years, 4 months, and 2 days ago from [numerical address]."
whois_ingtar_1781587146,,Ingtar,ingtar,Vala,Retired,data/evidence/whois/text/ingtar.txt,data/evidence/whois/html/ingtar.html,yes,no,no,medium,query_name=Ingtar | display_name=Ingtar the Ghost with the Most | epithet_or_title=the Ghost with the Most | role=Architect
whois_innocent_1781587152,,Innocent,innocent,"sinner, loves pleasure too much is a Maia",,data/evidence/whois/text/innocent.txt,data/evidence/whois/html/innocent.html,yes,no,no,medium,"query_name=Innocent | display_name=Innocent | Last login 12 years, 7 months, and 9 days ago from *.ch."
whois_inoue_1781587157,,Inoue,inoue,Maia,,data/evidence/whois/text/inoue.txt,data/evidence/whois/html/inoue.html,yes,no,no,medium,"query_name=Inoue | display_name=Inoue | Last login 2 years, 2 months, and 2 days ago."
whois_intense_1781587165,,Intense,intense,Maia,,data/evidence/whois/text/intense.txt,data/evidence/whois/html/intense.html,yes,no,no,medium,query_name=Intense | display_name=Intense the Maia of Thieves and Traitors | epithet_or_title=the Maia of Thieves and Traitors | role=Wright
whois_ioméne_1781587173,,Ioméne,iomene,Maia,,data/evidence/whois/text/iomene.txt,data/evidence/whois/html/iomene.html,yes,no,no,medium,"query_name=Ioméne | display_name=Ioméne | Last login 12 years, 9 months, and 27 days ago from [numerical address]."
whois_irikan_1781587178,,Irikan,irikan,Maia,Retired,data/evidence/whois/text/irikan.txt,data/evidence/whois/html/irikan.html,yes,no,no,medium,"query_name=Irikan | display_name=Irikan the Iri I brother of Itha I | epithet_or_title=the Iri I brother of Itha I | role=Cartographer | Last login 18 years, 2 months, and 14 days ago from *.net."
whois_isengrim_1781603790,,Isengrim,isengrim,Maia,Retired,data/evidence/whois/text/isengrim.txt,data/evidence/whois/html/isengrim.html,yes,no,no,medium,"query_name=Isengrim | display_name=Isengrim Took | epithet_or_title=Took | Last login 5 years, 1 month, and 6 days ago from *.ee."
whois_isildyr_1781603796,,Isildyr,isildyr,Maia,Retired,data/evidence/whois/text/isildyr.txt,data/evidence/whois/html/isildyr.html,yes,no,no,medium,query_name=Isildyr | display_name=Isildyr disappeared recently in darkest Mirkwood | epithet_or_title=disappeared recently in darkest Mirkwood | role=Wright
whois_isillómë_1781603802,,Isillómë,isillome,Maia,,data/evidence/whois/text/isillome.txt,data/evidence/whois/html/isillome.html,yes,no,no,medium,query_name=Isillómë | display_name=Isillómë i Venësamno | epithet_or_title=i Venësamno | role=Cartographer | Last login 8 days and 13 hours ago from *.net.
whois_iston_1781603807,,Iston,iston,Maia,,data/evidence/whois/text/iston.txt,data/evidence/whois/html/iston.html,yes,no,no,medium,"query_name=Iston | display_name=Iston | Last login 13 years, 7 months, and 24 days ago from *.net."
whois_isóldir_1781603813,,Isóldir,isoldir,Maia,Retired,data/evidence/whois/text/isoldir.txt,data/evidence/whois/html/isoldir.html,yes,no,no,medium,query_name=Isóldir | display_name=Isóldir Vurmav | epithet_or_title=Vurmav | role=Wright
whois_ithaldir_1781603818,,Ithaldir,ithaldir,Maia,,data/evidence/whois/text/ithaldir.txt,data/evidence/whois/html/ithaldir.html,yes,no,no,medium,"query_name=Ithaldir | display_name=Ithaldir gives kits | epithet_or_title=gives kits | Last login 14 years, 6 months, and 2 days ago from *.com."
whois_izual_1781603824,,Izual,izual,Maia,,data/evidence/whois/text/izual.txt,data/evidence/whois/html/izual.html,yes,no,no,medium,query_name=Izual | display_name=Izual of the Plains | epithet_or_title=of the Plains | role=Cartographer
whois_izzy_1781603830,,Izzy,izzy,Maia,,data/evidence/whois/text/izzy.txt,data/evidence/whois/html/izzy.html,yes,no,no,medium,query_name=Izzy | display_name=Izzy | Last login 9 months and 1 day ago from *.net.
whois_jab_1781603835,,Jab,jab,Maia,,data/evidence/whois/text/jab.txt,data/evidence/whois/html/jab.html,yes,no,no,medium,"query_name=Jab | display_name=Jab, Punch, Uppercut! | epithet_or_title=, Punch, Uppercut! | role=Wright"
whois_jabba_1781603841,char_jabba,Jabba,jabba-2,Maia,Retired,data/evidence/whois/text/jabba-2.txt,data/evidence/whois/html/jabba-2.html,yes,no,no,medium,query_name=Jabba | display_name=Jabba the Hut | epithet_or_title=the Hut | role=Wright
whois_jadon_1781603846,char_jadon,Jadon,jadon-2,the Kaoolest is a Maia,Retired,data/evidence/whois/text/jadon-2.txt,data/evidence/whois/html/jadon-2.html,yes,no,no,medium,"query_name=Jadon | display_name=Jadon | Last login 6 years, 2 months, and 9 days ago from *.nu."
whois_jaelle_1781603852,,Jaelle,jaelle,Maia,Retired,data/evidence/whois/text/jaelle.txt,data/evidence/whois/html/jaelle.html,yes,no,no,medium,"query_name=Jaelle | display_name=Jaelle only respects grizzly metas | epithet_or_title=only respects grizzly metas | role=Cartographer | Last login 16 years, 5 months, and 9 days ago from *.net."
whois_jahara_1781603857,,Jahara,jahara,"Vala, one of the Aratar",,data/evidence/whois/text/jahara.txt,data/evidence/whois/html/jahara.html,yes,no,no,medium,query_name=Jahara | display_name=Jahara the Hobbit Cartographer 🗺 | epithet_or_title=the Hobbit Cartographer 🗺
whois_jak_1781603863,,Jak,jak,Maia,Retired,data/evidence/whois/text/jak.txt,data/evidence/whois/html/jak.html,yes,no,no,medium,query_name=Jak | display_name=Jak kel Jakelson [Retarded] | epithet_or_title=kel Jakelson [Retarded] | role=Wright
whois_janosik_1781603868,,Janosik,janosik,Maia,,data/evidence/whois/text/janosik.txt,data/evidence/whois/html/janosik.html,yes,no,no,medium,"query_name=Janosik | display_name=Janosik the fallen legend | epithet_or_title=the fallen legend | Last login 14 years, 6 months, and 18 days ago."
whois_jeridoc_1781603874,,Jeridoc,jeridoc,Maia,,data/evidence/whois/text/jeridoc.txt,data/evidence/whois/html/jeridoc.html,yes,no,no,medium,"query_name=Jeridoc | display_name=Jeridoc Brandybuck | epithet_or_title=Brandybuck | Last login 21 years, 3 months, and 15 days ago from *.edu."
whois_jerusha_1781603879,,Jerusha,jerusha,in other windows to is a Maia,,data/evidence/whois/text/jerusha.txt,data/evidence/whois/html/jerusha.html,yes,no,no,medium,"query_name=Jerusha | display_name=Jerusha likes to chat but | epithet_or_title=likes to chat but | role=Cartographer | Last login 9 years, 2 months, and 12 days ago."
whois_johan_1781603885,,Johan,johan,Maia,,data/evidence/whois/text/johan.txt,data/evidence/whois/html/johan.html,yes,no,no,medium,"query_name=Johan | display_name=Johan in a galaxy far far away | epithet_or_title=in a galaxy far far away | Last login 1 year, 10 months, and 21 days ago from *.tw."
whois_jolen_1781603892,,Jolen,jolen,Maia,,data/evidence/whois/text/jolen.txt,data/evidence/whois/html/jolen.html,yes,no,no,medium,"query_name=Jolen | display_name=Jolen Banakil Baggins, Nutty Hairy Foot | epithet_or_title=Banakil Baggins, Nutty Hairy Foot | Last login 16 days and 3 hours ago."
whois_kaen_1781603900,,Kaen,kaen,Maia,Retired,data/evidence/whois/text/kaen.txt,data/evidence/whois/html/kaen.html,yes,no,no,medium,query_name=Kaen | display_name=Kaen the Old | epithet_or_title=the Old | Last login 25 days ago from *.com.
whois_kal_1781603908,,Kal,kal,Maia,Retired,data/evidence/whois/text/kal.txt,data/evidence/whois/html/kal.html,yes,no,no,medium,query_name=Kal | display_name=Kal the Shine | epithet_or_title=the Shine | role=Wright
whois_kalev_1781603914,,Kalev,kalev,Vala,Retired,data/evidence/whois/text/kalev.txt,data/evidence/whois/html/kalev.html,yes,no,no,medium,query_name=Kalev | display_name=Kalev | role=Mudller
whois_kamlakh_1781603921,char_kamlakh,Kamlakh,kamlakh-2,about 14 years old is a Maia,,data/evidence/whois/text/kamlakh-2.txt,data/evidence/whois/html/kamlakh-2.html,yes,no,no,medium,"query_name=Kamlakh | display_name=Kamlakh Tear of Blood | epithet_or_title=Tear of Blood | Last login 3 years, 8 months, and 23 days ago from *.lv."
whois_kardrim_1781603930,,Kardrim,kardrim,Maia,Retired,data/evidence/whois/text/kardrim.txt,data/evidence/whois/html/kardrim.html,yes,no,no,medium,query_name=Kardrim | display_name=Kardrim the Black | epithet_or_title=the Black | role=Builder
whois_karl_1781603937,,Karl,karl,Maia,Retired,data/evidence/whois/text/karl.txt,data/evidence/whois/html/karl.html,yes,no,no,medium,query_name=Karl | display_name=Karl the annoying | epithet_or_title=the annoying | Last login 23 years and 15 days ago from *.SE.
whois_karli_1781603945,,Karli,karli,Maia,,data/evidence/whois/text/karli.txt,data/evidence/whois/html/karli.html,yes,no,no,medium,"query_name=Karli | display_name=Karli | Last login 5 years, 2 months, and 15 days ago."
whois_karlsburg_1781603951,,Karlsburg,karlsburg,Maia,Retired,data/evidence/whois/text/karlsburg.txt,data/evidence/whois/html/karlsburg.html,yes,no,no,medium,query_name=Karlsburg | display_name=Karlsburg | role=Builder
whois_karnak_1781603957,,Karnak,karnak,Maia,Retired,data/evidence/whois/text/karnak.txt,data/evidence/whois/html/karnak.html,yes,no,no,medium,query_name=Karnak | display_name=Karnak afk | epithet_or_title=afk | role=Wright
whois_karvane_1781603967,,Karvane,karvane,Maia,,data/evidence/whois/text/karvane.txt,data/evidence/whois/html/karvane.html,yes,no,no,medium,"query_name=Karvane | display_name=Karvane the White | epithet_or_title=the White | Last login 8 years, 5 months, and 2 days ago from *.eu."
whois_katje_1781603972,,Katje,katje,Maia,,data/evidence/whois/text/katje.txt,data/evidence/whois/html/katje.html,yes,no,no,medium,"query_name=Katje | display_name=Katje B., the Futureless Rain Witch | epithet_or_title=B., the Futureless Rain Witch | role=Wright"
whois_katla_1781603978,,Katla,katla,Maia,,data/evidence/whois/text/katla.txt,data/evidence/whois/html/katla.html,yes,no,no,medium,"query_name=Katla | display_name=Katla on the flipside | epithet_or_title=on the flipside | Last login 19 years, 5 months, and 8 days ago from *.se."
whois_kaznor_1781603983,,Kaznor,kaznor,Maia,,data/evidence/whois/text/kaznor.txt,data/evidence/whois/html/kaznor.html,yes,no,no,medium,"query_name=Kaznor | display_name=Kaznor hupp | epithet_or_title=hupp | Last login 5 years, 10 months, and 25 days ago."
whois_kaztor_1781603989,,Kaztor,kaztor,beautiful! is a Maia,Retired,data/evidence/whois/text/kaztor.txt,data/evidence/whois/html/kaztor.html,yes,no,no,medium,"query_name=Kaztor | display_name=Kaztor says: Dying | epithet_or_title=says: Dying | Last login 25 years, 1 month, and 3 days ago from *.ee."
whois_ke_1781603994,,Ke,ke,Maia,Retired,data/evidence/whois/text/ke.txt,data/evidence/whois/html/ke.html,yes,no,no,medium,query_name=Ke | display_name=Ke isn't just a great thirst quencher | epithet_or_title=isn't just a great thirst quencher | role=Wright
whois_kefka_1781604000,,Kefka,kefka,Maia,,data/evidence/whois/text/kefka.txt,data/evidence/whois/html/kefka.html,yes,no,no,medium,query_name=Kefka | display_name=Kefka CAPS LOCK AHHHH CAPS LOCK!!!! | epithet_or_title=CAPS LOCK AHHHH CAPS LOCK!!!! | Last login 22 years and 20 days ago from *.net.
whois_keltic_1781604005,,Keltic,keltic,Vala,Retired,data/evidence/whois/text/keltic.txt,data/evidence/whois/html/keltic.html,yes,no,no,medium,"query_name=Keltic | display_name=Keltic The Swamp God, Lord Of The Flats | epithet_or_title=The Swamp God, Lord Of The Flats | role=Architect"
whois_kenzu_1781604011,char_kenzu,Kenzu,kenzu-2,prowling Arda is a Maia,,data/evidence/whois/text/kenzu-2.txt,data/evidence/whois/html/kenzu-2.html,yes,no,no,medium,query_name=Kenzu | display_name=Kenzu Daru | epithet_or_title=Daru | role=Cartographer | Last login 6 months and 8 days ago from [numerical address].
whois_keram_1781604016,,Keram,keram,Maia,,data/evidence/whois/text/keram.txt,data/evidence/whois/html/keram.html,yes,no,no,medium,"query_name=Keram | display_name=Keram the White | epithet_or_title=the White | Last login 1 year, 10 months, and 27 days ago from *.net."
whois_kerf_1781604022,,Kerf,kerf,Maia,Retired,data/evidence/whois/text/kerf.txt,data/evidence/whois/html/kerf.html,yes,no,no,medium,"query_name=Kerf | display_name=Kerf used to be dumb before mume 7 | epithet_or_title=used to be dumb before mume 7 | Last login 13 years, 4 months, and 5 days ago from *.net."
whois_kergon_1781604027,,Kergon,kergon,Maia,Retired,data/evidence/whois/text/kergon.txt,data/evidence/whois/html/kergon.html,yes,no,no,medium,"query_name=Kergon | display_name=Kergon Aurath, Demigod of Begahl | epithet_or_title=Aurath, Demigod of Begahl | Last login 10 months and 19 days ago from *.se."
whois_kestrel_1781604033,char_kestrel,Kestrel,kestrel-2,Maia,,data/evidence/whois/text/kestrel-2.txt,data/evidence/whois/html/kestrel-2.html,yes,no,no,medium,query_name=Kestrel | display_name=Kestrel the Winged | epithet_or_title=the Winged | Last login 3 months and 16 days ago from *.net.
whois_khaldun_1781604038,,Khaldun,khaldun,Maia,,data/evidence/whois/text/khaldun.txt,data/evidence/whois/html/khaldun.html,yes,no,no,medium,"query_name=Khaldun | display_name=Khaldun I Farmerfoot | epithet_or_title=I Farmerfoot | Last login 15 years, 1 month, and 9 days ago from *.se."
whois_khan_1781604044,,Khan,khan,Maia,Retired,data/evidence/whois/text/khan.txt,data/evidence/whois/html/khan.html,yes,no,no,medium,query_name=Khan | display_name=Khan Noonian Singh | epithet_or_title=Noonian Singh | role=Wright
whois_khantar_1781604049,,Khantar,khantar,Maia,,data/evidence/whois/text/khantar.txt,data/evidence/whois/html/khantar.html,yes,no,no,medium,"query_name=Khantar | display_name=Khantar Kong Knuse, Berserker of the Norsemen | epithet_or_title=Kong Knuse, Berserker of the Norsemen | Last login 6 years, 3 months, and 3 days ago from *.eu."
whois_khatog_1781604055,,Khatog,khatog,Maia,,data/evidence/whois/text/khatog.txt,data/evidence/whois/html/khatog.html,yes,no,no,medium,"query_name=Khatog | display_name=Khatog Kheledhras, emissary of Mahal | epithet_or_title=Kheledhras, emissary of Mahal | Last login 18 years, 6 months, and 14 days ago from *.net."
whois_khazander_1781604061,,Khazander,khazander,Maia,Retired,data/evidence/whois/text/khazander.txt,data/evidence/whois/html/khazander.html,yes,no,no,medium,query_name=Khazander | display_name=Khazander Stonehelm | epithet_or_title=Stonehelm | role=Wright
whois_kheldur_1781604066,,Kheldur,kheldur,Maia,,data/evidence/whois/text/kheldur.txt,data/evidence/whois/html/kheldur.html,yes,no,no,medium,"query_name=Kheldur | display_name=Kheldur el Inmortal | epithet_or_title=el Inmortal | Last login 1 year, 6 months, and 6 days ago from *.net."
whois_khrun_1781604074,,Khrun,khrun,Maia,,data/evidence/whois/text/khrun.txt,data/evidence/whois/html/khrun.html,yes,no,no,medium,"query_name=Khrun | display_name=Khrun the White | epithet_or_title=the White | Last login 11 years, 5 months, and 7 days ago from [numerical address]."
whois_khudum_1781604082,,Khudum,khudum,Maia,,data/evidence/whois/text/khudum.txt,data/evidence/whois/html/khudum.html,yes,no,no,medium,"query_name=Khudum | display_name=Khudum Keeper of the Keys | epithet_or_title=Keeper of the Keys | Last login 22 years, 1 month, and 24 days ago from [numerical address]."
whois_killillwind_1781604090,,Killillwind,killillwind,Maia,Retired,data/evidence/whois/text/killillwind.txt,data/evidence/whois/html/killillwind.html,yes,no,no,medium,"query_name=Killillwind | display_name=Killillwind swirls around aimlessly | epithet_or_title=swirls around aimlessly | Last login 30 years, 6 months, and 2 days ago."
whois_kizh_1781604098,,Kizh,kizh,Maia,,data/evidence/whois/text/kizh.txt,data/evidence/whois/html/kizh.html,yes,no,no,medium,"query_name=Kizh | display_name=Kizh the Keeper of Thoughts and Souls | epithet_or_title=the Keeper of Thoughts and Souls | Last login 15 years, 5 months, and 19 days ago from *.se."
whois_kjell_1781604106,,Kjell,kjell,Maia,,data/evidence/whois/text/kjell.txt,data/evidence/whois/html/kjell.html,yes,no,no,medium,"query_name=Kjell | display_name=Kjell Kjinkmacka | epithet_or_title=Kjinkmacka | Last login 15 years, 11 months, and 10 days ago from *.se."
whois_kleftis_1781604115,,Kleftis,kleftis,Maia,Retired,data/evidence/whois/text/kleftis.txt,data/evidence/whois/html/kleftis.html,yes,no,no,medium,"query_name=Kleftis | display_name=Kleftis the god that wants to remortal | epithet_or_title=the god that wants to remortal | Last login 21 years, 10 months, and 25 days ago from *.net."
whois_koft_1781604130,,Koft,koft,Maia,,data/evidence/whois/text/koft.txt,data/evidence/whois/html/koft.html,yes,no,no,medium,query_name=Koft | display_name=Koft Kjeften | epithet_or_title=Kjeften | Last login 1 year and 3 days ago from *.net.
whois_kone_1781604140,,Kone,kone,Maia,Retired,data/evidence/whois/text/kone.txt,data/evidence/whois/html/kone.html,yes,no,no,medium,"query_name=Kone | display_name=Kone Lazyfoot Took | epithet_or_title=Lazyfoot Took | Last login 27 years, 11 months, and 25 days ago from *.edu."
whois_kovenya_1781604150,,Kovenya,kovenya,off doing other things is a Maia,Retired,data/evidence/whois/text/kovenya.txt,data/evidence/whois/html/kovenya.html,yes,no,no,medium,query_name=Kovenya | display_name=Kovenya | role=Wright
whois_kovik_1781604158,,Kovik,kovik,Maia,,data/evidence/whois/text/kovik.txt,data/evidence/whois/html/kovik.html,yes,no,no,medium,"query_name=Kovik | display_name=Kovik variant Omnicron | epithet_or_title=variant Omnicron | Last login 1 year, 5 months, and 3 days ago from *.com."
whois_kraag_1781604171,,Kraag,kraag,Maia,,data/evidence/whois/text/kraag.txt,data/evidence/whois/html/kraag.html,yes,no,no,medium,query_name=Kraag | display_name=Kraag - noskills | epithet_or_title=- noskills | Last login 11 months ago from [numerical address].
whois_krazy_1781604177,,Krazy,krazy,as Krazy does is a Maia,Retired,data/evidence/whois/text/krazy.txt,data/evidence/whois/html/krazy.html,yes,no,no,medium,"query_name=Krazy | display_name=Krazy | role=Cartographer | Last login 13 years, 6 months, and 6 days ago from *.net."
whois_kril_1781604190,,Kril,kril,Kril again is a Maia,Retired,data/evidence/whois/text/kril.txt,data/evidence/whois/html/kril.html,yes,no,no,medium,query_name=Kril | display_name=Kril | role=Wright
whois_kristian_1781604197,,Kristian,kristian,Maia,,data/evidence/whois/text/kristian.txt,data/evidence/whois/html/kristian.html,yes,no,no,medium,"query_name=Kristian | display_name=Kristian the Lord WereEagle | epithet_or_title=the Lord WereEagle | Last login 1 year, 4 months, and 23 days ago from *.com."
whois_kron_1781604204,,Kron,kron,Maia,,data/evidence/whois/text/kron.txt,data/evidence/whois/html/kron.html,yes,no,no,medium,"query_name=Kron | display_name=Kron | Last login 1 year, 2 months, and 3 days ago."
whois_kroz_1781604209,,Kroz,kroz,Vala,Retired,data/evidence/whois/text/kroz.txt,data/evidence/whois/html/kroz.html,yes,no,no,medium,query_name=Kroz | display_name=Kroz (sleepless) (brainless) (linkless) | epithet_or_title=(sleepless) (brainless) (linkless) | role=Mudller
whois_kruel_1781604215,,Kruel,kruel,Maia,,data/evidence/whois/text/kruel.txt,data/evidence/whois/html/kruel.html,yes,no,no,medium,query_name=Kruel | display_name=Kruel the Pink | epithet_or_title=the Pink
whois_kuzdhin_1781604220,,Kuzdhin,kuzdhin,Maia,,data/evidence/whois/text/kuzdhin.txt,data/evidence/whois/html/kuzdhin.html,yes,no,no,medium,"query_name=Kuzdhin | display_name=Kuzdhin the Mountain | epithet_or_title=the Mountain | role=Cartographer | Last login 3 years, 8 months, and 2 days ago from *.net."
whois_kyratai_1781604226,,Kyratai,kyratai,teacher! is a Maia,Retired,data/evidence/whois/text/kyratai.txt,data/evidence/whois/html/kyratai.html,yes,no,no,medium,"query_name=Kyratai | display_name=Kyratai | role=Cartographer | Last login 3 years, 2 months, and 17 days ago from [numerical address]."
whois_kyrill_1781604232,,Kyrill,kyrill,Maia,,data/evidence/whois/text/kyrill.txt,data/evidence/whois/html/kyrill.html,yes,no,no,medium,query_name=Kyrill | display_name=Kyrill the SAP Migration Expert | epithet_or_title=the SAP Migration Expert | role=Cartographer | Last login 15 days and 2 hours ago from *.at.
whois_lamia_1781604237,,Lamia,lamia,Maia,,data/evidence/whois/text/lamia.txt,data/evidence/whois/html/lamia.html,yes,no,no,medium,query_name=Lamia | display_name=Lamia the Sleepless | epithet_or_title=the Sleepless | role=Builder
whois_lancelot_1781604243,char_lancelot,Lancelot,lancelot-2,Maia,,data/evidence/whois/text/lancelot-2.txt,data/evidence/whois/html/lancelot-2.html,yes,no,no,medium,query_name=Lancelot | display_name=Lancelot the failed god of Charging | epithet_or_title=the failed god of Charging | Last login 5 months and 5 days ago from [numerical address].
whois_lancot_1781604248,,Lancot,lancot,Maia,Retired,data/evidence/whois/text/lancot.txt,data/evidence/whois/html/lancot.html,yes,no,no,medium,"query_name=Lancot | display_name=Lancot | Last login 24 years, 2 months, and 29 days ago from *.org."
whois_landroval_1781604254,,Landroval,landroval,Maia,,data/evidence/whois/text/landroval.txt,data/evidence/whois/html/landroval.html,yes,no,no,medium,"query_name=Landroval | display_name=Landroval the eagle lord | epithet_or_title=the eagle lord | Last login 2 years, 3 months, and 3 days ago from *.info."
whois_larien_1781604259,,Larien,larien,Maia,Retired,data/evidence/whois/text/larien.txt,data/evidence/whois/html/larien.html,yes,no,no,medium,query_name=Larien | display_name=Larien of Lorien | epithet_or_title=of Lorien | role=Wright
whois_laris_1781604265,,Laris,laris,blissfully clueless is a Maia,Retired,data/evidence/whois/text/laris.txt,data/evidence/whois/html/laris.html,yes,no,no,medium,"query_name=Laris | display_name=Laris | Last login 19 years, 8 months, and 22 days ago from [numerical address]."
whois_larnach_1781604270,,Larnach,larnach,Maia,Retired,data/evidence/whois/text/larnach.txt,data/evidence/whois/html/larnach.html,yes,no,no,medium,"query_name=Larnach | display_name=Larnach the Lightfoot | epithet_or_title=the Lightfoot | Last login 24 years, 10 months, and 4 days ago from *.ee."
whois_lauryn_1781604276,,Lauryn,lauryn,Maia,Retired,data/evidence/whois/text/lauryn.txt,data/evidence/whois/html/lauryn.html,yes,no,no,medium,query_name=Lauryn | display_name=Lauryn the Maiar [Shaper] | epithet_or_title=the Maiar [Shaper] | role=Wright
whois_lavabom_1781604281,,Lavabom,lavabom,Smiling to YOU! is a Maia,,data/evidence/whois/text/lavabom.txt,data/evidence/whois/html/lavabom.html,yes,no,no,medium,"query_name=Lavabom | display_name=Lavabom | Last login 10 years, 4 months, and 1 day ago."
whois_leah_1781604287,,Leah,leah,Maia,Retired,data/evidence/whois/text/leah.txt,data/evidence/whois/html/leah.html,yes,no,no,medium,"query_name=Leah | display_name=Leah | Last login 5 years, 10 months, and 25 days ago."
whois_lealana_1781604292,,Lealana,lealana,probably afk is a Maia,,data/evidence/whois/text/lealana.txt,data/evidence/whois/html/lealana.html,yes,no,no,medium,query_name=Lealana | display_name=Lealana | Last login 21 years and 10 months ago from *.net.
whois_lede_1781604298,,Lede,lede,Maia,Retired,data/evidence/whois/text/lede.txt,data/evidence/whois/html/lede.html,yes,no,no,medium,"query_name=Lede | display_name=Lede rhosen | epithet_or_title=rhosen | role=Cartographer | Last login 19 years, 2 months, and 26 days ago from *.fi."
whois_leetah_1781604303,,Leetah,leetah,Maia,Retired,data/evidence/whois/text/leetah.txt,data/evidence/whois/html/leetah.html,yes,no,no,medium,"query_name=Leetah | display_name=Leetah makes cheesecake, chocolates, and stuff | epithet_or_title=makes cheesecake, chocolates, and stuff | role=Builder"
whois_leew_1781604309,,Leew,leew,Maia,Retired,data/evidence/whois/text/leew.txt,data/evidence/whois/html/leew.html,yes,no,no,medium,"query_name=Leew | display_name=Leew . | epithet_or_title=. | Last login 11 years, 4 months, and 7 days ago."
whois_legolas_1781604314,,Legolas,legolas,Maia,Retired,data/evidence/whois/text/legolas.txt,data/evidence/whois/html/legolas.html,yes,no,no,medium,"query_name=Legolas | display_name=Legolas the Elf | epithet_or_title=the Elf | Last login 23 years, 2 months, and 3 days ago from *.com."
whois_legon_1781604320,,Legon,legon,lost deep inside the Mirkwood is a Maia,Retired,data/evidence/whois/text/legon.txt,data/evidence/whois/html/legon.html,yes,no,no,medium,"query_name=Legon | display_name=Legon | role=Cartographer | Last login 13 years, 9 months, and 6 days ago from *.com."
whois_lehto_1781604325,char_lehto,Lehto,lehto-2,Maia,,data/evidence/whois/text/lehto-2.txt,data/evidence/whois/html/lehto-2.html,yes,no,no,medium,query_name=Lehto | display_name=Lehto | role=Cartographer | Last login 5 months and 6 days ago from *.me.
whois_leica_1781604331,,Leica,leica,Maia,,data/evidence/whois/text/leica.txt,data/evidence/whois/html/leica.html,yes,no,no,medium,"query_name=Leica | display_name=Leica the Troll Elder | epithet_or_title=the Troll Elder | Last login 12 years, 3 months, and 15 days ago from *.net."
whois_lena_1781604336,,Lena,lena,Maia,Retired,data/evidence/whois/text/lena.txt,data/evidence/whois/html/lena.html,yes,no,no,medium,query_name=Lena | display_name=Lena The Black Widow | epithet_or_title=The Black Widow | role=Wright
whois_leni_1781604342,,Leni,leni,Maia,,data/evidence/whois/text/leni.txt,data/evidence/whois/html/leni.html,yes,no,no,medium,"query_name=Leni | display_name=Leni the White | epithet_or_title=the White | Last login 5 years, 4 months, and 16 days ago."
whois_lenore_1781604347,,Lenore,lenore,Maia,,data/evidence/whois/text/lenore.txt,data/evidence/whois/html/lenore.html,yes,no,no,medium,"query_name=Lenore | display_name=Lenore says 'Funny I still don't see it.' | epithet_or_title=says 'Funny I still don't see it.' | Last login 21 years, 9 months, and 10 days ago from *.net."
whois_lens_1781604353,,Lens,lens,Maia,,data/evidence/whois/text/lens.txt,data/evidence/whois/html/lens.html,yes,no,no,medium,query_name=Lens | display_name=Lens newbie god guy | epithet_or_title=newbie god guy | Last login 8 years and 11 months ago from *.net.
whois_liliah_1781604359,char_liliah,Liliah,liliah-2,Maia,Retired,data/evidence/whois/text/liliah-2.txt,data/evidence/whois/html/liliah-2.html,yes,no,no,medium,query_name=Liliah | display_name=Liliah [Setting Sun] | epithet_or_title=[Setting Sun] | role=Shaper
whois_lilith_1781604364,,Lilith,lilith,Maia,Retired,data/evidence/whois/text/lilith.txt,data/evidence/whois/html/lilith.html,yes,no,no,medium,"query_name=Lilith | display_name=Lilith the Dark Hearted | epithet_or_title=the Dark Hearted | Last login 28 years, 11 months, and 17 days ago from *.com."
whois_lilja_1781604370,,Lilja,lilja,Maia,Retired,data/evidence/whois/text/lilja.txt,data/evidence/whois/html/lilja.html,yes,no,no,medium,"query_name=Lilja | display_name=Lilja The Bittersweet | epithet_or_title=The Bittersweet | role=Cartographer | Last login 17 years, 11 months, and 1 day ago from *.net."
whois_lilleman_1781604381,,LilleMan,lilleman,Maia,Retired,data/evidence/whois/text/lilleman.txt,data/evidence/whois/html/lilleman.html,yes,no,no,medium,query_name=LilleMan | display_name=LilleMan | role=Wright
whois_lionheart_1781604390,,Lionheart,lionheart,Maia,Retired,data/evidence/whois/text/lionheart.txt,data/evidence/whois/html/lionheart.html,yes,no,no,medium,"query_name=Lionheart | display_name=Lionheart the Magnificent | epithet_or_title=the Magnificent | Last login 26 years, 3 months, and 16 days ago."
whois_llywarch_1781604397,,Llywarch,llywarch,Maia,,data/evidence/whois/text/llywarch.txt,data/evidence/whois/html/llywarch.html,yes,no,no,medium,query_name=Llywarch | display_name=Llywarch Hen | epithet_or_title=Hen | role=Wright
whois_loden_1781604404,,Loden,loden,Maia,Retired,data/evidence/whois/text/loden.txt,data/evidence/whois/html/loden.html,yes,no,no,medium,query_name=Loden | display_name=Loden | role=Wright
whois_loke_1781604410,,Loke,loke,Maia,,data/evidence/whois/text/loke.txt,data/evidence/whois/html/loke.html,yes,no,no,medium,"query_name=Loke | display_name=Loke . | epithet_or_title=. | Last login 1 year, 5 months, and 3 days ago from [numerical address]."
whois_lolatmi_1781604417,,Lolatmi,lolatmi,Maia,,data/evidence/whois/text/lolatmi.txt,data/evidence/whois/html/lolatmi.html,yes,no,no,medium,"query_name=Lolatmi | display_name=Lolatmi | Last login 12 years, 3 months, and 1 day ago."
whois_lomion_1781604425,,Lomion,lomion,Vala,Retired,data/evidence/whois/text/lomion.txt,data/evidence/whois/html/lomion.html,yes,no,no,medium,query_name=Lomion | display_name=Lomion Departure From the Northern Wasteland | epithet_or_title=Departure From the Northern Wasteland | role=Architect
whois_lone_1781604431,,Lone,lone,Maia,Retired,data/evidence/whois/text/lone.txt,data/evidence/whois/html/lone.html,yes,no,no,medium,query_name=Lone | display_name=Lone shorter of breath& 1 day closer to death | epithet_or_title=shorter of breath& 1 day closer to death | role=Wright
whois_loomis_1781604442,,Loomis,loomis,Maia,,data/evidence/whois/text/loomis.txt,data/evidence/whois/html/loomis.html,yes,no,no,medium,query_name=Loomis | display_name=Loomis the Illuminator | epithet_or_title=the Illuminator | Last login 1 month and 9 days ago from *.com.
whois_lorena_1781604453,,Lorena,lorena,Maia,Retired,data/evidence/whois/text/lorena.txt,data/evidence/whois/html/lorena.html,yes,no,no,medium,"query_name=Lorena | display_name=Lorena Bobbit, the Hobbit's Bobbit. | epithet_or_title=Bobbit, the Hobbit's Bobbit. | Last login 7 years, 5 months, and 24 days ago from *.com."
whois_lorien_1781604460,,Lorien,lorien,Maia,Retired,data/evidence/whois/text/lorien.txt,data/evidence/whois/html/lorien.html,yes,no,no,medium,query_name=Lorien | display_name=Lorien of Larien | epithet_or_title=of Larien | role=Wright
whois_lospe_1781604467,,Lospe,lospe,Maia,,data/evidence/whois/text/lospe.txt,data/evidence/whois/html/lospe.html,yes,no,no,medium,"query_name=Lospe | display_name=Lospe The WindWalker | epithet_or_title=The WindWalker | Last login 22 years, 2 months, and 7 days ago from *.se."
whois_loy_1781604472,,Loy,loy,Maia,Retired,data/evidence/whois/text/loy.txt,data/evidence/whois/html/loy.html,yes,no,no,medium,"query_name=Loy | display_name=Loy the Reborn | epithet_or_title=the Reborn | Last login 15 years, 1 month, and 19 days ago from *.com."
whois_ludwig_1781604480,,Ludwig,ludwig,big teddy is a Maia,Retired,data/evidence/whois/text/ludwig.txt,data/evidence/whois/html/ludwig.html,yes,no,no,medium,query_name=Ludwig | display_name=Ludwig | role=Wright
whois_luineth_1781604488,,Luineth,luineth,Maia,Retired,data/evidence/whois/text/luineth.txt,data/evidence/whois/html/luineth.html,yes,no,no,medium,"query_name=Luineth | display_name=Luineth the Weaver, Bard of the Ainulindalë | epithet_or_title=the Weaver, Bard of the Ainulindalë | role=Cartographer | Last login 6 months and 1 day ago from [numerical address]."
whois_luinil_1781604501,,Luinil,luinil,Vala,Retired,data/evidence/whois/text/luinil.txt,data/evidence/whois/html/luinil.html,yes,no,no,medium,query_name=Luinil | display_name=Luinil the little blue star | epithet_or_title=the little blue star | role=Architect
whois_luke_1781604508,char_luke,Luke,luke-2,Maia,Retired,data/evidence/whois/text/luke-2.txt,data/evidence/whois/html/luke-2.html,yes,no,no,medium,"query_name=Luke | display_name=Luke | Last login 3 years, 5 months, and 7 days ago from [numerical address]."
whois_lynwen_1781604518,,Lynwen,lynwen,Maia,Retired,data/evidence/whois/text/lynwen.txt,data/evidence/whois/html/lynwen.html,yes,no,no,medium,"query_name=Lynwen | display_name=Lynwen the Newbiehelper | epithet_or_title=the Newbiehelper | Last login 16 years, 8 months, and 20 days ago from *.dk."
whois_líng_1781604524,char_líng,Líng,ling-3,Maia,Retired,data/evidence/whois/text/ling-3.txt,data/evidence/whois/html/ling-3.html,yes,no,no,medium,"query_name=Líng | display_name=Líng the young and vibrant one | epithet_or_title=the young and vibrant one | Last login 15 years, 6 months, and 16 days ago from [numerical address]."
whois_lómë_1781604530,,Lómë,lome,Maia,,data/evidence/whois/text/lome.txt,data/evidence/whois/html/lome.html,yes,no,no,medium,"query_name=Lómë | display_name=Lómë | role=Cartographer | Last login 2 years, 9 months, and 16 days ago from [numerical address]."
whois_macabre_1781604537,,Macabre,macabre,Maia,Retired,data/evidence/whois/text/macabre.txt,data/evidence/whois/html/macabre.html,yes,no,no,medium,query_name=Macabre | display_name=Macabre of the Rohirrim | epithet_or_title=of the Rohirrim | role=Wright
whois_maedhros_1781604550,,Maedhros,maedhros,Vala,Retired,data/evidence/whois/text/maedhros.txt,data/evidence/whois/html/maedhros.html,yes,no,no,medium,query_name=Maedhros | display_name=Maedhros Nelyafinwë - Slayer of Maiar | epithet_or_title=Nelyafinwë - Slayer of Maiar | role=Architect
whois_magicus_1781604558,,Magicus,magicus,Maia,Retired,data/evidence/whois/text/magicus.txt,data/evidence/whois/html/magicus.html,yes,no,no,medium,query_name=Magicus | display_name=Magicus the old retired | epithet_or_title=the old retired | Last login 5 months ago from [numerical address].
whois_magnos_1781604569,,Magnos,magnos,Maia,,data/evidence/whois/text/magnos.txt,data/evidence/whois/html/magnos.html,yes,no,no,medium,"query_name=Magnos | display_name=Magnos the Magnificent | epithet_or_title=the Magnificent | Last login 3 years, 10 months, and 17 days ago from *.net."
whois_majesty_1781604579,,Majesty,majesty,Maia,,data/evidence/whois/text/majesty.txt,data/evidence/whois/html/majesty.html,yes,no,no,medium,"query_name=Majesty | display_name=Majesty ""This, too, shall pass."" | epithet_or_title=""This, too, shall pass."" | Last login 2 years, 3 months, and 8 days ago."
whois_makar_1781604591,,Makar,makar,Vala,Retired,data/evidence/whois/text/makar.txt,data/evidence/whois/html/makar.html,yes,no,no,medium,query_name=Makar | display_name=Makar the Balrog Lord | epithet_or_title=the Balrog Lord | role=Mudller
whois_maldagor_1781604597,,Maldagor,maldagor,Maia,,data/evidence/whois/text/maldagor.txt,data/evidence/whois/html/maldagor.html,yes,no,no,medium,query_name=Maldagor | display_name=Maldagor | Last login 2 years and 22 days ago from *.net.
whois_manatark_1781604608,char_manatark,Manatark,manatark-2,done whining for now is a Maia,Retired,data/evidence/whois/text/manatark-2.txt,data/evidence/whois/html/manatark-2.html,yes,no,no,medium,query_name=Manatark | display_name=Manatark | role=Wright
whois_mandor_1781604618,,Mandor,mandor,this where I type? is a Vala,Retired,data/evidence/whois/text/mandor.txt,data/evidence/whois/html/mandor.html,yes,no,no,medium,"query_name=Mandor | display_name=Mandor - Uh, | epithet_or_title=- Uh, | role=Mudller"
whois_mandos_1781604629,,Mandos,mandos,Vala,Retired,data/evidence/whois/text/mandos.txt,data/evidence/whois/html/mandos.html,yes,no,no,medium,query_name=Mandos | display_name=Mandos the Vala | epithet_or_title=the Vala | role=Mudller
whois_manse_1781604638,,Manse,manse,back is a Maia,,data/evidence/whois/text/manse.txt,data/evidence/whois/html/manse.html,yes,no,no,medium,query_name=Manse | display_name=Manse | role=for now | Last login 18 years and 25 days ago from *.uk.
whois_manwë_1781604654,,Manwë,manwe,Implementor,,data/evidence/whois/text/manwe.txt,data/evidence/whois/html/manwe.html,yes,no,no,medium,query_name=Manwë | display_name=Manwë Súlimo | epithet_or_title=Súlimo
whois_marathon_1781604660,,Marathon,marathon,Maia,Retired,data/evidence/whois/text/marathon.txt,data/evidence/whois/html/marathon.html,yes,no,no,medium,query_name=Marathon | display_name=Marathon FastFoot | epithet_or_title=FastFoot | role=Wright
whois_marcho_1781604671,,Marcho,marcho,Maia,Retired,data/evidence/whois/text/marcho.txt,data/evidence/whois/html/marcho.html,yes,no,no,medium,"query_name=Marcho | display_name=Marcho | role=Cartographer | Last login 22 years, 3 months, and 19 days ago from *.net."
whois_marte_1781604680,,Marte,marte,Maia,,data/evidence/whois/text/marte.txt,data/evidence/whois/html/marte.html,yes,no,no,medium,query_name=Marte | display_name=Marte | role=Cartographer | Last login 5 months and 27 days ago from [numerical address].
whois_martijn_1781604693,char_martijn,Martijn,martijn-2,always glad to help is a Maia,,data/evidence/whois/text/martijn-2.txt,data/evidence/whois/html/martijn-2.html,yes,no,no,medium,"query_name=Martijn | display_name=Martijn | Last login 13 years, 2 months, and 3 days ago from [numerical address]."
whois_martyr_1781604698,,Martyr,martyr,Maia,Retired,data/evidence/whois/text/martyr.txt,data/evidence/whois/html/martyr.html,yes,no,no,medium,query_name=Martyr | display_name=Martyr the Aratie | epithet_or_title=the Aratie | Last login 13 years and 30 days ago from [numerical address].
whois_marvin_1781604717,,Marvin,marvin,Maia,Retired,data/evidence/whois/text/marvin.txt,data/evidence/whois/html/marvin.html,yes,no,no,medium,query_name=Marvin | display_name=Marvin Stands With Israel | epithet_or_title=Stands With Israel | role=Cartographer | Last login 1 year and 16 days ago from *.net.
whois_masq_1781604731,,Masq,masq,Maia,Retired,data/evidence/whois/text/masq.txt,data/evidence/whois/html/masq.html,yes,no,no,medium,"query_name=Masq | display_name=Masq | role=Cartographer | Last login 1 year, 3 months, and 10 days ago from [numerical address]."
whois_matarael_1781604738,,Matarael,matarael,Maia,,data/evidence/whois/text/matarael.txt,data/evidence/whois/html/matarael.html,yes,no,no,medium,"query_name=Matarael | display_name=Matarael Proudly Waves the Canadian Flag | epithet_or_title=Proudly Waves the Canadian Flag | Last login 2 years, 3 months, and 25 days ago from *.net."
whois_maverick_1781604758,char_maverick,Maverick,maverick-2,Maia,,data/evidence/whois/text/maverick-2.txt,data/evidence/whois/html/maverick-2.html,yes,no,no,medium,"query_name=Maverick | display_name=Maverick the Cursed One | epithet_or_title=the Cursed One | Last login 3 years, 9 months, and 19 days ago from *.net."
whois_meneldil_1781604777,,Meneldil,meneldil,Maia,Retired,data/evidence/whois/text/meneldil.txt,data/evidence/whois/html/meneldil.html,yes,no,no,medium,"query_name=Meneldil | display_name=Meneldil Elessar | epithet_or_title=Elessar | role=Cartographer | Last login 21 years, 7 months, and 8 days ago from *.com."
whois_meneldor_1781604791,,Meneldor,meneldor,Maia,,data/evidence/whois/text/meneldor.txt,data/evidence/whois/html/meneldor.html,yes,no,no,medium,"query_name=Meneldor | display_name=Meneldor the Great Eagle of Manwë | epithet_or_title=the Great Eagle of Manwë | Last login 8 years, 5 months, and 20 days ago from [numerical address]."
whois_menelos_1781604800,,Menelos,menelos,Maia,Retired,data/evidence/whois/text/menelos.txt,data/evidence/whois/html/menelos.html,yes,no,no,medium,"query_name=Menelos | display_name=Menelos Light Bringer | epithet_or_title=Light Bringer | Last login 26 years, 2 months, and 20 days ago from *.net."
whois_merg_1781604807,,Merg,merg,Maia,Retired,data/evidence/whois/text/merg.txt,data/evidence/whois/html/merg.html,yes,no,no,medium,"query_name=Merg | display_name=Merg (downloading) (lagged) | epithet_or_title=(downloading) (lagged) | Last login 25 years, 9 months, and 20 days ago from *.com."
whois_merlyn_1781604814,char_merlyn,Merlyn,merlyn-2,Maia,Retired,data/evidence/whois/text/merlyn-2.txt,data/evidence/whois/html/merlyn-2.html,yes,no,no,medium,query_name=Merlyn | display_name=Merlyn | role=Wright
whois_mezmeree_1781604820,,Mezmeree,mezmeree,Maia,Retired,data/evidence/whois/text/mezmeree.txt,data/evidence/whois/html/mezmeree.html,yes,no,no,medium,query_name=Mezmeree | display_name=Mezmeree Mezmereyes disregards your meek Disguise | epithet_or_title=Mezmereyes disregards your meek Disguise | role=Wright
whois_miax_1781604830,,Miax,miax,Maia,Retired,data/evidence/whois/text/miax.txt,data/evidence/whois/html/miax.html,yes,no,no,medium,"query_name=Miax | display_name=Miax - Ambassador from Sojourn | epithet_or_title=- Ambassador from Sojourn | Last login 31 years, 3 months, and 16 days ago."
whois_midnight_1781604836,,Midnight,midnight,Maia,Retired,data/evidence/whois/text/midnight.txt,data/evidence/whois/html/midnight.html,yes,no,no,medium,"query_name=Midnight | display_name=Midnight the Lady of Mysteries | epithet_or_title=the Lady of Mysteries | Last login 30 years, 5 months, and 8 days ago."
whois_mig_1781604841,,Mig,mig,not here is a Maia,Retired,data/evidence/whois/text/mig.txt,data/evidence/whois/html/mig.html,yes,no,no,medium,"query_name=Mig | display_name=Mig | Last login 32 years, 1 month, and 29 days ago from *.CA."
whois_miho_1781604847,,Miho,miho,Maia,,data/evidence/whois/text/miho.txt,data/evidence/whois/html/miho.html,yes,no,no,medium,"query_name=Miho | display_name=Miho | Last login 2 years, 5 months, and 1 day ago."
whois_miia_1781604852,,Miia,miia,Maia,,data/evidence/whois/text/miia.txt,data/evidence/whois/html/miia.html,yes,no,no,medium,"query_name=Miia | display_name=Miia | Last login 8 years, 8 months, and 30 days ago."
whois_mimbotu_1781604858,,Mimbotu,mimbotu,Maia,Retired,data/evidence/whois/text/mimbotu.txt,data/evidence/whois/html/mimbotu.html,yes,no,no,medium,query_name=Mimbotu | display_name=Mimbotu the White | epithet_or_title=the White | Last login 22 years and 20 days ago from *.net.
whois_mingz_1781604864,,Mingz,mingz,Maia,,data/evidence/whois/text/mingz.txt,data/evidence/whois/html/mingz.html,yes,no,no,medium,"query_name=Mingz | display_name=Mingz the clueless | epithet_or_title=the clueless | Last login 21 years, 1 month, and 16 days ago from [numerical address]."
whois_ministry_1781604869,,Ministry,ministry,Maia,Retired,data/evidence/whois/text/ministry.txt,data/evidence/whois/html/ministry.html,yes,no,no,medium,query_name=Ministry | display_name=Ministry says 'shut up take your lithium beyatch' | epithet_or_title=says 'shut up take your lithium beyatch' | role=Wright
whois_mint_1781604875,,Mint,mint,"Vala, one of the Aratar",,data/evidence/whois/text/mint.txt,data/evidence/whois/html/mint.html,yes,no,no,medium,query_name=Mint | display_name=Mint
whois_mirabella_1781604881,,Mirabella,mirabella,Maia,Retired,data/evidence/whois/text/mirabella.txt,data/evidence/whois/html/mirabella.html,yes,no,no,medium,"query_name=Mirabella | display_name=Mirabella Took | epithet_or_title=Took | role=Cartographer | Last login 19 years, 4 months, and 5 days ago from *.com."
whois_mirimandil_1781604886,,Mirimandil,mirimandil,Maia,,data/evidence/whois/text/mirimandil.txt,data/evidence/whois/html/mirimandil.html,yes,no,no,medium,"query_name=Mirimandil | display_name=Mirimandil the Timeless | epithet_or_title=the Timeless | Last login 19 years, 9 months, and 23 days ago from *.de."
whois_miser_1781604892,char_miser,Miser,miser-2,Maia,Retired,data/evidence/whois/text/miser-2.txt,data/evidence/whois/html/miser-2.html,yes,no,no,medium,query_name=Miser | display_name=Miser the Good Ole Busc Pincher | epithet_or_title=the Good Ole Busc Pincher | role=Wright
whois_mocny_1781604897,,Mocny,mocny,Maia,Retired,data/evidence/whois/text/mocny.txt,data/evidence/whois/html/mocny.html,yes,no,no,medium,query_name=Mocny | display_name=Mocny the Knight of the Dark Side | epithet_or_title=the Knight of the Dark Side | role=Wright
whois_moison_1781604903,,Moison,moison,Maia,,data/evidence/whois/text/moison.txt,data/evidence/whois/html/moison.html,yes,no,no,medium,query_name=Moison | display_name=Moison The Master Moi! | epithet_or_title=The Master Moi! | Last login 5 months and 21 days ago.
whois_monk_1781604908,,Monk,monk,Maia,Retired,data/evidence/whois/text/monk.txt,data/evidence/whois/html/monk.html,yes,no,no,medium,"query_name=Monk | display_name=Monk probably built in the fifties | epithet_or_title=probably built in the fifties | role=Cartographer | Last login 11 years, 11 months, and 11 days ago from *.fi."
whois_moosh_1781604914,,Moosh,moosh,Maia,Retired,data/evidence/whois/text/moosh.txt,data/evidence/whois/html/moosh.html,yes,no,no,medium,"query_name=Moosh | display_name=Moosh the mooshy | epithet_or_title=the mooshy | Last login 28 years, 8 months, and 10 days ago from *.se."
whois_mor_1781604919,,Mor,mor,Maia,Retired,data/evidence/whois/text/mor.txt,data/evidence/whois/html/mor.html,yes,no,no,medium,"query_name=Mor | display_name=Mor Raven | epithet_or_title=Raven | Last login 22 years, 10 months, and 1 day ago from [numerical address]."
whois_morceleb_1781604925,,Morceleb,morceleb,Maia,Retired,data/evidence/whois/text/morceleb.txt,data/evidence/whois/html/morceleb.html,yes,no,no,medium,query_name=Morceleb | display_name=Morceleb the Mad | epithet_or_title=the Mad | role=Builder
whois_mordin_1781604930,,Mordin,mordin,Maia,Retired,data/evidence/whois/text/mordin.txt,data/evidence/whois/html/mordin.html,yes,no,no,medium,"query_name=Mordin | display_name=Mordin the Weary, Grudgy Mage | epithet_or_title=the Weary, Grudgy Mage | Last login 25 years, 9 months, and 15 days ago from *.se."
whois_mordril_1781604936,,Mordril,mordril,Maia,,data/evidence/whois/text/mordril.txt,data/evidence/whois/html/mordril.html,yes,no,no,medium,"query_name=Mordril | display_name=Mordril linkless killers must die | epithet_or_title=linkless killers must die | Last login 17 years, 3 months, and 3 days ago."
whois_morfizm_1781604941,char_morfizm,Morfizm,morfizm-2,Maia,,data/evidence/whois/text/morfizm-2.txt,data/evidence/whois/html/morfizm-2.html,yes,no,no,medium,query_name=Morfizm | display_name=Morfizm | Last login 1 year and 9 days ago from [numerical address].
whois_morten_1781604947,,Morten,morten,Maia,Retired,data/evidence/whois/text/morten.txt,data/evidence/whois/html/morten.html,yes,no,no,medium,"query_name=Morten | display_name=Morten | role=Cartographer | Last login 16 years, 3 months, and 7 days ago from *.no."
whois_moulder_1781604953,,Moulder,moulder,Maia,,data/evidence/whois/text/moulder.txt,data/evidence/whois/html/moulder.html,yes,no,no,medium,"query_name=Moulder | display_name=Moulder Boulder | epithet_or_title=Boulder | Last login 17 years, 1 month, and 3 days ago from *.com."
whois_mujahid_1781604958,,Mujahid,mujahid,Maia,Retired,data/evidence/whois/text/mujahid.txt,data/evidence/whois/html/mujahid.html,yes,no,no,medium,"query_name=Mujahid | display_name=Mujahid, who's that? | epithet_or_title=, who's that? | role=Wright"
whois_murogor_1781604964,,Murogor,murogor,Maia,Retired,data/evidence/whois/text/murogor.txt,data/evidence/whois/html/murogor.html,yes,no,no,medium,"query_name=Murogor | display_name=Murogor the crazed norwegian! | epithet_or_title=the crazed norwegian! | Last login 23 years, 2 months, and 22 days ago from *.com."
whois_muumi_1781604970,,Muumi,muumi,Maia,,data/evidence/whois/text/muumi.txt,data/evidence/whois/html/muumi.html,yes,no,no,medium,"query_name=Muumi | display_name=Muumi | Last login 12 years, 9 months, and 29 days ago."
whois_myrador_1781604975,,Myrador,myrador,Maia,Retired,data/evidence/whois/text/myrador.txt,data/evidence/whois/html/myrador.html,yes,no,no,medium,"query_name=Myrador | display_name=Myrador doesn't get a chance to get on that often anymore :-( | epithet_or_title=doesn't get a chance to get on that often anymore :-( | Last login 23 years, 9 months, and 17 days ago."
whois_mîm_1781604981,,Mîm,mim,Maia,Retired,data/evidence/whois/text/mim.txt,data/evidence/whois/html/mim.html,yes,no,no,medium,query_name=Mîm | display_name=Mîm The Petty-dwarf | epithet_or_title=The Petty-dwarf | role=Wright
whois_nada_1781604987,,Nada,nada,Implementor,Retired,data/evidence/whois/text/nada.txt,data/evidence/whois/html/nada.html,yes,no,no,medium,query_name=Nada | display_name=Nada the useless owl. | epithet_or_title=the useless owl.
whois_naga_1781604992,char_naga,Naga,naga-3,Maia,,data/evidence/whois/text/naga-3.txt,data/evidence/whois/html/naga-3.html,yes,no,no,medium,query_name=Naga | display_name=Naga the White Serpent | epithet_or_title=the White Serpent | role=Shaper
whois_najden_1781604998,,Najden,najden,Maia,Retired,data/evidence/whois/text/najden.txt,data/evidence/whois/html/najden.html,yes,no,no,medium,"query_name=Najden | display_name=Najden Lupp | epithet_or_title=Lupp | Last login 24 years, 7 months, and 22 days ago from *.ee."
whois_nakki_1781605003,,Nakki,nakki,Maia,,data/evidence/whois/text/nakki.txt,data/evidence/whois/html/nakki.html,yes,no,no,medium,"query_name=Nakki | display_name=Nakki Nakki and Nakki | epithet_or_title=Nakki and Nakki | Last login 21 years, 5 months, and 20 days ago from [numerical address]."
whois_naks_1781605009,,Naks,naks,Maia,,data/evidence/whois/text/naks.txt,data/evidence/whois/html/naks.html,yes,no,no,medium,"query_name=Naks | display_name=Naks naksnaks | epithet_or_title=naksnaks | Last login 2 years, 2 months, and 10 days ago."
whois_nameless_1781605014,,Nameless,nameless,Maia,,data/evidence/whois/text/nameless.txt,data/evidence/whois/html/nameless.html,yes,no,no,medium,"query_name=Nameless | display_name=Nameless & ...you dont wanna hear that... | epithet_or_title=& ...you dont wanna hear that... | Last login 13 years, 5 months, and 5 days ago from *.fi."
whois_narcissus_1781605020,,Narcissus,narcissus,Maia,Retired,data/evidence/whois/text/narcissus.txt,data/evidence/whois/html/narcissus.html,yes,no,no,medium,query_name=Narcissus | display_name=Narcissus the Schizophrenic | epithet_or_title=the Schizophrenic | role=Builder
whois_narndir_1781605025,,Narndir,narndir,Maia,Retired,data/evidence/whois/text/narndir.txt,data/evidence/whois/html/narndir.html,yes,no,no,medium,"query_name=Narndir | display_name=Narndir | role=Cartographer | Last login 19 years, 6 months, and 13 days ago."
whois_narond_1781605031,,Narond,narond,Maia,,data/evidence/whois/text/narond.txt,data/evidence/whois/html/narond.html,yes,no,no,medium,"query_name=Narond | display_name=Narond the Arch of Fire | epithet_or_title=the Arch of Fire | Last login 18 years, 3 months, and 18 days ago from *.net."
whois_naxis_1781605036,,Naxis,naxis,Maia,Retired,data/evidence/whois/text/naxis.txt,data/evidence/whois/html/naxis.html,yes,no,no,medium,"query_name=Naxis | display_name=Naxis Paxis | epithet_or_title=Paxis | Last login 24 years, 10 months, and 26 days ago from *.fi."
whois_nazir_1781605042,,Nazir,nazir,Maia,Retired,data/evidence/whois/text/nazir.txt,data/evidence/whois/html/nazir.html,yes,no,no,medium,"query_name=Nazir | display_name=Nazir Blackbeard | epithet_or_title=Blackbeard | Last login 25 years, 3 months, and 3 days ago from *.se."
whois_neidoles_1781605047,,Neidoles,neidoles,Maia,,data/evidence/whois/text/neidoles.txt,data/evidence/whois/html/neidoles.html,yes,no,no,medium,"query_name=Neidoles | display_name=Neidoles, the one who found peace | epithet_or_title=, the one who found peace | Last login 20 years, 1 month, and 16 days ago from *.net."
whois_neithan_1781605053,,Neithan,neithan,Maia,,data/evidence/whois/text/neithan.txt,data/evidence/whois/html/neithan.html,yes,no,no,medium,query_name=Neithan | display_name=Neithan | Last login 22 years and 20 days ago from *.com.
whois_neptune_1781605059,,Neptune,neptune,Maia,,data/evidence/whois/text/neptune.txt,data/evidence/whois/html/neptune.html,yes,no,no,medium,query_name=Neptune | display_name=Neptune | Last login 15 years and 20 days ago from *.com.
whois_newc_1781605064,,Newc,newc,Maia,Retired,data/evidence/whois/text/newc.txt,data/evidence/whois/html/newc.html,yes,no,no,medium,"query_name=Newc | display_name=Newc is. | epithet_or_title=is. | Last login 29 years, 6 months, and 24 days ago from [numerical address]."
whois_niccolo_1781605070,,Niccolo,niccolo,Maia,Retired,data/evidence/whois/text/niccolo.txt,data/evidence/whois/html/niccolo.html,yes,no,no,medium,"query_name=Niccolo | display_name=Niccolo Machiavelli | epithet_or_title=Machiavelli | role=Cartographer | Last login 10 years, 3 months, and 5 days ago."
whois_nienor_1781605075,,Nienor,nienor,"Valië, one of the Aratar",Retired,data/evidence/whois/text/nienor.txt,data/evidence/whois/html/nienor.html,yes,no,no,medium,query_name=Nienor | display_name=Nienor Niniel | epithet_or_title=Niniel
whois_nighthawk_1781605081,char_nighthawk,Nighthawk,nighthawk-2,Maia,Retired,data/evidence/whois/text/nighthawk-2.txt,data/evidence/whois/html/nighthawk-2.html,yes,no,no,medium,"query_name=Nighthawk | display_name=Nighthawk | role=Cartographer | Last login 16 years, 6 months, and 23 days ago from *.net."
whois_nightshade_1781605087,,Nightshade,nightshade,ANCIENT! is a Maia,Retired,data/evidence/whois/text/nightshade.txt,data/evidence/whois/html/nightshade.html,yes,no,no,medium,"query_name=Nightshade | display_name=Nightshade | Last login 25 years, 2 months, and 8 days ago."
whois_nightstar_1781605092,,Nightstar,nightstar,Maia,Retired,data/evidence/whois/text/nightstar.txt,data/evidence/whois/html/nightstar.html,yes,no,no,medium,"query_name=Nightstar | display_name=Nightstar graduated! | epithet_or_title=graduated! | Last login 28 years, 3 months, and 16 days ago from *.edu."
whois_niisku_1781605098,,Niisku,niisku,Maia,,data/evidence/whois/text/niisku.txt,data/evidence/whois/html/niisku.html,yes,no,no,medium,"query_name=Niisku | display_name=Niisku Neiti Nilkkarengas | epithet_or_title=Neiti Nilkkarengas | Last login 20 years, 1 month, and 8 days ago from *.net."
whois_njaa_1781605103,char_njaa,Njaa,njaa-2,Maia,,data/evidence/whois/text/njaa-2.txt,data/evidence/whois/html/njaa-2.html,yes,no,no,medium,query_name=Njaa | display_name=Njaa the sweet little kitten [Bots] | epithet_or_title=the sweet little kitten [Bots] | Last login 13 years and 11 months ago from *.ee.
whois_noki_1781605109,,Noki,noki,father but really is a Maia,,data/evidence/whois/text/noki.txt,data/evidence/whois/html/noki.html,yes,no,no,medium,query_name=Noki | display_name=Noki thinks he | epithet_or_title=thinks he | Last login 7 months and 17 days ago from [numerical address].
whois_nokiel_1781605115,,Nokiel,nokiel,Maia,,data/evidence/whois/text/nokiel.txt,data/evidence/whois/html/nokiel.html,yes,no,no,medium,"query_name=Nokiel | display_name=Nokiel The Slightly Off-White | epithet_or_title=The Slightly Off-White | Last login 2 years, 6 months, and 14 days ago from *.net."
whois_nom_1781605120,,Nom,nom,Maia,Retired,data/evidence/whois/text/nom.txt,data/evidence/whois/html/nom.html,yes,no,no,medium,query_name=Nom | display_name=Nom the Silver-gorgon | epithet_or_title=the Silver-gorgon | role=Builder
whois_norfyr_1781605126,,Norfyr,norfyr,Maia,,data/evidence/whois/text/norfyr.txt,data/evidence/whois/html/norfyr.html,yes,no,no,medium,"query_name=Norfyr | display_name=Norfyr | Last login 1 year, 1 month, and 13 days ago from [numerical address]."
whois_nori_1781605131,,Nori,nori,Maia,Retired,data/evidence/whois/text/nori.txt,data/evidence/whois/html/nori.html,yes,no,no,medium,query_name=Nori | display_name=Nori the Dwarf of Erebor | epithet_or_title=the Dwarf of Erebor | Last login 26 years and 10 months ago from *.se.
whois_norsu_1781605137,char_norsu,Norsu,norsu-2,Tarkhnarb Champion,Retired,data/evidence/whois/text/norsu-2.txt,data/evidence/whois/html/norsu-2.html,yes,no,no,medium,"query_name=Norsu | display_name=Norsu has left the building | epithet_or_title=has left the building | Last login 4 years, 4 months, and 29 days ago from *.se."
whois_norton_1781605142,,Norton,norton,Maia,,data/evidence/whois/text/norton.txt,data/evidence/whois/html/norton.html,yes,no,no,medium,"query_name=Norton | display_name=Norton the reject | epithet_or_title=the reject | Last login 21 years, 11 months, and 2 days ago."
whois_nugle_1781605148,,Nugle,nugle,Maia,Retired,data/evidence/whois/text/nugle.txt,data/evidence/whois/html/nugle.html,yes,no,no,medium,query_name=Nugle | display_name=Nugle | role=Wright
whois_nukah_1781605153,,Nukah,nukah,Maia,Retired,data/evidence/whois/text/nukah.txt,data/evidence/whois/html/nukah.html,yes,no,no,medium,"query_name=Nukah | display_name=Nukah nukes | epithet_or_title=nukes | role=Cartographer | Last login 14 years, 5 months, and 21 days ago."
whois_nymne_1781605159,,Nymne,nymne,Maia,Retired,data/evidence/whois/text/nymne.txt,data/evidence/whois/html/nymne.html,yes,no,no,medium,"query_name=Nymne | display_name=Nymne blessed by Freja. | epithet_or_title=blessed by Freja. | Last login 23 years, 3 months, and 22 days ago from *.au."
whois_námo_1781605165,char_námo,Námo,namo-2,"Vala, one of the Aratar",Retired,data/evidence/whois/text/namo-2.txt,data/evidence/whois/html/namo-2.html,yes,no,no,medium,"query_name=Námo | display_name=Námo the Doomsman, Keeper of the Halls of the Dead | epithet_or_title=the Doomsman, Keeper of the Halls of the Dead"
whois_níeat_1781605186,,Níeat,nieat,Maia,Retired,data/evidence/whois/text/nieat.txt,data/evidence/whois/html/nieat.html,yes,no,no,medium,"query_name=Níeat | display_name=Níeat | Last login 10 years, 7 months, and 18 days ago."
whois_ociris_1781605192,,Ociris,ociris,Maia,,data/evidence/whois/text/ociris.txt,data/evidence/whois/html/ociris.html,yes,no,no,medium,"query_name=Ociris | display_name=Ociris the Lord of the RAGING | epithet_or_title=the Lord of the RAGING | Last login 1 year, 8 months, and 20 days ago."
whois_octavia_1781605197,,Octavia,octavia,Maia,,data/evidence/whois/text/octavia.txt,data/evidence/whois/html/octavia.html,yes,no,no,medium,query_name=Octavia | display_name=Octavia | role=Cartographer | Last login 5 months ago.
whois_oisín_1781605203,,Oisín,oisin,Maia,,data/evidence/whois/text/oisin.txt,data/evidence/whois/html/oisin.html,yes,no,no,medium,query_name=Oisín | display_name=Oisín the Enlightened | epithet_or_title=the Enlightened | role=Builder
whois_olorin_1781605208,,Olorin,olorin,Maia,Retired,data/evidence/whois/text/olorin.txt,data/evidence/whois/html/olorin.html,yes,no,no,medium,query_name=Olorin | display_name=Olorin the Grey Pilgrim | epithet_or_title=the Grey Pilgrim | role=Wright
whois_omega_1781605214,char_omega,Omega,omega-2,Maia,,data/evidence/whois/text/omega-2.txt,data/evidence/whois/html/omega-2.html,yes,no,no,medium,query_name=Omega | display_name=Omega W A Z U P | epithet_or_title=W A Z U P | role=Cartographer | Last login 1 year and 7 days ago from [numerical address].
whois_omen_1781605219,char_omen,Omen,omen-2,Maia,,data/evidence/whois/text/omen-2.txt,data/evidence/whois/html/omen-2.html,yes,no,no,medium,"query_name=Omen | display_name=Omen of Changes | epithet_or_title=of Changes | Last login 1 year, 1 month, and 9 days ago from *.ee."
whois_one_1781605225,,One,one,Maia,,data/evidence/whois/text/one.txt,data/evidence/whois/html/one.html,yes,no,no,medium,query_name=One | display_name=One ring to rule them all. | epithet_or_title=ring to rule them all. | Last login 2 days and 15 hours ago.
whois_opus_1781605230,,Opus,opus,Maia,Retired,data/evidence/whois/text/opus.txt,data/evidence/whois/html/opus.html,yes,no,no,medium,"query_name=Opus | display_name=Opus got off on the reasonable doubt technicality. | epithet_or_title=got off on the reasonable doubt technicality. | Last login 26 years, 2 months, and 11 days ago from [numerical address]."
whois_ori_1781605236,,Ori,ori,Maia,Retired,data/evidence/whois/text/ori.txt,data/evidence/whois/html/ori.html,yes,no,no,medium,"query_name=Ori | display_name=Ori - Lieutenant of the Experiment | epithet_or_title=- Lieutenant of the Experiment | Last login 24 years, 6 months, and 17 days ago from *.com."
whois_orion_1781605242,,Orion,orion,Maia,Retired,data/evidence/whois/text/orion.txt,data/evidence/whois/html/orion.html,yes,no,no,medium,query_name=Orion | display_name=Orion the Troll Slayer | epithet_or_title=the Troll Slayer | role=Wright
whois_orlanth_1781605248,,Orlanth,orlanth,Vala,,data/evidence/whois/text/orlanth.txt,data/evidence/whois/html/orlanth.html,yes,no,no,medium,query_name=Orlanth | display_name=Orlanth the Wonderous 🌩 | epithet_or_title=the Wonderous 🌩 | role=Architect
whois_orm_1781605253,,Orm,orm,back from his wintersleep... is a Maia,Retired,data/evidence/whois/text/orm.txt,data/evidence/whois/html/orm.html,yes,no,no,medium,query_name=Orm | display_name=Orm | Last login 32 years and 20 days ago from *.se.
whois_orome_1781605259,,Orome,orome,Maia,Retired,data/evidence/whois/text/orome.txt,data/evidence/whois/html/orome.html,yes,no,no,medium,query_name=Orome | display_name=Orome the Forest Lord | epithet_or_title=the Forest Lord | role=Wright
whois_ossë_1781605264,,Ossë,osse,raging is a Maia,Retired,data/evidence/whois/text/osse.txt,data/evidence/whois/html/osse.html,yes,no,no,medium,"query_name=Ossë | display_name=Ossë | Last login 23 years, 5 months, and 26 days ago."
whois_overlord_1781605270,,Overlord,overlord,Maia,,data/evidence/whois/text/overlord.txt,data/evidence/whois/html/overlord.html,yes,no,no,medium,"query_name=Overlord | display_name=Overlord was mistaken for a mob twice when mortal | epithet_or_title=was mistaken for a mob twice when mortal | Last login 20 years, 6 months, and 27 days ago from *.net."
whois_owin_1781605275,,Owin,owin,Maia,,data/evidence/whois/text/owin.txt,data/evidence/whois/html/owin.html,yes,no,no,medium,query_name=Owin | display_name=Owin Crikey! | epithet_or_title=Crikey! | Last login 24 days ago from *.au.
whois_ozelot_1781605281,,Ozelot,ozelot,Maia,Retired,data/evidence/whois/text/ozelot.txt,data/evidence/whois/html/ozelot.html,yes,no,no,medium,query_name=Ozelot | display_name=Ozelot the Elven Apprentice | epithet_or_title=the Elven Apprentice | Last login 26 years and 11 days ago from *.no.
whois_paladin_1781605287,,Paladin,paladin,Maia,Retired,data/evidence/whois/text/paladin.txt,data/evidence/whois/html/paladin.html,yes,no,no,medium,"query_name=Paladin | display_name=Paladin the Lizard King! | epithet_or_title=the Lizard King! | Last login 25 years, 5 months, and 28 days ago from *.com."
whois_pallando_1781605292,,Pallando,pallando,Maia,Retired,data/evidence/whois/text/pallando.txt,data/evidence/whois/html/pallando.html,yes,no,no,medium,query_name=Pallando | display_name=Pallando the Blue | epithet_or_title=the Blue | role=Wright
whois_pandelume_1781605298,,Pandelume,pandelume,Maia,,data/evidence/whois/text/pandelume.txt,data/evidence/whois/html/pandelume.html,yes,no,no,medium,"query_name=Pandelume | display_name=Pandelume the tired old man of Valinor | epithet_or_title=the tired old man of Valinor | Last login 17 years, 10 months, and 3 days ago from *.fi."
whois_papa_1781605303,,Papa,papa,Maia,,data/evidence/whois/text/papa.txt,data/evidence/whois/html/papa.html,yes,no,no,medium,"query_name=Papa | display_name=Papa Smurf, Leader of the Little Blue Army, | epithet_or_title=Smurf, Leader of the Little Blue Army, | Last login 18 years, 6 months, and 2 days ago from *.com."
whois_parador_1781605309,,Parador,parador,Maia,Retired,data/evidence/whois/text/parador.txt,data/evidence/whois/html/parador.html,yes,no,no,medium,"query_name=Parador | display_name=Parador likes names | epithet_or_title=likes names | role=Cartographer | Last login 2 years, 1 month, and 10 days ago."
whois_paras_1781605314,,Paras,paras,Maia,Retired,data/evidence/whois/text/paras.txt,data/evidence/whois/html/paras.html,yes,no,no,medium,query_name=Paras | display_name=Paras Burrfoot of the Hobbits | epithet_or_title=Burrfoot of the Hobbits | role=Wright
whois_patriot_1781605320,,Patriot,patriot,Maia,,data/evidence/whois/text/patriot.txt,data/evidence/whois/html/patriot.html,yes,no,no,medium,query_name=Patriot | display_name=Patriot
whois_paunch_1781605325,,Paunch,paunch,Maia,,data/evidence/whois/text/paunch.txt,data/evidence/whois/html/paunch.html,yes,no,no,medium,"query_name=Paunch | display_name=Paunch the Beer Drinking God | epithet_or_title=the Beer Drinking God | Last login 20 years, 11 months, and 6 days ago from *.com."
whois_pendak_1781605331,,Pendak,pendak,Maia,,data/evidence/whois/text/pendak.txt,data/evidence/whois/html/pendak.html,yes,no,no,medium,"query_name=Pendak | display_name=Pendak the patron spirit of Tookland | epithet_or_title=the patron spirit of Tookland | Last login 12 years, 3 months, and 29 days ago from *.com."
whois_perrin_1781605337,,Perrin,perrin,Maia,Retired,data/evidence/whois/text/perrin.txt,data/evidence/whois/html/perrin.html,yes,no,no,medium,"query_name=Perrin | display_name=Perrin | role=Cartographer | Last login 19 years, 1 month, and 18 days ago from *.com."
whois_petrel_1781605342,,Petrel,petrel,Vala,Retired,data/evidence/whois/text/petrel.txt,data/evidence/whois/html/petrel.html,yes,no,no,medium,query_name=Petrel | display_name=Petrel the Undersec. of Housing and Urban Dev't | epithet_or_title=the Undersec. of Housing and Urban Dev't | role=Architect
whois_phier_1781605348,,Phier,phier,Vala,Retired,data/evidence/whois/text/phier.txt,data/evidence/whois/html/phier.html,yes,no,no,medium,query_name=Phier | display_name=Phier the Vile | epithet_or_title=the Vile | role=Architect
whois_phishhead_1781605353,,Phishhead,phishhead,Maia,Retired,data/evidence/whois/text/phishhead.txt,data/evidence/whois/html/phishhead.html,yes,no,no,medium,"query_name=Phishhead | display_name=Phishhead ... whatever :) | epithet_or_title=... whatever :) | Last login 24 years, 5 months, and 9 days ago from [numerical address]."
whois_phloxy_1781605359,,Phloxy,phloxy,Maia,Retired,data/evidence/whois/text/phloxy.txt,data/evidence/whois/html/phloxy.html,yes,no,no,medium,query_name=Phloxy | display_name=Phloxy - Current Mode: Mixolydian | epithet_or_title=- Current Mode: Mixolydian | role=Builder
whois_pif_1781605364,,Pif,pif,Maia,,data/evidence/whois/text/pif.txt,data/evidence/whois/html/pif.html,yes,no,no,medium,query_name=Pif | display_name=Pif | Last login 5 years and 10 days ago from *.net.
whois_pikel_1781605370,,Pikel,pikel,Maia,Retired,data/evidence/whois/text/pikel.txt,data/evidence/whois/html/pikel.html,yes,no,no,medium,query_name=Pikel | display_name=Pikel has been away a while | epithet_or_title=has been away a while | role=Wright
whois_pilois_1781605375,,Pilois,pilois,Vala,,data/evidence/whois/text/pilois.txt,data/evidence/whois/html/pilois.html,yes,no,no,medium,query_name=Pilois | display_name=Pilois Giloirn | epithet_or_title=Giloirn | role=Architect
whois_pils_1781605381,,Pils,pils,Maia,Retired,data/evidence/whois/text/pils.txt,data/evidence/whois/html/pils.html,yes,no,no,medium,"query_name=Pils | display_name=Pils fra Nordland | epithet_or_title=fra Nordland | role=Cartographer | Last login 3 years, 4 months, and 7 days ago from [numerical address]."
whois_pilsner_1781605386,char_pilsner,Pilsner,pilsner-2,Maia,,data/evidence/whois/text/pilsner-2.txt,data/evidence/whois/html/pilsner-2.html,yes,no,no,medium,"query_name=Pilsner | display_name=Pilsner Gurqwell, the God of Hammerhead Clan | epithet_or_title=Gurqwell, the God of Hammerhead Clan | Last login 7 years, 7 months, and 21 days ago from *.eu."
whois_piter_1781605392,,Piter,piter,Maia,Retired,data/evidence/whois/text/piter.txt,data/evidence/whois/html/piter.html,yes,no,no,medium,"query_name=Piter | display_name=Piter Reys | epithet_or_title=Reys | Last login 24 years, 4 months, and 11 days ago from *.com."
whois_pong_1781605397,,Pong,pong,Maia,,data/evidence/whois/text/pong.txt,data/evidence/whois/html/pong.html,yes,no,no,medium,"query_name=Pong | display_name=Pong | Last login 2 years, 4 months, and 12 days ago."
whois_porien_1781605403,char_porien,Porien,porien-2,Maia,,data/evidence/whois/text/porien-2.txt,data/evidence/whois/html/porien-2.html,yes,no,no,medium,query_name=Porien | display_name=Porien the Knight of Sadness | epithet_or_title=the Knight of Sadness | role=Cartographer | Last login 4 months and 15 days ago from *.net.
whois_prabowo_1781605408,,Prabowo,prabowo,Maia,,data/evidence/whois/text/prabowo.txt,data/evidence/whois/html/prabowo.html,yes,no,no,medium,"query_name=Prabowo | display_name=Prabowo Subiyanto Djojohadikusumo | epithet_or_title=Subiyanto Djojohadikusumo | Last login 9 years, 9 months, and 22 days ago from [numerical address]."
whois_prami_1781605414,,Prami,prami,Maia,Retired,data/evidence/whois/text/prami.txt,data/evidence/whois/html/prami.html,yes,no,no,medium,"query_name=Prami | display_name=Prami the grey-skinned mountain dwarf | epithet_or_title=the grey-skinned mountain dwarf | Last login 22 years, 11 months, and 15 days ago from *.EDU."
whois_quack_1781605419,,Quack,quack,Maia,Retired,data/evidence/whois/text/quack.txt,data/evidence/whois/html/quack.html,yes,no,no,medium,"query_name=Quack | display_name=Quack God of the Ducks | epithet_or_title=God of the Ducks | Last login 26 years, 11 months, and 26 days ago from *.net."
whois_quende_1781605425,,Quende,quende,Maia,,data/evidence/whois/text/quende.txt,data/evidence/whois/html/quende.html,yes,no,no,medium,"query_name=Quende | display_name=Quende | Last login 23 years, 2 months, and 30 days ago."
whois_quic_1781605430,,Quic,quic,Maia,Retired,data/evidence/whois/text/quic.txt,data/evidence/whois/html/quic.html,yes,no,no,medium,query_name=Quic | display_name=Quic . | epithet_or_title=. | Last login 15 years and 1 day ago from *.net.
whois_quillis_1781605437,char_quillis,Quillis,quillis-2,new dad now! is a Maia,Retired,data/evidence/whois/text/quillis-2.txt,data/evidence/whois/html/quillis-2.html,yes,no,no,medium,query_name=Quillis | display_name=Quillis | role=Shaper
whois_qwait_1781605442,,Qwait,qwait,Maia,,data/evidence/whois/text/qwait.txt,data/evidence/whois/html/qwait.html,yes,no,no,medium,query_name=Qwait | display_name=Qwait the Airborne-Hobbit | epithet_or_title=the Airborne-Hobbit | role=Cartographer | Last login 3 months and 13 days ago from *.sg.
whois_qwerty_1781605449,,Qwerty,qwerty,Maia,Retired,data/evidence/whois/text/qwerty.txt,data/evidence/whois/html/qwerty.html,yes,no,no,medium,query_name=Qwerty | display_name=Qwerty the Lord of Insects | epithet_or_title=the Lord of Insects | role=Wright
whois_raid_1781605455,,Raid,raid,Maia,,data/evidence/whois/text/raid.txt,data/evidence/whois/html/raid.html,yes,no,no,medium,query_name=Raid | display_name=Raid the Old One | epithet_or_title=the Old One | role=Builder
whois_ramon_1781605461,,Ramon,ramon,Maia,,data/evidence/whois/text/ramon.txt,data/evidence/whois/html/ramon.html,yes,no,no,medium,"query_name=Ramon | display_name=Ramon | Last login 8 years, 2 months, and 11 days ago from *.eu."
whois_rana_1781605467,,Rana,rana,Maia,,data/evidence/whois/text/rana.txt,data/evidence/whois/html/rana.html,yes,no,no,medium,query_name=Rana | display_name=Rana the Wayward 🌒 | epithet_or_title=the Wayward 🌒 | role=Wright
whois_rangga_1781605473,,Rangga,rangga,Maia,,data/evidence/whois/text/rangga.txt,data/evidence/whois/html/rangga.html,yes,no,no,medium,"query_name=Rangga | display_name=Rangga | Last login 16 years, 9 months, and 14 days ago from [numerical address]."
whois_ranoc_1781605480,,Ranoc,ranoc,Maia,Retired,data/evidence/whois/text/ranoc.txt,data/evidence/whois/html/ranoc.html,yes,no,no,medium,query_name=Ranoc | display_name=Ranoc the Avenger | epithet_or_title=the Avenger | Last login 24 years and 28 days ago from *.com.
whois_rashnak_1781605485,char_rashnak,Rashnak,rashnak-2,Maia,Retired,data/evidence/whois/text/rashnak-2.txt,data/evidence/whois/html/rashnak-2.html,yes,no,no,medium,query_name=Rashnak | display_name=Rashnak Risuparta | epithet_or_title=Risuparta | role=Shaper
whois_rato_1781605495,,Rato,rato,Maia,,data/evidence/whois/text/rato.txt,data/evidence/whois/html/rato.html,yes,no,no,medium,query_name=Rato | display_name=Rato | role=Cartographer | Last login 1 month and 7 days ago from *.br.
whois_raudkael_1781605501,,Raudkael,raudkael,Maia,,data/evidence/whois/text/raudkael.txt,data/evidence/whois/html/raudkael.html,yes,no,no,medium,"query_name=Raudkael | display_name=Raudkael | Last login 18 years, 3 months, and 15 days ago from *.ee."
whois_raul_1781605507,,Raul,raul,Maia,,data/evidence/whois/text/raul.txt,data/evidence/whois/html/raul.html,yes,no,no,medium,query_name=Raul | display_name=Raul knows that 3 quickbolts will kill a bn! | epithet_or_title=knows that 3 quickbolts will kill a bn! | Last login 1 year and 18 days ago.
whois_rayden_1781605512,char_rayden,Rayden,rayden-2,Maia,,data/evidence/whois/text/rayden-2.txt,data/evidence/whois/html/rayden-2.html,yes,no,no,medium,"query_name=Rayden | display_name=Rayden the Master of All Tpyoes | epithet_or_title=the Master of All Tpyoes | Last login 17 years, 2 months, and 6 days ago from *.ee."
whois_razer_1781605519,char_razer,Razer,razer-2,on a holiday is a Maia,,data/evidence/whois/text/razer-2.txt,data/evidence/whois/html/razer-2.html,yes,no,no,medium,"query_name=Razer | display_name=Razer | Last login 1 year, 5 months, and 13 days ago from *.net."
whois_rebel_1781605525,,Rebel,rebel,Maia,Retired,data/evidence/whois/text/rebel.txt,data/evidence/whois/html/rebel.html,yes,no,no,medium,"query_name=Rebel | display_name=Rebel Yell | epithet_or_title=Yell | Last login 22 years, 9 months, and 16 days ago from *.com."
whois_reddas_1781605531,,Reddas,reddas,Maia,,data/evidence/whois/text/reddas.txt,data/evidence/whois/html/reddas.html,yes,no,no,medium,"query_name=Reddas | display_name=Reddas (Foris Zecht), the Judge Magister | epithet_or_title=(Foris Zecht), the Judge Magister"
whois_reider_1781605538,,Reider,reider,Maia,Retired,data/evidence/whois/text/reider.txt,data/evidence/whois/html/reider.html,yes,no,no,medium,"query_name=Reider | display_name=Reider comes from an age before Orcs [Old] | epithet_or_title=comes from an age before Orcs [Old] | Last login 24 years, 11 months, and 15 days ago."
whois_relkin_1781605544,,Relkin,relkin,Maia,,data/evidence/whois/text/relkin.txt,data/evidence/whois/html/relkin.html,yes,no,no,medium,query_name=Relkin | display_name=Relkin Darkmane | epithet_or_title=Darkmane | Last login 18 years and 2 months ago from *.net.
whois_ren_1781605549,,Ren,ren,studying and is also ... is a Maia,Retired,data/evidence/whois/text/ren.txt,data/evidence/whois/html/ren.html,yes,no,no,medium,query_name=Ren | display_name=Ren the Brat | epithet_or_title=the Brat | role=Shaper
whois_ressaven_1781605555,,Ressaven,ressaven,Valië,Retired,data/evidence/whois/text/ressaven.txt,data/evidence/whois/html/ressaven.html,yes,no,no,medium,query_name=Ressaven | display_name=Ressaven the Heretic | epithet_or_title=the Heretic | role=Architect
whois_rhuler_1781605562,,Rhuler,rhuler,Maia,,data/evidence/whois/text/rhuler.txt,data/evidence/whois/html/rhuler.html,yes,no,no,medium,"query_name=Rhuler | display_name=Rhuler Believe on the Lord Jesus Christ | epithet_or_title=Believe on the Lord Jesus Christ | Last login 1 year, 7 months, and 3 days ago."
whois_ria_1781605570,,Ria,ria,Maia,Retired,data/evidence/whois/text/ria.txt,data/evidence/whois/html/ria.html,yes,no,no,medium,"query_name=Ria | display_name=Ria has lost her marbles | epithet_or_title=has lost her marbles | role=Cartographer | Last login 15 years, 7 months, and 16 days ago from *.com."
whois_rick_1781605576,,Rick,rick,Maia,Retired,data/evidence/whois/text/rick.txt,data/evidence/whois/html/rick.html,yes,no,no,medium,"query_name=Rick | display_name=Rick | Last login 26 years, 2 months, and 2 days ago."
whois_rik_1781605584,char_rik,Rik,rik-4,Maia,Retired,data/evidence/whois/text/rik-4.txt,data/evidence/whois/html/rik-4.html,yes,no,no,medium,query_name=Rik | display_name=Rik Tik TIK BOOM! Served more than 157 kits | epithet_or_title=Tik TIK BOOM! Served more than 157 kits | role=Wright
whois_rindell_1781605590,,Rindell,rindell,Maia,,data/evidence/whois/text/rindell.txt,data/evidence/whois/html/rindell.html,yes,no,no,medium,query_name=Rindell | display_name=Rindell Ironbeard | epithet_or_title=Ironbeard | role=Cartographer | Last login 4 months and 17 days ago from [numerical address].
whois_rivas_1781605596,,Rivas,rivas,Elf is a Maia,Retired,data/evidence/whois/text/rivas.txt,data/evidence/whois/html/rivas.html,yes,no,no,medium,query_name=Rivas | display_name=Rivas | role=Wright
whois_riven_1781605603,,Riven,riven,Maia,,data/evidence/whois/text/riven.txt,data/evidence/whois/html/riven.html,yes,no,no,medium,"query_name=Riven | display_name=Riven keeper of the 7 keys | epithet_or_title=keeper of the 7 keys | Last login 20 years, 2 months, and 10 days ago from *.se."
whois_rob_1781605609,,Rob,rob,Maia,,data/evidence/whois/text/rob.txt,data/evidence/whois/html/rob.html,yes,no,no,medium,"query_name=Rob | display_name=Rob Roy | epithet_or_title=Roy | Last login 23 years, 6 months, and 14 days ago from *.com."
whois_robit_1781605614,,Robit,robit,Maia,,data/evidence/whois/text/robit.txt,data/evidence/whois/html/robit.html,yes,no,no,medium,"query_name=Robit | display_name=Robit Robit Robit | epithet_or_title=Robit Robit | Last login 22 years, 2 months, and 9 days ago from *.au."
whois_rogon_1781605630,char_rogon,Rogon,rogon-2,"Vala, one of the Aratar",,data/evidence/whois/text/rogon-2.txt,data/evidence/whois/html/rogon-2.html,yes,no,no,medium,query_name=Rogon | display_name=Rogon Rogoff | epithet_or_title=Rogoff
whois_rokee_1781605635,,Rokee,rokee,Vala,Retired,data/evidence/whois/text/rokee.txt,data/evidence/whois/html/rokee.html,yes,no,no,medium,query_name=Rokee | display_name=Rokee Donkee | epithet_or_title=Donkee | role=Architect
whois_roman_1781605641,char_roman,Roman,roman-2,Maia,,data/evidence/whois/text/roman-2.txt,data/evidence/whois/html/roman-2.html,yes,no,no,medium,query_name=Roman | display_name=Roman | Last login 17 years and 23 days ago from [numerical address].
whois_roo_1781605647,,Roo,roo,bummed is a Maia,Retired,data/evidence/whois/text/roo.txt,data/evidence/whois/html/roo.html,yes,no,no,medium,"query_name=Roo | display_name=Roo | Last login 28 years, 3 months, and 16 days ago."
whois_rowin_1781605652,,Rowin,rowin,Maia,,data/evidence/whois/text/rowin.txt,data/evidence/whois/html/rowin.html,yes,no,no,medium,"query_name=Rowin | display_name=Rowin the never here | epithet_or_title=the never here | Last login 16 years, 10 months, and 10 days ago from *.com."
whois_rubius_1781605658,,Rubius,rubius,most probably afk. is a Vala,Retired,data/evidence/whois/text/rubius.txt,data/evidence/whois/html/rubius.html,yes,no,no,medium,query_name=Rubius | display_name=Rubius who?? | epithet_or_title=who?? | role=Mudller
whois_rubrik_1781605663,,Rubrik,rubrik,Maia,Retired,data/evidence/whois/text/rubrik.txt,data/evidence/whois/html/rubrik.html,yes,no,no,medium,query_name=Rubrik | display_name=Rubrik Kubbeli | epithet_or_title=Kubbeli | Last login 5 months and 27 days ago.
whois_rumil_1781605669,,Rumil,rumil,Maia,Retired,data/evidence/whois/text/rumil.txt,data/evidence/whois/html/rumil.html,yes,no,no,medium,"query_name=Rumil | display_name=Rumil the Ancient | epithet_or_title=the Ancient | Last login 24 years, 5 months, and 7 days ago from *.com."
whois_rut_1781605674,,Rut,rut,Maia,Retired,data/evidence/whois/text/rut.txt,data/evidence/whois/html/rut.html,yes,no,no,medium,"query_name=Rut | display_name=Rut the LuveAdvisor | epithet_or_title=the LuveAdvisor | role=Cartographer | Last login 20 years, 7 months, and 22 days ago from *.net."
whois_ryalnos_1781605680,,Ryalnos,ryalnos,Maia,,data/evidence/whois/text/ryalnos.txt,data/evidence/whois/html/ryalnos.html,yes,no,no,medium,"query_name=Ryalnos | display_name=Ryalnos Congrats Aloonion, Complaint Dept. Head | epithet_or_title=Congrats Aloonion, Complaint Dept. Head | role=Wright"
whois_ryubi_1781605685,,Ryubi,ryubi,waiting for a test zone is a Maia,,data/evidence/whois/text/ryubi.txt,data/evidence/whois/html/ryubi.html,yes,no,no,medium,"query_name=Ryubi | display_name=Ryubi | Last login 15 years, 11 months, and 3 days ago from *.net."
whois_rómendacil_1781605692,,Rómendacil,romendacil,Maia,,data/evidence/whois/text/romendacil.txt,data/evidence/whois/html/romendacil.html,yes,no,no,medium,query_name=Rómendacil | display_name=Rómendacil | role=Wright
whois_röhic_1781605700,char_röhic,Röhic,rohic-2,Maia,,data/evidence/whois/text/rohic-2.txt,data/evidence/whois/html/rohic-2.html,yes,no,no,medium,"query_name=Röhic | display_name=Röhic | Last login 7 years, 5 months, and 13 days ago from *.eu."
whois_sabadon_1781605705,char_sabadon,Sabadon,sabadon-2,Maia,,data/evidence/whois/text/sabadon-2.txt,data/evidence/whois/html/sabadon-2.html,yes,no,no,medium,query_name=Sabadon | display_name=Sabadon the Bimbo | epithet_or_title=the Bimbo | role=Wright
whois_sabat_1781605712,,Sabat,sabat,Maia,,data/evidence/whois/text/sabat.txt,data/evidence/whois/html/sabat.html,yes,no,no,medium,"query_name=Sabat | display_name=Sabat (';') | epithet_or_title=(';') | Last login 3 years, 6 months, and 10 days ago from *.fi."
whois_sabbath_1781605717,,Sabbath,sabbath,Maia,,data/evidence/whois/text/sabbath.txt,data/evidence/whois/html/sabbath.html,yes,no,no,medium,"query_name=Sabbath | display_name=Sabbath the Dark Illusion | epithet_or_title=the Dark Illusion | Last login 17 years, 3 months, and 5 days ago from *.ee."
whois_sadet_1781605723,,Sadet,sadet,Maia,Retired,data/evidence/whois/text/sadet.txt,data/evidence/whois/html/sadet.html,yes,no,no,medium,query_name=Sadet | display_name=Sadet @xenia.media.mit.edu | epithet_or_title=@xenia.media.mit.edu | role=Wright
whois_saeth_1781605729,char_saeth,Saeth,saeth-2,Maia,,data/evidence/whois/text/saeth-2.txt,data/evidence/whois/html/saeth-2.html,yes,no,no,medium,query_name=Saeth | display_name=Saeth | role=Cartographer | Last login 11 months and 15 days ago.
whois_sally_1781605734,,Sally,sally,Maia,,data/evidence/whois/text/sally.txt,data/evidence/whois/html/sally.html,yes,no,no,medium,query_name=Sally | display_name=Sally | Last login 17 years and 3 days ago from *.ee.
whois_salmar_1781605740,char_salmar,Salmar,salmar-2,Maia,Retired,data/evidence/whois/text/salmar-2.txt,data/evidence/whois/html/salmar-2.html,yes,no,no,medium,"query_name=Salmar | display_name=Salmar Ulumúri | epithet_or_title=Ulumúri | Last login 10 years, 5 months, and 5 days ago from *.ee."
whois_samwe_1781605746,,Samwe,samwe,Maia,,data/evidence/whois/text/samwe.txt,data/evidence/whois/html/samwe.html,yes,no,no,medium,"query_name=Samwe | display_name=Samwe the brand, spanking, newbie.... | epithet_or_title=the brand, spanking, newbie.... | Last login 6 years and 20 days ago from *.net."
whois_sarin_1781605751,,Sarin,sarin,Maia,Retired,data/evidence/whois/text/sarin.txt,data/evidence/whois/html/sarin.html,yes,no,no,medium,query_name=Sarin | display_name=Sarin Scumbag | epithet_or_title=Scumbag | Last login 9 years and 2 days ago from *.eu.
whois_sarinda_1781605757,,Sarinda,sarinda,Maia,,data/evidence/whois/text/sarinda.txt,data/evidence/whois/html/sarinda.html,yes,no,no,medium,query_name=Sarinda | display_name=Sarinda the Mistell-Mistress & Idle-Queen | epithet_or_title=the Mistell-Mistress & Idle-Queen | role=Wright
whois_sarmarnuna_1781605762,,Sarmarnuna,sarmarnuna,Maia,,data/evidence/whois/text/sarmarnuna.txt,data/evidence/whois/html/sarmarnuna.html,yes,no,no,medium,"query_name=Sarmarnuna | display_name=Sarmarnuna | Last login 1 year, 3 months, and 7 days ago from *.com."
whois_savior_1781605768,,Savior,savior,Maia,Retired,data/evidence/whois/text/savior.txt,data/evidence/whois/html/savior.html,yes,no,no,medium,"query_name=Savior | display_name=Savior Ponders Perpetually | epithet_or_title=Ponders Perpetually | role=Cartographer | Last login 22 years, 5 months, and 23 days ago."
whois_savonn_1781605773,,Savonn,savonn,always idle is a Maia,,data/evidence/whois/text/savonn.txt,data/evidence/whois/html/savonn.html,yes,no,no,medium,"query_name=Savonn | display_name=Savonn | Last login 13 years, 6 months, and 7 days ago from *.com."
whois_scar_1781605779,,Scar,scar,Vala,Retired,data/evidence/whois/text/scar.txt,data/evidence/whois/html/scar.html,yes,no,no,medium,query_name=Scar | display_name=Scar van der Bork | epithet_or_title=van der Bork | role=Mudller
whois_schard_1781605784,,Schard,schard,Maia,,data/evidence/whois/text/schard.txt,data/evidence/whois/html/schard.html,yes,no,no,medium,"query_name=Schard | display_name=Schard | Last login 12 years, 5 months, and 3 days ago from [numerical address]."
whois_science_1781605790,,Science,science,Maia,Retired,data/evidence/whois/text/science.txt,data/evidence/whois/html/science.html,yes,no,no,medium,query_name=Science | display_name=Science wanders arda like a ghost | epithet_or_title=wanders arda like a ghost | role=Builder
whois_scio_1781605795,,Scio,scio,Maia,,data/evidence/whois/text/scio.txt,data/evidence/whois/html/scio.html,yes,no,no,medium,"query_name=Scio | display_name=Scio the Minimally Successful | epithet_or_title=the Minimally Successful | role=Cartographer | Last login 4 years, 6 months, and 23 days ago from *.net."
whois_scott_1781605801,,Scott,scott,Maia,Retired,data/evidence/whois/text/scott.txt,data/evidence/whois/html/scott.html,yes,no,no,medium,"query_name=Scott | display_name=Scott Powers -- Owner of shire.ncsa.uiuc.edu | epithet_or_title=Powers -- Owner of shire.ncsa.uiuc.edu | Last login 22 years, 11 months, and 15 days ago from *.net."
whois_scyld_1781605806,,Scyld,scyld,Maia,Retired,data/evidence/whois/text/scyld.txt,data/evidence/whois/html/scyld.html,yes,no,no,medium,"query_name=Scyld | display_name=Scyld a ete | epithet_or_title=a ete | Last login 18 years, 8 months, and 16 days ago from *.ee."
whois_securitate_1781605812,,Securitate,securitate,Maia,Retired,data/evidence/whois/text/securitate.txt,data/evidence/whois/html/securitate.html,yes,no,no,medium,query_name=Securitate | display_name=Securitate loves you | epithet_or_title=loves you | role=Wright
whois_sephrenio_1781605818,,Sephrenio,sephrenio,Maia,,data/evidence/whois/text/sephrenio.txt,data/evidence/whois/html/sephrenio.html,yes,no,no,medium,"query_name=Sephrenio | display_name=Sephrenio | Last login 21 years, 4 months, and 16 days ago from *.se."
whois_seregon_1781605824,,Seregon,seregon,Maia,Retired,data/evidence/whois/text/seregon.txt,data/evidence/whois/html/seregon.html,yes,no,no,medium,"query_name=Seregon | display_name=Seregon ThorÞs bodyguard | epithet_or_title=ThorÞs bodyguard | Last login 22 years, 2 months, and 8 days ago from *.net."
whois_serodi_1781605829,,Serodi,serodi,Maia,,data/evidence/whois/text/serodi.txt,data/evidence/whois/html/serodi.html,yes,no,no,medium,"query_name=Serodi | display_name=Serodi Soulsucker, Antithesis to Religion | epithet_or_title=Soulsucker, Antithesis to Religion | Last login 6 years, 1 month, and 13 days ago from *.nu."
whois_shaalak_1781605835,,Shaalak,shaalak,Maia,,data/evidence/whois/text/shaalak.txt,data/evidence/whois/html/shaalak.html,yes,no,no,medium,query_name=Shaalak | display_name=Shaalak Shalalalalak | epithet_or_title=Shalalalalak | role=Cartographer | Last login 11 years and 2 months ago from [numerical address].
whois_shaedric_1781605842,,Shaedric,shaedric,Maia,Retired,data/evidence/whois/text/shaedric.txt,data/evidence/whois/html/shaedric.html,yes,no,no,medium,query_name=Shaedric | display_name=Shaedric the Ainu | epithet_or_title=the Ainu | role=Builder
whois_shai_1781605848,,Shai,shai,Maia,Retired,data/evidence/whois/text/shai.txt,data/evidence/whois/html/shai.html,yes,no,no,medium,"query_name=Shai | display_name=Shai Hulud | epithet_or_title=Hulud | Last login 21 years, 5 months, and 15 days ago from *.net."
whois_shalott_1781605854,,Shalott,shalott,Maia,Retired,data/evidence/whois/text/shalott.txt,data/evidence/whois/html/shalott.html,yes,no,no,medium,"query_name=Shalott | display_name=Shalott the Lady of the Allium | epithet_or_title=the Lady of the Allium | role=Cartographer | Last login 15 years, 10 months, and 14 days ago from *.com."
whois_shiara_1781605859,,Shiara,shiara,Maia,,data/evidence/whois/text/shiara.txt,data/evidence/whois/html/shiara.html,yes,no,no,medium,"query_name=Shiara | display_name=Shiara | Last login 1 year, 3 months, and 19 days ago from [numerical address]."
whois_shilior_1781605866,,Shilior,shilior,Maia,,data/evidence/whois/text/shilior.txt,data/evidence/whois/html/shilior.html,yes,no,no,medium,"query_name=Shilior | display_name=Shilior | Last login 21 years, 6 months, and 10 days ago from *.gr."
whois_shorn_1781605871,,Shorn,shorn,Maia,Retired,data/evidence/whois/text/shorn.txt,data/evidence/whois/html/shorn.html,yes,no,no,medium,query_name=Shorn | display_name=Shorn the #63465 in Mume | epithet_or_title=the #63465 in Mume | role=Builder
whois_shrouded_1781605877,,Shrouded,shrouded,Maia,,data/evidence/whois/text/shrouded.txt,data/evidence/whois/html/shrouded.html,yes,no,no,medium,"query_name=Shrouded | display_name=Shrouded | Last login 3 years, 6 months, and 2 days ago from *.ee."
whois_shura_1781605883,,Shura,shura,Maia,Retired,data/evidence/whois/text/shura.txt,data/evidence/whois/html/shura.html,yes,no,no,medium,"query_name=Shura | display_name=Shura ... | epithet_or_title=... | Last login 22 years, 2 months, and 29 days ago from *.com."
whois_siamir_1781605888,,Siamir,siamir,Maia,,data/evidence/whois/text/siamir.txt,data/evidence/whois/html/siamir.html,yes,no,no,medium,"query_name=Siamir | display_name=Siamir | Last login 3 years, 7 months, and 11 days ago from [numerical address]."
whois_silenoz_1781605894,char_silenoz,Silenoz,silenoz-2,Maia,,data/evidence/whois/text/silenoz-2.txt,data/evidence/whois/html/silenoz-2.html,yes,no,no,medium,"query_name=Silenoz | display_name=Silenoz | Last login 5 years, 6 months, and 28 days ago from [numerical address]."
whois_silmaesul_1781605899,,Silmaesul,silmaesul,looking for someone is a Maia,Retired,data/evidence/whois/text/silmaesul.txt,data/evidence/whois/html/silmaesul.html,yes,no,no,medium,"query_name=Silmaesul | display_name=Silmaesul | Last login 16 years, 8 months, and 14 days ago from *.fr."
whois_silosseth_1781605905,,Silosseth,silosseth,Maia,Retired,data/evidence/whois/text/silosseth.txt,data/evidence/whois/html/silosseth.html,yes,no,no,medium,"query_name=Silosseth | display_name=Silosseth the Balrog in (Bad) Disguise | epithet_or_title=the Balrog in (Bad) Disguise | role=Cartographer | Last login 16 years, 11 months, and 30 days ago from *.net."
whois_silvermagi_1781605910,,Silvermagi,silvermagi,Maia,Retired,data/evidence/whois/text/silvermagi.txt,data/evidence/whois/html/silvermagi.html,yes,no,no,medium,"query_name=Silvermagi | display_name=Silvermagi the White | epithet_or_title=the White | Last login 21 years, 10 months, and 26 days ago from [numerical address]."
whois_silvershadow_1781605916,,Silvershadow,silvershadow,Maia,Retired,data/evidence/whois/text/silvershadow.txt,data/evidence/whois/html/silvershadow.html,yes,no,no,medium,"query_name=Silvershadow | display_name=Silvershadow =[====> | epithet_or_title==[====> | Last login 28 years, 1 month, and 30 days ago from *.se."
whois_silvos_1781605921,,Silvos,silvos,Maia,,data/evidence/whois/text/silvos.txt,data/evidence/whois/html/silvos.html,yes,no,no,medium,query_name=Silvos | display_name=Silvos | role=Wright
whois_sim_1781605927,,Sim,sim,floating in the middle of nowhere is a Maia,Retired,data/evidence/whois/text/sim.txt,data/evidence/whois/html/sim.html,yes,no,no,medium,"query_name=Sim | display_name=Sim | Last login 31 years, 6 months, and 17 days ago from *.se."
whois_singleton_1781605933,,Singleton,singleton,Maia,Retired,data/evidence/whois/text/singleton.txt,data/evidence/whois/html/singleton.html,yes,no,no,medium,"query_name=Singleton | display_name=Singleton the Tiny God | epithet_or_title=the Tiny God | Last login 6 years, 5 months, and 23 days ago from *.eu."
whois_sinprejic_1781605939,,Sinprejic,sinprejic,Maia,Retired,data/evidence/whois/text/sinprejic.txt,data/evidence/whois/html/sinprejic.html,yes,no,no,medium,query_name=Sinprejic | display_name=Sinprejic the Foolish Old Wizard | epithet_or_title=the Foolish Old Wizard | role=Builder
whois_siw_1781605945,,Siw,siw,Maia,,data/evidence/whois/text/siw.txt,data/evidence/whois/html/siw.html,yes,no,no,medium,query_name=Siw | display_name=Siw the Golden-haired | epithet_or_title=the Golden-haired | Last login 3 months and 16 days ago from *.no.
whois_skyhawk_1781605955,,Skyhawk,skyhawk,Maia,Retired,data/evidence/whois/text/skyhawk.txt,data/evidence/whois/html/skyhawk.html,yes,no,no,medium,"query_name=Skyhawk | display_name=Skyhawk | role=Cartographer | Last login 15 years, 6 months, and 1 day ago from *.net."
whois_slash_1781605964,,Slash,slash,here is a Maia,Retired,data/evidence/whois/text/slash.txt,data/evidence/whois/html/slash.html,yes,no,no,medium,query_name=Slash | display_name=Slash | Last login 26 years and 21 days ago.
whois_sledgehammer_1781605970,,SledgeHammer,sledgehammer,Maia,Retired,data/evidence/whois/text/sledgehammer.txt,data/evidence/whois/html/sledgehammer.html,yes,no,no,medium,"query_name=SledgeHammer | display_name=SledgeHammer, ur-Lord and White Gold Wielder | epithet_or_title=, ur-Lord and White Gold Wielder | Last login 1 year, 4 months, and 27 days ago from *.no."
whois_smalls_1781605976,,Smalls,smalls,Maia,Retired,data/evidence/whois/text/smalls.txt,data/evidence/whois/html/smalls.html,yes,no,no,medium,"query_name=Smalls | display_name=Smalls Dragonstaff | epithet_or_title=Dragonstaff | role=Cartographer | Last login 26 years, 2 months, and 14 days ago."
whois_smiling_1781605982,,Smiling,smiling,Maia,,data/evidence/whois/text/smiling.txt,data/evidence/whois/html/smiling.html,yes,no,no,medium,"query_name=Smiling | display_name=Smiling email me at foslchan@sinaman.com | epithet_or_title=email me at foslchan@sinaman.com | Last login 22 years, 3 months, and 17 days ago."
whois_smokey_1781605989,,Smokey,smokey,Maia,,data/evidence/whois/text/smokey.txt,data/evidence/whois/html/smokey.html,yes,no,no,medium,query_name=Smokey | display_name=Smokey an Artful Dodger | epithet_or_title=an Artful Dodger | Last login 6 months and 26 days ago from [numerical address].
whois_sneaky_1781605995,,Sneaky,sneaky,creaky and old now is a Maia,,data/evidence/whois/text/sneaky.txt,data/evidence/whois/html/sneaky.html,yes,no,no,medium,"query_name=Sneaky | display_name=Sneaky | Last login 3 years, 5 months, and 13 days ago from *.net."
whois_snom_1781606002,,Snom,snom,Maia,Retired,data/evidence/whois/text/snom.txt,data/evidence/whois/html/snom.html,yes,no,no,medium,"query_name=Snom | display_name=Snom the small | epithet_or_title=the small | Last login 22 years, 3 months, and 13 days ago from [numerical address]."
whois_snow_1781606008,,Snow,snow,Maia,Retired,data/evidence/whois/text/snow.txt,data/evidence/whois/html/snow.html,yes,no,no,medium,query_name=Snow | display_name=Snow foo | epithet_or_title=foo | role=Wright
whois_snowdrop_1781606014,,Snowdrop,snowdrop,Maia,,data/evidence/whois/text/snowdrop.txt,data/evidence/whois/html/snowdrop.html,yes,no,no,medium,"query_name=Snowdrop | display_name=Snowdrop the Bear | epithet_or_title=the Bear | role=Cartographer | Last login 3 years, 6 months, and 9 days ago."
whois_soba_1781606021,,Soba,soba,Maia,Retired,data/evidence/whois/text/soba.txt,data/evidence/whois/html/soba.html,yes,no,no,medium,query_name=Soba | display_name=Soba - rêveur à la fin du monde | epithet_or_title=- rêveur à la fin du monde | role=Shaper
whois_someone_1781606031,,Someone,someone,Maia,Retired,data/evidence/whois/text/someone.txt,data/evidence/whois/html/someone.html,yes,no,no,medium,"query_name=Someone | display_name=Someone the Off-White | epithet_or_title=the Off-White | Last login 26 years, 4 months, and 5 days ago."
whois_spin_1781606036,,Spin,spin,Maia,,data/evidence/whois/text/spin.txt,data/evidence/whois/html/spin.html,yes,no,no,medium,"query_name=Spin | display_name=Spin the Dizzy | epithet_or_title=the Dizzy | Last login 17 years, 5 months, and 15 days ago."
whois_sprocket_1781606043,,Sprocket,sprocket,Maia,Retired,data/evidence/whois/text/sprocket.txt,data/evidence/whois/html/sprocket.html,yes,no,no,medium,"query_name=Sprocket | display_name=Sprocket the Dog of Good and Evil | epithet_or_title=the Dog of Good and Evil | Last login 14 years, 2 months, and 18 days ago from *.dk."
whois_spud_1781606048,char_spud,Spud,spud-2,Maia,,data/evidence/whois/text/spud-2.txt,data/evidence/whois/html/spud-2.html,yes,no,no,medium,query_name=Spud | display_name=Spud | Last login 16 hours ago.
whois_squiffy_1781606054,char_squiffy,Squiffy,squiffy-2,Maia,,data/evidence/whois/text/squiffy-2.txt,data/evidence/whois/html/squiffy-2.html,yes,no,no,medium,query_name=Squiffy | display_name=Squiffy The Wonky God | epithet_or_title=The Wonky God | role=Cartographer
whois_squizz_1781606060,,Squizz,squizz,Vala,Retired,data/evidence/whois/text/squizz.txt,data/evidence/whois/html/squizz.html,yes,no,no,medium,query_name=Squizz | display_name=Squizz featuring special effects | epithet_or_title=featuring special effects | role=Mudller
whois_stadi_1781606067,,Stadi,stadi,Maia,,data/evidence/whois/text/stadi.txt,data/evidence/whois/html/stadi.html,yes,no,no,medium,"query_name=Stadi | display_name=Stadi the Marauder of Moi | epithet_or_title=the Marauder of Moi | Last login 14 years, 11 months, and 23 days ago from *.fi."
whois_staer_1781606073,,Staer,staer,"Vala, one of the Aratar",Retired,data/evidence/whois/text/staer.txt,data/evidence/whois/html/staer.html,yes,no,no,medium,query_name=Staer | display_name=Staer x | epithet_or_title=x
whois_steele_1781606079,char_steele,Steele,steele-2,Maia,,data/evidence/whois/text/steele-2.txt,data/evidence/whois/html/steele-2.html,yes,no,no,medium,"query_name=Steele | display_name=Steele - Guardian of the White Tower | epithet_or_title=- Guardian of the White Tower | Last login 13 years, 2 months, and 17 days ago."
whois_stigur_1781606084,,Stigur,stigur,Maia,,data/evidence/whois/text/stigur.txt,data/evidence/whois/html/stigur.html,yes,no,no,medium,"query_name=Stigur | display_name=Stigur Jägermeister | epithet_or_title=Jägermeister | Last login 10 years, 2 months, and 13 days ago from *.net."
whois_stiletto_1781606090,,Stiletto,stiletto,going skiing is a Maia,Retired,data/evidence/whois/text/stiletto.txt,data/evidence/whois/html/stiletto.html,yes,no,no,medium,"query_name=Stiletto | display_name=Stiletto | Last login 5 years, 4 months, and 9 days ago."
whois_stimpy_1781606095,,Stimpy,stimpy,Maia,Retired,data/evidence/whois/text/stimpy.txt,data/evidence/whois/html/stimpy.html,yes,no,no,medium,"query_name=Stimpy | display_name=Stimpy the 2nd Mage, password scrambled (Gone) | epithet_or_title=the 2nd Mage, password scrambled (Gone) | role=Wright"
whois_stranger_1781606101,,Stranger,stranger,Maia,Retired,data/evidence/whois/text/stranger.txt,data/evidence/whois/html/stranger.html,yes,no,no,medium,query_name=Stranger | display_name=Stranger the first mage | epithet_or_title=the first mage | Last login 26 years and 5 days ago from *.com.
whois_stryker_1781606106,,Stryker,stryker,Maia,Retired,data/evidence/whois/text/stryker.txt,data/evidence/whois/html/stryker.html,yes,no,no,medium,"query_name=Stryker | display_name=Stryker ambassador of PM. | epithet_or_title=ambassador of PM. | Last login 30 years, 5 months, and 9 days ago from [numerical address]."
whois_stukk_1781606112,,Stukk,stukk,Maia,,data/evidence/whois/text/stukk.txt,data/evidence/whois/html/stukk.html,yes,no,no,medium,"query_name=Stukk | display_name=Stukk Straight Gutta One MC, Two MC | epithet_or_title=Straight Gutta One MC, Two MC | role=Cartographer | Last login 22 days and 2 hours ago."
whois_sum_1781606117,,Sum,sum,Maia,Retired,data/evidence/whois/text/sum.txt,data/evidence/whois/html/sum.html,yes,no,no,medium,"query_name=Sum | display_name=Sum Plum | epithet_or_title=Plum | role=Cartographer | Last login 4 years, 11 months, and 8 days ago from *.com."
whois_sung_1781606123,,Sung,sung,"Vala, one of the Aratar",Retired,data/evidence/whois/text/sung.txt,data/evidence/whois/html/sung.html,yes,no,no,medium,query_name=Sung | display_name=Sung the Gardener of Lorellin | epithet_or_title=the Gardener of Lorellin
whois_svex_1781606128,,Svex,svex,Maia,Retired,data/evidence/whois/text/svex.txt,data/evidence/whois/html/svex.html,yes,no,no,medium,"query_name=Svex | display_name=Svex you too! | epithet_or_title=you too! | role=Cartographer | Last login 27 years, 2 months, and 6 days ago from *.ee."
whois_swix_1781606134,,Swix,swix,Vala,Retired,data/evidence/whois/text/swix.txt,data/evidence/whois/html/swix.html,yes,no,no,medium,query_name=Swix | display_name=Swix the Eternal ... | epithet_or_title=the Eternal ... | role=Mudller
whois_swork_1781606139,char_swork,Swork,swork-2,Maia,Retired,data/evidence/whois/text/swork-2.txt,data/evidence/whois/html/swork-2.html,yes,no,no,medium,"query_name=Swork | display_name=Swork . | epithet_or_title=. | role=Cartographer | Last login 3 years, 8 months, and 22 days ago from *.net."
whois_tabris_1781606145,,Tabris,tabris,Maia,,data/evidence/whois/text/tabris.txt,data/evidence/whois/html/tabris.html,yes,no,no,medium,"query_name=Tabris | display_name=Tabris of the Seashore | epithet_or_title=of the Seashore | role=Cartographer | Last login 6 years, 8 months, and 9 days ago from *.net."
whois_tadej_1781606151,,Tadej,tadej,Maia,,data/evidence/whois/text/tadej.txt,data/evidence/whois/html/tadej.html,yes,no,no,medium,query_name=Tadej | display_name=Tadej | Last login 11 years and 4 months ago from *.eu.
whois_talen_1781606158,,Talen,talen,Maia,Retired,data/evidence/whois/text/talen.txt,data/evidence/whois/html/talen.html,yes,no,no,medium,"query_name=Talen | display_name=Talen the quitter | epithet_or_title=the quitter | Last login 28 years, 10 months, and 22 days ago from *.us."
whois_talia_1781606165,,Talia,talia,Maia,Retired,data/evidence/whois/text/talia.txt,data/evidence/whois/html/talia.html,yes,no,no,medium,query_name=Talia | display_name=Talia the Queen's Own | epithet_or_title=the Queen's Own | role=Wright
whois_tamar_1781606172,,Tamar,tamar,despret need of a pracreset is a Maia,,data/evidence/whois/text/tamar.txt,data/evidence/whois/html/tamar.html,yes,no,no,medium,"query_name=Tamar | display_name=Tamar | role=Cartographer | Last login 5 years, 3 months, and 20 days ago from *.se."
whois_tamerlane_1781606178,,Tamerlane,tamerlane,Evil is a Maia,Retired,data/evidence/whois/text/tamerlane.txt,data/evidence/whois/html/tamerlane.html,yes,no,no,medium,"query_name=Tamerlane | display_name=Tamerlane | Last login 30 years, 6 months, and 18 days ago from *.edu."
whois_tanith_1781606185,,Tanith,tanith,Maia,Retired,data/evidence/whois/text/tanith.txt,data/evidence/whois/html/tanith.html,yes,no,no,medium,"query_name=Tanith | display_name=Tanith is... Happy! | epithet_or_title=is... Happy! | Last login 24 years, 5 months, and 7 days ago from *.com."
whois_tarnas_1781606192,,Tarnas,tarnas,Maia,Retired,data/evidence/whois/text/tarnas.txt,data/evidence/whois/html/tarnas.html,yes,no,no,medium,query_name=Tarnas | display_name=Tarnas the Drunken Tavernkeep | epithet_or_title=the Drunken Tavernkeep | role=Cartographer | Last login 14 years and 9 months ago.
whois_tavares_1781606198,,Tavares,tavares,Maia,,data/evidence/whois/text/tavares.txt,data/evidence/whois/html/tavares.html,yes,no,no,medium,"query_name=Tavares | display_name=Tavares the funk in your crunk, hip hop skunk | epithet_or_title=the funk in your crunk, hip hop skunk | role=Cartographer | Last login 7 months and 20 days ago from *.ca."
whois_tchans_1781606204,,Tchans,tchans,Maia,Retired,data/evidence/whois/text/tchans.txt,data/evidence/whois/html/tchans.html,yes,no,no,medium,"query_name=Tchans | display_name=Tchans the Maia [Cartographer] | epithet_or_title=the Maia [Cartographer] | Last login 30 years, 9 months, and 29 days ago."
whois_telcontar_1781606209,,Telcontar,telcontar,Maia,,data/evidence/whois/text/telcontar.txt,data/evidence/whois/html/telcontar.html,yes,no,no,medium,query_name=Telcontar | display_name=Telcontar Elessar | epithet_or_title=Elessar | Last login 5 months and 7 days ago from *.sg.
whois_tellah_1781606215,,Tellah,tellah,Maia,,data/evidence/whois/text/tellah.txt,data/evidence/whois/html/tellah.html,yes,no,no,medium,"query_name=Tellah | display_name=Tellah | Last login 12 years, 9 months, and 10 days ago."
whois_temdor_1781606220,,Temdor,temdor,Maia,,data/evidence/whois/text/temdor.txt,data/evidence/whois/html/temdor.html,yes,no,no,medium,"query_name=Temdor | display_name=Temdor the Stranger | epithet_or_title=the Stranger | Last login 1 year, 9 months, and 1 day ago from *.ee."
whois_tempuntekijä_1781606226,,Tempuntekijä,tempuntekija,Maia,,data/evidence/whois/text/tempuntekija.txt,data/evidence/whois/html/tempuntekija.html,yes,no,no,medium,"query_name=Tempuntekijä | display_name=Tempuntekijä | role=Cartographer | Last login 4 years, 4 months, and 29 days ago."
whois_terdamon_1781606232,,Terdamon,terdamon,Maia,Retired,data/evidence/whois/text/terdamon.txt,data/evidence/whois/html/terdamon.html,yes,no,no,medium,query_name=Terdamon | display_name=Terdamon the mole of the Dungeon Digging Team | epithet_or_title=the mole of the Dungeon Digging Team | role=Builder
whois_teriláen_1781606237,,Teriláen,terilaen,Maia,Retired,data/evidence/whois/text/terilaen.txt,data/evidence/whois/html/terilaen.html,yes,no,no,medium,query_name=Teriláen | display_name=Teriláen Son of the Northern Darkness | epithet_or_title=Son of the Northern Darkness | role=Wright
whois_terminator_1781606243,,Terminator,terminator,Maia,Retired,data/evidence/whois/text/terminator.txt,data/evidence/whois/html/terminator.html,yes,no,no,medium,"query_name=Terminator | display_name=Terminator finally got his Precious | epithet_or_title=finally got his Precious | Last login 21 years, 2 months, and 8 days ago from [numerical address]."
whois_terwin_1781606248,,Terwin,terwin,Maia,Retired,data/evidence/whois/text/terwin.txt,data/evidence/whois/html/terwin.html,yes,no,no,medium,query_name=Terwin | display_name=Terwin the Salmon Lord | epithet_or_title=the Salmon Lord | role=Wright
whois_tessier_1781606254,,Tessier,tessier,back is a Maia,Retired,data/evidence/whois/text/tessier.txt,data/evidence/whois/html/tessier.html,yes,no,no,medium,"query_name=Tessier | display_name=Tessier | Last login 27 years, 10 months, and 23 days ago from *.edu."
whois_teya_1781606259,,Teya,teya,Maia,,data/evidence/whois/text/teya.txt,data/evidence/whois/html/teya.html,yes,no,no,medium,query_name=Teya | display_name=Teya Barker | epithet_or_title=Barker
whois_thanatos_1781606265,,Thanatos,thanatos,Maia,Retired,data/evidence/whois/text/thanatos.txt,data/evidence/whois/html/thanatos.html,yes,no,no,medium,query_name=Thanatos | display_name=Thanatos the dead One | epithet_or_title=the dead One | role=Wright
whois_themys_1781606271,,Themys,themys,Maia,Retired,data/evidence/whois/text/themys.txt,data/evidence/whois/html/themys.html,yes,no,no,medium,"query_name=Themys | display_name=Themys Bye forever Mume. | epithet_or_title=Bye forever Mume. | Last login 20 years, 10 months, and 2 days ago."
whois_thoirin_1781606277,char_thoirin,Thoirin,thoirin-2,Maia,,data/evidence/whois/text/thoirin-2.txt,data/evidence/whois/html/thoirin-2.html,yes,no,no,medium,"query_name=Thoirin | display_name=Thoirin Maltol | epithet_or_title=Maltol | role=Cartographer | Last login 2 years, 7 months, and 28 days ago from *.com."
whois_thor_1781606283,,Thor,thor,Vala,Retired,data/evidence/whois/text/thor.txt,data/evidence/whois/html/thor.html,yes,no,no,medium,query_name=Thor | display_name=Thor Leif the Scribe Finn | epithet_or_title=Leif the Scribe Finn | role=Mudller
whois_thorin_1781606289,,Thorin,thorin,"Vala, one of the Aratar",Retired,data/evidence/whois/text/thorin.txt,data/evidence/whois/html/thorin.html,yes,no,no,medium,query_name=Thorin | display_name=Thorin Oakenshield | epithet_or_title=Oakenshield
whois_thoroner_1781606296,,Thoroner,thoroner,Maia,,data/evidence/whois/text/thoroner.txt,data/evidence/whois/html/thoroner.html,yes,no,no,medium,"query_name=Thoroner | display_name=Thoroner the friend of Thorondor | epithet_or_title=the friend of Thorondor | Last login 16 years, 1 month, and 28 days ago from *.ee."
whois_thran_1781606302,,Thran,thran,Maia,Retired,data/evidence/whois/text/thran.txt,data/evidence/whois/html/thran.html,yes,no,no,medium,query_name=Thran | display_name=Thran the Maiar [Shaper] | epithet_or_title=the Maiar [Shaper] | role=Wright
whois_thrust_1781606308,,Thrust,thrust,Maia,Retired,data/evidence/whois/text/thrust.txt,data/evidence/whois/html/thrust.html,yes,no,no,medium,"query_name=Thrust | display_name=Thrust . | epithet_or_title=. | Last login 20 years, 5 months, and 1 day ago."
whois_thuran_1781606314,,Thuran,thuran,Maia,,data/evidence/whois/text/thuran.txt,data/evidence/whois/html/thuran.html,yes,no,no,medium,"query_name=Thuran | display_name=Thuran was here | epithet_or_title=was here | Last login 20 years, 10 months, and 20 days ago from *.at."
whois_thuzzle_1781606319,,Thuzzle,thuzzle,Vala,Retired,data/evidence/whois/text/thuzzle.txt,data/evidence/whois/html/thuzzle.html,yes,no,no,medium,query_name=Thuzzle | display_name=Thuzzle the Animator | epithet_or_title=the Animator | role=Mudller
whois_théomil_1781606325,,Théomil,theomil,Maia,Retired,data/evidence/whois/text/theomil.txt,data/evidence/whois/html/theomil.html,yes,no,no,medium,"query_name=Théomil | display_name=Théomil the confused | epithet_or_title=the confused | Last login 27 years, 2 months, and 28 days ago from *.dk."
whois_tilwe_1781606330,,Tilwe,tilwe,Maia,,data/evidence/whois/text/tilwe.txt,data/evidence/whois/html/tilwe.html,yes,no,no,medium,"query_name=Tilwe | display_name=Tilwe has dropped by recently. | epithet_or_title=has dropped by recently. | role=Cartographer | Last login 9 years, 5 months, and 8 days ago."
whois_timbulimbu_1781606336,,Timbulimbu,timbulimbu,Maia,,data/evidence/whois/text/timbulimbu.txt,data/evidence/whois/html/timbulimbu.html,yes,no,no,medium,"query_name=Timbulimbu | display_name=Timbulimbu | Last login 2 years, 8 months, and 4 days ago."
whois_timodeus_1781606341,,Timodeus,timodeus,"Vala, one of the Aratar",,data/evidence/whois/text/timodeus.txt,data/evidence/whois/html/timodeus.html,yes,no,no,medium,query_name=Timodeus | display_name=Timodeus the friendly Hobbit-Dragon | epithet_or_title=the friendly Hobbit-Dragon
whois_tinkerbell_1781606347,,Tinkerbell,tinkerbell,glad to see MUME is still thriving is a Valië,Retired,data/evidence/whois/text/tinkerbell.txt,data/evidence/whois/html/tinkerbell.html,yes,no,no,medium,query_name=Tinkerbell | display_name=Tinkerbell | role=Architect
whois_tinsal_1781606352,,Tinsal,tinsal,Maia,Retired,data/evidence/whois/text/tinsal.txt,data/evidence/whois/html/tinsal.html,yes,no,no,medium,query_name=Tinsal | display_name=Tinsal will go to bed now | epithet_or_title=will go to bed now | role=Cartographer
whois_tippy_1781606358,,Tippy,tippy,Maia,Retired,data/evidence/whois/text/tippy.txt,data/evidence/whois/html/tippy.html,yes,no,no,medium,query_name=Tippy | display_name=Tippy the Giver of Newbie Kits | epithet_or_title=the Giver of Newbie Kits | Last login 20 years and 10 months ago from [numerical address].
whois_tirmenel_1781606364,,Tirmenel,tirmenel,Maia,Retired,data/evidence/whois/text/tirmenel.txt,data/evidence/whois/html/tirmenel.html,yes,no,no,medium,"query_name=Tirmenel | display_name=Tirmenel the Idler | epithet_or_title=the Idler | role=Cartographer | Last login 16 years, 6 months, and 8 days ago from *.net."
whois_titus_1781606369,,Titus,titus,Maia,,data/evidence/whois/text/titus.txt,data/evidence/whois/html/titus.html,yes,no,no,medium,"query_name=Titus | display_name=Titus ""Tuttis"" Groan | epithet_or_title=""Tuttis"" Groan | Last login 17 years, 8 months, and 20 days ago from *.se."
whois_tlb_1781606375,,TLB,tlb,Maia,Retired,data/evidence/whois/text/tlb.txt,data/evidence/whois/html/tlb.html,yes,no,no,medium,"query_name=TLB | display_name=TLB the Immortal Senile Old Git | epithet_or_title=the Immortal Senile Old Git | Last login 30 years, 4 months, and 16 days ago from *.edu."
whois_toby_1781606380,,Toby,toby,Maia,,data/evidence/whois/text/toby.txt,data/evidence/whois/html/toby.html,yes,no,no,medium,"query_name=Toby | display_name=Toby Hornblower, of the Southfarthing | epithet_or_title=Hornblower, of the Southfarthing | role=Cartographer | Last login 1 month and 9 days ago from *.net."
whois_torak_1781606386,,Torak,torak,Maia,Retired,data/evidence/whois/text/torak.txt,data/evidence/whois/html/torak.html,yes,no,no,medium,"query_name=Torak | display_name=Torak the One-Eyed Death Knight | epithet_or_title=the One-Eyed Death Knight | Last login 7 years, 7 months, and 22 days ago."
whois_tram_1781606391,char_tram,Tram,tram-2,Maia,Retired,data/evidence/whois/text/tram-2.txt,data/evidence/whois/html/tram-2.html,yes,no,no,medium,"query_name=Tram | display_name=Tram the Forsaken | epithet_or_title=the Forsaken | role=Cartographer | Last login 8 years, 7 months, and 20 days ago from *.eu."
whois_transergod_1781606398,,TranserGod,transergod,Maia,Retired,data/evidence/whois/text/transergod.txt,data/evidence/whois/html/transergod.html,yes,no,no,medium,query_name=TranserGod | display_name=TranserGod the wonderous | epithet_or_title=the wonderous | role=Wright
whois_trent_1781606404,,Trent,trent,Maia,Retired,data/evidence/whois/text/trent.txt,data/evidence/whois/html/trent.html,yes,no,no,medium,query_name=Trent | display_name=Trent | role=Shaper
whois_trexus_1781606409,,Trexus,trexus,Maia,Retired,data/evidence/whois/text/trexus.txt,data/evidence/whois/html/trexus.html,yes,no,no,medium,query_name=Trexus | display_name=Trexus The Great Dipper Of The Skies. | epithet_or_title=The Great Dipper Of The Skies. | role=Wright
whois_tsort_1781606415,,Tsort,tsort,Maia,Retired,data/evidence/whois/text/tsort.txt,data/evidence/whois/html/tsort.html,yes,no,no,medium,"query_name=Tsort | display_name=Tsort | Last login 9 years, 5 months, and 28 days ago from *.be."
whois_tulkas_1781606420,,Tulkas,tulkas,"Vala, one of the Aratar",Retired,data/evidence/whois/text/tulkas.txt,data/evidence/whois/html/tulkas.html,yes,no,no,medium,query_name=Tulkas | display_name=Tulkas
whois_tuor_1781606426,char_tuor,Tuor,tuor-2,Maia,Retired,data/evidence/whois/text/tuor-2.txt,data/evidence/whois/html/tuor-2.html,yes,no,no,medium,"query_name=Tuor | display_name=Tuor of Vinyamar | epithet_or_title=of Vinyamar | role=Cartographer | Last login 11 years, 1 month, and 29 days ago from *.ru."
whois_turmere_1781606432,,Turmere,turmere,Maia,Retired,data/evidence/whois/text/turmere.txt,data/evidence/whois/html/turmere.html,yes,no,no,medium,query_name=Turmere | display_name=Turmere | role=Wright
whois_twibble_1781606438,,Twibble,twibble,Maia,Retired,data/evidence/whois/text/twibble.txt,data/evidence/whois/html/twibble.html,yes,no,no,medium,query_name=Twibble | display_name=Twibble | role=Wright
whois_tylina_1781606443,,Tylina,tylina,Maia,,data/evidence/whois/text/tylina.txt,data/evidence/whois/html/tylina.html,yes,no,no,medium,query_name=Tylina | display_name=Tylina Yellowhair | epithet_or_title=Yellowhair
whois_tyr_1781606449,,Tyr,tyr,Maia,Retired,data/evidence/whois/text/tyr.txt,data/evidence/whois/html/tyr.html,yes,no,no,medium,"query_name=Tyr | display_name=Tyr . | epithet_or_title=. | Last login 24 years, 7 months, and 8 days ago from *.au."
whois_ugly_1781606454,,Ugly,ugly,Maia,Retired,data/evidence/whois/text/ugly.txt,data/evidence/whois/html/ugly.html,yes,no,no,medium,query_name=Ugly | display_name=Ugly Duckling | epithet_or_title=Duckling | Last login 23 years and 4 days ago from *.ee.
whois_uinen_1781606460,,Uinen,uinen,Maia,Retired,data/evidence/whois/text/uinen.txt,data/evidence/whois/html/uinen.html,yes,no,no,medium,query_name=Uinen | display_name=Uinen the Lady of the Seas | epithet_or_title=the Lady of the Seas | role=Shaper
whois_ulbo_1781606465,,Ulbo,ulbo,Maia,,data/evidence/whois/text/ulbo.txt,data/evidence/whois/html/ulbo.html,yes,no,no,medium,"query_name=Ulbo | display_name=Ulbo the beautiful magic chef | epithet_or_title=the beautiful magic chef | Last login 19 years, 11 months, and 18 days ago from *.se."
whois_ulixes_1781606471,,Ulixes,ulixes,Maia,,data/evidence/whois/text/ulixes.txt,data/evidence/whois/html/ulixes.html,yes,no,no,medium,"query_name=Ulixes | display_name=Ulixes the Real Hero | epithet_or_title=the Real Hero | Last login 3 years, 9 months, and 4 days ago from *.net."
whois_ulmo_1781606484,,Ulmo,ulmo,Maia,Retired,data/evidence/whois/text/ulmo.txt,data/evidence/whois/html/ulmo.html,yes,no,no,medium,query_name=Ulmo | display_name=Ulmo the Lord of the Sea | epithet_or_title=the Lord of the Sea | role=Wright
whois_ulynn_1781606493,,Ulynn,ulynn,Maia,Retired,data/evidence/whois/text/ulynn.txt,data/evidence/whois/html/ulynn.html,yes,no,no,medium,"query_name=Ulynn | display_name=Ulynn the Archmage | epithet_or_title=the Archmage | Last login 6 years, 1 month, and 18 days ago from *.nu."
whois_urdorf_1781606500,,Urdorf,urdorf,Maia,Retired,data/evidence/whois/text/urdorf.txt,data/evidence/whois/html/urdorf.html,yes,no,no,medium,"query_name=Urdorf | display_name=Urdorf the UrHorrible | epithet_or_title=the UrHorrible | Last login 27 years, 10 months, and 21 days ago from *.ee."
whois_urso_1781606510,,Urso,urso,Maia,,data/evidence/whois/text/urso.txt,data/evidence/whois/html/urso.html,yes,no,no,medium,query_name=Urso | display_name=Urso Amazing | epithet_or_title=Amazing | Last login 11 months and 27 days ago.
whois_utu_1781606517,,Utu,utu,Maia,Retired,data/evidence/whois/text/utu.txt,data/evidence/whois/html/utu.html,yes,no,no,medium,query_name=Utu | display_name=Utu | role=Builder
whois_vagnar_1781606525,,Vagnar,vagnar,Maia,Retired,data/evidence/whois/text/vagnar.txt,data/evidence/whois/html/vagnar.html,yes,no,no,medium,"query_name=Vagnar | display_name=Vagnar the Sarcastic | epithet_or_title=the Sarcastic | role=Cartographer | Last login 16 years, 4 months, and 25 days ago from [numerical address]."
whois_vai_1781606536,,Vai,vai,Maia,,data/evidence/whois/text/vai.txt,data/evidence/whois/html/vai.html,yes,no,no,medium,"query_name=Vai | display_name=Vai the Lost | epithet_or_title=the Lost | Last login 18 years, 10 months, and 20 days ago from *.se."
whois_vairë_1781606546,,Vairë,vaire,Valië,Retired,data/evidence/whois/text/vaire.txt,data/evidence/whois/html/vaire.html,yes,no,no,medium,query_name=Vairë | display_name=Vairë the Weaver | epithet_or_title=the Weaver | role=Architect
whois_valdórë_1781606557,,Valdórë,valdore,Maia,,data/evidence/whois/text/valdore.txt,data/evidence/whois/html/valdore.html,yes,no,no,medium,"query_name=Valdórë | display_name=Valdórë | Last login 6 years, 7 months, and 5 days ago from *.eu."
whois_valur_1781606565,,Valur,valur,Vala,Retired,data/evidence/whois/text/valur.txt,data/evidence/whois/html/valur.html,yes,no,no,medium,query_name=Valur | display_name=Valur - Veteran Vm | epithet_or_title=- Veteran Vm | role=Mudller
whois_vanidor_1781606577,,Vanidor,vanidor,Vala,Retired,data/evidence/whois/text/vanidor.txt,data/evidence/whois/html/vanidor.html,yes,no,no,medium,query_name=Vanidor | display_name=Vanidor Silverbranch | epithet_or_title=Silverbranch | role=Architect
whois_varda_1781606588,,Varda,varda,Maia,Retired,data/evidence/whois/text/varda.txt,data/evidence/whois/html/varda.html,yes,no,no,medium,query_name=Varda | display_name=Varda Elentari | epithet_or_title=Elentari | role=Shaper
whois_veladan_1781606596,,Veladan,veladan,Maia,,data/evidence/whois/text/veladan.txt,data/evidence/whois/html/veladan.html,yes,no,no,medium,"query_name=Veladan | display_name=Veladan I, Captain of the Hosts | epithet_or_title=I, Captain of the Hosts | role=Shaper"
whois_velkin_1781606602,,Velkin,velkin,Maia,Retired,data/evidence/whois/text/velkin.txt,data/evidence/whois/html/velkin.html,yes,no,no,medium,"query_name=Velkin | display_name=Velkin The God of Farmers | epithet_or_title=The God of Farmers | Last login 26 years, 6 months, and 15 days ago from [numerical address]."
whois_vengeance_1781606608,,Vengeance,vengeance,Vala,Retired,data/evidence/whois/text/vengeance.txt,data/evidence/whois/html/vengeance.html,yes,no,no,medium,query_name=Vengeance | display_name=Vengeance | role=Mudller
whois_verona_1781606614,,Verona,verona,Maia,,data/evidence/whois/text/verona.txt,data/evidence/whois/html/verona.html,yes,no,no,medium,"query_name=Verona | display_name=Verona, Ricky | epithet_or_title=, Ricky | Last login 2 months and 30 days ago from *.ee."
whois_vico_1781606619,,Vico,vico,Maia,,data/evidence/whois/text/vico.txt,data/evidence/whois/html/vico.html,yes,no,no,medium,"query_name=Vico | display_name=Vico | Last login 1 year, 4 months, and 9 days ago from *.fi."
whois_vierna_1781606625,,Vierna,vierna,Maia,,data/evidence/whois/text/vierna.txt,data/evidence/whois/html/vierna.html,yes,no,no,medium,"query_name=Vierna | display_name=Vierna the Bitchy Witch | epithet_or_title=the Bitchy Witch | Last login 16 years, 4 months, and 21 days ago from *.au."
whois_vigo_1781606631,,Vigo,vigo,Maia,,data/evidence/whois/text/vigo.txt,data/evidence/whois/html/vigo.html,yes,no,no,medium,"query_name=Vigo | display_name=Vigo the Dwarven Master Mason | epithet_or_title=the Dwarven Master Mason | Last login 15 years, 7 months, and 22 days ago from *.com."
whois_viil_1781606636,,Viil,viil,Maia,,data/evidence/whois/text/viil.txt,data/evidence/whois/html/viil.html,yes,no,no,medium,query_name=Viil | display_name=Viil the Glorious | epithet_or_title=the Glorious | role=Wright
whois_violith_1781606642,,Violith,violith,Maia,,data/evidence/whois/text/violith.txt,data/evidence/whois/html/violith.html,yes,no,no,medium,query_name=Violith | display_name=Violith The Bunny Rabbit | epithet_or_title=The Bunny Rabbit | Last login 22 years and 6 months ago from *.fi.
whois_vivriel_1781606648,,Vivriel,vivriel,"Valië, one of the Aratar",Retired,data/evidence/whois/text/vivriel.txt,data/evidence/whois/html/vivriel.html,yes,no,no,medium,query_name=Vivriel | display_name=Vivriel the Wild | epithet_or_title=the Wild
whois_voile_1781606653,char_voile,Voile,voile-2,Maia,Retired,data/evidence/whois/text/voile-2.txt,data/evidence/whois/html/voile-2.html,yes,no,no,medium,"query_name=Voile | display_name=Voile the ""Liquidator"" | epithet_or_title=the ""Liquidator"" | role=Cartographer | Last login 4 days and 18 hours ago."
whois_vérathos_1781606659,,Vérathos,verathos,Maia,Retired,data/evidence/whois/text/verathos.txt,data/evidence/whois/html/verathos.html,yes,no,no,medium,"query_name=Vérathos | display_name=Vérathos Aneldowë, Painter of Skies | epithet_or_title=Aneldowë, Painter of Skies | role=Cartographer | Last login 19 years, 10 months, and 2 days ago from *.net."
whois_víggo_1781606664,,Víggo,viggo,Maia,,data/evidence/whois/text/viggo.txt,data/evidence/whois/html/viggo.html,yes,no,no,medium,"query_name=Víggo | display_name=Víggo will open the gate for you | epithet_or_title=will open the gate for you | Last login 3 years, 1 month, and 12 days ago from [numerical address]."
whois_võlur_1781606670,,Võlur,volur,Maia,,data/evidence/whois/text/volur.txt,data/evidence/whois/html/volur.html,yes,no,no,medium,query_name=Võlur | display_name=Võlur the White | epithet_or_title=the White | role=Cartographer | Last login 5 months and 20 days ago.
whois_vürogue_1781606676,,Vürogue,vurogue,Maia,,data/evidence/whois/text/vurogue.txt,data/evidence/whois/html/vurogue.html,yes,no,no,medium,"query_name=Vürogue | display_name=Vürogue Ugmök <Order of Xegony> | epithet_or_title=Ugmök <Order of Xegony> | Last login 15 years, 10 months, and 29 days ago from *.net."
whois_waba_1781606681,char_waba,Waba,waba-2,"Vala, one of the Aratar",,data/evidence/whois/text/waba-2.txt,data/evidence/whois/html/waba-2.html,yes,no,no,medium,query_name=Waba | display_name=Waba
whois_ward_1781606687,,Ward,ward,not here is a Maia,Retired,data/evidence/whois/text/ward.txt,data/evidence/whois/html/ward.html,yes,no,no,medium,query_name=Ward | display_name=Ward | role=Builder
whois_ween_1781606692,,Ween,ween,Maia,Retired,data/evidence/whois/text/ween.txt,data/evidence/whois/html/ween.html,yes,no,no,medium,"query_name=Ween | display_name=Ween spends his time with his son and daughte | epithet_or_title=spends his time with his son and daughte | Last login 23 years, 3 months, and 27 days ago."
whois_werligh_1781606698,,Werligh,werligh,Maia,Retired,data/evidence/whois/text/werligh.txt,data/evidence/whois/html/werligh.html,yes,no,no,medium,query_name=Werligh | display_name=Werligh the initiate Derwyddon. | epithet_or_title=the initiate Derwyddon. | role=Wright
whois_wilderon_1781606704,,Wilderon,wilderon,Maia,,data/evidence/whois/text/wilderon.txt,data/evidence/whois/html/wilderon.html,yes,no,no,medium,query_name=Wilderon | display_name=Wilderon the Minty Ainu | epithet_or_title=the Minty Ainu | Last login 3 days and 10 hours ago from *.com.
whois_windwalker_1781606709,,Windwalker,windwalker,Maia,Retired,data/evidence/whois/text/windwalker.txt,data/evidence/whois/html/windwalker.html,yes,no,no,medium,"query_name=Windwalker | display_name=Windwalker back by Popular demand (Phae) | epithet_or_title=back by Popular demand (Phae) | role=Cartographer | Last login 5 years, 7 months, and 9 days ago from *.net."
whois_wiz_1781606715,,Wiz,wiz,happy MUME'r is a Maia,Retired,data/evidence/whois/text/wiz.txt,data/evidence/whois/html/wiz.html,yes,no,no,medium,"query_name=Wiz | display_name=Wiz | Last login 2 years, 5 months, and 3 days ago from *.com."
whois_wormtongue_1781606720,,Wormtongue,wormtongue,Maia,Retired,data/evidence/whois/text/wormtongue.txt,data/evidence/whois/html/wormtongue.html,yes,no,no,medium,"query_name=Wormtongue | display_name=Wormtongue another Swede | epithet_or_title=another Swede | Last login 26 years, 4 months, and 9 days ago from *.se."
whois_wow_1781606726,char_wow,Wow,wow-2,Maia,Retired,data/evidence/whois/text/wow-2.txt,data/evidence/whois/html/wow-2.html,yes,no,no,medium,"query_name=Wow | display_name=Wow bagger | epithet_or_title=bagger | role=Cartographer | Last login 14 years, 6 months, and 9 days ago."
whois_wozak_1781606731,,Wozak,wozak,Maia,Retired,data/evidence/whois/text/wozak.txt,data/evidence/whois/html/wozak.html,yes,no,no,medium,query_name=Wozak | display_name=Wozak ... | epithet_or_title=... | role=Wright
whois_wryak_1781606737,char_wryak,Wryak,wryak-2,Maia,,data/evidence/whois/text/wryak-2.txt,data/evidence/whois/html/wryak-2.html,yes,no,no,medium,"query_name=Wryak | display_name=Wryak the Worthless | epithet_or_title=the Worthless | Last login 20 years, 6 months, and 27 days ago from *.fi."
whois_wuji_1781606743,,Wuji,wuji,Maia,Retired,data/evidence/whois/text/wuji.txt,data/evidence/whois/html/wuji.html,yes,no,no,medium,"query_name=Wuji | display_name=Wuji retired to rl | epithet_or_title=retired to rl | Last login 21 years, 9 months, and 2 days ago from *.com."
whois_wulfgart_1781606748,,Wulfgart,wulfgart,Maia,,data/evidence/whois/text/wulfgart.txt,data/evidence/whois/html/wulfgart.html,yes,no,no,medium,"query_name=Wulfgart | display_name=Wulfgart doesnt knows | epithet_or_title=doesnt knows | Last login 21 years, 5 months, and 11 days ago."
whois_xargon_1781606754,,Xargon,xargon,Maia,Retired,data/evidence/whois/text/xargon.txt,data/evidence/whois/html/xargon.html,yes,no,no,medium,"query_name=Xargon | display_name=Xargon Twofoot | epithet_or_title=Twofoot | Last login 25 years, 7 months, and 16 days ago from *.se."
whois_xcrxx_1781606760,,Xcrxx,xcrxx,Maia,Retired,data/evidence/whois/text/xcrxx.txt,data/evidence/whois/html/xcrxx.html,yes,no,no,medium,query_name=Xcrxx | display_name=Xcrxx the Maiar [Cartographer] | epithet_or_title=the Maiar [Cartographer] | Last login 31 years and 5 days ago from *.uk.
whois_xed_1781606765,,Xed,xed,Vala,Retired,data/evidence/whois/text/xed.txt,data/evidence/whois/html/xed.html,yes,no,no,medium,query_name=Xed | display_name=Xed the Valarauko -- he who slumbers | epithet_or_title=the Valarauko -- he who slumbers | role=Architect
whois_xellia_1781606771,,Xellia,xellia,Maia,,data/evidence/whois/text/xellia.txt,data/evidence/whois/html/xellia.html,yes,no,no,medium,query_name=Xellia | display_name=Xellia might be afk | epithet_or_title=might be afk | role=Wright
whois_xero_1781606777,,Xero,xero,Maia,Retired,data/evidence/whois/text/xero.txt,data/evidence/whois/html/xero.html,yes,no,no,medium,"query_name=Xero | display_name=Xero the Wimp | epithet_or_title=the Wimp | Last login 19 years, 11 months, and 25 days ago."
whois_xit_1781606782,,Xit,xit,Xit is a Maia,Retired,data/evidence/whois/text/xit.txt,data/evidence/whois/html/xit.html,yes,no,no,medium,"query_name=Xit | display_name=Xit | Last login 26 years, 6 months, and 18 days ago from *.se."
whois_yager_1781606788,,Yager,yager,Maia,,data/evidence/whois/text/yager.txt,data/evidence/whois/html/yager.html,yes,no,no,medium,query_name=Yager | display_name=Yager Bomb! | epithet_or_title=Bomb! | Last login 15 years and 27 days ago from *.net.
whois_yants_1781606793,,Yants,yants,gone - never to be seen again is a Vala,Retired,data/evidence/whois/text/yants.txt,data/evidence/whois/html/yants.html,yes,no,no,medium,query_name=Yants | display_name=Yants | role=Mudller
whois_yarin_1781606799,,Yarin,yarin,Maia,,data/evidence/whois/text/yarin.txt,data/evidence/whois/html/yarin.html,yes,no,no,medium,"query_name=Yarin | display_name=Yarin | Last login 1 year, 5 months, and 26 days ago from *.cz."
whois_party_1781606805,,party,party,"Valië, one of the Aratar",Retired,data/evidence/whois/text/party.txt,data/evidence/whois/html/party.html,yes,no,no,medium,query_name=Yavanna | display_name=party!' | epithet_or_title=!'
whois_ydy_1781606810,,Ydy,ydy,Maia,,data/evidence/whois/text/ydy.txt,data/evidence/whois/html/ydy.html,yes,no,no,medium,"query_name=Ydy | display_name=Ydy loves you all | epithet_or_title=loves you all | Last login 12 years, 5 months, and 1 day ago from *.fi."
whois_yeoma_1781606816,,Yeoma,yeoma,Vala,Retired,data/evidence/whois/text/yeoma.txt,data/evidence/whois/html/yeoma.html,yes,no,no,medium,query_name=Yeoma | display_name=Yeoma | role=Mudller
whois_yim_1781606821,,Yim,yim,Maia,Retired,data/evidence/whois/text/yim.txt,data/evidence/whois/html/yim.html,yes,no,no,medium,"query_name=Yim | display_name=Yim the Hobbit Smugler | epithet_or_title=the Hobbit Smugler | Last login 22 years, 1 month, and 22 days ago."
whois_yki_1781606827,,Yki,yki,Maia,Retired,data/evidence/whois/text/yki.txt,data/evidence/whois/html/yki.html,yes,no,no,medium,"query_name=Yki | display_name=Yki the Social Worker (197 Years) | epithet_or_title=the Social Worker (197 Years) | Last login 31 years, 3 months, and 5 days ago from *.fi."
whois_yks_1781606833,,Yks,yks,Maia,,data/evidence/whois/text/yks.txt,data/evidence/whois/html/yks.html,yes,no,no,medium,query_name=Yks | display_name=Yks Sõrmus | epithet_or_title=Sõrmus
whois_ynket_1781606838,,Ynket,ynket,Maia,,data/evidence/whois/text/ynket.txt,data/evidence/whois/html/ynket.html,yes,no,no,medium,"query_name=Ynket | display_name=Ynket Yyl | epithet_or_title=Yyl | Last login 19 years, 9 months, and 2 days ago from *.se."
whois_yoda_1781606844,,Yoda,yoda,Maia,Retired,data/evidence/whois/text/yoda.txt,data/evidence/whois/html/yoda.html,yes,no,no,medium,query_name=Yoda | display_name=Yoda the Jedi Master | epithet_or_title=the Jedi Master | role=Wright
whois_yorick_1781606850,,Yorick,yorick,Vala,Retired,data/evidence/whois/text/yorick.txt,data/evidence/whois/html/yorick.html,yes,no,no,medium,query_name=Yorick | display_name=Yorick the Vala [Mudller] | epithet_or_title=the Vala [Mudller] | role=Mudller
whois_ytinas_1781606855,char_ytinas,Ytinas,ytinas-2,Maia,Retired,data/evidence/whois/text/ytinas-2.txt,data/evidence/whois/html/ytinas-2.html,yes,no,no,medium,"query_name=Ytinas | display_name=Ytinas Ni crosses the road. Why? | epithet_or_title=Ni crosses the road. Why? | Last login 2 years, 6 months, and 2 days ago from *.nl."
whois_yudh_1781606861,,Yudh,yudh,Maia,Retired,data/evidence/whois/text/yudh.txt,data/evidence/whois/html/yudh.html,yes,no,no,medium,query_name=Yudh | display_name=Yudh ... | epithet_or_title=... | role=Wright
whois_yukie_1781606866,,Yukie,yukie,Maia,,data/evidence/whois/text/yukie.txt,data/evidence/whois/html/yukie.html,yes,no,no,medium,"query_name=Yukie | display_name=Yukie the White | epithet_or_title=the White | Last login 1 year, 11 months, and 13 days ago."
whois_zachariah_1781606872,,Zachariah,zachariah,Maia,,data/evidence/whois/text/zachariah.txt,data/evidence/whois/html/zachariah.html,yes,no,no,medium,query_name=Zachariah | display_name=Zachariah the Undying | epithet_or_title=the Undying | Last login 20 years and 29 days ago from *.net.
whois_zakath_1781606877,,Zakath,zakath,"Vala, one of the Aratar",Retired,data/evidence/whois/text/zakath.txt,data/evidence/whois/html/zakath.html,yes,no,no,medium,query_name=Zakath | display_name=Zakath the Alchemist | epithet_or_title=the Alchemist
whois_zarangal_1781606883,,Zarangal,zarangal,"Vala, one of the Aratar",Retired,data/evidence/whois/text/zarangal.txt,data/evidence/whois/html/zarangal.html,yes,no,no,medium,query_name=Zarangal | display_name=Zarangal
whois_zarhuk_1781606889,,Zarhuk,zarhuk,Maia,Retired,data/evidence/whois/text/zarhuk.txt,data/evidence/whois/html/zarhuk.html,yes,no,no,medium,query_name=Zarhuk | display_name=Zarhuk the Lemon King | epithet_or_title=the Lemon King | role=Builder
whois_zathras_1781606894,,Zathras,zathras,Maia,,data/evidence/whois/text/zathras.txt,data/evidence/whois/html/zathras.html,yes,no,no,medium,query_name=Zathras | display_name=Zathras | role=Wright
whois_zemael_1781606900,,Zemael,zemael,Maia,Retired,data/evidence/whois/text/zemael.txt,data/evidence/whois/html/zemael.html,yes,no,no,medium,query_name=Zemael | display_name=Zemael the Extremely Ancient | epithet_or_title=the Extremely Ancient | role=Wright
whois_zen_1781606905,,Zen,zen,still. is a Maia,Retired,data/evidence/whois/text/zen.txt,data/evidence/whois/html/zen.html,yes,no,no,medium,"query_name=Zen | display_name=Zen | Last login 5 years, 10 months, and 7 days ago from *.nu."
whois_zenon_1781606911,,Zenon,zenon,Maia,Retired,data/evidence/whois/text/zenon.txt,data/evidence/whois/html/zenon.html,yes,no,no,medium,"query_name=Zenon | display_name=Zenon Blackfoot | epithet_or_title=Blackfoot | Last login 20 years, 5 months, and 6 days ago from *.dk."
whois_zerototh_1781606916,,Zerototh,zerototh,Maia,Retired,data/evidence/whois/text/zerototh.txt,data/evidence/whois/html/zerototh.html,yes,no,no,medium,"query_name=Zerototh | display_name=Zerototh wanders around mumbling | epithet_or_title=wanders around mumbling | Last login 1 year, 6 months, and 19 days ago from *.se."
whois_zeus_1781606931,char_zeus,Zeus,zeus-2,Maia,,data/evidence/whois/text/zeus-2.txt,data/evidence/whois/html/zeus-2.html,yes,no,no,medium,"query_name=Zeus | display_name=Zeus Overlord of Thunder and Lightning | epithet_or_title=Overlord of Thunder and Lightning | Last login 8 years, 11 months, and 2 days ago from *.eu."
whois_zhot_1781606937,,Zhot,zhot,Maia,Retired,data/evidence/whois/text/zhot.txt,data/evidence/whois/html/zhot.html,yes,no,no,medium,"query_name=Zhot | display_name=Zhot the Ainur | epithet_or_title=the Ainur | Last login 27 years, 1 month, and 27 days ago."
whois_zimri_1781606950,,Zimri,zimri,Maia,,data/evidence/whois/text/zimri.txt,data/evidence/whois/html/zimri.html,yes,no,no,medium,"query_name=Zimri | display_name=Zimri the watcher | epithet_or_title=the watcher | Last login 21 years, 4 months, and 23 days ago from *.dk."
whois_zing_1781606957,,Zing,zing,Maia,Retired,data/evidence/whois/text/zing.txt,data/evidence/whois/html/zing.html,yes,no,no,medium,query_name=Zing | display_name=Zing | role=Cartographer | Last login 13 years and 6 months ago from *.net.
whois_zlam_1781606964,,Zlam,zlam,Maia,Retired,data/evidence/whois/text/zlam.txt,data/evidence/whois/html/zlam.html,yes,no,no,medium,query_name=Zlam | display_name=Zlam the Asha'man | epithet_or_title=the Asha'man | Last login 2 years and 28 days ago from *.com.
whois_zlinduq_1781606971,,Zlinduq,zlinduq,now separated iRL is a Maia,Retired,data/evidence/whois/text/zlinduq.txt,data/evidence/whois/html/zlinduq.html,yes,no,no,medium,"query_name=Zlinduq | display_name=Zlinduq | Last login 6 years, 10 months, and 13 days ago."
whois_zolt_1781606977,,Zolt,zolt,Maia,Retired,data/evidence/whois/text/zolt.txt,data/evidence/whois/html/zolt.html,yes,no,no,medium,query_name=Zolt | display_name=Zolt no habla ingles | epithet_or_title=no habla ingles | role=Wright
whois_zun_1781606984,,Zun,zun,Maia,Retired,data/evidence/whois/text/zun.txt,data/evidence/whois/html/zun.html,yes,no,no,medium,query_name=Zun | display_name=Zun | role=Wright
whois_éldrôk_1781606990,,Éldrôk,eldrok,Mapping is a Maia,,data/evidence/whois/text/eldrok.txt,data/evidence/whois/html/eldrok.html,yes,no,no,medium,"query_name=Éldrôk | display_name=Éldrôk, | epithet_or_title=, | role=Cartographer | Last login 4 months and 23 days ago."
whois_óin_1781606996,,Óin,oin,Vala,Retired,data/evidence/whois/text/oin.txt,data/evidence/whois/html/oin.html,yes,no,no,medium,query_name=Óin | display_name=Óin the Dwarven friend | epithet_or_title=the Dwarven friend | role=Architect
whois_ólin_1781607001,,Ólin,olin,Maia,,data/evidence/whois/text/olin.txt,data/evidence/whois/html/olin.html,yes,no,no,medium,"query_name=Ólin | display_name=Ólin | Last login 1 year, 5 months, and 3 days ago."
whois_öseler_1781607007,,Öseler,oseler,Maia,,data/evidence/whois/text/oseler.txt,data/evidence/whois/html/oseler.html,yes,no,no,medium,"query_name=Öseler | display_name=Öseler | Last login 1 year, 7 months, and 10 days ago from *.ee."
