character_id,character_name,query_name,capture_id,capture_quality,descriptor,slug,text_path,html_path,has_raw_text,has_raw_decho,has_raw_html,raw_colour_format,source_archive
,2006!11one,Déor,mha:déor:1781579029:6a4a12d9,high,Vala,2006-11one,data/evidence/whois_display/text/2006-11one.txt,data/evidence/whois_display/html/2006-11one.html,yes,yes,yes,plain+decho+html,/Users/Lewis/.config/mudlet/profiles/Multi-Users in Middle-earth/mume_whois_archive.json
,[Tired],Baw,mha:baw:1781577865:01799a1d,high,Maia,tired,data/evidence/whois_display/text/tired.txt,data/evidence/whois_display/html/tired.html,yes,yes,yes,plain+decho+html,/Users/Lewis/.config/mudlet/profiles/Multi-Users in Middle-earth/mume_whois_archive.json
char_access,Access,Access,mha:access:1781576616:20b3bbab,high,Maia,access,data/evidence/whois_display/text/access.txt,data/evidence/whois_display/html/access.html,yes,yes,yes,plain+decho+html,/Users/Lewis/.config/mudlet/profiles/Multi-Users in Middle-earth/mume_whois_archive.json
char_acke,Acke,Acke,mha:acke:1781576622:7d59c78e,high,Maia,acke,data/evidence/whois_display/text/acke.txt,data/evidence/whois_display/html/acke.html,yes,yes,yes,plain+decho+html,/Users/Lewis/.config/mudlet/profiles/Multi-Users in Middle-earth/mume_whois_archive.json
char_ada,Ada,Ada,mha:ada:1781576628:e381af5f,high,Maia,ada,data/evidence/whois_display/text/ada.txt,data/evidence/whois_display/html/ada.html,yes,yes,yes,plain+decho+html,/Users/Lewis/.config/mudlet/profiles/Multi-Users in Middle-earth/mume_whois_archive.json
char_adara,Adara,Adara,mha:adara:1781576633:b576f8aa,high,lost is a Maia,adara,data/evidence/whois_display/text/adara.txt,data/evidence/whois_display/html/adara.html,yes,yes,yes,plain+decho+html,/Users/Lewis/.config/mudlet/profiles/Multi-Users in Middle-earth/mume_whois_archive.json
char_aderel,Aderel,Aderel,mha:aderel:1781576639:9b14f5c0,high,Maia,aderel,data/evidence/whois_display/text/aderel.txt,data/evidence/whois_display/html/aderel.html,yes,yes,yes,plain+decho+html,/Users/Lewis/.config/mudlet/profiles/Multi-Users in Middle-earth/mume_whois_archive.json
char_aderyn,Aderyn,Aderyn,mha:aderyn:1781576644:b495f3f0,high,Maia,aderyn,data/evidence/whois_display/text/aderyn.txt,data/evidence/whois_display/html/aderyn.html,yes,yes,yes,plain+decho+html,/Users/Lewis/.config/mudlet/profiles/Multi-Users in Middle-earth/mume_whois_archive.json
char_aellynn,Aellynn,Aellynn,mha:aellynn:1781576650:8aeeeeab,high,Maia,aellynn,data/evidence/whois_display/text/aellynn.txt,data/evidence/whois_display/html/aellynn.html,yes,yes,yes,plain+decho+html,/Users/Lewis/.config/mudlet/profiles/Multi-Users in Middle-earth/mume_whois_archive.json
char_aetirus,Aetirus,Aetirus,mha:aetirus:1781576655:55b5b335,high,Maia,aetirus,data/evidence/whois_display/text/aetirus.txt,data/evidence/whois_display/html/aetirus.html,yes,yes,yes,plain+decho+html,/Users/Lewis/.config/mudlet/profiles/Multi-Users in Middle-earth/mume_whois_archive.json
char_agamand,Agamand,Agamand,mha:agamand:1781576661:a3e255f8,high,Maia,agamand,data/evidence/whois_display/text/agamand.txt,data/evidence/whois_display/html/agamand.html,yes,yes,yes,plain+decho+html,/Users/Lewis/.config/mudlet/profiles/Multi-Users in Middle-earth/mume_whois_archive.json
char_aglaruin,Aglaruin,Aglaruin,mha:aglaruin:1781576666:0657582c,high,Maia,aglaruin,data/evidence/whois_display/text/aglaruin.txt,data/evidence/whois_display/html/aglaruin.html,yes,yes,yes,plain+decho+html,/Users/Lewis/.config/mudlet/profiles/Multi-Users in Middle-earth/mume_whois_archive.json
char_ahti,Ahti,Ahti,mha:ahti:1781576672:638f569f,high,Drosophila Melanogaster. is a Maia,ahti,data/evidence/whois_display/text/ahti.txt,data/evidence/whois_display/html/ahti.html,yes,yes,yes,plain+decho+html,/Users/Lewis/.config/mudlet/profiles/Multi-Users in Middle-earth/mume_whois_archive.json
char_ahura,Ahura,Ahura,mha:ahura:1781576677:cb7842ad,high,Maia,ahura,data/evidence/whois_display/text/ahura.txt,data/evidence/whois_display/html/ahura.html,yes,yes,yes,plain+decho+html,/Users/Lewis/.config/mudlet/profiles/Multi-Users in Middle-earth/mume_whois_archive.json
char_aielë,Aielë,Aielë,mha:aielë:1781576683:be50687c,high,Maia,aiele,data/evidence/whois_display/text/aiele.txt,data/evidence/whois_display/html/aiele.html,yes,yes,yes,plain+decho+html,/Users/Lewis/.config/mudlet/profiles/Multi-Users in Middle-earth/mume_whois_archive.json
char_aikios,Aikios,Aikios,mha:aikios:1781576688:04d4f116,high,Maia,aikios,data/evidence/whois_display/text/aikios.txt,data/evidence/whois_display/html/aikios.html,yes,yes,yes,plain+decho+html,/Users/Lewis/.config/mudlet/profiles/Multi-Users in Middle-earth/mume_whois_archive.json
char_ainagul,Ainagul,Ainagul,mha:ainagul:1781576694:ceebc9e2,high,Maia,ainagul,data/evidence/whois_display/text/ainagul.txt,data/evidence/whois_display/html/ainagul.html,yes,yes,yes,plain+decho+html,/Users/Lewis/.config/mudlet/profiles/Multi-Users in Middle-earth/mume_whois_archive.json
char_air,Air,Air,mha:air:1781576699:bf3ddfa1,high,Maia,air,data/evidence/whois_display/text/air.txt,data/evidence/whois_display/html/air.html,yes,yes,yes,plain+decho+html,/Users/Lewis/.config/mudlet/profiles/Multi-Users in Middle-earth/mume_whois_archive.json
char_alamar,Alamar,Alamar,mha:alamar:1781576716:5b961444,high,Maia,alamar,data/evidence/whois_display/text/alamar.txt,data/evidence/whois_display/html/alamar.html,yes,yes,yes,plain+decho+html,/Users/Lewis/.config/mudlet/profiles/Multi-Users in Middle-earth/mume_whois_archive.json
char_alantir,Alantir,Alantir,mha:alantir:1781576721:9c197c36,high,Maia,alantir,data/evidence/whois_display/text/alantir.txt,data/evidence/whois_display/html/alantir.html,yes,yes,yes,plain+decho+html,/Users/Lewis/.config/mudlet/profiles/Multi-Users in Middle-earth/mume_whois_archive.json
char_alderon,Alderon,Alderon,mha:alderon:1781576739:4d7a499e,high,Maia,alderon,data/evidence/whois_display/text/alderon.txt,data/evidence/whois_display/html/alderon.html,yes,yes,yes,plain+decho+html,/Users/Lewis/.config/mudlet/profiles/Multi-Users in Middle-earth/mume_whois_archive.json
char_aldor,Aldor,Aldor,mha:aldor:1781576745:24180fe6,high,Maia,aldor,data/evidence/whois_display/text/aldor.txt,data/evidence/whois_display/html/aldor.html,yes,yes,yes,plain+decho+html,/Users/Lewis/.config/mudlet/profiles/Multi-Users in Middle-earth/mume_whois_archive.json
char_aldro,Aldro,Aldro,mha:aldro:1781576750:3b7887d1,high,running for re-election is a Maia,aldro,data/evidence/whois_display/text/aldro.txt,data/evidence/whois_display/html/aldro.html,yes,yes,yes,plain+decho+html,/Users/Lewis/.config/mudlet/profiles/Multi-Users in Middle-earth/mume_whois_archive.json
char_alec,Alec,Alec,mha:alec:1781576756:be4971c3,high,Maia,alec,data/evidence/whois_display/text/alec.txt,data/evidence/whois_display/html/alec.html,yes,yes,yes,plain+decho+html,/Users/Lewis/.config/mudlet/profiles/Multi-Users in Middle-earth/mume_whois_archive.json
char_aleksey,Aleksey,Aleksey,mha:aleksey:1781576761:b6444722,high,Maia,aleksey,data/evidence/whois_display/text/aleksey.txt,data/evidence/whois_display/html/aleksey.html,yes,yes,yes,plain+decho+html,/Users/Lewis/.config/mudlet/profiles/Multi-Users in Middle-earth/mume_whois_archive.json
char_algolas,Algolas,Algolas,mha:algolas:1781576767:4ac82290,high,Maia,algolas,data/evidence/whois_display/text/algolas.txt,data/evidence/whois_display/html/algolas.html,yes,yes,yes,plain+decho+html,/Users/Lewis/.config/mudlet/profiles/Multi-Users in Middle-earth/mume_whois_archive.json
char_alkar,Alkar,Alkar,mha:alkar:1781576772:f1ab9b55,high,Vala,alkar,data/evidence/whois_display/text/alkar.txt,data/evidence/whois_display/html/alkar.html,yes,yes,yes,plain+decho+html,/Users/Lewis/.config/mudlet/profiles/Multi-Users in Middle-earth/mume_whois_archive.json
char_almarea,Almarea,Almarea,mha:almarea:1781576778:cc50ed46,high,Maia,almarea,data/evidence/whois_display/text/almarea.txt,data/evidence/whois_display/html/almarea.html,yes,yes,yes,plain+decho+html,/Users/Lewis/.config/mudlet/profiles/Multi-Users in Middle-earth/mume_whois_archive.json
char_aloonion,Aloonion,Aloonion,mha:aloonion:1781576789:3f5641c7,high,Maia,aloonion,data/evidence/whois_display/text/aloonion.txt,data/evidence/whois_display/html/aloonion.html,yes,yes,yes,plain+decho+html,/Users/Lewis/.config/mudlet/profiles/Multi-Users in Middle-earth/mume_whois_archive.json
char_alysia,Alysia,Alysia,mha:alysia:1781576797:149d3e9f,high,Maia,alysia,data/evidence/whois_display/text/alysia.txt,data/evidence/whois_display/html/alysia.html,yes,yes,yes,plain+decho+html,/Users/Lewis/.config/mudlet/profiles/Multi-Users in Middle-earth/mume_whois_archive.json
char_amandil,Amandil,Amandil,mha:amandil:1781576804:4f4a0569,high,Vala,amandil,data/evidence/whois_display/text/amandil.txt,data/evidence/whois_display/html/amandil.html,yes,yes,yes,plain+decho+html,/Users/Lewis/.config/mudlet/profiles/Multi-Users in Middle-earth/mume_whois_archive.json
char_ame,Ame,Ame,mha:ame:1781576812:21c110dc,high,Maia,ame,data/evidence/whois_display/text/ame.txt,data/evidence/whois_display/html/ame.html,yes,yes,yes,plain+decho+html,/Users/Lewis/.config/mudlet/profiles/Multi-Users in Middle-earth/mume_whois_archive.json
char_amlion,Amlion,Amlion,mha:amlion:1781576818:1a548030,high,Maia,amlion,data/evidence/whois_display/text/amlion.txt,data/evidence/whois_display/html/amlion.html,yes,yes,yes,plain+decho+html,/Users/Lewis/.config/mudlet/profiles/Multi-Users in Middle-earth/mume_whois_archive.json
char_ammon,Ammon,Ammon,mha:ammon:1781576823:29957edf,high,Maia,ammon,data/evidence/whois_display/text/ammon.txt,data/evidence/whois_display/html/ammon.html,yes,yes,yes,plain+decho+html,/Users/Lewis/.config/mudlet/profiles/Multi-Users in Middle-earth/mume_whois_archive.json
char_amras,Amras,Amras,mha:amras:1781576829:b611ea17,high,your father! is a Maia,amras,data/evidence/whois_display/text/amras.txt,data/evidence/whois_display/html/amras.html,yes,yes,yes,plain+decho+html,/Users/Lewis/.config/mudlet/profiles/Multi-Users in Middle-earth/mume_whois_archive.json
char_ancalagon,Ancalagon,Ancalagon,mha:ancalagon:1781576836:c792e625,high,Vala,ancalagon,data/evidence/whois_display/text/ancalagon.txt,data/evidence/whois_display/html/ancalagon.html,yes,yes,yes,plain+decho+html,/Users/Lewis/.config/mudlet/profiles/Multi-Users in Middle-earth/mume_whois_archive.json
char_andela,Andela,Andela,mha:andela:1781576844:b28813b5,high,Maia,andela,data/evidence/whois_display/text/andela.txt,data/evidence/whois_display/html/andela.html,yes,yes,yes,plain+decho+html,/Users/Lewis/.config/mudlet/profiles/Multi-Users in Middle-earth/mume_whois_archive.json
char_andreas,Andreas,Andreas,mha:andreas:1781576855:81e63e35,high,Maia,andreas,data/evidence/whois_display/text/andreas.txt,data/evidence/whois_display/html/andreas.html,yes,yes,yes,plain+decho+html,/Users/Lewis/.config/mudlet/profiles/Multi-Users in Middle-earth/mume_whois_archive.json
char_andróg,Andróg,Andróg,mha:andróg:1781576860:acd445aa,high,Maia,androg,data/evidence/whois_display/text/androg.txt,data/evidence/whois_display/html/androg.html,yes,yes,yes,plain+decho+html,/Users/Lewis/.config/mudlet/profiles/Multi-Users in Middle-earth/mume_whois_archive.json
char_ankamon,Ankamon,Ankamon,mha:ankamon:1781577533:088328e1,high,Maia,ankamon,data/evidence/whois_display/text/ankamon.txt,data/evidence/whois_display/html/ankamon.html,yes,yes,yes,plain+decho+html,/Users/Lewis/.config/mudlet/profiles/Multi-Users in Middle-earth/mume_whois_archive.json
char_anne,Anne,Anne,mha:anne:1781577539:965551ea,high,Maia,anne,data/evidence/whois_display/text/anne.txt,data/evidence/whois_display/html/anne.html,yes,yes,yes,plain+decho+html,/Users/Lewis/.config/mudlet/profiles/Multi-Users in Middle-earth/mume_whois_archive.json
char_anthrax,Anthrax,Anthrax,mha:anthrax:1781577544:3b27bd31,high,Maia,anthrax,data/evidence/whois_display/text/anthrax.txt,data/evidence/whois_display/html/anthrax.html,yes,yes,yes,plain+decho+html,/Users/Lewis/.config/mudlet/profiles/Multi-Users in Middle-earth/mume_whois_archive.json
char_antti,Antti,Antti,mha:antti:1781577550:6b02ad9c,high,Vala,antti,data/evidence/whois_display/text/antti.txt,data/evidence/whois_display/html/antti.html,yes,yes,yes,plain+decho+html,/Users/Lewis/.config/mudlet/profiles/Multi-Users in Middle-earth/mume_whois_archive.json
char_anólad,Anólad,Anólad,mha:anólad:1781577555:3fe2ca5b,high,discord bot is a Maia,anolad,data/evidence/whois_display/text/anolad.txt,data/evidence/whois_display/html/anolad.html,yes,yes,yes,plain+decho+html,/Users/Lewis/.config/mudlet/profiles/Multi-Users in Middle-earth/mume_whois_archive.json
char_anómyr,Anómyr,Anómyr,mha:anómyr:1781577561:b2b5c28d,high,Maia,anomyr,data/evidence/whois_display/text/anomyr.txt,data/evidence/whois_display/html/anomyr.html,yes,yes,yes,plain+decho+html,/Users/Lewis/.config/mudlet/profiles/Multi-Users in Middle-earth/mume_whois_archive.json
char_apalonia,Apalonia,Apalonia,mha:apalonia:1781577566:7cf1fed8,high,Maia,apalonia,data/evidence/whois_display/text/apalonia.txt,data/evidence/whois_display/html/apalonia.html,yes,yes,yes,plain+decho+html,/Users/Lewis/.config/mudlet/profiles/Multi-Users in Middle-earth/mume_whois_archive.json
char_apolline,Apolline,Apolline,mha:apolline:1781577572:1dd61264,high,Maia,apolline,data/evidence/whois_display/text/apolline.txt,data/evidence/whois_display/html/apolline.html,yes,yes,yes,plain+decho+html,/Users/Lewis/.config/mudlet/profiles/Multi-Users in Middle-earth/mume_whois_archive.json
char_aratan,Aratan,Aratan,mha:aratan:1781577577:24c05b35,high,Maia,aratan,data/evidence/whois_display/text/aratan.txt,data/evidence/whois_display/html/aratan.html,yes,yes,yes,plain+decho+html,/Users/Lewis/.config/mudlet/profiles/Multi-Users in Middle-earth/mume_whois_archive.json
char_arathorn,Arathorn,Arathorn,mha:arathorn:1781577583:dc3413d6,high,Vala,arathorn,data/evidence/whois_display/text/arathorn.txt,data/evidence/whois_display/html/arathorn.html,yes,yes,yes,plain+decho+html,/Users/Lewis/.config/mudlet/profiles/Multi-Users in Middle-earth/mume_whois_archive.json
char_araw,Araw,Araw,mha:araw:1781577588:64739adc,high,Maia,araw,data/evidence/whois_display/text/araw.txt,data/evidence/whois_display/html/araw.html,yes,yes,yes,plain+decho+html,/Users/Lewis/.config/mudlet/profiles/Multi-Users in Middle-earth/mume_whois_archive.json
char_arcane,Arcane,Arcane,mha:arcane:1781577594:48f6f01c,high,Maia,arcane,data/evidence/whois_display/text/arcane.txt,data/evidence/whois_display/html/arcane.html,yes,yes,yes,plain+decho+html,/Users/Lewis/.config/mudlet/profiles/Multi-Users in Middle-earth/mume_whois_archive.json
char_are,are,Destiny,mha:destiny:1781578895:2d1e8b86,high,Maia,are,data/evidence/whois_display/text/are.txt,data/evidence/whois_display/html/are.html,yes,yes,yes,plain+decho+html,/Users/Lewis/.config/mudlet/profiles/Multi-Users in Middle-earth/mume_whois_archive.json
char_aredhel,Aredhel,Aredhel,mha:aredhel:1781577599:2af1222d,high,Valië,aredhel,data/evidence/whois_display/text/aredhel.txt,data/evidence/whois_display/html/aredhel.html,yes,yes,yes,plain+decho+html,/Users/Lewis/.config/mudlet/profiles/Multi-Users in Middle-earth/mume_whois_archive.json
char_ares,Ares,Ares,mha:ares:1781577605:31011c1c,high,Maia,ares,data/evidence/whois_display/text/ares.txt,data/evidence/whois_display/html/ares.html,yes,yes,yes,plain+decho+html,/Users/Lewis/.config/mudlet/profiles/Multi-Users in Middle-earth/mume_whois_archive.json
char_arfang,Arfang,Arfang,mha:arfang:1781577617:23444b95,high,Vala,arfang,data/evidence/whois_display/text/arfang.txt,data/evidence/whois_display/html/arfang.html,yes,yes,yes,plain+decho+html,/Users/Lewis/.config/mudlet/profiles/Multi-Users in Middle-earth/mume_whois_archive.json
char_ariakas,Ariakas,Ariakas,mha:ariakas:1781577625:90783754,high,Maia,ariakas,data/evidence/whois_display/text/ariakas.txt,data/evidence/whois_display/html/ariakas.html,yes,yes,yes,plain+decho+html,/Users/Lewis/.config/mudlet/profiles/Multi-Users in Middle-earth/mume_whois_archive.json
char_ariana,Ariana,Ariana,mha:ariana:1781577637:5c08fff6,high,Maia,ariana,data/evidence/whois_display/text/ariana.txt,data/evidence/whois_display/html/ariana.html,yes,yes,yes,plain+decho+html,/Users/Lewis/.config/mudlet/profiles/Multi-Users in Middle-earth/mume_whois_archive.json
char_arien,Arien,Arien,mha:arien:1781577652:7c3aa9dc,high,Maia,arien,data/evidence/whois_display/text/arien.txt,data/evidence/whois_display/html/arien.html,yes,yes,yes,plain+decho+html,/Users/Lewis/.config/mudlet/profiles/Multi-Users in Middle-earth/mume_whois_archive.json
char_aries,Aries,Aries,mha:aries:1781577663:4d0d953a,high,Maia,aries,data/evidence/whois_display/text/aries.txt,data/evidence/whois_display/html/aries.html,yes,yes,yes,plain+decho+html,/Users/Lewis/.config/mudlet/profiles/Multi-Users in Middle-earth/mume_whois_archive.json
char_arina,Arina,Arina,mha:arina:1781577677:a93f7af5,high,Maia,arina,data/evidence/whois_display/text/arina.txt,data/evidence/whois_display/html/arina.html,yes,yes,yes,plain+decho+html,/Users/Lewis/.config/mudlet/profiles/Multi-Users in Middle-earth/mume_whois_archive.json
char_arion,Arion,Arion,mha:arion:1781577685:e6de9b00,high,"Vala, one of the Aratar",arion,data/evidence/whois_display/text/arion.txt,data/evidence/whois_display/html/arion.html,yes,yes,yes,plain+decho+html,/Users/Lewis/.config/mudlet/profiles/Multi-Users in Middle-earth/mume_whois_archive.json
char_aris,Aris,Aris,mha:aris:1781577697:37c0d9f6,high,Maia,aris,data/evidence/whois_display/text/aris.txt,data/evidence/whois_display/html/aris.html,yes,yes,yes,plain+decho+html,/Users/Lewis/.config/mudlet/profiles/Multi-Users in Middle-earth/mume_whois_archive.json
char_ark,Ark,Ark,mha:ark:1781577704:5085761f,high,Maia,ark,data/evidence/whois_display/text/ark.txt,data/evidence/whois_display/html/ark.html,yes,yes,yes,plain+decho+html,/Users/Lewis/.config/mudlet/profiles/Multi-Users in Middle-earth/mume_whois_archive.json
char_arla,Arla,Arla,mha:arla:1781577714:ac7ac87a,high,Vala,arla,data/evidence/whois_display/text/arla.txt,data/evidence/whois_display/html/arla.html,yes,yes,yes,plain+decho+html,/Users/Lewis/.config/mudlet/profiles/Multi-Users in Middle-earth/mume_whois_archive.json
char_armin,Armin,Armin,mha:armin:1781577720:26273891,high,Maia,armin,data/evidence/whois_display/text/armin.txt,data/evidence/whois_display/html/armin.html,yes,yes,yes,plain+decho+html,/Users/Lewis/.config/mudlet/profiles/Multi-Users in Middle-earth/mume_whois_archive.json
char_arthad,Arthad,Arthad,mha:arthad:1781577727:890f4af9,high,Maia,arthad,data/evidence/whois_display/text/arthad.txt,data/evidence/whois_display/html/arthad.html,yes,yes,yes,plain+decho+html,/Users/Lewis/.config/mudlet/profiles/Multi-Users in Middle-earth/mume_whois_archive.json
char_atanatar,Atanatar,Atanatar,mha:atanatar:1781577733:4ac33122,high,Maia,atanatar,data/evidence/whois_display/text/atanatar.txt,data/evidence/whois_display/html/atanatar.html,yes,yes,yes,plain+decho+html,/Users/Lewis/.config/mudlet/profiles/Multi-Users in Middle-earth/mume_whois_archive.json
char_atani,Atani,Atani,mha:atani:1781577738:4e4f8741,high,Maia,atani,data/evidence/whois_display/text/atani.txt,data/evidence/whois_display/html/atani.html,yes,yes,yes,plain+decho+html,/Users/Lewis/.config/mudlet/profiles/Multi-Users in Middle-earth/mume_whois_archive.json
char_atlas,Atlas,Atlas,mha:atlas:1781577744:f4804cd0,high,Maia,atlas,data/evidence/whois_display/text/atlas.txt,data/evidence/whois_display/html/atlas.html,yes,yes,yes,plain+decho+html,/Users/Lewis/.config/mudlet/profiles/Multi-Users in Middle-earth/mume_whois_archive.json
char_auriane,Auriane,Auriane,mha:auriane:1781577755:7746e5d4,high,Maia,auriane,data/evidence/whois_display/text/auriane.txt,data/evidence/whois_display/html/auriane.html,yes,yes,yes,plain+decho+html,/Users/Lewis/.config/mudlet/profiles/Multi-Users in Middle-earth/mume_whois_archive.json
char_ausir,Ausir,Ausir,mha:ausir:1781577760:b356b6f1,high,Vala,ausir,data/evidence/whois_display/text/ausir.txt,data/evidence/whois_display/html/ausir.html,yes,yes,yes,plain+decho+html,/Users/Lewis/.config/mudlet/profiles/Multi-Users in Middle-earth/mume_whois_archive.json
char_avatar,Avatar,Avatar,mha:avatar:1781577766:f94eb62b,high,Maia,avatar,data/evidence/whois_display/text/avatar.txt,data/evidence/whois_display/html/avatar.html,yes,yes,yes,plain+decho+html,/Users/Lewis/.config/mudlet/profiles/Multi-Users in Middle-earth/mume_whois_archive.json
char_avitar,Avitar,Avitar,mha:avitar:1781577771:f7ae2c45,high,Vala,avitar,data/evidence/whois_display/text/avitar.txt,data/evidence/whois_display/html/avitar.html,yes,yes,yes,plain+decho+html,/Users/Lewis/.config/mudlet/profiles/Multi-Users in Middle-earth/mume_whois_archive.json
char_awhanil,Awhanil,Awhanil,mha:awhanil:1781577777:30a15f7b,high,Maia,awhanil,data/evidence/whois_display/text/awhanil.txt,data/evidence/whois_display/html/awhanil.html,yes,yes,yes,plain+decho+html,/Users/Lewis/.config/mudlet/profiles/Multi-Users in Middle-earth/mume_whois_archive.json
char_awreth,Awreth,Awreth,mha:awreth:1781577782:b730fde5,high,Maia,awreth,data/evidence/whois_display/text/awreth.txt,data/evidence/whois_display/html/awreth.html,yes,yes,yes,plain+decho+html,/Users/Lewis/.config/mudlet/profiles/Multi-Users in Middle-earth/mume_whois_archive.json
char_axel,Axel,Axel,mha:axel:1781577788:fb0702ee,high,Vala,axel,data/evidence/whois_display/text/axel.txt,data/evidence/whois_display/html/axel.html,yes,yes,yes,plain+decho+html,/Users/Lewis/.config/mudlet/profiles/Multi-Users in Middle-earth/mume_whois_archive.json
char_azaghâl,Azaghâl,Azaghâl,mha:azaghâl:1781577793:3344ddf5,high,Vala,azaghal,data/evidence/whois_display/text/azaghal.txt,data/evidence/whois_display/html/azaghal.html,yes,yes,yes,plain+decho+html,/Users/Lewis/.config/mudlet/profiles/Multi-Users in Middle-earth/mume_whois_archive.json
char_azan,Azan,Azan,mha:azan:1781577799:761966a3,high,Maia,azan,data/evidence/whois_display/text/azan.txt,data/evidence/whois_display/html/azan.html,yes,yes,yes,plain+decho+html,/Users/Lewis/.config/mudlet/profiles/Multi-Users in Middle-earth/mume_whois_archive.json
char_babe,Babe,Babe,mha:babe:1781577804:56a4ebf7,high,Building is a Maia,babe,data/evidence/whois_display/text/babe.txt,data/evidence/whois_display/html/babe.html,yes,yes,yes,plain+decho+html,/Users/Lewis/.config/mudlet/profiles/Multi-Users in Middle-earth/mume_whois_archive.json
char_badger,Badger,Badger,mha:badger:1781577810:7b64d476,high,Vala,badger,data/evidence/whois_display/text/badger.txt,data/evidence/whois_display/html/badger.html,yes,yes,yes,plain+decho+html,/Users/Lewis/.config/mudlet/profiles/Multi-Users in Middle-earth/mume_whois_archive.json
char_bahrud,Bahrud,Bahrud,mha:bahrud:1781577815:85fa664d,high,Maia,bahrud,data/evidence/whois_display/text/bahrud.txt,data/evidence/whois_display/html/bahrud.html,yes,yes,yes,plain+decho+html,/Users/Lewis/.config/mudlet/profiles/Multi-Users in Middle-earth/mume_whois_archive.json
char_baldur,Baldur,Baldur,mha:baldur:1781577826:2aca67f1,high,Maia,baldur,data/evidence/whois_display/text/baldur.txt,data/evidence/whois_display/html/baldur.html,yes,yes,yes,plain+decho+html,/Users/Lewis/.config/mudlet/profiles/Multi-Users in Middle-earth/mume_whois_archive.json
char_balux,Balux,Balux,mha:balux:1781577832:5d0eef0a,high,Maia,balux,data/evidence/whois_display/text/balux.txt,data/evidence/whois_display/html/balux.html,yes,yes,yes,plain+decho+html,/Users/Lewis/.config/mudlet/profiles/Multi-Users in Middle-earth/mume_whois_archive.json
char_bambuk,Bambuk,Bambuk,mha:bambuk:1781577837:397cad25,high,Maia,bambuk,data/evidence/whois_display/text/bambuk.txt,data/evidence/whois_display/html/bambuk.html,yes,yes,yes,plain+decho+html,/Users/Lewis/.config/mudlet/profiles/Multi-Users in Middle-earth/mume_whois_archive.json
char_bantak,Bantak,Bantak,mha:bantak:1781577843:28dbec9b,high,Maia,bantak,data/evidence/whois_display/text/bantak.txt,data/evidence/whois_display/html/bantak.html,yes,yes,yes,plain+decho+html,/Users/Lewis/.config/mudlet/profiles/Multi-Users in Middle-earth/mume_whois_archive.json
char_barinak,Barinak,Barinak,mha:barinak:1781577848:fd2d7f3c,high,Maia,barinak,data/evidence/whois_display/text/barinak.txt,data/evidence/whois_display/html/barinak.html,yes,yes,yes,plain+decho+html,/Users/Lewis/.config/mudlet/profiles/Multi-Users in Middle-earth/mume_whois_archive.json
char_barloen,Barloen,Barloen,mha:barloen:1781577854:5d41a30a,high,Maia,barloen,data/evidence/whois_display/text/barloen.txt,data/evidence/whois_display/html/barloen.html,yes,yes,yes,plain+decho+html,/Users/Lewis/.config/mudlet/profiles/Multi-Users in Middle-earth/mume_whois_archive.json
char_bayd,Bayd,Bayd,mha:bayd:1781577870:a2157da3,high,Maia,bayd,data/evidence/whois_display/text/bayd.txt,data/evidence/whois_display/html/bayd.html,yes,yes,yes,plain+decho+html,/Users/Lewis/.config/mudlet/profiles/Multi-Users in Middle-earth/mume_whois_archive.json
char_becha,Becha,Becha,mha:becha:1781577876:44f1d72b,high,Maia,becha,data/evidence/whois_display/text/becha.txt,data/evidence/whois_display/html/becha.html,yes,yes,yes,plain+decho+html,/Users/Lewis/.config/mudlet/profiles/Multi-Users in Middle-earth/mume_whois_archive.json
char_becrux,Becrux,Becrux,mha:becrux:1781577881:9b9d1f1b,high,Maia,becrux,data/evidence/whois_display/text/becrux.txt,data/evidence/whois_display/html/becrux.html,yes,yes,yes,plain+decho+html,/Users/Lewis/.config/mudlet/profiles/Multi-Users in Middle-earth/mume_whois_archive.json
char_beldin,Beldin,Beldin,mha:beldin:1781577887:29efabc0,high,Maia,beldin,data/evidence/whois_display/text/beldin.txt,data/evidence/whois_display/html/beldin.html,yes,yes,yes,plain+decho+html,/Users/Lewis/.config/mudlet/profiles/Multi-Users in Middle-earth/mume_whois_archive.json
char_belegor,Belegor,Belegor,mha:belegor:1781577892:cf06ad2a,high,Maia,belegor,data/evidence/whois_display/text/belegor.txt,data/evidence/whois_display/html/belegor.html,yes,yes,yes,plain+decho+html,/Users/Lewis/.config/mudlet/profiles/Multi-Users in Middle-earth/mume_whois_archive.json
char_belegurthruin,Belegurthruin,Belegurthruin,mha:belegurthruin:1781577898:c2514828,high,Maia,belegurthruin,data/evidence/whois_display/text/belegurthruin.txt,data/evidence/whois_display/html/belegurthruin.html,yes,yes,yes,plain+decho+html,/Users/Lewis/.config/mudlet/profiles/Multi-Users in Middle-earth/mume_whois_archive.json
char_belenos,Belenos,Belenos,mha:belenos:1781577903:22d19e5d,high,Maia,belenos,data/evidence/whois_display/text/belenos.txt,data/evidence/whois_display/html/belenos.html,yes,yes,yes,plain+decho+html,/Users/Lewis/.config/mudlet/profiles/Multi-Users in Middle-earth/mume_whois_archive.json
char_belewor,Belewor,Belewor,mha:belewor:1781577909:96a49560,high,Maia,belewor,data/evidence/whois_display/text/belewor.txt,data/evidence/whois_display/html/belewor.html,yes,yes,yes,plain+decho+html,/Users/Lewis/.config/mudlet/profiles/Multi-Users in Middle-earth/mume_whois_archive.json
char_belmir,Belmir,Belmir,mha:belmir:1781577914:90ddd91d,high,Maia,belmir,data/evidence/whois_display/text/belmir.txt,data/evidence/whois_display/html/belmir.html,yes,yes,yes,plain+decho+html,/Users/Lewis/.config/mudlet/profiles/Multi-Users in Middle-earth/mume_whois_archive.json
char_beran,Beran,Beran,mha:beran:1781577920:b0f0aedc,high,Maia,beran,data/evidence/whois_display/text/beran.txt,data/evidence/whois_display/html/beran.html,yes,yes,yes,plain+decho+html,/Users/Lewis/.config/mudlet/profiles/Multi-Users in Middle-earth/mume_whois_archive.json
char_beregond,Beregond,Beregond,mha:beregond:1781577925:b1e429b7,high,Maia,beregond,data/evidence/whois_display/text/beregond.txt,data/evidence/whois_display/html/beregond.html,yes,yes,yes,plain+decho+html,/Users/Lewis/.config/mudlet/profiles/Multi-Users in Middle-earth/mume_whois_archive.json
char_berek,Berek,Berek,mha:berek:1781577931:979b8149,high,Maia,berek,data/evidence/whois_display/text/berek.txt,data/evidence/whois_display/html/berek.html,yes,yes,yes,plain+decho+html,/Users/Lewis/.config/mudlet/profiles/Multi-Users in Middle-earth/mume_whois_archive.json
char_berend,Berend,Berend,mha:berend:1781577936:e2cae375,high,Maia,berend,data/evidence/whois_display/text/berend.txt,data/evidence/whois_display/html/berend.html,yes,yes,yes,plain+decho+html,/Users/Lewis/.config/mudlet/profiles/Multi-Users in Middle-earth/mume_whois_archive.json
char_berogond,Berogond,Berogond,mha:berogond:1781577942:a6fa16f9,high,Maia,berogond,data/evidence/whois_display/text/berogond.txt,data/evidence/whois_display/html/berogond.html,yes,yes,yes,plain+decho+html,/Users/Lewis/.config/mudlet/profiles/Multi-Users in Middle-earth/mume_whois_archive.json
char_better,BETTER,Bairanax,mha:bairanax:1781577821:39d8d392,high,Maia,better,data/evidence/whois_display/text/better.txt,data/evidence/whois_display/html/better.html,yes,yes,yes,plain+decho+html,/Users/Lewis/.config/mudlet/profiles/Multi-Users in Middle-earth/mume_whois_archive.json
char_bit,Bit,Bit,mha:bit:1781577953:579f22e2,high,Maia,bit,data/evidence/whois_display/text/bit.txt,data/evidence/whois_display/html/bit.html,yes,yes,yes,plain+decho+html,/Users/Lewis/.config/mudlet/profiles/Multi-Users in Middle-earth/mume_whois_archive.json
char_bjorne,Bjorne,Bjorne,mha:bjorne:1781577958:5bc1ea64,high,Maia,bjorne,data/evidence/whois_display/text/bjorne.txt,data/evidence/whois_display/html/bjorne.html,yes,yes,yes,plain+decho+html,/Users/Lewis/.config/mudlet/profiles/Multi-Users in Middle-earth/mume_whois_archive.json
char_bladorfat,Bladorfat,Bladorfat,mha:bladorfat:1781577975:d163fa2e,high,Maia,bladorfat,data/evidence/whois_display/text/bladorfat.txt,data/evidence/whois_display/html/bladorfat.html,yes,yes,yes,plain+decho+html,/Users/Lewis/.config/mudlet/profiles/Multi-Users in Middle-earth/mume_whois_archive.json
char_blimb,Blimb,Blimb,mha:blimb:1781577980:60d81291,high,Maia,blimb,data/evidence/whois_display/text/blimb.txt,data/evidence/whois_display/html/blimb.html,yes,yes,yes,plain+decho+html,/Users/Lewis/.config/mudlet/profiles/Multi-Users in Middle-earth/mume_whois_archive.json
char_bobbie,Bobbie,Bobbie,mha:bobbie:1781578429:ea3821a9,high,Maia,bobbie,data/evidence/whois_display/text/bobbie.txt,data/evidence/whois_display/html/bobbie.html,yes,yes,yes,plain+decho+html,/Users/Lewis/.config/mudlet/profiles/Multi-Users in Middle-earth/mume_whois_archive.json
char_bodruith,Bodruith,Bodruith,mha:bodruith:1781578448:319f7b2c,high,Maia,bodruith,data/evidence/whois_display/text/bodruith.txt,data/evidence/whois_display/html/bodruith.html,yes,yes,yes,plain+decho+html,/Users/Lewis/.config/mudlet/profiles/Multi-Users in Middle-earth/mume_whois_archive.json
char_boing,Boing,Boing,mha:boing:1781578454:432e04ef,high,Maia,boing,data/evidence/whois_display/text/boing.txt,data/evidence/whois_display/html/boing.html,yes,yes,yes,plain+decho+html,/Users/Lewis/.config/mudlet/profiles/Multi-Users in Middle-earth/mume_whois_archive.json
char_bomber,Bomber,Bomber,mha:bomber:1781578459:2e295cfe,high,Maia,bomber,data/evidence/whois_display/text/bomber.txt,data/evidence/whois_display/html/bomber.html,yes,yes,yes,plain+decho+html,/Users/Lewis/.config/mudlet/profiles/Multi-Users in Middle-earth/mume_whois_archive.json
char_bore,Bore,Bore,mha:bore:1781578465:c261a1b7,high,Maia,bore,data/evidence/whois_display/text/bore.txt,data/evidence/whois_display/html/bore.html,yes,yes,yes,plain+decho+html,/Users/Lewis/.config/mudlet/profiles/Multi-Users in Middle-earth/mume_whois_archive.json
char_borne,Borne,Borne,mha:borne:1781578470:01a7e960,high,snooring and stuff is a Maia,borne,data/evidence/whois_display/text/borne.txt,data/evidence/whois_display/html/borne.html,yes,yes,yes,plain+decho+html,/Users/Lewis/.config/mudlet/profiles/Multi-Users in Middle-earth/mume_whois_archive.json
char_brandish,Brandish,Brandish,mha:brandish:1781578476:c0e0ba1b,high,Maia,brandish,data/evidence/whois_display/text/brandish.txt,data/evidence/whois_display/html/brandish.html,yes,yes,yes,plain+decho+html,/Users/Lewis/.config/mudlet/profiles/Multi-Users in Middle-earth/mume_whois_archive.json
char_brico,Brico,Brico,mha:brico:1781578481:a57068e8,high,Maia,brico,data/evidence/whois_display/text/brico.txt,data/evidence/whois_display/html/brico.html,yes,yes,yes,plain+decho+html,/Users/Lewis/.config/mudlet/profiles/Multi-Users in Middle-earth/mume_whois_archive.json
char_bruce,Bruce,Bruce,mha:bruce:1781578487:c6f14eb1,high,Maia,bruce,data/evidence/whois_display/text/bruce.txt,data/evidence/whois_display/html/bruce.html,yes,yes,yes,plain+decho+html,/Users/Lewis/.config/mudlet/profiles/Multi-Users in Middle-earth/mume_whois_archive.json
char_brylon,Brylon,Brylon,mha:brylon:1781578492:9e11188e,high,Maia,brylon,data/evidence/whois_display/text/brylon.txt,data/evidence/whois_display/html/brylon.html,yes,yes,yes,plain+decho+html,/Users/Lewis/.config/mudlet/profiles/Multi-Users in Middle-earth/mume_whois_archive.json
char_bubla,Bubla,Bubla,mha:bubla:1781578498:e23ed447,high,Maia,bubla,data/evidence/whois_display/text/bubla.txt,data/evidence/whois_display/html/bubla.html,yes,yes,yes,plain+decho+html,/Users/Lewis/.config/mudlet/profiles/Multi-Users in Middle-earth/mume_whois_archive.json
char_bullroarer,Bullroarer,Bullroarer,mha:bullroarer:1781578503:e117c766,high,Maia,bullroarer,data/evidence/whois_display/text/bullroarer.txt,data/evidence/whois_display/html/bullroarer.html,yes,yes,yes,plain+decho+html,/Users/Lewis/.config/mudlet/profiles/Multi-Users in Middle-earth/mume_whois_archive.json
char_burb,Burb,Burb,mha:burb:1781578509:7c122bd2,high,tired of resting is a Maia,burb,data/evidence/whois_display/text/burb.txt,data/evidence/whois_display/html/burb.html,yes,yes,yes,plain+decho+html,/Users/Lewis/.config/mudlet/profiles/Multi-Users in Middle-earth/mume_whois_archive.json
char_burl,Burl,Burl,mha:burl:1781578514:5a85b5ba,high,Maia,burl,data/evidence/whois_display/text/burl.txt,data/evidence/whois_display/html/burl.html,yes,yes,yes,plain+decho+html,/Users/Lewis/.config/mudlet/profiles/Multi-Users in Middle-earth/mume_whois_archive.json
char_burnus,Burnus,Burnus,mha:burnus:1781578520:8977b71a,high,Maia,burnus,data/evidence/whois_display/text/burnus.txt,data/evidence/whois_display/html/burnus.html,yes,yes,yes,plain+decho+html,/Users/Lewis/.config/mudlet/profiles/Multi-Users in Middle-earth/mume_whois_archive.json
char_caerroil,Caerroil,Caerroil,mha:caerroil:1781578525:d597dd20,high,Maia,caerroil,data/evidence/whois_display/text/caerroil.txt,data/evidence/whois_display/html/caerroil.html,yes,yes,yes,plain+decho+html,/Users/Lewis/.config/mudlet/profiles/Multi-Users in Middle-earth/mume_whois_archive.json
char_caesar,Caesar,Caesar,mha:caesar:1781578531:655884aa,high,traipsing and frolicking in Rohan is a Maia,caesar,data/evidence/whois_display/text/caesar.txt,data/evidence/whois_display/html/caesar.html,yes,yes,yes,plain+decho+html,/Users/Lewis/.config/mudlet/profiles/Multi-Users in Middle-earth/mume_whois_archive.json
char_cai,Cai,Cai,mha:cai:1781578536:aff90015,high,Maia,cai,data/evidence/whois_display/text/cai.txt,data/evidence/whois_display/html/cai.html,yes,yes,yes,plain+decho+html,/Users/Lewis/.config/mudlet/profiles/Multi-Users in Middle-earth/mume_whois_archive.json
char_caidi,Caidi,Caidi,mha:caidi:1781578542:dbebd4ab,high,Maia,caidi,data/evidence/whois_display/text/caidi.txt,data/evidence/whois_display/html/caidi.html,yes,yes,yes,plain+decho+html,/Users/Lewis/.config/mudlet/profiles/Multi-Users in Middle-earth/mume_whois_archive.json
char_calamity,Calamity,Calamity,mha:calamity:1781578547:699b0afe,high,Maia,calamity,data/evidence/whois_display/text/calamity.txt,data/evidence/whois_display/html/calamity.html,yes,yes,yes,plain+decho+html,/Users/Lewis/.config/mudlet/profiles/Multi-Users in Middle-earth/mume_whois_archive.json
char_caldan,Caldan,Caldan,mha:caldan:1781578553:859b451b,high,Maia,caldan,data/evidence/whois_display/text/caldan.txt,data/evidence/whois_display/html/caldan.html,yes,yes,yes,plain+decho+html,/Users/Lewis/.config/mudlet/profiles/Multi-Users in Middle-earth/mume_whois_archive.json
char_calebin,Calebin,Calebin,mha:calebin:1781578558:5dcbfe68,high,Maia,calebin,data/evidence/whois_display/text/calebin.txt,data/evidence/whois_display/html/calebin.html,yes,yes,yes,plain+decho+html,/Users/Lewis/.config/mudlet/profiles/Multi-Users in Middle-earth/mume_whois_archive.json
char_calesto,Calesto,Calesto,mha:calesto:1781578564:8255b7ab,high,Maia,calesto,data/evidence/whois_display/text/calesto.txt,data/evidence/whois_display/html/calesto.html,yes,yes,yes,plain+decho+html,/Users/Lewis/.config/mudlet/profiles/Multi-Users in Middle-earth/mume_whois_archive.json
char_calmacil,Calmacil,Calmacil,mha:calmacil:1781578569:715f81a2,high,Maia,calmacil,data/evidence/whois_display/text/calmacil.txt,data/evidence/whois_display/html/calmacil.html,yes,yes,yes,plain+decho+html,/Users/Lewis/.config/mudlet/profiles/Multi-Users in Middle-earth/mume_whois_archive.json
char_cararion,Cararion,Cararion,mha:cararion:1781578575:7ba17521,high,Maia,cararion,data/evidence/whois_display/text/cararion.txt,data/evidence/whois_display/html/cararion.html,yes,yes,yes,plain+decho+html,/Users/Lewis/.config/mudlet/profiles/Multi-Users in Middle-earth/mume_whois_archive.json
char_cardin,Cardin,Cardin,mha:cardin:1781578580:056ac69a,high,Maia,cardin,data/evidence/whois_display/text/cardin.txt,data/evidence/whois_display/html/cardin.html,yes,yes,yes,plain+decho+html,/Users/Lewis/.config/mudlet/profiles/Multi-Users in Middle-earth/mume_whois_archive.json
char_carousel,Carousel,Carousel,mha:carousel:1781578586:d8fdcd4c,high,Maia,carousel,data/evidence/whois_display/text/carousel.txt,data/evidence/whois_display/html/carousel.html,yes,yes,yes,plain+decho+html,/Users/Lewis/.config/mudlet/profiles/Multi-Users in Middle-earth/mume_whois_archive.json
char_cassanunda,Cassanunda,Cassanunda,mha:cassanunda:1781578591:ff49e697,high,Maia,cassanunda,data/evidence/whois_display/text/cassanunda.txt,data/evidence/whois_display/html/cassanunda.html,yes,yes,yes,plain+decho+html,/Users/Lewis/.config/mudlet/profiles/Multi-Users in Middle-earth/mume_whois_archive.json
char_cedrim,Cedrim,Cedrim,mha:cedrim:1781578597:ef81e474,high,Maia,cedrim,data/evidence/whois_display/text/cedrim.txt,data/evidence/whois_display/html/cedrim.html,yes,yes,yes,plain+decho+html,/Users/Lewis/.config/mudlet/profiles/Multi-Users in Middle-earth/mume_whois_archive.json
char_ceeris,Ceeris,Ceeris,mha:ceeris:1781578602:9bce40bd,high,Maia,ceeris,data/evidence/whois_display/text/ceeris.txt,data/evidence/whois_display/html/ceeris.html,yes,yes,yes,plain+decho+html,/Users/Lewis/.config/mudlet/profiles/Multi-Users in Middle-earth/mume_whois_archive.json
char_celebsil,Celebsil,Celebsil,mha:celebsil:1781578608:673bd5d8,high,back and bored is a Maia,celebsil,data/evidence/whois_display/text/celebsil.txt,data/evidence/whois_display/html/celebsil.html,yes,yes,yes,plain+decho+html,/Users/Lewis/.config/mudlet/profiles/Multi-Users in Middle-earth/mume_whois_archive.json
char_ceno,Ceno,Ceno,mha:ceno:1781578613:788f43b6,high,is a Maia,ceno,data/evidence/whois_display/text/ceno.txt,data/evidence/whois_display/html/ceno.html,yes,yes,yes,plain+decho+html,/Users/Lewis/.config/mudlet/profiles/Multi-Users in Middle-earth/mume_whois_archive.json
char_ceres,Ceres,Ceres,mha:ceres:1781578619:9524bf1f,high,Maia,ceres,data/evidence/whois_display/text/ceres.txt,data/evidence/whois_display/html/ceres.html,yes,yes,yes,plain+decho+html,/Users/Lewis/.config/mudlet/profiles/Multi-Users in Middle-earth/mume_whois_archive.json
char_chauncey,Chauncey,Chauncey,mha:chauncey:1781578624:b4deb352,high,Maia,chauncey,data/evidence/whois_display/text/chauncey.txt,data/evidence/whois_display/html/chauncey.html,yes,yes,yes,plain+decho+html,/Users/Lewis/.config/mudlet/profiles/Multi-Users in Middle-earth/mume_whois_archive.json
char_chavez,Chavez,Chavez,mha:chavez:1781578630:0e66db6e,high,Maia,chavez,data/evidence/whois_display/text/chavez.txt,data/evidence/whois_display/html/chavez.html,yes,yes,yes,plain+decho+html,/Users/Lewis/.config/mudlet/profiles/Multi-Users in Middle-earth/mume_whois_archive.json
char_chay,Chay,Chay,mha:chay:1781578635:a40a40fa,high,Maia,chay,data/evidence/whois_display/text/chay.txt,data/evidence/whois_display/html/chay.html,yes,yes,yes,plain+decho+html,/Users/Lewis/.config/mudlet/profiles/Multi-Users in Middle-earth/mume_whois_archive.json
char_chicken,Chicken,Chicken,mha:chicken:1781578641:d7edcc9e,high,forbidden to get a kit by the Valar is a Maia,chicken,data/evidence/whois_display/text/chicken.txt,data/evidence/whois_display/html/chicken.html,yes,yes,yes,plain+decho+html,/Users/Lewis/.config/mudlet/profiles/Multi-Users in Middle-earth/mume_whois_archive.json
char_chops,Chops,Chops,mha:chops:1781578646:5328bdf9,high,Maia,chops,data/evidence/whois_display/text/chops.txt,data/evidence/whois_display/html/chops.html,yes,yes,yes,plain+decho+html,/Users/Lewis/.config/mudlet/profiles/Multi-Users in Middle-earth/mume_whois_archive.json
char_chrizt,Chrizt,Chrizt,mha:chrizt:1781578652:e79530b2,high,with you is a Maia,chrizt,data/evidence/whois_display/text/chrizt.txt,data/evidence/whois_display/html/chrizt.html,yes,yes,yes,plain+decho+html,/Users/Lewis/.config/mudlet/profiles/Multi-Users in Middle-earth/mume_whois_archive.json
char_chuck,Chuck,Chuck,mha:chuck:1781578657:22fd8ed3,high,Maia,chuck,data/evidence/whois_display/text/chuck.txt,data/evidence/whois_display/html/chuck.html,yes,yes,yes,plain+decho+html,/Users/Lewis/.config/mudlet/profiles/Multi-Users in Middle-earth/mume_whois_archive.json
char_ciara,Ciara,Ciara,mha:ciara:1781578663:e783c7f9,high,Maia,ciara,data/evidence/whois_display/text/ciara.txt,data/evidence/whois_display/html/ciara.html,yes,yes,yes,plain+decho+html,/Users/Lewis/.config/mudlet/profiles/Multi-Users in Middle-earth/mume_whois_archive.json
char_cielo,Cielo,Cielo,mha:cielo:1781578668:15cc04d2,high,Maia,cielo,data/evidence/whois_display/text/cielo.txt,data/evidence/whois_display/html/cielo.html,yes,yes,yes,plain+decho+html,/Users/Lewis/.config/mudlet/profiles/Multi-Users in Middle-earth/mume_whois_archive.json
char_ciltor,Ciltor,Ciltor,mha:ciltor:1781578674:34fbbcf7,high,Maia,ciltor,data/evidence/whois_display/text/ciltor.txt,data/evidence/whois_display/html/ciltor.html,yes,yes,yes,plain+decho+html,/Users/Lewis/.config/mudlet/profiles/Multi-Users in Middle-earth/mume_whois_archive.json
char_citygaurd,Citygaurd,Citygaurd,mha:citygaurd:1781578679:19a52dd5,high,Maia,citygaurd,data/evidence/whois_display/text/citygaurd.txt,data/evidence/whois_display/html/citygaurd.html,yes,yes,yes,plain+decho+html,/Users/Lewis/.config/mudlet/profiles/Multi-Users in Middle-earth/mume_whois_archive.json
char_cliff,Cliff,Cliff,mha:cliff:1781578685:c38a8a90,high,Maia,cliff,data/evidence/whois_display/text/cliff.txt,data/evidence/whois_display/html/cliff.html,yes,yes,yes,plain+decho+html,/Users/Lewis/.config/mudlet/profiles/Multi-Users in Middle-earth/mume_whois_archive.json
char_cobble,Cobble,Cobble,mha:cobble:1781578690:899f96dc,high,Maia,cobble,data/evidence/whois_display/text/cobble.txt,data/evidence/whois_display/html/cobble.html,yes,yes,yes,plain+decho+html,/Users/Lewis/.config/mudlet/profiles/Multi-Users in Middle-earth/mume_whois_archive.json
char_conklin,Conklin,Conklin,mha:conklin:1781578696:88b21557,high,Maia,conklin,data/evidence/whois_display/text/conklin.txt,data/evidence/whois_display/html/conklin.html,yes,yes,yes,plain+decho+html,/Users/Lewis/.config/mudlet/profiles/Multi-Users in Middle-earth/mume_whois_archive.json
char_cookie,Cookie,Cookie,mha:cookie:1781578702:99f87b54,high,Maia,cookie,data/evidence/whois_display/text/cookie.txt,data/evidence/whois_display/html/cookie.html,yes,yes,yes,plain+decho+html,/Users/Lewis/.config/mudlet/profiles/Multi-Users in Middle-earth/mume_whois_archive.json
char_cormac,Cormac,Cormac,mha:cormac:1781578707:9370a283,high,Maia,cormac,data/evidence/whois_display/text/cormac.txt,data/evidence/whois_display/html/cormac.html,yes,yes,yes,plain+decho+html,/Users/Lewis/.config/mudlet/profiles/Multi-Users in Middle-earth/mume_whois_archive.json
char_cosmos,Cosmos,Cosmos,mha:cosmos:1781578713:17ea292b,high,Maia,cosmos,data/evidence/whois_display/text/cosmos.txt,data/evidence/whois_display/html/cosmos.html,yes,yes,yes,plain+decho+html,/Users/Lewis/.config/mudlet/profiles/Multi-Users in Middle-earth/mume_whois_archive.json
char_covah,Covah,Covah,mha:covah:1781578718:cda8fa2c,high,Maia,covah,data/evidence/whois_display/text/covah.txt,data/evidence/whois_display/html/covah.html,yes,yes,yes,plain+decho+html,/Users/Lewis/.config/mudlet/profiles/Multi-Users in Middle-earth/mume_whois_archive.json
char_coydt,Coydt,Coydt,mha:coydt:1781578724:c2e25b33,high,Maia,coydt,data/evidence/whois_display/text/coydt.txt,data/evidence/whois_display/html/coydt.html,yes,yes,yes,plain+decho+html,/Users/Lewis/.config/mudlet/profiles/Multi-Users in Middle-earth/mume_whois_archive.json
char_crazack,Crazack,Crazack,mha:crazack:1781578729:8f0f9001,high,Maia,crazack,data/evidence/whois_display/text/crazack.txt,data/evidence/whois_display/html/crazack.html,yes,yes,yes,plain+decho+html,/Users/Lewis/.config/mudlet/profiles/Multi-Users in Middle-earth/mume_whois_archive.json
char_critter,Critter,Critter,mha:critter:1781578740:61ca9cbc,high,Maia,critter,data/evidence/whois_display/text/critter.txt,data/evidence/whois_display/html/critter.html,yes,yes,yes,plain+decho+html,/Users/Lewis/.config/mudlet/profiles/Multi-Users in Middle-earth/mume_whois_archive.json
char_cryhavoc,CryHavoc,CryHavoc,mha:cryhavoc:1781578746:b4050d2c,high,Implementor,cryhavoc,data/evidence/whois_display/text/cryhavoc.txt,data/evidence/whois_display/html/cryhavoc.html,yes,yes,yes,plain+decho+html,/Users/Lewis/.config/mudlet/profiles/Multi-Users in Middle-earth/mume_whois_archive.json
char_crysania,Crysania,Crysania,mha:crysania:1781578751:633c14f2,high,Maia,crysania,data/evidence/whois_display/text/crysania.txt,data/evidence/whois_display/html/crysania.html,yes,yes,yes,plain+decho+html,/Users/Lewis/.config/mudlet/profiles/Multi-Users in Middle-earth/mume_whois_archive.json
char_cuantar,Cuantar,Cuantar,mha:cuantar:1781578757:50d902a5,high,Maia,cuantar,data/evidence/whois_display/text/cuantar.txt,data/evidence/whois_display/html/cuantar.html,yes,yes,yes,plain+decho+html,/Users/Lewis/.config/mudlet/profiles/Multi-Users in Middle-earth/mume_whois_archive.json
char_culbor,Culbor,Culbor,mha:culbor:1781578762:3e34a4d4,high,Maia,culbor,data/evidence/whois_display/text/culbor.txt,data/evidence/whois_display/html/culbor.html,yes,yes,yes,plain+decho+html,/Users/Lewis/.config/mudlet/profiles/Multi-Users in Middle-earth/mume_whois_archive.json
char_curumo,Curumo,Curumo,mha:curumo:1781578768:0ef46ece,high,Maia,curumo,data/evidence/whois_display/text/curumo.txt,data/evidence/whois_display/html/curumo.html,yes,yes,yes,plain+decho+html,/Users/Lewis/.config/mudlet/profiles/Multi-Users in Middle-earth/mume_whois_archive.json
char_cute,Cute,Cute,mha:cute:1781578773:a6033344,high,Maia,cute,data/evidence/whois_display/text/cute.txt,data/evidence/whois_display/html/cute.html,yes,yes,yes,plain+decho+html,/Users/Lewis/.config/mudlet/profiles/Multi-Users in Middle-earth/mume_whois_archive.json
char_cúthalion,Cúthalion,Cúthalion,mha:cúthalion:1781578779:6c6c860e,high,Maia,cuthalion,data/evidence/whois_display/text/cuthalion.txt,data/evidence/whois_display/html/cuthalion.html,yes,yes,yes,plain+decho+html,/Users/Lewis/.config/mudlet/profiles/Multi-Users in Middle-earth/mume_whois_archive.json
char_daemor,Daemor,Daemor,mha:daemor:1781578784:fa215856,high,Maia,daemor,data/evidence/whois_display/text/daemor.txt,data/evidence/whois_display/html/daemor.html,yes,yes,yes,plain+decho+html,/Users/Lewis/.config/mudlet/profiles/Multi-Users in Middle-earth/mume_whois_archive.json
char_dand,Dand,Dand,mha:dand:1781578790:6f473416,high,Gone is a Maia,dand,data/evidence/whois_display/text/dand.txt,data/evidence/whois_display/html/dand.html,yes,yes,yes,plain+decho+html,/Users/Lewis/.config/mudlet/profiles/Multi-Users in Middle-earth/mume_whois_archive.json
char_daniel,Daniel,Daniel,mha:daniel:1781578795:79250bf8,high,Maia,daniel,data/evidence/whois_display/text/daniel.txt,data/evidence/whois_display/html/daniel.html,yes,yes,yes,plain+decho+html,/Users/Lewis/.config/mudlet/profiles/Multi-Users in Middle-earth/mume_whois_archive.json
char_darcy,Darcy,Darcy,mha:darcy:1781578801:6d5e6312,high,Maia,darcy,data/evidence/whois_display/text/darcy.txt,data/evidence/whois_display/html/darcy.html,yes,yes,yes,plain+decho+html,/Users/Lewis/.config/mudlet/profiles/Multi-Users in Middle-earth/mume_whois_archive.json
char_dardhel,Dardhel,Dardhel,mha:dardhel:1781578806:e7813998,high,Maia,dardhel,data/evidence/whois_display/text/dardhel.txt,data/evidence/whois_display/html/dardhel.html,yes,yes,yes,plain+decho+html,/Users/Lewis/.config/mudlet/profiles/Multi-Users in Middle-earth/mume_whois_archive.json
char_daro,Daro,Daro,mha:daro:1781578817:32beda64,high,Maia,daro,data/evidence/whois_display/text/daro.txt,data/evidence/whois_display/html/daro.html,yes,yes,yes,plain+decho+html,/Users/Lewis/.config/mudlet/profiles/Multi-Users in Middle-earth/mume_whois_archive.json
char_darquin,Darquin,Darquin,mha:darquin:1781578823:d6ccefb9,high,Maia,darquin,data/evidence/whois_display/text/darquin.txt,data/evidence/whois_display/html/darquin.html,yes,yes,yes,plain+decho+html,/Users/Lewis/.config/mudlet/profiles/Multi-Users in Middle-earth/mume_whois_archive.json
char_darvil,Darvil,Darvil,mha:darvil:1781578834:9cfc28cb,high,Maia,darvil,data/evidence/whois_display/text/darvil.txt,data/evidence/whois_display/html/darvil.html,yes,yes,yes,plain+decho+html,/Users/Lewis/.config/mudlet/profiles/Multi-Users in Middle-earth/mume_whois_archive.json
char_daryl,Daryl,Daryl,mha:daryl:1781578840:5feb75aa,high,Maia,daryl,data/evidence/whois_display/text/daryl.txt,data/evidence/whois_display/html/daryl.html,yes,yes,yes,plain+decho+html,/Users/Lewis/.config/mudlet/profiles/Multi-Users in Middle-earth/mume_whois_archive.json
char_dawnborn,Dawnborn,Dawnborn,mha:dawnborn:1781578851:890d31b8,high,Maia,dawnborn,data/evidence/whois_display/text/dawnborn.txt,data/evidence/whois_display/html/dawnborn.html,yes,yes,yes,plain+decho+html,/Users/Lewis/.config/mudlet/profiles/Multi-Users in Middle-earth/mume_whois_archive.json
char_deamon,Deamon,Deamon,mha:deamon:1781578856:aa26f6bd,high,Maia,deamon,data/evidence/whois_display/text/deamon.txt,data/evidence/whois_display/html/deamon.html,yes,yes,yes,plain+decho+html,/Users/Lewis/.config/mudlet/profiles/Multi-Users in Middle-earth/mume_whois_archive.json
char_deda,Deda,Deda,mha:deda:1781578862:bc42ff21,high,Maia,deda,data/evidence/whois_display/text/deda.txt,data/evidence/whois_display/html/deda.html,yes,yes,yes,plain+decho+html,/Users/Lewis/.config/mudlet/profiles/Multi-Users in Middle-earth/mume_whois_archive.json
char_degolas,Degolas,Degolas,mha:degolas:1781578867:18eaba23,high,Maia,degolas,data/evidence/whois_display/text/degolas.txt,data/evidence/whois_display/html/degolas.html,yes,yes,yes,plain+decho+html,/Users/Lewis/.config/mudlet/profiles/Multi-Users in Middle-earth/mume_whois_archive.json
char_dende,Dende,Dende,mha:dende:1781578873:96b9f540,high,Maia,dende,data/evidence/whois_display/text/dende.txt,data/evidence/whois_display/html/dende.html,yes,yes,yes,plain+decho+html,/Users/Lewis/.config/mudlet/profiles/Multi-Users in Middle-earth/mume_whois_archive.json
char_deneth,Deneth,Deneth,mha:deneth:1781578878:1990f5e8,high,Maia,deneth,data/evidence/whois_display/text/deneth.txt,data/evidence/whois_display/html/deneth.html,yes,yes,yes,plain+decho+html,/Users/Lewis/.config/mudlet/profiles/Multi-Users in Middle-earth/mume_whois_archive.json
char_deodred,Deodred,Deodred,mha:deodred:1781578884:f8d745f0,high,Maia,deodred,data/evidence/whois_display/text/deodred.txt,data/evidence/whois_display/html/deodred.html,yes,yes,yes,plain+decho+html,/Users/Lewis/.config/mudlet/profiles/Multi-Users in Middle-earth/mume_whois_archive.json
char_deriel,Deriel,Deriel,mha:deriel:1781578889:994c7667,high,Maia,deriel,data/evidence/whois_display/text/deriel.txt,data/evidence/whois_display/html/deriel.html,yes,yes,yes,plain+decho+html,/Users/Lewis/.config/mudlet/profiles/Multi-Users in Middle-earth/mume_whois_archive.json
char_dewa,Dewa,Dewa,mha:dewa:1781578900:84a08a38,high,Maia,dewa,data/evidence/whois_display/text/dewa.txt,data/evidence/whois_display/html/dewa.html,yes,yes,yes,plain+decho+html,/Users/Lewis/.config/mudlet/profiles/Multi-Users in Middle-earth/mume_whois_archive.json
char_dhalia,Dhalia,Dhalia,mha:dhalia:1781578906:109b3a3f,high,Maia,dhalia,data/evidence/whois_display/text/dhalia.txt,data/evidence/whois_display/html/dhalia.html,yes,yes,yes,plain+decho+html,/Users/Lewis/.config/mudlet/profiles/Multi-Users in Middle-earth/mume_whois_archive.json
char_diana,Diana,Diana,mha:diana:1781578911:31b71146,high,Maia,diana,data/evidence/whois_display/text/diana.txt,data/evidence/whois_display/html/diana.html,yes,yes,yes,plain+decho+html,/Users/Lewis/.config/mudlet/profiles/Multi-Users in Middle-earth/mume_whois_archive.json
char_digital,digital,Akihiko,mha:akihiko:1781576710:1d1c0100,high,Maia,digital,data/evidence/whois_display/text/digital.txt,data/evidence/whois_display/html/digital.html,yes,yes,yes,plain+decho+html,/Users/Lewis/.config/mudlet/profiles/Multi-Users in Middle-earth/mume_whois_archive.json
char_division,division,Draak,mha:draak:1781578944:4029fb7f,high,Maia,division,data/evidence/whois_display/text/division.txt,data/evidence/whois_display/html/division.html,yes,yes,yes,plain+decho+html,/Users/Lewis/.config/mudlet/profiles/Multi-Users in Middle-earth/mume_whois_archive.json
char_djinn,Djinn,Djinn,mha:djinn:1781578917:f18d683f,high,Maia,djinn,data/evidence/whois_display/text/djinn.txt,data/evidence/whois_display/html/djinn.html,yes,yes,yes,plain+decho+html,/Users/Lewis/.config/mudlet/profiles/Multi-Users in Middle-earth/mume_whois_archive.json
char_donutello,Donutello,Donutello,mha:donutello:1781578922:317dc2e6,high,Maia,donutello,data/evidence/whois_display/text/donutello.txt,data/evidence/whois_display/html/donutello.html,yes,yes,yes,plain+decho+html,/Users/Lewis/.config/mudlet/profiles/Multi-Users in Middle-earth/mume_whois_archive.json
char_dorien,Dorien,Dorien,mha:dorien:1781578928:8ef985f9,high,Maia,dorien,data/evidence/whois_display/text/dorien.txt,data/evidence/whois_display/html/dorien.html,yes,yes,yes,plain+decho+html,/Users/Lewis/.config/mudlet/profiles/Multi-Users in Middle-earth/mume_whois_archive.json
char_dorn,Dorn,Dorn,mha:dorn:1781578939:4caf4f97,high,Maia,dorn,data/evidence/whois_display/text/dorn.txt,data/evidence/whois_display/html/dorn.html,yes,yes,yes,plain+decho+html,/Users/Lewis/.config/mudlet/profiles/Multi-Users in Middle-earth/mume_whois_archive.json
char_drago,Drago,Drago,mha:drago:1781578950:5cec1894,high,Maia,drago,data/evidence/whois_display/text/drago.txt,data/evidence/whois_display/html/drago.html,yes,yes,yes,plain+decho+html,/Users/Lewis/.config/mudlet/profiles/Multi-Users in Middle-earth/mume_whois_archive.json
char_drakiz,Drakiz,Drakiz,mha:drakiz:1781578955:dd8eb2f3,high,Maia,drakiz,data/evidence/whois_display/text/drakiz.txt,data/evidence/whois_display/html/drakiz.html,yes,yes,yes,plain+decho+html,/Users/Lewis/.config/mudlet/profiles/Multi-Users in Middle-earth/mume_whois_archive.json
char_draught,Draught,Draught,mha:draught:1781578961:52be9484,high,"Vala, one of the Aratar",draught,data/evidence/whois_display/text/draught.txt,data/evidence/whois_display/html/draught.html,yes,yes,yes,plain+decho+html,/Users/Lewis/.config/mudlet/profiles/Multi-Users in Middle-earth/mume_whois_archive.json
char_drink,Drink,Drink,mha:drink:1781578966:188b6f7a,high,Maia,drink,data/evidence/whois_display/text/drink.txt,data/evidence/whois_display/html/drink.html,yes,yes,yes,plain+decho+html,/Users/Lewis/.config/mudlet/profiles/Multi-Users in Middle-earth/mume_whois_archive.json
char_drugar,Drugar,Drugar,mha:drugar:1781578972:e0759e68,high,Maia,drugar,data/evidence/whois_display/text/drugar.txt,data/evidence/whois_display/html/drugar.html,yes,yes,yes,plain+decho+html,/Users/Lewis/.config/mudlet/profiles/Multi-Users in Middle-earth/mume_whois_archive.json
char_drugo,Drugo,Drugo,mha:drugo:1781578977:cb1a0da6,high,Maia,drugo,data/evidence/whois_display/text/drugo.txt,data/evidence/whois_display/html/drugo.html,yes,yes,yes,plain+decho+html,/Users/Lewis/.config/mudlet/profiles/Multi-Users in Middle-earth/mume_whois_archive.json
char_dryden,Dryden,Dryden,mha:dryden:1781578983:22ad7f61,high,Maia,dryden,data/evidence/whois_display/text/dryden.txt,data/evidence/whois_display/html/dryden.html,yes,yes,yes,plain+decho+html,/Users/Lewis/.config/mudlet/profiles/Multi-Users in Middle-earth/mume_whois_archive.json
char_dröm,Dröm,Dröm,mha:dröm:1781578988:a5e605d9,high,Maia,drom,data/evidence/whois_display/text/drom.txt,data/evidence/whois_display/html/drom.html,yes,yes,yes,plain+decho+html,/Users/Lewis/.config/mudlet/profiles/Multi-Users in Middle-earth/mume_whois_archive.json
char_durin,Durin,Durin,mha:durin:1781578994:4c02f1d7,high,Maia,durin,data/evidence/whois_display/text/durin.txt,data/evidence/whois_display/html/durin.html,yes,yes,yes,plain+decho+html,/Users/Lewis/.config/mudlet/profiles/Multi-Users in Middle-earth/mume_whois_archive.json
char_dushmoll,Dushmoll,Dushmoll,mha:dushmoll:1781579005:4d5fe078,high,Maia,dushmoll,data/evidence/whois_display/text/dushmoll.txt,data/evidence/whois_display/html/dushmoll.html,yes,yes,yes,plain+decho+html,/Users/Lewis/.config/mudlet/profiles/Multi-Users in Middle-earth/mume_whois_archive.json
char_dáin,Dáin,Dáin,mha:dáin:1781579011:84b2ea89,high,"Vala, one of the Aratar",dain,data/evidence/whois_display/text/dain.txt,data/evidence/whois_display/html/dain.html,yes,yes,yes,plain+decho+html,/Users/Lewis/.config/mudlet/profiles/Multi-Users in Middle-earth/mume_whois_archive.json
char_déja,Déja,Déja,mha:déja:1781579017:755be5e0,high,Maia,deja,data/evidence/whois_display/text/deja.txt,data/evidence/whois_display/html/deja.html,yes,yes,yes,plain+decho+html,/Users/Lewis/.config/mudlet/profiles/Multi-Users in Middle-earth/mume_whois_archive.json
char_dúlin,Dúlin,Dúlin,mha:dúlin:1781579037:a57fd2dd,high,Maia,dulin,data/evidence/whois_display/text/dulin.txt,data/evidence/whois_display/html/dulin.html,yes,yes,yes,plain+decho+html,/Users/Lewis/.config/mudlet/profiles/Multi-Users in Middle-earth/mume_whois_archive.json
char_earolon,Earolon,Earolon,mha:earolon:1781579045:1b2da22a,high,Maia,earolon,data/evidence/whois_display/text/earolon.txt,data/evidence/whois_display/html/earolon.html,yes,yes,yes,plain+decho+html,/Users/Lewis/.config/mudlet/profiles/Multi-Users in Middle-earth/mume_whois_archive.json
char_edomir,Edomir,Edomir,mha:edomir:1781579053:5d52e1ff,high,happy nappy!!! is a Maia,edomir,data/evidence/whois_display/text/edomir.txt,data/evidence/whois_display/html/edomir.html,yes,yes,yes,plain+decho+html,/Users/Lewis/.config/mudlet/profiles/Multi-Users in Middle-earth/mume_whois_archive.json
char_edvard,Edvard,Edvard,mha:edvard:1781579060:56302f60,high,Maia,edvard,data/evidence/whois_display/text/edvard.txt,data/evidence/whois_display/html/edvard.html,yes,yes,yes,plain+decho+html,/Users/Lewis/.config/mudlet/profiles/Multi-Users in Middle-earth/mume_whois_archive.json
char_eileya,Eileya,Eileya,mha:eileya:1781579065:9773df5b,high,Maia,eileya,data/evidence/whois_display/text/eileya.txt,data/evidence/whois_display/html/eileya.html,yes,yes,yes,plain+decho+html,/Users/Lewis/.config/mudlet/profiles/Multi-Users in Middle-earth/mume_whois_archive.json
char_eis,Eis,Eis,mha:eis:1781579077:394eadec,high,Maia,eis,data/evidence/whois_display/text/eis.txt,data/evidence/whois_display/html/eis.html,yes,yes,yes,plain+decho+html,/Users/Lewis/.config/mudlet/profiles/Multi-Users in Middle-earth/mume_whois_archive.json
char_ekolas,Ekolas,Ekolas,mha:ekolas:1781579090:073f622d,high,Maia,ekolas,data/evidence/whois_display/text/ekolas.txt,data/evidence/whois_display/html/ekolas.html,yes,yes,yes,plain+decho+html,/Users/Lewis/.config/mudlet/profiles/Multi-Users in Middle-earth/mume_whois_archive.json
char_elagorn,Elagorn,Elagorn,mha:elagorn:1781579098:4c273168,high,Maia,elagorn,data/evidence/whois_display/text/elagorn.txt,data/evidence/whois_display/html/elagorn.html,yes,yes,yes,plain+decho+html,/Users/Lewis/.config/mudlet/profiles/Multi-Users in Middle-earth/mume_whois_archive.json
char_elan,Elan,Elan,mha:elan:1781579105:ebc3b836,high,Maia,elan,data/evidence/whois_display/text/elan.txt,data/evidence/whois_display/html/elan.html,yes,yes,yes,plain+decho+html,/Users/Lewis/.config/mudlet/profiles/Multi-Users in Middle-earth/mume_whois_archive.json
char_elaniel,Elaniel,Elaniel,mha:elaniel:1781579113:6f33f50f,high,Maia,elaniel,data/evidence/whois_display/text/elaniel.txt,data/evidence/whois_display/html/elaniel.html,yes,yes,yes,plain+decho+html,/Users/Lewis/.config/mudlet/profiles/Multi-Users in Middle-earth/mume_whois_archive.json
char_eldahal,Eldahal,Eldahal,mha:eldahal:1781579121:4d570857,high,Maia,eldahal,data/evidence/whois_display/text/eldahal.txt,data/evidence/whois_display/html/eldahal.html,yes,yes,yes,plain+decho+html,/Users/Lewis/.config/mudlet/profiles/Multi-Users in Middle-earth/mume_whois_archive.json
char_eldamir,Eldamir,Eldamir,mha:eldamir:1781579128:8dd32ded,high,Maia,eldamir,data/evidence/whois_display/text/eldamir.txt,data/evidence/whois_display/html/eldamir.html,yes,yes,yes,plain+decho+html,/Users/Lewis/.config/mudlet/profiles/Multi-Users in Middle-earth/mume_whois_archive.json
char_elemir,Elemir,Elemir,mha:elemir:1781579137:9219906f,high,Vala,elemir,data/evidence/whois_display/text/elemir.txt,data/evidence/whois_display/html/elemir.html,yes,yes,yes,plain+decho+html,/Users/Lewis/.config/mudlet/profiles/Multi-Users in Middle-earth/mume_whois_archive.json
char_elemmakil,Elemmakil,Elemmakil,mha:elemmakil:1781579151:c8ac8965,high,Maia,elemmakil,data/evidence/whois_display/text/elemmakil.txt,data/evidence/whois_display/html/elemmakil.html,yes,yes,yes,plain+decho+html,/Users/Lewis/.config/mudlet/profiles/Multi-Users in Middle-earth/mume_whois_archive.json
char_elerrína,Elerrína,Elerrína,mha:elerrína:1781579157:c05a7017,high,Maia,elerrina,data/evidence/whois_display/text/elerrina.txt,data/evidence/whois_display/html/elerrina.html,yes,yes,yes,plain+decho+html,/Users/Lewis/.config/mudlet/profiles/Multi-Users in Middle-earth/mume_whois_archive.json
char_elistan,Elistan,Elistan,mha:elistan:1781579173:64655b00,high,Maia,elistan,data/evidence/whois_display/text/elistan.txt,data/evidence/whois_display/html/elistan.html,yes,yes,yes,plain+decho+html,/Users/Lewis/.config/mudlet/profiles/Multi-Users in Middle-earth/mume_whois_archive.json
char_elithrandir,Elithrandir,Elithrandir,mha:elithrandir:1781579182:c0a27e7c,high,Maia,elithrandir,data/evidence/whois_display/text/elithrandir.txt,data/evidence/whois_display/html/elithrandir.html,yes,yes,yes,plain+decho+html,/Users/Lewis/.config/mudlet/profiles/Multi-Users in Middle-earth/mume_whois_archive.json
char_ellessar,Ellessar,Ellessar,mha:ellessar:1781579188:7a06eec9,high,Maia,ellessar,data/evidence/whois_display/text/ellessar.txt,data/evidence/whois_display/html/ellessar.html,yes,yes,yes,plain+decho+html,/Users/Lewis/.config/mudlet/profiles/Multi-Users in Middle-earth/mume_whois_archive.json
char_elvis,Elvis,Elvis,mha:elvis:1781579197:191e0cdc,high,Maia,elvis,data/evidence/whois_display/text/elvis.txt,data/evidence/whois_display/html/elvis.html,yes,yes,yes,plain+decho+html,/Users/Lewis/.config/mudlet/profiles/Multi-Users in Middle-earth/mume_whois_archive.json
char_emcas,Emcas,Emcas,mha:emcas:1781579213:10e78ccd,high,Maia,emcas,data/evidence/whois_display/text/emcas.txt,data/evidence/whois_display/html/emcas.html,yes,yes,yes,plain+decho+html,/Users/Lewis/.config/mudlet/profiles/Multi-Users in Middle-earth/mume_whois_archive.json
char_ender,Ender,Ender,mha:ender:1781579219:5cb3d2b7,high,Maia,ender,data/evidence/whois_display/text/ender.txt,data/evidence/whois_display/html/ender.html,yes,yes,yes,plain+decho+html,/Users/Lewis/.config/mudlet/profiles/Multi-Users in Middle-earth/mume_whois_archive.json
char_endo,Endo,Endo,mha:endo:1781579225:6bc026a8,high,Maia,endo,data/evidence/whois_display/text/endo.txt,data/evidence/whois_display/html/endo.html,yes,yes,yes,plain+decho+html,/Users/Lewis/.config/mudlet/profiles/Multi-Users in Middle-earth/mume_whois_archive.json
char_endor,Endor,Endor,mha:endor:1781579233:c6b6881b,high,Maia,endor,data/evidence/whois_display/text/endor.txt,data/evidence/whois_display/html/endor.html,yes,yes,yes,plain+decho+html,/Users/Lewis/.config/mudlet/profiles/Multi-Users in Middle-earth/mume_whois_archive.json
char_enerdhil,Enerdhil,Enerdhil,mha:enerdhil:1781579245:5435256e,high,Maia,enerdhil,data/evidence/whois_display/text/enerdhil.txt,data/evidence/whois_display/html/enerdhil.html,yes,yes,yes,plain+decho+html,/Users/Lewis/.config/mudlet/profiles/Multi-Users in Middle-earth/mume_whois_archive.json
char_enforcer,Enforcer,Enforcer,mha:enforcer:1781579254:a5ec5ed2,high,Maia,enforcer,data/evidence/whois_display/text/enforcer.txt,data/evidence/whois_display/html/enforcer.html,yes,yes,yes,plain+decho+html,/Users/Lewis/.config/mudlet/profiles/Multi-Users in Middle-earth/mume_whois_archive.json
char_ennui,Ennui,Ennui,mha:ennui:1781579259:e7b6f17a,high,Maia,ennui,data/evidence/whois_display/text/ennui.txt,data/evidence/whois_display/html/ennui.html,yes,yes,yes,plain+decho+html,/Users/Lewis/.config/mudlet/profiles/Multi-Users in Middle-earth/mume_whois_archive.json
char_eolung,Eolung,Eolung,mha:eolung:1781579265:2e23edbd,high,Maia,eolung,data/evidence/whois_display/text/eolung.txt,data/evidence/whois_display/html/eolung.html,yes,yes,yes,plain+decho+html,/Users/Lewis/.config/mudlet/profiles/Multi-Users in Middle-earth/mume_whois_archive.json
char_eoras,Eoras,Eoras,mha:eoras:1781579270:6c120588,high,Maia,eoras,data/evidence/whois_display/text/eoras.txt,data/evidence/whois_display/html/eoras.html,yes,yes,yes,plain+decho+html,/Users/Lewis/.config/mudlet/profiles/Multi-Users in Middle-earth/mume_whois_archive.json
char_eporedax,Eporedax,Eporedax,mha:eporedax:1781579276:dbdf5e38,high,Maia,eporedax,data/evidence/whois_display/text/eporedax.txt,data/evidence/whois_display/html/eporedax.html,yes,yes,yes,plain+decho+html,/Users/Lewis/.config/mudlet/profiles/Multi-Users in Middle-earth/mume_whois_archive.json
char_erach,Erach,Erach,mha:erach:1781579281:19559da2,high,Maia,erach,data/evidence/whois_display/text/erach.txt,data/evidence/whois_display/html/erach.html,yes,yes,yes,plain+decho+html,/Users/Lewis/.config/mudlet/profiles/Multi-Users in Middle-earth/mume_whois_archive.json
char_erat,Erat,Erat,mha:erat:1781579287:a4a149c1,high,Maia,erat,data/evidence/whois_display/text/erat.txt,data/evidence/whois_display/html/erat.html,yes,yes,yes,plain+decho+html,/Users/Lewis/.config/mudlet/profiles/Multi-Users in Middle-earth/mume_whois_archive.json
char_erekosë,Erekosë,Erekosë,mha:erekosë:1781579292:85769c85,high,Maia,erekose,data/evidence/whois_display/text/erekose.txt,data/evidence/whois_display/html/erekose.html,yes,yes,yes,plain+decho+html,/Users/Lewis/.config/mudlet/profiles/Multi-Users in Middle-earth/mume_whois_archive.json
char_erent,Erent,erent,mha:erent:1781579545:ce86c202,high,Maia,erent,data/evidence/whois_display/text/erent.txt,data/evidence/whois_display/html/erent.html,yes,yes,yes,plain+decho+html,/Users/Lewis/.config/mudlet/profiles/Multi-Users in Middle-earth/mume_whois_archive.json
char_erg,Erg,Erg,mha:erg:1781579576:0005582f,high,Maia,erg,data/evidence/whois_display/text/erg.txt,data/evidence/whois_display/html/erg.html,yes,yes,yes,plain+decho+html,/Users/Lewis/.config/mudlet/profiles/Multi-Users in Middle-earth/mume_whois_archive.json
char_erika,Erika,Erika,mha:erika:1781579581:a58598f1,high,Maia,erika,data/evidence/whois_display/text/erika.txt,data/evidence/whois_display/html/erika.html,yes,yes,yes,plain+decho+html,/Users/Lewis/.config/mudlet/profiles/Multi-Users in Middle-earth/mume_whois_archive.json
char_erios,Erios,Erios,mha:erios:1781579587:30aabf2f,high,Maia,erios,data/evidence/whois_display/text/erios.txt,data/evidence/whois_display/html/erios.html,yes,yes,yes,plain+decho+html,/Users/Lewis/.config/mudlet/profiles/Multi-Users in Middle-earth/mume_whois_archive.json
char_erl,Erl,Erl,mha:erl:1781579592:48a7d191,high,Maia,erl,data/evidence/whois_display/text/erl.txt,data/evidence/whois_display/html/erl.html,yes,yes,yes,plain+decho+html,/Users/Lewis/.config/mudlet/profiles/Multi-Users in Middle-earth/mume_whois_archive.json
char_eru,Eru,Eru,mha:eru:1781579598:39b78aa0,high,Implementor,eru,data/evidence/whois_display/text/eru.txt,data/evidence/whois_display/html/eru.html,yes,yes,yes,plain+decho+html,/Users/Lewis/.config/mudlet/profiles/Multi-Users in Middle-earth/mume_whois_archive.json
char_esen,Esen,Esen,mha:esen:1781579603:061d9e22,high,Maia,esen,data/evidence/whois_display/text/esen.txt,data/evidence/whois_display/html/esen.html,yes,yes,yes,plain+decho+html,/Users/Lewis/.config/mudlet/profiles/Multi-Users in Middle-earth/mume_whois_archive.json
char_estike,Estike,Estike,mha:estike:1781579609:644fa5b2,high,Maia,estike,data/evidence/whois_display/text/estike.txt,data/evidence/whois_display/html/estike.html,yes,yes,yes,plain+decho+html,/Users/Lewis/.config/mudlet/profiles/Multi-Users in Middle-earth/mume_whois_archive.json
char_evandaar,Evandaar,Evandaar,mha:evandaar:1781579615:cc852dac,high,Maia,evandaar,data/evidence/whois_display/text/evandaar.txt,data/evidence/whois_display/html/evandaar.html,yes,yes,yes,plain+decho+html,/Users/Lewis/.config/mudlet/profiles/Multi-Users in Middle-earth/mume_whois_archive.json
char_everminda,Everminda,Everminda,mha:everminda:1781579620:e4375cf5,high,Maia,everminda,data/evidence/whois_display/text/everminda.txt,data/evidence/whois_display/html/everminda.html,yes,yes,yes,plain+decho+html,/Users/Lewis/.config/mudlet/profiles/Multi-Users in Middle-earth/mume_whois_archive.json
char_eärendel,Eärendel,Eärendel,mha:eärendel:1781579626:b15ba4df,high,Maia,earendel,data/evidence/whois_display/text/earendel.txt,data/evidence/whois_display/html/earendel.html,yes,yes,yes,plain+decho+html,/Users/Lewis/.config/mudlet/profiles/Multi-Users in Middle-earth/mume_whois_archive.json
char_eärendil,Eärendil,Eärendil,mha:eärendil:1781579631:701037b2,high,Vala,earendil,data/evidence/whois_display/text/earendil.txt,data/evidence/whois_display/html/earendil.html,yes,yes,yes,plain+decho+html,/Users/Lewis/.config/mudlet/profiles/Multi-Users in Middle-earth/mume_whois_archive.json
char_eönwe,Eönwe,Eönwe,mha:eönwe:1781579637:8b50519e,high,Vala,eonwe,data/evidence/whois_display/text/eonwe.txt,data/evidence/whois_display/html/eonwe.html,yes,yes,yes,plain+decho+html,/Users/Lewis/.config/mudlet/profiles/Multi-Users in Middle-earth/mume_whois_archive.json
char_faeythe,Faeythe,Faeythe,mha:faeythe:1781579642:843b4ea6,high,Maia,faeythe,data/evidence/whois_display/text/faeythe.txt,data/evidence/whois_display/html/faeythe.html,yes,yes,yes,plain+decho+html,/Users/Lewis/.config/mudlet/profiles/Multi-Users in Middle-earth/mume_whois_archive.json
char_faint,Faint,Faint,mha:faint:1781579648:5b9a4a2e,high,Maia,faint,data/evidence/whois_display/text/faint.txt,data/evidence/whois_display/html/faint.html,yes,yes,yes,plain+decho+html,/Users/Lewis/.config/mudlet/profiles/Multi-Users in Middle-earth/mume_whois_archive.json
char_fakhr,Fakhr,Fakhr,mha:fakhr:1781579653:808ec7c4,high,Maia,fakhr,data/evidence/whois_display/text/fakhr.txt,data/evidence/whois_display/html/fakhr.html,yes,yes,yes,plain+decho+html,/Users/Lewis/.config/mudlet/profiles/Multi-Users in Middle-earth/mume_whois_archive.json
char_falch,Falch,Falch,mha:falch:1781579659:73e5afea,high,Maia,falch,data/evidence/whois_display/text/falch.txt,data/evidence/whois_display/html/falch.html,yes,yes,yes,plain+decho+html,/Users/Lewis/.config/mudlet/profiles/Multi-Users in Middle-earth/mume_whois_archive.json
char_faloth,Faloth,Faloth,mha:faloth:1781579664:b69b8be0,high,Maia,faloth,data/evidence/whois_display/text/faloth.txt,data/evidence/whois_display/html/faloth.html,yes,yes,yes,plain+decho+html,/Users/Lewis/.config/mudlet/profiles/Multi-Users in Middle-earth/mume_whois_archive.json
char_fankil,Fankil,Fankil,mha:fankil:1781579670:dbc2785b,high,Maia,fankil,data/evidence/whois_display/text/fankil.txt,data/evidence/whois_display/html/fankil.html,yes,yes,yes,plain+decho+html,/Users/Lewis/.config/mudlet/profiles/Multi-Users in Middle-earth/mume_whois_archive.json
char_farin,Farin,Farin,mha:farin:1781579676:6031b96a,high,Maia,farin,data/evidence/whois_display/text/farin.txt,data/evidence/whois_display/html/farin.html,yes,yes,yes,plain+decho+html,/Users/Lewis/.config/mudlet/profiles/Multi-Users in Middle-earth/mume_whois_archive.json
char_fastdanr,Fastdanr,Fastdanr,mha:fastdanr:1781579681:9788aa2a,high,Maia,fastdanr,data/evidence/whois_display/text/fastdanr.txt,data/evidence/whois_display/html/fastdanr.html,yes,yes,yes,plain+decho+html,/Users/Lewis/.config/mudlet/profiles/Multi-Users in Middle-earth/mume_whois_archive.json
char_fed,Fed,Fed,mha:fed:1781579687:c78930a7,high,Maia,fed,data/evidence/whois_display/text/fed.txt,data/evidence/whois_display/html/fed.html,yes,yes,yes,plain+decho+html,/Users/Lewis/.config/mudlet/profiles/Multi-Users in Middle-earth/mume_whois_archive.json
char_felbad,Felbad,Felbad,mha:felbad:1781579695:3dc26b39,high,Maia,felbad,data/evidence/whois_display/text/felbad.txt,data/evidence/whois_display/html/felbad.html,yes,yes,yes,plain+decho+html,/Users/Lewis/.config/mudlet/profiles/Multi-Users in Middle-earth/mume_whois_archive.json
char_fenderjaguar,Fenderjaguar,Fenderjaguar,mha:fenderjaguar:1781579700:79d44e22,high,Maia,fenderjaguar,data/evidence/whois_display/text/fenderjaguar.txt,data/evidence/whois_display/html/fenderjaguar.html,yes,yes,yes,plain+decho+html,/Users/Lewis/.config/mudlet/profiles/Multi-Users in Middle-earth/mume_whois_archive.json
char_feon,Feon,Feon,mha:feon:1781579706:cb29f34a,high,Maia,feon,data/evidence/whois_display/text/feon.txt,data/evidence/whois_display/html/feon.html,yes,yes,yes,plain+decho+html,/Users/Lewis/.config/mudlet/profiles/Multi-Users in Middle-earth/mume_whois_archive.json
char_ferguson,Ferguson,Ferguson,mha:ferguson:1781579711:8f4f4e0e,high,Maia,ferguson,data/evidence/whois_display/text/ferguson.txt,data/evidence/whois_display/html/ferguson.html,yes,yes,yes,plain+decho+html,/Users/Lewis/.config/mudlet/profiles/Multi-Users in Middle-earth/mume_whois_archive.json
char_feri,Feri,Feri,mha:feri:1781579717:13ba3b99,high,Maia,feri,data/evidence/whois_display/text/feri.txt,data/evidence/whois_display/html/feri.html,yes,yes,yes,plain+decho+html,/Users/Lewis/.config/mudlet/profiles/Multi-Users in Middle-earth/mume_whois_archive.json
char_ferumbras,Ferumbras,Ferumbras,mha:ferumbras:1781579722:c4523f91,high,Maia,ferumbras,data/evidence/whois_display/text/ferumbras.txt,data/evidence/whois_display/html/ferumbras.html,yes,yes,yes,plain+decho+html,/Users/Lewis/.config/mudlet/profiles/Multi-Users in Middle-earth/mume_whois_archive.json
char_fgiri,Fgiri,Fgiri,mha:fgiri:1781579728:1bc39896,high,Maia,fgiri,data/evidence/whois_display/text/fgiri.txt,data/evidence/whois_display/html/fgiri.html,yes,yes,yes,plain+decho+html,/Users/Lewis/.config/mudlet/profiles/Multi-Users in Middle-earth/mume_whois_archive.json
char_fidel,Fidel,Fidel,mha:fidel:1781579733:56a82dfa,high,Maia,fidel,data/evidence/whois_display/text/fidel.txt,data/evidence/whois_display/html/fidel.html,yes,yes,yes,plain+decho+html,/Users/Lewis/.config/mudlet/profiles/Multi-Users in Middle-earth/mume_whois_archive.json
char_fili,Fili,Fili,mha:fili:1781579739:98c54aeb,high,"Vala, one of the Aratar",fili,data/evidence/whois_display/text/fili.txt,data/evidence/whois_display/html/fili.html,yes,yes,yes,plain+decho+html,/Users/Lewis/.config/mudlet/profiles/Multi-Users in Middle-earth/mume_whois_archive.json
char_filibert,Filibert,Filibert,mha:filibert:1781579745:aa4df4ad,high,Maia,filibert,data/evidence/whois_display/text/filibert.txt,data/evidence/whois_display/html/filibert.html,yes,yes,yes,plain+decho+html,/Users/Lewis/.config/mudlet/profiles/Multi-Users in Middle-earth/mume_whois_archive.json
char_filmus,Filmus,Filmus,mha:filmus:1781579750:85b3e0ba,high,Maia,filmus,data/evidence/whois_display/text/filmus.txt,data/evidence/whois_display/html/filmus.html,yes,yes,yes,plain+decho+html,/Users/Lewis/.config/mudlet/profiles/Multi-Users in Middle-earth/mume_whois_archive.json
char_findor,Findor,Findor,mha:findor:1781579756:a741e445,high,Maia,findor,data/evidence/whois_display/text/findor.txt,data/evidence/whois_display/html/findor.html,yes,yes,yes,plain+decho+html,/Users/Lewis/.config/mudlet/profiles/Multi-Users in Middle-earth/mume_whois_archive.json
char_fint,Fint,Fint,mha:fint:1781579761:1df5b735,high,Maia,fint,data/evidence/whois_display/text/fint.txt,data/evidence/whois_display/html/fint.html,yes,yes,yes,plain+decho+html,/Users/Lewis/.config/mudlet/profiles/Multi-Users in Middle-earth/mume_whois_archive.json
char_finwë,Finwë,Finwë,mha:finwë:1781579767:ffb5d56e,high,Maia,finwe,data/evidence/whois_display/text/finwe.txt,data/evidence/whois_display/html/finwe.html,yes,yes,yes,plain+decho+html,/Users/Lewis/.config/mudlet/profiles/Multi-Users in Middle-earth/mume_whois_archive.json
char_fionwë,Fionwë,Fionwë,mha:fionwë:1781579772:f8496122,high,Maia,fionwe,data/evidence/whois_display/text/fionwe.txt,data/evidence/whois_display/html/fionwe.html,yes,yes,yes,plain+decho+html,/Users/Lewis/.config/mudlet/profiles/Multi-Users in Middle-earth/mume_whois_archive.json
char_firebolt,Firebolt,Firebolt,mha:firebolt:1781579778:53240c0d,high,Maia,firebolt,data/evidence/whois_display/text/firebolt.txt,data/evidence/whois_display/html/firebolt.html,yes,yes,yes,plain+decho+html,/Users/Lewis/.config/mudlet/profiles/Multi-Users in Middle-earth/mume_whois_archive.json
char_firm,firm,Betsy,mha:betsy:1781577947:8f4c55b9,high,Maia,firm,data/evidence/whois_display/text/firm.txt,data/evidence/whois_display/html/firm.html,yes,yes,yes,plain+decho+html,/Users/Lewis/.config/mudlet/profiles/Multi-Users in Middle-earth/mume_whois_archive.json
char_flash,Flash,Flash,mha:flash:1781579783:e08639ec,high,Maia,flash,data/evidence/whois_display/text/flash.txt,data/evidence/whois_display/html/flash.html,yes,yes,yes,plain+decho+html,/Users/Lewis/.config/mudlet/profiles/Multi-Users in Middle-earth/mume_whois_archive.json
char_fluk,Fluk,Fluk,mha:fluk:1781579789:aa43ebae,high,Maia,fluk,data/evidence/whois_display/text/fluk.txt,data/evidence/whois_display/html/fluk.html,yes,yes,yes,plain+decho+html,/Users/Lewis/.config/mudlet/profiles/Multi-Users in Middle-earth/mume_whois_archive.json
char_fog,Fog,Fog,mha:fog:1781579798:0252336d,high,Maia,fog,data/evidence/whois_display/text/fog.txt,data/evidence/whois_display/html/fog.html,yes,yes,yes,plain+decho+html,/Users/Lewis/.config/mudlet/profiles/Multi-Users in Middle-earth/mume_whois_archive.json
char_foin,Foin,Foin,mha:foin:1781579804:a47591d0,high,Maia,foin,data/evidence/whois_display/text/foin.txt,data/evidence/whois_display/html/foin.html,yes,yes,yes,plain+decho+html,/Users/Lewis/.config/mudlet/profiles/Multi-Users in Middle-earth/mume_whois_archive.json
char_foobitz,Foobitz,Foobitz,mha:foobitz:1781579812:6f285fc4,high,Maia,foobitz,data/evidence/whois_display/text/foobitz.txt,data/evidence/whois_display/html/foobitz.html,yes,yes,yes,plain+decho+html,/Users/Lewis/.config/mudlet/profiles/Multi-Users in Middle-earth/mume_whois_archive.json
char_force,Force,Force,mha:force:1781579819:22aef6e5,high,Vala,force,data/evidence/whois_display/text/force.txt,data/evidence/whois_display/html/force.html,yes,yes,yes,plain+decho+html,/Users/Lewis/.config/mudlet/profiles/Multi-Users in Middle-earth/mume_whois_archive.json
char_ford,Ford,Ford,mha:ford:1781579827:122a1376,high,Maia,ford,data/evidence/whois_display/text/ford.txt,data/evidence/whois_display/html/ford.html,yes,yes,yes,plain+decho+html,/Users/Lewis/.config/mudlet/profiles/Multi-Users in Middle-earth/mume_whois_archive.json
char_fornax,Fornax,Fornax,mha:fornax:1781579833:ecaffefa,high,Maia,fornax,data/evidence/whois_display/text/fornax.txt,data/evidence/whois_display/html/fornax.html,yes,yes,yes,plain+decho+html,/Users/Lewis/.config/mudlet/profiles/Multi-Users in Middle-earth/mume_whois_archive.json
char_foroil,Foroil,Foroil,mha:foroil:1781579838:d35e5182,high,Maia,foroil,data/evidence/whois_display/text/foroil.txt,data/evidence/whois_display/html/foroil.html,yes,yes,yes,plain+decho+html,/Users/Lewis/.config/mudlet/profiles/Multi-Users in Middle-earth/mume_whois_archive.json
char_fredde,Fredde,Fredde,mha:fredde:1781579844:86da2bc3,high,Maia,fredde,data/evidence/whois_display/text/fredde.txt,data/evidence/whois_display/html/fredde.html,yes,yes,yes,plain+decho+html,/Users/Lewis/.config/mudlet/profiles/Multi-Users in Middle-earth/mume_whois_archive.json
char_freedom,Freedom,Freedom,mha:freedom:1781579849:c53e4d85,high,Maia,freedom,data/evidence/whois_display/text/freedom.txt,data/evidence/whois_display/html/freedom.html,yes,yes,yes,plain+decho+html,/Users/Lewis/.config/mudlet/profiles/Multi-Users in Middle-earth/mume_whois_archive.json
char_freeway,Freeway,Freeway,mha:freeway:1781579855:5dc498f1,high,Maia,freeway,data/evidence/whois_display/text/freeway.txt,data/evidence/whois_display/html/freeway.html,yes,yes,yes,plain+decho+html,/Users/Lewis/.config/mudlet/profiles/Multi-Users in Middle-earth/mume_whois_archive.json
char_freyah,Freyah,Freyah,mha:freyah:1781579860:3f8ab322,high,Maia,freyah,data/evidence/whois_display/text/freyah.txt,data/evidence/whois_display/html/freyah.html,yes,yes,yes,plain+decho+html,/Users/Lewis/.config/mudlet/profiles/Multi-Users in Middle-earth/mume_whois_archive.json
char_freyja,Freyja,Freyja,mha:freyja:1781579866:64e8b4f0,high,Maia,freyja,data/evidence/whois_display/text/freyja.txt,data/evidence/whois_display/html/freyja.html,yes,yes,yes,plain+decho+html,/Users/Lewis/.config/mudlet/profiles/Multi-Users in Middle-earth/mume_whois_archive.json
char_fron,Fron,Fron,mha:fron:1781579871:56391785,high,Maia,fron,data/evidence/whois_display/text/fron.txt,data/evidence/whois_display/html/fron.html,yes,yes,yes,plain+decho+html,/Users/Lewis/.config/mudlet/profiles/Multi-Users in Middle-earth/mume_whois_archive.json
char_frór,Frór,Frór,mha:frór:1781579877:11877bd1,high,"Vala, one of the Aratar",fror,data/evidence/whois_display/text/fror.txt,data/evidence/whois_display/html/fror.html,yes,yes,yes,plain+decho+html,/Users/Lewis/.config/mudlet/profiles/Multi-Users in Middle-earth/mume_whois_archive.json
char_fumble,Fumble,Fumble,mha:fumble:1781579882:b4268626,high,thinking about it again is a Maia,fumble,data/evidence/whois_display/text/fumble.txt,data/evidence/whois_display/html/fumble.html,yes,yes,yes,plain+decho+html,/Users/Lewis/.config/mudlet/profiles/Multi-Users in Middle-earth/mume_whois_archive.json
char_fènrir,Fènrir,Fènrir,mha:fènrir:1781579888:f41d765e,high,Maia,fenrir,data/evidence/whois_display/text/fenrir.txt,data/evidence/whois_display/html/fenrir.html,yes,yes,yes,plain+decho+html,/Users/Lewis/.config/mudlet/profiles/Multi-Users in Middle-earth/mume_whois_archive.json
char_fëagil,Fëagil,Fëagil,mha:fëagil:1781579893:7d984fa8,high,Maia,feagil,data/evidence/whois_display/text/feagil.txt,data/evidence/whois_display/html/feagil.html,yes,yes,yes,plain+decho+html,/Users/Lewis/.config/mudlet/profiles/Multi-Users in Middle-earth/mume_whois_archive.json
char_fëanor,Fëanor,Fëanor,mha:fëanor:1781579899:85d3f12a,high,Vala,feanor,data/evidence/whois_display/text/feanor.txt,data/evidence/whois_display/html/feanor.html,yes,yes,yes,plain+decho+html,/Users/Lewis/.config/mudlet/profiles/Multi-Users in Middle-earth/mume_whois_archive.json
char_gablgin,Gablgin,Gablgin,mha:gablgin:1781579905:80442601,high,Maia,gablgin,data/evidence/whois_display/text/gablgin.txt,data/evidence/whois_display/html/gablgin.html,yes,yes,yes,plain+decho+html,/Users/Lewis/.config/mudlet/profiles/Multi-Users in Middle-earth/mume_whois_archive.json
char_galaviel,Galaviel,Galaviel,mha:galaviel:1781579910:655e17b5,high,Maia,galaviel,data/evidence/whois_display/text/galaviel.txt,data/evidence/whois_display/html/galaviel.html,yes,yes,yes,plain+decho+html,/Users/Lewis/.config/mudlet/profiles/Multi-Users in Middle-earth/mume_whois_archive.json
char_galen,Galen,Galen,mha:galen:1781579916:39954a49,high,Vala,galen,data/evidence/whois_display/text/galen.txt,data/evidence/whois_display/html/galen.html,yes,yes,yes,plain+decho+html,/Users/Lewis/.config/mudlet/profiles/Multi-Users in Middle-earth/mume_whois_archive.json
char_gamór,Gamór,Gamór,mha:gamór:1781579921:e1f195bd,high,Maia,gamor,data/evidence/whois_display/text/gamor.txt,data/evidence/whois_display/html/gamor.html,yes,yes,yes,plain+decho+html,/Users/Lewis/.config/mudlet/profiles/Multi-Users in Middle-earth/mume_whois_archive.json
char_gandalug,Gandalug,Gandalug,mha:gandalug:1781579927:1f581ede,high,Maia,gandalug,data/evidence/whois_display/text/gandalug.txt,data/evidence/whois_display/html/gandalug.html,yes,yes,yes,plain+decho+html,/Users/Lewis/.config/mudlet/profiles/Multi-Users in Middle-earth/mume_whois_archive.json
char_gathen,Gathen,Gathen,mha:gathen:1781579932:edf1c716,high,adrift in real life is a Maia,gathen,data/evidence/whois_display/text/gathen.txt,data/evidence/whois_display/html/gathen.html,yes,yes,yes,plain+decho+html,/Users/Lewis/.config/mudlet/profiles/Multi-Users in Middle-earth/mume_whois_archive.json
char_gattling,Gattling,Gattling,mha:gattling:1781579938:6dcbaa6d,high,Maia,gattling,data/evidence/whois_display/text/gattling.txt,data/evidence/whois_display/html/gattling.html,yes,yes,yes,plain+decho+html,/Users/Lewis/.config/mudlet/profiles/Multi-Users in Middle-earth/mume_whois_archive.json
char_gaul,Gaul,Gaul,mha:gaul:1781579943:f6e91ba8,high,Maia,gaul,data/evidence/whois_display/text/gaul.txt,data/evidence/whois_display/html/gaul.html,yes,yes,yes,plain+decho+html,/Users/Lewis/.config/mudlet/profiles/Multi-Users in Middle-earth/mume_whois_archive.json
char_gauss,Gauss,Gauss,mha:gauss:1781579949:3d5a6008,high,Maia,gauss,data/evidence/whois_display/text/gauss.txt,data/evidence/whois_display/html/gauss.html,yes,yes,yes,plain+decho+html,/Users/Lewis/.config/mudlet/profiles/Multi-Users in Middle-earth/mume_whois_archive.json
char_gawain,Gawain,Gawain,mha:gawain:1781579954:134390df,high,Maia,gawain,data/evidence/whois_display/text/gawain.txt,data/evidence/whois_display/html/gawain.html,yes,yes,yes,plain+decho+html,/Users/Lewis/.config/mudlet/profiles/Multi-Users in Middle-earth/mume_whois_archive.json
char_gefe,Gefe,Gefe,mha:gefe:1781579960:94b95b52,high,Maia,gefe,data/evidence/whois_display/text/gefe.txt,data/evidence/whois_display/html/gefe.html,yes,yes,yes,plain+decho+html,/Users/Lewis/.config/mudlet/profiles/Multi-Users in Middle-earth/mume_whois_archive.json
char_gehrman,Gehrman,Gehrman,mha:gehrman:1781579965:ef033747,high,Maia,gehrman,data/evidence/whois_display/text/gehrman.txt,data/evidence/whois_display/html/gehrman.html,yes,yes,yes,plain+decho+html,/Users/Lewis/.config/mudlet/profiles/Multi-Users in Middle-earth/mume_whois_archive.json
char_genbu,Genbu,Genbu,mha:genbu:1781579971:34bb528c,high,Here to Help is a Maia,genbu,data/evidence/whois_display/text/genbu.txt,data/evidence/whois_display/html/genbu.html,yes,yes,yes,plain+decho+html,/Users/Lewis/.config/mudlet/profiles/Multi-Users in Middle-earth/mume_whois_archive.json
char_gertrude,Gertrude,Gertrude,mha:gertrude:1781579976:c56936e8,high,building is a Maia,gertrude,data/evidence/whois_display/text/gertrude.txt,data/evidence/whois_display/html/gertrude.html,yes,yes,yes,plain+decho+html,/Users/Lewis/.config/mudlet/profiles/Multi-Users in Middle-earth/mume_whois_archive.json
char_gevald,Gevald,Gevald,mha:gevald:1781579982:d29796f4,high,Maia,gevald,data/evidence/whois_display/text/gevald.txt,data/evidence/whois_display/html/gevald.html,yes,yes,yes,plain+decho+html,/Users/Lewis/.config/mudlet/profiles/Multi-Users in Middle-earth/mume_whois_archive.json
char_ghostly,Ghostly,Ghostly,mha:ghostly:1781579987:d945de93,high,Vala,ghostly,data/evidence/whois_display/text/ghostly.txt,data/evidence/whois_display/html/ghostly.html,yes,yes,yes,plain+decho+html,/Users/Lewis/.config/mudlet/profiles/Multi-Users in Middle-earth/mume_whois_archive.json
char_ghrym,Ghrym,Ghrym,mha:ghrym:1781579993:723ae03a,high,hiding in the shadows watching you... is a Maia,ghrym,data/evidence/whois_display/text/ghrym.txt,data/evidence/whois_display/html/ghrym.html,yes,yes,yes,plain+decho+html,/Users/Lewis/.config/mudlet/profiles/Multi-Users in Middle-earth/mume_whois_archive.json
char_gilgala,Gilgala,Gilgala,mha:gilgala:1781579998:3fb1a3e8,high,Maia,gilgala,data/evidence/whois_display/text/gilgala.txt,data/evidence/whois_display/html/gilgala.html,yes,yes,yes,plain+decho+html,/Users/Lewis/.config/mudlet/profiles/Multi-Users in Middle-earth/mume_whois_archive.json
char_gili,Gili,Gili,mha:gili:1781580004:1bbd68e7,high,Maia,gili,data/evidence/whois_display/text/gili.txt,data/evidence/whois_display/html/gili.html,yes,yes,yes,plain+decho+html,/Users/Lewis/.config/mudlet/profiles/Multi-Users in Middle-earth/mume_whois_archive.json
char_gilthanas,Gilthanas,Gilthanas,mha:gilthanas:1781580009:5b6dac3d,high,too absorbed by Magic is a Maia,gilthanas,data/evidence/whois_display/text/gilthanas.txt,data/evidence/whois_display/html/gilthanas.html,yes,yes,yes,plain+decho+html,/Users/Lewis/.config/mudlet/profiles/Multi-Users in Middle-earth/mume_whois_archive.json
char_gnomette,Gnomette,Gnomette,mha:gnomette:1781580015:34ec2b98,high,Maia,gnomette,data/evidence/whois_display/text/gnomette.txt,data/evidence/whois_display/html/gnomette.html,yes,yes,yes,plain+decho+html,/Users/Lewis/.config/mudlet/profiles/Multi-Users in Middle-earth/mume_whois_archive.json
char_gomtuu,Gomtuu,Gomtuu,mha:gomtuu:1781580020:c83ab9a4,high,Maia,gomtuu,data/evidence/whois_display/text/gomtuu.txt,data/evidence/whois_display/html/gomtuu.html,yes,yes,yes,plain+decho+html,/Users/Lewis/.config/mudlet/profiles/Multi-Users in Middle-earth/mume_whois_archive.json
char_gonfor,Gonfor,Gonfor,mha:gonfor:1781580026:4ffb166d,high,Maia,gonfor,data/evidence/whois_display/text/gonfor.txt,data/evidence/whois_display/html/gonfor.html,yes,yes,yes,plain+decho+html,/Users/Lewis/.config/mudlet/profiles/Multi-Users in Middle-earth/mume_whois_archive.json
char_good,Good,Good,mha:good:1781580031:23699842,high,Maia,good,data/evidence/whois_display/text/good.txt,data/evidence/whois_display/html/good.html,yes,yes,yes,plain+decho+html,/Users/Lewis/.config/mudlet/profiles/Multi-Users in Middle-earth/mume_whois_archive.json
char_gordanin,Gordanin,Gordanin,mha:gordanin:1781580037:9dfcd2cf,high,Maia,gordanin,data/evidence/whois_display/text/gordanin.txt,data/evidence/whois_display/html/gordanin.html,yes,yes,yes,plain+decho+html,/Users/Lewis/.config/mudlet/profiles/Multi-Users in Middle-earth/mume_whois_archive.json
char_gorefang,Gorefang,Gorefang,mha:gorefang:1781580042:c279c08e,high,Maia,gorefang,data/evidence/whois_display/text/gorefang.txt,data/evidence/whois_display/html/gorefang.html,yes,yes,yes,plain+decho+html,/Users/Lewis/.config/mudlet/profiles/Multi-Users in Middle-earth/mume_whois_archive.json
char_gorth,Gorth,Gorth,mha:gorth:1781580048:5673fb14,high,Maia,gorth,data/evidence/whois_display/text/gorth.txt,data/evidence/whois_display/html/gorth.html,yes,yes,yes,plain+decho+html,/Users/Lewis/.config/mudlet/profiles/Multi-Users in Middle-earth/mume_whois_archive.json
char_gothmog,Gothmog,Gothmog,mha:gothmog:1781580054:94365a2d,high,Vala,gothmog,data/evidence/whois_display/text/gothmog.txt,data/evidence/whois_display/html/gothmog.html,yes,yes,yes,plain+decho+html,/Users/Lewis/.config/mudlet/profiles/Multi-Users in Middle-earth/mume_whois_archive.json
char_gothûrzaz,Gothûrzaz,Gothûrzaz,mha:gothûrzaz:1781580059:c9ff7d7c,high,Maia,gothurzaz,data/evidence/whois_display/text/gothurzaz.txt,data/evidence/whois_display/html/gothurzaz.html,yes,yes,yes,plain+decho+html,/Users/Lewis/.config/mudlet/profiles/Multi-Users in Middle-earth/mume_whois_archive.json
char_gozer,Gozer,Gozer,mha:gozer:1781580065:b41e42e6,high,Maia,gozer,data/evidence/whois_display/text/gozer.txt,data/evidence/whois_display/html/gozer.html,yes,yes,yes,plain+decho+html,/Users/Lewis/.config/mudlet/profiles/Multi-Users in Middle-earth/mume_whois_archive.json
char_graven,Graven,Graven,mha:graven:1781580070:5ad2106e,high,Maia,graven,data/evidence/whois_display/text/graven.txt,data/evidence/whois_display/html/graven.html,yes,yes,yes,plain+decho+html,/Users/Lewis/.config/mudlet/profiles/Multi-Users in Middle-earth/mume_whois_archive.json
char_grax,Grax,Grax,mha:grax:1781580076:91278339,high,Maia,grax,data/evidence/whois_display/text/grax.txt,data/evidence/whois_display/html/grax.html,yes,yes,yes,plain+decho+html,/Users/Lewis/.config/mudlet/profiles/Multi-Users in Middle-earth/mume_whois_archive.json
char_grennif,Grennif,Grennif,mha:grennif:1781580081:17e45885,high,Maia,grennif,data/evidence/whois_display/text/grennif.txt,data/evidence/whois_display/html/grennif.html,yes,yes,yes,plain+decho+html,/Users/Lewis/.config/mudlet/profiles/Multi-Users in Middle-earth/mume_whois_archive.json
char_grimble,Grimble,Grimble,mha:grimble:1781580087:a80360bf,high,Maia,grimble,data/evidence/whois_display/text/grimble.txt,data/evidence/whois_display/html/grimble.html,yes,yes,yes,plain+decho+html,/Users/Lewis/.config/mudlet/profiles/Multi-Users in Middle-earth/mume_whois_archive.json
char_grin,Grin,Grin,mha:grin:1781580092:f37185e1,high,Maia,grin,data/evidence/whois_display/text/grin.txt,data/evidence/whois_display/html/grin.html,yes,yes,yes,plain+decho+html,/Users/Lewis/.config/mudlet/profiles/Multi-Users in Middle-earth/mume_whois_archive.json
char_grizz,Grizz,Grizz,mha:grizz:1781580098:91215add,high,Maia,grizz,data/evidence/whois_display/text/grizz.txt,data/evidence/whois_display/html/grizz.html,yes,yes,yes,plain+decho+html,/Users/Lewis/.config/mudlet/profiles/Multi-Users in Middle-earth/mume_whois_archive.json
char_gruenthar,Gruenthar,Gruenthar,mha:gruenthar:1781580103:cb8e26cf,high,Vala,gruenthar,data/evidence/whois_display/text/gruenthar.txt,data/evidence/whois_display/html/gruenthar.html,yes,yes,yes,plain+decho+html,/Users/Lewis/.config/mudlet/profiles/Multi-Users in Middle-earth/mume_whois_archive.json
char_grumble,Grumble,Grumble,mha:grumble:1781580109:0464b7bb,high,Maia,grumble,data/evidence/whois_display/text/grumble.txt,data/evidence/whois_display/html/grumble.html,yes,yes,yes,plain+decho+html,/Users/Lewis/.config/mudlet/profiles/Multi-Users in Middle-earth/mume_whois_archive.json
char_grung,Grung,Grung,mha:grung:1781580114:44c226f8,high,back after a 4 year break is a Maia,grung,data/evidence/whois_display/text/grung.txt,data/evidence/whois_display/html/grung.html,yes,yes,yes,plain+decho+html,/Users/Lewis/.config/mudlet/profiles/Multi-Users in Middle-earth/mume_whois_archive.json
char_grunge,Grunge,Grunge,mha:grunge:1781580120:15e52941,high,Maia,grunge,data/evidence/whois_display/text/grunge.txt,data/evidence/whois_display/html/grunge.html,yes,yes,yes,plain+decho+html,/Users/Lewis/.config/mudlet/profiles/Multi-Users in Middle-earth/mume_whois_archive.json
char_gruumph,Gruumph,Gruumph,mha:gruumph:1781580125:14fe644e,high,bored..... VERY bored is a Maia,gruumph,data/evidence/whois_display/text/gruumph.txt,data/evidence/whois_display/html/gruumph.html,yes,yes,yes,plain+decho+html,/Users/Lewis/.config/mudlet/profiles/Multi-Users in Middle-earth/mume_whois_archive.json
char_gríma,Gríma,Gríma,mha:gríma:1781580131:ffbba467,high,Maia,grima,data/evidence/whois_display/text/grima.txt,data/evidence/whois_display/html/grima.html,yes,yes,yes,plain+decho+html,/Users/Lewis/.config/mudlet/profiles/Multi-Users in Middle-earth/mume_whois_archive.json
char_guilin,Guilin,Guilin,mha:guilin:1781580136:36d2f861,high,Maia,guilin,data/evidence/whois_display/text/guilin.txt,data/evidence/whois_display/html/guilin.html,yes,yes,yes,plain+decho+html,/Users/Lewis/.config/mudlet/profiles/Multi-Users in Middle-earth/mume_whois_archive.json
char_guzzi,Guzzi,Guzzi,mha:guzzi:1781586124:f3dae1ea,high,Maia,guzzi,data/evidence/whois_display/text/guzzi.txt,data/evidence/whois_display/html/guzzi.html,yes,yes,yes,plain+decho+html,/Users/Lewis/.config/mudlet/profiles/Multi-Users in Middle-earth/mume_whois_archive.json
char_gwaywffon,Gwaywffon,Gwaywffon,mha:gwaywffon:1781586130:cdb94a2b,high,Maia,gwaywffon,data/evidence/whois_display/text/gwaywffon.txt,data/evidence/whois_display/html/gwaywffon.html,yes,yes,yes,plain+decho+html,/Users/Lewis/.config/mudlet/profiles/Multi-Users in Middle-earth/mume_whois_archive.json
char_gwen,Gwen,Gwen,mha:gwen:1781586136:58b5d410,high,Maia,gwen,data/evidence/whois_display/text/gwen.txt,data/evidence/whois_display/html/gwen.html,yes,yes,yes,plain+decho+html,/Users/Lewis/.config/mudlet/profiles/Multi-Users in Middle-earth/mume_whois_archive.json
char_gwendolyn,Gwendolyn,Gwendolyn,mha:gwendolyn:1781586141:3b5ea0f2,high,Maia,gwendolyn,data/evidence/whois_display/text/gwendolyn.txt,data/evidence/whois_display/html/gwendolyn.html,yes,yes,yes,plain+decho+html,/Users/Lewis/.config/mudlet/profiles/Multi-Users in Middle-earth/mume_whois_archive.json
char_haelon,Haelon,Haelon,mha:haelon:1781586147:63cecea3,high,Maia,haelon,data/evidence/whois_display/text/haelon.txt,data/evidence/whois_display/html/haelon.html,yes,yes,yes,plain+decho+html,/Users/Lewis/.config/mudlet/profiles/Multi-Users in Middle-earth/mume_whois_archive.json
char_hail,Hail,Hail,mha:hail:1781586152:14820700,high,Maia,hail,data/evidence/whois_display/text/hail.txt,data/evidence/whois_display/html/hail.html,yes,yes,yes,plain+decho+html,/Users/Lewis/.config/mudlet/profiles/Multi-Users in Middle-earth/mume_whois_archive.json
char_halal,Halal,Halal,mha:halal:1781586158:bb1b3dae,high,Maia,halal,data/evidence/whois_display/text/halal.txt,data/evidence/whois_display/html/halal.html,yes,yes,yes,plain+decho+html,/Users/Lewis/.config/mudlet/profiles/Multi-Users in Middle-earth/mume_whois_archive.json
char_hambag,Hambag,Hambag,mha:hambag:1781586163:df3bf69e,high,Maia,hambag,data/evidence/whois_display/text/hambag.txt,data/evidence/whois_display/html/hambag.html,yes,yes,yes,plain+decho+html,/Users/Lewis/.config/mudlet/profiles/Multi-Users in Middle-earth/mume_whois_archive.json
char_hanne,Hanne,Hanne,mha:hanne:1781586169:3d07ce23,high,Maia,hanne,data/evidence/whois_display/text/hanne.txt,data/evidence/whois_display/html/hanne.html,yes,yes,yes,plain+decho+html,/Users/Lewis/.config/mudlet/profiles/Multi-Users in Middle-earth/mume_whois_archive.json
char_hanse,Hanse,Hanse,mha:hanse:1781586174:d71d167c,high,Maia,hanse,data/evidence/whois_display/text/hanse.txt,data/evidence/whois_display/html/hanse.html,yes,yes,yes,plain+decho+html,/Users/Lewis/.config/mudlet/profiles/Multi-Users in Middle-earth/mume_whois_archive.json
char_harad,Harad,Harad,mha:harad:1781586180:475ac525,high,Maia,harad,data/evidence/whois_display/text/harad.txt,data/evidence/whois_display/html/harad.html,yes,yes,yes,plain+decho+html,/Users/Lewis/.config/mudlet/profiles/Multi-Users in Middle-earth/mume_whois_archive.json
char_harco,Harco,Harco,mha:harco:1781586185:35a75200,high,Maia,harco,data/evidence/whois_display/text/harco.txt,data/evidence/whois_display/html/harco.html,yes,yes,yes,plain+decho+html,/Users/Lewis/.config/mudlet/profiles/Multi-Users in Middle-earth/mume_whois_archive.json
char_he,he,David,mha:david:1781578845:8a9a243d,high,Maia,he,data/evidence/whois_display/text/he.txt,data/evidence/whois_display/html/he.html,yes,yes,yes,plain+decho+html,/Users/Lewis/.config/mudlet/profiles/Multi-Users in Middle-earth/mume_whois_archive.json
char_heigo,Heigo,Heigo,mha:heigo:1781586191:637dd9fe,high,Maia,heigo,data/evidence/whois_display/text/heigo.txt,data/evidence/whois_display/html/heigo.html,yes,yes,yes,plain+decho+html,/Users/Lewis/.config/mudlet/profiles/Multi-Users in Middle-earth/mume_whois_archive.json
char_helene,Helene,Helene,mha:helene:1781586197:191b40dd,high,not sleeping and not social is a Maia,helene,data/evidence/whois_display/text/helene.txt,data/evidence/whois_display/html/helene.html,yes,yes,yes,plain+decho+html,/Users/Lewis/.config/mudlet/profiles/Multi-Users in Middle-earth/mume_whois_archive.json
char_helevorn,Helevorn,Helevorn,mha:helevorn:1781586202:5e313a06,high,Maia,helevorn,data/evidence/whois_display/text/helevorn.txt,data/evidence/whois_display/html/helevorn.html,yes,yes,yes,plain+decho+html,/Users/Lewis/.config/mudlet/profiles/Multi-Users in Middle-earth/mume_whois_archive.json
char_helluin,Helluin,Helluin,mha:helluin:1781586207:3a28863f,high,Maia,helluin,data/evidence/whois_display/text/helluin.txt,data/evidence/whois_display/html/helluin.html,yes,yes,yes,plain+decho+html,/Users/Lewis/.config/mudlet/profiles/Multi-Users in Middle-earth/mume_whois_archive.json
char_helmuta,Helmuta,Helmuta,mha:helmuta:1781586213:7a76b104,high,Maia,helmuta,data/evidence/whois_display/text/helmuta.txt,data/evidence/whois_display/html/helmuta.html,yes,yes,yes,plain+decho+html,/Users/Lewis/.config/mudlet/profiles/Multi-Users in Middle-earth/mume_whois_archive.json
char_hermatic,Hermatic,Hermatic,mha:hermatic:1781586219:abe5cc8e,high,Maia,hermatic,data/evidence/whois_display/text/hermatic.txt,data/evidence/whois_display/html/hermatic.html,yes,yes,yes,plain+decho+html,/Users/Lewis/.config/mudlet/profiles/Multi-Users in Middle-earth/mume_whois_archive.json
char_highlander,Highlander,Highlander,mha:highlander:1781586224:fc995bbc,high,Maia,highlander,data/evidence/whois_display/text/highlander.txt,data/evidence/whois_display/html/highlander.html,yes,yes,yes,plain+decho+html,/Users/Lewis/.config/mudlet/profiles/Multi-Users in Middle-earth/mume_whois_archive.json
char_hillar,Hillar,Hillar,mha:hillar:1781586230:65bcaf99,high,Maia,hillar,data/evidence/whois_display/text/hillar.txt,data/evidence/whois_display/html/hillar.html,yes,yes,yes,plain+decho+html,/Users/Lewis/.config/mudlet/profiles/Multi-Users in Middle-earth/mume_whois_archive.json
char_hobbi,Hobbi,Hobbi,mha:hobbi:1781586236:0cb11022,high,Maia,hobbi,data/evidence/whois_display/text/hobbi.txt,data/evidence/whois_display/html/hobbi.html,yes,yes,yes,plain+decho+html,/Users/Lewis/.config/mudlet/profiles/Multi-Users in Middle-earth/mume_whois_archive.json
char_hobit,Hobit,Hobit,mha:hobit:1781586241:5cf997ce,high,Maia,hobit,data/evidence/whois_display/text/hobit.txt,data/evidence/whois_display/html/hobit.html,yes,yes,yes,plain+decho+html,/Users/Lewis/.config/mudlet/profiles/Multi-Users in Middle-earth/mume_whois_archive.json
char_hoho,Hoho,Hoho,mha:hoho:1781586247:4619c8ce,high,Maia,hoho,data/evidence/whois_display/text/hoho.txt,data/evidence/whois_display/html/hoho.html,yes,yes,yes,plain+decho+html,/Users/Lewis/.config/mudlet/profiles/Multi-Users in Middle-earth/mume_whois_archive.json
char_holma,Holma,Holma,mha:holma:1781586252:6f42ebfc,high,Maia,holma,data/evidence/whois_display/text/holma.txt,data/evidence/whois_display/html/holma.html,yes,yes,yes,plain+decho+html,/Users/Lewis/.config/mudlet/profiles/Multi-Users in Middle-earth/mume_whois_archive.json
char_hoosier,Hoosier,Hoosier,mha:hoosier:1781586258:9dd4e5e2,high,Maia,hoosier,data/evidence/whois_display/text/hoosier.txt,data/evidence/whois_display/html/hoosier.html,yes,yes,yes,plain+decho+html,/Users/Lewis/.config/mudlet/profiles/Multi-Users in Middle-earth/mume_whois_archive.json
char_hrym,Hrym,Hrym,mha:hrym:1781587040:cd5517b9,high,Maia,hrym,data/evidence/whois_display/text/hrym.txt,data/evidence/whois_display/html/hrym.html,yes,yes,yes,plain+decho+html,/Users/Lewis/.config/mudlet/profiles/Multi-Users in Middle-earth/mume_whois_archive.json
char_huan,Huan,Huan,mha:huan:1781587046:830ccdd0,high,Maia,huan,data/evidence/whois_display/text/huan.txt,data/evidence/whois_display/html/huan.html,yes,yes,yes,plain+decho+html,/Users/Lewis/.config/mudlet/profiles/Multi-Users in Middle-earth/mume_whois_archive.json
char_humala,Humala,Humala,mha:humala:1781587051:14efc934,high,Maia,humala,data/evidence/whois_display/text/humala.txt,data/evidence/whois_display/html/humala.html,yes,yes,yes,plain+decho+html,/Users/Lewis/.config/mudlet/profiles/Multi-Users in Middle-earth/mume_whois_archive.json
char_humpty,Humpty,Humpty,mha:humpty:1781587057:1a8108e9,high,Maia,humpty,data/evidence/whois_display/text/humpty.txt,data/evidence/whois_display/html/humpty.html,yes,yes,yes,plain+decho+html,/Users/Lewis/.config/mudlet/profiles/Multi-Users in Middle-earth/mume_whois_archive.json
char_huron,Huron,Huron,mha:huron:1781587062:309c65a4,high,Maia,huron,data/evidence/whois_display/text/huron.txt,data/evidence/whois_display/html/huron.html,yes,yes,yes,plain+decho+html,/Users/Lewis/.config/mudlet/profiles/Multi-Users in Middle-earth/mume_whois_archive.json
char_hza,Hza,Hza,mha:hza:1781587068:80aa0337,high,Maia,hza,data/evidence/whois_display/text/hza.txt,data/evidence/whois_display/html/hza.html,yes,yes,yes,plain+decho+html,/Users/Lewis/.config/mudlet/profiles/Multi-Users in Middle-earth/mume_whois_archive.json
char_húrin,Húrin,Húrin,mha:húrin:1781587073:d61ccb07,high,Maia,hurin,data/evidence/whois_display/text/hurin.txt,data/evidence/whois_display/html/hurin.html,yes,yes,yes,plain+decho+html,/Users/Lewis/.config/mudlet/profiles/Multi-Users in Middle-earth/mume_whois_archive.json
char_idle,Idle,Idle,mha:idle:1781587079:59186f1c,high,Maia,idle,data/evidence/whois_display/text/idle.txt,data/evidence/whois_display/html/idle.html,yes,yes,yes,plain+decho+html,/Users/Lewis/.config/mudlet/profiles/Multi-Users in Middle-earth/mume_whois_archive.json
char_ilie,Ilie,Ilie,mha:ilie:1781587085:b118ddf9,high,"Valië, one of the Aratar",ilie,data/evidence/whois_display/text/ilie.txt,data/evidence/whois_display/html/ilie.html,yes,yes,yes,plain+decho+html,/Users/Lewis/.config/mudlet/profiles/Multi-Users in Middle-earth/mume_whois_archive.json
char_illwe,Illwe,Illwe,mha:illwe:1781587091:fc38b2e8,high,Maia,illwe,data/evidence/whois_display/text/illwe.txt,data/evidence/whois_display/html/illwe.html,yes,yes,yes,plain+decho+html,/Users/Lewis/.config/mudlet/profiles/Multi-Users in Middle-earth/mume_whois_archive.json
char_illüen,Illüen,Illüen,mha:illüen:1781587096:4c9d567e,high,Maia,illuen,data/evidence/whois_display/text/illuen.txt,data/evidence/whois_display/html/illuen.html,yes,yes,yes,plain+decho+html,/Users/Lewis/.config/mudlet/profiles/Multi-Users in Middle-earth/mume_whois_archive.json
char_iluvator,Iluvator,Iluvator,mha:iluvator:1781587102:309fd33e,high,"building, proofing, and stuff is a Maia",iluvator,data/evidence/whois_display/text/iluvator.txt,data/evidence/whois_display/html/iluvator.html,yes,yes,yes,plain+decho+html,/Users/Lewis/.config/mudlet/profiles/Multi-Users in Middle-earth/mume_whois_archive.json
char_imago,Imago,Imago,mha:imago:1781587108:f37adb2f,high,"Vala, one of the Aratar",imago,data/evidence/whois_display/text/imago.txt,data/evidence/whois_display/html/imago.html,yes,yes,yes,plain+decho+html,/Users/Lewis/.config/mudlet/profiles/Multi-Users in Middle-earth/mume_whois_archive.json
char_imatin,Imatin,Imatin,mha:imatin:1781587113:173f258a,high,Maia,imatin,data/evidence/whois_display/text/imatin.txt,data/evidence/whois_display/html/imatin.html,yes,yes,yes,plain+decho+html,/Users/Lewis/.config/mudlet/profiles/Multi-Users in Middle-earth/mume_whois_archive.json
char_imrahil,Imrahil,Imrahil,mha:imrahil:1781587119:e342f94f,high,Maia,imrahil,data/evidence/whois_display/text/imrahil.txt,data/evidence/whois_display/html/imrahil.html,yes,yes,yes,plain+decho+html,/Users/Lewis/.config/mudlet/profiles/Multi-Users in Middle-earth/mume_whois_archive.json
char_incánus,Incánus,Incánus,mha:incánus:1781587124:6b927851,high,Vala,incanus,data/evidence/whois_display/text/incanus.txt,data/evidence/whois_display/html/incanus.html,yes,yes,yes,plain+decho+html,/Users/Lewis/.config/mudlet/profiles/Multi-Users in Middle-earth/mume_whois_archive.json
char_indigo,Indigo,Indigo,mha:indigo:1781587130:0b3dc3ff,high,Maia,indigo,data/evidence/whois_display/text/indigo.txt,data/evidence/whois_display/html/indigo.html,yes,yes,yes,plain+decho+html,/Users/Lewis/.config/mudlet/profiles/Multi-Users in Middle-earth/mume_whois_archive.json
char_indur,Indur,Indur,mha:indur:1781587135:ba6b7d5d,high,Maia,indur,data/evidence/whois_display/text/indur.txt,data/evidence/whois_display/html/indur.html,yes,yes,yes,plain+decho+html,/Users/Lewis/.config/mudlet/profiles/Multi-Users in Middle-earth/mume_whois_archive.json
char_inghorlas,Inghorlas,Inghorlas,mha:inghorlas:1781587141:177fc2a8,high,Maia,inghorlas,data/evidence/whois_display/text/inghorlas.txt,data/evidence/whois_display/html/inghorlas.html,yes,yes,yes,plain+decho+html,/Users/Lewis/.config/mudlet/profiles/Multi-Users in Middle-earth/mume_whois_archive.json
char_ingtar,Ingtar,Ingtar,mha:ingtar:1781587146:9d8ce2b8,high,Vala,ingtar,data/evidence/whois_display/text/ingtar.txt,data/evidence/whois_display/html/ingtar.html,yes,yes,yes,plain+decho+html,/Users/Lewis/.config/mudlet/profiles/Multi-Users in Middle-earth/mume_whois_archive.json
char_innocent,Innocent,Innocent,mha:innocent:1781587152:85eea00e,high,"sinner, loves pleasure too much is a Maia",innocent,data/evidence/whois_display/text/innocent.txt,data/evidence/whois_display/html/innocent.html,yes,yes,yes,plain+decho+html,/Users/Lewis/.config/mudlet/profiles/Multi-Users in Middle-earth/mume_whois_archive.json
char_inoue,Inoue,Inoue,mha:inoue:1781587157:13689791,high,Maia,inoue,data/evidence/whois_display/text/inoue.txt,data/evidence/whois_display/html/inoue.html,yes,yes,yes,plain+decho+html,/Users/Lewis/.config/mudlet/profiles/Multi-Users in Middle-earth/mume_whois_archive.json
char_intense,Intense,Intense,mha:intense:1781587165:1b0765ac,high,Maia,intense,data/evidence/whois_display/text/intense.txt,data/evidence/whois_display/html/intense.html,yes,yes,yes,plain+decho+html,/Users/Lewis/.config/mudlet/profiles/Multi-Users in Middle-earth/mume_whois_archive.json
char_ioméne,Ioméne,Ioméne,mha:ioméne:1781587173:32a39e92,high,Maia,iomene,data/evidence/whois_display/text/iomene.txt,data/evidence/whois_display/html/iomene.html,yes,yes,yes,plain+decho+html,/Users/Lewis/.config/mudlet/profiles/Multi-Users in Middle-earth/mume_whois_archive.json
char_irikan,Irikan,Irikan,mha:irikan:1781587178:c48a0c5c,high,Maia,irikan,data/evidence/whois_display/text/irikan.txt,data/evidence/whois_display/html/irikan.html,yes,yes,yes,plain+decho+html,/Users/Lewis/.config/mudlet/profiles/Multi-Users in Middle-earth/mume_whois_archive.json
char_isengrim,Isengrim,Isengrim,mha:isengrim:1781603790:be4ae57b,high,Maia,isengrim,data/evidence/whois_display/text/isengrim.txt,data/evidence/whois_display/html/isengrim.html,yes,yes,yes,plain+decho+html,/Users/Lewis/.config/mudlet/profiles/Multi-Users in Middle-earth/mume_whois_archive.json
char_isildyr,Isildyr,Isildyr,mha:isildyr:1781603796:67afa1d7,high,Maia,isildyr,data/evidence/whois_display/text/isildyr.txt,data/evidence/whois_display/html/isildyr.html,yes,yes,yes,plain+decho+html,/Users/Lewis/.config/mudlet/profiles/Multi-Users in Middle-earth/mume_whois_archive.json
char_isillómë,Isillómë,Isillómë,mha:isillómë:1781603802:d518c8a3,high,Maia,isillome,data/evidence/whois_display/text/isillome.txt,data/evidence/whois_display/html/isillome.html,yes,yes,yes,plain+decho+html,/Users/Lewis/.config/mudlet/profiles/Multi-Users in Middle-earth/mume_whois_archive.json
char_iston,Iston,Iston,mha:iston:1781603807:46ae9148,high,Maia,iston,data/evidence/whois_display/text/iston.txt,data/evidence/whois_display/html/iston.html,yes,yes,yes,plain+decho+html,/Users/Lewis/.config/mudlet/profiles/Multi-Users in Middle-earth/mume_whois_archive.json
char_isóldir,Isóldir,Isóldir,mha:isóldir:1781603813:9613897d,high,Maia,isoldir,data/evidence/whois_display/text/isoldir.txt,data/evidence/whois_display/html/isoldir.html,yes,yes,yes,plain+decho+html,/Users/Lewis/.config/mudlet/profiles/Multi-Users in Middle-earth/mume_whois_archive.json
char_ithaldir,Ithaldir,Ithaldir,mha:ithaldir:1781603818:97258082,high,Maia,ithaldir,data/evidence/whois_display/text/ithaldir.txt,data/evidence/whois_display/html/ithaldir.html,yes,yes,yes,plain+decho+html,/Users/Lewis/.config/mudlet/profiles/Multi-Users in Middle-earth/mume_whois_archive.json
char_izual,Izual,Izual,mha:izual:1781603824:527ea9d4,high,Maia,izual,data/evidence/whois_display/text/izual.txt,data/evidence/whois_display/html/izual.html,yes,yes,yes,plain+decho+html,/Users/Lewis/.config/mudlet/profiles/Multi-Users in Middle-earth/mume_whois_archive.json
char_izzy,Izzy,Izzy,mha:izzy:1781603830:31c4ad3d,high,Maia,izzy,data/evidence/whois_display/text/izzy.txt,data/evidence/whois_display/html/izzy.html,yes,yes,yes,plain+decho+html,/Users/Lewis/.config/mudlet/profiles/Multi-Users in Middle-earth/mume_whois_archive.json
char_jab,Jab,Jab,mha:jab:1781603835:9b145334,high,Maia,jab,data/evidence/whois_display/text/jab.txt,data/evidence/whois_display/html/jab.html,yes,yes,yes,plain+decho+html,/Users/Lewis/.config/mudlet/profiles/Multi-Users in Middle-earth/mume_whois_archive.json
char_jabba,Jabba,Jabba,mha:jabba:1781603841:7dd2b21e,high,Maia,jabba,data/evidence/whois_display/text/jabba.txt,data/evidence/whois_display/html/jabba.html,yes,yes,yes,plain+decho+html,/Users/Lewis/.config/mudlet/profiles/Multi-Users in Middle-earth/mume_whois_archive.json
char_jadon,Jadon,Jadon,mha:jadon:1781603846:7a14ef94,high,the Kaoolest is a Maia,jadon,data/evidence/whois_display/text/jadon.txt,data/evidence/whois_display/html/jadon.html,yes,yes,yes,plain+decho+html,/Users/Lewis/.config/mudlet/profiles/Multi-Users in Middle-earth/mume_whois_archive.json
char_jaelle,Jaelle,Jaelle,mha:jaelle:1781603852:26d5ef25,high,Maia,jaelle,data/evidence/whois_display/text/jaelle.txt,data/evidence/whois_display/html/jaelle.html,yes,yes,yes,plain+decho+html,/Users/Lewis/.config/mudlet/profiles/Multi-Users in Middle-earth/mume_whois_archive.json
char_jahara,Jahara,Jahara,mha:jahara:1781603857:c5a68155,high,"Vala, one of the Aratar",jahara,data/evidence/whois_display/text/jahara.txt,data/evidence/whois_display/html/jahara.html,yes,yes,yes,plain+decho+html,/Users/Lewis/.config/mudlet/profiles/Multi-Users in Middle-earth/mume_whois_archive.json
char_jak,Jak,Jak,mha:jak:1781603863:f27ef5ac,high,Maia,jak,data/evidence/whois_display/text/jak.txt,data/evidence/whois_display/html/jak.html,yes,yes,yes,plain+decho+html,/Users/Lewis/.config/mudlet/profiles/Multi-Users in Middle-earth/mume_whois_archive.json
char_janosik,Janosik,Janosik,mha:janosik:1781603868:5fc03f5c,high,Maia,janosik,data/evidence/whois_display/text/janosik.txt,data/evidence/whois_display/html/janosik.html,yes,yes,yes,plain+decho+html,/Users/Lewis/.config/mudlet/profiles/Multi-Users in Middle-earth/mume_whois_archive.json
char_jeridoc,Jeridoc,Jeridoc,mha:jeridoc:1781603874:dc9fce78,high,Maia,jeridoc,data/evidence/whois_display/text/jeridoc.txt,data/evidence/whois_display/html/jeridoc.html,yes,yes,yes,plain+decho+html,/Users/Lewis/.config/mudlet/profiles/Multi-Users in Middle-earth/mume_whois_archive.json
char_jerusha,Jerusha,Jerusha,mha:jerusha:1781603879:2d994967,high,in other windows to is a Maia,jerusha,data/evidence/whois_display/text/jerusha.txt,data/evidence/whois_display/html/jerusha.html,yes,yes,yes,plain+decho+html,/Users/Lewis/.config/mudlet/profiles/Multi-Users in Middle-earth/mume_whois_archive.json
char_johan,Johan,Johan,mha:johan:1781603885:d9f900e2,high,Maia,johan,data/evidence/whois_display/text/johan.txt,data/evidence/whois_display/html/johan.html,yes,yes,yes,plain+decho+html,/Users/Lewis/.config/mudlet/profiles/Multi-Users in Middle-earth/mume_whois_archive.json
char_jolen,Jolen,Jolen,mha:jolen:1781603892:91bcd47e,high,Maia,jolen,data/evidence/whois_display/text/jolen.txt,data/evidence/whois_display/html/jolen.html,yes,yes,yes,plain+decho+html,/Users/Lewis/.config/mudlet/profiles/Multi-Users in Middle-earth/mume_whois_archive.json
char_kaen,Kaen,Kaen,mha:kaen:1781603900:87bc9157,high,Maia,kaen,data/evidence/whois_display/text/kaen.txt,data/evidence/whois_display/html/kaen.html,yes,yes,yes,plain+decho+html,/Users/Lewis/.config/mudlet/profiles/Multi-Users in Middle-earth/mume_whois_archive.json
char_kal,Kal,Kal,mha:kal:1781603908:88d3650f,high,Maia,kal,data/evidence/whois_display/text/kal.txt,data/evidence/whois_display/html/kal.html,yes,yes,yes,plain+decho+html,/Users/Lewis/.config/mudlet/profiles/Multi-Users in Middle-earth/mume_whois_archive.json
char_kalev,Kalev,Kalev,mha:kalev:1781603914:63df3ed8,high,Vala,kalev,data/evidence/whois_display/text/kalev.txt,data/evidence/whois_display/html/kalev.html,yes,yes,yes,plain+decho+html,/Users/Lewis/.config/mudlet/profiles/Multi-Users in Middle-earth/mume_whois_archive.json
char_kamlakh,Kamlakh,Kamlakh,mha:kamlakh:1781603921:75d53130,high,about 14 years old is a Maia,kamlakh,data/evidence/whois_display/text/kamlakh.txt,data/evidence/whois_display/html/kamlakh.html,yes,yes,yes,plain+decho+html,/Users/Lewis/.config/mudlet/profiles/Multi-Users in Middle-earth/mume_whois_archive.json
char_kardrim,Kardrim,Kardrim,mha:kardrim:1781603930:de6ffa8f,high,Maia,kardrim,data/evidence/whois_display/text/kardrim.txt,data/evidence/whois_display/html/kardrim.html,yes,yes,yes,plain+decho+html,/Users/Lewis/.config/mudlet/profiles/Multi-Users in Middle-earth/mume_whois_archive.json
char_karl,Karl,Karl,mha:karl:1781603937:fef19246,high,Maia,karl,data/evidence/whois_display/text/karl.txt,data/evidence/whois_display/html/karl.html,yes,yes,yes,plain+decho+html,/Users/Lewis/.config/mudlet/profiles/Multi-Users in Middle-earth/mume_whois_archive.json
char_karli,Karli,Karli,mha:karli:1781603945:a7d476c7,high,Maia,karli,data/evidence/whois_display/text/karli.txt,data/evidence/whois_display/html/karli.html,yes,yes,yes,plain+decho+html,/Users/Lewis/.config/mudlet/profiles/Multi-Users in Middle-earth/mume_whois_archive.json
char_karlsburg,Karlsburg,Karlsburg,mha:karlsburg:1781603951:85b0a738,high,Maia,karlsburg,data/evidence/whois_display/text/karlsburg.txt,data/evidence/whois_display/html/karlsburg.html,yes,yes,yes,plain+decho+html,/Users/Lewis/.config/mudlet/profiles/Multi-Users in Middle-earth/mume_whois_archive.json
char_karnak,Karnak,Karnak,mha:karnak:1781603957:0cabe4dd,high,Maia,karnak,data/evidence/whois_display/text/karnak.txt,data/evidence/whois_display/html/karnak.html,yes,yes,yes,plain+decho+html,/Users/Lewis/.config/mudlet/profiles/Multi-Users in Middle-earth/mume_whois_archive.json
char_karvane,Karvane,Karvane,mha:karvane:1781603967:3b9b173e,high,Maia,karvane,data/evidence/whois_display/text/karvane.txt,data/evidence/whois_display/html/karvane.html,yes,yes,yes,plain+decho+html,/Users/Lewis/.config/mudlet/profiles/Multi-Users in Middle-earth/mume_whois_archive.json
char_katje,Katje,Katje,mha:katje:1781603972:2edd925f,high,Maia,katje,data/evidence/whois_display/text/katje.txt,data/evidence/whois_display/html/katje.html,yes,yes,yes,plain+decho+html,/Users/Lewis/.config/mudlet/profiles/Multi-Users in Middle-earth/mume_whois_archive.json
char_katla,Katla,Katla,mha:katla:1781603978:a9bac690,high,Maia,katla,data/evidence/whois_display/text/katla.txt,data/evidence/whois_display/html/katla.html,yes,yes,yes,plain+decho+html,/Users/Lewis/.config/mudlet/profiles/Multi-Users in Middle-earth/mume_whois_archive.json
char_kaznor,Kaznor,Kaznor,mha:kaznor:1781603983:a4de36fa,high,Maia,kaznor,data/evidence/whois_display/text/kaznor.txt,data/evidence/whois_display/html/kaznor.html,yes,yes,yes,plain+decho+html,/Users/Lewis/.config/mudlet/profiles/Multi-Users in Middle-earth/mume_whois_archive.json
char_kaztor,Kaztor,Kaztor,mha:kaztor:1781603989:0de3d167,high,beautiful! is a Maia,kaztor,data/evidence/whois_display/text/kaztor.txt,data/evidence/whois_display/html/kaztor.html,yes,yes,yes,plain+decho+html,/Users/Lewis/.config/mudlet/profiles/Multi-Users in Middle-earth/mume_whois_archive.json
char_ke,Ke,Ke,mha:ke:1781603994:af16a34b,high,Maia,ke,data/evidence/whois_display/text/ke.txt,data/evidence/whois_display/html/ke.html,yes,yes,yes,plain+decho+html,/Users/Lewis/.config/mudlet/profiles/Multi-Users in Middle-earth/mume_whois_archive.json
char_kefka,Kefka,Kefka,mha:kefka:1781604000:31c623ea,high,Maia,kefka,data/evidence/whois_display/text/kefka.txt,data/evidence/whois_display/html/kefka.html,yes,yes,yes,plain+decho+html,/Users/Lewis/.config/mudlet/profiles/Multi-Users in Middle-earth/mume_whois_archive.json
char_keltic,Keltic,Keltic,mha:keltic:1781604005:5d0d36e3,high,Vala,keltic,data/evidence/whois_display/text/keltic.txt,data/evidence/whois_display/html/keltic.html,yes,yes,yes,plain+decho+html,/Users/Lewis/.config/mudlet/profiles/Multi-Users in Middle-earth/mume_whois_archive.json
char_kenzu,Kenzu,Kenzu,mha:kenzu:1781604011:71863d64,high,prowling Arda is a Maia,kenzu,data/evidence/whois_display/text/kenzu.txt,data/evidence/whois_display/html/kenzu.html,yes,yes,yes,plain+decho+html,/Users/Lewis/.config/mudlet/profiles/Multi-Users in Middle-earth/mume_whois_archive.json
char_keram,Keram,Keram,mha:keram:1781604016:fe5253f4,high,Maia,keram,data/evidence/whois_display/text/keram.txt,data/evidence/whois_display/html/keram.html,yes,yes,yes,plain+decho+html,/Users/Lewis/.config/mudlet/profiles/Multi-Users in Middle-earth/mume_whois_archive.json
char_kerf,Kerf,Kerf,mha:kerf:1781604022:df402e8c,high,Maia,kerf,data/evidence/whois_display/text/kerf.txt,data/evidence/whois_display/html/kerf.html,yes,yes,yes,plain+decho+html,/Users/Lewis/.config/mudlet/profiles/Multi-Users in Middle-earth/mume_whois_archive.json
char_kergon,Kergon,Kergon,mha:kergon:1781604027:4b6fb009,high,Maia,kergon,data/evidence/whois_display/text/kergon.txt,data/evidence/whois_display/html/kergon.html,yes,yes,yes,plain+decho+html,/Users/Lewis/.config/mudlet/profiles/Multi-Users in Middle-earth/mume_whois_archive.json
char_kestrel,Kestrel,Kestrel,mha:kestrel:1781604033:f519ef31,high,Maia,kestrel,data/evidence/whois_display/text/kestrel.txt,data/evidence/whois_display/html/kestrel.html,yes,yes,yes,plain+decho+html,/Users/Lewis/.config/mudlet/profiles/Multi-Users in Middle-earth/mume_whois_archive.json
char_khaldun,Khaldun,Khaldun,mha:khaldun:1781604038:7ad6a58d,high,Maia,khaldun,data/evidence/whois_display/text/khaldun.txt,data/evidence/whois_display/html/khaldun.html,yes,yes,yes,plain+decho+html,/Users/Lewis/.config/mudlet/profiles/Multi-Users in Middle-earth/mume_whois_archive.json
char_khan,Khan,Khan,mha:khan:1781604044:d822d12c,high,Maia,khan,data/evidence/whois_display/text/khan.txt,data/evidence/whois_display/html/khan.html,yes,yes,yes,plain+decho+html,/Users/Lewis/.config/mudlet/profiles/Multi-Users in Middle-earth/mume_whois_archive.json
char_khantar,Khantar,Khantar,mha:khantar:1781604049:a1f7947e,high,Maia,khantar,data/evidence/whois_display/text/khantar.txt,data/evidence/whois_display/html/khantar.html,yes,yes,yes,plain+decho+html,/Users/Lewis/.config/mudlet/profiles/Multi-Users in Middle-earth/mume_whois_archive.json
char_khatog,Khatog,Khatog,mha:khatog:1781604055:b4747aff,high,Maia,khatog,data/evidence/whois_display/text/khatog.txt,data/evidence/whois_display/html/khatog.html,yes,yes,yes,plain+decho+html,/Users/Lewis/.config/mudlet/profiles/Multi-Users in Middle-earth/mume_whois_archive.json
char_khazander,Khazander,Khazander,mha:khazander:1781604061:89046906,high,Maia,khazander,data/evidence/whois_display/text/khazander.txt,data/evidence/whois_display/html/khazander.html,yes,yes,yes,plain+decho+html,/Users/Lewis/.config/mudlet/profiles/Multi-Users in Middle-earth/mume_whois_archive.json
char_kheldur,Kheldur,Kheldur,mha:kheldur:1781604066:63a6e164,high,Maia,kheldur,data/evidence/whois_display/text/kheldur.txt,data/evidence/whois_display/html/kheldur.html,yes,yes,yes,plain+decho+html,/Users/Lewis/.config/mudlet/profiles/Multi-Users in Middle-earth/mume_whois_archive.json
char_khrun,Khrun,Khrun,mha:khrun:1781604074:52b4231b,high,Maia,khrun,data/evidence/whois_display/text/khrun.txt,data/evidence/whois_display/html/khrun.html,yes,yes,yes,plain+decho+html,/Users/Lewis/.config/mudlet/profiles/Multi-Users in Middle-earth/mume_whois_archive.json
char_khudum,Khudum,Khudum,mha:khudum:1781604082:54d05f61,high,Maia,khudum,data/evidence/whois_display/text/khudum.txt,data/evidence/whois_display/html/khudum.html,yes,yes,yes,plain+decho+html,/Users/Lewis/.config/mudlet/profiles/Multi-Users in Middle-earth/mume_whois_archive.json
char_killillwind,Killillwind,Killillwind,mha:killillwind:1781604090:458c2cdc,high,Maia,killillwind,data/evidence/whois_display/text/killillwind.txt,data/evidence/whois_display/html/killillwind.html,yes,yes,yes,plain+decho+html,/Users/Lewis/.config/mudlet/profiles/Multi-Users in Middle-earth/mume_whois_archive.json
char_kits,kits,Elfan,mha:elfan:1781579165:adc9718e,high,Maia,kits,data/evidence/whois_display/text/kits.txt,data/evidence/whois_display/html/kits.html,yes,yes,yes,plain+decho+html,/Users/Lewis/.config/mudlet/profiles/Multi-Users in Middle-earth/mume_whois_archive.json
char_kizh,Kizh,Kizh,mha:kizh:1781604098:b8ceddb4,high,Maia,kizh,data/evidence/whois_display/text/kizh.txt,data/evidence/whois_display/html/kizh.html,yes,yes,yes,plain+decho+html,/Users/Lewis/.config/mudlet/profiles/Multi-Users in Middle-earth/mume_whois_archive.json
char_kjell,Kjell,Kjell,mha:kjell:1781604106:5f8cb51f,high,Maia,kjell,data/evidence/whois_display/text/kjell.txt,data/evidence/whois_display/html/kjell.html,yes,yes,yes,plain+decho+html,/Users/Lewis/.config/mudlet/profiles/Multi-Users in Middle-earth/mume_whois_archive.json
char_kleftis,Kleftis,Kleftis,mha:kleftis:1781604115:3db94dc0,high,Maia,kleftis,data/evidence/whois_display/text/kleftis.txt,data/evidence/whois_display/html/kleftis.html,yes,yes,yes,plain+decho+html,/Users/Lewis/.config/mudlet/profiles/Multi-Users in Middle-earth/mume_whois_archive.json
char_koft,Koft,Koft,mha:koft:1781604130:2856086e,high,Maia,koft,data/evidence/whois_display/text/koft.txt,data/evidence/whois_display/html/koft.html,yes,yes,yes,plain+decho+html,/Users/Lewis/.config/mudlet/profiles/Multi-Users in Middle-earth/mume_whois_archive.json
char_kone,Kone,Kone,mha:kone:1781604140:ae843321,high,Maia,kone,data/evidence/whois_display/text/kone.txt,data/evidence/whois_display/html/kone.html,yes,yes,yes,plain+decho+html,/Users/Lewis/.config/mudlet/profiles/Multi-Users in Middle-earth/mume_whois_archive.json
char_kovenya,Kovenya,Kovenya,mha:kovenya:1781604150:005c1c73,high,off doing other things is a Maia,kovenya,data/evidence/whois_display/text/kovenya.txt,data/evidence/whois_display/html/kovenya.html,yes,yes,yes,plain+decho+html,/Users/Lewis/.config/mudlet/profiles/Multi-Users in Middle-earth/mume_whois_archive.json
char_kovik,Kovik,Kovik,mha:kovik:1781604158:591722b6,high,Maia,kovik,data/evidence/whois_display/text/kovik.txt,data/evidence/whois_display/html/kovik.html,yes,yes,yes,plain+decho+html,/Users/Lewis/.config/mudlet/profiles/Multi-Users in Middle-earth/mume_whois_archive.json
char_kraag,Kraag,Kraag,mha:kraag:1781604171:ae3d09fb,high,Maia,kraag,data/evidence/whois_display/text/kraag.txt,data/evidence/whois_display/html/kraag.html,yes,yes,yes,plain+decho+html,/Users/Lewis/.config/mudlet/profiles/Multi-Users in Middle-earth/mume_whois_archive.json
char_krazy,Krazy,Krazy,mha:krazy:1781604177:556763ce,high,as Krazy does is a Maia,krazy,data/evidence/whois_display/text/krazy.txt,data/evidence/whois_display/html/krazy.html,yes,yes,yes,plain+decho+html,/Users/Lewis/.config/mudlet/profiles/Multi-Users in Middle-earth/mume_whois_archive.json
char_kril,Kril,Kril,mha:kril:1781604190:5ff30fbf,high,Kril again is a Maia,kril,data/evidence/whois_display/text/kril.txt,data/evidence/whois_display/html/kril.html,yes,yes,yes,plain+decho+html,/Users/Lewis/.config/mudlet/profiles/Multi-Users in Middle-earth/mume_whois_archive.json
char_kristian,Kristian,Kristian,mha:kristian:1781604197:a66878f2,high,Maia,kristian,data/evidence/whois_display/text/kristian.txt,data/evidence/whois_display/html/kristian.html,yes,yes,yes,plain+decho+html,/Users/Lewis/.config/mudlet/profiles/Multi-Users in Middle-earth/mume_whois_archive.json
char_kron,Kron,Kron,mha:kron:1781604204:40e24744,high,Maia,kron,data/evidence/whois_display/text/kron.txt,data/evidence/whois_display/html/kron.html,yes,yes,yes,plain+decho+html,/Users/Lewis/.config/mudlet/profiles/Multi-Users in Middle-earth/mume_whois_archive.json
char_kroz,Kroz,Kroz,mha:kroz:1781604209:780349a4,high,Vala,kroz,data/evidence/whois_display/text/kroz.txt,data/evidence/whois_display/html/kroz.html,yes,yes,yes,plain+decho+html,/Users/Lewis/.config/mudlet/profiles/Multi-Users in Middle-earth/mume_whois_archive.json
char_kruel,Kruel,Kruel,mha:kruel:1781604215:3ab8c55f,high,Maia,kruel,data/evidence/whois_display/text/kruel.txt,data/evidence/whois_display/html/kruel.html,yes,yes,yes,plain+decho+html,/Users/Lewis/.config/mudlet/profiles/Multi-Users in Middle-earth/mume_whois_archive.json
char_kuzdhin,Kuzdhin,Kuzdhin,mha:kuzdhin:1781604220:c03f4c9f,high,Maia,kuzdhin,data/evidence/whois_display/text/kuzdhin.txt,data/evidence/whois_display/html/kuzdhin.html,yes,yes,yes,plain+decho+html,/Users/Lewis/.config/mudlet/profiles/Multi-Users in Middle-earth/mume_whois_archive.json
char_kyratai,Kyratai,Kyratai,mha:kyratai:1781604226:4c834e19,high,teacher! is a Maia,kyratai,data/evidence/whois_display/text/kyratai.txt,data/evidence/whois_display/html/kyratai.html,yes,yes,yes,plain+decho+html,/Users/Lewis/.config/mudlet/profiles/Multi-Users in Middle-earth/mume_whois_archive.json
char_kyrill,Kyrill,Kyrill,mha:kyrill:1781604232:f010326d,high,Maia,kyrill,data/evidence/whois_display/text/kyrill.txt,data/evidence/whois_display/html/kyrill.html,yes,yes,yes,plain+decho+html,/Users/Lewis/.config/mudlet/profiles/Multi-Users in Middle-earth/mume_whois_archive.json
char_lamia,Lamia,Lamia,mha:lamia:1781604237:fbd27707,high,Maia,lamia,data/evidence/whois_display/text/lamia.txt,data/evidence/whois_display/html/lamia.html,yes,yes,yes,plain+decho+html,/Users/Lewis/.config/mudlet/profiles/Multi-Users in Middle-earth/mume_whois_archive.json
char_lancelot,Lancelot,Lancelot,mha:lancelot:1781604243:37f24384,high,Maia,lancelot,data/evidence/whois_display/text/lancelot.txt,data/evidence/whois_display/html/lancelot.html,yes,yes,yes,plain+decho+html,/Users/Lewis/.config/mudlet/profiles/Multi-Users in Middle-earth/mume_whois_archive.json
char_lancot,Lancot,Lancot,mha:lancot:1781604248:21126046,high,Maia,lancot,data/evidence/whois_display/text/lancot.txt,data/evidence/whois_display/html/lancot.html,yes,yes,yes,plain+decho+html,/Users/Lewis/.config/mudlet/profiles/Multi-Users in Middle-earth/mume_whois_archive.json
char_landroval,Landroval,Landroval,mha:landroval:1781604254:0d14da49,high,Maia,landroval,data/evidence/whois_display/text/landroval.txt,data/evidence/whois_display/html/landroval.html,yes,yes,yes,plain+decho+html,/Users/Lewis/.config/mudlet/profiles/Multi-Users in Middle-earth/mume_whois_archive.json
char_larien,Larien,Larien,mha:larien:1781604259:f42fb678,high,Maia,larien,data/evidence/whois_display/text/larien.txt,data/evidence/whois_display/html/larien.html,yes,yes,yes,plain+decho+html,/Users/Lewis/.config/mudlet/profiles/Multi-Users in Middle-earth/mume_whois_archive.json
char_laris,Laris,Laris,mha:laris:1781604265:73360a55,high,blissfully clueless is a Maia,laris,data/evidence/whois_display/text/laris.txt,data/evidence/whois_display/html/laris.html,yes,yes,yes,plain+decho+html,/Users/Lewis/.config/mudlet/profiles/Multi-Users in Middle-earth/mume_whois_archive.json
char_larnach,Larnach,Larnach,mha:larnach:1781604270:f0d39bfd,high,Maia,larnach,data/evidence/whois_display/text/larnach.txt,data/evidence/whois_display/html/larnach.html,yes,yes,yes,plain+decho+html,/Users/Lewis/.config/mudlet/profiles/Multi-Users in Middle-earth/mume_whois_archive.json
char_lauryn,Lauryn,Lauryn,mha:lauryn:1781604276:646348fb,high,Maia,lauryn,data/evidence/whois_display/text/lauryn.txt,data/evidence/whois_display/html/lauryn.html,yes,yes,yes,plain+decho+html,/Users/Lewis/.config/mudlet/profiles/Multi-Users in Middle-earth/mume_whois_archive.json
char_lavabom,Lavabom,Lavabom,mha:lavabom:1781604281:fd169aec,high,Smiling to YOU! is a Maia,lavabom,data/evidence/whois_display/text/lavabom.txt,data/evidence/whois_display/html/lavabom.html,yes,yes,yes,plain+decho+html,/Users/Lewis/.config/mudlet/profiles/Multi-Users in Middle-earth/mume_whois_archive.json
char_leah,Leah,Leah,mha:leah:1781604287:710a5c05,high,Maia,leah,data/evidence/whois_display/text/leah.txt,data/evidence/whois_display/html/leah.html,yes,yes,yes,plain+decho+html,/Users/Lewis/.config/mudlet/profiles/Multi-Users in Middle-earth/mume_whois_archive.json
char_lealana,Lealana,Lealana,mha:lealana:1781604292:bc661a0c,high,probably afk is a Maia,lealana,data/evidence/whois_display/text/lealana.txt,data/evidence/whois_display/html/lealana.html,yes,yes,yes,plain+decho+html,/Users/Lewis/.config/mudlet/profiles/Multi-Users in Middle-earth/mume_whois_archive.json
char_lede,Lede,Lede,mha:lede:1781604298:10823529,high,Maia,lede,data/evidence/whois_display/text/lede.txt,data/evidence/whois_display/html/lede.html,yes,yes,yes,plain+decho+html,/Users/Lewis/.config/mudlet/profiles/Multi-Users in Middle-earth/mume_whois_archive.json
char_leetah,Leetah,Leetah,mha:leetah:1781604303:b1f7b95b,high,Maia,leetah,data/evidence/whois_display/text/leetah.txt,data/evidence/whois_display/html/leetah.html,yes,yes,yes,plain+decho+html,/Users/Lewis/.config/mudlet/profiles/Multi-Users in Middle-earth/mume_whois_archive.json
char_leew,Leew,Leew,mha:leew:1781604309:14ffd3d6,high,Maia,leew,data/evidence/whois_display/text/leew.txt,data/evidence/whois_display/html/leew.html,yes,yes,yes,plain+decho+html,/Users/Lewis/.config/mudlet/profiles/Multi-Users in Middle-earth/mume_whois_archive.json
char_legolas,Legolas,Legolas,mha:legolas:1781604314:0946b902,high,Maia,legolas,data/evidence/whois_display/text/legolas.txt,data/evidence/whois_display/html/legolas.html,yes,yes,yes,plain+decho+html,/Users/Lewis/.config/mudlet/profiles/Multi-Users in Middle-earth/mume_whois_archive.json
char_legon,Legon,Legon,mha:legon:1781604320:dd442103,high,lost deep inside the Mirkwood is a Maia,legon,data/evidence/whois_display/text/legon.txt,data/evidence/whois_display/html/legon.html,yes,yes,yes,plain+decho+html,/Users/Lewis/.config/mudlet/profiles/Multi-Users in Middle-earth/mume_whois_archive.json
char_lehto,Lehto,Lehto,mha:lehto:1781604325:d03c81ad,high,Maia,lehto,data/evidence/whois_display/text/lehto.txt,data/evidence/whois_display/html/lehto.html,yes,yes,yes,plain+decho+html,/Users/Lewis/.config/mudlet/profiles/Multi-Users in Middle-earth/mume_whois_archive.json
char_leica,Leica,Leica,mha:leica:1781604331:64ec5a68,high,Maia,leica,data/evidence/whois_display/text/leica.txt,data/evidence/whois_display/html/leica.html,yes,yes,yes,plain+decho+html,/Users/Lewis/.config/mudlet/profiles/Multi-Users in Middle-earth/mume_whois_archive.json
char_lena,Lena,Lena,mha:lena:1781604336:d3131a27,high,Maia,lena,data/evidence/whois_display/text/lena.txt,data/evidence/whois_display/html/lena.html,yes,yes,yes,plain+decho+html,/Users/Lewis/.config/mudlet/profiles/Multi-Users in Middle-earth/mume_whois_archive.json
char_leni,Leni,Leni,mha:leni:1781604342:645c6ca1,high,Maia,leni,data/evidence/whois_display/text/leni.txt,data/evidence/whois_display/html/leni.html,yes,yes,yes,plain+decho+html,/Users/Lewis/.config/mudlet/profiles/Multi-Users in Middle-earth/mume_whois_archive.json
char_lenore,Lenore,Lenore,mha:lenore:1781604347:08df03fc,high,Maia,lenore,data/evidence/whois_display/text/lenore.txt,data/evidence/whois_display/html/lenore.html,yes,yes,yes,plain+decho+html,/Users/Lewis/.config/mudlet/profiles/Multi-Users in Middle-earth/mume_whois_archive.json
char_lens,Lens,Lens,mha:lens:1781604353:54605b2d,high,Maia,lens,data/evidence/whois_display/text/lens.txt,data/evidence/whois_display/html/lens.html,yes,yes,yes,plain+decho+html,/Users/Lewis/.config/mudlet/profiles/Multi-Users in Middle-earth/mume_whois_archive.json
char_liliah,Liliah,Liliah,mha:liliah:1781604359:84b84e55,high,Maia,liliah,data/evidence/whois_display/text/liliah.txt,data/evidence/whois_display/html/liliah.html,yes,yes,yes,plain+decho+html,/Users/Lewis/.config/mudlet/profiles/Multi-Users in Middle-earth/mume_whois_archive.json
char_lilith,Lilith,Lilith,mha:lilith:1781604364:b0cb4c76,high,Maia,lilith,data/evidence/whois_display/text/lilith.txt,data/evidence/whois_display/html/lilith.html,yes,yes,yes,plain+decho+html,/Users/Lewis/.config/mudlet/profiles/Multi-Users in Middle-earth/mume_whois_archive.json
char_lilja,Lilja,Lilja,mha:lilja:1781604370:80abaff0,high,Maia,lilja,data/evidence/whois_display/text/lilja.txt,data/evidence/whois_display/html/lilja.html,yes,yes,yes,plain+decho+html,/Users/Lewis/.config/mudlet/profiles/Multi-Users in Middle-earth/mume_whois_archive.json
char_lilleman,LilleMan,LilleMan,mha:lilleman:1781604381:785c8fcd,high,Maia,lilleman,data/evidence/whois_display/text/lilleman.txt,data/evidence/whois_display/html/lilleman.html,yes,yes,yes,plain+decho+html,/Users/Lewis/.config/mudlet/profiles/Multi-Users in Middle-earth/mume_whois_archive.json
char_lionheart,Lionheart,Lionheart,mha:lionheart:1781604390:f703bd5c,high,Maia,lionheart,data/evidence/whois_display/text/lionheart.txt,data/evidence/whois_display/html/lionheart.html,yes,yes,yes,plain+decho+html,/Users/Lewis/.config/mudlet/profiles/Multi-Users in Middle-earth/mume_whois_archive.json
char_llywarch,Llywarch,Llywarch,mha:llywarch:1781604397:40950aac,high,Maia,llywarch,data/evidence/whois_display/text/llywarch.txt,data/evidence/whois_display/html/llywarch.html,yes,yes,yes,plain+decho+html,/Users/Lewis/.config/mudlet/profiles/Multi-Users in Middle-earth/mume_whois_archive.json
char_loden,Loden,Loden,mha:loden:1781604404:7e6ad978,high,Maia,loden,data/evidence/whois_display/text/loden.txt,data/evidence/whois_display/html/loden.html,yes,yes,yes,plain+decho+html,/Users/Lewis/.config/mudlet/profiles/Multi-Users in Middle-earth/mume_whois_archive.json
char_loke,Loke,Loke,mha:loke:1781604410:953d5942,high,Maia,loke,data/evidence/whois_display/text/loke.txt,data/evidence/whois_display/html/loke.html,yes,yes,yes,plain+decho+html,/Users/Lewis/.config/mudlet/profiles/Multi-Users in Middle-earth/mume_whois_archive.json
char_lolatmi,Lolatmi,Lolatmi,mha:lolatmi:1781604417:10915ae5,high,Maia,lolatmi,data/evidence/whois_display/text/lolatmi.txt,data/evidence/whois_display/html/lolatmi.html,yes,yes,yes,plain+decho+html,/Users/Lewis/.config/mudlet/profiles/Multi-Users in Middle-earth/mume_whois_archive.json
char_lomion,Lomion,Lomion,mha:lomion:1781604425:d7108052,high,Vala,lomion,data/evidence/whois_display/text/lomion.txt,data/evidence/whois_display/html/lomion.html,yes,yes,yes,plain+decho+html,/Users/Lewis/.config/mudlet/profiles/Multi-Users in Middle-earth/mume_whois_archive.json
char_lone,Lone,Lone,mha:lone:1781604431:2e5030d6,high,Maia,lone,data/evidence/whois_display/text/lone.txt,data/evidence/whois_display/html/lone.html,yes,yes,yes,plain+decho+html,/Users/Lewis/.config/mudlet/profiles/Multi-Users in Middle-earth/mume_whois_archive.json
char_loomis,Loomis,Loomis,mha:loomis:1781604442:a318f311,high,Maia,loomis,data/evidence/whois_display/text/loomis.txt,data/evidence/whois_display/html/loomis.html,yes,yes,yes,plain+decho+html,/Users/Lewis/.config/mudlet/profiles/Multi-Users in Middle-earth/mume_whois_archive.json
char_lorena,Lorena,Lorena,mha:lorena:1781604453:04e7e144,high,Maia,lorena,data/evidence/whois_display/text/lorena.txt,data/evidence/whois_display/html/lorena.html,yes,yes,yes,plain+decho+html,/Users/Lewis/.config/mudlet/profiles/Multi-Users in Middle-earth/mume_whois_archive.json
char_lorien,Lorien,Lorien,mha:lorien:1781604460:55312ff8,high,Maia,lorien,data/evidence/whois_display/text/lorien.txt,data/evidence/whois_display/html/lorien.html,yes,yes,yes,plain+decho+html,/Users/Lewis/.config/mudlet/profiles/Multi-Users in Middle-earth/mume_whois_archive.json
char_lospe,Lospe,Lospe,mha:lospe:1781604467:12f907ef,high,Maia,lospe,data/evidence/whois_display/text/lospe.txt,data/evidence/whois_display/html/lospe.html,yes,yes,yes,plain+decho+html,/Users/Lewis/.config/mudlet/profiles/Multi-Users in Middle-earth/mume_whois_archive.json
char_loy,Loy,Loy,mha:loy:1781604472:e9c1ec64,high,Maia,loy,data/evidence/whois_display/text/loy.txt,data/evidence/whois_display/html/loy.html,yes,yes,yes,plain+decho+html,/Users/Lewis/.config/mudlet/profiles/Multi-Users in Middle-earth/mume_whois_archive.json
char_ludwig,Ludwig,Ludwig,mha:ludwig:1781604480:3b50fdbf,high,big teddy is a Maia,ludwig,data/evidence/whois_display/text/ludwig.txt,data/evidence/whois_display/html/ludwig.html,yes,yes,yes,plain+decho+html,/Users/Lewis/.config/mudlet/profiles/Multi-Users in Middle-earth/mume_whois_archive.json
char_luineth,Luineth,Luineth,mha:luineth:1781604488:6244b063,high,Maia,luineth,data/evidence/whois_display/text/luineth.txt,data/evidence/whois_display/html/luineth.html,yes,yes,yes,plain+decho+html,/Users/Lewis/.config/mudlet/profiles/Multi-Users in Middle-earth/mume_whois_archive.json
char_luinil,Luinil,Luinil,mha:luinil:1781604501:ca2579e9,high,Vala,luinil,data/evidence/whois_display/text/luinil.txt,data/evidence/whois_display/html/luinil.html,yes,yes,yes,plain+decho+html,/Users/Lewis/.config/mudlet/profiles/Multi-Users in Middle-earth/mume_whois_archive.json
char_luke,Luke,Luke,mha:luke:1781604508:a4d18a38,high,Maia,luke,data/evidence/whois_display/text/luke.txt,data/evidence/whois_display/html/luke.html,yes,yes,yes,plain+decho+html,/Users/Lewis/.config/mudlet/profiles/Multi-Users in Middle-earth/mume_whois_archive.json
char_lynwen,Lynwen,Lynwen,mha:lynwen:1781604518:a29ca50f,high,Maia,lynwen,data/evidence/whois_display/text/lynwen.txt,data/evidence/whois_display/html/lynwen.html,yes,yes,yes,plain+decho+html,/Users/Lewis/.config/mudlet/profiles/Multi-Users in Middle-earth/mume_whois_archive.json
char_líng,Líng,Líng,mha:líng:1781604524:d922d124,high,Maia,ling,data/evidence/whois_display/text/ling.txt,data/evidence/whois_display/html/ling.html,yes,yes,yes,plain+decho+html,/Users/Lewis/.config/mudlet/profiles/Multi-Users in Middle-earth/mume_whois_archive.json
char_lómë,Lómë,Lómë,mha:lómë:1781604530:aa627d0d,high,Maia,lome,data/evidence/whois_display/text/lome.txt,data/evidence/whois_display/html/lome.html,yes,yes,yes,plain+decho+html,/Users/Lewis/.config/mudlet/profiles/Multi-Users in Middle-earth/mume_whois_archive.json
char_macabre,Macabre,Macabre,mha:macabre:1781604537:b9625cde,high,Maia,macabre,data/evidence/whois_display/text/macabre.txt,data/evidence/whois_display/html/macabre.html,yes,yes,yes,plain+decho+html,/Users/Lewis/.config/mudlet/profiles/Multi-Users in Middle-earth/mume_whois_archive.json
char_maedhros,Maedhros,Maedhros,mha:maedhros:1781604550:e5fef641,high,Vala,maedhros,data/evidence/whois_display/text/maedhros.txt,data/evidence/whois_display/html/maedhros.html,yes,yes,yes,plain+decho+html,/Users/Lewis/.config/mudlet/profiles/Multi-Users in Middle-earth/mume_whois_archive.json
char_magicus,Magicus,Magicus,mha:magicus:1781604558:432b4d09,high,Maia,magicus,data/evidence/whois_display/text/magicus.txt,data/evidence/whois_display/html/magicus.html,yes,yes,yes,plain+decho+html,/Users/Lewis/.config/mudlet/profiles/Multi-Users in Middle-earth/mume_whois_archive.json
char_magnos,Magnos,Magnos,mha:magnos:1781604569:58676601,high,Maia,magnos,data/evidence/whois_display/text/magnos.txt,data/evidence/whois_display/html/magnos.html,yes,yes,yes,plain+decho+html,/Users/Lewis/.config/mudlet/profiles/Multi-Users in Middle-earth/mume_whois_archive.json
char_majesty,Majesty,Majesty,mha:majesty:1781604579:b99ffc82,high,Maia,majesty,data/evidence/whois_display/text/majesty.txt,data/evidence/whois_display/html/majesty.html,yes,yes,yes,plain+decho+html,/Users/Lewis/.config/mudlet/profiles/Multi-Users in Middle-earth/mume_whois_archive.json
char_makar,Makar,Makar,mha:makar:1781604591:2ccc9552,high,Vala,makar,data/evidence/whois_display/text/makar.txt,data/evidence/whois_display/html/makar.html,yes,yes,yes,plain+decho+html,/Users/Lewis/.config/mudlet/profiles/Multi-Users in Middle-earth/mume_whois_archive.json
char_maldagor,Maldagor,Maldagor,mha:maldagor:1781604597:dfbab726,high,Maia,maldagor,data/evidence/whois_display/text/maldagor.txt,data/evidence/whois_display/html/maldagor.html,yes,yes,yes,plain+decho+html,/Users/Lewis/.config/mudlet/profiles/Multi-Users in Middle-earth/mume_whois_archive.json
char_manatark,Manatark,Manatark,mha:manatark:1781604608:cd70e2d8,high,done whining for now is a Maia,manatark,data/evidence/whois_display/text/manatark.txt,data/evidence/whois_display/html/manatark.html,yes,yes,yes,plain+decho+html,/Users/Lewis/.config/mudlet/profiles/Multi-Users in Middle-earth/mume_whois_archive.json
char_mandor,Mandor,Mandor,mha:mandor:1781604618:72690428,high,this where I type? is a Vala,mandor,data/evidence/whois_display/text/mandor.txt,data/evidence/whois_display/html/mandor.html,yes,yes,yes,plain+decho+html,/Users/Lewis/.config/mudlet/profiles/Multi-Users in Middle-earth/mume_whois_archive.json
char_mandos,Mandos,Mandos,mha:mandos:1781604629:e524bdf2,high,Vala,mandos,data/evidence/whois_display/text/mandos.txt,data/evidence/whois_display/html/mandos.html,yes,yes,yes,plain+decho+html,/Users/Lewis/.config/mudlet/profiles/Multi-Users in Middle-earth/mume_whois_archive.json
char_manse,Manse,Manse,mha:manse:1781604638:d8b81418,high,back is a Maia,manse,data/evidence/whois_display/text/manse.txt,data/evidence/whois_display/html/manse.html,yes,yes,yes,plain+decho+html,/Users/Lewis/.config/mudlet/profiles/Multi-Users in Middle-earth/mume_whois_archive.json
char_manwë,Manwë,Manwë,mha:manwë:1781604654:c340e4fe,high,Implementor,manwe,data/evidence/whois_display/text/manwe.txt,data/evidence/whois_display/html/manwe.html,yes,yes,yes,plain+decho+html,/Users/Lewis/.config/mudlet/profiles/Multi-Users in Middle-earth/mume_whois_archive.json
char_marathon,Marathon,Marathon,mha:marathon:1781604660:6dee14c9,high,Maia,marathon,data/evidence/whois_display/text/marathon.txt,data/evidence/whois_display/html/marathon.html,yes,yes,yes,plain+decho+html,/Users/Lewis/.config/mudlet/profiles/Multi-Users in Middle-earth/mume_whois_archive.json
char_marcho,Marcho,Marcho,mha:marcho:1781604671:ee1b07c8,high,Maia,marcho,data/evidence/whois_display/text/marcho.txt,data/evidence/whois_display/html/marcho.html,yes,yes,yes,plain+decho+html,/Users/Lewis/.config/mudlet/profiles/Multi-Users in Middle-earth/mume_whois_archive.json
char_marte,Marte,Marte,mha:marte:1781604680:18e30fb3,high,Maia,marte,data/evidence/whois_display/text/marte.txt,data/evidence/whois_display/html/marte.html,yes,yes,yes,plain+decho+html,/Users/Lewis/.config/mudlet/profiles/Multi-Users in Middle-earth/mume_whois_archive.json
char_martijn,Martijn,Martijn,mha:martijn:1781604693:50c66585,high,always glad to help is a Maia,martijn,data/evidence/whois_display/text/martijn.txt,data/evidence/whois_display/html/martijn.html,yes,yes,yes,plain+decho+html,/Users/Lewis/.config/mudlet/profiles/Multi-Users in Middle-earth/mume_whois_archive.json
char_martyr,Martyr,Martyr,mha:martyr:1781604698:eef69a9a,high,Maia,martyr,data/evidence/whois_display/text/martyr.txt,data/evidence/whois_display/html/martyr.html,yes,yes,yes,plain+decho+html,/Users/Lewis/.config/mudlet/profiles/Multi-Users in Middle-earth/mume_whois_archive.json
char_marvin,Marvin,Marvin,mha:marvin:1781604717:8cb449b6,high,Maia,marvin,data/evidence/whois_display/text/marvin.txt,data/evidence/whois_display/html/marvin.html,yes,yes,yes,plain+decho+html,/Users/Lewis/.config/mudlet/profiles/Multi-Users in Middle-earth/mume_whois_archive.json
char_masq,Masq,Masq,mha:masq:1781604731:d90ca1c1,high,Maia,masq,data/evidence/whois_display/text/masq.txt,data/evidence/whois_display/html/masq.html,yes,yes,yes,plain+decho+html,/Users/Lewis/.config/mudlet/profiles/Multi-Users in Middle-earth/mume_whois_archive.json
char_matarael,Matarael,Matarael,mha:matarael:1781604738:880c7a2c,high,Maia,matarael,data/evidence/whois_display/text/matarael.txt,data/evidence/whois_display/html/matarael.html,yes,yes,yes,plain+decho+html,/Users/Lewis/.config/mudlet/profiles/Multi-Users in Middle-earth/mume_whois_archive.json
char_maverick,Maverick,Maverick,mha:maverick:1781604758:adbd354b,high,Maia,maverick,data/evidence/whois_display/text/maverick.txt,data/evidence/whois_display/html/maverick.html,yes,yes,yes,plain+decho+html,/Users/Lewis/.config/mudlet/profiles/Multi-Users in Middle-earth/mume_whois_archive.json
char_meneldil,Meneldil,Meneldil,mha:meneldil:1781604777:ec946ffb,high,Maia,meneldil,data/evidence/whois_display/text/meneldil.txt,data/evidence/whois_display/html/meneldil.html,yes,yes,yes,plain+decho+html,/Users/Lewis/.config/mudlet/profiles/Multi-Users in Middle-earth/mume_whois_archive.json
char_meneldor,Meneldor,Meneldor,mha:meneldor:1781604791:f6564d10,high,Maia,meneldor,data/evidence/whois_display/text/meneldor.txt,data/evidence/whois_display/html/meneldor.html,yes,yes,yes,plain+decho+html,/Users/Lewis/.config/mudlet/profiles/Multi-Users in Middle-earth/mume_whois_archive.json
char_meneldur,Meneldur,Almarian,mha:almarian:1781576783:237c9c30,high,Maia,meneldur,data/evidence/whois_display/text/meneldur.txt,data/evidence/whois_display/html/meneldur.html,yes,yes,yes,plain+decho+html,/Users/Lewis/.config/mudlet/profiles/Multi-Users in Middle-earth/mume_whois_archive.json
char_menelos,Menelos,Menelos,mha:menelos:1781604800:93e99511,high,Maia,menelos,data/evidence/whois_display/text/menelos.txt,data/evidence/whois_display/html/menelos.html,yes,yes,yes,plain+decho+html,/Users/Lewis/.config/mudlet/profiles/Multi-Users in Middle-earth/mume_whois_archive.json
char_merg,Merg,Merg,mha:merg:1781604807:2ed155a2,high,Maia,merg,data/evidence/whois_display/text/merg.txt,data/evidence/whois_display/html/merg.html,yes,yes,yes,plain+decho+html,/Users/Lewis/.config/mudlet/profiles/Multi-Users in Middle-earth/mume_whois_archive.json
char_merlyn,Merlyn,Merlyn,mha:merlyn:1781604814:bc995ff2,high,Maia,merlyn,data/evidence/whois_display/text/merlyn.txt,data/evidence/whois_display/html/merlyn.html,yes,yes,yes,plain+decho+html,/Users/Lewis/.config/mudlet/profiles/Multi-Users in Middle-earth/mume_whois_archive.json
char_mezmeree,Mezmeree,Mezmeree,mha:mezmeree:1781604820:d8e19770,high,Maia,mezmeree,data/evidence/whois_display/text/mezmeree.txt,data/evidence/whois_display/html/mezmeree.html,yes,yes,yes,plain+decho+html,/Users/Lewis/.config/mudlet/profiles/Multi-Users in Middle-earth/mume_whois_archive.json
char_miax,Miax,Miax,mha:miax:1781604830:03d65b69,high,Maia,miax,data/evidence/whois_display/text/miax.txt,data/evidence/whois_display/html/miax.html,yes,yes,yes,plain+decho+html,/Users/Lewis/.config/mudlet/profiles/Multi-Users in Middle-earth/mume_whois_archive.json
char_midnight,Midnight,Midnight,mha:midnight:1781604836:6ba93310,high,Maia,midnight,data/evidence/whois_display/text/midnight.txt,data/evidence/whois_display/html/midnight.html,yes,yes,yes,plain+decho+html,/Users/Lewis/.config/mudlet/profiles/Multi-Users in Middle-earth/mume_whois_archive.json
char_mig,Mig,Mig,mha:mig:1781604841:c3a89d0b,high,not here is a Maia,mig,data/evidence/whois_display/text/mig.txt,data/evidence/whois_display/html/mig.html,yes,yes,yes,plain+decho+html,/Users/Lewis/.config/mudlet/profiles/Multi-Users in Middle-earth/mume_whois_archive.json
char_miho,Miho,Miho,mha:miho:1781604847:e3a38ac4,high,Maia,miho,data/evidence/whois_display/text/miho.txt,data/evidence/whois_display/html/miho.html,yes,yes,yes,plain+decho+html,/Users/Lewis/.config/mudlet/profiles/Multi-Users in Middle-earth/mume_whois_archive.json
char_miia,Miia,Miia,mha:miia:1781604852:9fcedaba,high,Maia,miia,data/evidence/whois_display/text/miia.txt,data/evidence/whois_display/html/miia.html,yes,yes,yes,plain+decho+html,/Users/Lewis/.config/mudlet/profiles/Multi-Users in Middle-earth/mume_whois_archive.json
char_mimbotu,Mimbotu,Mimbotu,mha:mimbotu:1781604858:1e1ec495,high,Maia,mimbotu,data/evidence/whois_display/text/mimbotu.txt,data/evidence/whois_display/html/mimbotu.html,yes,yes,yes,plain+decho+html,/Users/Lewis/.config/mudlet/profiles/Multi-Users in Middle-earth/mume_whois_archive.json
char_mingz,Mingz,Mingz,mha:mingz:1781604864:17e33610,high,Maia,mingz,data/evidence/whois_display/text/mingz.txt,data/evidence/whois_display/html/mingz.html,yes,yes,yes,plain+decho+html,/Users/Lewis/.config/mudlet/profiles/Multi-Users in Middle-earth/mume_whois_archive.json
char_ministry,Ministry,Ministry,mha:ministry:1781604869:b1901754,high,Maia,ministry,data/evidence/whois_display/text/ministry.txt,data/evidence/whois_display/html/ministry.html,yes,yes,yes,plain+decho+html,/Users/Lewis/.config/mudlet/profiles/Multi-Users in Middle-earth/mume_whois_archive.json
char_mint,Mint,Mint,mha:mint:1781604875:54a62d35,high,"Vala, one of the Aratar",mint,data/evidence/whois_display/text/mint.txt,data/evidence/whois_display/html/mint.html,yes,yes,yes,plain+decho+html,/Users/Lewis/.config/mudlet/profiles/Multi-Users in Middle-earth/mume_whois_archive.json
char_mirabella,Mirabella,Mirabella,mha:mirabella:1781604881:40b0b150,high,Maia,mirabella,data/evidence/whois_display/text/mirabella.txt,data/evidence/whois_display/html/mirabella.html,yes,yes,yes,plain+decho+html,/Users/Lewis/.config/mudlet/profiles/Multi-Users in Middle-earth/mume_whois_archive.json
char_mirimandil,Mirimandil,Mirimandil,mha:mirimandil:1781604886:0324f631,high,Maia,mirimandil,data/evidence/whois_display/text/mirimandil.txt,data/evidence/whois_display/html/mirimandil.html,yes,yes,yes,plain+decho+html,/Users/Lewis/.config/mudlet/profiles/Multi-Users in Middle-earth/mume_whois_archive.json
char_miser,Miser,Miser,mha:miser:1781604892:99acbe8a,high,Maia,miser,data/evidence/whois_display/text/miser.txt,data/evidence/whois_display/html/miser.html,yes,yes,yes,plain+decho+html,/Users/Lewis/.config/mudlet/profiles/Multi-Users in Middle-earth/mume_whois_archive.json
char_mocny,Mocny,Mocny,mha:mocny:1781604897:81141cc8,high,Maia,mocny,data/evidence/whois_display/text/mocny.txt,data/evidence/whois_display/html/mocny.html,yes,yes,yes,plain+decho+html,/Users/Lewis/.config/mudlet/profiles/Multi-Users in Middle-earth/mume_whois_archive.json
char_moison,Moison,Moison,mha:moison:1781604903:cc1a33eb,high,Maia,moison,data/evidence/whois_display/text/moison.txt,data/evidence/whois_display/html/moison.html,yes,yes,yes,plain+decho+html,/Users/Lewis/.config/mudlet/profiles/Multi-Users in Middle-earth/mume_whois_archive.json
char_monk,Monk,Monk,mha:monk:1781604908:03d3ecdc,high,Maia,monk,data/evidence/whois_display/text/monk.txt,data/evidence/whois_display/html/monk.html,yes,yes,yes,plain+decho+html,/Users/Lewis/.config/mudlet/profiles/Multi-Users in Middle-earth/mume_whois_archive.json
char_moosh,Moosh,Moosh,mha:moosh:1781604914:ca842e6c,high,Maia,moosh,data/evidence/whois_display/text/moosh.txt,data/evidence/whois_display/html/moosh.html,yes,yes,yes,plain+decho+html,/Users/Lewis/.config/mudlet/profiles/Multi-Users in Middle-earth/mume_whois_archive.json
char_mor,Mor,Mor,mha:mor:1781604919:af7eeabe,high,Maia,mor,data/evidence/whois_display/text/mor.txt,data/evidence/whois_display/html/mor.html,yes,yes,yes,plain+decho+html,/Users/Lewis/.config/mudlet/profiles/Multi-Users in Middle-earth/mume_whois_archive.json
char_morceleb,Morceleb,Morceleb,mha:morceleb:1781604925:239be65a,high,Maia,morceleb,data/evidence/whois_display/text/morceleb.txt,data/evidence/whois_display/html/morceleb.html,yes,yes,yes,plain+decho+html,/Users/Lewis/.config/mudlet/profiles/Multi-Users in Middle-earth/mume_whois_archive.json
char_mordin,Mordin,Mordin,mha:mordin:1781604930:21e17d64,high,Maia,mordin,data/evidence/whois_display/text/mordin.txt,data/evidence/whois_display/html/mordin.html,yes,yes,yes,plain+decho+html,/Users/Lewis/.config/mudlet/profiles/Multi-Users in Middle-earth/mume_whois_archive.json
char_mordril,Mordril,Mordril,mha:mordril:1781604936:c702e139,high,Maia,mordril,data/evidence/whois_display/text/mordril.txt,data/evidence/whois_display/html/mordril.html,yes,yes,yes,plain+decho+html,/Users/Lewis/.config/mudlet/profiles/Multi-Users in Middle-earth/mume_whois_archive.json
char_morfizm,Morfizm,Morfizm,mha:morfizm:1781604941:5859c745,high,Maia,morfizm,data/evidence/whois_display/text/morfizm.txt,data/evidence/whois_display/html/morfizm.html,yes,yes,yes,plain+decho+html,/Users/Lewis/.config/mudlet/profiles/Multi-Users in Middle-earth/mume_whois_archive.json
char_morias,Moria's,Aule,mha:aule:1781577749:20726c83,high,Maia,moria-s,data/evidence/whois_display/text/moria-s.txt,data/evidence/whois_display/html/moria-s.html,yes,yes,yes,plain+decho+html,/Users/Lewis/.config/mudlet/profiles/Multi-Users in Middle-earth/mume_whois_archive.json
char_morten,Morten,Morten,mha:morten:1781604947:c6959bfd,high,Maia,morten,data/evidence/whois_display/text/morten.txt,data/evidence/whois_display/html/morten.html,yes,yes,yes,plain+decho+html,/Users/Lewis/.config/mudlet/profiles/Multi-Users in Middle-earth/mume_whois_archive.json
char_moulder,Moulder,Moulder,mha:moulder:1781604953:26655609,high,Maia,moulder,data/evidence/whois_display/text/moulder.txt,data/evidence/whois_display/html/moulder.html,yes,yes,yes,plain+decho+html,/Users/Lewis/.config/mudlet/profiles/Multi-Users in Middle-earth/mume_whois_archive.json
char_mountain,Mountain,Dargor,mha:dargor:1781578812:c99be190,high,Maia,mountain,data/evidence/whois_display/text/mountain.txt,data/evidence/whois_display/html/mountain.html,yes,yes,yes,plain+decho+html,/Users/Lewis/.config/mudlet/profiles/Multi-Users in Middle-earth/mume_whois_archive.json
char_mujahid,Mujahid,Mujahid,mha:mujahid:1781604958:d74946bb,high,Maia,mujahid,data/evidence/whois_display/text/mujahid.txt,data/evidence/whois_display/html/mujahid.html,yes,yes,yes,plain+decho+html,/Users/Lewis/.config/mudlet/profiles/Multi-Users in Middle-earth/mume_whois_archive.json
char_murogor,Murogor,Murogor,mha:murogor:1781604964:f900237e,high,Maia,murogor,data/evidence/whois_display/text/murogor.txt,data/evidence/whois_display/html/murogor.html,yes,yes,yes,plain+decho+html,/Users/Lewis/.config/mudlet/profiles/Multi-Users in Middle-earth/mume_whois_archive.json
char_muumi,Muumi,Muumi,mha:muumi:1781604970:40f9e6d6,high,Maia,muumi,data/evidence/whois_display/text/muumi.txt,data/evidence/whois_display/html/muumi.html,yes,yes,yes,plain+decho+html,/Users/Lewis/.config/mudlet/profiles/Multi-Users in Middle-earth/mume_whois_archive.json
char_myrador,Myrador,Myrador,mha:myrador:1781604975:e616eaaa,high,Maia,myrador,data/evidence/whois_display/text/myrador.txt,data/evidence/whois_display/html/myrador.html,yes,yes,yes,plain+decho+html,/Users/Lewis/.config/mudlet/profiles/Multi-Users in Middle-earth/mume_whois_archive.json
char_mîm,Mîm,Mîm,mha:mîm:1781604981:963f1182,high,Maia,mim,data/evidence/whois_display/text/mim.txt,data/evidence/whois_display/html/mim.html,yes,yes,yes,plain+decho+html,/Users/Lewis/.config/mudlet/profiles/Multi-Users in Middle-earth/mume_whois_archive.json
char_nada,Nada,Nada,mha:nada:1781604987:906c9256,high,Implementor,nada,data/evidence/whois_display/text/nada.txt,data/evidence/whois_display/html/nada.html,yes,yes,yes,plain+decho+html,/Users/Lewis/.config/mudlet/profiles/Multi-Users in Middle-earth/mume_whois_archive.json
char_naga,Naga,Naga,mha:naga:1781604992:6ac3420f,high,Maia,naga,data/evidence/whois_display/text/naga.txt,data/evidence/whois_display/html/naga.html,yes,yes,yes,plain+decho+html,/Users/Lewis/.config/mudlet/profiles/Multi-Users in Middle-earth/mume_whois_archive.json
char_najden,Najden,Najden,mha:najden:1781604998:6fdbab96,high,Maia,najden,data/evidence/whois_display/text/najden.txt,data/evidence/whois_display/html/najden.html,yes,yes,yes,plain+decho+html,/Users/Lewis/.config/mudlet/profiles/Multi-Users in Middle-earth/mume_whois_archive.json
char_nakki,Nakki,Nakki,mha:nakki:1781605003:4821973a,high,Maia,nakki,data/evidence/whois_display/text/nakki.txt,data/evidence/whois_display/html/nakki.html,yes,yes,yes,plain+decho+html,/Users/Lewis/.config/mudlet/profiles/Multi-Users in Middle-earth/mume_whois_archive.json
char_naks,Naks,Naks,mha:naks:1781605009:0ae32033,high,Maia,naks,data/evidence/whois_display/text/naks.txt,data/evidence/whois_display/html/naks.html,yes,yes,yes,plain+decho+html,/Users/Lewis/.config/mudlet/profiles/Multi-Users in Middle-earth/mume_whois_archive.json
char_nameless,Nameless,Nameless,mha:nameless:1781605014:8368ea3c,high,Maia,nameless,data/evidence/whois_display/text/nameless.txt,data/evidence/whois_display/html/nameless.html,yes,yes,yes,plain+decho+html,/Users/Lewis/.config/mudlet/profiles/Multi-Users in Middle-earth/mume_whois_archive.json
char_narcissus,Narcissus,Narcissus,mha:narcissus:1781605020:deafdb96,high,Maia,narcissus,data/evidence/whois_display/text/narcissus.txt,data/evidence/whois_display/html/narcissus.html,yes,yes,yes,plain+decho+html,/Users/Lewis/.config/mudlet/profiles/Multi-Users in Middle-earth/mume_whois_archive.json
char_narndir,Narndir,Narndir,mha:narndir:1781605025:aa87d324,high,Maia,narndir,data/evidence/whois_display/text/narndir.txt,data/evidence/whois_display/html/narndir.html,yes,yes,yes,plain+decho+html,/Users/Lewis/.config/mudlet/profiles/Multi-Users in Middle-earth/mume_whois_archive.json
char_narond,Narond,Narond,mha:narond:1781605031:b2e78278,high,Maia,narond,data/evidence/whois_display/text/narond.txt,data/evidence/whois_display/html/narond.html,yes,yes,yes,plain+decho+html,/Users/Lewis/.config/mudlet/profiles/Multi-Users in Middle-earth/mume_whois_archive.json
char_naxis,Naxis,Naxis,mha:naxis:1781605036:f182d3af,high,Maia,naxis,data/evidence/whois_display/text/naxis.txt,data/evidence/whois_display/html/naxis.html,yes,yes,yes,plain+decho+html,/Users/Lewis/.config/mudlet/profiles/Multi-Users in Middle-earth/mume_whois_archive.json
char_nazir,Nazir,Nazir,mha:nazir:1781605042:d171f801,high,Maia,nazir,data/evidence/whois_display/text/nazir.txt,data/evidence/whois_display/html/nazir.html,yes,yes,yes,plain+decho+html,/Users/Lewis/.config/mudlet/profiles/Multi-Users in Middle-earth/mume_whois_archive.json
char_neidoles,Neidoles,Neidoles,mha:neidoles:1781605047:71e0675d,high,Maia,neidoles,data/evidence/whois_display/text/neidoles.txt,data/evidence/whois_display/html/neidoles.html,yes,yes,yes,plain+decho+html,/Users/Lewis/.config/mudlet/profiles/Multi-Users in Middle-earth/mume_whois_archive.json
char_neithan,Neithan,Neithan,mha:neithan:1781605053:81dec52e,high,Maia,neithan,data/evidence/whois_display/text/neithan.txt,data/evidence/whois_display/html/neithan.html,yes,yes,yes,plain+decho+html,/Users/Lewis/.config/mudlet/profiles/Multi-Users in Middle-earth/mume_whois_archive.json
char_neptune,Neptune,Neptune,mha:neptune:1781605059:53df8248,high,Maia,neptune,data/evidence/whois_display/text/neptune.txt,data/evidence/whois_display/html/neptune.html,yes,yes,yes,plain+decho+html,/Users/Lewis/.config/mudlet/profiles/Multi-Users in Middle-earth/mume_whois_archive.json
char_newc,Newc,Newc,mha:newc:1781605064:0628d103,high,Maia,newc,data/evidence/whois_display/text/newc.txt,data/evidence/whois_display/html/newc.html,yes,yes,yes,plain+decho+html,/Users/Lewis/.config/mudlet/profiles/Multi-Users in Middle-earth/mume_whois_archive.json
char_niccolo,Niccolo,Niccolo,mha:niccolo:1781605070:789cf049,high,Maia,niccolo,data/evidence/whois_display/text/niccolo.txt,data/evidence/whois_display/html/niccolo.html,yes,yes,yes,plain+decho+html,/Users/Lewis/.config/mudlet/profiles/Multi-Users in Middle-earth/mume_whois_archive.json
char_nienor,Nienor,Nienor,mha:nienor:1781605075:2b36a7ac,high,"Valië, one of the Aratar",nienor,data/evidence/whois_display/text/nienor.txt,data/evidence/whois_display/html/nienor.html,yes,yes,yes,plain+decho+html,/Users/Lewis/.config/mudlet/profiles/Multi-Users in Middle-earth/mume_whois_archive.json
char_nighthawk,Nighthawk,Nighthawk,mha:nighthawk:1781605081:9b0c437b,high,Maia,nighthawk,data/evidence/whois_display/text/nighthawk.txt,data/evidence/whois_display/html/nighthawk.html,yes,yes,yes,plain+decho+html,/Users/Lewis/.config/mudlet/profiles/Multi-Users in Middle-earth/mume_whois_archive.json
char_nightshade,Nightshade,Nightshade,mha:nightshade:1781605087:a6355255,high,ANCIENT! is a Maia,nightshade,data/evidence/whois_display/text/nightshade.txt,data/evidence/whois_display/html/nightshade.html,yes,yes,yes,plain+decho+html,/Users/Lewis/.config/mudlet/profiles/Multi-Users in Middle-earth/mume_whois_archive.json
char_nightstar,Nightstar,Nightstar,mha:nightstar:1781605092:ff93640b,high,Maia,nightstar,data/evidence/whois_display/text/nightstar.txt,data/evidence/whois_display/html/nightstar.html,yes,yes,yes,plain+decho+html,/Users/Lewis/.config/mudlet/profiles/Multi-Users in Middle-earth/mume_whois_archive.json
char_niisku,Niisku,Niisku,mha:niisku:1781605098:92b7b79e,high,Maia,niisku,data/evidence/whois_display/text/niisku.txt,data/evidence/whois_display/html/niisku.html,yes,yes,yes,plain+decho+html,/Users/Lewis/.config/mudlet/profiles/Multi-Users in Middle-earth/mume_whois_archive.json
char_njaa,Njaa,Njaa,mha:njaa:1781605103:71198cc2,high,Maia,njaa,data/evidence/whois_display/text/njaa.txt,data/evidence/whois_display/html/njaa.html,yes,yes,yes,plain+decho+html,/Users/Lewis/.config/mudlet/profiles/Multi-Users in Middle-earth/mume_whois_archive.json
char_noki,Noki,Noki,mha:noki:1781605109:a073d3f6,high,father but really is a Maia,noki,data/evidence/whois_display/text/noki.txt,data/evidence/whois_display/html/noki.html,yes,yes,yes,plain+decho+html,/Users/Lewis/.config/mudlet/profiles/Multi-Users in Middle-earth/mume_whois_archive.json
char_nokiel,Nokiel,Nokiel,mha:nokiel:1781605115:7edd6910,high,Maia,nokiel,data/evidence/whois_display/text/nokiel.txt,data/evidence/whois_display/html/nokiel.html,yes,yes,yes,plain+decho+html,/Users/Lewis/.config/mudlet/profiles/Multi-Users in Middle-earth/mume_whois_archive.json
char_nom,Nom,Nom,mha:nom:1781605120:a9ede486,high,Maia,nom,data/evidence/whois_display/text/nom.txt,data/evidence/whois_display/html/nom.html,yes,yes,yes,plain+decho+html,/Users/Lewis/.config/mudlet/profiles/Multi-Users in Middle-earth/mume_whois_archive.json
char_norfyr,Norfyr,Norfyr,mha:norfyr:1781605126:b04f8483,high,Maia,norfyr,data/evidence/whois_display/text/norfyr.txt,data/evidence/whois_display/html/norfyr.html,yes,yes,yes,plain+decho+html,/Users/Lewis/.config/mudlet/profiles/Multi-Users in Middle-earth/mume_whois_archive.json
char_nori,Nori,Nori,mha:nori:1781605131:6be055f2,high,Maia,nori,data/evidence/whois_display/text/nori.txt,data/evidence/whois_display/html/nori.html,yes,yes,yes,plain+decho+html,/Users/Lewis/.config/mudlet/profiles/Multi-Users in Middle-earth/mume_whois_archive.json
char_norsu,Norsu,Norsu,mha:norsu:1781605137:a15b363c,high,Tarkhnarb Champion,norsu,data/evidence/whois_display/text/norsu.txt,data/evidence/whois_display/html/norsu.html,yes,yes,yes,plain+decho+html,/Users/Lewis/.config/mudlet/profiles/Multi-Users in Middle-earth/mume_whois_archive.json
char_norton,Norton,Norton,mha:norton:1781605142:65dd507c,high,Maia,norton,data/evidence/whois_display/text/norton.txt,data/evidence/whois_display/html/norton.html,yes,yes,yes,plain+decho+html,/Users/Lewis/.config/mudlet/profiles/Multi-Users in Middle-earth/mume_whois_archive.json
char_nugle,Nugle,Nugle,mha:nugle:1781605148:975f1d5a,high,Maia,nugle,data/evidence/whois_display/text/nugle.txt,data/evidence/whois_display/html/nugle.html,yes,yes,yes,plain+decho+html,/Users/Lewis/.config/mudlet/profiles/Multi-Users in Middle-earth/mume_whois_archive.json
char_nukah,Nukah,Nukah,mha:nukah:1781605153:b43db45a,high,Maia,nukah,data/evidence/whois_display/text/nukah.txt,data/evidence/whois_display/html/nukah.html,yes,yes,yes,plain+decho+html,/Users/Lewis/.config/mudlet/profiles/Multi-Users in Middle-earth/mume_whois_archive.json
char_nymne,Nymne,Nymne,mha:nymne:1781605159:e2357886,high,Maia,nymne,data/evidence/whois_display/text/nymne.txt,data/evidence/whois_display/html/nymne.html,yes,yes,yes,plain+decho+html,/Users/Lewis/.config/mudlet/profiles/Multi-Users in Middle-earth/mume_whois_archive.json
char_námo,Námo,Námo,mha:námo:1781605165:33ff8f9b,high,"Vala, one of the Aratar",namo,data/evidence/whois_display/text/namo.txt,data/evidence/whois_display/html/namo.html,yes,yes,yes,plain+decho+html,/Users/Lewis/.config/mudlet/profiles/Multi-Users in Middle-earth/mume_whois_archive.json
char_níeat,Níeat,Níeat,mha:níeat:1781605186:2899fde7,high,Maia,nieat,data/evidence/whois_display/text/nieat.txt,data/evidence/whois_display/html/nieat.html,yes,yes,yes,plain+decho+html,/Users/Lewis/.config/mudlet/profiles/Multi-Users in Middle-earth/mume_whois_archive.json
char_ociris,Ociris,Ociris,mha:ociris:1781605192:71a08048,high,Maia,ociris,data/evidence/whois_display/text/ociris.txt,data/evidence/whois_display/html/ociris.html,yes,yes,yes,plain+decho+html,/Users/Lewis/.config/mudlet/profiles/Multi-Users in Middle-earth/mume_whois_archive.json
char_octavia,Octavia,Octavia,mha:octavia:1781605197:b991c7f6,high,Maia,octavia,data/evidence/whois_display/text/octavia.txt,data/evidence/whois_display/html/octavia.html,yes,yes,yes,plain+decho+html,/Users/Lewis/.config/mudlet/profiles/Multi-Users in Middle-earth/mume_whois_archive.json
char_of,of,Ajax,mha:ajax:1781576705:8023e064,high,Maia,of,data/evidence/whois_display/text/of.txt,data/evidence/whois_display/html/of.html,yes,yes,yes,plain+decho+html,/Users/Lewis/.config/mudlet/profiles/Multi-Users in Middle-earth/mume_whois_archive.json
char_oisín,Oisín,Oisín,mha:oisín:1781605203:a6e7632e,high,Maia,oisin,data/evidence/whois_display/text/oisin.txt,data/evidence/whois_display/html/oisin.html,yes,yes,yes,plain+decho+html,/Users/Lewis/.config/mudlet/profiles/Multi-Users in Middle-earth/mume_whois_archive.json
char_olorin,Olorin,Olorin,mha:olorin:1781605208:f9a519be,high,Maia,olorin,data/evidence/whois_display/text/olorin.txt,data/evidence/whois_display/html/olorin.html,yes,yes,yes,plain+decho+html,/Users/Lewis/.config/mudlet/profiles/Multi-Users in Middle-earth/mume_whois_archive.json
char_omega,Omega,Omega,mha:omega:1781605214:c5d2006c,high,Maia,omega,data/evidence/whois_display/text/omega.txt,data/evidence/whois_display/html/omega.html,yes,yes,yes,plain+decho+html,/Users/Lewis/.config/mudlet/profiles/Multi-Users in Middle-earth/mume_whois_archive.json
char_omen,Omen,Omen,mha:omen:1781605219:38801dcf,high,Maia,omen,data/evidence/whois_display/text/omen.txt,data/evidence/whois_display/html/omen.html,yes,yes,yes,plain+decho+html,/Users/Lewis/.config/mudlet/profiles/Multi-Users in Middle-earth/mume_whois_archive.json
char_one,One,One,mha:one:1781605225:e498641d,high,Maia,one,data/evidence/whois_display/text/one.txt,data/evidence/whois_display/html/one.html,yes,yes,yes,plain+decho+html,/Users/Lewis/.config/mudlet/profiles/Multi-Users in Middle-earth/mume_whois_archive.json
char_opus,Opus,Opus,mha:opus:1781605230:4271b5e3,high,Maia,opus,data/evidence/whois_display/text/opus.txt,data/evidence/whois_display/html/opus.html,yes,yes,yes,plain+decho+html,/Users/Lewis/.config/mudlet/profiles/Multi-Users in Middle-earth/mume_whois_archive.json
char_ori,Ori,Ori,mha:ori:1781605236:7811ae31,high,Maia,ori,data/evidence/whois_display/text/ori.txt,data/evidence/whois_display/html/ori.html,yes,yes,yes,plain+decho+html,/Users/Lewis/.config/mudlet/profiles/Multi-Users in Middle-earth/mume_whois_archive.json
char_orion,Orion,Orion,mha:orion:1781605242:95c518bf,high,Maia,orion,data/evidence/whois_display/text/orion.txt,data/evidence/whois_display/html/orion.html,yes,yes,yes,plain+decho+html,/Users/Lewis/.config/mudlet/profiles/Multi-Users in Middle-earth/mume_whois_archive.json
char_orlanth,Orlanth,Orlanth,mha:orlanth:1781605248:804cdf69,high,Vala,orlanth,data/evidence/whois_display/text/orlanth.txt,data/evidence/whois_display/html/orlanth.html,yes,yes,yes,plain+decho+html,/Users/Lewis/.config/mudlet/profiles/Multi-Users in Middle-earth/mume_whois_archive.json
char_orm,Orm,Orm,mha:orm:1781605253:25ba4ec8,high,back from his wintersleep... is a Maia,orm,data/evidence/whois_display/text/orm.txt,data/evidence/whois_display/html/orm.html,yes,yes,yes,plain+decho+html,/Users/Lewis/.config/mudlet/profiles/Multi-Users in Middle-earth/mume_whois_archive.json
char_orome,Orome,Orome,mha:orome:1781605259:8395de50,high,Maia,orome,data/evidence/whois_display/text/orome.txt,data/evidence/whois_display/html/orome.html,yes,yes,yes,plain+decho+html,/Users/Lewis/.config/mudlet/profiles/Multi-Users in Middle-earth/mume_whois_archive.json
char_ossë,Ossë,Ossë,mha:ossë:1781605264:701a32e7,high,raging is a Maia,osse,data/evidence/whois_display/text/osse.txt,data/evidence/whois_display/html/osse.html,yes,yes,yes,plain+decho+html,/Users/Lewis/.config/mudlet/profiles/Multi-Users in Middle-earth/mume_whois_archive.json
char_overlord,Overlord,Overlord,mha:overlord:1781605270:91338a52,high,Maia,overlord,data/evidence/whois_display/text/overlord.txt,data/evidence/whois_display/html/overlord.html,yes,yes,yes,plain+decho+html,/Users/Lewis/.config/mudlet/profiles/Multi-Users in Middle-earth/mume_whois_archive.json
char_owin,Owin,Owin,mha:owin:1781605275:254e0a0b,high,Maia,owin,data/evidence/whois_display/text/owin.txt,data/evidence/whois_display/html/owin.html,yes,yes,yes,plain+decho+html,/Users/Lewis/.config/mudlet/profiles/Multi-Users in Middle-earth/mume_whois_archive.json
char_ozelot,Ozelot,Ozelot,mha:ozelot:1781605281:7286fdf3,high,Maia,ozelot,data/evidence/whois_display/text/ozelot.txt,data/evidence/whois_display/html/ozelot.html,yes,yes,yes,plain+decho+html,/Users/Lewis/.config/mudlet/profiles/Multi-Users in Middle-earth/mume_whois_archive.json
char_paladin,Paladin,Paladin,mha:paladin:1781605287:b7907f2b,high,Maia,paladin,data/evidence/whois_display/text/paladin.txt,data/evidence/whois_display/html/paladin.html,yes,yes,yes,plain+decho+html,/Users/Lewis/.config/mudlet/profiles/Multi-Users in Middle-earth/mume_whois_archive.json
char_pallando,Pallando,Pallando,mha:pallando:1781605292:d6e821d3,high,Maia,pallando,data/evidence/whois_display/text/pallando.txt,data/evidence/whois_display/html/pallando.html,yes,yes,yes,plain+decho+html,/Users/Lewis/.config/mudlet/profiles/Multi-Users in Middle-earth/mume_whois_archive.json
char_pandelume,Pandelume,Pandelume,mha:pandelume:1781605298:4b1ffa5d,high,Maia,pandelume,data/evidence/whois_display/text/pandelume.txt,data/evidence/whois_display/html/pandelume.html,yes,yes,yes,plain+decho+html,/Users/Lewis/.config/mudlet/profiles/Multi-Users in Middle-earth/mume_whois_archive.json
char_papa,Papa,Papa,mha:papa:1781605303:67320452,high,Maia,papa,data/evidence/whois_display/text/papa.txt,data/evidence/whois_display/html/papa.html,yes,yes,yes,plain+decho+html,/Users/Lewis/.config/mudlet/profiles/Multi-Users in Middle-earth/mume_whois_archive.json
char_parador,Parador,Parador,mha:parador:1781605309:44d81ac7,high,Maia,parador,data/evidence/whois_display/text/parador.txt,data/evidence/whois_display/html/parador.html,yes,yes,yes,plain+decho+html,/Users/Lewis/.config/mudlet/profiles/Multi-Users in Middle-earth/mume_whois_archive.json
char_paras,Paras,Paras,mha:paras:1781605314:c4930cf5,high,Maia,paras,data/evidence/whois_display/text/paras.txt,data/evidence/whois_display/html/paras.html,yes,yes,yes,plain+decho+html,/Users/Lewis/.config/mudlet/profiles/Multi-Users in Middle-earth/mume_whois_archive.json
char_party,party,Yavanna,mha:yavanna:1781606805:d5fe382d,high,"Valië, one of the Aratar",party,data/evidence/whois_display/text/party.txt,data/evidence/whois_display/html/party.html,yes,yes,yes,plain+decho+html,/Users/Lewis/.config/mudlet/profiles/Multi-Users in Middle-earth/mume_whois_archive.json
char_patriot,Patriot,Patriot,mha:patriot:1781605320:597ba495,high,Maia,patriot,data/evidence/whois_display/text/patriot.txt,data/evidence/whois_display/html/patriot.html,yes,yes,yes,plain+decho+html,/Users/Lewis/.config/mudlet/profiles/Multi-Users in Middle-earth/mume_whois_archive.json
char_paunch,Paunch,Paunch,mha:paunch:1781605325:eee3cfc5,high,Maia,paunch,data/evidence/whois_display/text/paunch.txt,data/evidence/whois_display/html/paunch.html,yes,yes,yes,plain+decho+html,/Users/Lewis/.config/mudlet/profiles/Multi-Users in Middle-earth/mume_whois_archive.json
char_pendak,Pendak,Pendak,mha:pendak:1781605331:142727cb,high,Maia,pendak,data/evidence/whois_display/text/pendak.txt,data/evidence/whois_display/html/pendak.html,yes,yes,yes,plain+decho+html,/Users/Lewis/.config/mudlet/profiles/Multi-Users in Middle-earth/mume_whois_archive.json
char_perrin,Perrin,Perrin,mha:perrin:1781605337:70781f8d,high,Maia,perrin,data/evidence/whois_display/text/perrin.txt,data/evidence/whois_display/html/perrin.html,yes,yes,yes,plain+decho+html,/Users/Lewis/.config/mudlet/profiles/Multi-Users in Middle-earth/mume_whois_archive.json
char_petrel,Petrel,Petrel,mha:petrel:1781605342:1c434dd2,high,Vala,petrel,data/evidence/whois_display/text/petrel.txt,data/evidence/whois_display/html/petrel.html,yes,yes,yes,plain+decho+html,/Users/Lewis/.config/mudlet/profiles/Multi-Users in Middle-earth/mume_whois_archive.json
char_phier,Phier,Phier,mha:phier:1781605348:93665a16,high,Vala,phier,data/evidence/whois_display/text/phier.txt,data/evidence/whois_display/html/phier.html,yes,yes,yes,plain+decho+html,/Users/Lewis/.config/mudlet/profiles/Multi-Users in Middle-earth/mume_whois_archive.json
char_phishhead,Phishhead,Phishhead,mha:phishhead:1781605353:699d24b1,high,Maia,phishhead,data/evidence/whois_display/text/phishhead.txt,data/evidence/whois_display/html/phishhead.html,yes,yes,yes,plain+decho+html,/Users/Lewis/.config/mudlet/profiles/Multi-Users in Middle-earth/mume_whois_archive.json
char_phloxy,Phloxy,Phloxy,mha:phloxy:1781605359:1d34bba2,high,Maia,phloxy,data/evidence/whois_display/text/phloxy.txt,data/evidence/whois_display/html/phloxy.html,yes,yes,yes,plain+decho+html,/Users/Lewis/.config/mudlet/profiles/Multi-Users in Middle-earth/mume_whois_archive.json
char_pif,Pif,Pif,mha:pif:1781605364:c2286f3e,high,Maia,pif,data/evidence/whois_display/text/pif.txt,data/evidence/whois_display/html/pif.html,yes,yes,yes,plain+decho+html,/Users/Lewis/.config/mudlet/profiles/Multi-Users in Middle-earth/mume_whois_archive.json
char_pikel,Pikel,Pikel,mha:pikel:1781605370:6ef846d6,high,Maia,pikel,data/evidence/whois_display/text/pikel.txt,data/evidence/whois_display/html/pikel.html,yes,yes,yes,plain+decho+html,/Users/Lewis/.config/mudlet/profiles/Multi-Users in Middle-earth/mume_whois_archive.json
char_pilois,Pilois,Pilois,mha:pilois:1781605375:877cd8aa,high,Vala,pilois,data/evidence/whois_display/text/pilois.txt,data/evidence/whois_display/html/pilois.html,yes,yes,yes,plain+decho+html,/Users/Lewis/.config/mudlet/profiles/Multi-Users in Middle-earth/mume_whois_archive.json
char_pils,Pils,Pils,mha:pils:1781605381:542fbbcc,high,Maia,pils,data/evidence/whois_display/text/pils.txt,data/evidence/whois_display/html/pils.html,yes,yes,yes,plain+decho+html,/Users/Lewis/.config/mudlet/profiles/Multi-Users in Middle-earth/mume_whois_archive.json
char_pilsner,Pilsner,Pilsner,mha:pilsner:1781605386:eb024c49,high,Maia,pilsner,data/evidence/whois_display/text/pilsner.txt,data/evidence/whois_display/html/pilsner.html,yes,yes,yes,plain+decho+html,/Users/Lewis/.config/mudlet/profiles/Multi-Users in Middle-earth/mume_whois_archive.json
char_piter,Piter,Piter,mha:piter:1781605392:2d47265c,high,Maia,piter,data/evidence/whois_display/text/piter.txt,data/evidence/whois_display/html/piter.html,yes,yes,yes,plain+decho+html,/Users/Lewis/.config/mudlet/profiles/Multi-Users in Middle-earth/mume_whois_archive.json
char_pong,Pong,Pong,mha:pong:1781605397:8398be04,high,Maia,pong,data/evidence/whois_display/text/pong.txt,data/evidence/whois_display/html/pong.html,yes,yes,yes,plain+decho+html,/Users/Lewis/.config/mudlet/profiles/Multi-Users in Middle-earth/mume_whois_archive.json
char_porien,Porien,Porien,mha:porien:1781605403:5fcb7c5a,high,Maia,porien,data/evidence/whois_display/text/porien.txt,data/evidence/whois_display/html/porien.html,yes,yes,yes,plain+decho+html,/Users/Lewis/.config/mudlet/profiles/Multi-Users in Middle-earth/mume_whois_archive.json
char_prabowo,Prabowo,Prabowo,mha:prabowo:1781605408:95f17dcb,high,Maia,prabowo,data/evidence/whois_display/text/prabowo.txt,data/evidence/whois_display/html/prabowo.html,yes,yes,yes,plain+decho+html,/Users/Lewis/.config/mudlet/profiles/Multi-Users in Middle-earth/mume_whois_archive.json
char_prami,Prami,Prami,mha:prami:1781605414:63302a54,high,Maia,prami,data/evidence/whois_display/text/prami.txt,data/evidence/whois_display/html/prami.html,yes,yes,yes,plain+decho+html,/Users/Lewis/.config/mudlet/profiles/Multi-Users in Middle-earth/mume_whois_archive.json
char_quack,Quack,Quack,mha:quack:1781605419:21abae11,high,Maia,quack,data/evidence/whois_display/text/quack.txt,data/evidence/whois_display/html/quack.html,yes,yes,yes,plain+decho+html,/Users/Lewis/.config/mudlet/profiles/Multi-Users in Middle-earth/mume_whois_archive.json
char_quende,Quende,Quende,mha:quende:1781605425:026fbe43,high,Maia,quende,data/evidence/whois_display/text/quende.txt,data/evidence/whois_display/html/quende.html,yes,yes,yes,plain+decho+html,/Users/Lewis/.config/mudlet/profiles/Multi-Users in Middle-earth/mume_whois_archive.json
char_quic,Quic,Quic,mha:quic:1781605430:0d721b19,high,Maia,quic,data/evidence/whois_display/text/quic.txt,data/evidence/whois_display/html/quic.html,yes,yes,yes,plain+decho+html,/Users/Lewis/.config/mudlet/profiles/Multi-Users in Middle-earth/mume_whois_archive.json
char_quillis,Quillis,Quillis,mha:quillis:1781605437:0da32934,high,new dad now! is a Maia,quillis,data/evidence/whois_display/text/quillis.txt,data/evidence/whois_display/html/quillis.html,yes,yes,yes,plain+decho+html,/Users/Lewis/.config/mudlet/profiles/Multi-Users in Middle-earth/mume_whois_archive.json
char_qwait,Qwait,Qwait,mha:qwait:1781605442:3aeeb7b3,high,Maia,qwait,data/evidence/whois_display/text/qwait.txt,data/evidence/whois_display/html/qwait.html,yes,yes,yes,plain+decho+html,/Users/Lewis/.config/mudlet/profiles/Multi-Users in Middle-earth/mume_whois_archive.json
char_qwerty,Qwerty,Qwerty,mha:qwerty:1781605449:6e62c442,high,Maia,qwerty,data/evidence/whois_display/text/qwerty.txt,data/evidence/whois_display/html/qwerty.html,yes,yes,yes,plain+decho+html,/Users/Lewis/.config/mudlet/profiles/Multi-Users in Middle-earth/mume_whois_archive.json
char_raid,Raid,Raid,mha:raid:1781605455:1ec418e0,high,Maia,raid,data/evidence/whois_display/text/raid.txt,data/evidence/whois_display/html/raid.html,yes,yes,yes,plain+decho+html,/Users/Lewis/.config/mudlet/profiles/Multi-Users in Middle-earth/mume_whois_archive.json
char_ramon,Ramon,Ramon,mha:ramon:1781605461:1ebc1a76,high,Maia,ramon,data/evidence/whois_display/text/ramon.txt,data/evidence/whois_display/html/ramon.html,yes,yes,yes,plain+decho+html,/Users/Lewis/.config/mudlet/profiles/Multi-Users in Middle-earth/mume_whois_archive.json
char_rana,Rana,Rana,mha:rana:1781605467:fc1f6607,high,Maia,rana,data/evidence/whois_display/text/rana.txt,data/evidence/whois_display/html/rana.html,yes,yes,yes,plain+decho+html,/Users/Lewis/.config/mudlet/profiles/Multi-Users in Middle-earth/mume_whois_archive.json
char_rangga,Rangga,Rangga,mha:rangga:1781605473:312a4dd8,high,Maia,rangga,data/evidence/whois_display/text/rangga.txt,data/evidence/whois_display/html/rangga.html,yes,yes,yes,plain+decho+html,/Users/Lewis/.config/mudlet/profiles/Multi-Users in Middle-earth/mume_whois_archive.json
char_ranoc,Ranoc,Ranoc,mha:ranoc:1781605480:c7ad6534,high,Maia,ranoc,data/evidence/whois_display/text/ranoc.txt,data/evidence/whois_display/html/ranoc.html,yes,yes,yes,plain+decho+html,/Users/Lewis/.config/mudlet/profiles/Multi-Users in Middle-earth/mume_whois_archive.json
char_rashnak,Rashnak,Rashnak,mha:rashnak:1781605485:4c2729d0,high,Maia,rashnak,data/evidence/whois_display/text/rashnak.txt,data/evidence/whois_display/html/rashnak.html,yes,yes,yes,plain+decho+html,/Users/Lewis/.config/mudlet/profiles/Multi-Users in Middle-earth/mume_whois_archive.json
char_rato,Rato,Rato,mha:rato:1781605495:09bcff12,high,Maia,rato,data/evidence/whois_display/text/rato.txt,data/evidence/whois_display/html/rato.html,yes,yes,yes,plain+decho+html,/Users/Lewis/.config/mudlet/profiles/Multi-Users in Middle-earth/mume_whois_archive.json
char_raudkael,Raudkael,Raudkael,mha:raudkael:1781605501:42924d08,high,Maia,raudkael,data/evidence/whois_display/text/raudkael.txt,data/evidence/whois_display/html/raudkael.html,yes,yes,yes,plain+decho+html,/Users/Lewis/.config/mudlet/profiles/Multi-Users in Middle-earth/mume_whois_archive.json
char_raul,Raul,Raul,mha:raul:1781605507:09f74d1c,high,Maia,raul,data/evidence/whois_display/text/raul.txt,data/evidence/whois_display/html/raul.html,yes,yes,yes,plain+decho+html,/Users/Lewis/.config/mudlet/profiles/Multi-Users in Middle-earth/mume_whois_archive.json
char_rayden,Rayden,Rayden,mha:rayden:1781605512:9f4c366f,high,Maia,rayden,data/evidence/whois_display/text/rayden.txt,data/evidence/whois_display/html/rayden.html,yes,yes,yes,plain+decho+html,/Users/Lewis/.config/mudlet/profiles/Multi-Users in Middle-earth/mume_whois_archive.json
char_razer,Razer,Razer,mha:razer:1781605519:c7197619,high,on a holiday is a Maia,razer,data/evidence/whois_display/text/razer.txt,data/evidence/whois_display/html/razer.html,yes,yes,yes,plain+decho+html,/Users/Lewis/.config/mudlet/profiles/Multi-Users in Middle-earth/mume_whois_archive.json
char_ready,ready,Darthang,mha:darthang:1781578828:ca8c325f,high,Vala,ready,data/evidence/whois_display/text/ready.txt,data/evidence/whois_display/html/ready.html,yes,yes,yes,plain+decho+html,/Users/Lewis/.config/mudlet/profiles/Multi-Users in Middle-earth/mume_whois_archive.json
char_rebel,Rebel,Rebel,mha:rebel:1781605525:aba09509,high,Maia,rebel,data/evidence/whois_display/text/rebel.txt,data/evidence/whois_display/html/rebel.html,yes,yes,yes,plain+decho+html,/Users/Lewis/.config/mudlet/profiles/Multi-Users in Middle-earth/mume_whois_archive.json
char_reddas,Reddas,Reddas,mha:reddas:1781605531:ffac3f97,high,Maia,reddas,data/evidence/whois_display/text/reddas.txt,data/evidence/whois_display/html/reddas.html,yes,yes,yes,plain+decho+html,/Users/Lewis/.config/mudlet/profiles/Multi-Users in Middle-earth/mume_whois_archive.json
char_reider,Reider,Reider,mha:reider:1781605538:2d493cbf,high,Maia,reider,data/evidence/whois_display/text/reider.txt,data/evidence/whois_display/html/reider.html,yes,yes,yes,plain+decho+html,/Users/Lewis/.config/mudlet/profiles/Multi-Users in Middle-earth/mume_whois_archive.json
char_relkin,Relkin,Relkin,mha:relkin:1781605544:7ac17f0a,high,Maia,relkin,data/evidence/whois_display/text/relkin.txt,data/evidence/whois_display/html/relkin.html,yes,yes,yes,plain+decho+html,/Users/Lewis/.config/mudlet/profiles/Multi-Users in Middle-earth/mume_whois_archive.json
char_remember,Remember,Barney,mha:barney:1781577859:807a87ac,high,game,remember,data/evidence/whois_display/text/remember.txt,data/evidence/whois_display/html/remember.html,yes,yes,yes,plain+decho+html,/Users/Lewis/.config/mudlet/profiles/Multi-Users in Middle-earth/mume_whois_archive.json
char_ren,Ren,Ren,mha:ren:1781605549:796faa8c,high,studying and is also ... is a Maia,ren,data/evidence/whois_display/text/ren.txt,data/evidence/whois_display/html/ren.html,yes,yes,yes,plain+decho+html,/Users/Lewis/.config/mudlet/profiles/Multi-Users in Middle-earth/mume_whois_archive.json
char_ressaven,Ressaven,Ressaven,mha:ressaven:1781605555:09273eef,high,Valië,ressaven,data/evidence/whois_display/text/ressaven.txt,data/evidence/whois_display/html/ressaven.html,yes,yes,yes,plain+decho+html,/Users/Lewis/.config/mudlet/profiles/Multi-Users in Middle-earth/mume_whois_archive.json
char_rhuler,Rhuler,Rhuler,mha:rhuler:1781605562:a349f83c,high,Maia,rhuler,data/evidence/whois_display/text/rhuler.txt,data/evidence/whois_display/html/rhuler.html,yes,yes,yes,plain+decho+html,/Users/Lewis/.config/mudlet/profiles/Multi-Users in Middle-earth/mume_whois_archive.json
char_ria,Ria,Ria,mha:ria:1781605570:cb7476c2,high,Maia,ria,data/evidence/whois_display/text/ria.txt,data/evidence/whois_display/html/ria.html,yes,yes,yes,plain+decho+html,/Users/Lewis/.config/mudlet/profiles/Multi-Users in Middle-earth/mume_whois_archive.json
char_rick,Rick,Rick,mha:rick:1781605576:11dc0343,high,Maia,rick,data/evidence/whois_display/text/rick.txt,data/evidence/whois_display/html/rick.html,yes,yes,yes,plain+decho+html,/Users/Lewis/.config/mudlet/profiles/Multi-Users in Middle-earth/mume_whois_archive.json
char_rik,Rik,Rik,mha:rik:1781605584:8d2c19d8,high,Maia,rik,data/evidence/whois_display/text/rik.txt,data/evidence/whois_display/html/rik.html,yes,yes,yes,plain+decho+html,/Users/Lewis/.config/mudlet/profiles/Multi-Users in Middle-earth/mume_whois_archive.json
char_rindell,Rindell,Rindell,mha:rindell:1781605590:4b26e736,high,Maia,rindell,data/evidence/whois_display/text/rindell.txt,data/evidence/whois_display/html/rindell.html,yes,yes,yes,plain+decho+html,/Users/Lewis/.config/mudlet/profiles/Multi-Users in Middle-earth/mume_whois_archive.json
char_rivas,Rivas,Rivas,mha:rivas:1781605596:635f3766,high,Elf is a Maia,rivas,data/evidence/whois_display/text/rivas.txt,data/evidence/whois_display/html/rivas.html,yes,yes,yes,plain+decho+html,/Users/Lewis/.config/mudlet/profiles/Multi-Users in Middle-earth/mume_whois_archive.json
char_riven,Riven,Riven,mha:riven:1781605603:6bbfc069,high,Maia,riven,data/evidence/whois_display/text/riven.txt,data/evidence/whois_display/html/riven.html,yes,yes,yes,plain+decho+html,/Users/Lewis/.config/mudlet/profiles/Multi-Users in Middle-earth/mume_whois_archive.json
char_rob,Rob,Rob,mha:rob:1781605609:8698eb8f,high,Maia,rob,data/evidence/whois_display/text/rob.txt,data/evidence/whois_display/html/rob.html,yes,yes,yes,plain+decho+html,/Users/Lewis/.config/mudlet/profiles/Multi-Users in Middle-earth/mume_whois_archive.json
char_robit,Robit,Robit,mha:robit:1781605614:cd0b6529,high,Maia,robit,data/evidence/whois_display/text/robit.txt,data/evidence/whois_display/html/robit.html,yes,yes,yes,plain+decho+html,/Users/Lewis/.config/mudlet/profiles/Multi-Users in Middle-earth/mume_whois_archive.json
char_rogon,Rogon,Rogon,mha:rogon:1781605630:135ebd96,high,"Vala, one of the Aratar",rogon,data/evidence/whois_display/text/rogon.txt,data/evidence/whois_display/html/rogon.html,yes,yes,yes,plain+decho+html,/Users/Lewis/.config/mudlet/profiles/Multi-Users in Middle-earth/mume_whois_archive.json
char_rokee,Rokee,Rokee,mha:rokee:1781605635:11b0efb9,high,Vala,rokee,data/evidence/whois_display/text/rokee.txt,data/evidence/whois_display/html/rokee.html,yes,yes,yes,plain+decho+html,/Users/Lewis/.config/mudlet/profiles/Multi-Users in Middle-earth/mume_whois_archive.json
char_roman,Roman,Roman,mha:roman:1781605641:737ab372,high,Maia,roman,data/evidence/whois_display/text/roman.txt,data/evidence/whois_display/html/roman.html,yes,yes,yes,plain+decho+html,/Users/Lewis/.config/mudlet/profiles/Multi-Users in Middle-earth/mume_whois_archive.json
char_roo,Roo,Roo,mha:roo:1781605647:09200658,high,bummed is a Maia,roo,data/evidence/whois_display/text/roo.txt,data/evidence/whois_display/html/roo.html,yes,yes,yes,plain+decho+html,/Users/Lewis/.config/mudlet/profiles/Multi-Users in Middle-earth/mume_whois_archive.json
char_rowin,Rowin,Rowin,mha:rowin:1781605652:12fc5fcf,high,Maia,rowin,data/evidence/whois_display/text/rowin.txt,data/evidence/whois_display/html/rowin.html,yes,yes,yes,plain+decho+html,/Users/Lewis/.config/mudlet/profiles/Multi-Users in Middle-earth/mume_whois_archive.json
char_rubius,Rubius,Rubius,mha:rubius:1781605658:aa7f5501,high,most probably afk. is a Vala,rubius,data/evidence/whois_display/text/rubius.txt,data/evidence/whois_display/html/rubius.html,yes,yes,yes,plain+decho+html,/Users/Lewis/.config/mudlet/profiles/Multi-Users in Middle-earth/mume_whois_archive.json
char_rubrik,Rubrik,Rubrik,mha:rubrik:1781605663:bb6e513d,high,Maia,rubrik,data/evidence/whois_display/text/rubrik.txt,data/evidence/whois_display/html/rubrik.html,yes,yes,yes,plain+decho+html,/Users/Lewis/.config/mudlet/profiles/Multi-Users in Middle-earth/mume_whois_archive.json
char_rumil,Rumil,Rumil,mha:rumil:1781605669:6550e1d7,high,Maia,rumil,data/evidence/whois_display/text/rumil.txt,data/evidence/whois_display/html/rumil.html,yes,yes,yes,plain+decho+html,/Users/Lewis/.config/mudlet/profiles/Multi-Users in Middle-earth/mume_whois_archive.json
char_rut,Rut,Rut,mha:rut:1781605674:a9e8bce3,high,Maia,rut,data/evidence/whois_display/text/rut.txt,data/evidence/whois_display/html/rut.html,yes,yes,yes,plain+decho+html,/Users/Lewis/.config/mudlet/profiles/Multi-Users in Middle-earth/mume_whois_archive.json
char_ryalnos,Ryalnos,Ryalnos,mha:ryalnos:1781605680:a73973df,high,Maia,ryalnos,data/evidence/whois_display/text/ryalnos.txt,data/evidence/whois_display/html/ryalnos.html,yes,yes,yes,plain+decho+html,/Users/Lewis/.config/mudlet/profiles/Multi-Users in Middle-earth/mume_whois_archive.json
char_ryubi,Ryubi,Ryubi,mha:ryubi:1781605685:f15cd754,high,waiting for a test zone is a Maia,ryubi,data/evidence/whois_display/text/ryubi.txt,data/evidence/whois_display/html/ryubi.html,yes,yes,yes,plain+decho+html,/Users/Lewis/.config/mudlet/profiles/Multi-Users in Middle-earth/mume_whois_archive.json
char_rómendacil,Rómendacil,Rómendacil,mha:rómendacil:1781605692:7e005e1d,high,Maia,romendacil,data/evidence/whois_display/text/romendacil.txt,data/evidence/whois_display/html/romendacil.html,yes,yes,yes,plain+decho+html,/Users/Lewis/.config/mudlet/profiles/Multi-Users in Middle-earth/mume_whois_archive.json
char_röhic,Röhic,Röhic,mha:röhic:1781605700:ae5a59dc,high,Maia,rohic,data/evidence/whois_display/text/rohic.txt,data/evidence/whois_display/html/rohic.html,yes,yes,yes,plain+decho+html,/Users/Lewis/.config/mudlet/profiles/Multi-Users in Middle-earth/mume_whois_archive.json
char_sabadon,Sabadon,Sabadon,mha:sabadon:1781605705:a2da2b88,high,Maia,sabadon,data/evidence/whois_display/text/sabadon.txt,data/evidence/whois_display/html/sabadon.html,yes,yes,yes,plain+decho+html,/Users/Lewis/.config/mudlet/profiles/Multi-Users in Middle-earth/mume_whois_archive.json
char_sabat,Sabat,Sabat,mha:sabat:1781605712:95dd7f31,high,Maia,sabat,data/evidence/whois_display/text/sabat.txt,data/evidence/whois_display/html/sabat.html,yes,yes,yes,plain+decho+html,/Users/Lewis/.config/mudlet/profiles/Multi-Users in Middle-earth/mume_whois_archive.json
char_sabbath,Sabbath,Sabbath,mha:sabbath:1781605717:b9d73251,high,Maia,sabbath,data/evidence/whois_display/text/sabbath.txt,data/evidence/whois_display/html/sabbath.html,yes,yes,yes,plain+decho+html,/Users/Lewis/.config/mudlet/profiles/Multi-Users in Middle-earth/mume_whois_archive.json
char_sadet,Sadet,Sadet,mha:sadet:1781605723:fd91e549,high,Maia,sadet,data/evidence/whois_display/text/sadet.txt,data/evidence/whois_display/html/sadet.html,yes,yes,yes,plain+decho+html,/Users/Lewis/.config/mudlet/profiles/Multi-Users in Middle-earth/mume_whois_archive.json
char_saeth,Saeth,Saeth,mha:saeth:1781605729:4c0f2af7,high,Maia,saeth,data/evidence/whois_display/text/saeth.txt,data/evidence/whois_display/html/saeth.html,yes,yes,yes,plain+decho+html,/Users/Lewis/.config/mudlet/profiles/Multi-Users in Middle-earth/mume_whois_archive.json
char_sally,Sally,Sally,mha:sally:1781605734:fd49b6f5,high,Maia,sally,data/evidence/whois_display/text/sally.txt,data/evidence/whois_display/html/sally.html,yes,yes,yes,plain+decho+html,/Users/Lewis/.config/mudlet/profiles/Multi-Users in Middle-earth/mume_whois_archive.json
char_salmar,Salmar,Salmar,mha:salmar:1781605740:ab3bb89d,high,Maia,salmar,data/evidence/whois_display/text/salmar.txt,data/evidence/whois_display/html/salmar.html,yes,yes,yes,plain+decho+html,/Users/Lewis/.config/mudlet/profiles/Multi-Users in Middle-earth/mume_whois_archive.json
char_samwe,Samwe,Samwe,mha:samwe:1781605746:b20b232c,high,Maia,samwe,data/evidence/whois_display/text/samwe.txt,data/evidence/whois_display/html/samwe.html,yes,yes,yes,plain+decho+html,/Users/Lewis/.config/mudlet/profiles/Multi-Users in Middle-earth/mume_whois_archive.json
char_sarin,Sarin,Sarin,mha:sarin:1781605751:c0764233,high,Maia,sarin,data/evidence/whois_display/text/sarin.txt,data/evidence/whois_display/html/sarin.html,yes,yes,yes,plain+decho+html,/Users/Lewis/.config/mudlet/profiles/Multi-Users in Middle-earth/mume_whois_archive.json
char_sarinda,Sarinda,Sarinda,mha:sarinda:1781605757:6f172528,high,Maia,sarinda,data/evidence/whois_display/text/sarinda.txt,data/evidence/whois_display/html/sarinda.html,yes,yes,yes,plain+decho+html,/Users/Lewis/.config/mudlet/profiles/Multi-Users in Middle-earth/mume_whois_archive.json
char_sarmarnuna,Sarmarnuna,Sarmarnuna,mha:sarmarnuna:1781605762:975f4a92,high,Maia,sarmarnuna,data/evidence/whois_display/text/sarmarnuna.txt,data/evidence/whois_display/html/sarmarnuna.html,yes,yes,yes,plain+decho+html,/Users/Lewis/.config/mudlet/profiles/Multi-Users in Middle-earth/mume_whois_archive.json
char_savior,Savior,Savior,mha:savior:1781605768:58248095,high,Maia,savior,data/evidence/whois_display/text/savior.txt,data/evidence/whois_display/html/savior.html,yes,yes,yes,plain+decho+html,/Users/Lewis/.config/mudlet/profiles/Multi-Users in Middle-earth/mume_whois_archive.json
char_savonn,Savonn,Savonn,mha:savonn:1781605773:a966d8bb,high,always idle is a Maia,savonn,data/evidence/whois_display/text/savonn.txt,data/evidence/whois_display/html/savonn.html,yes,yes,yes,plain+decho+html,/Users/Lewis/.config/mudlet/profiles/Multi-Users in Middle-earth/mume_whois_archive.json
char_scar,Scar,Scar,mha:scar:1781605779:54fcaa22,high,Vala,scar,data/evidence/whois_display/text/scar.txt,data/evidence/whois_display/html/scar.html,yes,yes,yes,plain+decho+html,/Users/Lewis/.config/mudlet/profiles/Multi-Users in Middle-earth/mume_whois_archive.json
char_schard,Schard,Schard,mha:schard:1781605784:03b3a86a,high,Maia,schard,data/evidence/whois_display/text/schard.txt,data/evidence/whois_display/html/schard.html,yes,yes,yes,plain+decho+html,/Users/Lewis/.config/mudlet/profiles/Multi-Users in Middle-earth/mume_whois_archive.json
char_science,Science,Science,mha:science:1781605790:06973b16,high,Maia,science,data/evidence/whois_display/text/science.txt,data/evidence/whois_display/html/science.html,yes,yes,yes,plain+decho+html,/Users/Lewis/.config/mudlet/profiles/Multi-Users in Middle-earth/mume_whois_archive.json
char_scio,Scio,Scio,mha:scio:1781605795:02761037,high,Maia,scio,data/evidence/whois_display/text/scio.txt,data/evidence/whois_display/html/scio.html,yes,yes,yes,plain+decho+html,/Users/Lewis/.config/mudlet/profiles/Multi-Users in Middle-earth/mume_whois_archive.json
char_scott,Scott,Scott,mha:scott:1781605801:81e27052,high,Maia,scott,data/evidence/whois_display/text/scott.txt,data/evidence/whois_display/html/scott.html,yes,yes,yes,plain+decho+html,/Users/Lewis/.config/mudlet/profiles/Multi-Users in Middle-earth/mume_whois_archive.json
char_scyld,Scyld,Scyld,mha:scyld:1781605806:e376e3ea,high,Maia,scyld,data/evidence/whois_display/text/scyld.txt,data/evidence/whois_display/html/scyld.html,yes,yes,yes,plain+decho+html,/Users/Lewis/.config/mudlet/profiles/Multi-Users in Middle-earth/mume_whois_archive.json
char_securitate,Securitate,Securitate,mha:securitate:1781605812:01ebdb69,high,Maia,securitate,data/evidence/whois_display/text/securitate.txt,data/evidence/whois_display/html/securitate.html,yes,yes,yes,plain+decho+html,/Users/Lewis/.config/mudlet/profiles/Multi-Users in Middle-earth/mume_whois_archive.json
char_sephrenio,Sephrenio,Sephrenio,mha:sephrenio:1781605818:58c3bfbf,high,Maia,sephrenio,data/evidence/whois_display/text/sephrenio.txt,data/evidence/whois_display/html/sephrenio.html,yes,yes,yes,plain+decho+html,/Users/Lewis/.config/mudlet/profiles/Multi-Users in Middle-earth/mume_whois_archive.json
char_seregon,Seregon,Seregon,mha:seregon:1781605824:f2da249f,high,Maia,seregon,data/evidence/whois_display/text/seregon.txt,data/evidence/whois_display/html/seregon.html,yes,yes,yes,plain+decho+html,/Users/Lewis/.config/mudlet/profiles/Multi-Users in Middle-earth/mume_whois_archive.json
char_serodi,Serodi,Serodi,mha:serodi:1781605829:4d75ff22,high,Maia,serodi,data/evidence/whois_display/text/serodi.txt,data/evidence/whois_display/html/serodi.html,yes,yes,yes,plain+decho+html,/Users/Lewis/.config/mudlet/profiles/Multi-Users in Middle-earth/mume_whois_archive.json
char_shaalak,Shaalak,Shaalak,mha:shaalak:1781605835:2a64c9eb,high,Maia,shaalak,data/evidence/whois_display/text/shaalak.txt,data/evidence/whois_display/html/shaalak.html,yes,yes,yes,plain+decho+html,/Users/Lewis/.config/mudlet/profiles/Multi-Users in Middle-earth/mume_whois_archive.json
char_shaedric,Shaedric,Shaedric,mha:shaedric:1781605842:e23ec74c,high,Maia,shaedric,data/evidence/whois_display/text/shaedric.txt,data/evidence/whois_display/html/shaedric.html,yes,yes,yes,plain+decho+html,/Users/Lewis/.config/mudlet/profiles/Multi-Users in Middle-earth/mume_whois_archive.json
char_shai,Shai,Shai,mha:shai:1781605848:f3b42806,high,Maia,shai,data/evidence/whois_display/text/shai.txt,data/evidence/whois_display/html/shai.html,yes,yes,yes,plain+decho+html,/Users/Lewis/.config/mudlet/profiles/Multi-Users in Middle-earth/mume_whois_archive.json
char_shalott,Shalott,Shalott,mha:shalott:1781605854:5ae0c7d2,high,Maia,shalott,data/evidence/whois_display/text/shalott.txt,data/evidence/whois_display/html/shalott.html,yes,yes,yes,plain+decho+html,/Users/Lewis/.config/mudlet/profiles/Multi-Users in Middle-earth/mume_whois_archive.json
char_shiara,Shiara,Shiara,mha:shiara:1781605859:96835e36,high,Maia,shiara,data/evidence/whois_display/text/shiara.txt,data/evidence/whois_display/html/shiara.html,yes,yes,yes,plain+decho+html,/Users/Lewis/.config/mudlet/profiles/Multi-Users in Middle-earth/mume_whois_archive.json
char_shilior,Shilior,Shilior,mha:shilior:1781605866:1b588b60,high,Maia,shilior,data/evidence/whois_display/text/shilior.txt,data/evidence/whois_display/html/shilior.html,yes,yes,yes,plain+decho+html,/Users/Lewis/.config/mudlet/profiles/Multi-Users in Middle-earth/mume_whois_archive.json
char_shorn,Shorn,Shorn,mha:shorn:1781605871:eae65661,high,Maia,shorn,data/evidence/whois_display/text/shorn.txt,data/evidence/whois_display/html/shorn.html,yes,yes,yes,plain+decho+html,/Users/Lewis/.config/mudlet/profiles/Multi-Users in Middle-earth/mume_whois_archive.json
char_shrouded,Shrouded,Shrouded,mha:shrouded:1781605877:d2b51256,high,Maia,shrouded,data/evidence/whois_display/text/shrouded.txt,data/evidence/whois_display/html/shrouded.html,yes,yes,yes,plain+decho+html,/Users/Lewis/.config/mudlet/profiles/Multi-Users in Middle-earth/mume_whois_archive.json
char_shura,Shura,Shura,mha:shura:1781605883:0d6825a7,high,Maia,shura,data/evidence/whois_display/text/shura.txt,data/evidence/whois_display/html/shura.html,yes,yes,yes,plain+decho+html,/Users/Lewis/.config/mudlet/profiles/Multi-Users in Middle-earth/mume_whois_archive.json
char_siamir,Siamir,Siamir,mha:siamir:1781605888:5852f574,high,Maia,siamir,data/evidence/whois_display/text/siamir.txt,data/evidence/whois_display/html/siamir.html,yes,yes,yes,plain+decho+html,/Users/Lewis/.config/mudlet/profiles/Multi-Users in Middle-earth/mume_whois_archive.json
char_silenoz,Silenoz,Silenoz,mha:silenoz:1781605894:3f2060dc,high,Maia,silenoz,data/evidence/whois_display/text/silenoz.txt,data/evidence/whois_display/html/silenoz.html,yes,yes,yes,plain+decho+html,/Users/Lewis/.config/mudlet/profiles/Multi-Users in Middle-earth/mume_whois_archive.json
char_silmaesul,Silmaesul,Silmaesul,mha:silmaesul:1781605899:b3a3aa17,high,looking for someone is a Maia,silmaesul,data/evidence/whois_display/text/silmaesul.txt,data/evidence/whois_display/html/silmaesul.html,yes,yes,yes,plain+decho+html,/Users/Lewis/.config/mudlet/profiles/Multi-Users in Middle-earth/mume_whois_archive.json
char_silosseth,Silosseth,Silosseth,mha:silosseth:1781605905:c32c4a2c,high,Maia,silosseth,data/evidence/whois_display/text/silosseth.txt,data/evidence/whois_display/html/silosseth.html,yes,yes,yes,plain+decho+html,/Users/Lewis/.config/mudlet/profiles/Multi-Users in Middle-earth/mume_whois_archive.json
char_silvermagi,Silvermagi,Silvermagi,mha:silvermagi:1781605910:690933f3,high,Maia,silvermagi,data/evidence/whois_display/text/silvermagi.txt,data/evidence/whois_display/html/silvermagi.html,yes,yes,yes,plain+decho+html,/Users/Lewis/.config/mudlet/profiles/Multi-Users in Middle-earth/mume_whois_archive.json
char_silvershadow,Silvershadow,Silvershadow,mha:silvershadow:1781605916:a532585e,high,Maia,silvershadow,data/evidence/whois_display/text/silvershadow.txt,data/evidence/whois_display/html/silvershadow.html,yes,yes,yes,plain+decho+html,/Users/Lewis/.config/mudlet/profiles/Multi-Users in Middle-earth/mume_whois_archive.json
char_silvos,Silvos,Silvos,mha:silvos:1781605921:d6233a98,high,Maia,silvos,data/evidence/whois_display/text/silvos.txt,data/evidence/whois_display/html/silvos.html,yes,yes,yes,plain+decho+html,/Users/Lewis/.config/mudlet/profiles/Multi-Users in Middle-earth/mume_whois_archive.json
char_sim,Sim,Sim,mha:sim:1781605927:3bb14041,high,floating in the middle of nowhere is a Maia,sim,data/evidence/whois_display/text/sim.txt,data/evidence/whois_display/html/sim.html,yes,yes,yes,plain+decho+html,/Users/Lewis/.config/mudlet/profiles/Multi-Users in Middle-earth/mume_whois_archive.json
char_singleton,Singleton,Singleton,mha:singleton:1781605933:ada63883,high,Maia,singleton,data/evidence/whois_display/text/singleton.txt,data/evidence/whois_display/html/singleton.html,yes,yes,yes,plain+decho+html,/Users/Lewis/.config/mudlet/profiles/Multi-Users in Middle-earth/mume_whois_archive.json
char_sinprejic,Sinprejic,Sinprejic,mha:sinprejic:1781605939:f1b974c0,high,Maia,sinprejic,data/evidence/whois_display/text/sinprejic.txt,data/evidence/whois_display/html/sinprejic.html,yes,yes,yes,plain+decho+html,/Users/Lewis/.config/mudlet/profiles/Multi-Users in Middle-earth/mume_whois_archive.json
char_siw,Siw,Siw,mha:siw:1781605945:8915d315,high,Maia,siw,data/evidence/whois_display/text/siw.txt,data/evidence/whois_display/html/siw.html,yes,yes,yes,plain+decho+html,/Users/Lewis/.config/mudlet/profiles/Multi-Users in Middle-earth/mume_whois_archive.json
char_skyhawk,Skyhawk,Skyhawk,mha:skyhawk:1781605955:b40eca14,high,Maia,skyhawk,data/evidence/whois_display/text/skyhawk.txt,data/evidence/whois_display/html/skyhawk.html,yes,yes,yes,plain+decho+html,/Users/Lewis/.config/mudlet/profiles/Multi-Users in Middle-earth/mume_whois_archive.json
char_slash,Slash,Slash,mha:slash:1781605964:18333eed,high,here is a Maia,slash,data/evidence/whois_display/text/slash.txt,data/evidence/whois_display/html/slash.html,yes,yes,yes,plain+decho+html,/Users/Lewis/.config/mudlet/profiles/Multi-Users in Middle-earth/mume_whois_archive.json
char_sledgehammer,SledgeHammer,SledgeHammer,mha:sledgehammer:1781605970:8a527be4,high,Maia,sledgehammer,data/evidence/whois_display/text/sledgehammer.txt,data/evidence/whois_display/html/sledgehammer.html,yes,yes,yes,plain+decho+html,/Users/Lewis/.config/mudlet/profiles/Multi-Users in Middle-earth/mume_whois_archive.json
char_smalls,Smalls,Smalls,mha:smalls:1781605976:14432141,high,Maia,smalls,data/evidence/whois_display/text/smalls.txt,data/evidence/whois_display/html/smalls.html,yes,yes,yes,plain+decho+html,/Users/Lewis/.config/mudlet/profiles/Multi-Users in Middle-earth/mume_whois_archive.json
char_smiling,Smiling,Smiling,mha:smiling:1781605982:18257a8a,high,Maia,smiling,data/evidence/whois_display/text/smiling.txt,data/evidence/whois_display/html/smiling.html,yes,yes,yes,plain+decho+html,/Users/Lewis/.config/mudlet/profiles/Multi-Users in Middle-earth/mume_whois_archive.json
char_smokey,Smokey,Smokey,mha:smokey:1781605989:b7f4f9af,high,Maia,smokey,data/evidence/whois_display/text/smokey.txt,data/evidence/whois_display/html/smokey.html,yes,yes,yes,plain+decho+html,/Users/Lewis/.config/mudlet/profiles/Multi-Users in Middle-earth/mume_whois_archive.json
char_sneaky,Sneaky,Sneaky,mha:sneaky:1781605995:e571fc01,high,creaky and old now is a Maia,sneaky,data/evidence/whois_display/text/sneaky.txt,data/evidence/whois_display/html/sneaky.html,yes,yes,yes,plain+decho+html,/Users/Lewis/.config/mudlet/profiles/Multi-Users in Middle-earth/mume_whois_archive.json
char_snom,Snom,Snom,mha:snom:1781606002:12127824,high,Maia,snom,data/evidence/whois_display/text/snom.txt,data/evidence/whois_display/html/snom.html,yes,yes,yes,plain+decho+html,/Users/Lewis/.config/mudlet/profiles/Multi-Users in Middle-earth/mume_whois_archive.json
char_snow,Snow,Snow,mha:snow:1781606008:9d5110dc,high,Maia,snow,data/evidence/whois_display/text/snow.txt,data/evidence/whois_display/html/snow.html,yes,yes,yes,plain+decho+html,/Users/Lewis/.config/mudlet/profiles/Multi-Users in Middle-earth/mume_whois_archive.json
char_snowdrop,Snowdrop,Snowdrop,mha:snowdrop:1781606014:e5d4b073,high,Maia,snowdrop,data/evidence/whois_display/text/snowdrop.txt,data/evidence/whois_display/html/snowdrop.html,yes,yes,yes,plain+decho+html,/Users/Lewis/.config/mudlet/profiles/Multi-Users in Middle-earth/mume_whois_archive.json
char_soba,Soba,Soba,mha:soba:1781606021:0bdba101,high,Maia,soba,data/evidence/whois_display/text/soba.txt,data/evidence/whois_display/html/soba.html,yes,yes,yes,plain+decho+html,/Users/Lewis/.config/mudlet/profiles/Multi-Users in Middle-earth/mume_whois_archive.json
char_someone,Someone,Someone,mha:someone:1781606031:e31f6d1e,high,Maia,someone,data/evidence/whois_display/text/someone.txt,data/evidence/whois_display/html/someone.html,yes,yes,yes,plain+decho+html,/Users/Lewis/.config/mudlet/profiles/Multi-Users in Middle-earth/mume_whois_archive.json
char_souls,Souls,Durmegil,mha:durmegil:1781578999:8fb2250f,high,Maia,souls,data/evidence/whois_display/text/souls.txt,data/evidence/whois_display/html/souls.html,yes,yes,yes,plain+decho+html,/Users/Lewis/.config/mudlet/profiles/Multi-Users in Middle-earth/mume_whois_archive.json
char_spin,Spin,Spin,mha:spin:1781606036:284efefd,high,Maia,spin,data/evidence/whois_display/text/spin.txt,data/evidence/whois_display/html/spin.html,yes,yes,yes,plain+decho+html,/Users/Lewis/.config/mudlet/profiles/Multi-Users in Middle-earth/mume_whois_archive.json
char_sprocket,Sprocket,Sprocket,mha:sprocket:1781606043:e3903640,high,Maia,sprocket,data/evidence/whois_display/text/sprocket.txt,data/evidence/whois_display/html/sprocket.html,yes,yes,yes,plain+decho+html,/Users/Lewis/.config/mudlet/profiles/Multi-Users in Middle-earth/mume_whois_archive.json
char_spud,Spud,Spud,mha:spud:1781606048:e3d29195,high,Maia,spud,data/evidence/whois_display/text/spud.txt,data/evidence/whois_display/html/spud.html,yes,yes,yes,plain+decho+html,/Users/Lewis/.config/mudlet/profiles/Multi-Users in Middle-earth/mume_whois_archive.json
char_squiffy,Squiffy,Squiffy,mha:squiffy:1781606054:3b67f3ca,high,Maia,squiffy,data/evidence/whois_display/text/squiffy.txt,data/evidence/whois_display/html/squiffy.html,yes,yes,yes,plain+decho+html,/Users/Lewis/.config/mudlet/profiles/Multi-Users in Middle-earth/mume_whois_archive.json
char_squizz,Squizz,Squizz,mha:squizz:1781606060:c5d10b9f,high,Vala,squizz,data/evidence/whois_display/text/squizz.txt,data/evidence/whois_display/html/squizz.html,yes,yes,yes,plain+decho+html,/Users/Lewis/.config/mudlet/profiles/Multi-Users in Middle-earth/mume_whois_archive.json
char_stadi,Stadi,Stadi,mha:stadi:1781606067:6bbcc905,high,Maia,stadi,data/evidence/whois_display/text/stadi.txt,data/evidence/whois_display/html/stadi.html,yes,yes,yes,plain+decho+html,/Users/Lewis/.config/mudlet/profiles/Multi-Users in Middle-earth/mume_whois_archive.json
char_staer,Staer,Staer,mha:staer:1781606073:f9a8455b,high,"Vala, one of the Aratar",staer,data/evidence/whois_display/text/staer.txt,data/evidence/whois_display/html/staer.html,yes,yes,yes,plain+decho+html,/Users/Lewis/.config/mudlet/profiles/Multi-Users in Middle-earth/mume_whois_archive.json
char_steele,Steele,Steele,mha:steele:1781606079:085ac0c7,high,Maia,steele,data/evidence/whois_display/text/steele.txt,data/evidence/whois_display/html/steele.html,yes,yes,yes,plain+decho+html,/Users/Lewis/.config/mudlet/profiles/Multi-Users in Middle-earth/mume_whois_archive.json
char_stigur,Stigur,Stigur,mha:stigur:1781606084:2e73b377,high,Maia,stigur,data/evidence/whois_display/text/stigur.txt,data/evidence/whois_display/html/stigur.html,yes,yes,yes,plain+decho+html,/Users/Lewis/.config/mudlet/profiles/Multi-Users in Middle-earth/mume_whois_archive.json
char_stiletto,Stiletto,Stiletto,mha:stiletto:1781606090:5e1bdd7d,high,going skiing is a Maia,stiletto,data/evidence/whois_display/text/stiletto.txt,data/evidence/whois_display/html/stiletto.html,yes,yes,yes,plain+decho+html,/Users/Lewis/.config/mudlet/profiles/Multi-Users in Middle-earth/mume_whois_archive.json
char_stimpy,Stimpy,Stimpy,mha:stimpy:1781606095:f664acca,high,Maia,stimpy,data/evidence/whois_display/text/stimpy.txt,data/evidence/whois_display/html/stimpy.html,yes,yes,yes,plain+decho+html,/Users/Lewis/.config/mudlet/profiles/Multi-Users in Middle-earth/mume_whois_archive.json
char_stranger,Stranger,Stranger,mha:stranger:1781606101:cfbf4502,high,Maia,stranger,data/evidence/whois_display/text/stranger.txt,data/evidence/whois_display/html/stranger.html,yes,yes,yes,plain+decho+html,/Users/Lewis/.config/mudlet/profiles/Multi-Users in Middle-earth/mume_whois_archive.json
char_stryker,Stryker,Stryker,mha:stryker:1781606106:db2a082c,high,Maia,stryker,data/evidence/whois_display/text/stryker.txt,data/evidence/whois_display/html/stryker.html,yes,yes,yes,plain+decho+html,/Users/Lewis/.config/mudlet/profiles/Multi-Users in Middle-earth/mume_whois_archive.json
char_stukk,Stukk,Stukk,mha:stukk:1781606112:59dff3b1,high,Maia,stukk,data/evidence/whois_display/text/stukk.txt,data/evidence/whois_display/html/stukk.html,yes,yes,yes,plain+decho+html,/Users/Lewis/.config/mudlet/profiles/Multi-Users in Middle-earth/mume_whois_archive.json
char_sum,Sum,Sum,mha:sum:1781606117:9de5b9cd,high,Maia,sum,data/evidence/whois_display/text/sum.txt,data/evidence/whois_display/html/sum.html,yes,yes,yes,plain+decho+html,/Users/Lewis/.config/mudlet/profiles/Multi-Users in Middle-earth/mume_whois_archive.json
char_sung,Sung,Sung,mha:sung:1781606123:2a7d9f0d,high,"Vala, one of the Aratar",sung,data/evidence/whois_display/text/sung.txt,data/evidence/whois_display/html/sung.html,yes,yes,yes,plain+decho+html,/Users/Lewis/.config/mudlet/profiles/Multi-Users in Middle-earth/mume_whois_archive.json
char_svex,Svex,Svex,mha:svex:1781606128:261f2735,high,Maia,svex,data/evidence/whois_display/text/svex.txt,data/evidence/whois_display/html/svex.html,yes,yes,yes,plain+decho+html,/Users/Lewis/.config/mudlet/profiles/Multi-Users in Middle-earth/mume_whois_archive.json
char_swix,Swix,Swix,mha:swix:1781606134:e0bed369,high,Vala,swix,data/evidence/whois_display/text/swix.txt,data/evidence/whois_display/html/swix.html,yes,yes,yes,plain+decho+html,/Users/Lewis/.config/mudlet/profiles/Multi-Users in Middle-earth/mume_whois_archive.json
char_swork,Swork,Swork,mha:swork:1781606139:1202c851,high,Maia,swork,data/evidence/whois_display/text/swork.txt,data/evidence/whois_display/html/swork.html,yes,yes,yes,plain+decho+html,/Users/Lewis/.config/mudlet/profiles/Multi-Users in Middle-earth/mume_whois_archive.json
char_tabris,Tabris,Tabris,mha:tabris:1781606145:d8192be0,high,Maia,tabris,data/evidence/whois_display/text/tabris.txt,data/evidence/whois_display/html/tabris.html,yes,yes,yes,plain+decho+html,/Users/Lewis/.config/mudlet/profiles/Multi-Users in Middle-earth/mume_whois_archive.json
char_tadej,Tadej,Tadej,mha:tadej:1781606151:b7b54edc,high,Maia,tadej,data/evidence/whois_display/text/tadej.txt,data/evidence/whois_display/html/tadej.html,yes,yes,yes,plain+decho+html,/Users/Lewis/.config/mudlet/profiles/Multi-Users in Middle-earth/mume_whois_archive.json
char_talen,Talen,Talen,mha:talen:1781606158:bb8dd2cd,high,Maia,talen,data/evidence/whois_display/text/talen.txt,data/evidence/whois_display/html/talen.html,yes,yes,yes,plain+decho+html,/Users/Lewis/.config/mudlet/profiles/Multi-Users in Middle-earth/mume_whois_archive.json
char_talia,Talia,Talia,mha:talia:1781606165:14caa2e8,high,Maia,talia,data/evidence/whois_display/text/talia.txt,data/evidence/whois_display/html/talia.html,yes,yes,yes,plain+decho+html,/Users/Lewis/.config/mudlet/profiles/Multi-Users in Middle-earth/mume_whois_archive.json
char_tamar,Tamar,Tamar,mha:tamar:1781606172:ccdbd00b,high,despret need of a pracreset is a Maia,tamar,data/evidence/whois_display/text/tamar.txt,data/evidence/whois_display/html/tamar.html,yes,yes,yes,plain+decho+html,/Users/Lewis/.config/mudlet/profiles/Multi-Users in Middle-earth/mume_whois_archive.json
char_tamerlane,Tamerlane,Tamerlane,mha:tamerlane:1781606178:e5deb40e,high,Evil is a Maia,tamerlane,data/evidence/whois_display/text/tamerlane.txt,data/evidence/whois_display/html/tamerlane.html,yes,yes,yes,plain+decho+html,/Users/Lewis/.config/mudlet/profiles/Multi-Users in Middle-earth/mume_whois_archive.json
char_tanith,Tanith,Tanith,mha:tanith:1781606185:c42722df,high,Maia,tanith,data/evidence/whois_display/text/tanith.txt,data/evidence/whois_display/html/tanith.html,yes,yes,yes,plain+decho+html,/Users/Lewis/.config/mudlet/profiles/Multi-Users in Middle-earth/mume_whois_archive.json
char_tarnas,Tarnas,Tarnas,mha:tarnas:1781606192:122bd66c,high,Maia,tarnas,data/evidence/whois_display/text/tarnas.txt,data/evidence/whois_display/html/tarnas.html,yes,yes,yes,plain+decho+html,/Users/Lewis/.config/mudlet/profiles/Multi-Users in Middle-earth/mume_whois_archive.json
char_tavares,Tavares,Tavares,mha:tavares:1781606198:2fbabcd9,high,Maia,tavares,data/evidence/whois_display/text/tavares.txt,data/evidence/whois_display/html/tavares.html,yes,yes,yes,plain+decho+html,/Users/Lewis/.config/mudlet/profiles/Multi-Users in Middle-earth/mume_whois_archive.json
char_tchans,Tchans,Tchans,mha:tchans:1781606204:bab22e29,high,Maia,tchans,data/evidence/whois_display/text/tchans.txt,data/evidence/whois_display/html/tchans.html,yes,yes,yes,plain+decho+html,/Users/Lewis/.config/mudlet/profiles/Multi-Users in Middle-earth/mume_whois_archive.json
char_telcontar,Telcontar,Telcontar,mha:telcontar:1781606209:dee853ef,high,Maia,telcontar,data/evidence/whois_display/text/telcontar.txt,data/evidence/whois_display/html/telcontar.html,yes,yes,yes,plain+decho+html,/Users/Lewis/.config/mudlet/profiles/Multi-Users in Middle-earth/mume_whois_archive.json
char_tell,tell,Creston,mha:creston:1781578735:4ef03d41,high,Maia,tell,data/evidence/whois_display/text/tell.txt,data/evidence/whois_display/html/tell.html,yes,yes,yes,plain+decho+html,/Users/Lewis/.config/mudlet/profiles/Multi-Users in Middle-earth/mume_whois_archive.json
char_tellah,Tellah,Tellah,mha:tellah:1781606215:327614be,high,Maia,tellah,data/evidence/whois_display/text/tellah.txt,data/evidence/whois_display/html/tellah.html,yes,yes,yes,plain+decho+html,/Users/Lewis/.config/mudlet/profiles/Multi-Users in Middle-earth/mume_whois_archive.json
char_temdor,Temdor,Temdor,mha:temdor:1781606220:e3c7d944,high,Maia,temdor,data/evidence/whois_display/text/temdor.txt,data/evidence/whois_display/html/temdor.html,yes,yes,yes,plain+decho+html,/Users/Lewis/.config/mudlet/profiles/Multi-Users in Middle-earth/mume_whois_archive.json
char_temptation,Temptation,Blackfox,mha:blackfox:1781577969:2c87965d,high,Maia,temptation,data/evidence/whois_display/text/temptation.txt,data/evidence/whois_display/html/temptation.html,yes,yes,yes,plain+decho+html,/Users/Lewis/.config/mudlet/profiles/Multi-Users in Middle-earth/mume_whois_archive.json
char_tempuntekijä,Tempuntekijä,Tempuntekijä,mha:tempuntekijä:1781606226:d21b50ca,high,Maia,tempuntekija,data/evidence/whois_display/text/tempuntekija.txt,data/evidence/whois_display/html/tempuntekija.html,yes,yes,yes,plain+decho+html,/Users/Lewis/.config/mudlet/profiles/Multi-Users in Middle-earth/mume_whois_archive.json
char_terdamon,Terdamon,Terdamon,mha:terdamon:1781606232:8fc10d71,high,Maia,terdamon,data/evidence/whois_display/text/terdamon.txt,data/evidence/whois_display/html/terdamon.html,yes,yes,yes,plain+decho+html,/Users/Lewis/.config/mudlet/profiles/Multi-Users in Middle-earth/mume_whois_archive.json
char_teriláen,Teriláen,Teriláen,mha:teriláen:1781606237:31c36c90,high,Maia,terilaen,data/evidence/whois_display/text/terilaen.txt,data/evidence/whois_display/html/terilaen.html,yes,yes,yes,plain+decho+html,/Users/Lewis/.config/mudlet/profiles/Multi-Users in Middle-earth/mume_whois_archive.json
char_terminator,Terminator,Terminator,mha:terminator:1781606243:1f0ca5c3,high,Maia,terminator,data/evidence/whois_display/text/terminator.txt,data/evidence/whois_display/html/terminator.html,yes,yes,yes,plain+decho+html,/Users/Lewis/.config/mudlet/profiles/Multi-Users in Middle-earth/mume_whois_archive.json
char_terwin,Terwin,Terwin,mha:terwin:1781606248:2e057594,high,Maia,terwin,data/evidence/whois_display/text/terwin.txt,data/evidence/whois_display/html/terwin.html,yes,yes,yes,plain+decho+html,/Users/Lewis/.config/mudlet/profiles/Multi-Users in Middle-earth/mume_whois_archive.json
char_tessier,Tessier,Tessier,mha:tessier:1781606254:09fcae6d,high,back is a Maia,tessier,data/evidence/whois_display/text/tessier.txt,data/evidence/whois_display/html/tessier.html,yes,yes,yes,plain+decho+html,/Users/Lewis/.config/mudlet/profiles/Multi-Users in Middle-earth/mume_whois_archive.json
char_teya,Teya,Teya,mha:teya:1781606259:53b01f1d,high,Maia,teya,data/evidence/whois_display/text/teya.txt,data/evidence/whois_display/html/teya.html,yes,yes,yes,plain+decho+html,/Users/Lewis/.config/mudlet/profiles/Multi-Users in Middle-earth/mume_whois_archive.json
char_thanatos,Thanatos,Thanatos,mha:thanatos:1781606265:df20aff2,high,Maia,thanatos,data/evidence/whois_display/text/thanatos.txt,data/evidence/whois_display/html/thanatos.html,yes,yes,yes,plain+decho+html,/Users/Lewis/.config/mudlet/profiles/Multi-Users in Middle-earth/mume_whois_archive.json
char_themys,Themys,Themys,mha:themys:1781606271:9e8635e1,high,Maia,themys,data/evidence/whois_display/text/themys.txt,data/evidence/whois_display/html/themys.html,yes,yes,yes,plain+decho+html,/Users/Lewis/.config/mudlet/profiles/Multi-Users in Middle-earth/mume_whois_archive.json
char_thoirin,Thoirin,Thoirin,mha:thoirin:1781606277:f9b191fe,high,Maia,thoirin,data/evidence/whois_display/text/thoirin.txt,data/evidence/whois_display/html/thoirin.html,yes,yes,yes,plain+decho+html,/Users/Lewis/.config/mudlet/profiles/Multi-Users in Middle-earth/mume_whois_archive.json
char_thor,Thor,Thor,mha:thor:1781606283:182dee71,high,Vala,thor,data/evidence/whois_display/text/thor.txt,data/evidence/whois_display/html/thor.html,yes,yes,yes,plain+decho+html,/Users/Lewis/.config/mudlet/profiles/Multi-Users in Middle-earth/mume_whois_archive.json
char_thorin,Thorin,Thorin,mha:thorin:1781606289:0e5ed167,high,"Vala, one of the Aratar",thorin,data/evidence/whois_display/text/thorin.txt,data/evidence/whois_display/html/thorin.html,yes,yes,yes,plain+decho+html,/Users/Lewis/.config/mudlet/profiles/Multi-Users in Middle-earth/mume_whois_archive.json
char_thoroner,Thoroner,Thoroner,mha:thoroner:1781606296:666222d2,high,Maia,thoroner,data/evidence/whois_display/text/thoroner.txt,data/evidence/whois_display/html/thoroner.html,yes,yes,yes,plain+decho+html,/Users/Lewis/.config/mudlet/profiles/Multi-Users in Middle-earth/mume_whois_archive.json
char_thran,Thran,Thran,mha:thran:1781606302:df5ef082,high,Maia,thran,data/evidence/whois_display/text/thran.txt,data/evidence/whois_display/html/thran.html,yes,yes,yes,plain+decho+html,/Users/Lewis/.config/mudlet/profiles/Multi-Users in Middle-earth/mume_whois_archive.json
char_thrust,Thrust,Thrust,mha:thrust:1781606308:4484aebb,high,Maia,thrust,data/evidence/whois_display/text/thrust.txt,data/evidence/whois_display/html/thrust.html,yes,yes,yes,plain+decho+html,/Users/Lewis/.config/mudlet/profiles/Multi-Users in Middle-earth/mume_whois_archive.json
char_thuran,Thuran,Thuran,mha:thuran:1781606314:7ab201ee,high,Maia,thuran,data/evidence/whois_display/text/thuran.txt,data/evidence/whois_display/html/thuran.html,yes,yes,yes,plain+decho+html,/Users/Lewis/.config/mudlet/profiles/Multi-Users in Middle-earth/mume_whois_archive.json
char_thuzzle,Thuzzle,Thuzzle,mha:thuzzle:1781606319:e4762490,high,Vala,thuzzle,data/evidence/whois_display/text/thuzzle.txt,data/evidence/whois_display/html/thuzzle.html,yes,yes,yes,plain+decho+html,/Users/Lewis/.config/mudlet/profiles/Multi-Users in Middle-earth/mume_whois_archive.json
char_théomil,Théomil,Théomil,mha:théomil:1781606325:0dd71fdf,high,Maia,theomil,data/evidence/whois_display/text/theomil.txt,data/evidence/whois_display/html/theomil.html,yes,yes,yes,plain+decho+html,/Users/Lewis/.config/mudlet/profiles/Multi-Users in Middle-earth/mume_whois_archive.json
char_tilwe,Tilwe,Tilwe,mha:tilwe:1781606330:b59d3982,high,Maia,tilwe,data/evidence/whois_display/text/tilwe.txt,data/evidence/whois_display/html/tilwe.html,yes,yes,yes,plain+decho+html,/Users/Lewis/.config/mudlet/profiles/Multi-Users in Middle-earth/mume_whois_archive.json
char_timbulimbu,Timbulimbu,Timbulimbu,mha:timbulimbu:1781606336:4c6c6c35,high,Maia,timbulimbu,data/evidence/whois_display/text/timbulimbu.txt,data/evidence/whois_display/html/timbulimbu.html,yes,yes,yes,plain+decho+html,/Users/Lewis/.config/mudlet/profiles/Multi-Users in Middle-earth/mume_whois_archive.json
char_timodeus,Timodeus,Timodeus,mha:timodeus:1781606341:206d607a,high,"Vala, one of the Aratar",timodeus,data/evidence/whois_display/text/timodeus.txt,data/evidence/whois_display/html/timodeus.html,yes,yes,yes,plain+decho+html,/Users/Lewis/.config/mudlet/profiles/Multi-Users in Middle-earth/mume_whois_archive.json
char_tinkerbell,Tinkerbell,Tinkerbell,mha:tinkerbell:1781606347:000d76d3,high,glad to see MUME is still thriving is a Valië,tinkerbell,data/evidence/whois_display/text/tinkerbell.txt,data/evidence/whois_display/html/tinkerbell.html,yes,yes,yes,plain+decho+html,/Users/Lewis/.config/mudlet/profiles/Multi-Users in Middle-earth/mume_whois_archive.json
char_tinsal,Tinsal,Tinsal,mha:tinsal:1781606352:2c8b4327,high,Maia,tinsal,data/evidence/whois_display/text/tinsal.txt,data/evidence/whois_display/html/tinsal.html,yes,yes,yes,plain+decho+html,/Users/Lewis/.config/mudlet/profiles/Multi-Users in Middle-earth/mume_whois_archive.json
char_tippy,Tippy,Tippy,mha:tippy:1781606358:ac344033,high,Maia,tippy,data/evidence/whois_display/text/tippy.txt,data/evidence/whois_display/html/tippy.html,yes,yes,yes,plain+decho+html,/Users/Lewis/.config/mudlet/profiles/Multi-Users in Middle-earth/mume_whois_archive.json
char_tirmenel,Tirmenel,Tirmenel,mha:tirmenel:1781606364:8c864a3f,high,Maia,tirmenel,data/evidence/whois_display/text/tirmenel.txt,data/evidence/whois_display/html/tirmenel.html,yes,yes,yes,plain+decho+html,/Users/Lewis/.config/mudlet/profiles/Multi-Users in Middle-earth/mume_whois_archive.json
char_titus,Titus,Titus,mha:titus:1781606369:2e4a7dec,high,Maia,titus,data/evidence/whois_display/text/titus.txt,data/evidence/whois_display/html/titus.html,yes,yes,yes,plain+decho+html,/Users/Lewis/.config/mudlet/profiles/Multi-Users in Middle-earth/mume_whois_archive.json
char_tlb,TLB,TLB,mha:tlb:1781606375:341fe3c1,high,Maia,tlb,data/evidence/whois_display/text/tlb.txt,data/evidence/whois_display/html/tlb.html,yes,yes,yes,plain+decho+html,/Users/Lewis/.config/mudlet/profiles/Multi-Users in Middle-earth/mume_whois_archive.json
char_toby,Toby,Toby,mha:toby:1781606380:fd0cadb0,high,Maia,toby,data/evidence/whois_display/text/toby.txt,data/evidence/whois_display/html/toby.html,yes,yes,yes,plain+decho+html,/Users/Lewis/.config/mudlet/profiles/Multi-Users in Middle-earth/mume_whois_archive.json
char_torak,Torak,Torak,mha:torak:1781606386:3948bdba,high,Maia,torak,data/evidence/whois_display/text/torak.txt,data/evidence/whois_display/html/torak.html,yes,yes,yes,plain+decho+html,/Users/Lewis/.config/mudlet/profiles/Multi-Users in Middle-earth/mume_whois_archive.json
char_tram,Tram,Tram,mha:tram:1781606391:32956c29,high,Maia,tram,data/evidence/whois_display/text/tram.txt,data/evidence/whois_display/html/tram.html,yes,yes,yes,plain+decho+html,/Users/Lewis/.config/mudlet/profiles/Multi-Users in Middle-earth/mume_whois_archive.json
char_transergod,TranserGod,TranserGod,mha:transergod:1781606398:8bd846cc,high,Maia,transergod,data/evidence/whois_display/text/transergod.txt,data/evidence/whois_display/html/transergod.html,yes,yes,yes,plain+decho+html,/Users/Lewis/.config/mudlet/profiles/Multi-Users in Middle-earth/mume_whois_archive.json
char_trent,Trent,Trent,mha:trent:1781606404:4c56b6c0,high,Maia,trent,data/evidence/whois_display/text/trent.txt,data/evidence/whois_display/html/trent.html,yes,yes,yes,plain+decho+html,/Users/Lewis/.config/mudlet/profiles/Multi-Users in Middle-earth/mume_whois_archive.json
char_trexus,Trexus,Trexus,mha:trexus:1781606409:5524c6ef,high,Maia,trexus,data/evidence/whois_display/text/trexus.txt,data/evidence/whois_display/html/trexus.html,yes,yes,yes,plain+decho+html,/Users/Lewis/.config/mudlet/profiles/Multi-Users in Middle-earth/mume_whois_archive.json
char_tsort,Tsort,Tsort,mha:tsort:1781606415:1e419875,high,Maia,tsort,data/evidence/whois_display/text/tsort.txt,data/evidence/whois_display/html/tsort.html,yes,yes,yes,plain+decho+html,/Users/Lewis/.config/mudlet/profiles/Multi-Users in Middle-earth/mume_whois_archive.json
char_tulkas,Tulkas,Tulkas,mha:tulkas:1781606420:d221212e,high,"Vala, one of the Aratar",tulkas,data/evidence/whois_display/text/tulkas.txt,data/evidence/whois_display/html/tulkas.html,yes,yes,yes,plain+decho+html,/Users/Lewis/.config/mudlet/profiles/Multi-Users in Middle-earth/mume_whois_archive.json
char_tuor,Tuor,Tuor,mha:tuor:1781606426:616ef592,high,Maia,tuor,data/evidence/whois_display/text/tuor.txt,data/evidence/whois_display/html/tuor.html,yes,yes,yes,plain+decho+html,/Users/Lewis/.config/mudlet/profiles/Multi-Users in Middle-earth/mume_whois_archive.json
char_turmere,Turmere,Turmere,mha:turmere:1781606432:edfd2b06,high,Maia,turmere,data/evidence/whois_display/text/turmere.txt,data/evidence/whois_display/html/turmere.html,yes,yes,yes,plain+decho+html,/Users/Lewis/.config/mudlet/profiles/Multi-Users in Middle-earth/mume_whois_archive.json
char_twibble,Twibble,Twibble,mha:twibble:1781606438:dc520028,high,Maia,twibble,data/evidence/whois_display/text/twibble.txt,data/evidence/whois_display/html/twibble.html,yes,yes,yes,plain+decho+html,/Users/Lewis/.config/mudlet/profiles/Multi-Users in Middle-earth/mume_whois_archive.json
char_tylina,Tylina,Tylina,mha:tylina:1781606443:7d1451df,high,Maia,tylina,data/evidence/whois_display/text/tylina.txt,data/evidence/whois_display/html/tylina.html,yes,yes,yes,plain+decho+html,/Users/Lewis/.config/mudlet/profiles/Multi-Users in Middle-earth/mume_whois_archive.json
char_tyr,Tyr,Tyr,mha:tyr:1781606449:fc0980ea,high,Maia,tyr,data/evidence/whois_display/text/tyr.txt,data/evidence/whois_display/html/tyr.html,yes,yes,yes,plain+decho+html,/Users/Lewis/.config/mudlet/profiles/Multi-Users in Middle-earth/mume_whois_archive.json
char_ugly,Ugly,Ugly,mha:ugly:1781606454:26dc6816,high,Maia,ugly,data/evidence/whois_display/text/ugly.txt,data/evidence/whois_display/html/ugly.html,yes,yes,yes,plain+decho+html,/Users/Lewis/.config/mudlet/profiles/Multi-Users in Middle-earth/mume_whois_archive.json
char_uinen,Uinen,Uinen,mha:uinen:1781606460:c308753c,high,Maia,uinen,data/evidence/whois_display/text/uinen.txt,data/evidence/whois_display/html/uinen.html,yes,yes,yes,plain+decho+html,/Users/Lewis/.config/mudlet/profiles/Multi-Users in Middle-earth/mume_whois_archive.json
char_ulbo,Ulbo,Ulbo,mha:ulbo:1781606465:85542464,high,Maia,ulbo,data/evidence/whois_display/text/ulbo.txt,data/evidence/whois_display/html/ulbo.html,yes,yes,yes,plain+decho+html,/Users/Lewis/.config/mudlet/profiles/Multi-Users in Middle-earth/mume_whois_archive.json
char_ulixes,Ulixes,Ulixes,mha:ulixes:1781606471:d9719c07,high,Maia,ulixes,data/evidence/whois_display/text/ulixes.txt,data/evidence/whois_display/html/ulixes.html,yes,yes,yes,plain+decho+html,/Users/Lewis/.config/mudlet/profiles/Multi-Users in Middle-earth/mume_whois_archive.json
char_ulmo,Ulmo,Ulmo,mha:ulmo:1781606484:2ddbde84,high,Maia,ulmo,data/evidence/whois_display/text/ulmo.txt,data/evidence/whois_display/html/ulmo.html,yes,yes,yes,plain+decho+html,/Users/Lewis/.config/mudlet/profiles/Multi-Users in Middle-earth/mume_whois_archive.json
char_ulynn,Ulynn,Ulynn,mha:ulynn:1781606493:793cc929,high,Maia,ulynn,data/evidence/whois_display/text/ulynn.txt,data/evidence/whois_display/html/ulynn.html,yes,yes,yes,plain+decho+html,/Users/Lewis/.config/mudlet/profiles/Multi-Users in Middle-earth/mume_whois_archive.json
char_universe,universe,Dorin,mha:dorin:1781578933:75d2e7f1,high,Maia,universe,data/evidence/whois_display/text/universe.txt,data/evidence/whois_display/html/universe.html,yes,yes,yes,plain+decho+html,/Users/Lewis/.config/mudlet/profiles/Multi-Users in Middle-earth/mume_whois_archive.json
char_urdorf,Urdorf,Urdorf,mha:urdorf:1781606500:eb456421,high,Maia,urdorf,data/evidence/whois_display/text/urdorf.txt,data/evidence/whois_display/html/urdorf.html,yes,yes,yes,plain+decho+html,/Users/Lewis/.config/mudlet/profiles/Multi-Users in Middle-earth/mume_whois_archive.json
char_urso,Urso,Urso,mha:urso:1781606510:91a83ce4,high,Maia,urso,data/evidence/whois_display/text/urso.txt,data/evidence/whois_display/html/urso.html,yes,yes,yes,plain+decho+html,/Users/Lewis/.config/mudlet/profiles/Multi-Users in Middle-earth/mume_whois_archive.json
char_utu,Utu,Utu,mha:utu:1781606517:14ac2def,high,Maia,utu,data/evidence/whois_display/text/utu.txt,data/evidence/whois_display/html/utu.html,yes,yes,yes,plain+decho+html,/Users/Lewis/.config/mudlet/profiles/Multi-Users in Middle-earth/mume_whois_archive.json
char_vagnar,Vagnar,Vagnar,mha:vagnar:1781606525:59a0ea7c,high,Maia,vagnar,data/evidence/whois_display/text/vagnar.txt,data/evidence/whois_display/html/vagnar.html,yes,yes,yes,plain+decho+html,/Users/Lewis/.config/mudlet/profiles/Multi-Users in Middle-earth/mume_whois_archive.json
char_vai,Vai,Vai,mha:vai:1781606536:eadf3ebb,high,Maia,vai,data/evidence/whois_display/text/vai.txt,data/evidence/whois_display/html/vai.html,yes,yes,yes,plain+decho+html,/Users/Lewis/.config/mudlet/profiles/Multi-Users in Middle-earth/mume_whois_archive.json
char_vairë,Vairë,Vairë,mha:vairë:1781606546:2041859b,high,Valië,vaire,data/evidence/whois_display/text/vaire.txt,data/evidence/whois_display/html/vaire.html,yes,yes,yes,plain+decho+html,/Users/Lewis/.config/mudlet/profiles/Multi-Users in Middle-earth/mume_whois_archive.json
char_valdórë,Valdórë,Valdórë,mha:valdórë:1781606557:98fda8a5,high,Maia,valdore,data/evidence/whois_display/text/valdore.txt,data/evidence/whois_display/html/valdore.html,yes,yes,yes,plain+decho+html,/Users/Lewis/.config/mudlet/profiles/Multi-Users in Middle-earth/mume_whois_archive.json
char_valur,Valur,Valur,mha:valur:1781606565:a1e83982,high,Vala,valur,data/evidence/whois_display/text/valur.txt,data/evidence/whois_display/html/valur.html,yes,yes,yes,plain+decho+html,/Users/Lewis/.config/mudlet/profiles/Multi-Users in Middle-earth/mume_whois_archive.json
char_vanidor,Vanidor,Vanidor,mha:vanidor:1781606577:500b2323,high,Vala,vanidor,data/evidence/whois_display/text/vanidor.txt,data/evidence/whois_display/html/vanidor.html,yes,yes,yes,plain+decho+html,/Users/Lewis/.config/mudlet/profiles/Multi-Users in Middle-earth/mume_whois_archive.json
char_varda,Varda,Varda,mha:varda:1781606588:dae206f9,high,Maia,varda,data/evidence/whois_display/text/varda.txt,data/evidence/whois_display/html/varda.html,yes,yes,yes,plain+decho+html,/Users/Lewis/.config/mudlet/profiles/Multi-Users in Middle-earth/mume_whois_archive.json
char_veladan,Veladan,Veladan,mha:veladan:1781606596:e4ec4ad6,high,Maia,veladan,data/evidence/whois_display/text/veladan.txt,data/evidence/whois_display/html/veladan.html,yes,yes,yes,plain+decho+html,/Users/Lewis/.config/mudlet/profiles/Multi-Users in Middle-earth/mume_whois_archive.json
char_velkin,Velkin,Velkin,mha:velkin:1781606602:0d9c4790,high,Maia,velkin,data/evidence/whois_display/text/velkin.txt,data/evidence/whois_display/html/velkin.html,yes,yes,yes,plain+decho+html,/Users/Lewis/.config/mudlet/profiles/Multi-Users in Middle-earth/mume_whois_archive.json
char_vengeance,Vengeance,Vengeance,mha:vengeance:1781606608:51d0c0bc,high,Vala,vengeance,data/evidence/whois_display/text/vengeance.txt,data/evidence/whois_display/html/vengeance.html,yes,yes,yes,plain+decho+html,/Users/Lewis/.config/mudlet/profiles/Multi-Users in Middle-earth/mume_whois_archive.json
char_verona,Verona,Verona,mha:verona:1781606614:c3589a36,high,Maia,verona,data/evidence/whois_display/text/verona.txt,data/evidence/whois_display/html/verona.html,yes,yes,yes,plain+decho+html,/Users/Lewis/.config/mudlet/profiles/Multi-Users in Middle-earth/mume_whois_archive.json
char_vico,Vico,Vico,mha:vico:1781606619:12f802be,high,Maia,vico,data/evidence/whois_display/text/vico.txt,data/evidence/whois_display/html/vico.html,yes,yes,yes,plain+decho+html,/Users/Lewis/.config/mudlet/profiles/Multi-Users in Middle-earth/mume_whois_archive.json
char_vierna,Vierna,Vierna,mha:vierna:1781606625:bab6986f,high,Maia,vierna,data/evidence/whois_display/text/vierna.txt,data/evidence/whois_display/html/vierna.html,yes,yes,yes,plain+decho+html,/Users/Lewis/.config/mudlet/profiles/Multi-Users in Middle-earth/mume_whois_archive.json
char_vigo,Vigo,Vigo,mha:vigo:1781606631:3853c1a7,high,Maia,vigo,data/evidence/whois_display/text/vigo.txt,data/evidence/whois_display/html/vigo.html,yes,yes,yes,plain+decho+html,/Users/Lewis/.config/mudlet/profiles/Multi-Users in Middle-earth/mume_whois_archive.json
char_viil,Viil,Viil,mha:viil:1781606636:2f975b41,high,Maia,viil,data/evidence/whois_display/text/viil.txt,data/evidence/whois_display/html/viil.html,yes,yes,yes,plain+decho+html,/Users/Lewis/.config/mudlet/profiles/Multi-Users in Middle-earth/mume_whois_archive.json
char_violith,Violith,Violith,mha:violith:1781606642:91901a13,high,Maia,violith,data/evidence/whois_display/text/violith.txt,data/evidence/whois_display/html/violith.html,yes,yes,yes,plain+decho+html,/Users/Lewis/.config/mudlet/profiles/Multi-Users in Middle-earth/mume_whois_archive.json
char_vivriel,Vivriel,Vivriel,mha:vivriel:1781606648:6375cb36,high,"Valië, one of the Aratar",vivriel,data/evidence/whois_display/text/vivriel.txt,data/evidence/whois_display/html/vivriel.html,yes,yes,yes,plain+decho+html,/Users/Lewis/.config/mudlet/profiles/Multi-Users in Middle-earth/mume_whois_archive.json
char_voile,Voile,Voile,mha:voile:1781606653:65577786,high,Maia,voile,data/evidence/whois_display/text/voile.txt,data/evidence/whois_display/html/voile.html,yes,yes,yes,plain+decho+html,/Users/Lewis/.config/mudlet/profiles/Multi-Users in Middle-earth/mume_whois_archive.json
char_voting,Voting,Björn,mha:björn:1781577964:7dfdf533,high,Maia,voting,data/evidence/whois_display/text/voting.txt,data/evidence/whois_display/html/voting.html,yes,yes,yes,plain+decho+html,/Users/Lewis/.config/mudlet/profiles/Multi-Users in Middle-earth/mume_whois_archive.json
char_vérathos,Vérathos,Vérathos,mha:vérathos:1781606659:b37548eb,high,Maia,verathos,data/evidence/whois_display/text/verathos.txt,data/evidence/whois_display/html/verathos.html,yes,yes,yes,plain+decho+html,/Users/Lewis/.config/mudlet/profiles/Multi-Users in Middle-earth/mume_whois_archive.json
char_víggo,Víggo,Víggo,mha:víggo:1781606664:e02fc066,high,Maia,viggo,data/evidence/whois_display/text/viggo.txt,data/evidence/whois_display/html/viggo.html,yes,yes,yes,plain+decho+html,/Users/Lewis/.config/mudlet/profiles/Multi-Users in Middle-earth/mume_whois_archive.json
char_võlur,Võlur,Võlur,mha:võlur:1781606670:3a82db58,high,Maia,volur,data/evidence/whois_display/text/volur.txt,data/evidence/whois_display/html/volur.html,yes,yes,yes,plain+decho+html,/Users/Lewis/.config/mudlet/profiles/Multi-Users in Middle-earth/mume_whois_archive.json
char_vürogue,Vürogue,Vürogue,mha:vürogue:1781606676:4a6a006e,high,Maia,vurogue,data/evidence/whois_display/text/vurogue.txt,data/evidence/whois_display/html/vurogue.html,yes,yes,yes,plain+decho+html,/Users/Lewis/.config/mudlet/profiles/Multi-Users in Middle-earth/mume_whois_archive.json
char_waba,Waba,Waba,mha:waba:1781606681:cedc7e87,high,"Vala, one of the Aratar",waba,data/evidence/whois_display/text/waba.txt,data/evidence/whois_display/html/waba.html,yes,yes,yes,plain+decho+html,/Users/Lewis/.config/mudlet/profiles/Multi-Users in Middle-earth/mume_whois_archive.json
char_ward,Ward,Ward,mha:ward:1781606687:233b2b1e,high,not here is a Maia,ward,data/evidence/whois_display/text/ward.txt,data/evidence/whois_display/html/ward.html,yes,yes,yes,plain+decho+html,/Users/Lewis/.config/mudlet/profiles/Multi-Users in Middle-earth/mume_whois_archive.json
char_ween,Ween,Ween,mha:ween:1781606692:834dc4cb,high,Maia,ween,data/evidence/whois_display/text/ween.txt,data/evidence/whois_display/html/ween.html,yes,yes,yes,plain+decho+html,/Users/Lewis/.config/mudlet/profiles/Multi-Users in Middle-earth/mume_whois_archive.json
char_werligh,Werligh,Werligh,mha:werligh:1781606698:1d3368fc,high,Maia,werligh,data/evidence/whois_display/text/werligh.txt,data/evidence/whois_display/html/werligh.html,yes,yes,yes,plain+decho+html,/Users/Lewis/.config/mudlet/profiles/Multi-Users in Middle-earth/mume_whois_archive.json
char_wilderon,Wilderon,Wilderon,mha:wilderon:1781606704:63fc69a5,high,Maia,wilderon,data/evidence/whois_display/text/wilderon.txt,data/evidence/whois_display/html/wilderon.html,yes,yes,yes,plain+decho+html,/Users/Lewis/.config/mudlet/profiles/Multi-Users in Middle-earth/mume_whois_archive.json
char_windwalker,Windwalker,Windwalker,mha:windwalker:1781606709:4c7f78a1,high,Maia,windwalker,data/evidence/whois_display/text/windwalker.txt,data/evidence/whois_display/html/windwalker.html,yes,yes,yes,plain+decho+html,/Users/Lewis/.config/mudlet/profiles/Multi-Users in Middle-earth/mume_whois_archive.json
char_wiz,Wiz,Wiz,mha:wiz:1781606715:d4b015e8,high,happy MUME'r is a Maia,wiz,data/evidence/whois_display/text/wiz.txt,data/evidence/whois_display/html/wiz.html,yes,yes,yes,plain+decho+html,/Users/Lewis/.config/mudlet/profiles/Multi-Users in Middle-earth/mume_whois_archive.json
char_wormtongue,Wormtongue,Wormtongue,mha:wormtongue:1781606720:819d4292,high,Maia,wormtongue,data/evidence/whois_display/text/wormtongue.txt,data/evidence/whois_display/html/wormtongue.html,yes,yes,yes,plain+decho+html,/Users/Lewis/.config/mudlet/profiles/Multi-Users in Middle-earth/mume_whois_archive.json
char_wow,Wow,Wow,mha:wow:1781606726:a31b989e,high,Maia,wow,data/evidence/whois_display/text/wow.txt,data/evidence/whois_display/html/wow.html,yes,yes,yes,plain+decho+html,/Users/Lewis/.config/mudlet/profiles/Multi-Users in Middle-earth/mume_whois_archive.json
char_wozak,Wozak,Wozak,mha:wozak:1781606731:b63afa15,high,Maia,wozak,data/evidence/whois_display/text/wozak.txt,data/evidence/whois_display/html/wozak.html,yes,yes,yes,plain+decho+html,/Users/Lewis/.config/mudlet/profiles/Multi-Users in Middle-earth/mume_whois_archive.json
char_wryak,Wryak,Wryak,mha:wryak:1781606737:8bd9acce,high,Maia,wryak,data/evidence/whois_display/text/wryak.txt,data/evidence/whois_display/html/wryak.html,yes,yes,yes,plain+decho+html,/Users/Lewis/.config/mudlet/profiles/Multi-Users in Middle-earth/mume_whois_archive.json
char_wuji,Wuji,Wuji,mha:wuji:1781606743:a387d8d6,high,Maia,wuji,data/evidence/whois_display/text/wuji.txt,data/evidence/whois_display/html/wuji.html,yes,yes,yes,plain+decho+html,/Users/Lewis/.config/mudlet/profiles/Multi-Users in Middle-earth/mume_whois_archive.json
char_wulfgart,Wulfgart,Wulfgart,mha:wulfgart:1781606748:7b61f5ec,high,Maia,wulfgart,data/evidence/whois_display/text/wulfgart.txt,data/evidence/whois_display/html/wulfgart.html,yes,yes,yes,plain+decho+html,/Users/Lewis/.config/mudlet/profiles/Multi-Users in Middle-earth/mume_whois_archive.json
char_xargon,Xargon,Xargon,mha:xargon:1781606754:3dbe2ad8,high,Maia,xargon,data/evidence/whois_display/text/xargon.txt,data/evidence/whois_display/html/xargon.html,yes,yes,yes,plain+decho+html,/Users/Lewis/.config/mudlet/profiles/Multi-Users in Middle-earth/mume_whois_archive.json
char_xcrxx,Xcrxx,Xcrxx,mha:xcrxx:1781606760:7b8825c2,high,Maia,xcrxx,data/evidence/whois_display/text/xcrxx.txt,data/evidence/whois_display/html/xcrxx.html,yes,yes,yes,plain+decho+html,/Users/Lewis/.config/mudlet/profiles/Multi-Users in Middle-earth/mume_whois_archive.json
char_xed,Xed,Xed,mha:xed:1781606765:74efcee6,high,Vala,xed,data/evidence/whois_display/text/xed.txt,data/evidence/whois_display/html/xed.html,yes,yes,yes,plain+decho+html,/Users/Lewis/.config/mudlet/profiles/Multi-Users in Middle-earth/mume_whois_archive.json
char_xellia,Xellia,Xellia,mha:xellia:1781606771:bae91b29,high,Maia,xellia,data/evidence/whois_display/text/xellia.txt,data/evidence/whois_display/html/xellia.html,yes,yes,yes,plain+decho+html,/Users/Lewis/.config/mudlet/profiles/Multi-Users in Middle-earth/mume_whois_archive.json
char_xero,Xero,Xero,mha:xero:1781606777:fb13963d,high,Maia,xero,data/evidence/whois_display/text/xero.txt,data/evidence/whois_display/html/xero.html,yes,yes,yes,plain+decho+html,/Users/Lewis/.config/mudlet/profiles/Multi-Users in Middle-earth/mume_whois_archive.json
char_xit,Xit,Xit,mha:xit:1781606782:00b255d5,high,Xit is a Maia,xit,data/evidence/whois_display/text/xit.txt,data/evidence/whois_display/html/xit.html,yes,yes,yes,plain+decho+html,/Users/Lewis/.config/mudlet/profiles/Multi-Users in Middle-earth/mume_whois_archive.json
char_yager,Yager,Yager,mha:yager:1781606788:3eef0ab1,high,Maia,yager,data/evidence/whois_display/text/yager.txt,data/evidence/whois_display/html/yager.html,yes,yes,yes,plain+decho+html,/Users/Lewis/.config/mudlet/profiles/Multi-Users in Middle-earth/mume_whois_archive.json
char_yants,Yants,Yants,mha:yants:1781606793:7d34e9d0,high,gone - never to be seen again is a Vala,yants,data/evidence/whois_display/text/yants.txt,data/evidence/whois_display/html/yants.html,yes,yes,yes,plain+decho+html,/Users/Lewis/.config/mudlet/profiles/Multi-Users in Middle-earth/mume_whois_archive.json
char_yarin,Yarin,Yarin,mha:yarin:1781606799:9788757b,high,Maia,yarin,data/evidence/whois_display/text/yarin.txt,data/evidence/whois_display/html/yarin.html,yes,yes,yes,plain+decho+html,/Users/Lewis/.config/mudlet/profiles/Multi-Users in Middle-earth/mume_whois_archive.json
char_ydy,Ydy,Ydy,mha:ydy:1781606810:009cb06d,high,Maia,ydy,data/evidence/whois_display/text/ydy.txt,data/evidence/whois_display/html/ydy.html,yes,yes,yes,plain+decho+html,/Users/Lewis/.config/mudlet/profiles/Multi-Users in Middle-earth/mume_whois_archive.json
char_yeoma,Yeoma,Yeoma,mha:yeoma:1781606816:1fca4aea,high,Vala,yeoma,data/evidence/whois_display/text/yeoma.txt,data/evidence/whois_display/html/yeoma.html,yes,yes,yes,plain+decho+html,/Users/Lewis/.config/mudlet/profiles/Multi-Users in Middle-earth/mume_whois_archive.json
char_yim,Yim,Yim,mha:yim:1781606821:642b9afb,high,Maia,yim,data/evidence/whois_display/text/yim.txt,data/evidence/whois_display/html/yim.html,yes,yes,yes,plain+decho+html,/Users/Lewis/.config/mudlet/profiles/Multi-Users in Middle-earth/mume_whois_archive.json
char_yki,Yki,Yki,mha:yki:1781606827:748b2936,high,Maia,yki,data/evidence/whois_display/text/yki.txt,data/evidence/whois_display/html/yki.html,yes,yes,yes,plain+decho+html,/Users/Lewis/.config/mudlet/profiles/Multi-Users in Middle-earth/mume_whois_archive.json
char_yks,Yks,Yks,mha:yks:1781606833:7427e70c,high,Maia,yks,data/evidence/whois_display/text/yks.txt,data/evidence/whois_display/html/yks.html,yes,yes,yes,plain+decho+html,/Users/Lewis/.config/mudlet/profiles/Multi-Users in Middle-earth/mume_whois_archive.json
char_ynket,Ynket,Ynket,mha:ynket:1781606838:e0893e5d,high,Maia,ynket,data/evidence/whois_display/text/ynket.txt,data/evidence/whois_display/html/ynket.html,yes,yes,yes,plain+decho+html,/Users/Lewis/.config/mudlet/profiles/Multi-Users in Middle-earth/mume_whois_archive.json
char_yoda,Yoda,Yoda,mha:yoda:1781606844:1d29a5c6,high,Maia,yoda,data/evidence/whois_display/text/yoda.txt,data/evidence/whois_display/html/yoda.html,yes,yes,yes,plain+decho+html,/Users/Lewis/.config/mudlet/profiles/Multi-Users in Middle-earth/mume_whois_archive.json
char_yorick,Yorick,Yorick,mha:yorick:1781606850:7c219610,high,Vala,yorick,data/evidence/whois_display/text/yorick.txt,data/evidence/whois_display/html/yorick.html,yes,yes,yes,plain+decho+html,/Users/Lewis/.config/mudlet/profiles/Multi-Users in Middle-earth/mume_whois_archive.json
char_ytinas,Ytinas,Ytinas,mha:ytinas:1781606855:cba211f9,high,Maia,ytinas,data/evidence/whois_display/text/ytinas.txt,data/evidence/whois_display/html/ytinas.html,yes,yes,yes,plain+decho+html,/Users/Lewis/.config/mudlet/profiles/Multi-Users in Middle-earth/mume_whois_archive.json
char_yudh,Yudh,Yudh,mha:yudh:1781606861:776f5a64,high,Maia,yudh,data/evidence/whois_display/text/yudh.txt,data/evidence/whois_display/html/yudh.html,yes,yes,yes,plain+decho+html,/Users/Lewis/.config/mudlet/profiles/Multi-Users in Middle-earth/mume_whois_archive.json
char_yukie,Yukie,Yukie,mha:yukie:1781606866:bbf56c96,high,Maia,yukie,data/evidence/whois_display/text/yukie.txt,data/evidence/whois_display/html/yukie.html,yes,yes,yes,plain+decho+html,/Users/Lewis/.config/mudlet/profiles/Multi-Users in Middle-earth/mume_whois_archive.json
char_zachariah,Zachariah,Zachariah,mha:zachariah:1781606872:582015b7,high,Maia,zachariah,data/evidence/whois_display/text/zachariah.txt,data/evidence/whois_display/html/zachariah.html,yes,yes,yes,plain+decho+html,/Users/Lewis/.config/mudlet/profiles/Multi-Users in Middle-earth/mume_whois_archive.json
char_zakath,Zakath,Zakath,mha:zakath:1781606877:7ca90a75,high,"Vala, one of the Aratar",zakath,data/evidence/whois_display/text/zakath.txt,data/evidence/whois_display/html/zakath.html,yes,yes,yes,plain+decho+html,/Users/Lewis/.config/mudlet/profiles/Multi-Users in Middle-earth/mume_whois_archive.json
char_zarangal,Zarangal,Zarangal,mha:zarangal:1781606883:f374d1b5,high,"Vala, one of the Aratar",zarangal,data/evidence/whois_display/text/zarangal.txt,data/evidence/whois_display/html/zarangal.html,yes,yes,yes,plain+decho+html,/Users/Lewis/.config/mudlet/profiles/Multi-Users in Middle-earth/mume_whois_archive.json
char_zarhuk,Zarhuk,Zarhuk,mha:zarhuk:1781606889:285710ab,high,Maia,zarhuk,data/evidence/whois_display/text/zarhuk.txt,data/evidence/whois_display/html/zarhuk.html,yes,yes,yes,plain+decho+html,/Users/Lewis/.config/mudlet/profiles/Multi-Users in Middle-earth/mume_whois_archive.json
char_zathras,Zathras,Zathras,mha:zathras:1781606894:63604bcc,high,Maia,zathras,data/evidence/whois_display/text/zathras.txt,data/evidence/whois_display/html/zathras.html,yes,yes,yes,plain+decho+html,/Users/Lewis/.config/mudlet/profiles/Multi-Users in Middle-earth/mume_whois_archive.json
char_zemael,Zemael,Zemael,mha:zemael:1781606900:f6274f7f,high,Maia,zemael,data/evidence/whois_display/text/zemael.txt,data/evidence/whois_display/html/zemael.html,yes,yes,yes,plain+decho+html,/Users/Lewis/.config/mudlet/profiles/Multi-Users in Middle-earth/mume_whois_archive.json
char_zen,Zen,Zen,mha:zen:1781606905:9b55b82c,high,still. is a Maia,zen,data/evidence/whois_display/text/zen.txt,data/evidence/whois_display/html/zen.html,yes,yes,yes,plain+decho+html,/Users/Lewis/.config/mudlet/profiles/Multi-Users in Middle-earth/mume_whois_archive.json
char_zenon,Zenon,Zenon,mha:zenon:1781606911:c1047566,high,Maia,zenon,data/evidence/whois_display/text/zenon.txt,data/evidence/whois_display/html/zenon.html,yes,yes,yes,plain+decho+html,/Users/Lewis/.config/mudlet/profiles/Multi-Users in Middle-earth/mume_whois_archive.json
char_zerototh,Zerototh,Zerototh,mha:zerototh:1781606916:c0a81327,high,Maia,zerototh,data/evidence/whois_display/text/zerototh.txt,data/evidence/whois_display/html/zerototh.html,yes,yes,yes,plain+decho+html,/Users/Lewis/.config/mudlet/profiles/Multi-Users in Middle-earth/mume_whois_archive.json
char_zeus,Zeus,Zeus,mha:zeus:1781606931:a8ab2373,high,Maia,zeus,data/evidence/whois_display/text/zeus.txt,data/evidence/whois_display/html/zeus.html,yes,yes,yes,plain+decho+html,/Users/Lewis/.config/mudlet/profiles/Multi-Users in Middle-earth/mume_whois_archive.json
char_zhot,Zhot,Zhot,mha:zhot:1781606937:06f23dc3,high,Maia,zhot,data/evidence/whois_display/text/zhot.txt,data/evidence/whois_display/html/zhot.html,yes,yes,yes,plain+decho+html,/Users/Lewis/.config/mudlet/profiles/Multi-Users in Middle-earth/mume_whois_archive.json
char_zimri,Zimri,Zimri,mha:zimri:1781606950:0a62f498,high,Maia,zimri,data/evidence/whois_display/text/zimri.txt,data/evidence/whois_display/html/zimri.html,yes,yes,yes,plain+decho+html,/Users/Lewis/.config/mudlet/profiles/Multi-Users in Middle-earth/mume_whois_archive.json
char_zing,Zing,Zing,mha:zing:1781606957:12b7c8d5,high,Maia,zing,data/evidence/whois_display/text/zing.txt,data/evidence/whois_display/html/zing.html,yes,yes,yes,plain+decho+html,/Users/Lewis/.config/mudlet/profiles/Multi-Users in Middle-earth/mume_whois_archive.json
char_zlam,Zlam,Zlam,mha:zlam:1781606964:fe8757b9,high,Maia,zlam,data/evidence/whois_display/text/zlam.txt,data/evidence/whois_display/html/zlam.html,yes,yes,yes,plain+decho+html,/Users/Lewis/.config/mudlet/profiles/Multi-Users in Middle-earth/mume_whois_archive.json
char_zlinduq,Zlinduq,Zlinduq,mha:zlinduq:1781606971:b0191a8d,high,now separated iRL is a Maia,zlinduq,data/evidence/whois_display/text/zlinduq.txt,data/evidence/whois_display/html/zlinduq.html,yes,yes,yes,plain+decho+html,/Users/Lewis/.config/mudlet/profiles/Multi-Users in Middle-earth/mume_whois_archive.json
char_zolt,Zolt,Zolt,mha:zolt:1781606977:02525fbc,high,Maia,zolt,data/evidence/whois_display/text/zolt.txt,data/evidence/whois_display/html/zolt.html,yes,yes,yes,plain+decho+html,/Users/Lewis/.config/mudlet/profiles/Multi-Users in Middle-earth/mume_whois_archive.json
char_zun,Zun,Zun,mha:zun:1781606984:46c78f4f,high,Maia,zun,data/evidence/whois_display/text/zun.txt,data/evidence/whois_display/html/zun.html,yes,yes,yes,plain+decho+html,/Users/Lewis/.config/mudlet/profiles/Multi-Users in Middle-earth/mume_whois_archive.json
char_éldrôk,Éldrôk,Éldrôk,mha:Éldrôk:1781606990:98724151,high,Mapping is a Maia,eldrok,data/evidence/whois_display/text/eldrok.txt,data/evidence/whois_display/html/eldrok.html,yes,yes,yes,plain+decho+html,/Users/Lewis/.config/mudlet/profiles/Multi-Users in Middle-earth/mume_whois_archive.json
char_óin,Óin,Óin,mha:Óin:1781606996:7fc642e7,high,Vala,oin,data/evidence/whois_display/text/oin.txt,data/evidence/whois_display/html/oin.html,yes,yes,yes,plain+decho+html,/Users/Lewis/.config/mudlet/profiles/Multi-Users in Middle-earth/mume_whois_archive.json
char_ólin,Ólin,Ólin,mha:Ólin:1781607001:e3020166,high,Maia,olin,data/evidence/whois_display/text/olin.txt,data/evidence/whois_display/html/olin.html,yes,yes,yes,plain+decho+html,/Users/Lewis/.config/mudlet/profiles/Multi-Users in Middle-earth/mume_whois_archive.json
char_öseler,Öseler,Öseler,mha:Öseler:1781607007:108dc4c7,high,Maia,oseler,data/evidence/whois_display/text/oseler.txt,data/evidence/whois_display/html/oseler.html,yes,yes,yes,plain+decho+html,/Users/Lewis/.config/mudlet/profiles/Multi-Users in Middle-earth/mume_whois_archive.json
